  0
SECTION
  2
HEADER
  9
$ACADVER
  1
AC1032
  9
$ACADMAINTVER
 90
4
  9
$DWGCODEPAGE
  3
ANSI_936
  9
$LASTSAVEDBY
  1
23900
  9
$REQUIREDVERSIONS
160
0
  9
$INSBASE
 10
0.0
 20
0.0
 30
0.0
  9
$EXTMIN
 10
-8.475631699951052
 20
0.0
 30
0.0
  9
$EXTMAX
 10
297.0
 20
210.0
 30
0.0
  9
$LIMMIN
 10
0.0
 20
0.0
  9
$LIMMAX
 10
297.0
 20
210.0
  9
$ORTHOMODE
 70
0
  9
$REGENMODE
 70
1
  9
$FILLMODE
 70
1
  9
$QTEXTMODE
 70
0
  9
$MIRRTEXT
 70
1
  9
$LTSCALE
 40
1.0
  9
$ATTMODE
 70
1
  9
$TEXTSIZE
 40
3.5
  9
$TRACEWID
 40
1.0
  9
$TEXTSTYLE
  7
STANDARD
  9
$CLAYER
  8
0
  9
$CELTYPE
  6
ByLayer
  9
$CECOLOR
 62
256
  9
$CELTSCALE
 40
1.0
  9
$DISPSILH
 70
0
  9
$DIMSCALE
 40
1.0
  9
$DIMASZ
 40
4.08
  9
$DIMEXO
 40
0.0
  9
$DIMDLI
 40
3.75
  9
$DIMRND
 40
0.0
  9
$DIMDLE
 40
0.0
  9
$DIMEXE
 40
2.0
  9
$DIMTP
 40
0.0
  9
$DIMTM
 40
0.0
  9
$DIMTXT
 40
3.5
  9
$DIMCEN
 40
2.5
  9
$DIMTSZ
 40
0.0
  9
$DIMTOL
 70
0
  9
$DIMLIM
 70
0
  9
$DIMTIH
 70
1
  9
$DIMTOH
 70
1
  9
$DIMSE1
 70
0
  9
$DIMSE2
 70
0
  9
$DIMTAD
 70
1
  9
$DIMZIN
 70
0
  9
$DIMBLK
  1

  9
$DIMASO
 70
1
  9
$DIMSHO
 70
1
  9
$DIMPOST
  1

  9
$DIMAPOST
  1

  9
$DIMALT
 70
0
  9
$DIMALTD
 70
3
  9
$DIMALTF
 40
0.0393700787401575
  9
$DIMLFAC
 40
1.0
  9
$DIMTOFL
 70
1
  9
$DIMTVP
 40
0.0
  9
$DIMTIX
 70
0
  9
$DIMSOXD
 70
0
  9
$DIMSAH
 70
0
  9
$DIMBLK1
  1

  9
$DIMBLK2
  1

  9
$DIMSTYLE
  2
ISO-25
  9
$DIMCLRD
 70
0
  9
$DIMCLRE
 70
0
  9
$DIMCLRT
 70
0
  9
$DIMTFAC
 40
1.0
  9
$DIMGAP
 40
1.524
  9
$DIMJUST
 70
0
  9
$DIMSD1
 70
0
  9
$DIMSD2
 70
0
  9
$DIMTOLJ
 70
0
  9
$DIMTZIN
 70
0
  9
$DIMALTZ
 70
0
  9
$DIMALTTZ
 70
0
  9
$DIMUPT
 70
0
  9
$DIMDEC
 70
0
  9
$DIMTDEC
 70
0
  9
$DIMALTU
 70
2
  9
$DIMALTTD
 70
3
  9
$DIMTXSTY
  7
STANDARD
  9
$DIMAUNIT
 70
0
  9
$DIMADEC
 70
2
  9
$DIMALTRND
 40
0.0
  9
$DIMAZIN
 70
0
  9
$DIMDSEP
 70
44
  9
$DIMATFIT
 70
3
  9
$DIMFRAC
 70
0
  9
$DIMLDRBLK
  1

  9
$DIMLUNIT
 70
2
  9
$DIMLWD
 70
-2
  9
$DIMLWE
 70
-2
  9
$DIMTMOVE
 70
0
  9
$DIMFXL
 40
1.0
  9
$DIMFXLON
 70
0
  9
$DIMJOGANG
 40
0.7853981633974483
  9
$DIMTFILL
 70
0
  9
$DIMTFILLCLR
 70
0
  9
$DIMARCSYM
 70
0
  9
$DIMLTYPE
  6

  9
$DIMLTEX1
  6

  9
$DIMLTEX2
  6

  9
$DIMTXTDIRECTION
 70
0
  9
$LUNITS
 70
2
  9
$LUPREC
 70
2
  9
$SKETCHINC
 40
1.0
  9
$FILLETRAD
 40
0.0
  9
$AUNITS
 70
0
  9
$AUPREC
 70
2
  9
$MENU
  1
.
  9
$ELEVATION
 40
0.0
  9
$PELEVATION
 40
0.0
  9
$THICKNESS
 40
0.0
  9
$LIMCHECK
 70
0
  9
$CHAMFERA
 40
0.0
  9
$CHAMFERB
 40
0.0
  9
$CHAMFERC
 40
0.0
  9
$CHAMFERD
 40
0.0
  9
$SKPOLY
 70
0
  9
$TDCREATE
 40
2461263.5911805555
  9
$TDUCREATE
 40
2461147.096435336
  9
$TDUPDATE
 40
2461263.5912037035
  9
$TDUUPDATE
 40
2461154.138657407
  9
$TDINDWG
 40
0.0897222338
  9
$TDUSRTIMER
 40
0.0897222338
  9
$USRTIMER
 70
1
  9
$ANGBASE
 50
0.0
  9
$ANGDIR
 70
0
  9
$PDMODE
 70
0
  9
$PDSIZE
 40
-1.0
  9
$PLINEWID
 40
0.0
  9
$SPLFRAME
 70
0
  9
$SPLINETYPE
 70
6
  9
$SPLINESEGS
 70
8
  9
$HANDSEED
  5
8C1
  9
$SURFTAB1
 70
6
  9
$SURFTAB2
 70
6
  9
$SURFTYPE
 70
6
  9
$SURFU
 70
6
  9
$SURFV
 70
6
  9
$UCSBASE
  2

  9
$UCSNAME
  2

  9
$UCSORG
 10
0.0
 20
0.0
 30
0.0
  9
$UCSXDIR
 10
1.0
 20
0.0
 30
0.0
  9
$UCSYDIR
 10
0.0
 20
1.0
 30
0.0
  9
$UCSORTHOREF
  2

  9
$UCSORTHOVIEW
 70
0
  9
$UCSORGTOP
 10
0.0
 20
0.0
 30
0.0
  9
$UCSORGBOTTOM
 10
0.0
 20
0.0
 30
0.0
  9
$UCSORGLEFT
 10
0.0
 20
0.0
 30
0.0
  9
$UCSORGRIGHT
 10
0.0
 20
0.0
 30
0.0
  9
$UCSORGFRONT
 10
0.0
 20
0.0
 30
0.0
  9
$UCSORGBACK
 10
0.0
 20
0.0
 30
0.0
  9
$PUCSBASE
  2

  9
$PUCSNAME
  2

  9
$PUCSORG
 10
0.0
 20
0.0
 30
0.0
  9
$PUCSXDIR
 10
1.0
 20
0.0
 30
0.0
  9
$PUCSYDIR
 10
0.0
 20
1.0
 30
0.0
  9
$PUCSORTHOREF
  2

  9
$PUCSORTHOVIEW
 70
0
  9
$PUCSORGTOP
 10
0.0
 20
0.0
 30
0.0
  9
$PUCSORGBOTTOM
 10
0.0
 20
0.0
 30
0.0
  9
$PUCSORGLEFT
 10
0.0
 20
0.0
 30
0.0
  9
$PUCSORGRIGHT
 10
0.0
 20
0.0
 30
0.0
  9
$PUCSORGFRONT
 10
0.0
 20
0.0
 30
0.0
  9
$PUCSORGBACK
 10
0.0
 20
0.0
 30
0.0
  9
$USERI1
 70
0
  9
$USERI2
 70
0
  9
$USERI3
 70
0
  9
$USERI4
 70
0
  9
$USERI5
 70
0
  9
$USERR1
 40
0.0
  9
$USERR2
 40
0.0
  9
$USERR3
 40
0.0
  9
$USERR4
 40
0.0
  9
$USERR5
 40
0.0
  9
$WORLDVIEW
 70
1
  9
$SHADEDGE
 70
3
  9
$SHADEDIF
 70
70
  9
$TILEMODE
 70
1
  9
$MAXACTVP
 70
64
  9
$PINSBASE
 10
0.0
 20
0.0
 30
0.0
  9
$PLIMCHECK
 70
0
  9
$PEXTMIN
 10
1e+20
 20
1e+20
 30
1e+20
  9
$PEXTMAX
 10
-1e+20
 20
-1e+20
 30
-1e+20
  9
$PLIMMIN
 10
0.0
 20
0.0
  9
$PLIMMAX
 10
420.0
 20
297.0
  9
$UNITMODE
 70
0
  9
$VISRETAIN
 70
1
  9
$PLINEGEN
 70
0
  9
$PSLTSCALE
 70
1
  9
$TREEDEPTH
 70
3020
  9
$CMLSTYLE
  2
Standard
  9
$CMLJUST
 70
0
  9
$CMLSCALE
 40
20.0
  9
$PROXYGRAPHICS
 70
1
  9
$MEASUREMENT
 70
1
  9
$CELWEIGHT
370
-1
  9
$ENDCAPS
280
0
  9
$JOINSTYLE
280
0
  9
$LWDISPLAY
290
1
  9
$INSUNITS
 70
4
  9
$HYPERLINKBASE
  1

  9
$STYLESHEET
  1

  9
$XEDIT
290
1
  9
$CEPSNTYPE
380
0
  9
$PSTYLEMODE
290
1
  9
$FINGERPRINTGUID
  2
{1a0b51a2-bfb5-40a0-b4fb-13c4cf613ff6}
  9
$VERSIONGUID
  2
{33245F9A-59CA-46BA-B324-DBA56737B581}
  9
$EXTNAMES
290
1
  9
$PSVPSCALE
 40
0.0
  9
$OLESTARTUP
290
0
  9
$SORTENTS
280
127
  9
$INDEXCTL
280
0
  9
$HIDETEXT
280
0
  9
$XCLIPFRAME
280
2
  9
$HALOGAP
280
0
  9
$OBSCOLOR
 70
257
  9
$OBSLTYPE
280
0
  9
$INTERSECTIONDISPLAY
280
0
  9
$INTERSECTIONCOLOR
 70
257
  9
$DIMASSOC
280
1
  9
$PROJECTNAME
  1

  9
$CAMERADISPLAY
290
0
  9
$LENSLENGTH
 40
50.0
  9
$CAMERAHEIGHT
 40
0.0
  9
$STEPSPERSEC
 40
2.0
  9
$STEPSIZE
 40
6.0
  9
$3DDWFPREC
 40
2.0
  9
$PSOLWIDTH
 40
0.25
  9
$PSOLHEIGHT
 40
4.0
  9
$LOFTANG1
 40
1.570796326794896
  9
$LOFTANG2
 40
1.570796326794896
  9
$LOFTMAG1
 40
0.0
  9
$LOFTMAG2
 40
0.0
  9
$LOFTPARAM
 70
7
  9
$LOFTNORMALS
280
1
  9
$LATITUDE
 40
37.795
  9
$LONGITUDE
 40
-122.394
  9
$NORTHDIRECTION
 40
0.0
  9
$TIMEZONE
 70
-8000
  9
$LIGHTGLYPHDISPLAY
280
1
  9
$TILEMODELIGHTSYNCH
280
1
  9
$CMATERIAL
347
62C
  9
$SOLIDHIST
280
0
  9
$SHOWHIST
280
1
  9
$DWFFRAME
280
2
  9
$DGNFRAME
280
0
  9
$REALWORLDSCALE
290
1
  9
$INTERFERECOLOR
 62
1
  9
$INTERFEREOBJVS
345
64E
  9
$INTERFEREVPVS
346
64B
  9
$CSHADOW
280
0
  9
$SHADOWPLANELOCATION
 40
0.0
  0
ENDSEC
  0
SECTION
  2
CLASSES
  0
CLASS
  1
ACDBDICTIONARYWDFLT
  2
AcDbDictionaryWithDefault
  3
ObjectDBX Classes
 90
0
 91
1
280
0
281
0
  0
CLASS
  1
VISUALSTYLE
  2
AcDbVisualStyle
  3
ObjectDBX Classes
 90
4095
 91
24
280
0
281
0
  0
CLASS
  1
MATERIAL
  2
AcDbMaterial
  3
ObjectDBX Classes
 90
1153
 91
3
280
0
281
0
  0
CLASS
  1
SCALE
  2
AcDbScale
  3
ObjectDBX Classes
 90
1153
 91
17
280
0
281
0
  0
CLASS
  1
TABLESTYLE
  2
AcDbTableStyle
  3
ObjectDBX Classes
 90
4095
 91
1
280
0
281
0
  0
CLASS
  1
MLEADERSTYLE
  2
AcDbMLeaderStyle
  3
ACDB_MLEADERSTYLE_CLASS
 90
4095
 91
1
280
0
281
0
  0
CLASS
  1
SUN
  2
AcDbSun
  3
SCENEOE
 90
1153
 91
0
280
0
281
0
  0
CLASS
  1
ACDBSECTIONVIEWSTYLE
  2
AcDbSectionViewStyle
  3
ObjectDBX Classes
 90
1025
 91
1
280
0
281
0
  0
CLASS
  1
ACDBDETAILVIEWSTYLE
  2
AcDbDetailViewStyle
  3
ObjectDBX Classes
 90
1025
 91
1
280
0
281
0
  0
CLASS
  1
DICTIONARYVAR
  2
AcDbDictionaryVar
  3
ObjectDBX Classes
 90
0
 91
9
280
0
281
0
  0
CLASS
  1
MULTILEADER
  2
AcDbMLeader
  3
ACDB_MLEADER_CLASS
 90
1025
 91
1
280
0
281
1
  0
CLASS
  1
CELLSTYLEMAP
  2
AcDbCellStyleMap
  3
ObjectDBX Classes
 90
1152
 91
1
280
0
281
0
  0
CLASS
  1
MENTALRAYRENDERSETTINGS
  2
AcDbMentalRayRenderSettings
  3
SCENEOE
 90
1024
 91
0
280
0
281
0
  0
CLASS
  1
RASTERVARIABLES
  2
AcDbRasterVariables
  3
ISM
 90
0
 91
0
280
0
281
0
  0
CLASS
  1
LAYOUT
  2
AcDbLayout
  3
ObjectDBX Classes
 90
0
 91
0
280
0
281
0
  0
CLASS
  1
ACDBPLACEHOLDER
  2
AcDbPlaceHolder
  3
ObjectDBX Classes
 90
0
 91
0
280
0
281
0
  0
ENDSEC
  0
SECTION
  2
TABLES
  0
TABLE
  2
VPORT
  5
8
330
0
100
AcDbSymbolTable
 70
1
  0
VPORT
  5
29
330
8
100
AcDbSymbolTableRecord
100
AcDbViewportTableRecord
  2
*Active
 70
0
 10
0.0
 20
0.0
 11
1.0
 21
1.0
 12
158.7137221716405
 22
142.9450001845061
 13
0.0
 23
0.0
 14
10.0
 24
10.0
 15
10.0
 25
10.0
 16
0.0
 26
0.0
 36
1.0
 17
0.0
 27
0.0
 37
0.0
 40
168.7632010675477
 41
1.765478424015009
 42
50.0
 43
0.0
 44
0.0
 50
0.0
 51
0.0
 71
0
 72
2000
 73
1
 74
3
 75
0
 76
0
 77
0
 78
0
281
0
 65
1
110
0.0
120
0.0
130
0.0
111
1.0
121
0.0
131
0.0
112
0.0
122
1.0
132
0.0
 79
0
146
0.0
 60
3
 61
5
348
64A
292
1
282
1
141
0.0
142
0.0
 63
250
421
3355443
1001
ACAD_NAV_VCDISPLAY
1070
3
  0
ENDTAB
  0
TABLE
  2
LTYPE
  5
5
330
0
100
AcDbSymbolTable
 70
8
  0
LTYPE
  5
14
330
5
100
AcDbSymbolTableRecord
100
AcDbLinetypeTableRecord
  2
ByBlock
 70
0
  3

 72
65
 73
0
 40
0.0
  0
LTYPE
  5
15
330
5
100
AcDbSymbolTableRecord
100
AcDbLinetypeTableRecord
  2
ByLayer
 70
0
  3

 72
65
 73
0
 40
0.0
  0
LTYPE
  5
16
330
5
100
AcDbSymbolTableRecord
100
AcDbLinetypeTableRecord
  2
Continuous
 70
0
  3
Solid line
 72
65
 73
0
 40
0.0
  0
LTYPE
  5
5E
330
5
100
AcDbSymbolTableRecord
100
AcDbLinetypeTableRecord
  2
HIDDEN
 70
0
  3
Hidden __ __ __ __ __ __ __ __ __ __ __ __ __ __
 72
65
 73
2
 40
1.905
 49
1.27
 74
0
 49
-0.635
 74
0
  0
LTYPE
  5
5F
330
5
100
AcDbSymbolTableRecord
100
AcDbLinetypeTableRecord
  2
PHANTOM
 70
0
  3
Phantom ______  __  __  ______  __  __  ______
 72
65
 73
6
 40
12.7
 49
6.349999999999999
 74
0
 49
-1.27
 74
0
 49
1.27
 74
0
 49
-1.27
 74
0
 49
1.27
 74
0
 49
-1.27
 74
0
  0
LTYPE
  5
60
330
5
100
AcDbSymbolTableRecord
100
AcDbLinetypeTableRecord
  2
CENTER
 70
0
  3
Center ____ _ ____ _ ____ _ ____ _ ____ _ ____
 72
65
 73
4
 40
10.16
 49
6.349999999999999
 74
0
 49
-1.27
 74
0
 49
1.27
 74
0
 49
-1.27
 74
0
  0
LTYPE
  5
61
330
5
100
AcDbSymbolTableRecord
100
AcDbLinetypeTableRecord
  2
CENTERX2
 70
0
  3
Center (2x) ________  __  ________  __  _____
 72
65
 73
4
 40
20.32
 49
12.7
 74
0
 49
-2.54
 74
0
 49
2.54
 74
0
 49
-2.54
 74
0
  0
LTYPE
  5
62
330
5
100
AcDbSymbolTableRecord
100
AcDbLinetypeTableRecord
  2
DOT2
 70
0
  3
Dot (.5x) ........................................
 72
65
 73
2
 40
0.635
 49
0.0
 74
0
 49
-0.635
 74
0
  0
ENDTAB
  0
TABLE
  2
LAYER
  5
2
102
{ACAD_XDICTIONARY
360
734
102
}
330
0
100
AcDbSymbolTable
 70
15
  0
LAYER
  5
10
102
{ACAD_XDICTIONARY
360
715
102
}
330
2
100
AcDbSymbolTableRecord
100
AcDbLayerTableRecord
  2
0
 70
0
 62
7
  6
Continuous
370
-3
390
F
347
63C
348
0
  0
LAYER
  5
63
102
{ACAD_XDICTIONARY
360
717
102
}
330
2
100
AcDbSymbolTableRecord
100
AcDbLayerTableRecord
  2
粗实线层
 70
0
 62
7
  6
Continuous
370
25
390
F
347
63C
348
0
  0
LAYER
  5
64
102
{ACAD_XDICTIONARY
360
719
102
}
330
2
100
AcDbSymbolTableRecord
100
AcDbLayerTableRecord
  2
细实线层
 70
0
 62
7
  6
Continuous
370
-3
390
F
347
63C
348
0
  0
LAYER
  5
65
102
{ACAD_XDICTIONARY
360
71B
102
}
330
2
100
AcDbSymbolTableRecord
100
AcDbLayerTableRecord
  2
中心线层
 70
0
 62
7
  6
CENTERX2
370
-3
390
F
347
63C
348
0
  0
LAYER
  5
66
102
{ACAD_XDICTIONARY
360
71D
102
}
330
2
100
AcDbSymbolTableRecord
100
AcDbLayerTableRecord
  2
虚线层
 70
0
 62
7
  6
HIDDEN
370
-3
390
F
347
63C
348
0
  0
LAYER
  5
67
102
{ACAD_XDICTIONARY
360
71F
102
}
330
2
100
AcDbSymbolTableRecord
100
AcDbLayerTableRecord
  2
双点划线层
 70
0
 62
7
  6
PHANTOM
370
-3
390
F
347
63C
348
0
  0
LAYER
  5
68
102
{ACAD_XDICTIONARY
360
721
102
}
330
2
100
AcDbSymbolTableRecord
100
AcDbLayerTableRecord
  2
点划线层
 70
0
 62
7
  6
CENTER
370
-3
390
F
347
63C
348
0
  0
LAYER
  5
69
102
{ACAD_XDICTIONARY
360
723
102
}
330
2
100
AcDbSymbolTableRecord
100
AcDbLayerTableRecord
  2
图框
 70
0
 62
7
  6
Continuous
370
-3
390
F
347
63C
348
0
  0
LAYER
  5
6A
102
{ACAD_XDICTIONARY
360
725
102
}
330
2
100
AcDbSymbolTableRecord
100
AcDbLayerTableRecord
  2
轮廓实线层
 70
0
 62
7
  6
Continuous
370
50
390
F
347
63C
348
0
  0
LAYER
  5
6B
102
{ACAD_XDICTIONARY
360
727
102
}
330
2
100
AcDbSymbolTableRecord
100
AcDbLayerTableRecord
  2
细线层
 70
0
 62
4
  6
Continuous
370
25
390
F
347
63C
348
0
  0
LAYER
  5
6C
102
{ACAD_XDICTIONARY
360
729
102
}
330
2
100
AcDbSymbolTableRecord
100
AcDbLayerTableRecord
  2
剖面线层
 70
0
 62
2
  6
Continuous
370
25
390
F
347
63C
348
0
  0
LAYER
  5
6D
102
{ACAD_XDICTIONARY
360
72B
102
}
330
2
100
AcDbSymbolTableRecord
100
AcDbLayerTableRecord
  2
文字层
 70
0
 62
3
  6
Continuous
370
25
390
F
347
63C
348
0
  0
LAYER
  5
6E
102
{ACAD_XDICTIONARY
360
72D
102
}
330
2
100
AcDbSymbolTableRecord
100
AcDbLayerTableRecord
  2
标注层
 70
0
 62
4
  6
Continuous
370
25
390
F
347
63C
348
0
  0
LAYER
  5
6F
102
{ACAD_XDICTIONARY
360
72F
102
}
330
2
100
AcDbSymbolTableRecord
100
AcDbLayerTableRecord
  2
符号标注层
 70
0
 62
31
  6
Continuous
370
25
390
F
347
63C
348
0
  0
LAYER
  5
67B
330
2
100
AcDbSymbolTableRecord
100
AcDbLayerTableRecord
  2
Defpoints
 70
0
 62
7
  6
Continuous
290
0
370
-3
390
F
347
63C
348
0
  0
ENDTAB
  0
TABLE
  2
STYLE
  5
3
330
0
100
AcDbSymbolTable
 70
4
  0
STYLE
  5
11
330
3
100
AcDbSymbolTableRecord
100
AcDbTextStyleTableRecord
  2
STANDARD
 70
0
 40
0.0
 41
1.0
 50
0.0
 71
0
 42
3.5
  3
hyswlongfangsong.ttf
  4

1001
ACAD
1000
汉仪长仿宋体
1071
34306
  0
STYLE
  5
B3
330
3
100
AcDbSymbolTableRecord
100
AcDbTextStyleTableRecord
  2
SLDTEXTSTYLE0
 70
0
 40
0.0
 41
1.0
 50
0.0
 71
0
 42
3.5
  3
txt.shx
  4
bigfont
1001
ACAD
1000
长仿宋体
1071
256
  0
STYLE
  5
B5
330
3
100
AcDbSymbolTableRecord
100
AcDbTextStyleTableRecord
  2
SLDTEXTSTYLE1
 70
0
 40
0.0
 41
1.0
 50
0.0
 71
0
 42
3.5
  3
hyswlongfangsong.ttf
  4
bigfont
1001
ACAD
1000
汉仪长仿宋体
1071
258
  0
STYLE
  5
D2
330
3
100
AcDbSymbolTableRecord
100
AcDbTextStyleTableRecord
  2
SLDTEXTSTYLE2
 70
0
 40
0.0
 41
1.0
 50
0.0
 71
0
 42
3.5
  3
hyswlongfangsong.ttf
  4

1001
ACAD
1000
汉仪长仿宋体
1071
258
  0
ENDTAB
  0
TABLE
  2
VIEW
  5
6
330
0
100
AcDbSymbolTable
 70
0
  0
ENDTAB
  0
TABLE
  2
UCS
  5
7
330
0
100
AcDbSymbolTable
 70
0
  0
ENDTAB
  0
TABLE
  2
APPID
  5
9
330
0
100
AcDbSymbolTable
 70
10
  0
APPID
  5
12
330
9
100
AcDbSymbolTableRecord
100
AcDbRegAppTableRecord
  2
ACAD
 70
0
  0
APPID
  5
66E
330
9
100
AcDbSymbolTableRecord
100
AcDbRegAppTableRecord
  2
ACAD_NAV_VCDISPLAY
 70
0
  0
APPID
  5
678
330
9
100
AcDbSymbolTableRecord
100
AcDbRegAppTableRecord
  2
Acad_TC
 70
0
  0
APPID
  5
679
330
9
100
AcDbSymbolTableRecord
100
AcDbRegAppTableRecord
  2
ACAD_DSTYLE_DIMRADIAL_EXTENSION
 70
0
  0
APPID
  5
689
330
9
100
AcDbSymbolTableRecord
100
AcDbRegAppTableRecord
  2
ACAD_EXEMPT_FROM_CAD_STANDARDS
 70
0
  0
APPID
  5
6FB
330
9
100
AcDbSymbolTableRecord
100
AcDbRegAppTableRecord
  2
AcadAnnoMonitorAlertIconDisabled
 70
0
  0
APPID
  5
7B6
330
9
100
AcDbSymbolTableRecord
100
AcDbRegAppTableRecord
  2
ACAD_DSTYLE_DIMJAG
 70
0
  0
APPID
  5
7B7
330
9
100
AcDbSymbolTableRecord
100
AcDbRegAppTableRecord
  2
ACAD_DSTYLE_DIMTALN
 70
0
  0
APPID
  5
8BD
330
9
100
AcDbSymbolTableRecord
100
AcDbRegAppTableRecord
  2
HATCHBACKGROUNDCOLOR
 70
0
  0
APPID
  5
8BE
330
9
100
AcDbSymbolTableRecord
100
AcDbRegAppTableRecord
  2
EZDXF
 70
0
  0
ENDTAB
  0
TABLE
  2
DIMSTYLE
  5
A
330
0
100
AcDbSymbolTable
 70
2
100
AcDbDimStyleTable
  0
DIMSTYLE
105
27
102
{ACAD_REACTORS
330
693
330
7A7
330
7B8
330
7C5
102
}
330
A
100
AcDbSymbolTableRecord
100
AcDbDimStyleTableRecord
  2
ISO-25
 70
0
 40
1.0
 41
2.5
 42
0.625
 43
3.75
 44
1.25
 45
0.0
 46
0.0
 47
0.0
 48
0.0
 49
2.5
140
2.5
141
2.5
142
0.0
143
0.03937007874016
144
1.0
145
0.0
146
1.0
147
0.625
148
0.0
 69
0
 70
0
 71
0
 72
0
 73
0
 74
0
 75
0
 76
0
 77
1
 78
8
 79
3
170
0
171
3
172
1
173
0
174
0
175
0
176
0
177
0
178
0
179
2
271
2
272
2
273
2
274
3
275
0
276
0
277
2
278
44
279
0
280
0
281
0
282
0
283
0
284
8
285
0
286
0
288
0
289
3
290
0
340
11
371
-2
372
-2
  0
DIMSTYLE
105
86F
330
A
100
AcDbSymbolTableRecord
100
AcDbDimStyleTableRecord
  2
Standard
 70
0
 40
1.0
 41
2.5
 42
0.625
 43
3.75
 44
1.25
 45
0.0
 46
0.0
 47
0.0
 48
0.0
 49
2.5
140
2.5
141
2.5
142
0.0
143
0.03937007874
144
1.0
145
0.0
146
1.0
147
0.625
148
0.0
 69
0
 70
0
 71
0
 72
0
 73
0
 74
0
 75
0
 76
0
 77
1
 78
8
 79
3
170
0
171
3
172
1
173
0
174
0
175
0
176
0
177
0
178
0
179
2
271
2
272
2
273
2
274
3
275
0
276
0
277
2
278
44
279
0
280
0
281
0
282
0
283
0
284
8
285
0
286
0
288
0
289
3
290
0
371
-2
372
-2
  0
ENDTAB
  0
TABLE
  2
BLOCK_RECORD
  5
1
330
0
100
AcDbSymbolTable
 70
13
  0
BLOCK_RECORD
  5
1F
330
1
100
AcDbSymbolTableRecord
100
AcDbBlockTableRecord
  2
*Model_Space
340
22
 70
0
280
1
281
0
  0
BLOCK_RECORD
  5
1B
330
1
100
AcDbSymbolTableRecord
100
AcDbBlockTableRecord
  2
*Paper_Space
340
1E
 70
0
280
1
281
0
  0
BLOCK_RECORD
  5
23
330
1
100
AcDbSymbolTableRecord
100
AcDbBlockTableRecord
  2
*Paper_Space0
340
26
 70
0
280
1
281
0
  0
BLOCK_RECORD
  5
1F4
330
1
100
AcDbSymbolTableRecord
100
AcDbBlockTableRecord
  2
SW_CENTERMARKSYMBOL_0
340
0
 70
0
280
1
281
0
  0
BLOCK_RECORD
  5
200
330
1
100
AcDbSymbolTableRecord
100
AcDbBlockTableRecord
  2
SW_CENTERMARKSYMBOL_1
340
0
 70
0
280
1
281
0
  0
BLOCK_RECORD
  5
20C
330
1
100
AcDbSymbolTableRecord
100
AcDbBlockTableRecord
  2
SW_CENTERMARKSYMBOL_2
340
0
 70
0
280
1
281
0
  0
BLOCK_RECORD
  5
218
330
1
100
AcDbSymbolTableRecord
100
AcDbBlockTableRecord
  2
SW_CENTERMARKSYMBOL_3
340
0
 70
0
280
1
281
0
  0
BLOCK_RECORD
  5
224
330
1
100
AcDbSymbolTableRecord
100
AcDbBlockTableRecord
  2
SW_CENTERMARKSYMBOL_4
340
0
 70
0
280
1
281
0
  0
BLOCK_RECORD
  5
694
330
1
100
AcDbSymbolTableRecord
100
AcDbBlockTableRecord
  2
*D7
340
0
 70
0
280
1
281
0
  0
BLOCK_RECORD
  5
7A8
330
1
100
AcDbSymbolTableRecord
100
AcDbBlockTableRecord
  2
*D12
340
0
 70
0
280
1
281
0
  0
BLOCK_RECORD
  5
7B9
330
1
100
AcDbSymbolTableRecord
100
AcDbBlockTableRecord
  2
*D13
340
0
 70
0
280
1
281
0
  0
BLOCK_RECORD
  5
7C6
330
1
100
AcDbSymbolTableRecord
100
AcDbBlockTableRecord
  2
*D14
340
0
 70
0
280
1
281
0
  0
BLOCK_RECORD
  5
870
330
1
100
AcDbSymbolTableRecord
100
AcDbBlockTableRecord
  2
HH_FRAME_A4
340
0
 70
0
280
1
281
0
  0
ENDTAB
  0
ENDSEC
  0
SECTION
  2
BLOCKS
  0
BLOCK
  5
20
330
1F
100
AcDbEntity
  8
0
100
AcDbBlockBegin
  2
*Model_Space
 70
0
 10
0.0
 20
0.0
 30
0.0
  3
*Model_Space
  1

  0
ENDBLK
  5
21
330
1F
100
AcDbEntity
  8
0
100
AcDbBlockEnd
  0
BLOCK
  5
1C
330
1B
100
AcDbEntity
 67
1
  8
0
100
AcDbBlockBegin
  2
*Paper_Space
 70
0
 10
0.0
 20
0.0
 30
0.0
  3
*Paper_Space
  1

  0
ENDBLK
  5
1D
330
1B
100
AcDbEntity
 67
1
  8
0
100
AcDbBlockEnd
  0
BLOCK
  5
24
330
23
100
AcDbEntity
 67
1
  8
0
100
AcDbBlockBegin
  2
*Paper_Space0
 70
0
 10
0.0
 20
0.0
 30
0.0
  3
*Paper_Space0
  1

  0
ENDBLK
  5
25
330
23
100
AcDbEntity
 67
1
  8
0
100
AcDbBlockEnd
  0
BLOCK
  5
1F5
330
1F4
100
AcDbEntity
  8
0
100
AcDbBlockBegin
  2
SW_CENTERMARKSYMBOL_0
 70
0
 10
0.0
 20
0.0
 30
0.0
  3
SW_CENTERMARKSYMBOL_0
  1

  0
LINE
  5
1F7
330
1F4
100
AcDbEntity
  8
图框
 62
0
100
AcDbLine
 10
0.0
 20
0.0
 30
0.0
 11
0.0
 21
2.500000000000002
 31
0.0
  0
LINE
  5
1F8
330
1F4
100
AcDbEntity
  8
图框
 62
0
100
AcDbLine
 10
0.0
 20
0.0
 30
0.0
 11
-2.500000000000002
 21
0.0
 31
0.0
  0
LINE
  5
1F9
330
1F4
100
AcDbEntity
  8
图框
 62
0
100
AcDbLine
 10
0.0
 20
0.0
 30
0.0
 11
0.0
 21
-2.500000000000002
 31
0.0
  0
LINE
  5
1FA
330
1F4
100
AcDbEntity
  8
图框
 62
0
100
AcDbLine
 10
0.0
 20
0.0
 30
0.0
 11
2.499999999999988
 21
0.0
 31
0.0
  0
LINE
  5
1FB
330
1F4
100
AcDbEntity
  8
图框
 62
0
100
AcDbLine
 10
0.0
 20
5.000000000000004
 30
0.0
 11
0.0
 21
8.000000000000007
 31
0.0
  0
LINE
  5
1FC
330
1F4
100
AcDbEntity
  8
图框
 62
0
100
AcDbLine
 10
-5.000000000000004
 20
0.0
 30
0.0
 11
-8.000000000000007
 21
0.0
 31
0.0
  0
LINE
  5
1FD
330
1F4
100
AcDbEntity
  8
图框
 62
0
100
AcDbLine
 10
0.0
 20
-5.000000000000004
 30
0.0
 11
0.0
 21
-8.000000000000007
 31
0.0
  0
LINE
  5
1FE
330
1F4
100
AcDbEntity
  8
图框
 62
0
100
AcDbLine
 10
4.99999999999999
 20
0.0
 30
0.0
 11
7.999999999999992
 21
0.0
 31
0.0
  0
ENDBLK
  5
1F6
330
1F4
100
AcDbEntity
  8
0
100
AcDbBlockEnd
  0
BLOCK
  5
201
330
200
100
AcDbEntity
  8
0
100
AcDbBlockBegin
  2
SW_CENTERMARKSYMBOL_1
 70
0
 10
0.0
 20
0.0
 30
0.0
  3
SW_CENTERMARKSYMBOL_1
  1

  0
LINE
  5
203
330
200
100
AcDbEntity
  8
图框
 62
0
100
AcDbLine
 10
0.0
 20
0.0
 30
0.0
 11
0.0
 21
2.500000000000002
 31
0.0
  0
LINE
  5
204
330
200
100
AcDbEntity
  8
图框
 62
0
100
AcDbLine
 10
0.0
 20
0.0
 30
0.0
 11
-2.500000000000002
 21
0.0
 31
0.0
  0
LINE
  5
205
330
200
100
AcDbEntity
  8
图框
 62
0
100
AcDbLine
 10
0.0
 20
0.0
 30
0.0
 11
0.0
 21
-2.499999999999974
 31
0.0
  0
LINE
  5
206
330
200
100
AcDbEntity
  8
图框
 62
0
100
AcDbLine
 10
0.0
 20
0.0
 30
0.0
 11
2.499999999999988
 21
0.0
 31
0.0
  0
LINE
  5
207
330
200
100
AcDbEntity
  8
图框
 62
0
100
AcDbLine
 10
0.0
 20
2.500000000000002
 30
0.0
 11
0.0
 21
3.800000000000025
 31
0.0
  0
LINE
  5
208
330
200
100
AcDbEntity
  8
图框
 62
0
100
AcDbLine
 10
-2.500000000000002
 20
0.0
 30
0.0
 11
-3.800000000000011
 21
0.0
 31
0.0
  0
LINE
  5
209
330
200
100
AcDbEntity
  8
图框
 62
0
100
AcDbLine
 10
0.0
 20
-2.499999999999974
 30
0.0
 11
0.0
 21
-3.799999999999998
 31
0.0
  0
LINE
  5
20A
330
200
100
AcDbEntity
  8
图框
 62
0
100
AcDbLine
 10
2.499999999999988
 20
0.0
 30
0.0
 11
3.799999999999998
 21
0.0
 31
0.0
  0
ENDBLK
  5
202
330
200
100
AcDbEntity
  8
0
100
AcDbBlockEnd
  0
BLOCK
  5
20D
330
20C
100
AcDbEntity
  8
0
100
AcDbBlockBegin
  2
SW_CENTERMARKSYMBOL_2
 70
0
 10
0.0
 20
0.0
 30
0.0
  3
SW_CENTERMARKSYMBOL_2
  1

  0
LINE
  5
20F
330
20C
100
AcDbEntity
  8
图框
 62
0
100
AcDbLine
 10
0.0
 20
0.0
 30
0.0
 11
0.0
 21
2.500000000000002
 31
0.0
  0
LINE
  5
210
330
20C
100
AcDbEntity
  8
图框
 62
0
100
AcDbLine
 10
0.0
 20
0.0
 30
0.0
 11
-2.500000000000002
 21
0.0
 31
0.0
  0
LINE
  5
211
330
20C
100
AcDbEntity
  8
图框
 62
0
100
AcDbLine
 10
0.0
 20
0.0
 30
0.0
 11
0.0
 21
-2.500000000000002
 31
0.0
  0
LINE
  5
212
330
20C
100
AcDbEntity
  8
图框
 62
0
100
AcDbLine
 10
0.0
 20
0.0
 30
0.0
 11
2.500000000000002
 21
0.0
 31
0.0
  0
LINE
  5
213
330
20C
100
AcDbEntity
  8
图框
 62
0
100
AcDbLine
 10
0.0
 20
2.500000000000002
 30
0.0
 11
0.0
 21
3.799999999999998
 31
0.0
  0
LINE
  5
214
330
20C
100
AcDbEntity
  8
图框
 62
0
100
AcDbLine
 10
-2.500000000000002
 20
0.0
 30
0.0
 11
-3.799999999999998
 21
0.0
 31
0.0
  0
LINE
  5
215
330
20C
100
AcDbEntity
  8
图框
 62
0
100
AcDbLine
 10
0.0
 20
-2.500000000000002
 30
0.0
 11
0.0
 21
-3.799999999999998
 31
0.0
  0
LINE
  5
216
330
20C
100
AcDbEntity
  8
图框
 62
0
100
AcDbLine
 10
2.500000000000002
 20
0.0
 30
0.0
 11
3.799999999999998
 21
0.0
 31
0.0
  0
ENDBLK
  5
20E
330
20C
100
AcDbEntity
  8
0
100
AcDbBlockEnd
  0
BLOCK
  5
219
330
218
100
AcDbEntity
  8
0
100
AcDbBlockBegin
  2
SW_CENTERMARKSYMBOL_3
 70
0
 10
0.0
 20
0.0
 30
0.0
  3
SW_CENTERMARKSYMBOL_3
  1

  0
LINE
  5
21B
330
218
100
AcDbEntity
  8
图框
 62
0
100
AcDbLine
 10
0.0
 20
0.0
 30
0.0
 11
0.0
 21
2.500000000000002
 31
0.0
  0
LINE
  5
21C
330
218
100
AcDbEntity
  8
图框
 62
0
100
AcDbLine
 10
0.0
 20
0.0
 30
0.0
 11
-2.500000000000002
 21
0.0
 31
0.0
  0
LINE
  5
21D
330
218
100
AcDbEntity
  8
图框
 62
0
100
AcDbLine
 10
0.0
 20
0.0
 30
0.0
 11
0.0
 21
-2.500000000000002
 31
0.0
  0
LINE
  5
21E
330
218
100
AcDbEntity
  8
图框
 62
0
100
AcDbLine
 10
0.0
 20
0.0
 30
0.0
 11
2.500000000000002
 21
0.0
 31
0.0
  0
LINE
  5
21F
330
218
100
AcDbEntity
  8
图框
 62
0
100
AcDbLine
 10
0.0
 20
2.500000000000002
 30
0.0
 11
0.0
 21
3.799999999999998
 31
0.0
  0
LINE
  5
220
330
218
100
AcDbEntity
  8
图框
 62
0
100
AcDbLine
 10
-2.500000000000002
 20
0.0
 30
0.0
 11
-3.799999999999998
 21
0.0
 31
0.0
  0
LINE
  5
221
330
218
100
AcDbEntity
  8
图框
 62
0
100
AcDbLine
 10
0.0
 20
-2.500000000000002
 30
0.0
 11
0.0
 21
-3.799999999999998
 31
0.0
  0
LINE
  5
222
330
218
100
AcDbEntity
  8
图框
 62
0
100
AcDbLine
 10
2.500000000000002
 20
0.0
 30
0.0
 11
3.799999999999998
 21
0.0
 31
0.0
  0
ENDBLK
  5
21A
330
218
100
AcDbEntity
  8
0
100
AcDbBlockEnd
  0
BLOCK
  5
225
330
224
100
AcDbEntity
  8
0
100
AcDbBlockBegin
  2
SW_CENTERMARKSYMBOL_4
 70
0
 10
0.0
 20
0.0
 30
0.0
  3
SW_CENTERMARKSYMBOL_4
  1

  0
LINE
  5
227
330
224
100
AcDbEntity
  8
图框
 62
0
100
AcDbLine
 10
0.0
 20
0.0
 30
0.0
 11
0.0
 21
2.500000000000002
 31
0.0
  0
LINE
  5
228
330
224
100
AcDbEntity
  8
图框
 62
0
100
AcDbLine
 10
0.0
 20
0.0
 30
0.0
 11
-2.500000000000002
 21
0.0
 31
0.0
  0
LINE
  5
229
330
224
100
AcDbEntity
  8
图框
 62
0
100
AcDbLine
 10
0.0
 20
0.0
 30
0.0
 11
0.0
 21
-2.500000000000002
 31
0.0
  0
LINE
  5
22A
330
224
100
AcDbEntity
  8
图框
 62
0
100
AcDbLine
 10
0.0
 20
0.0
 30
0.0
 11
2.499999999999988
 21
0.0
 31
0.0
  0
LINE
  5
22B
330
224
100
AcDbEntity
  8
图框
 62
0
100
AcDbLine
 10
0.0
 20
2.500000000000002
 30
0.0
 11
0.0
 21
3.799999999999998
 31
0.0
  0
LINE
  5
22C
330
224
100
AcDbEntity
  8
图框
 62
0
100
AcDbLine
 10
-2.500000000000002
 20
0.0
 30
0.0
 11
-3.800000000000011
 21
0.0
 31
0.0
  0
LINE
  5
22D
330
224
100
AcDbEntity
  8
图框
 62
0
100
AcDbLine
 10
0.0
 20
-2.500000000000002
 30
0.0
 11
0.0
 21
-3.799999999999998
 31
0.0
  0
LINE
  5
22E
330
224
100
AcDbEntity
  8
图框
 62
0
100
AcDbLine
 10
2.499999999999988
 20
0.0
 30
0.0
 11
3.799999999999998
 21
0.0
 31
0.0
  0
ENDBLK
  5
226
330
224
100
AcDbEntity
  8
0
100
AcDbBlockEnd
  0
BLOCK
  5
695
330
694
100
AcDbEntity
  8
0
100
AcDbBlockBegin
  2
*D7
 70
1
 10
0.0
 20
0.0
 30
0.0
  3
*D7
  1

  0
LINE
  5
79D
330
694
100
AcDbEntity
  8
0
 62
0
370
-2
440
16777216
100
AcDbLine
 10
82.2962145027572
 20
142.8331087613383
 30
0.0
 11
68.26692174513423
 21
159.4724872499036
 31
0.0
  0
LINE
  5
79E
330
694
100
AcDbEntity
  8
0
 62
0
370
-2
440
16777216
100
AcDbLine
 10
106.1874388875108
 20
162.9767085635848
 30
0.0
 11
92.15814612988785
 21
179.6160870521502
 31
0.0
  0
LINE
  5
79F
330
694
100
AcDbEntity
  8
0
 62
0
370
-2
440
16777216
100
AcDbLine
 10
72.67536682998498
 20
160.5734013854542
 30
0.0
 11
77.17737433809519
 21
164.3692151156183
 31
0.0
  0
LINE
  5
7A0
330
694
100
AcDbEntity
  8
0
 62
0
370
-2
440
16777216
100
AcDbLine
 10
90.32809143614604
 20
175.4570847898385
 30
0.0
 11
85.82608392803589
 21
171.6612710596743
 31
0.0
  0
SOLID
  5
7A1
330
694
100
AcDbEntity
  8
0
 62
0
440
16777216
100
AcDbTrace
 10
72.23704046349644
 20
161.0932763670036
 30
0.0
 11
73.1136931964735
 21
160.0535264039048
 31
0.0
 12
69.5561169406887
 22
157.943443186523
 32
0.0
 13
69.5561169406887
 23
157.943443186523
 33
0.0
  0
SOLID
  5
7A2
330
694
100
AcDbEntity
  8
0
 62
0
440
16777216
100
AcDbTrace
 10
89.8897650696575
 20
175.9769597713879
 30
0.0
 11
90.76641780263456
 21
174.9372098082891
 31
0.0
 12
93.44734132544234
 22
178.0870429887696
 32
0.0
 13
93.44734132544234
 23
178.0870429887696
 33
0.0
  0
MTEXT
  5
7A3
330
694
100
AcDbEntity
  8
0
 62
0
370
30
440
16777216
100
AcDbMText
 10
81.50172913306552
 20
168.0152430876463
 30
0.0
 40
3.5
 41
0.0
 46
0.0
 71
5
  1
31,25
  0
POINT
  5
7A4
330
694
100
AcDbEntity
  8
Defpoints
 62
0
440
16777216
100
AcDbPoint
 10
82.2962145027572
 20
142.8331087613383
 30
0.0
  0
POINT
  5
7A5
330
694
100
AcDbEntity
  8
Defpoints
 62
0
440
16777216
100
AcDbPoint
 10
106.1874388875108
 20
162.9767085635848
 30
0.0
  0
POINT
  5
7A6
330
694
100
AcDbEntity
  8
Defpoints
 62
0
440
16777216
100
AcDbPoint
 10
93.44734132544234
 20
178.0870429887696
 30
0.0
  0
ENDBLK
  5
696
330
694
100
AcDbEntity
  8
0
100
AcDbBlockEnd
  0
BLOCK
  5
7A9
330
7A8
100
AcDbEntity
  8
0
100
AcDbBlockBegin
  2
*D12
 70
1
 10
0.0
 20
0.0
 30
0.0
  3
*D12
  1

  0
LINE
  5
7AB
330
7A8
100
AcDbEntity
  8
0
 62
0
370
-2
440
16777216
100
AcDbLine
 10
82.29621450275718
 20
142.8331087613383
 30
0.0
 11
51.81802073209146
 21
169.1999836272767
 31
0.0
  0
LINE
  5
7AC
330
7A8
100
AcDbEntity
  8
0
 62
0
370
-2
440
16777216
100
AcDbLine
 10
104.2138021484198
 20
168.1682494121178
 30
0.0
 11
73.73560837775409
 21
194.5351242780563
 31
0.0
  0
LINE
  5
7AD
330
7A8
100
AcDbEntity
  8
0
 62
0
370
-2
440
16777216
100
AcDbLine
 10
55.99993234092304
 20
170.9770641814215
 30
0.0
 11
61.13515880520129
 21
176.9130132853751
 31
0.0
  0
LINE
  5
7AE
330
7A8
100
AcDbEntity
  8
0
 62
0
370
-2
440
16777216
100
AcDbLine
 10
72.57878818991102
 20
190.1410183333846
 30
0.0
 11
67.4435617256328
 21
184.2050692294311
 31
0.0
  0
SOLID
  5
7AF
330
7A8
100
AcDbEntity
  8
0
 62
0
440
16777216
100
AcDbTrace
 10
55.485666799355
 20
171.4219584978111
 30
0.0
 11
56.51419788249109
 21
170.532169865032
 31
0.0
 12
53.3305664425857
 22
167.8914709320133
 32
0.0
 13
53.3305664425857
 23
167.8914709320133
 33
0.0
  0
SOLID
  5
7B0
330
7A8
100
AcDbEntity
  8
0
 62
0
440
16777216
100
AcDbTrace
 10
72.06452264834297
 20
190.5859126497741
 30
0.0
 11
73.09305373147907
 21
189.696124016995
 31
0.0
 12
75.24815408824834
 22
193.2266115827929
 32
0.0
 13
75.24815408824834
 23
193.2266115827929
 33
0.0
  0
MTEXT
  5
7B1
330
7A8
100
AcDbEntity
  8
0
 62
0
440
16777216
100
AcDbMText
 10
64.28936026541703
 20
180.5590412574031
 30
0.0
 40
3.5
 41
0.0
 46
0.0
 71
5
  1
33,50
  0
POINT
  5
7B2
330
7A8
100
AcDbEntity
  8
Defpoints
 62
0
440
16777216
100
AcDbPoint
 10
82.29621450275718
 20
142.8331087613383
 30
0.0
  0
POINT
  5
7B3
330
7A8
100
AcDbEntity
  8
Defpoints
 62
0
440
16777216
100
AcDbPoint
 10
104.2138021484198
 20
168.1682494121178
 30
0.0
  0
POINT
  5
7B4
330
7A8
100
AcDbEntity
  8
Defpoints
 62
0
440
16777216
100
AcDbPoint
 10
75.24815408824834
 20
193.2266115827929
 30
0.0
  0
ENDBLK
  5
7AA
330
7A8
100
AcDbEntity
  8
0
100
AcDbBlockEnd
  0
BLOCK
  5
7BA
330
7B9
100
AcDbEntity
  8
0
100
AcDbBlockBegin
  2
*D13
 70
1
 10
0.0
 20
0.0
 30
0.0
  3
*D13
  1

  0
LINE
  5
83D
330
7B9
100
AcDbEntity
  8
0
 62
0
370
-2
440
16777216
100
AcDbLine
 10
155.8768241410266
 20
175.7674653466562
 30
0.0
 11
148.9682087564107
 21
175.7674653466562
 31
0.0
  0
LINE
  5
83E
330
7B9
100
AcDbEntity
  8
0
 62
0
370
-2
440
16777216
100
AcDbLine
 10
148.9682087564107
 20
175.7674653466562
 30
0.0
 11
90.8854240016844
 21
147.0759710244266
 31
0.0
  0
LINE
  5
83F
330
7B9
100
AcDbEntity
  8
0
 62
0
370
-2
440
16777216
100
AcDbLine
 10
73.70700500383003
 20
138.59024649825
 30
0.0
 11
70.04897006065437
 21
136.7832654926758
 31
0.0
  0
MTEXT
  5
840
330
7B9
100
AcDbEntity
  8
0
 62
0
440
16777216
100
AcDbMText
 10
153.1845164487189
 20
179.4183884235793
 30
0.0
 40
3.5
 41
0.0
 46
0.0
 71
5
  1
∅11
  0
LINE
  5
841
330
7B9
100
AcDbEntity
  8
0
 62
0
370
-2
440
16777216
100
AcDbLine
 10
77.36503994700568
 20
140.3972275038241
 30
0.0
 11
87.22738905850873
 21
145.2689900188524
 31
0.0
  0
SOLID
  5
842
330
7B9
100
AcDbEntity
  8
0
 62
0
440
16777216
100
AcDbTrace
 10
73.405841502901
 20
139.1999189887793
 30
0.0
 11
74.00816850475906
 21
137.9805740077207
 31
0.0
 12
77.36503994700568
 22
140.3972275038241
 32
0.0
 13
77.36503994700568
 23
140.3972275038241
 33
0.0
  0
SOLID
  5
843
330
7B9
100
AcDbEntity
  8
0
 62
0
440
16777216
100
AcDbTrace
 10
90.58426050075539
 20
147.6856435149559
 30
0.0
 11
91.18658750261343
 21
146.4662985338973
 31
0.0
 12
87.22738905850873
 22
145.2689900188524
 32
0.0
 13
87.22738905850873
 23
145.2689900188524
 33
0.0
  0
POINT
  5
844
330
7B9
100
AcDbEntity
  8
Defpoints
 62
0
440
16777216
100
AcDbPoint
 10
87.22738905850873
 20
145.2689900188524
 30
0.0
  0
POINT
  5
845
330
7B9
100
AcDbEntity
  8
Defpoints
 62
0
440
16777216
100
AcDbPoint
 10
77.36503994700568
 20
140.3972275038241
 30
0.0
  0
ENDBLK
  5
7BB
330
7B9
100
AcDbEntity
  8
0
100
AcDbBlockEnd
  0
BLOCK
  5
7C7
330
7C6
100
AcDbEntity
  8
0
100
AcDbBlockBegin
  2
*D14
 70
1
 10
0.0
 20
0.0
 30
0.0
  3
*D14
  1

  0
LINE
  5
7C9
330
7C6
100
AcDbEntity
  8
0
 62
0
370
-2
440
16777216
100
AcDbLine
 10
92.65886257974887
 20
113.3514069714461
 30
0.0
 11
99.52275480749672
 21
96.47768841390933
 31
0.0
  0
LINE
  5
7CA
330
7C6
100
AcDbEntity
  8
0
 62
0
370
-2
440
16777216
100
AcDbLine
 10
95.4558805882042
 20
114.4891781215126
 30
0.0
 11
102.319772815952
 21
97.61545956397583
 31
0.0
  0
LINE
  5
7CB
330
7C6
100
AcDbEntity
  8
0
 62
0
370
-2
440
16777216
100
AcDbLine
 10
94.98987320558736
 20
96.79294130140043
 30
0.0
 11
91.2105884944536
 21
95.25560364421813
 31
0.0
  0
LINE
  5
7CC
330
7C6
100
AcDbEntity
  8
0
 62
0
370
-2
440
16777216
100
AcDbLine
 10
105.3454606363101
 20
101.0053877658315
 30
0.0
 11
109.1247453474438
 21
102.5427254230138
 31
0.0
  0
LINE
  5
7CD
330
7C6
100
AcDbEntity
  8
0
 62
0
370
-2
440
16777216
100
AcDbLine
 10
109.1247453474438
 20
102.5427254230138
 30
0.0
 11
111.8627313614299
 21
102.5427254230138
 31
0.0
  0
LINE
  5
7CE
330
7C6
100
AcDbEntity
  8
0
 62
0
370
-2
440
16777216
100
AcDbLine
 10
98.76915791672108
 20
98.33027895858272
 30
0.0
 11
101.5661759251764
 21
99.46805010864924
 31
0.0
  0
SOLID
  5
7CF
330
7C6
100
AcDbEntity
  8
0
 62
0
440
16777216
100
AcDbTrace
 10
94.73365026272364
 20
97.42282208658938
 30
0.0
 11
95.24609614845107
 21
96.16306051621146
 31
0.0
 12
98.76915791672108
 22
98.33027895858272
 32
0.0
 13
98.76915791672108
 23
98.33027895858272
 33
0.0
  0
SOLID
  5
7D0
330
7C6
100
AcDbEntity
  8
0
 62
0
440
16777216
100
AcDbTrace
 10
105.0892376934464
 20
101.6352685510205
 30
0.0
 11
105.6016835791738
 21
100.3755069806426
 31
0.0
 12
101.5661759251764
 22
99.46805010864924
 32
0.0
 13
101.5661759251764
 23
99.46805010864924
 33
0.0
  0
MTEXT
  5
7D1
330
7C6
100
AcDbEntity
  8
0
 62
0
440
16777216
100
AcDbMText
 10
111.2557383544369
 20
105.8167254230138
 30
0.0
 40
3.5
 41
0.0
 46
0.0
 71
5
  1
3
  0
POINT
  5
7D2
330
7C6
100
AcDbEntity
  8
Defpoints
 62
0
440
16777216
100
AcDbPoint
 10
92.65886257974887
 20
113.3514069714461
 30
0.0
  0
POINT
  5
7D3
330
7C6
100
AcDbEntity
  8
Defpoints
 62
0
440
16777216
100
AcDbPoint
 10
95.4558805882042
 20
114.4891781215126
 30
0.0
  0
POINT
  5
7D4
330
7C6
100
AcDbEntity
  8
Defpoints
 62
0
440
16777216
100
AcDbPoint
 10
101.5661759251764
 20
99.46805010864924
 30
0.0
  0
ENDBLK
  5
7C8
330
7C6
100
AcDbEntity
  8
0
100
AcDbBlockEnd
  0
BLOCK
  5
871
330
870
100
AcDbEntity
  8
0
100
AcDbBlockBegin
  2
HH_FRAME_A4
 70
2
 10
0.0
 20
0.0
 30
0.0
  3
HH_FRAME_A4
  1

  0
LWPOLYLINE
  5
873
330
870
100
AcDbEntity
  8
HH_TITLE
100
AcDbPolyline
 90
4
 70
1
 10
0.0
 20
1.0
 10
297.0
 20
1.0
 10
297.0
 20
211.0
 10
0.0
 20
211.0
  0
LWPOLYLINE
  5
874
330
870
100
AcDbEntity
  8
HH_TITLE
100
AcDbPolyline
 90
4
 70
1
 10
25.0
 20
6.0
 10
292.0
 20
6.0
 10
292.0
 20
206.0
 10
25.0
 20
206.0
  0
LWPOLYLINE
  5
875
330
870
100
AcDbEntity
  8
HH_TITLE
100
AcDbPolyline
 90
4
 70
1
 10
112.0
 20
6.0
 10
292.0
 20
6.0
 10
292.0
 20
62.0
 10
112.0
 20
62.0
  0
LINE
  5
876
330
870
100
AcDbEntity
  8
HH_TITLE
100
AcDbLine
 10
112.0
 20
18.0
 30
0.0
 11
292.0
 21
18.0
 31
0.0
  0
LINE
  5
877
330
870
100
AcDbEntity
  8
HH_TITLE
100
AcDbLine
 10
112.0
 20
28.0
 30
0.0
 11
292.0
 21
28.0
 31
0.0
  0
LINE
  5
878
330
870
100
AcDbEntity
  8
HH_TITLE
100
AcDbLine
 10
112.0
 20
50.0
 30
0.0
 11
292.0
 21
50.0
 31
0.0
  0
LINE
  5
879
330
870
100
AcDbEntity
  8
HH_TITLE
100
AcDbLine
 10
220.0
 20
28.0
 30
0.0
 11
220.0
 21
50.0
 31
0.0
  0
LINE
  5
87A
330
870
100
AcDbEntity
  8
HH_TITLE
100
AcDbLine
 10
256.0
 20
28.0
 30
0.0
 11
256.0
 21
50.0
 31
0.0
  0
LINE
  5
87B
330
870
100
AcDbEntity
  8
HH_TITLE
100
AcDbLine
 10
256.0
 20
39.0
 30
0.0
 11
292.0
 21
39.0
 31
0.0
  0
LINE
  5
87C
330
870
100
AcDbEntity
  8
HH_TITLE
100
AcDbLine
 10
148.0
 20
6.0
 30
0.0
 11
148.0
 21
18.0
 31
0.0
  0
LINE
  5
87D
330
870
100
AcDbEntity
  8
HH_TITLE
100
AcDbLine
 10
184.0
 20
6.0
 30
0.0
 11
184.0
 21
18.0
 31
0.0
  0
LINE
  5
87E
330
870
100
AcDbEntity
  8
HH_TITLE
100
AcDbLine
 10
220.0
 20
6.0
 30
0.0
 11
220.0
 21
18.0
 31
0.0
  0
LINE
  5
87F
330
870
100
AcDbEntity
  8
HH_TITLE
100
AcDbLine
 10
256.0
 20
6.0
 30
0.0
 11
256.0
 21
18.0
 31
0.0
  0
LINE
  5
880
330
870
100
AcDbEntity
  8
HH_TITLE
100
AcDbLine
 10
148.0
 20
18.0
 30
0.0
 11
148.0
 21
28.0
 31
0.0
  0
LINE
  5
881
330
870
100
AcDbEntity
  8
HH_TITLE
100
AcDbLine
 10
184.0
 20
18.0
 30
0.0
 11
184.0
 21
28.0
 31
0.0
  0
LINE
  5
882
330
870
100
AcDbEntity
  8
HH_TITLE
100
AcDbLine
 10
220.0
 20
18.0
 30
0.0
 11
220.0
 21
28.0
 31
0.0
  0
LINE
  5
883
330
870
100
AcDbEntity
  8
HH_TITLE
100
AcDbLine
 10
256.0
 20
18.0
 30
0.0
 11
256.0
 21
28.0
 31
0.0
  0
TEXT
  5
884
330
870
100
AcDbEntity
  8
HH_TITLE
100
AcDbText
 10
166.0449438202247
 20
53.5
 30
0.0
 40
5.0
  1
东方宏华 · 钻机电控
  7
HH_CHN
100
AcDbText
  0
TEXT
  5
885
330
870
100
AcDbEntity
  8
HH_TITLE
100
AcDbText
 10
160.6067415730337
 20
41.75
 30
0.0
 40
2.5
  1
图  名
  7
HH_CHN
100
AcDbText
  0
ATTDEF
  5
886
330
870
100
AcDbEntity
  8
HH_TITLE
100
AcDbText
 10
155.2134831460674
 20
32.5
 30
0.0
 40
5.0
  1

  7
HH_CHN
100
AcDbAttributeDefinition
  3

  2
TITLE
 70
0
 71
1
 72
0
  0
TEXT
  5
887
330
870
100
AcDbEntity
  8
HH_TITLE
100
AcDbText
 10
232.6067415730337
 20
41.75
 30
0.0
 40
2.5
  1
图  号
  7
HH_CHN
100
AcDbText
  0
ATTDEF
  5
888
330
870
100
AcDbEntity
  8
HH_TITLE
100
AcDbText
 10
230.4494382022472
 20
33.25
 30
0.0
 40
3.5
  1

  7
HH_CHN
100
AcDbAttributeDefinition
  3

  2
DWG_NO
 70
0
 71
1
 72
0
  0
TEXT
  5
889
330
870
100
AcDbEntity
  8
HH_TITLE
100
AcDbText
 10
268.6067415730337
 20
48.25
 30
0.0
 40
2.5
  1
比  例
  7
HH_CHN
100
AcDbText
  0
ATTDEF
  5
88A
330
870
100
AcDbEntity
  8
HH_TITLE
100
AcDbText
 10
267.5280898876405
 20
43.0
 30
0.0
 40
3.0
  1

  7
HH_CHN
100
AcDbAttributeDefinition
  3

  2
SCALE
 70
0
 71
1
 72
0
  0
TEXT
  5
88B
330
870
100
AcDbEntity
  8
HH_TITLE
100
AcDbText
 10
268.6067415730337
 20
37.25
 30
0.0
 40
2.5
  1
阶  段
  7
HH_CHN
100
AcDbText
  0
ATTDEF
  5
88C
330
870
100
AcDbEntity
  8
HH_TITLE
100
AcDbText
 10
267.5280898876405
 20
32.0
 30
0.0
 40
3.0
  1

  7
HH_CHN
100
AcDbAttributeDefinition
  3

  2
STAGE
 70
0
 71
1
 72
0
  0
TEXT
  5
88D
330
870
100
AcDbEntity
  8
HH_TITLE
100
AcDbText
 10
126.8359550561797
 20
24.4
 30
0.0
 40
2.2
  1
材料
  7
HH_CHN
100
AcDbText
  0
ATTDEF
  5
88E
330
870
100
AcDbEntity
  8
HH_TITLE
100
AcDbText
 10
123.9595505617977
 20
19.1
 30
0.0
 40
2.799999999999999
  1

  7
HH_CHN
100
AcDbAttributeDefinition
  3

  2
MATERIAL
 70
0
 71
1
 72
0
  0
TEXT
  5
88F
330
870
100
AcDbEntity
  8
HH_TITLE
100
AcDbText
 10
162.8359550561798
 20
24.4
 30
0.0
 40
2.2
  1
重量
  7
HH_CHN
100
AcDbText
  0
ATTDEF
  5
890
330
870
100
AcDbEntity
  8
HH_TITLE
100
AcDbText
 10
159.9595505617977
 20
19.1
 30
0.0
 40
2.799999999999999
  1

  7
HH_CHN
100
AcDbAttributeDefinition
  3

  2
WEIGHT
 70
0
 71
1
 72
0
  0
TEXT
  5
891
330
870
100
AcDbEntity
  8
HH_TITLE
100
AcDbText
 10
198.8359550561798
 20
24.4
 30
0.0
 40
2.2
  1
版本
  7
HH_CHN
100
AcDbText
  0
ATTDEF
  5
892
330
870
100
AcDbEntity
  8
HH_TITLE
100
AcDbText
 10
195.9595505617977
 20
19.1
 30
0.0
 40
2.799999999999999
  1

  7
HH_CHN
100
AcDbAttributeDefinition
  3

  2
VERSION
 70
0
 71
1
 72
0
  0
TEXT
  5
893
330
870
100
AcDbEntity
  8
HH_TITLE
100
AcDbText
 10
234.8359550561798
 20
24.4
 30
0.0
 40
2.2
  1
日期
  7
HH_CHN
100
AcDbText
  0
ATTDEF
  5
894
330
870
100
AcDbEntity
  8
HH_TITLE
100
AcDbText
 10
231.9595505617978
 20
19.1
 30
0.0
 40
2.799999999999999
  1

  7
HH_CHN
100
AcDbAttributeDefinition
  3

  2
DATE
 70
0
 71
1
 72
0
  0
TEXT
  5
895
330
870
100
AcDbEntity
  8
HH_TITLE
100
AcDbText
 10
270.8359550561798
 20
24.4
 30
0.0
 40
2.2
  1
图幅
  7
HH_CHN
100
AcDbText
  0
ATTDEF
  5
896
330
870
100
AcDbEntity
  8
HH_TITLE
100
AcDbText
 10
267.9595505617978
 20
19.1
 30
0.0
 40
2.799999999999999
  1

  7
HH_CHN
100
AcDbAttributeDefinition
  3

  2
SHEET
 70
0
 71
1
 72
0
  0
TEXT
  5
897
330
870
100
AcDbEntity
  8
HH_TITLE
100
AcDbText
 10
126.8359550561797
 20
13.4
 30
0.0
 40
2.2
  1
设计
  7
HH_CHN
100
AcDbText
  0
ATTDEF
  5
898
330
870
100
AcDbEntity
  8
HH_TITLE
100
AcDbText
 10
123.9595505617977
 20
8.099999999999998
 30
0.0
 40
2.799999999999999
  1

  7
HH_CHN
100
AcDbAttributeDefinition
  3

  2
DESIGN
 70
0
 71
1
 72
0
  0
TEXT
  5
899
330
870
100
AcDbEntity
  8
HH_TITLE
100
AcDbText
 10
162.8359550561798
 20
13.4
 30
0.0
 40
2.2
  1
校对
  7
HH_CHN
100
AcDbText
  0
ATTDEF
  5
89A
330
870
100
AcDbEntity
  8
HH_TITLE
100
AcDbText
 10
159.9595505617977
 20
8.099999999999998
 30
0.0
 40
2.799999999999999
  1

  7
HH_CHN
100
AcDbAttributeDefinition
  3

  2
CHECKED
 70
0
 71
1
 72
0
  0
TEXT
  5
89B
330
870
100
AcDbEntity
  8
HH_TITLE
100
AcDbText
 10
198.8359550561798
 20
13.4
 30
0.0
 40
2.2
  1
审核
  7
HH_CHN
100
AcDbText
  0
ATTDEF
  5
89C
330
870
100
AcDbEntity
  8
HH_TITLE
100
AcDbText
 10
195.9595505617977
 20
8.099999999999998
 30
0.0
 40
2.799999999999999
  1

  7
HH_CHN
100
AcDbAttributeDefinition
  3

  2
REVIEWED
 70
0
 71
1
 72
0
  0
TEXT
  5
89D
330
870
100
AcDbEntity
  8
HH_TITLE
100
AcDbText
 10
234.8359550561798
 20
13.4
 30
0.0
 40
2.2
  1
批准
  7
HH_CHN
100
AcDbText
  0
ATTDEF
  5
89E
330
870
100
AcDbEntity
  8
HH_TITLE
100
AcDbText
 10
231.9595505617978
 20
8.099999999999998
 30
0.0
 40
2.799999999999999
  1

  7
HH_CHN
100
AcDbAttributeDefinition
  3

  2
APPROVED
 70
0
 71
1
 72
0
  0
TEXT
  5
89F
330
870
100
AcDbEntity
  8
HH_TITLE
100
AcDbText
 10
270.8359550561798
 20
13.4
 30
0.0
 40
2.2
  1
会签
  7
HH_CHN
100
AcDbText
  0
ATTDEF
  5
8A0
330
870
100
AcDbEntity
  8
HH_TITLE
100
AcDbText
 10
267.9595505617978
 20
8.099999999999998
 30
0.0
 40
2.799999999999999
  1

  7
HH_CHN
100
AcDbAttributeDefinition
  3

  2
COUNTERSIGN
 70
0
 71
1
 72
0
  0
LINE
  5
8A1
330
870
100
AcDbEntity
  8
HH_TITLE
100
AcDbLine
 10
142.5
 20
6.0
 30
0.0
 11
154.5
 21
6.0
 31
0.0
  0
LINE
  5
8A2
330
870
100
AcDbEntity
  8
HH_TITLE
100
AcDbLine
 10
148.5
 20
0.0
 30
0.0
 11
148.5
 21
12.0
 31
0.0
  0
LINE
  5
8A3
330
870
100
AcDbEntity
  8
HH_TITLE
100
AcDbLine
 10
142.5
 20
206.0
 30
0.0
 11
154.5
 21
206.0
 31
0.0
  0
LINE
  5
8A4
330
870
100
AcDbEntity
  8
HH_TITLE
100
AcDbLine
 10
148.5
 20
200.0
 30
0.0
 11
148.5
 21
212.0
 31
0.0
  0
LINE
  5
8A5
330
870
100
AcDbEntity
  8
HH_TITLE
100
AcDbLine
 10
19.0
 20
106.0
 30
0.0
 11
31.0
 21
106.0
 31
0.0
  0
LINE
  5
8A6
330
870
100
AcDbEntity
  8
HH_TITLE
100
AcDbLine
 10
25.0
 20
100.0
 30
0.0
 11
25.0
 21
112.0
 31
0.0
  0
LINE
  5
8A7
330
870
100
AcDbEntity
  8
HH_TITLE
100
AcDbLine
 10
286.0
 20
106.0
 30
0.0
 11
298.0
 21
106.0
 31
0.0
  0
LINE
  5
8A8
330
870
100
AcDbEntity
  8
HH_TITLE
100
AcDbLine
 10
292.0
 20
100.0
 30
0.0
 11
292.0
 21
112.0
 31
0.0
  0
CIRCLE
  5
8A9
330
870
100
AcDbEntity
  8
HH_TITLE
100
AcDbCircle
 10
41.0
 20
190.0
 30
0.0
 40
6.0
  0
LINE
  5
8AA
330
870
100
AcDbEntity
  8
HH_TITLE
100
AcDbLine
 10
41.0
 20
184.0
 30
0.0
 11
41.0
 21
196.0
 31
0.0
  0
LINE
  5
8AB
330
870
100
AcDbEntity
  8
HH_TITLE
100
AcDbLine
 10
41.0
 20
190.0
 30
0.0
 11
38.0
 21
187.0
 31
0.0
  0
LINE
  5
8AC
330
870
100
AcDbEntity
  8
HH_TITLE
100
AcDbLine
 10
41.0
 20
190.0
 30
0.0
 11
44.0
 21
193.0
 31
0.0
  0
ENDBLK
  5
872
330
870
100
AcDbEntity
  8
0
100
AcDbBlockEnd
  0
ENDSEC
  0
SECTION
  2
ENTITIES
  0
LINE
  5
70
330
1F
100
AcDbEntity
  8
图框
100
AcDbLine
 10
1.39e-14
 20
66.22062153984083
 30
0.0
 11
25.00000000000002
 21
66.22062153984083
 31
0.0
  0
LINE
  5
71
330
1F
100
AcDbEntity
  8
图框
370
25
100
AcDbLine
 10
112.0
 20
60.99999999999999
 30
0.0
 11
112.0
 21
5.0
 31
0.0
  0
LINE
  5
75
330
1F
100
AcDbEntity
  8
图框
100
AcDbLine
 10
1.39e-14
 20
71.22062153984083
 30
0.0
 11
25.00000000000002
 21
71.22062153984083
 31
0.0
  0
LINE
  5
76
330
1F
100
AcDbEntity
  8
图框
100
AcDbLine
 10
0.0
 20
53.43002782288127
 30
0.0
 11
24.99999999999999
 21
53.43002782288127
 31
0.0
  0
LINE
  5
77
330
1F
100
AcDbEntity
  8
图框
100
AcDbLine
 10
0.0
 20
58.43002782288127
 30
0.0
 11
24.99999999999999
 21
58.43002782288127
 31
0.0
  0
LINE
  5
78
330
1F
100
AcDbEntity
  8
图框
100
AcDbLine
 10
0.0
 20
40.43002782288127
 30
0.0
 11
24.99999999999999
 21
40.43002782288127
 31
0.0
  0
LINE
  5
79
330
1F
100
AcDbEntity
  8
图框
100
AcDbLine
 10
0.0
 20
45.43002782288125
 30
0.0
 11
24.99999999999999
 21
45.43002782288125
 31
0.0
  0
LINE
  5
7A
330
1F
100
AcDbEntity
  8
图框
100
AcDbLine
 10
0.0
 20
27.43002782288126
 30
0.0
 11
24.99999999999999
 21
27.43002782288126
 31
0.0
  0
LINE
  5
7B
330
1F
100
AcDbEntity
  8
图框
100
AcDbLine
 10
0.0
 20
32.43002782288126
 30
0.0
 11
24.99999999999999
 21
32.43002782288126
 31
0.0
  0
LINE
  5
7C
330
1F
100
AcDbEntity
  8
图框
100
AcDbLine
 10
0.0
 20
19.43002782288128
 30
0.0
 11
24.99999999999999
 21
19.43002782288128
 31
0.0
  0
LINE
  5
7D
330
1F
100
AcDbEntity
  8
图框
100
AcDbLine
 10
0.0
 20
14.43002782288127
 30
0.0
 11
24.99999999999999
 21
14.43002782288127
 31
0.0
  0
LINE
  5
7E
330
1F
100
AcDbEntity
  8
图框
370
25
100
AcDbLine
 10
0.0
 20
105.0
 30
0.0
 11
30.0
 21
105.0
 31
0.0
  0
LINE
  5
7F
330
1F
100
AcDbEntity
  8
图框
100
AcDbLine
 10
1.39e-14
 20
84.22062153984079
 30
0.0
 11
25.00000000000002
 21
84.22062153984079
 31
0.0
  0
LINE
  5
80
330
1F
100
AcDbEntity
  8
图框
100
AcDbLine
 10
1.39e-14
 20
79.22062153984085
 30
0.0
 11
25.00000000000002
 21
79.22062153984085
 31
0.0
  0
LINE
  5
82
330
1F
100
AcDbEntity
  8
图框
100
AcDbLine
 10
58.49999999999997
 20
0.0
 30
0.0
 11
58.49999999999997
 21
5.0
 31
0.0
  0
LINE
  5
83
330
1F
100
AcDbEntity
  8
图框
370
25
100
AcDbLine
 10
297.0
 20
105.0
 30
0.0
 11
287.0
 21
105.0
 31
0.0
  0
LINE
  5
84
330
1F
100
AcDbEntity
  8
图框
100
AcDbLine
 10
108.4999999999999
 20
0.0
 30
0.0
 11
108.5
 21
5.0
 31
0.0
  0
LINE
  5
85
330
1F
100
AcDbEntity
  8
图框
100
AcDbLine
 10
0.0
 20
155.0
 30
0.0
 11
25.0
 21
155.0
 31
0.0
  0
LINE
  5
89
330
1F
100
AcDbEntity
  8
图框
100
AcDbLine
 10
258.4999999999999
 20
210.0
 30
0.0
 11
258.4999999999999
 21
205.0
 31
0.0
  0
LINE
  5
8A
330
1F
100
AcDbEntity
  8
粗实线层
100
AcDbLine
 10
25.0
 20
190.9999999999999
 30
0.0
 11
84.99999999999999
 21
190.9999999999999
 31
0.0
  0
LINE
  5
8B
330
1F
100
AcDbEntity
  8
粗实线层
100
AcDbLine
 10
84.99999999999999
 20
190.9999999999999
 30
0.0
 11
84.99999999999999
 21
205.0
 31
0.0
  0
LINE
  5
8C
330
1F
100
AcDbEntity
  8
图框
100
AcDbLine
 10
297.0
 20
155.0
 30
0.0
 11
292.0
 21
154.9999999999999
 31
0.0
  0
LINE
  5
8E
330
1F
100
AcDbEntity
  8
图框
100
AcDbLine
 10
208.5
 20
210.0
 30
0.0
 11
208.5
 21
205.0
 31
0.0
  0
LINE
  5
93
330
1F
100
AcDbEntity
  8
图框
370
25
100
AcDbLine
 10
158.4999999999999
 20
210.0
 30
0.0
 11
158.4999999999999
 21
200.0
 31
0.0
  0
LINE
  5
94
330
1F
100
AcDbEntity
  8
图框
100
AcDbLine
 10
108.5
 20
210.0
 30
0.0
 11
108.5
 21
205.0
 31
0.0
  0
LINE
  5
95
330
1F
100
AcDbEntity
  8
图框
100
AcDbLine
 10
58.49999999999997
 20
210.0
 30
0.0
 11
58.49999999999997
 21
205.0
 31
0.0
  0
LINE
  5
96
330
1F
100
AcDbEntity
  8
图框
370
25
100
AcDbLine
 10
192.0000170090906
 20
12.16608589739257
 30
0.0
 11
292.0000382704538
 21
12.16608589739257
 31
0.0
  0
LINE
  5
9D
330
1F
100
AcDbEntity
  8
图框
370
25
100
AcDbLine
 10
191.9798763676701
 20
43.05216099765696
 30
0.0
 11
291.9798763676702
 21
43.05216099765697
 31
0.0
  0
LINE
  5
9F
330
1F
100
AcDbEntity
  8
图框
370
25
100
AcDbLine
 10
192.0
 20
24.00000000000005
 30
0.0
 11
292.0
 21
24.00000000000005
 31
0.0
  0
LINE
  5
B1
330
1F
100
AcDbEntity
  8
图框
370
25
100
AcDbLine
 10
112.0
 20
60.99999999999999
 30
0.0
 11
292.0
 21
60.99999999999999
 31
0.0
  0
MTEXT
  5
CA
330
1F
100
AcDbEntity
  8
图框
100
AcDbMText
 10
1.42e-14
 20
84.22062153984079
 30
0.0
 40
3.5
 41
0.0
 46
0.0
 71
1
  1
零件代号
  7
SLDTEXTSTYLE1
  0
MTEXT
  5
CB
330
1F
100
AcDbEntity
  8
图框
100
AcDbMText
 10
1.38e-14
 20
71.22062153984083
 30
0.0
 40
3.5
 41
0.0
 46
0.0
 71
1
  1
借(通)用件登记
  7
SLDTEXTSTYLE1
  0
MTEXT
  5
CC
330
1F
100
AcDbEntity
  8
图框
100
AcDbMText
 10
0.0
 20
58.43002782288127
 30
0.0
 40
3.5
 41
0.0
 46
0.0
 71
1
  1
旧底图总号
  7
SLDTEXTSTYLE1
  0
MTEXT
  5
CD
330
1F
100
AcDbEntity
  8
图框
100
AcDbMText
 10
0.0
 20
45.43002782288125
 30
0.0
 40
3.5
 41
0.0
 46
0.0
 71
1
  1
底 图 总 号
  7
SLDTEXTSTYLE1
  0
MTEXT
  5
CE
330
1F
100
AcDbEntity
  8
图框
100
AcDbMText
 10
3.950386974112289
 20
18.41347394383535
 30
0.0
 40
3.5
 41
0.0
 46
0.0
 71
2
  1
  日    期
  7
SLDTEXTSTYLE1
  0
MTEXT
  5
D8
330
1F
100
AcDbEntity
  8
图框
100
AcDbMText
 10
13.32031252002326
 20
132.0097856006483
 30
0.0
 40
3.5
 41
0.0
 46
0.0
 71
2
  1
B
  7
SLDTEXTSTYLE2
  0
MTEXT
  5
D9
330
1F
100
AcDbEntity
  8
图框
100
AcDbMText
 10
13.32031252002326
 20
184.5097856006483
 30
0.0
 40
3.5
 41
0.0
 46
0.0
 71
2
  1
A
  7
SLDTEXTSTYLE2
  0
MTEXT
  5
DE
330
1F
100
AcDbEntity
  8
图框
100
AcDbMText
 10
3.921016344741687
 20
31.76352465186066
 30
0.0
 40
3.5
 41
0.0
 46
0.0
 71
2
  1
  签    字
  7
SLDTEXTSTYLE1
  0
SPLINE
  5
EB
330
1F
100
AcDbEntity
  8
0
  6
Continuous
 62
7
370
30
100
AcDbSpline
 70
8
 71
3
 72
16
 73
12
 74
0
 42
1e-08
 40
0.6913541569758191
 40
0.6913541569758191
 40
0.6913541569758191
 40
0.6913541569758191
 40
0.7036234234120807
 40
0.7352078064784933
 40
0.7653342976763053
 40
0.7940028970059789
 40
0.8212136044680466
 40
0.846966420063132
 40
0.8712613437919742
 40
0.8940983756554498
 40
1.0
 40
1.0
 40
1.0
 40
1.0
 10
81.07212356557004
 20
176.3107371327983
 30
0.0
 10
81.08733972617391
 20
176.2800315812005
 30
0.0
 10
81.14131655318884
 20
176.1700786668727
 30
0.0
 10
81.229854149237
 20
175.9833645578259
 30
0.0
 10
81.33343465794152
 20
175.753143290762
 30
0.0
 10
81.4276132551553
 20
175.5321418813073
 30
0.0
 10
81.5127618315377
 20
175.3206167272424
 30
0.0
 10
81.58943739024548
 20
175.1189155034592
 30
0.0
 10
81.65759404269238
 20
174.9270157358047
 30
0.0
 10
81.79536969563013
 20
174.5229053131416
 30
0.0
 10
81.86711231567043
 20
174.1623054134109
 30
0.0
 10
82.28621450275719
 20
174.0829906106464
 30
0.0
  0
ARC
  5
EC
330
1F
100
AcDbEntity
  8
0
  6
Continuous
 62
7
370
30
100
AcDbCircle
 10
82.2962145027572
 20
142.8331087613383
 30
0.0
 40
31.24988344931412
100
AcDbArc
 50
89.98166528186135
 51
90.0183347181387
  0
SPLINE
  5
ED
330
1F
100
AcDbEntity
  8
0
  6
Continuous
 62
7
370
30
100
AcDbSpline
 70
8
 71
3
 72
16
 73
12
 74
0
 42
1e-08
 40
0.0
 40
0.0
 40
0.0
 40
0.0
 40
0.10590162434455
 40
0.1287386562080258
 40
0.1530335799368679
 40
0.1787863955319534
 40
0.2059971029940211
 40
0.2346657023236946
 40
0.2647921935215068
 40
0.2963765765879194
 40
0.3086458430241799
 40
0.3086458430241799
 40
0.3086458430241799
 40
0.3086458430241799
 10
82.3062145027572
 20
174.0829906106464
 30
0.0
 10
82.72531668984396
 20
174.1623054134109
 30
0.0
 10
82.79705930988425
 20
174.5229053131416
 30
0.0
 10
82.93483496282201
 20
174.9270157358047
 30
0.0
 10
83.00299161526893
 20
175.1189155034592
 30
0.0
 10
83.07966717397667
 20
175.3206167272424
 30
0.0
 10
83.1648157503591
 20
175.5321418813073
 30
0.0
 10
83.25899434757287
 20
175.753143290762
 30
0.0
 10
83.36257485627738
 20
175.9833645578259
 30
0.0
 10
83.45111245232557
 20
176.1700786668727
 30
0.0
 10
83.50508927934045
 20
176.2800315812005
 30
0.0
 10
83.52030543994434
 20
176.3107371327983
 30
0.0
  0
ARC
  5
EE
330
1F
100
AcDbEntity
  8
0
  6
Continuous
 62
7
370
30
100
AcDbCircle
 10
82.2962145027572
 20
142.8331087613383
 30
0.0
 40
33.50000000000065
100
AcDbArc
 50
86.55559401220582
 51
87.90594444933349
  0
SPLINE
  5
EF
330
1F
100
AcDbEntity
  8
0
  6
Continuous
 62
7
370
30
100
AcDbSpline
 70
8
 71
3
 72
16
 73
12
 74
0
 42
1e-08
 40
0.6913541569758187
 40
0.6913541569758187
 40
0.6913541569758187
 40
0.6913541569758187
 40
0.7036234234120807
 40
0.7352078064784933
 40
0.7653342976763053
 40
0.7940028970059789
 40
0.8212136044680466
 40
0.846966420063132
 40
0.8712613437919742
 40
0.8940983756554498
 40
1.0
 40
1.0
 40
1.0
 40
1.0
 10
84.30889524625182
 20
176.2725931506774
 30
0.0
 10
84.32107685908124
 20
176.2405623724895
 30
0.0
 10
84.3641897156731
 20
176.1259132433159
 30
0.0
 10
84.43429347512755
 20
175.9315256733906
 30
0.0
 10
84.51517087501905
 20
175.6923822022717
 30
0.0
 10
84.58758009958517
 20
175.4633229624409
 30
0.0
 10
84.65191604931888
 20
175.2445672620947
 30
0.0
 10
84.70876668254982
 20
175.0364073944928
 30
0.0
 10
84.75808415584777
 20
174.8388254192872
 30
0.0
 10
84.85621434033696
 20
174.42330426322
 30
0.0
 10
84.89281912941621
 20
174.0574636139851
 30
0.0
 10
85.30230981180165
 20
173.9380698863526
 30
0.0
  0
ARC
  5
F0
330
1F
100
AcDbEntity
  8
0
  6
Continuous
 62
7
370
30
100
AcDbCircle
 10
82.2962145027572
 20
142.8331087613383
 30
0.0
 40
31.24988344931412
100
AcDbArc
 50
84.44320374340057
 51
84.47987317967795
  0
SPLINE
  5
F1
330
1F
100
AcDbEntity
  8
0
  6
Continuous
 62
7
370
30
100
AcDbSpline
 70
8
 71
3
 72
16
 73
12
 74
0
 42
1e-08
 40
0.0
 40
0.0
 40
0.0
 40
0.0
 40
0.10590162434455
 40
0.1287386562080258
 40
0.1530335799368679
 40
0.1787863955319534
 40
0.2059971029940211
 40
0.2346657023236946
 40
0.2647921935215068
 40
0.2963765765879194
 40
0.3086458430241803
 40
0.3086458430241803
 40
0.3086458430241803
 40
0.3086458430241803
 10
85.32221644449601
 20
173.9361396079344
 30
0.0
 10
85.74701709208416
 20
173.9746349448877
 30
0.0
 10
85.85322770157221
 20
174.326627271009
 30
0.0
 10
86.02936244880867
 20
174.715553890133
 30
0.0
 10
86.11572192010445
 20
174.8999797338105
 30
0.0
 10
86.21150650525651
 20
175.093339083794
 30
0.0
 10
86.31667269897191
 20
175.2956587382064
 30
0.0
 10
86.43174134864624
 20
175.5065388866705
 30
0.0
 10
86.55705786286224
 20
175.7256884357385
 30
0.0
 10
86.663202643825
 20
175.9029857845779
 30
0.0
 10
86.72753947417236
 20
176.0072158833241
 30
0.0
 10
86.7456481133589
 20
176.0363095188697
 30
0.0
  0
ARC
  5
F2
330
1F
100
AcDbEntity
  8
0
  6
Continuous
 62
7
370
30
100
AcDbCircle
 10
82.2962145027572
 20
142.8331087613383
 30
0.0
 40
33.50000000000064
100
AcDbArc
 50
81.01713247374425
 51
82.36748291087272
  0
SPLINE
  5
F3
330
1F
100
AcDbEntity
  8
0
  6
Continuous
 62
7
370
30
100
AcDbSpline
 70
8
 71
3
 72
16
 73
12
 74
0
 42
1e-08
 40
0.6913541569758196
 40
0.6913541569758196
 40
0.6913541569758196
 40
0.6913541569758196
 40
0.7036234234120807
 40
0.7352078064784933
 40
0.7653342976763053
 40
0.7940028970059789
 40
0.8212136044680466
 40
0.846966420063132
 40
0.8712613437919742
 40
0.8940983756554498
 40
1.0
 40
1.0
 40
1.0
 40
1.0
 10
87.52687506911927
 20
175.9222337125907
 30
0.0
 10
87.53590839773742
 20
175.8891767705583
 30
0.0
 10
87.56775475078038
 20
175.7709018745676
 30
0.0
 10
87.61877013372747
 20
175.5706557881292
 30
0.0
 10
87.67618929431443
 20
175.3248229311115
 30
0.0
 10
87.72615308081268
 20
175.0898445253103
 30
0.0
 10
87.76907571646944
 20
174.8659007417163
 30
0.0
 10
87.80557062517862
 20
174.6532257628939
 30
0.0
 10
87.83558845536726
 20
174.4518063498042
 30
0.0
 10
87.89315695631505
 20
174.028754069411
 30
0.0
 10
87.89428214538025
 20
173.6610884262436
 30
0.0
 10
88.29033801889419
 20
173.5027305208092
 30
0.0
  0
ARC
  5
F4
330
1F
100
AcDbEntity
  8
0
  6
Continuous
 62
7
370
30
100
AcDbCircle
 10
82.2962145027572
 20
142.8331087613383
 30
0.0
 40
31.24988344931413
100
AcDbArc
 50
78.90474220493905
 51
78.94141164121638
  0
SPLINE
  5
F5
330
1F
100
AcDbEntity
  8
0
  6
Continuous
 62
7
370
30
100
AcDbSpline
 70
8
 71
3
 72
16
 73
12
 74
0
 42
1e-08
 40
0.0
 40
0.0
 40
0.0
 40
0.0
 40
0.10590162434455
 40
0.1287386562080258
 40
0.1530335799368679
 40
0.1787863955319534
 40
0.2059971029940211
 40
0.2346657023236946
 40
0.2647921935215068
 40
0.2963765765879194
 40
0.3086458430250367
 40
0.3086458430250367
 40
0.3086458430250367
 40
0.3086458430250367
 10
88.30996542141698
 20
173.4988879864621
 30
0.0
 10
88.73649828031633
 20
173.4962044370151
 30
0.0
 10
88.87618521940819
 20
173.836302732017
 30
0.0
 10
89.08903453826532
 20
174.2064142445499
 30
0.0
 10
89.19279051329478
 20
174.3816442298387
 30
0.0
 10
89.30678981002733
 20
174.5648563618695
 30
0.0
 10
89.43099171266053
 20
174.7560815125282
 30
0.0
 10
89.56587604981692
 20
174.954871468874
 30
0.0
 10
89.71175852301586
 20
175.1609031596533
 30
0.0
 10
89.83451944367391
 20
175.3271283707113
 30
0.0
 10
89.9086155817049
 20
175.4246624855289
 30
0.0
 10
89.92944762399055
 20
175.451872565588
 30
0.0
  0
ARC
  5
F6
330
1F
100
AcDbEntity
  8
0
  6
Continuous
 62
7
370
30
100
AcDbCircle
 10
82.2962145027572
 20
142.8331087613383
 30
0.0
 40
33.50000000000719
100
AcDbArc
 50
75.4786709352827
 51
76.82902137240613
  0
SPLINE
  5
F7
330
1F
100
AcDbEntity
  8
0
  6
Continuous
 62
7
370
30
100
AcDbSpline
 70
8
 71
3
 72
16
 73
12
 74
0
 42
1e-08
 40
0.6913541569758204
 40
0.6913541569758204
 40
0.6913541569758204
 40
0.6913541569758204
 40
0.7036234234120807
 40
0.7352078064784933
 40
0.7653342976763053
 40
0.7940028970059789
 40
0.8212136044680466
 40
0.846966420063132
 40
0.8712613437919742
 40
0.8940983756554498
 40
1.0
 40
1.0
 40
1.0
 40
1.0
 10
90.6960176236032
 20
175.2629300302123
 30
0.0
 10
90.70181832625467
 20
175.2291555680967
 30
0.0
 10
90.72210083493088
 20
175.1083592061251
 30
0.0
 10
90.75355152448539
 20
174.9041242469294
 30
0.0
 10
90.78697633853614
 20
174.6538972791628
 30
0.0
 10
90.814028188554
 20
174.4151936374547
 30
0.0
 10
90.83513675304955
 20
174.188152673382
 30
0.0
 10
90.85093519410736
 20
173.9729482723142
 30
0.0
 10
90.86137311279411
 20
173.7695720201309
 30
0.0
 10
90.87784242861815
 20
173.3429385405684
 30
0.0
 10
90.8434775120821
 20
172.9768806985167
 30
0.0
 10
91.22240070974497
 20
172.7810371603761
 30
0.0
  0
ARC
  5
F8
330
1F
100
AcDbEntity
  8
0
  6
Continuous
 62
7
370
30
100
AcDbCircle
 10
82.2962145027572
 20
142.8331087613383
 30
0.0
 40
31.2498834493141
100
AcDbArc
 50
73.3662806664775
 51
73.40295010275484
  0
SPLINE
  5
F9
330
1F
100
AcDbEntity
  8
0
  6
Continuous
 62
7
370
30
100
AcDbSpline
 70
8
 71
3
 72
16
 73
12
 74
0
 42
1e-08
 40
0.0
 40
0.0
 40
0.0
 40
0.0
 40
0.10590162434455
 40
0.1287386562080258
 40
0.1530335799368679
 40
0.1787863955319534
 40
0.2059971029940211
 40
0.2346657023236946
 40
0.2647921935215068
 40
0.2963765765879194
 40
0.3086458430241807
 40
0.3086458430241807
 40
0.3086458430241807
 40
0.3086458430241807
 10
91.24156562632719
 20
172.7753182468081
 30
0.0
 10
91.66584827415716
 20
172.7314808665389
 30
0.0
 10
91.83770732353915
 20
173.0565097242756
 30
0.0
 10
92.0852838972759
 20
173.4043504987459
 30
0.0
 10
92.20546763445572
 20
173.5687485504866
 30
0.0
 10
92.33661726205057
 20
173.7401028622517
 30
0.0
 10
92.47869523390106
 20
173.9184480914478
 30
0.0
 10
92.63213587982612
 20
174.103291807414
 30
0.0
 10
92.7972222466616
 20
174.2942819775198
 30
0.0
 10
92.9354531213721
 20
174.4478830507839
 30
0.0
 10
93.01861675140704
 20
174.5378105319184
 30
0.0
 10
93.04197769362302
 20
174.562883003301
 30
0.0
  0
ARC
  5
FA
330
1F
100
AcDbEntity
  8
0
  6
Continuous
 62
7
370
30
100
AcDbCircle
 10
82.2962145027572
 20
142.8331087613383
 30
0.0
 40
33.50000000000064
100
AcDbArc
 50
69.94020939682115
 51
71.2905598339496
  0
SPLINE
  5
FB
330
1F
100
AcDbEntity
  8
0
  6
Continuous
 62
7
370
30
100
AcDbSpline
 70
8
 71
3
 72
16
 73
12
 74
0
 42
1e-08
 40
0.69135415697582
 40
0.69135415697582
 40
0.69135415697582
 40
0.69135415697582
 40
0.7036234234120807
 40
0.7352078064784933
 40
0.7653342976763053
 40
0.7940028970059789
 40
0.8212136044680466
 40
0.846966420063132
 40
0.8712613437919742
 40
0.8940983756554498
 40
1.0
 40
1.0
 40
1.0
 40
1.0
 10
93.78673347955122
 20
174.300837844385
 30
0.0
 10
93.78924739663827
 20
174.2666612052388
 30
0.0
 10
93.79777668862906
 20
174.1444712203713
 30
0.0
 10
93.80936903817656
 20
173.9381542752042
 30
0.0
 10
93.8184874272081
 20
173.6858694984668
 30
0.0
 10
93.82237476491068
 20
173.4456693324392
 30
0.0
 10
93.8214721732657
 20
173.2176510081965
 30
0.0
 10
93.81642664088469
 20
173.0019264903924
 30
0.0
 10
93.80718719203512
 20
172.7984922683855
 30
0.0
 10
93.78240355317097
 20
172.3722609515023
 30
0.0
 10
93.7128693870003
 20
172.0112286940085
 30
0.0
 10
94.0711220050108
 20
171.7797280615102
 30
0.0
  0
ARC
  5
FC
330
1F
100
AcDbEntity
  8
0
  6
Continuous
 62
7
370
30
100
AcDbCircle
 10
82.2962145027572
 20
142.8331087613383
 30
0.0
 40
31.24988344931411
100
AcDbArc
 50
67.82781912801596
 51
67.8644885642933
  0
SPLINE
  5
FD
330
1F
100
AcDbEntity
  8
0
  6
Continuous
 62
7
370
30
100
AcDbSpline
 70
8
 71
3
 72
16
 73
12
 74
0
 42
1e-08
 40
0.0
 40
0.0
 40
0.0
 40
0.0
 40
0.10590162434455
 40
0.1287386562080258
 40
0.1530335799368679
 40
0.1787863955319534
 40
0.2059971029940211
 40
0.2346657023236946
 40
0.2647921935215068
 40
0.2963765765879194
 40
0.3086458430241807
 40
0.3086458430241807
 40
0.3086458430241807
 40
0.3086458430241807
 10
94.08964549798993
 20
171.7721861646765
 30
0.0
 10
94.5077165219845
 20
171.6876042513933
 30
0.0
 10
94.71014308001742
 20
171.9945289649943
 30
0.0
 10
94.9901353528707
 20
172.3168513058114
 30
0.0
 10
95.12562472902854
 20
172.4688824836894
 30
0.0
 10
95.27270017874925
 20
172.6267790861489
 30
0.0
 10
95.43132767607464
 20
172.7905792325298
 30
0.0
 10
95.60189199679967
 20
172.9597508721439
 30
0.0
 10
95.78464089034468
 20
173.1339162978175
 30
0.0
 10
95.93705109467611
 20
173.2734591014541
 30
0.0
 10
96.02850574031012
 20
173.3549403202455
 30
0.0
 10
96.05417746763462
 20
173.3776410880436
 30
0.0
  0
ARC
  5
FE
330
1F
100
AcDbEntity
  8
0
  6
Continuous
 62
7
370
30
100
AcDbCircle
 10
82.2962145027572
 20
142.8331087613383
 30
0.0
 40
33.50000000000065
100
AcDbArc
 50
64.40174785835958
 51
65.7520982954881
  0
SPLINE
  5
FF
330
1F
100
AcDbEntity
  8
0
  6
Continuous
 62
7
370
30
100
AcDbSpline
 70
8
 71
3
 72
16
 73
12
 74
0
 42
1e-08
 40
0.6913541569758208
 40
0.6913541569758208
 40
0.6913541569758208
 40
0.6913541569758208
 40
0.7036234234120807
 40
0.7352078064784933
 40
0.7653342976763053
 40
0.7940028970059789
 40
0.8212136044680466
 40
0.846966420063132
 40
0.8712613437919742
 40
0.8940983756554498
 40
1.0
 40
1.0
 40
1.0
 40
1.0
 10
96.77016545576431
 20
173.0449399506262
 30
0.0
 10
96.76936911552043
 20
173.0106802325207
 30
0.0
 10
96.76606555512456
 20
172.8882374797239
 30
0.0
 10
96.7576913300207
 20
172.6817648743133
 30
0.0
 10
96.7424181580915
 20
172.429777803591
 30
0.0
 10
96.72310468845409
 20
172.1903237974757
 30
0.0
 10
96.70019936792359
 20
171.9634570587202
 30
0.0
 10
96.67435697088008
 20
171.7492265858789
 30
0.0
 10
96.64552642073866
 20
171.5476338045667
 30
0.0
 10
96.57972122534481
 20
171.1257842573268
 30
0.0
 10
96.47566703131407
 20
170.7731484453044
 30
0.0
 10
96.80990416150375
 20
170.5081521774796
 30
0.0
  0
ARC
  5
100
330
1F
100
AcDbEntity
  8
0
  6
Continuous
 62
7
370
30
100
AcDbCircle
 10
82.2962145027572
 20
142.8331087613383
 30
0.0
 40
31.24988344931411
100
AcDbArc
 50
62.28935758955439
 51
62.32602702583175
  0
SPLINE
  5
101
330
1F
100
AcDbEntity
  8
0
  6
Continuous
 62
7
370
30
100
AcDbSpline
 70
8
 71
3
 72
16
 73
12
 74
0
 42
1e-08
 40
0.0
 40
0.0
 40
0.0
 40
0.0
 40
0.10590162434455
 40
0.1287386562080258
 40
0.1530335799368679
 40
0.1787863955319534
 40
0.2059971029940211
 40
0.2346657023236946
 40
0.2647921935215068
 40
0.2963765765879194
 40
0.3086458430250365
 40
0.3086458430250365
 40
0.3086458430250365
 40
0.3086458430250365
 10
96.82761328201681
 20
170.4988577140387
 30
0.0
 10
97.235569265668
 20
170.3743209862767
 30
0.0
 10
97.46667333012036
 20
170.6602758823874
 30
0.0
 10
97.7764670896783
 20
170.9540703527
 30
0.0
 10
97.92599707701466
 20
171.0923151825702
 30
0.0
 10
98.0876251450144
 20
171.2352798376897
 30
0.0
 10
98.26132110561207
 20
171.3830055434222
 30
0.0
 10
98.44741658803052
 20
171.5349255966659
 30
0.0
 10
98.64612173110501
 20
171.6906401422541
 30
0.0
 10
98.81128825204615
 20
171.8148218027048
 30
0.0
 10
98.91018002589595
 20
171.8870959909686
 30
0.0
 10
98.9379228483298
 20
171.9072131042312
 30
0.0
  0
ARC
  5
102
330
1F
100
AcDbEntity
  8
0
  6
Continuous
 62
7
370
30
100
AcDbCircle
 10
82.2962145027572
 20
142.8331087613383
 30
0.0
 40
33.5000000000072
100
AcDbArc
 50
58.86328631989807
 51
60.2136367570215
  0
SPLINE
  5
103
330
1F
100
AcDbEntity
  8
0
  6
Continuous
 62
7
370
30
100
AcDbSpline
 70
8
 71
3
 72
16
 73
12
 74
0
 42
1e-08
 40
0.6913541569758195
 40
0.6913541569758195
 40
0.6913541569758195
 40
0.6913541569758195
 40
0.7036234234120807
 40
0.7352078064784933
 40
0.7653342976763053
 40
0.7940028970059789
 40
0.8212136044680466
 40
0.846966420063132
 40
0.8712613437919742
 40
0.8940983756554498
 40
1.0
 40
1.0
 40
1.0
 40
1.0
 10
99.61845805172247
 20
171.5069623291867
 30
0.0
 10
99.61435888936195
 20
171.4729394058792
 30
0.0
 10
99.59925332103273
 20
171.3513871001453
 30
0.0
 10
99.57099070916102
 20
171.146686613577
 30
0.0
 10
99.53146857776221
 20
170.897349984255
 30
0.0
 10
99.48913462544706
 20
170.6608778555897
 30
0.0
 10
99.44444043683733
 20
170.4372808959353
 30
0.0
 10
99.39804245862973
 20
170.2265446802604
 30
0.0
 10
99.34988999027513
 20
170.0286755571259
 30
0.0
 10
99.24367764373073
 20
169.6151464750907
 30
0.0
 10
99.10607494781372
 20
169.274199574104
 30
0.0
 10
99.41317590815328
 20
168.9781818697061
 30
0.0
  0
ARC
  5
104
330
1F
100
AcDbEntity
  8
0
  6
Continuous
 62
7
370
30
100
AcDbCircle
 10
82.2962145027572
 20
142.8331087613383
 30
0.0
 40
31.24988344931408
100
AcDbArc
 50
56.75089605109284
 51
56.78756548737017
  0
SPLINE
  5
105
330
1F
100
AcDbEntity
  8
0
  6
Continuous
 62
7
370
30
100
AcDbSpline
 70
8
 71
3
 72
16
 73
12
 74
0
 42
1e-08
 40
0.0
 40
0.0
 40
0.0
 40
0.0
 40
0.10590162434455
 40
0.1287386562080258
 40
0.1530335799368679
 40
0.1787863955319534
 40
0.2059971029940211
 40
0.2346657023236946
 40
0.2647921935215068
 40
0.2963765765879194
 40
0.3086458430241793
 40
0.3086458430241793
 40
0.3086458430241793
 40
0.3086458430241793
 10
99.42990531091348
 20
168.967221619559
 30
0.0
 10
99.82393727911968
 20
168.8038928431904
 30
0.0
 10
100.0815610936093
 20
169.0662080379922
 30
0.0
 10
100.4182638790083
 20
169.3287315579897
 30
0.0
 10
100.58043835632
 20
169.4518992851235
 30
0.0
 10
100.7551099648762
 20
169.578597170438
 30
0.0
 10
100.9422526363619
 20
169.7088691604103
 30
0.0
 10
101.1421417570951
 20
169.842119190679
 30
0.0
 10
101.3549478933164
 20
169.9779289914246
 30
0.0
 10
101.5313286155591
 20
170.0855900579819
 30
0.0
 10
101.6367341917733
 20
170.1479824110928
 30
0.0
 10
101.6662890820544
 20
170.1653280417507
 30
0.0
  0
ARC
  5
106
330
1F
100
AcDbEntity
  8
0
  6
Continuous
 62
7
370
30
100
AcDbCircle
 10
82.2962145027572
 20
142.8331087613383
 30
0.0
 40
33.50000000000065
100
AcDbArc
 50
53.3248247814365
 51
54.675175218565
  0
SPLINE
  5
107
330
1F
100
AcDbEntity
  8
0
  6
Continuous
 62
7
370
30
100
AcDbSpline
 70
8
 71
3
 72
16
 73
12
 74
0
 42
1e-08
 40
0.6913541569758203
 40
0.6913541569758203
 40
0.6913541569758203
 40
0.6913541569758203
 40
0.7036234234120807
 40
0.7352078064784933
 40
0.7653342976763053
 40
0.7940028970059789
 40
0.8212136044680466
 40
0.846966420063132
 40
0.8712613437919742
 40
0.8940983756554498
 40
1.0
 40
1.0
 40
1.0
 40
1.0
 10
102.3050175268877
 20
169.7012646627326
 30
0.0
 10
102.2976538151851
 20
169.6677961970909
 30
0.0
 10
102.270887275544
 20
169.5482692395482
 30
0.0
 10
102.2230001572966
 20
169.3472521051117
 30
0.0
 10
102.1595980739204
 20
169.1028939061178
 30
0.0
 10
102.094638899634
 20
168.8716115314539
 30
0.0
 10
102.0285731405419
 20
168.6533720154681
 30
0.0
 10
101.9620527865914
 20
168.4480976442254
 30
0.0
 10
101.8950279866468
 20
168.2557996299585
 30
0.0
 10
101.7494001650141
 20
167.8544520227477
 30
0.0
 10
101.5795337265076
 20
167.5283773621479
 30
0.0
 10
101.8566311980742
 20
167.2041020587252
 30
0.0
  0
ARC
  5
108
330
1F
100
AcDbEntity
  8
0
  6
Continuous
 62
7
370
30
100
AcDbCircle
 10
82.2962145027572
 20
142.8331087613383
 30
0.0
 40
31.24988344931409
100
AcDbArc
 50
51.21243451263127
 51
51.24910394890862
  0
SPLINE
  5
109
330
1F
100
AcDbEntity
  8
0
  6
Continuous
 62
7
370
30
100
AcDbSpline
 70
8
 71
3
 72
16
 73
12
 74
0
 42
1e-08
 40
0.0
 40
0.0
 40
0.0
 40
0.0
 40
0.10590162434455
 40
0.1287386562080258
 40
0.1530335799368679
 40
0.1787863955319534
 40
0.2059971029940211
 40
0.2346657023236946
 40
0.2647921935215068
 40
0.2963765765879194
 40
0.3086458430241794
 40
0.3086458430241794
 40
0.3086458430241794
 40
0.3086458430241794
 10
101.8722246851555
 20
167.1915783547744
 30
0.0
 10
102.2486536675956
 20
166.9909824865779
 30
0.0
 10
102.5303918679796
 20
167.2272088137739
 30
0.0
 10
102.890859976032
 20
167.4560102720831
 30
0.0
 10
103.0641647639199
 20
167.562950912598
 30
0.0
 10
103.2502490512863
 20
167.6721990840891
 30
0.0
 10
103.4490911329591
 20
167.7838010438307
 30
0.0
 10
103.6609075811439
 20
167.8971369314942
 30
0.0
 10
103.8858277969556
 20
168.0117739678795
 30
0.0
 10
104.0717759012214
 20
168.1019092381741
 30
0.0
 10
104.1827111363369
 20
168.1538372155432
 30
0.0
 10
104.2138021484198
 20
168.1682494121178
 30
0.0
  0
ARC
  5
10A
330
1F
100
AcDbEntity
  8
0
  6
Continuous
 62
7
370
30
100
AcDbCircle
 10
82.2962145027572
 20
142.8331087613383
 30
0.0
 40
33.50000000000064
100
AcDbArc
 50
47.78636324297494
 51
49.13671368010339
  0
SPLINE
  5
10B
330
1F
100
AcDbEntity
  8
0
  6
Continuous
 62
7
370
30
100
AcDbSpline
 70
8
 71
3
 72
16
 73
12
 74
0
 42
1e-08
 40
0.6913541569758188
 40
0.6913541569758188
 40
0.6913541569758188
 40
0.6913541569758188
 40
0.7036234234120807
 40
0.7352078064784933
 40
0.7653342976763053
 40
0.7940028970059789
 40
0.8212136044680466
 40
0.846966420063132
 40
0.8712613437919742
 40
0.8940983756554498
 40
1.0
 40
1.0
 40
1.0
 40
1.0
 10
104.8047601992945
 20
167.6447062638567
 30
0.0
 10
104.7942006912419
 20
167.6121047419269
 30
0.0
 10
104.7560230922578
 20
167.4957191235732
 30
0.0
 10
104.6889585767551
 20
167.3002621840916
 30
0.0
 10
104.6022685095713
 20
167.0631639220911
 30
0.0
 10
104.5152906196217
 20
166.8392307226453
 30
0.0
 10
104.4284701282394
 20
166.6283862938874
 30
0.0
 10
104.342448481168
 20
166.4304903585731
 30
0.0
 10
104.2571771421315
 20
166.245558887921
 30
0.0
 10
104.0734935331439
 20
165.8601400300059
 30
0.0
 10
103.8729493492162
 20
165.5519820810432
 30
0.0
 10
104.1174561475776
 20
165.2024768497325
 30
0.0
  0
ARC
  5
10C
330
1F
100
AcDbEntity
  8
0
  6
Continuous
 62
7
370
30
100
AcDbCircle
 10
82.2962145027572
 20
142.8331087613383
 30
0.0
 40
31.24988344931409
100
AcDbArc
 50
45.67397297416973
 51
45.71064241044707
  0
SPLINE
  5
10D
330
1F
100
AcDbEntity
  8
0
  6
Continuous
 62
7
370
30
100
AcDbSpline
 70
8
 71
3
 72
16
 73
12
 74
0
 42
1e-08
 40
0.0
 40
0.0
 40
0.0
 40
0.0
 40
0.10590162434455
 40
0.1287386562080258
 40
0.1530335799368679
 40
0.1787863955319534
 40
0.2059971029940211
 40
0.2346657023236946
 40
0.2647921935215068
 40
0.2963765765879194
 40
0.3086458430241803
 40
0.3086458430241803
 40
0.3086458430241803
 40
0.3086458430241803
 10
104.1317681267925
 20
165.1885066224275
 30
0.0
 10
104.4870795074809
 20
164.9525165719766
 30
0.0
 10
104.7903015800923
 20
165.1604484499975
 30
0.0
 10
105.1711694171961
 20
165.3533915890494
 30
0.0
 10
105.3539864155503
 20
165.4431066669986
 30
0.0
 10
105.5497459628732
 20
165.5338851039244
 30
0.0
 10
105.7584309197916
 20
165.6257750360067
 30
0.0
 10
105.9801970223223
 20
165.7181385944184
 30
0.0
 10
106.2151312982707
 20
165.8105325313221
 30
0.0
 10
106.4089106372111
 20
165.8823004366208
 30
0.0
 10
106.5243397588274
 20
165.9232792007146
 30
0.0
 10
106.5566766043094
 20
165.9346234004098
 30
0.0
  0
ARC
  5
10E
330
1F
100
AcDbEntity
  8
0
  6
Continuous
 62
7
370
30
100
AcDbCircle
 10
82.2962145027572
 20
142.8331087613383
 30
0.0
 40
33.50000000000065
100
AcDbArc
 50
42.2479017045134
 51
43.59825214164187
  0
SPLINE
  5
10F
330
1F
100
AcDbEntity
  8
0
  6
Continuous
 62
7
370
30
100
AcDbSpline
 70
8
 71
3
 72
16
 73
12
 74
0
 42
1e-08
 40
0.6913541569758191
 40
0.6913541569758191
 40
0.6913541569758191
 40
0.6913541569758191
 40
0.7036234234120807
 40
0.7352078064784933
 40
0.7653342976763053
 40
0.7940028970059789
 40
0.8212136044680466
 40
0.846966420063132
 40
0.8712613437919742
 40
0.8940983756554498
 40
1.0
 40
1.0
 40
1.0
 40
1.0
 10
107.0943466451294
 20
165.3564886642199
 30
0.0
 10
107.0806899320083
 20
165.3250584776283
 30
0.0
 10
107.0314577276365
 20
165.2129008596237
 30
0.0
 10
106.9458419781904
 20
165.024829043878
 30
0.0
 10
106.8366733289989
 20
164.7972044414606
 30
0.0
 10
106.7284888125096
 20
164.5827112211806
 30
0.0
 10
106.6217242083727
 20
164.3812304772729
 30
0.0
 10
106.5170044291218
 20
164.1925606789149
 30
0.0
 10
106.4142827065108
 20
164.016722407192
 30
0.0
 10
106.1942583145346
 20
163.6508308506035
 30
0.0
 10
105.9649088121974
 20
163.3634668010187
 30
0.0
 10
106.1745420432561
 20
162.9919948779957
 30
0.0
  0
ARC
  5
110
330
1F
100
AcDbEntity
  8
0
  6
Continuous
 62
7
370
30
100
AcDbCircle
 10
82.2962145027572
 20
142.8331087613383
 30
0.0
 40
31.24988344931411
100
AcDbArc
 50
40.1355114357082
 51
40.17218087198553
  0
SPLINE
  5
111
330
1F
100
AcDbEntity
  8
0
  6
Continuous
 62
7
370
30
100
AcDbSpline
 70
8
 71
3
 72
16
 73
12
 74
0
 42
1e-08
 40
0.0
 40
0.0
 40
0.0
 40
0.0
 40
0.10590162434455
 40
0.1287386562080258
 40
0.1530335799368679
 40
0.1787863955319534
 40
0.2059971029940211
 40
0.2346657023236946
 40
0.2647921935215068
 40
0.2963765765879194
 40
0.3086458430241803
 40
0.3086458430241803
 40
0.3086458430241803
 40
0.3086458430241803
 10
106.1874388875108
 20
162.9767085635848
 30
0.0
 10
106.5183152198194
 20
162.7075277063967
 30
0.0
 10
106.8401900618651
 20
162.8852237313216
 30
0.0
 10
107.2379015676444
 20
163.0405070930125
 30
0.0
 10
107.4285238634085
 20
163.1121589628855
 30
0.0
 10
107.6321309165392
 20
163.1836200914395
 30
0.0
 10
107.8487103134876
 20
163.2549400443249
 30
0.0
 10
108.0783555000163
 20
163.325468899826
 30
0.0
 10
108.3211103180666
 20
163.3947570799534
 30
0.0
 10
108.5209116262048
 20
163.4474875426612
 30
0.0
 10
108.6397569037141
 20
163.4771344858005
 30
0.0
 10
108.6730376621815
 20
163.4853047708802
 30
0.0
  0
ARC
  5
112
330
1F
100
AcDbEntity
  8
0
  6
Continuous
 62
7
370
30
100
AcDbCircle
 10
82.2962145027572
 20
142.8331087613383
 30
0.0
 40
33.50000000000064
100
AcDbArc
 50
36.70944016605189
 51
38.05979060318031
  0
SPLINE
  5
113
330
1F
100
AcDbEntity
  8
0
  6
Continuous
 62
7
370
30
100
AcDbSpline
 70
8
 71
3
 72
16
 73
12
 74
0
 42
1e-08
 40
0.6913541569758195
 40
0.6913541569758195
 40
0.6913541569758195
 40
0.6913541569758195
 40
0.7036234234120807
 40
0.7352078064784933
 40
0.7653342976763053
 40
0.7940028970059789
 40
0.8212136044680466
 40
0.846966420063132
 40
0.8712613437919742
 40
0.8940983756554498
 40
1.0
 40
1.0
 40
1.0
 40
1.0
 10
109.1523996126431
 20
162.8579763350234
 30
0.0
 10
109.1357732035044
 20
162.828010938954
 30
0.0
 10
109.0759460615722
 20
162.7211285067586
 30
0.0
 10
108.9725784493673
 20
162.5421977906191
 30
0.0
 10
108.8419504964316
 20
162.3261721173675
 30
0.0
 10
108.7135694430844
 20
162.123121541659
 30
0.0
 10
108.5878575585355
 20
161.9328856540213
 30
0.0
 10
108.4654173874688
 20
161.7552035516926
 30
0.0
 10
108.3462043663306
 20
161.5901002334651
 30
0.0
 10
108.0918934998313
 20
161.2471522090828
 30
0.0
 10
107.835880053593
 20
160.9832650995809
 30
0.0
 10
108.0086824283532
 20
160.5932948181033
 30
0.0
  0
ARC
  5
114
330
1F
100
AcDbEntity
  8
0
  6
Continuous
 62
7
370
30
100
AcDbCircle
 10
82.2962145027572
 20
142.8331087613383
 30
0.0
 40
31.2498834493141
100
AcDbArc
 50
34.59704989724669
 51
34.63371933352403
  0
SPLINE
  5
115
330
1F
100
AcDbEntity
  8
0
  6
Continuous
 62
7
370
30
100
AcDbSpline
 70
8
 71
3
 72
16
 73
12
 74
0
 42
1e-08
 40
0.0
 40
0.0
 40
0.0
 40
0.0
 40
0.10590162434455
 40
0.1287386562080258
 40
0.1530335799368679
 40
0.1787863955319534
 40
0.2059971029940211
 40
0.2346657023236946
 40
0.2647921935215068
 40
0.2963765765879194
 40
0.3086458430250366
 40
0.3086458430250366
 40
0.3086458430250366
 40
0.3086458430250366
 10
108.0200437232878
 20
160.5768351407854
 30
0.0
 10
108.3233957040515
 20
160.2769767459967
 30
0.0
 10
108.6609180568558
 20
160.4227778179184
 30
0.0
 10
109.0717599061387
 20
160.5389515633392
 30
0.0
 10
109.2684077102975
 20
160.5918712309326
 30
0.0
 10
109.4779612450398
 20
160.6433478378114
 30
0.0
 10
109.7004129385431
 20
160.6934319163161
 30
0.0
 10
109.9357930738378
 20
160.7414675599857
 30
0.0
 10
110.1841018976605
 20
160.7870030582676
 30
0.0
 10
110.3880596840184
 20
160.8202037482621
 30
0.0
 10
110.509211491088
 20
160.838242064927
 30
0.0
 10
110.5431254290685
 20
160.8431621516412
 30
0.0
  0
ARC
  5
116
330
1F
100
AcDbEntity
  8
0
  6
Continuous
 62
7
370
30
100
AcDbCircle
 10
82.2962145027572
 20
142.8331087613383
 30
0.0
 40
33.50000000000717
100
AcDbArc
 50
31.17097862759031
 51
32.52132906471379
  0
SPLINE
  5
117
330
1F
100
AcDbEntity
  8
0
  6
Continuous
 62
7
370
30
100
AcDbSpline
 70
8
 71
3
 72
16
 73
12
 74
0
 42
1e-08
 40
0.6913541569758203
 40
0.6913541569758203
 40
0.6913541569758203
 40
0.6913541569758203
 40
0.7036234234120807
 40
0.7352078064784933
 40
0.7653342976763053
 40
0.7940028970059789
 40
0.8212136044680466
 40
0.846966420063132
 40
0.8712613437919742
 40
0.8940983756554498
 40
1.0
 40
1.0
 40
1.0
 40
1.0
 10
110.95970361579
 20
160.1724972126976
 30
0.0
 10
110.9402627469361
 20
160.1442763859796
 30
0.0
 10
110.8703992573482
 20
160.043667072065
 30
0.0
 10
110.7502448979287
 20
159.8755480834181
 30
0.0
 10
110.5993772792497
 20
159.6731383128384
 30
0.0
 10
110.4519983483493
 20
159.4834262102178
 30
0.0
 10
110.3085129213832
 20
159.3062113600768
 30
0.0
 10
110.1694955493882
 20
159.141175923693
 30
0.0
 10
110.034904289581
 20
158.9883490841584
 30
0.0
 10
109.7486813805988
 20
158.6715466052839
 30
0.0
 10
109.4683943190279
 20
158.4336002787057
 30
0.0
 10
109.6027524282755
 20
158.0287726862198
 30
0.0
  0
ARC
  5
118
330
1F
100
AcDbEntity
  8
0
  6
Continuous
 62
7
370
30
100
AcDbCircle
 10
82.2962145027572
 20
142.8331087613383
 30
0.0
 40
31.2498834493141
100
AcDbArc
 50
29.05858835878512
 51
29.09525779506245
  0
SPLINE
  5
119
330
1F
100
AcDbEntity
  8
0
  6
Continuous
 62
7
370
30
100
AcDbSpline
 70
8
 71
3
 72
16
 73
12
 74
0
 42
1e-08
 40
0.0
 40
0.0
 40
0.0
 40
0.0
 40
0.10590162434455
 40
0.1287386562080258
 40
0.1530335799368679
 40
0.1787863955319534
 40
0.2059971029940211
 40
0.2346657023236946
 40
0.2647921935215068
 40
0.2963765765879194
 40
0.30864584302418
 40
0.30864584302418
 40
0.30864584302418
 40
0.30864584302418
 10
109.6124720965403
 20
158.0112933255673
 30
0.0
 10
109.8854674100485
 20
157.6835570902177
 30
0.0
 10
110.2354859183436
 20
157.7961019038117
 30
0.0
 10
110.6556221914787
 20
157.8720813500026
 30
0.0
 10
110.8564594564686
 20
157.9057747186384
 30
0.0
 10
111.0700029279298
 20
157.9367861806334
 30
0.0
 10
111.296249946462
 20
157.9651667632106
 30
0.0
 10
111.5351673496192
 20
157.9902606991864
 30
0.0
 10
111.7867117866294
 20
158.0116183629442
 30
0.0
 10
111.9929217523044
 20
158.0249792943276
 30
0.0
 10
112.1152489271497
 20
158.0312405656149
 30
0.0
 10
112.1494793993371
 20
158.0328645164389
 30
0.0
  0
ARC
  5
11A
330
1F
100
AcDbEntity
  8
0
  6
Continuous
 62
7
370
30
100
AcDbCircle
 10
82.2962145027572
 20
142.8331087613383
 30
0.0
 40
33.50000000000063
100
AcDbArc
 50
25.63251708912875
 51
26.98286752625727
  0
SPLINE
  5
11B
330
1F
100
AcDbEntity
  8
0
  6
Continuous
 62
7
370
30
100
AcDbSpline
 70
8
 71
3
 72
16
 73
12
 74
0
 42
1e-08
 40
0.6913541569758196
 40
0.6913541569758196
 40
0.6913541569758196
 40
0.6913541569758196
 40
0.7036234234120807
 40
0.7352078064784933
 40
0.7653342976763053
 40
0.7940028970059789
 40
0.8212136044680466
 40
0.846966420063132
 40
0.8712613437919742
 40
0.8940983756554498
 40
1.0
 40
1.0
 40
1.0
 40
1.0
 10
112.4993843440442
 20
157.3251248922448
 30
0.0
 10
112.4773105296295
 20
157.2989121251335
 30
0.0
 10
112.3980629889644
 20
157.2055152915559
 30
0.0
 10
112.2622437312106
 20
157.0497777121016
 30
0.0
 10
112.0925450570948
 20
156.8628736896854
 30
0.0
 10
111.9275442860099
 20
156.6882713509396
 30
0.0
 10
111.7676250013982
 20
156.5257321456031
 30
0.0
 10
111.613328396221
 20
156.3748842665674
 30
0.0
 10
111.4646155400739
 20
156.2357608087495
 30
0.0
 10
111.1491529747914
 20
155.9480617747701
 30
0.0
 10
110.8472092626625
 20
155.7382778718558
 30
0.0
 10
110.9418686409323
 20
155.3223727345179
 30
0.0
  0
ARC
  5
11C
330
1F
100
AcDbEntity
  8
0
  6
Continuous
 62
7
370
30
100
AcDbCircle
 10
82.2962145027572
 20
142.8331087613383
 30
0.0
 40
31.24988344931408
100
AcDbArc
 50
23.52012682032357
 51
23.5567962566009
  0
SPLINE
  5
11D
330
1F
100
AcDbEntity
  8
0
  6
Continuous
 62
7
370
30
100
AcDbSpline
 70
8
 71
3
 72
16
 73
12
 74
0
 42
1e-08
 40
0.0
 40
0.0
 40
0.0
 40
0.0
 40
0.10590162434455
 40
0.1287386562080258
 40
0.1530335799368679
 40
0.1787863955319534
 40
0.2059971029940211
 40
0.2346657023236946
 40
0.2647921935215068
 40
0.2963765765879194
 40
0.3086458430241809
 40
0.3086458430241809
 40
0.3086458430241809
 40
0.3086458430241809
 10
110.9498559326037
 20
155.3040368906116
 30
0.0
 10
111.1899456951686
 20
154.951482799627
 30
0.0
 10
111.54919233045
 20
155.0297205542923
 30
0.0
 10
111.9747003282546
 20
155.0647963016356
 30
0.0
 10
112.177851890645
 20
155.0789487854092
 30
0.0
 10
112.3933915009682
 20
155.0892055568552
 30
0.0
 10
112.6213214370762
 20
155.0956176616523
 30
0.0
 10
112.8615454006753
 20
155.0975355946152
 30
0.0
 10
113.1139768482397
 20
155.0945160130968
 30
0.0
 10
113.320513666345
 20
155.0879124384531
 30
0.0
 10
113.442874073096
 20
155.0823382045602
 30
0.0
 10
113.4771014787968
 20
155.080650857103
 30
0.0
  0
ARC
  5
11E
330
1F
100
AcDbEntity
  8
0
  6
Continuous
 62
7
370
30
100
AcDbCircle
 10
82.2962145027572
 20
142.8331087613383
 30
0.0
 40
33.50000000000065
100
AcDbArc
 50
20.0940555506672
 51
21.44440598779571
  0
SPLINE
  5
11F
330
1F
100
AcDbEntity
  8
0
  6
Continuous
 62
7
370
30
100
AcDbSpline
 70
8
 71
3
 72
16
 73
12
 74
0
 42
1e-08
 40
0.69135415697582
 40
0.69135415697582
 40
0.69135415697582
 40
0.69135415697582
 40
0.7036234234120807
 40
0.7352078064784933
 40
0.7653342976763053
 40
0.7940028970059789
 40
0.8212136044680466
 40
0.846966420063132
 40
0.8712613437919742
 40
0.8940983756554498
 40
1.0
 40
1.0
 40
1.0
 40
1.0
 10
113.7570662132904
 20
154.3424445218383
 30
0.0
 10
113.7325655505726
 20
154.3184845558777
 30
0.0
 10
113.6446738717655
 20
154.2331722237079
 30
0.0
 10
113.4944578234923
 20
154.0912701332641
 30
0.0
 10
113.3075125247372
 20
153.9216169315102
 30
0.0
 10
113.1264304812104
 20
153.7637545716322
 30
0.0
 10
112.9515704622256
 20
153.6174085958666
 30
0.0
 10
112.7834352496958
 20
153.4821567001818
 30
0.0
 10
112.6219892890782
 20
153.3580355823214
 30
0.0
 10
112.2802324564706
 20
153.1021261616013
 30
0.0
 10
111.9594512608697
 20
152.9224633781291
 30
0.0
 10
112.0135280990514
 20
152.499363890147
 30
0.0
  0
ARC
  5
120
330
1F
100
AcDbEntity
  8
0
  6
Continuous
 62
7
370
30
100
AcDbCircle
 10
82.2962145027572
 20
142.8331087613383
 30
0.0
 40
31.24988344931409
100
AcDbArc
 50
17.98166528186203
 51
18.01833471813933
  0
SPLINE
  5
121
330
1F
100
AcDbEntity
  8
0
  6
Continuous
 62
7
370
30
100
AcDbSpline
 70
8
 71
3
 72
16
 73
12
 74
0
 42
1e-08
 40
0.0
 40
0.0
 40
0.0
 40
0.0
 40
0.10590162434455
 40
0.1287386562080258
 40
0.1530335799368679
 40
0.1787863955319534
 40
0.2059971029940211
 40
0.2346657023236946
 40
0.2647921935215068
 40
0.2963765765879194
 40
0.3086458430241795
 40
0.3086458430241795
 40
0.3086458430241795
 40
0.3086458430241795
 10
112.0197084389389
 20
152.4803427598211
 30
0.0
 10
112.2246509971363
 20
152.1062625157584
 30
0.0
 10
112.589771570364
 20
152.1494627266597
 30
0.0
 10
113.0166784393094
 20
152.1433072823533
 30
0.0
 10
113.2202475276986
 20
152.1377867433367
 30
0.0
 10
113.4357708416162
 20
152.1271930595224
 30
0.0
 10
113.6632555748989
 20
152.1115768184445
 30
0.0
 10
113.9025431925167
 20
152.0903008411711
 30
0.0
 10
114.1535047662232
 20
152.0629322073958
 30
0.0
 10
114.3584400581364
 20
152.0364257825221
 30
0.0
 10
114.4796912506435
 20
152.0190680885689
 30
0.0
 10
114.5135960177928
 20
152.014085197139
 30
0.0
  0
ARC
  5
122
330
1F
100
AcDbEntity
  8
0
  6
Continuous
 62
7
370
30
100
AcDbCircle
 10
82.2962145027572
 20
142.8331087613383
 30
0.0
 40
33.50000000000063
100
AcDbArc
 50
14.55559401220566
 51
15.90594444933413
  0
SPLINE
  5
123
330
1F
100
AcDbEntity
  8
0
  6
Continuous
 62
7
370
30
100
AcDbSpline
 70
8
 71
3
 72
16
 73
12
 74
0
 42
1e-08
 40
0.6913541569758181
 40
0.6913541569758181
 40
0.6913541569758181
 40
0.6913541569758181
 40
0.7036234234120807
 40
0.7352078064784933
 40
0.7653342976763053
 40
0.7940028970059789
 40
0.8212136044680466
 40
0.846966420063132
 40
0.8712613437919742
 40
0.8940983756554498
 40
1.0
 40
1.0
 40
1.0
 40
1.0
 10
114.7210065867792
 20
151.2523045844574
 30
0.0
 10
114.6943078318448
 20
151.2308211273939
 30
0.0
 10
114.5985926358196
 20
151.1543898348912
 30
0.0
 10
114.4353823237963
 20
151.027648135043
 30
0.0
 10
114.2329358582867
 20
150.8768297601857
 30
0.0
 10
114.0374632565684
 20
150.7371812974959
 30
0.0
 10
113.8492951240944
 20
150.6083949442462
 30
0.0
 10
113.6688911373898
 20
150.4900018424206
 30
0.0
 10
113.4962194497368
 20
150.3820419499527
 30
0.0
 10
113.1313592412689
 20
150.1603114998019
 30
0.0
 10
112.7947356097894
 20
150.0124472987737
 30
0.0
 10
112.8077250070151
 20
149.5861038260687
 30
0.0
  0
ARC
  5
124
330
1F
100
AcDbEntity
  8
0
  6
Continuous
 62
7
370
30
100
AcDbCircle
 10
82.2962145027572
 20
142.8331087613383
 30
0.0
 40
31.2498834493141
100
AcDbArc
 50
12.44320374340047
 51
12.4798731796778
  0
SPLINE
  5
125
330
1F
100
AcDbEntity
  8
0
  6
Continuous
 62
7
370
30
100
AcDbSpline
 70
8
 71
3
 72
16
 73
12
 74
0
 42
1e-08
 40
0.0
 40
0.0
 40
0.0
 40
0.0
 40
0.10590162434455
 40
0.1287386562080258
 40
0.1530335799368679
 40
0.1787863955319534
 40
0.2059971029940211
 40
0.2346657023236946
 40
0.2647921935215068
 40
0.2963765765879194
 40
0.3086458430241806
 40
0.3086458430241806
 40
0.3086458430241806
 40
0.3086458430241806
 10
112.8120406909504
 20
149.5665750044921
 30
0.0
 10
112.9799225513331
 20
149.1744612937997
 30
0.0
 10
113.3475080300914
 20
149.1822206122076
 30
0.0
 10
113.7718278557659
 20
149.1348914479764
 30
0.0
 10
113.9739138004243
 20
149.1097494299551
 30
0.0
 10
114.1874085348238
 20
149.0784042012518
 30
0.0
 10
114.412324101619
 20
149.0409054189342
 30
0.0
 10
114.6484412092423
 20
148.9966341794919
 30
0.0
 10
114.8955897484952
 20
148.945172027019
 30
0.0
 10
115.0970100886125
 20
148.8990102352627
 30
0.0
 10
115.2160199771606
 20
148.870031145361
 30
0.0
 10
115.2492855460826
 20
148.8617992338731
 30
0.0
  0
ARC
  5
126
330
1F
100
AcDbEntity
  8
0
  6
Continuous
 62
7
370
30
100
AcDbCircle
 10
82.2962145027572
 20
142.8331087613383
 30
0.0
 40
33.50000000000064
100
AcDbArc
 50
9.017132473744068
 51
10.36748291087257
  0
SPLINE
  5
127
330
1F
100
AcDbEntity
  8
0
  6
Continuous
 62
7
370
30
100
AcDbSpline
 70
8
 71
3
 72
16
 73
12
 74
0
 42
1e-08
 40
0.6913541569758213
 40
0.6913541569758213
 40
0.6913541569758213
 40
0.6913541569758213
 40
0.7036234234120807
 40
0.7352078064784933
 40
0.7653342976763053
 40
0.7940028970059789
 40
0.8212136044680466
 40
0.846966420063132
 40
0.8712613437919742
 40
0.8940983756554498
 40
1.0
 40
1.0
 40
1.0
 40
1.0
 10
115.382205412963
 20
148.0835568841045
 30
0.0
 10
115.3535578448932
 20
148.0647505211883
 30
0.0
 10
115.2509127986462
 20
147.9979138867375
 30
0.0
 10
115.0762320735816
 20
147.8875159305879
 30
0.0
 10
114.8601746294196
 20
147.7569405331572
 30
0.0
 10
114.652136544525
 20
147.6368098277256
 30
0.0
 10
114.4524171737154
 20
147.5267855404725
 30
0.0
 10
114.2614287962528
 20
147.4263566369986
 30
0.0
 10
114.079143570588
 20
147.3355659623509
 30
0.0
 10
113.69458658772
 20
147.1500847202405
 30
0.0
 10
113.3452634845109
 20
147.0353996698616
 30
0.0
 10
113.3170441622784
 20
146.6097928665663
 30
0.0
  0
ARC
  5
128
330
1F
100
AcDbEntity
  8
0
  6
Continuous
 62
7
370
30
100
AcDbCircle
 10
82.2962145027572
 20
142.8331087613383
 30
0.0
 40
31.2498834493141
100
AcDbArc
 50
6.904742204938871
 51
6.941411641216207
  0
SPLINE
  5
129
330
1F
100
AcDbEntity
  8
0
  6
Continuous
 62
7
370
30
100
AcDbSpline
 70
8
 71
3
 72
16
 73
12
 74
0
 42
1e-08
 40
0.0
 40
0.0
 40
0.0
 40
0.0
 40
0.10590162434455
 40
0.1287386562080258
 40
0.1530335799368679
 40
0.1787863955319534
 40
0.2059971029940211
 40
0.2346657023236946
 40
0.2647921935215068
 40
0.2963765765879194
 40
0.3086458430241783
 40
0.3086458430241783
 40
0.3086458430241783
 40
0.3086458430241783
 10
113.3194548958835
 20
146.5899386890843
 30
0.0
 10
113.4487085907544
 20
146.1834525718297
 30
0.0
 10
113.8153269284685
 20
146.1556985510786
 30
0.0
 10
114.2330979509867
 20
146.067637566577
 30
0.0
 10
114.431813929898
 20
146.023108813799
 30
0.0
 10
114.6412867419673
 20
145.9713047021617
 30
0.0
 10
114.8615331662281
 20
145.9122734946315
 30
0.0
 10
115.0922752020412
 20
145.8454203416547
 30
0.0
 10
115.3333031475201
 20
145.7703451587362
 30
0.0
 10
115.5293279283955
 20
145.7049590003092
 30
0.0
 10
115.6449853497207
 20
145.6646290844133
 30
0.0
 10
115.6773011287614
 20
145.6532250120072
 30
0.0
  0
ARC
  5
12A
330
1F
100
AcDbEntity
  8
0
  6
Continuous
 62
7
370
30
100
AcDbCircle
 10
82.2962145027572
 20
142.8331087613383
 30
0.0
 40
33.50000000000063
100
AcDbArc
 50
3.478670935282545
 51
4.829021372411053
  0
SPLINE
  5
12B
330
1F
100
AcDbEntity
  8
0
  6
Continuous
 62
7
370
30
100
AcDbSpline
 70
8
 71
3
 72
16
 73
12
 74
0
 42
1e-08
 40
0.6913541569758185
 40
0.6913541569758185
 40
0.6913541569758185
 40
0.6913541569758185
 40
0.7036234234120807
 40
0.7352078064784933
 40
0.7653342976763053
 40
0.7940028970059789
 40
0.8212136044680466
 40
0.846966420063132
 40
0.8712613437919742
 40
0.8940983756554498
 40
1.0
 40
1.0
 40
1.0
 40
1.0
 10
115.7344892565521
 20
144.8657871642855
 30
0.0
 10
115.7041603499713
 20
144.8498334854601
 30
0.0
 10
115.595543822643
 20
144.7932155447089
 30
0.0
 10
115.4110236314018
 20
144.7001920882291
 30
0.0
 10
115.1833724787301
 20
144.5910788155295
 30
0.0
 10
114.964711306205
 20
144.4915874953851
 30
0.0
 10
114.7553054230137
 20
144.4013525412542
 30
0.0
 10
114.5555158618143
 20
144.3198255137447
 30
0.0
 10
114.3653190461758
 20
144.2470517449841
 30
0.0
 10
113.9646557938436
 20
144.0995514992966
 30
0.0
 10
113.6058947545994
 20
144.019116382982
 30
0.0
 10
113.5367301891172
 20
143.5982200251453
 30
0.0
  0
ARC
  5
12C
330
1F
100
AcDbEntity
  8
0
  6
Continuous
 62
7
370
30
100
AcDbCircle
 10
82.2962145027572
 20
142.8331087613383
 30
0.0
 40
31.24988344931408
100
AcDbArc
 50
1.366280666477326
 51
1.402950102754676
  0
SPLINE
  5
12D
330
1F
100
AcDbEntity
  8
0
  6
Continuous
 62
7
370
30
100
AcDbSpline
 70
8
 71
3
 72
16
 73
12
 74
0
 42
1e-08
 40
0.0
 40
0.0
 40
0.0
 40
0.0
 40
0.10590162434455
 40
0.1287386562080258
 40
0.1530335799368679
 40
0.1787863955319534
 40
0.2059971029940211
 40
0.2346657023236946
 40
0.2647921935215068
 40
0.2963765765879194
 40
0.308645843024181
 40
0.308645843024181
 40
0.308645843024181
 40
0.308645843024181
 10
113.537213464022
 20
143.5782258648637
 30
0.0
 10
113.6266321864575
 20
143.161162592402
 30
0.0
 10
113.9888603664881
 20
143.0981543643059
 30
0.0
 10
114.396181970375
 20
142.9701837612194
 30
0.0
 10
114.5896726259853
 20
142.9066840266518
 30
0.0
 10
114.7931677245175
 20
142.8349047131129
 30
0.0
 10
115.0066886247227
 20
142.7548922388498
 30
0.0
 10
115.2299012125074
 20
142.6660813622152
 30
0.0
 10
115.4625581512265
 20
142.5680941056061
 30
0.0
 10
115.6513571422972
 20
142.4840940734523
 30
0.0
 10
115.7625822342188
 20
142.4327898811207
 30
0.0
 10
115.7936464996562
 20
142.4183201245476
 30
0.0
  0
ARC
  5
12E
330
1F
100
AcDbEntity
  8
0
  6
Continuous
 62
7
370
30
100
AcDbCircle
 10
82.2962145027572
 20
142.8331087613383
 30
0.0
 40
33.50000000000063
100
AcDbArc
 50
357.9402093968218
 51
359.2905598339502
  0
SPLINE
  5
12F
330
1F
100
AcDbEntity
  8
0
  6
Continuous
 62
7
370
30
100
AcDbSpline
 70
8
 71
3
 72
16
 73
12
 74
0
 42
1e-08
 40
0.6913541569758203
 40
0.6913541569758203
 40
0.6913541569758203
 40
0.6913541569758203
 40
0.7036234234120807
 40
0.7352078064784933
 40
0.7653342976763053
 40
0.7940028970059789
 40
0.8212136044680466
 40
0.846966420063132
 40
0.8712613437919742
 40
0.8940983756554498
 40
1.0
 40
1.0
 40
1.0
 40
1.0
 10
115.7745689382164
 20
141.6290388738933
 30
0.0
 10
115.7428418659537
 20
141.6160868343595
 30
0.0
 10
115.6292679807947
 20
141.5702162137658
 30
0.0
 10
115.4366311386863
 20
141.4954357919053
 30
0.0
 10
115.1995117949802
 20
141.4088034051648
 30
0.0
 10
114.9722691152774
 20
141.3308803939575
 30
0.0
 10
114.7551318860144
 20
141.2612772724031
 30
0.0
 10
114.5484065223808
 20
141.1994133167475
 30
0.0
 10
114.3520739331905
 20
141.1453359229452
 30
0.0
 10
113.9390452962282
 20
141.0371938437328
 30
0.0
 10
113.5741959761095
 20
140.9917596624914
 30
0.0
 10
113.4647319382902
 20
140.5795035460022
 30
0.0
  0
ARC
  5
130
330
1F
100
AcDbEntity
  8
0
  6
Continuous
 62
7
370
30
100
AcDbCircle
 10
82.2962145027572
 20
142.8331087613383
 30
0.0
 40
31.24988344931409
100
AcDbArc
 50
355.8278191280166
 51
355.8644885642939
  0
SPLINE
  5
131
330
1F
100
AcDbEntity
  8
0
  6
Continuous
 62
7
370
30
100
AcDbSpline
 70
8
 71
3
 72
16
 73
12
 74
0
 42
1e-08
 40
0.0
 40
0.0
 40
0.0
 40
0.0
 40
0.10590162434455
 40
0.1287386562080258
 40
0.1530335799368679
 40
0.1787863955319534
 40
0.2059971029940211
 40
0.2346657023236946
 40
0.2647921935215068
 40
0.2963765765879194
 40
0.30864584302418
 40
0.30864584302418
 40
0.30864584302418
 40
0.30864584302418
 10
113.4632832422869
 20
140.5595560830084
 30
0.0
 10
113.5120321137684
 20
140.135809662743
 30
0.0
 10
113.8664881091956
 20
140.0381355181509
 30
0.0
 10
114.2595572423825
 20
139.8714501235207
 30
0.0
 10
114.4460160045735
 20
139.7895722870762
 30
0.0
 10
114.6416334106624
 20
139.6984879557463
 30
0.0
 10
114.8464351996968
 20
139.5982412696642
 30
0.0
 10
115.0600342636622
 20
139.4883018725982
 30
0.0
 10
115.282147940471
 20
139.3683174229122
 30
0.0
 10
115.4619583764262
 20
139.2664878026993
 30
0.0
 10
115.5677126602289
 20
139.2046883473526
 30
0.0
 10
115.5972353733865
 20
139.187288006831
 30
0.0
  0
ARC
  5
132
330
1F
100
AcDbEntity
  8
0
  6
Continuous
 62
7
370
30
100
AcDbCircle
 10
82.2962145027572
 20
142.8331087613383
 30
0.0
 40
33.50000000000063
100
AcDbArc
 50
352.4017478583603
 51
353.7520982954887
  0
SPLINE
  5
133
330
1F
100
AcDbEntity
  8
0
  6
Continuous
 62
7
370
30
100
AcDbSpline
 70
8
 71
3
 72
16
 73
12
 74
0
 42
1e-08
 40
0.6913541569758196
 40
0.6913541569758196
 40
0.6913541569758196
 40
0.6913541569758196
 40
0.7036234234120807
 40
0.7352078064784933
 40
0.7653342976763053
 40
0.7940028970059789
 40
0.8212136044680466
 40
0.846966420063132
 40
0.8712613437919742
 40
0.8940983756554498
 40
1.0
 40
1.0
 40
1.0
 40
1.0
 10
115.5020702447672
 20
138.4035326596214
 30
0.0
 10
115.4692412339479
 20
138.3937031890824
 30
0.0
 10
115.3517703997231
 20
138.3590081702716
 30
0.0
 10
115.1528155050391
 20
138.3031689876808
 30
0.0
 10
114.9084418897224
 20
138.2398263501526
 30
0.0
 10
114.6747394065151
 20
138.1841991940428
 30
0.0
 10
114.4518981829856
 20
138.1358777706573
 30
0.0
 10
114.240167155939
 20
138.0942544939412
 30
0.0
 10
114.0395318976832
 20
138.0593783811528
 30
0.0
 10
113.6179942131896
 20
137.9916041618717
 30
0.0
 10
113.2504631119952
 20
137.9815951224123
 30
0.0
 10
113.1017216380663
 20
137.5818283715539
 30
0.0
  0
ARC
  5
134
330
1F
100
AcDbEntity
  8
0
  6
Continuous
 62
7
370
30
100
AcDbCircle
 10
82.2962145027572
 20
142.8331087613383
 30
0.0
 40
31.24988344931408
100
AcDbArc
 50
350.2893575895551
 51
350.3260270258324
  0
SPLINE
  5
135
330
1F
100
AcDbEntity
  8
0
  6
Continuous
 62
7
370
30
100
AcDbSpline
 70
8
 71
3
 72
16
 73
12
 74
0
 42
1e-08
 40
0.0
 40
0.0
 40
0.0
 40
0.0
 40
0.10590162434455
 40
0.1287386562080258
 40
0.1530335799368679
 40
0.1787863955319534
 40
0.2059971029940211
 40
0.2346657023236946
 40
0.2647921935215068
 40
0.2963765765879194
 40
0.30864584302418
 40
0.30864584302418
 40
0.30864584302418
 40
0.30864584302418
 10
113.0983544972393
 20
137.5621138499353
 30
0.0
 10
113.1059783626883
 20
137.1356406880199
 30
0.0
 10
113.4493527133858
 20
137.0042125841031
 30
0.0
 10
113.8244993952828
 20
136.8003686945479
 30
0.0
 10
114.0021853488305
 20
136.7008772275245
 30
0.0
 10
114.1880986354617
 20
136.591338308264
 30
0.0
 10
114.3822691342019
 20
136.4717933866609
 30
0.0
 10
114.584260357439
 20
136.3417519436924
 30
0.0
 10
114.7937569567822
 20
136.2008905634081
 30
0.0
 10
114.9628999960289
 20
136.0821821108636
 30
0.0
 10
115.0621960724587
 20
136.0104643973653
 30
0.0
 10
115.0899015877182
 20
135.9902959351865
 30
0.0
  0
ARC
  5
136
330
1F
100
AcDbEntity
  8
0
  6
Continuous
 62
7
370
30
100
AcDbCircle
 10
82.2962145027572
 20
142.8331087613383
 30
0.0
 40
33.50000000000063
100
AcDbArc
 50
346.8632863198987
 51
348.2136367570271
  0
SPLINE
  5
137
330
1F
100
AcDbEntity
  8
0
  6
Continuous
 62
7
370
30
100
AcDbSpline
 70
8
 71
3
 72
16
 73
12
 74
0
 42
1e-08
 40
0.6913541569758196
 40
0.6913541569758196
 40
0.6913541569758196
 40
0.6913541569758196
 40
0.7036234234120807
 40
0.7352078064784933
 40
0.7653342976763053
 40
0.7940028970059789
 40
0.8212136044680466
 40
0.846966420063132
 40
0.8712613437919742
 40
0.8940983756554498
 40
1.0
 40
1.0
 40
1.0
 40
1.0
 10
114.9195374230846
 20
135.219384203927
 30
0.0
 10
114.8859129893374
 20
135.212769077501
 30
0.0
 10
114.7656419995751
 20
135.1895735985156
 30
0.0
 10
114.5622266405617
 20
135.1531970105973
 30
0.0
 10
114.3128804042377
 20
135.1137355354213
 30
0.0
 10
114.074900134644
 20
135.0809236101776
 30
0.0
 10
113.8484355253108
 20
135.0543350490716
 30
0.0
 10
113.6336757104029
 20
135.033341076615
 30
0.0
 10
113.4306110604296
 20
135.0179918737087
 30
0.0
 10
113.0045001121878
 20
134.9912183039837
 30
0.0
 10
112.6377187687836
 20
135.0167278580109
 30
0.0
 10
112.451088617811
 20
134.6331829872247
 30
0.0
  0
ARC
  5
138
330
1F
100
AcDbEntity
  8
0
  6
Continuous
 62
7
370
30
100
AcDbCircle
 10
82.2962145027572
 20
142.8331087613383
 30
0.0
 40
31.24988344931408
100
AcDbArc
 50
344.7508960510935
 51
344.7875654873708
  0
SPLINE
  5
139
330
1F
100
AcDbEntity
  8
0
  6
Continuous
 62
7
370
30
100
AcDbSpline
 70
8
 71
3
 72
16
 73
12
 74
0
 42
1e-08
 40
0.0
 40
0.0
 40
0.0
 40
0.0
 40
0.10590162434455
 40
0.1287386562080258
 40
0.1530335799368679
 40
0.1787863955319534
 40
0.2059971029940211
 40
0.2346657023236946
 40
0.2647921935215068
 40
0.2963765765879194
 40
0.30864584302418
 40
0.30864584302418
 40
0.30864584302418
 40
0.30864584302418
 10
112.445834470247
 20
134.6138854761578
 30
0.0
 10
112.4122621476859
 20
134.1886674375984
 30
0.0
 10
112.7413488598584
 20
134.0247124831517
 30
0.0
 10
113.0950704469744
 20
133.7856133341456
 30
0.0
 10
113.2623245860054
 20
133.6694371615644
 30
0.0
 10
113.4367979309133
 20
133.5424663897488
 30
0.0
 10
113.618524221729
 20
133.404739391348
 30
0.0
 10
113.8070216666098
 20
133.2558100643922
 30
0.0
 10
114.0019451751853
 20
133.0953869382644
 30
0.0
 10
114.158841574739
 20
132.9609080022254
 30
0.0
 10
114.2507523430842
 20
132.8799416395433
 30
0.0
 10
114.2763819815144
 20
132.8571933632045
 30
0.0
  0
ARC
  5
13A
330
1F
100
AcDbEntity
  8
0
  6
Continuous
 62
7
370
30
100
AcDbCircle
 10
82.2962145027572
 20
142.8331087613383
 30
0.0
 40
33.50000000000063
100
AcDbArc
 50
341.3248247814371
 51
342.6751752185656
  0
SPLINE
  5
13B
330
1F
100
AcDbEntity
  8
0
  6
Continuous
 62
7
370
30
100
AcDbSpline
 70
8
 71
3
 72
16
 73
12
 74
0
 42
1e-08
 40
0.6913541569758193
 40
0.6913541569758193
 40
0.6913541569758193
 40
0.6913541569758193
 40
0.7036234234120807
 40
0.7352078064784933
 40
0.7653342976763053
 40
0.7940028970059789
 40
0.8212136044680466
 40
0.846966420063132
 40
0.8712613437919742
 40
0.8940983756554498
 40
1.0
 40
1.0
 40
1.0
 40
1.0
 10
114.0324094251695
 20
132.106323043019
 30
0.0
 10
113.9983035107727
 20
132.102984024359
 30
0.0
 10
113.8763553032991
 20
132.0915046551367
 30
0.0
 10
113.6703787143561
 20
132.0749303002911
 30
0.0
 10
113.4183879356508
 20
132.0597184286287
 30
0.0
 10
113.1783518373275
 20
132.0500280903564
 30
0.0
 10
112.9503782812304
 20
132.0454206417612
 30
0.0
 10
112.7345948329891
 20
132.0452519886284
 30
0.0
 10
112.5309967512224
 20
132.0495730069761
 30
0.0
 10
112.1042910223468
 20
132.0640500644139
 30
0.0
 10
111.7416839753123
 20
132.124840036095
 30
0.0
 10
111.5189076627309
 20
131.7610981004989
 30
0.0
  0
ARC
  5
13C
330
1F
100
AcDbEntity
  8
0
  6
Continuous
 62
7
370
30
100
AcDbCircle
 10
82.2962145027572
 20
142.8331087613383
 30
0.0
 40
31.24988344931409
100
AcDbArc
 50
339.2124345126319
 51
339.2491039489093
  0
SPLINE
  5
13D
330
1F
100
AcDbEntity
  8
0
  6
Continuous
 62
7
370
30
100
AcDbSpline
 70
8
 71
3
 72
16
 73
12
 74
0
 42
1e-08
 40
0.0
 40
0.0
 40
0.0
 40
0.0
 40
0.10590162434455
 40
0.1287386562080258
 40
0.1530335799368679
 40
0.1787863955319534
 40
0.2059971029940211
 40
0.2346657023236946
 40
0.2647921935215068
 40
0.2963765765879194
 40
0.30864584302418
 40
0.30864584302418
 40
0.30864584302418
 40
0.30864584302418
 10
111.5118155649901
 20
131.7423977756452
 30
0.0
 10
111.4373605101491
 20
131.322405006699
 30
0.0
 10
111.7490869898325
 20
131.127454004957
 30
0.0
 10
112.0780808790137
 20
130.8553320008325
 30
0.0
 10
112.2333415966962
 20
130.7235558283149
 30
0.0
 10
112.3947459892685
 20
130.5803386958302
 30
0.0
 10
112.5623313427458
 20
130.4257155405073
 30
0.0
 10
112.7355750594155
 20
130.2592888425631
 30
0.0
 10
112.9141055289428
 20
130.0808017980968
 30
0.0
 10
113.0572903893944
 20
129.9318079721556
 30
0.0
 10
113.140957703575
 20
129.8423489214029
 30
0.0
 10
113.1642721681474
 20
129.8172332254311
 30
0.0
  0
ARC
  5
13E
330
1F
100
AcDbEntity
  8
0
  6
Continuous
 62
7
370
30
100
AcDbCircle
 10
82.2962145027572
 20
142.8331087613383
 30
0.0
 40
33.50000000000063
100
AcDbArc
 50
335.7863632429756
 51
337.136713680104
  0
SPLINE
  5
13F
330
1F
100
AcDbEntity
  8
0
  6
Continuous
 62
7
370
30
100
AcDbSpline
 70
8
 71
3
 72
16
 73
12
 74
0
 42
1e-08
 40
0.6913541569758193
 40
0.6913541569758193
 40
0.6913541569758193
 40
0.6913541569758193
 40
0.7036234234120807
 40
0.7352078064784933
 40
0.7653342976763053
 40
0.7940028970059789
 40
0.8212136044680466
 40
0.846966420063132
 40
0.8712613437919742
 40
0.8940983756554498
 40
1.0
 40
1.0
 40
1.0
 40
1.0
 10
112.8489691261149
 20
129.0934149901883
 30
0.0
 10
112.814700168802
 20
129.0933832548119
 30
0.0
 10
112.6922133411731
 20
129.0937271751301
 30
0.0
 10
112.4855986702142
 20
129.0971098036427
 30
0.0
 10
112.2333161191331
 20
129.106289564641
 30
0.0
 10
111.993465344456
 20
129.1198112894177
 30
0.0
 10
111.7661113692641
 20
129.1372279718393
 30
0.0
 10
111.551318999606
 20
129.1578862126992
 30
0.0
 10
111.3490884264789
 20
129.1818371081168
 30
0.0
 10
110.9257719533903
 20
129.2374296243327
 30
0.0
 10
110.5707247670245
 20
129.332932434081
 30
0.0
 10
110.3138822952411
 20
128.992389594123
 30
0.0
  0
ARC
  5
140
330
1F
100
AcDbEntity
  8
0
  6
Continuous
 62
7
370
30
100
AcDbCircle
 10
82.2962145027572
 20
142.8331087613383
 30
0.0
 40
31.2498834493141
100
AcDbArc
 50
333.6739729741704
 51
333.7106424104478
  0
SPLINE
  5
141
330
1F
100
AcDbEntity
  8
0
  6
Continuous
 62
7
370
30
100
AcDbSpline
 70
8
 71
3
 72
16
 73
12
 74
0
 42
1e-08
 40
0.0
 40
0.0
 40
0.0
 40
0.0
 40
0.10590162434455
 40
0.1287386562080258
 40
0.1530335799368679
 40
0.1787863955319534
 40
0.2059971029940211
 40
0.2346657023236946
 40
0.2647921935215068
 40
0.2963765765879194
 40
0.30864584302418
 40
0.30864584302418
 40
0.30864584302418
 40
0.30864584302418
 10
110.3050184643292
 20
128.9744610553771
 30
0.0
 10
110.1903758439946
 20
128.5636149153668
 30
0.0
 10
110.4818315850383
 20
128.3394880713059
 30
0.0
 10
110.783026048984
 20
128.0368839418962
 30
0.0
 10
110.9248437178296
 20
127.89073812806
 30
0.0
 10
111.0716721687409
 20
127.7326118146844
 30
0.0
 10
111.2235518855878
 20
127.5625361771797
 30
0.0
 10
111.3799243441418
 20
127.3801659894847
 30
0.0
 10
111.5403948837295
 20
127.1852815121234
 30
0.0
 10
111.6685313266159
 20
127.0231639114888
 30
0.0
 10
111.7431740074623
 20
126.9260474277188
 30
0.0
 10
111.7639556173029
 20
126.8987988106001
 30
0.0
  0
ARC
  5
142
330
1F
100
AcDbEntity
  8
0
  6
Continuous
 62
7
370
30
100
AcDbCircle
 10
82.2962145027572
 20
142.8331087613383
 30
0.0
 40
33.50000000000062
100
AcDbArc
 50
330.247901704514
 51
331.5982521416425
  0
SPLINE
  5
143
330
1F
100
AcDbEntity
  8
0
  6
Continuous
 62
7
370
30
100
AcDbSpline
 70
8
 71
3
 72
16
 73
12
 74
0
 42
1e-08
 40
0.6913541569758203
 40
0.6913541569758203
 40
0.6913541569758203
 40
0.6913541569758203
 40
0.7036234234120807
 40
0.7352078064784933
 40
0.7653342976763053
 40
0.7940028970059789
 40
0.8212136044680466
 40
0.846966420063132
 40
0.8712613437919742
 40
0.8940983756554498
 40
1.0
 40
1.0
 40
1.0
 40
1.0
 10
111.3802659891326
 20
126.2087907561404
 30
0.0
 10
111.3461539489246
 20
126.2120666003522
 30
0.0
 10
111.2242721276478
 20
126.2242305991195
 30
0.0
 10
111.0189484801864
 20
126.2475386282994
 30
0.0
 10
110.7687296509351
 20
126.2810243130033
 30
0.0
 10
110.5313036219632
 20
126.3176318521279
 30
0.0
 10
110.3066919704857
 20
126.3569100506952
 30
0.0
 10
110.0948961378936
 20
126.3982023051189
 30
0.0
 10
109.8959212457792
 20
126.4415594545492
 30
0.0
 10
109.4799464203306
 20
126.5377483771979
 30
0.0
 10
109.1357740745504
 20
126.6670723410106
 30
0.0
 10
108.8472635125216
 20
126.352908153433
 30
0.0
  0
ARC
  5
144
330
1F
100
AcDbEntity
  8
0
  6
Continuous
 62
7
370
30
100
AcDbCircle
 10
82.2962145027572
 20
142.8331087613383
 30
0.0
 40
31.24988344931409
100
AcDbArc
 50
328.1355114357088
 51
328.1721808719862
  0
SPLINE
  5
145
330
1F
100
AcDbEntity
  8
0
  6
Continuous
 62
7
370
30
100
AcDbSpline
 70
8
 71
3
 72
16
 73
12
 74
0
 42
1e-08
 40
0.0
 40
0.0
 40
0.0
 40
0.0
 40
0.10590162434455
 40
0.1287386562080258
 40
0.1530335799368679
 40
0.1787863955319534
 40
0.2059971029940211
 40
0.2346657023236946
 40
0.2647921935215068
 40
0.2963765765879194
 40
0.3086458430241812
 40
0.3086458430241812
 40
0.3086458430241812
 40
0.3086458430241812
 10
108.8367107076395
 20
126.3359187947306
 30
0.0
 10
108.6829509090686
 20
125.9380552433692
 30
0.0
 10
108.951414667747
 20
125.6868451689448
 30
0.0
 10
109.2219975348997
 20
125.356584247474
 30
0.0
 10
109.349048041545
 20
125.1974333164059
 30
0.0
 10
109.47992965311
 20
125.0258742049227
 30
0.0
 10
109.6146856733321
 20
124.8419340356392
 30
0.0
 10
109.752726866257
 20
124.6453230994989
 30
0.0
 10
109.8936392057134
 20
124.4358607730988
 30
0.0
 10
110.005530855592
 20
124.2621330461277
 30
0.0
 10
110.0704519845044
 20
124.1582658797828
 30
0.0
 10
110.0885067073216
 20
124.1291387545137
 30
0.0
  0
ARC
  5
146
330
1F
100
AcDbEntity
  8
0
  6
Continuous
 62
7
370
30
100
AcDbCircle
 10
82.2962145027572
 20
142.8331087613383
 30
0.0
 40
33.50000000000062
100
AcDbArc
 50
324.7094401660524
 51
326.0597906031809
  0
SPLINE
  5
147
330
1F
100
AcDbEntity
  8
0
  6
Continuous
 62
7
370
30
100
AcDbSpline
 70
8
 71
3
 72
16
 73
12
 74
0
 42
1e-08
 40
0.6913541569758193
 40
0.6913541569758193
 40
0.6913541569758193
 40
0.6913541569758193
 40
0.7036234234120807
 40
0.7352078064784933
 40
0.7653342976763053
 40
0.7940028970059789
 40
0.8212136044680466
 40
0.846966420063132
 40
0.8712613437919742
 40
0.8940983756554498
 40
1.0
 40
1.0
 40
1.0
 40
1.0
 10
109.640012899692
 20
123.4793833001289
 30
0.0
 10
109.6063762715175
 20
123.4859361382542
 30
0.0
 10
109.4862374343187
 20
123.5098066434916
 30
0.0
 10
109.2841218619297
 20
123.5528224525502
 30
0.0
 10
109.0383029802991
 20
123.6103014141439
 30
0.0
 10
108.8055184798939
 20
123.669652972887
 30
0.0
 10
108.5857462906024
 20
123.730425957643
 30
0.0
 10
108.3789244757
 20
123.7919666909765
 30
0.0
 10
108.1850630395552
 20
123.8543252803971
 30
0.0
 10
107.7803137066134
 20
123.9902125194245
 30
0.0
 10
107.4502296458792
 20
124.1521501742961
 30
0.0
 10
107.1327447389877
 20
123.8672979054713
 30
0.0
  0
ARC
  5
148
330
1F
100
AcDbEntity
  8
0
  6
Continuous
 62
7
370
30
100
AcDbCircle
 10
82.2962145027572
 20
142.8331087613383
 30
0.0
 40
31.24988344931409
100
AcDbArc
 50
322.5970498972472
 51
322.6337193335246
  0
SPLINE
  5
149
330
1F
100
AcDbEntity
  8
0
  6
Continuous
 62
7
370
30
100
AcDbSpline
 70
8
 71
3
 72
16
 73
12
 74
0
 42
1e-08
 40
0.0
 40
0.0
 40
0.0
 40
0.0
 40
0.10590162434455
 40
0.1287386562080258
 40
0.1530335799368679
 40
0.1787863955319534
 40
0.2059971029940211
 40
0.2346657023236946
 40
0.2647921935215068
 40
0.2963765765879194
 40
0.3086458430241827
 40
0.3086458430241827
 40
0.3086458430241827
 40
0.3086458430241827
 10
107.1206014888313
 20
123.8514063518771
 30
0.0
 10
106.929160125835
 20
123.470240133945
 30
0.0
 10
107.1721253283669
 20
123.1942923099371
 30
0.0
 10
107.4095702394006
 20
122.839458153645
 30
0.0
 10
107.520667347497
 20
122.6687880547078
 30
0.0
 10
107.6343801133726
 20
122.4853979463167
 30
0.0
 10
107.7507542563171
 20
122.2893106450551
 30
0.0
 10
107.8691753301879
 20
122.0802946638062
 30
0.0
 10
107.9892138089661
 20
121.8582101816725
 30
0.0
 10
108.0838159636495
 20
121.6744943773432
 30
0.0
 10
108.1384093895394
 20
121.5648463081701
 30
0.0
 10
108.1535686532507
 20
121.5341126268713
 30
0.0
  0
ARC
  5
14A
330
1F
100
AcDbEntity
  8
0
  6
Continuous
 62
7
370
30
100
AcDbCircle
 10
82.2962145027572
 20
142.8331087613383
 30
0.0
 40
33.50000000000064
100
AcDbArc
 50
319.1709786275909
 51
320.5213290647193
  0
SPLINE
  5
14B
330
1F
100
AcDbEntity
  8
0
  6
Continuous
 62
7
370
30
100
AcDbSpline
 70
8
 71
3
 72
16
 73
12
 74
0
 42
1e-08
 40
0.6913541569758185
 40
0.6913541569758185
 40
0.6913541569758185
 40
0.6913541569758185
 40
0.7036234234120807
 40
0.7352078064784933
 40
0.7653342976763053
 40
0.7940028970059789
 40
0.8212136044680466
 40
0.846966420063132
 40
0.8712613437919742
 40
0.8940983756554498
 40
1.0
 40
1.0
 40
1.0
 40
1.0
 10
107.6444581320038
 20
120.9306763641719
 30
0.0
 10
107.611610971997
 20
120.9404450141267
 30
0.0
 10
107.4943368228295
 20
120.9757991533584
 30
0.0
 10
107.2973164241552
 20
121.0381211152765
 30
0.0
 10
107.0581926348109
 20
121.1190566881824
 30
0.0
 10
106.8322231091324
 20
121.2005981170315
 30
0.0
 10
106.6193423357439
 20
121.2822984669918
 30
0.0
 10
106.4194255780917
 20
121.3635130899892
 30
0.0
 10
106.2324876299127
 20
121.4442908940524
 30
0.0
 10
105.8427428249457
 20
121.6186077069206
 30
0.0
 10
105.5298289551962
 20
121.8116470845991
 30
0.0
 10
105.186333974476
 20
121.558766323412
 30
0.0
  0
ARC
  5
14C
330
1F
100
AcDbEntity
  8
0
  6
Continuous
 62
7
370
30
100
AcDbCircle
 10
82.2962145027572
 20
142.8331087613383
 30
0.0
 40
31.24988344931408
100
AcDbArc
 50
317.0585883587857
 51
317.095257795063
  0
SPLINE
  5
14D
330
1F
100
AcDbEntity
  8
0
  6
Continuous
 62
7
370
30
100
AcDbSpline
 70
8
 71
3
 72
16
 73
12
 74
0
 42
1e-08
 40
0.0
 40
0.0
 40
0.0
 40
0.0
 40
0.10590162434455
 40
0.1287386562080258
 40
0.1530335799368679
 40
0.1787863955319534
 40
0.2059971029940211
 40
0.2346657023236946
 40
0.2647921935215068
 40
0.2963765765879194
 40
0.3086458430241803
 40
0.3086458430241803
 40
0.3086458430241803
 40
0.3086458430241803
 10
105.1727136573003
 20
121.54412095008
 30
0.0
 10
104.9453781663038
 20
121.1832109118546
 30
0.0
 10
105.1605763120566
 20
120.8851017887459
 30
0.0
 10
105.362666307813
 20
120.509007388545
 30
0.0
 10
105.4567727335957
 20
120.3284116224677
 30
0.0
 10
105.5522549483252
 20
120.134902781199
 30
0.0
 10
105.6491606599746
 20
119.9284991622583
 30
0.0
 10
105.7468559491314
 20
119.7090296618016
 30
0.0
 10
105.8448998002977
 20
119.4763965669065
 30
0.0
 10
105.9213291849567
 20
119.2844079901845
 30
0.0
 10
105.9650851837159
 20
119.170002772662
 30
0.0
 10
105.9772074503605
 20
119.137949487435
 30
0.0
  0
ARC
  5
14E
330
1F
100
AcDbEntity
  8
0
  6
Continuous
 62
7
370
30
100
AcDbCircle
 10
82.2962145027572
 20
142.8331087613383
 30
0.0
 40
33.50000000000063
100
AcDbArc
 50
313.6325170891293
 51
314.9828675262579
  0
SPLINE
  5
14F
330
1F
100
AcDbEntity
  8
0
  6
Continuous
 62
7
370
30
100
AcDbSpline
 70
8
 71
3
 72
16
 73
12
 74
0
 42
1e-08
 40
0.6913541569758195
 40
0.6913541569758195
 40
0.6913541569758195
 40
0.6913541569758195
 40
0.7036234234120807
 40
0.7352078064784933
 40
0.7653342976763053
 40
0.7940028970059789
 40
0.8212136044680466
 40
0.846966420063132
 40
0.8712613437919742
 40
0.8940983756554498
 40
1.0
 40
1.0
 40
1.0
 40
1.0
 10
105.4122336432608
 20
118.5864665382189
 30
0.0
 10
105.3804826365046
 20
118.5993597927506
 30
0.0
 10
105.2671681325014
 20
118.6458674739041
 30
0.0
 10
105.0770824339199
 20
118.7269137053151
 30
0.0
 10
104.8468863712546
 20
118.8305502158959
 30
0.0
 10
104.6298416368799
 20
118.9335201844999
 30
0.0
 10
104.4258398898179
 20
119.0353850855099
 30
0.0
 10
104.2346947583176
 20
119.1355153191185
 30
0.0
 10
104.0564256873588
 20
119.2339581372321
 30
0.0
 10
103.6853243525995
 20
119.4450769748263
 30
0.0
 10
103.3925022663265
 20
119.667415718654
 30
0.0
 10
103.026204331863
 20
119.4488675446368
 30
0.0
  0
ARC
  5
150
330
1F
100
AcDbEntity
  8
0
  6
Continuous
 62
7
370
30
100
AcDbCircle
 10
82.2962145027572
 20
142.8331087613383
 30
0.0
 40
31.24988344931407
100
AcDbArc
 50
311.5201268203242
 51
311.5567962566015
  0
SPLINE
  5
151
330
1F
100
AcDbEntity
  8
0
  6
Continuous
 62
7
370
30
100
AcDbSpline
 70
8
 71
3
 72
16
 73
12
 74
0
 42
1e-08
 40
0.0
 40
0.0
 40
0.0
 40
0.0
 40
0.10590162434455
 40
0.1287386562080258
 40
0.1530335799368679
 40
0.1787863955319534
 40
0.2059971029940211
 40
0.2346657023236946
 40
0.2647921935215068
 40
0.2963765765879194
 40
0.3086458430241812
 40
0.3086458430241812
 40
0.3086458430241812
 40
0.3086458430241812
 10
103.0112341168996
 20
119.435605091472
 30
0.0
 10
102.7501270681302
 20
119.0983209527381
 30
0.0
 10
102.9355489099989
 20
118.7808338950899
 30
0.0
 10
103.1003971306378
 20
118.3869907430618
 30
0.0
 10
103.1766342277649
 20
118.1981554838534
 30
0.0
 10
103.2529943996356
 20
117.9963346496201
 30
0.0
 10
103.3295268974702
 20
117.7815418479778
 30
0.0
 10
103.4055842473206
 20
117.5536679559062
 30
0.0
 10
103.4807180618532
 20
117.3126582807773
 30
0.0
 10
103.538261075916
 20
117.1141894772748
 30
0.0
 10
103.5707711095736
 20
116.9960952820942
 30
0.0
 10
103.579743196814
 20
116.9630216658269
 30
0.0
  0
ARC
  5
152
330
1F
100
AcDbEntity
  8
0
  6
Continuous
 62
7
370
30
100
AcDbCircle
 10
82.2962145027572
 20
142.8331087613383
 30
0.0
 40
33.50000000000063
100
AcDbArc
 50
308.0940555506679
 51
309.4444059877963
  0
SPLINE
  5
153
330
1F
100
AcDbEntity
  8
0
  6
Continuous
 62
7
370
30
100
AcDbSpline
 70
8
 71
3
 72
16
 73
12
 74
0
 42
1e-08
 40
0.6913541569758181
 40
0.6913541569758181
 40
0.6913541569758181
 40
0.6913541569758181
 40
0.7036234234120807
 40
0.7352078064784933
 40
0.7653342976763053
 40
0.7940028970059789
 40
0.8212136044680466
 40
0.846966420063132
 40
0.8712613437919742
 40
0.8940983756554498
 40
1.0
 40
1.0
 40
1.0
 40
1.0
 10
102.9641811120744
 20
116.4686410778019
 30
0.0
 10
102.933822709164
 20
116.4845385560667
 30
0.0
 10
102.8255258373181
 20
116.5417655494541
 30
0.0
 10
102.6441496177814
 20
116.640779343532
 30
0.0
 10
102.4250305604092
 20
116.7661491656117
 30
0.0
 10
102.2189371055435
 20
116.8895862711175
 30
0.0
 10
102.0257190941551
 20
117.0106646380425
 30
0.0
 10
101.8451302593982
 20
117.1287755932496
 30
0.0
 10
101.6771945159433
 20
117.2439642913448
 30
0.0
 10
101.3282015245665
 20
117.4899139939615
 30
0.0
 10
101.058205222693
 20
117.7394761869931
 30
0.0
 10
100.6725243596067
 20
117.5573011255619
 30
0.0
  0
ARC
  5
154
330
1F
100
AcDbEntity
  8
0
  6
Continuous
 62
7
370
30
100
AcDbCircle
 10
82.2962145027572
 20
142.8331087613383
 30
0.0
 40
31.24988344931408
100
AcDbArc
 50
305.9816652818626
 51
306.0183347181399
  0
SPLINE
  5
155
330
1F
100
AcDbEntity
  8
0
  6
Continuous
 62
7
370
30
100
AcDbSpline
 70
8
 71
3
 72
16
 73
12
 74
0
 42
1e-08
 40
0.0
 40
0.0
 40
0.0
 40
0.0
 40
0.10590162434455
 40
0.1287386562080258
 40
0.1530335799368679
 40
0.1787863955319534
 40
0.2059971029940211
 40
0.2346657023236946
 40
0.2647921935215068
 40
0.2963765765879194
 40
0.3086458430241814
 40
0.3086458430241814
 40
0.3086458430241814
 40
0.3086458430241814
 10
100.6563440197192
 20
117.5455454205161
 30
0.0
 10
100.3639032993397
 20
117.2350363124009
 30
0.0
 10
100.517817603546
 20
116.9011356113283
 30
0.0
 10
100.6438849056473
 20
116.4932209148682
 30
0.0
 10
100.7015408688838
 20
116.2979092664651
 30
0.0
 10
100.758066043545
 20
116.0896607860186
 30
0.0
 10
100.8135107642531
 20
115.868484264191
 30
0.0
 10
100.8672200478141
 20
115.6343335776375
 30
0.0
 10
100.9187423215304
 20
115.3871975646748
 30
0.0
 10
100.9568617013789
 20
115.1841015841359
 30
0.0
 10
100.9778222325099
 20
115.0634210249787
 30
0.0
 10
100.9835603703849
 20
115.029635877115
 30
0.0
  0
ARC
  5
156
330
1F
100
AcDbEntity
  8
0
  6
Continuous
 62
7
370
30
100
AcDbCircle
 10
82.2962145027572
 20
142.8331087613383
 30
0.0
 40
33.50000000000062
100
AcDbArc
 50
302.5555940122063
 51
303.9059444493347
  0
SPLINE
  5
157
330
1F
100
AcDbEntity
  8
0
  6
Continuous
 62
7
370
30
100
AcDbSpline
 70
8
 71
3
 72
16
 73
12
 74
0
 42
1e-08
 40
0.69135415697582
 40
0.69135415697582
 40
0.69135415697582
 40
0.69135415697582
 40
0.7036234234120807
 40
0.7352078064784933
 40
0.7653342976763053
 40
0.7940028970059789
 40
0.8212136044680466
 40
0.846966420063132
 40
0.8712613437919742
 40
0.8940983756554498
 40
1.0
 40
1.0
 40
1.0
 40
1.0
 10
100.3231573453365
 20
114.5969735486279
 30
0.0
 10
100.2944749945003
 20
114.6157268201547
 30
0.0
 10
100.1922068935251
 20
114.6831388127576
 30
0.0
 10
100.0212336139258
 20
114.7991957043848
 30
0.0
 10
99.81523741744702
 20
114.9451282937138
 30
0.0
 10
99.62201948114966
 20
115.0878800371256
 30
0.0
 10
99.44138922994739
 20
115.2270413938764
 30
0.0
 10
99.27304280122704
 20
115.3620303005165
 30
0.0
 10
99.11700835606472
 20
115.4928893927552
 30
0.0
 10
98.79338216159998
 20
115.7713735942884
 30
0.0
 10
98.54873252685003
 20
116.0458291415685
 30
0.0
 10
98.14726973344342
 20
115.9017281121876
 30
0.0
  0
ARC
  5
158
330
1F
100
AcDbEntity
  8
0
  6
Continuous
 62
7
370
30
100
AcDbCircle
 10
82.2962145027572
 20
142.8331087613383
 30
0.0
 40
31.24988344931407
100
AcDbArc
 50
300.443203743401
 51
300.4798731796784
  0
SPLINE
  5
159
330
1F
100
AcDbEntity
  8
0
  6
Continuous
 62
7
370
30
100
AcDbSpline
 70
8
 71
3
 72
16
 73
12
 74
0
 42
1e-08
 40
0.0
 40
0.0
 40
0.0
 40
0.0
 40
0.10590162434455
 40
0.1287386562080258
 40
0.1530335799368679
 40
0.1787863955319534
 40
0.2059971029940211
 40
0.2346657023236946
 40
0.2647921935215068
 40
0.2963765765879194
 40
0.3086458430241796
 40
0.3086458430241796
 40
0.3086458430241796
 40
0.3086458430241796
 10
98.1300303401058
 20
115.8915889151113
 30
0.0
 10
97.80898638832869
 20
115.6107539774952
 30
0.0
 10
97.92995609848415
 20
115.2635571738795
 30
0.0
 10
98.01606542561501
 20
114.8453795226015
 30
0.0
 10
98.05460193676672
 20
114.645415057241
 30
0.0
 10
98.09076435389267
 20
114.4326832905338
 30
0.0
 10
98.12460362505568
 20
114.2071881141125
 30
0.0
 10
98.15546337321781
 20
113.9689468349489
 30
0.0
 10
98.18289305653
 20
113.7179919265184
 30
0.0
 10
98.2012328917853
 20
113.5121650213919
 30
0.0
 10
98.21044821755802
 20
113.3900248601235
 30
0.0
 10
98.2128988306204
 20
113.355843623486
 30
0.0
  0
ARC
  5
15A
330
1F
100
AcDbEntity
  8
0
  6
Continuous
 62
7
370
30
100
AcDbCircle
 10
82.2962145027572
 20
142.8331087613383
 30
0.0
 40
33.50000000000062
100
AcDbArc
 50
297.0171324737447
 51
298.3674829108732
  0
SPLINE
  5
15B
330
1F
100
AcDbEntity
  8
0
  6
Continuous
 62
7
370
30
100
AcDbSpline
 70
8
 71
3
 72
16
 73
12
 74
0
 42
1e-08
 40
0.6913541569758195
 40
0.6913541569758195
 40
0.6913541569758195
 40
0.6913541569758195
 40
0.7036234234120807
 40
0.7352078064784933
 40
0.7653342976763053
 40
0.7940028970059789
 40
0.8212136044680466
 40
0.846966420063132
 40
0.8712613437919742
 40
0.8940983756554498
 40
1.0
 40
1.0
 40
1.0
 40
1.0
 10
97.51382087037223
 20
112.9889392061236
 30
0.0
 10
97.48708237099191
 20
113.0103731766689
 30
0.0
 10
97.3917978905915
 20
113.0873407608754
 30
0.0
 10
97.232823882375
 20
113.2193571581248
 30
0.0
 10
97.0418738777735
 20
113.3844899814358
 30
0.0
 10
96.86333548385593
 20
113.5452235281877
 30
0.0
 10
96.69697948882713
 20
113.7011685626714
 30
0.0
 10
96.54244727138983
 20
113.8517750656939
 30
0.0
 10
96.39977097609342
 20
113.9970827559898
 30
0.0
 10
96.1045331891221
 20
114.3055013244834
 30
0.0
 10
95.88751444921809
 20
114.602287708515
 30
0.0
 10
95.474018075425
 20
114.4976061436698
 30
0.0
  0
ARC
  5
15C
330
1F
100
AcDbEntity
  8
0
  6
Continuous
 62
7
370
30
100
AcDbCircle
 10
82.2962145027572
 20
142.8331087613383
 30
0.0
 40
31.24988344931408
100
AcDbArc
 50
294.9047422049395
 51
294.9414116412169
  0
SPLINE
  5
15D
330
1F
100
AcDbEntity
  8
0
  6
Continuous
 62
7
370
30
100
AcDbSpline
 70
8
 71
3
 72
16
 73
12
 74
0
 42
1e-08
 40
0.0
 40
0.0
 40
0.0
 40
0.0
 40
0.10590162434455
 40
0.1287386562080258
 40
0.1530335799368679
 40
0.1787863955319534
 40
0.2059971029940211
 40
0.2346657023236946
 40
0.2647921935215068
 40
0.2963765765879194
 40
0.3086458430241811
 40
0.3086458430241811
 40
0.3086458430241811
 40
0.3086458430241811
 10
95.45588058820799
 20
114.4891781215144
 30
0.0
 10
95.10923090591032
 20
114.240639434543
 30
0.0
 10
95.19612656042477
 20
113.8833882113924
 30
0.0
 10
95.2414739329987
 20
113.4588520173548
 30
0.0
 10
95.26053118704412
 20
113.2561017493725
 30
0.0
 10
95.27599320788944
 20
113.0408729155929
 30
0.0
 10
95.28791108135005
 20
112.8131644722836
 30
0.0
 10
95.29563316495948
 20
112.573056995143
 30
0.0
 10
95.29871415430502
 20
112.3206262896085
 30
0.0
 10
95.29710321086667
 20
112.1139902102507
 30
0.0
 10
95.29448729026734
 20
111.9915308366479
 30
0.0
 10
95.29362749780319
 20
111.9572726522336
 30
0.0
  0
ARC
  5
15E
330
1F
100
AcDbEntity
  8
0
  6
Continuous
 62
7
370
30
100
AcDbCircle
 10
82.2962145027572
 20
142.8331087613383
 30
0.0
 40
33.50000000000063
100
AcDbArc
 50
291.4786709352832
 51
292.8290213724117
  0
SPLINE
  5
15F
330
1F
100
AcDbEntity
  8
0
  6
Continuous
 62
7
370
30
100
AcDbSpline
 70
8
 71
3
 72
16
 73
12
 74
0
 42
1e-08
 40
0.6913541569758194
 40
0.6913541569758194
 40
0.6913541569758194
 40
0.6913541569758194
 40
0.7036234234120807
 40
0.7352078064784933
 40
0.7653342976763053
 40
0.7940028970059789
 40
0.8212136044680466
 40
0.846966420063132
 40
0.8712613437919742
 40
0.8940983756554498
 40
1.0
 40
1.0
 40
1.0
 40
1.0
 10
94.5624017049138
 20
111.6595518336835
 30
0.0
 10
94.53785670715378
 20
111.6834663800394
 30
0.0
 10
94.45044549284871
 20
111.7692709302537
 30
0.0
 10
94.3049550534965
 20
111.916014231594
 30
0.0
 10
94.13083408951655
 20
112.0988054882084
 30
0.0
 10
93.96864220285828
 20
112.2760201124817
 30
0.0
 10
93.8181136851063
 20
112.4472928079283
 30
0.0
 10
93.67883850462987
 20
112.6121107349933
 30
0.0
 10
93.55085248932652
 20
112.7705103245932
 30
0.0
 10
93.28675966551808
 20
113.1059836389719
 30
0.0
 10
93.099398065962
 20
113.4223298452521
 30
0.0
 10
92.67772881601402
 20
113.3580451285086
 30
0.0
  0
ARC
  5
160
330
1F
100
AcDbEntity
  8
0
  6
Continuous
 62
7
370
30
100
AcDbCircle
 10
82.2962145027572
 20
142.8331087613383
 30
0.0
 40
31.24988344931409
100
AcDbArc
 50
289.366280666478
 51
289.4029501027553
  0
SPLINE
  5
161
330
1F
100
AcDbEntity
  8
0
  6
Continuous
 62
7
370
30
100
AcDbSpline
 70
8
 71
3
 72
16
 73
12
 74
0
 42
1e-08
 40
0.0
 40
0.0
 40
0.0
 40
0.0
 40
0.10590162434455
 40
0.1287386562080258
 40
0.1530335799368679
 40
0.1787863955319534
 40
0.2059971029940211
 40
0.2346657023236946
 40
0.2647921935215068
 40
0.2963765765879194
 40
0.3086458430241787
 40
0.3086458430241787
 40
0.3086458430241787
 40
0.3086458430241787
 10
92.65886257974887
 20
113.3514069714461
 30
0.0
 10
92.28984374161465
 20
113.1374850738746
 30
0.0
 10
92.34185401917458
 20
112.7735149896036
 30
0.0
 10
92.34601604099204
 20
112.3465840328651
 30
0.0
 10
92.34541610548489
 20
112.142940986885
 30
0.0
 10
92.34003336532695
 20
111.9272246196637
 30
0.0
 10
92.32991856711173
 20
111.6994289618491
 30
0.0
 10
92.3144308871544
 20
111.459697105552
 30
0.0
 10
92.29313441616588
 20
111.2081474803974
 30
0.0
 10
92.27158773497874
 20
111.0026315322061
 30
0.0
 10
92.25716499215316
 20
110.8809963164454
 30
0.0
 10
92.25300282181306
 20
110.8469810436917
 30
0.0
  0
ARC
  5
162
330
1F
100
AcDbEntity
  8
0
  6
Continuous
 62
7
370
30
100
AcDbCircle
 10
82.2962145027572
 20
142.8331087613383
 30
0.0
 40
33.50000000000062
100
AcDbArc
 50
285.9402093968216
 51
287.29055983395
  0
SPLINE
  5
163
330
1F
100
AcDbEntity
  8
0
  6
Continuous
 62
7
370
30
100
AcDbSpline
 70
8
 71
3
 72
16
 73
12
 74
0
 42
1e-08
 40
0.6913541569758209
 40
0.6913541569758209
 40
0.6913541569758209
 40
0.6913541569758209
 40
0.7036234234120807
 40
0.7352078064784933
 40
0.7653342976763053
 40
0.7940028970059789
 40
0.8212136044680466
 40
0.846966420063132
 40
0.8712613437919742
 40
0.8940983756554498
 40
1.0
 40
1.0
 40
1.0
 40
1.0
 10
91.49645645449262
 20
110.6212235630204
 30
0.0
 10
91.4743341283837
 20
110.647395401511
 30
0.0
 10
91.39561231513024
 20
110.7412357837665
 30
0.0
 10
91.26496384967432
 20
110.9013358865308
 30
0.0
 10
91.10929764684232
 20
111.100078903736
 30
0.0
 10
90.9649666093888
 20
111.2921200003318
 30
0.0
 10
90.83167101312625
 20
111.4771212297308
 30
0.0
 10
90.70895324444508
 20
111.6546117202611
 30
0.0
 10
90.59685248007573
 20
111.8246242748754
 30
0.0
 10
90.36637038297016
 20
112.1840201111911
 30
0.0
 10
90.21041526853521
 20
112.5169725004267
 30
0.0
 10
89.78451015460654
 20
112.4936848408646
 30
0.0
  0
ARC
  5
164
330
1F
100
AcDbEntity
  8
0
  6
Continuous
 62
7
370
30
100
AcDbCircle
 10
82.2962145027572
 20
142.8331087613383
 30
0.0
 40
31.24988344931408
100
AcDbArc
 50
283.8278191280164
 51
283.8644885642938
  0
SPLINE
  5
165
330
1F
100
AcDbEntity
  8
0
  6
Continuous
 62
7
370
30
100
AcDbSpline
 70
8
 71
3
 72
16
 73
12
 74
0
 42
1e-08
 40
0.0
 40
0.0
 40
0.0
 40
0.0
 40
0.10590162434455
 40
0.1287386562080258
 40
0.1530335799368679
 40
0.1787863955319534
 40
0.2059971029940211
 40
0.2346657023236946
 40
0.2647921935215068
 40
0.2963765765879194
 40
0.30864584302418
 40
0.30864584302418
 40
0.30864584302418
 40
0.30864584302418
 10
89.76509131825802
 20
112.4888985275789
 30
0.0
 10
89.3771487537522
 20
112.3115907505269
 30
0.0
 10
89.39378804840948
 20
111.944300095746
 30
0.0
 10
89.35672585979415
 20
111.5189605156193
 30
0.0
 10
89.33647433617057
 20
111.3163260518932
 30
0.0
 10
89.31029709220394
 20
111.1021362368293
 30
0.0
 10
89.27824406145855
 20
110.8763802311901
 30
0.0
 10
89.23969122222931
 20
110.6392623074866
 30
0.0
 10
89.19421613031834
 20
110.3909424137856
 30
0.0
 10
89.15293488693919
 20
110.1884654437959
 30
0.0
 10
89.12683998315114
 20
110.068790061114
 30
0.0
 10
89.11941429599814
 20
110.0353352914577
 30
0.0
  0
ARC
  5
166
330
1F
100
AcDbEntity
  8
0
  6
Continuous
 62
7
370
30
100
AcDbCircle
 10
82.2962145027572
 20
142.8331087613383
 30
0.0
 40
33.50000000000064
100
AcDbArc
 50
280.40174785836
 51
281.7520982954885
  0
SPLINE
  5
167
330
1F
100
AcDbEntity
  8
0
  6
Continuous
 62
7
370
30
100
AcDbSpline
 70
8
 71
3
 72
16
 73
12
 74
0
 42
1e-08
 40
0.6913541569758191
 40
0.6913541569758191
 40
0.6913541569758191
 40
0.6913541569758191
 40
0.7036234234120807
 40
0.7352078064784933
 40
0.7653342976763053
 40
0.7940028970059789
 40
0.8212136044680466
 40
0.846966420063132
 40
0.8712613437919742
 40
0.8940983756554498
 40
1.0
 40
1.0
 40
1.0
 40
1.0
 10
88.344611023838
 20
109.8836489854351
 30
0.0
 10
88.32511791957855
 20
109.911833756656
 30
0.0
 10
88.25582051173663
 20
110.0128338085875
 30
0.0
 10
88.14123384969761
 20
110.184795901253
 30
0.0
 10
88.00547582140742
 20
110.3976350690458
 30
0.0
 10
87.8803532131675
 20
110.6027096019878
 30
0.0
 10
87.76553508346213
 20
110.7997120587062
 30
0.0
 10
87.66052050931793
 20
110.9882179318139
 30
0.0
 10
87.5653516505156
 20
111.1682560900273
 30
0.0
 10
87.37063222935355
 20
111.5482188661905
 30
0.0
 10
87.24753971092342
 20
111.8946687516323
 30
0.0
 10
86.82137529430892
 20
111.9125955798544
 30
0.0
  0
ARC
  5
168
330
1F
100
AcDbEntity
  8
0
  6
Continuous
 62
7
370
30
100
AcDbCircle
 10
82.2962145027572
 20
142.8331087613383
 30
0.0
 40
31.24988344931409
100
AcDbArc
 50
278.2893575895549
 51
278.3260270258322
  0
SPLINE
  5
169
330
1F
100
AcDbEntity
  8
0
  6
Continuous
 62
7
370
30
100
AcDbSpline
 70
8
 71
3
 72
16
 73
12
 74
0
 42
1e-08
 40
0.0
 40
0.0
 40
0.0
 40
0.0
 40
0.10590162434455
 40
0.1287386562080258
 40
0.1530335799368679
 40
0.1787863955319534
 40
0.2059971029940211
 40
0.2346657023236946
 40
0.2647921935215068
 40
0.2963765765879194
 40
0.3086458430241787
 40
0.3086458430241787
 40
0.3086458430241787
 40
0.3086458430241787
 10
86.8015851663199
 20
111.909705798863
 30
0.0
 10
86.39834099064183
 20
111.7706676172718
 30
0.0
 10
86.37945394578541
 20
111.4034856858636
 30
0.0
 10
86.30151358640659
 20
110.9837087634069
 30
0.0
 10
86.26179955768616
 20
110.7839748253256
 30
0.0
 10
86.21507221978472
 20
110.5733113950122
 30
0.0
 10
86.161380227021
 20
110.3517028645464
 30
0.0
 10
86.1001221859922
 20
110.1194127796022
 30
0.0
 10
86.03089306183936
 20
109.8766411132961
 30
0.0
 10
85.97026268811504
 20
109.6790935944224
 30
0.0
 10
85.93273926445033
 20
109.5624954216226
 30
0.0
 10
85.92211939212459
 20
109.5299135132342
 30
0.0
  0
ARC
  5
16A
330
1F
100
AcDbEntity
  8
0
  6
Continuous
 62
7
370
30
100
AcDbCircle
 10
82.2962145027572
 20
142.8331087613383
 30
0.0
 40
33.50000000000063
100
AcDbArc
 50
274.8632863198985
 51
276.213636757027
  0
SPLINE
  5
16B
330
1F
100
AcDbEntity
  8
0
  6
Continuous
 62
7
370
30
100
AcDbSpline
 70
8
 71
3
 72
16
 73
12
 74
0
 42
1e-08
 40
0.6913541569758204
 40
0.6913541569758204
 40
0.6913541569758204
 40
0.6913541569758204
 40
0.7036234234120807
 40
0.7352078064784933
 40
0.7653342976763053
 40
0.7940028970059789
 40
0.8212136044680466
 40
0.846966420063132
 40
0.8712613437919742
 40
0.8940983756554498
 40
1.0
 40
1.0
 40
1.0
 40
1.0
 10
85.13629334451755
 20
109.4537146360299
 30
0.0
 10
85.11961146396987
 20
109.4836491863663
 30
0.0
 10
85.06038547276538
 20
109.5908658977019
 30
0.0
 10
84.96293047893306
 20
109.773084416542
 30
0.0
 10
84.84834816131678
 20
109.998032512959
 30
0.0
 10
84.74360221837114
 20
110.2142257565874
 30
0.0
 10
84.648333581164
 20
110.4213900817663
 30
0.0
 10
84.5620026943409
 20
110.6191513089042
 30
0.0
 10
84.48465430709837
 20
110.8075341029424
 30
0.0
 10
84.32751560465093
 20
111.2045162088873
 30
0.0
 10
84.23843496390475
 20
111.5612288813007
 30
0.0
 10
83.8159902269386
 20
111.6202028193421
 30
0.0
  0
ARC
  5
16C
330
1F
100
AcDbEntity
  8
0
  6
Continuous
 62
7
370
30
100
AcDbCircle
 10
82.2962145027572
 20
142.8331087613383
 30
0.0
 40
31.24988344931409
100
AcDbArc
 50
272.7508960510933
 51
272.7875654873706
  0
SPLINE
  5
16D
330
1F
100
AcDbEntity
  8
0
  6
Continuous
 62
7
370
30
100
AcDbSpline
 70
8
 71
3
 72
16
 73
12
 74
0
 42
1e-08
 40
0.0
 40
0.0
 40
0.0
 40
0.0
 40
0.10590162434455
 40
0.1287386562080258
 40
0.1530335799368679
 40
0.1787863955319534
 40
0.2059971029940211
 40
0.2346657023236946
 40
0.2647921935215068
 40
0.2963765765879194
 40
0.3086458430241803
 40
0.3086458430241803
 40
0.3086458430241803
 40
0.3086458430241803
 10
83.79601358240198
 20
111.6192365517515
 30
0.0
 10
83.38123277777174
 20
111.5197661276608
 30
0.0
 10
83.32699573665067
 20
111.1561211983871
 30
0.0
 10
83.20890491464391
 20
110.7458262776226
 30
0.0
 10
83.15009918001249
 20
110.5508577271508
 30
0.0
 10
83.08325802874019
 20
110.3456875892764
 30
0.0
 10
83.00842838162806
 20
110.1302956331239
 30
0.0
 10
82.92503708862374
 20
109.9050022168748
 30
0.0
 10
82.83270030590847
 20
109.6700454716008
 30
0.0
 10
82.75328689130247
 20
109.4792718518004
 30
0.0
 10
82.7046852938577
 20
109.3668395346065
 30
0.0
 10
82.69097039124576
 20
109.3354346959858
 30
0.0
  0
ARC
  5
16E
330
1F
100
AcDbEntity
  8
0
  6
Continuous
 62
7
370
30
100
AcDbCircle
 10
82.2962145027572
 20
142.8331087613383
 30
0.0
 40
33.50000000000061
100
AcDbArc
 50
269.3248247814369
 51
270.6751752185654
  0
SPLINE
  5
16F
330
1F
100
AcDbEntity
  8
0
  6
Continuous
 62
7
370
30
100
AcDbSpline
 70
8
 71
3
 72
16
 73
12
 74
0
 42
1e-08
 40
0.6913541569758221
 40
0.6913541569758221
 40
0.6913541569758221
 40
0.6913541569758221
 40
0.7036234234120807
 40
0.7352078064784933
 40
0.7653342976763053
 40
0.7940028970059789
 40
0.8212136044680466
 40
0.846966420063132
 40
0.8712613437919742
 40
0.8940983756554498
 40
1.0
 40
1.0
 40
1.0
 40
1.0
 10
81.90145861426909
 20
109.3354346959858
 30
0.0
 10
81.8877437116572
 20
109.3668395346065
 30
0.0
 10
81.8391421142124
 20
109.4792718518004
 30
0.0
 10
81.75972869960636
 20
109.6700454716008
 30
0.0
 10
81.66739191689108
 20
109.9050022168748
 30
0.0
 10
81.58400062388677
 20
110.1302956331239
 30
0.0
 10
81.50917097677467
 20
110.3456875892764
 30
0.0
 10
81.44232982550236
 20
110.5508577271507
 30
0.0
 10
81.38352409087094
 20
110.7458262776226
 30
0.0
 10
81.26543326886419
 20
111.156121198387
 30
0.0
 10
81.21119622774306
 20
111.5197661276608
 30
0.0
 10
80.79641542311286
 20
111.6192365517515
 30
0.0
  0
ARC
  5
170
330
1F
100
AcDbEntity
  8
0
  6
Continuous
 62
7
370
30
100
AcDbCircle
 10
82.2962145027572
 20
142.8331087613383
 30
0.0
 40
31.2498834493141
100
AcDbArc
 50
267.2124345126318
 51
267.2491039489091
  0
SPLINE
  5
171
330
1F
100
AcDbEntity
  8
0
  6
Continuous
 62
7
370
30
100
AcDbSpline
 70
8
 71
3
 72
16
 73
12
 74
0
 42
1e-08
 40
0.0
 40
0.0
 40
0.0
 40
0.0
 40
0.10590162434455
 40
0.1287386562080258
 40
0.1530335799368679
 40
0.1787863955319534
 40
0.2059971029940211
 40
0.2346657023236946
 40
0.2647921935215068
 40
0.2963765765879194
 40
0.3086458430241807
 40
0.3086458430241807
 40
0.3086458430241807
 40
0.3086458430241807
 10
80.7764387785762
 20
111.620202819342
 30
0.0
 10
80.3539940416101
 20
111.5612288813007
 30
0.0
 10
80.2649134008639
 20
111.2045162088872
 30
0.0
 10
80.10777469841646
 20
110.8075341029423
 30
0.0
 10
80.03042631117395
 20
110.6191513089042
 30
0.0
 10
79.94409542435085
 20
110.4213900817662
 30
0.0
 10
79.8488267871437
 20
110.2142257565874
 30
0.0
 10
79.74408084419805
 20
109.998032512959
 30
0.0
 10
79.62949852658178
 20
109.7730844165419
 30
0.0
 10
79.53204353274948
 20
109.5908658977018
 30
0.0
 10
79.47281754154497
 20
109.4836491863663
 30
0.0
 10
79.45613566099729
 20
109.4537146360299
 30
0.0
  0
ARC
  5
172
330
1F
100
AcDbEntity
  8
0
  6
Continuous
 62
7
370
30
100
AcDbCircle
 10
82.2962145027572
 20
142.8331087613383
 30
0.0
 40
33.50000000000063
100
AcDbArc
 50
263.7863632429754
 51
265.1367136801038
  0
SPLINE
  5
173
330
1F
100
AcDbEntity
  8
0
  6
Continuous
 62
7
370
30
100
AcDbSpline
 70
8
 71
3
 72
16
 73
12
 74
0
 42
1e-08
 40
0.6913541569758203
 40
0.6913541569758203
 40
0.6913541569758203
 40
0.6913541569758203
 40
0.7036234234120807
 40
0.7352078064784933
 40
0.7653342976763053
 40
0.7940028970059789
 40
0.8212136044680466
 40
0.846966420063132
 40
0.8712613437919742
 40
0.8940983756554498
 40
1.0
 40
1.0
 40
1.0
 40
1.0
 10
78.67030961339027
 20
109.5299135132341
 30
0.0
 10
78.65968974106454
 20
109.5624954216226
 30
0.0
 10
78.62216631739982
 20
109.6790935944223
 30
0.0
 10
78.56153594367547
 20
109.8766411132961
 30
0.0
 10
78.49230681952263
 20
110.1194127796021
 30
0.0
 10
78.43104877849385
 20
110.3517028645464
 30
0.0
 10
78.37735678573013
 20
110.5733113950122
 30
0.0
 10
78.33062944782867
 20
110.7839748253256
 30
0.0
 10
78.29091541910826
 20
110.9837087634068
 30
0.0
 10
78.2129750597294
 20
111.4034856858635
 30
0.0
 10
78.194088014873
 20
111.7706676172718
 30
0.0
 10
77.79084383919492
 20
111.909705798863
 30
0.0
  0
ARC
  5
174
330
1F
100
AcDbEntity
  8
0
  6
Continuous
 62
7
370
30
100
AcDbCircle
 10
82.2962145027572
 20
142.8331087613383
 30
0.0
 40
31.2498834493141
100
AcDbArc
 50
261.6739729741702
 51
261.7106424104475
  0
SPLINE
  5
175
330
1F
100
AcDbEntity
  8
0
  6
Continuous
 62
7
370
30
100
AcDbSpline
 70
8
 71
3
 72
16
 73
12
 74
0
 42
1e-08
 40
0.0
 40
0.0
 40
0.0
 40
0.0
 40
0.10590162434455
 40
0.1287386562080258
 40
0.1530335799368679
 40
0.1787863955319534
 40
0.2059971029940211
 40
0.2346657023236946
 40
0.2647921935215068
 40
0.2963765765879194
 40
0.3086458430241802
 40
0.3086458430241802
 40
0.3086458430241802
 40
0.3086458430241802
 10
77.7710537112059
 20
111.9125955798544
 30
0.0
 10
77.34488929459141
 20
111.8946687516322
 30
0.0
 10
77.2217967761613
 20
111.5482188661904
 30
0.0
 10
77.02707735499924
 20
111.1682560900273
 30
0.0
 10
76.93190849619691
 20
110.9882179318138
 30
0.0
 10
76.8268939220527
 20
110.7997120587061
 30
0.0
 10
76.71207579234736
 20
110.6027096019877
 30
0.0
 10
76.58695318410741
 20
110.3976350690457
 30
0.0
 10
76.45119515581723
 20
110.1847959012529
 30
0.0
 10
76.33660849377823
 20
110.0128338085875
 30
0.0
 10
76.26731108593633
 20
109.911833756656
 30
0.0
 10
76.24781798167686
 20
109.883648985435
 30
0.0
  0
ARC
  5
176
330
1F
100
AcDbEntity
  8
0
  6
Continuous
 62
7
370
30
100
AcDbCircle
 10
82.2962145027572
 20
142.8331087613383
 30
0.0
 40
33.50000000000063
100
AcDbArc
 50
258.2479017045138
 51
259.5982521416423
  0
SPLINE
  5
177
330
1F
100
AcDbEntity
  8
0
  6
Continuous
 62
7
370
30
100
AcDbSpline
 70
8
 71
3
 72
16
 73
12
 74
0
 42
1e-08
 40
0.69135415697582
 40
0.69135415697582
 40
0.69135415697582
 40
0.69135415697582
 40
0.7036234234120807
 40
0.7352078064784933
 40
0.7653342976763053
 40
0.7940028970059789
 40
0.8212136044680466
 40
0.846966420063132
 40
0.8712613437919742
 40
0.8940983756554498
 40
1.0
 40
1.0
 40
1.0
 40
1.0
 10
75.47301470951672
 20
110.0353352914576
 30
0.0
 10
75.46558902236369
 20
110.0687900611139
 30
0.0
 10
75.43949411857565
 20
110.1884654437958
 30
0.0
 10
75.3982128751965
 20
110.3909424137855
 30
0.0
 10
75.35273778328553
 20
110.6392623074865
 30
0.0
 10
75.31418494405627
 20
110.87638023119
 30
0.0
 10
75.28213191331089
 20
111.1021362368292
 30
0.0
 10
75.25595466934428
 20
111.3163260518931
 30
0.0
 10
75.23570314572069
 20
111.5189605156192
 30
0.0
 10
75.19864095710537
 20
111.9443000957458
 30
0.0
 10
75.21528025176264
 20
112.3115907505268
 30
0.0
 10
74.82733768725679
 20
112.4888985275788
 30
0.0
  0
ARC
  5
178
330
1F
100
AcDbEntity
  8
0
  6
Continuous
 62
7
370
30
100
AcDbCircle
 10
82.2962145027572
 20
142.8331087613383
 30
0.0
 40
31.2498834493141
100
AcDbArc
 50
256.1355114357086
 51
256.172180871986
  0
SPLINE
  5
179
330
1F
100
AcDbEntity
  8
0
  6
Continuous
 62
7
370
30
100
AcDbSpline
 70
8
 71
3
 72
16
 73
12
 74
0
 42
1e-08
 40
0.0
 40
0.0
 40
0.0
 40
0.0
 40
0.10590162434455
 40
0.1287386562080258
 40
0.1530335799368679
 40
0.1787863955319534
 40
0.2059971029940211
 40
0.2346657023236946
 40
0.2647921935215068
 40
0.2963765765879194
 40
0.3086458430241809
 40
0.3086458430241809
 40
0.3086458430241809
 40
0.3086458430241809
 10
74.80791885090827
 20
112.4936848408645
 30
0.0
 10
74.38201373697959
 20
112.5169725004266
 30
0.0
 10
74.22605862254467
 20
112.184020111191
 30
0.0
 10
73.99557652543909
 20
111.8246242748752
 30
0.0
 10
73.88347576106973
 20
111.654611720261
 30
0.0
 10
73.76075799238858
 20
111.4771212297307
 30
0.0
 10
73.62746239612603
 20
111.2921200003317
 30
0.0
 10
73.4831313586725
 20
111.1000789037359
 30
0.0
 10
73.32746515584051
 20
110.9013358865307
 30
0.0
 10
73.1968166903846
 20
110.7412357837664
 30
0.0
 10
73.11809487713114
 20
110.6473954015109
 30
0.0
 10
73.09597255102223
 20
110.6212235630203
 30
0.0
  0
ARC
  5
17A
330
1F
100
AcDbEntity
  8
0
  6
Continuous
 62
7
370
30
100
AcDbCircle
 10
82.2962145027572
 20
142.8331087613383
 30
0.0
 40
33.50000000000064
100
AcDbArc
 50
252.7094401660523
 51
254.0597906031807
  0
SPLINE
  5
17B
330
1F
100
AcDbEntity
  8
0
  6
Continuous
 62
7
370
30
100
AcDbSpline
 70
8
 71
3
 72
16
 73
12
 74
0
 42
1e-08
 40
0.6913541569758177
 40
0.6913541569758177
 40
0.6913541569758177
 40
0.6913541569758177
 40
0.7036234234120807
 40
0.7352078064784933
 40
0.7653342976763053
 40
0.7940028970059789
 40
0.8212136044680466
 40
0.846966420063132
 40
0.8712613437919742
 40
0.8940983756554498
 40
1.0
 40
1.0
 40
1.0
 40
1.0
 10
72.33942618370178
 20
110.8469810436916
 30
0.0
 10
72.33526401336167
 20
110.8809963164453
 30
0.0
 10
72.3208412705361
 20
111.002631532206
 30
0.0
 10
72.29929458934895
 20
111.2081474803973
 30
0.0
 10
72.27799811836041
 20
111.4596971055519
 30
0.0
 10
72.26251043840311
 20
111.699428961849
 30
0.0
 10
72.25239564018787
 20
111.9272246196636
 30
0.0
 10
72.24701290002996
 20
112.1429409868849
 30
0.0
 10
72.24641296452278
 20
112.3465840328649
 30
0.0
 10
72.25057498634023
 20
112.7735149896035
 30
0.0
 10
72.30258526390016
 20
113.1374850738745
 30
0.0
 10
71.93356642576595
 20
113.3514069714459
 30
0.0
  0
ARC
  5
17C
330
1F
100
AcDbEntity
  8
0
  6
Continuous
 62
7
370
30
100
AcDbCircle
 10
82.2962145027572
 20
142.8331087613383
 30
0.0
 40
31.24988344931409
100
AcDbArc
 50
250.5970498972471
 51
250.6337193335244
  0
SPLINE
  5
17D
330
1F
100
AcDbEntity
  8
0
  6
Continuous
 62
7
370
30
100
AcDbSpline
 70
8
 71
3
 72
16
 73
12
 74
0
 42
1e-08
 40
0.0
 40
0.0
 40
0.0
 40
0.0
 40
0.10590162434455
 40
0.1287386562080258
 40
0.1530335799368679
 40
0.1787863955319534
 40
0.2059971029940211
 40
0.2346657023236946
 40
0.2647921935215068
 40
0.2963765765879194
 40
0.3086458430241817
 40
0.3086458430241817
 40
0.3086458430241817
 40
0.3086458430241817
 10
71.91470018950079
 20
113.3580451285085
 30
0.0
 10
71.4930309395528
 20
113.4223298452519
 30
0.0
 10
71.30566933999673
 20
113.1059836389717
 30
0.0
 10
71.0415765161883
 20
112.7705103245931
 30
0.0
 10
70.91359050088494
 20
112.6121107349932
 30
0.0
 10
70.77431532040849
 20
112.4472928079281
 30
0.0
 10
70.62378680265654
 20
112.2760201124816
 30
0.0
 10
70.46159491599825
 20
112.0988054882082
 30
0.0
 10
70.28747395201833
 20
111.9160142315938
 30
0.0
 10
70.14198351266613
 20
111.7692709302536
 30
0.0
 10
70.05457229836102
 20
111.6834663800392
 30
0.0
 10
70.030027300601
 20
111.6595518336833
 30
0.0
  0
ARC
  5
17E
330
1F
100
AcDbEntity
  8
0
  6
Continuous
 62
7
370
30
100
AcDbCircle
 10
82.2962145027572
 20
142.8331087613383
 30
0.0
 40
33.50000000000064
100
AcDbArc
 50
247.1709786275907
 51
248.5213290647192
  0
SPLINE
  5
17F
330
1F
100
AcDbEntity
  8
0
  6
Continuous
 62
7
370
30
100
AcDbSpline
 70
8
 71
3
 72
16
 73
12
 74
0
 42
1e-08
 40
0.6913541569758199
 40
0.6913541569758199
 40
0.6913541569758199
 40
0.6913541569758199
 40
0.7036234234120807
 40
0.7352078064784933
 40
0.7653342976763053
 40
0.7940028970059789
 40
0.8212136044680466
 40
0.846966420063132
 40
0.8712613437919742
 40
0.8940983756554498
 40
1.0
 40
1.0
 40
1.0
 40
1.0
 10
69.29880150771163
 20
111.9572726522334
 30
0.0
 10
69.29794171524748
 20
111.9915308366477
 30
0.0
 10
69.29532579464815
 20
112.1139902102505
 30
0.0
 10
69.29371485120978
 20
112.3206262896083
 30
0.0
 10
69.29679584055532
 20
112.5730569951428
 30
0.0
 10
69.30451792416477
 20
112.8131644722835
 30
0.0
 10
69.31643579762533
 20
113.0408729155927
 30
0.0
 10
69.33189781847067
 20
113.2561017493723
 30
0.0
 10
69.3509550725161
 20
113.4588520173546
 30
0.0
 10
69.39630244509001
 20
113.8833882113923
 30
0.0
 10
69.48319809960445
 20
114.2406394345429
 30
0.0
 10
69.13654841730678
 20
114.4891781215142
 30
0.0
  0
ARC
  5
180
330
1F
100
AcDbEntity
  8
0
  6
Continuous
 62
7
370
30
100
AcDbCircle
 10
82.2962145027572
 20
142.8331087613383
 30
0.0
 40
31.2498834493141
100
AcDbArc
 50
245.0585883587855
 51
245.0952577950629
  0
SPLINE
  5
181
330
1F
100
AcDbEntity
  8
0
  6
Continuous
 62
7
370
30
100
AcDbSpline
 70
8
 71
3
 72
16
 73
12
 74
0
 42
1e-08
 40
0.0
 40
0.0
 40
0.0
 40
0.0
 40
0.10590162434455
 40
0.1287386562080258
 40
0.1530335799368679
 40
0.1787863955319534
 40
0.2059971029940211
 40
0.2346657023236946
 40
0.2647921935215068
 40
0.2963765765879194
 40
0.3086458430241802
 40
0.3086458430241802
 40
0.3086458430241802
 40
0.3086458430241802
 10
69.11841093008978
 20
114.4976061436696
 30
0.0
 10
68.70491455629667
 20
114.6022877085148
 30
0.0
 10
68.48789581639268
 20
114.3055013244832
 30
0.0
 10
68.19265802942135
 20
113.9970827559896
 30
0.0
 10
68.04998173412494
 20
113.8517750656937
 30
0.0
 10
67.89544951668768
 20
113.7011685626712
 30
0.0
 10
67.72909352165884
 20
113.5452235281875
 30
0.0
 10
67.5505551277413
 20
113.3844899814356
 30
0.0
 10
67.35960512313979
 20
113.2193571581246
 30
0.0
 10
67.2006311149233
 20
113.0873407608752
 30
0.0
 10
67.10534663452287
 20
113.0103731766687
 30
0.0
 10
67.07860813514255
 20
112.9889392061233
 30
0.0
  0
ARC
  5
182
330
1F
100
AcDbEntity
  8
0
  6
Continuous
 62
7
370
30
100
AcDbCircle
 10
82.2962145027572
 20
142.8331087613383
 30
0.0
 40
33.50000000000064
100
AcDbArc
 50
241.6325170891292
 51
242.9828675262577
  0
SPLINE
  5
183
330
1F
100
AcDbEntity
  8
0
  6
Continuous
 62
7
370
30
100
AcDbSpline
 70
8
 71
3
 72
16
 73
12
 74
0
 42
1e-08
 40
0.6913541569758195
 40
0.6913541569758195
 40
0.6913541569758195
 40
0.6913541569758195
 40
0.7036234234120807
 40
0.7352078064784933
 40
0.7653342976763053
 40
0.7940028970059789
 40
0.8212136044680466
 40
0.846966420063132
 40
0.8712613437919742
 40
0.8940983756554498
 40
1.0
 40
1.0
 40
1.0
 40
1.0
 10
66.3795301748944
 20
113.3558436234858
 30
0.0
 10
66.38198078795679
 20
113.3900248601233
 30
0.0
 10
66.39119611372949
 20
113.5121650213917
 30
0.0
 10
66.4095359489848
 20
113.7179919265182
 30
0.0
 10
66.43696563229697
 20
113.9689468349487
 30
0.0
 10
66.46782538045913
 20
114.2071881141123
 30
0.0
 10
66.50166465162212
 20
114.4326832905336
 30
0.0
 10
66.53782706874807
 20
114.6454150572408
 30
0.0
 10
66.57636357989976
 20
114.8453795226013
 30
0.0
 10
66.6624729070306
 20
115.2635571738793
 30
0.0
 10
66.7834426171861
 20
115.610753977495
 30
0.0
 10
66.46239866540895
 20
115.8915889151111
 30
0.0
  0
ARC
  5
184
330
1F
100
AcDbEntity
  8
0
  6
Continuous
 62
7
370
30
100
AcDbCircle
 10
82.2962145027572
 20
142.8331087613383
 30
0.0
 40
31.2498834493141
100
AcDbArc
 50
239.520126820324
 51
239.5567962566013
  0
SPLINE
  5
185
330
1F
100
AcDbEntity
  8
0
  6
Continuous
 62
7
370
30
100
AcDbSpline
 70
8
 71
3
 72
16
 73
12
 74
0
 42
1e-08
 40
0.0
 40
0.0
 40
0.0
 40
0.0
 40
0.10590162434455
 40
0.1287386562080258
 40
0.1530335799368679
 40
0.1787863955319534
 40
0.2059971029940211
 40
0.2346657023236946
 40
0.2647921935215068
 40
0.2963765765879194
 40
0.3086458430241799
 40
0.3086458430241799
 40
0.3086458430241799
 40
0.3086458430241799
 10
66.44515927207135
 20
115.9017281121874
 30
0.0
 10
66.04369647866471
 20
116.0458291415682
 30
0.0
 10
65.79904684391478
 20
115.7713735942881
 30
0.0
 10
65.47542064945004
 20
115.4928893927549
 30
0.0
 10
65.31938620428772
 20
115.3620303005163
 30
0.0
 10
65.15103977556741
 20
115.2270413938762
 30
0.0
 10
64.97040952436511
 20
115.0878800371254
 30
0.0
 10
64.77719158806777
 20
114.9451282937135
 30
0.0
 10
64.571195391589
 20
114.7991957043846
 30
0.0
 10
64.4002221119897
 20
114.6831388127573
 30
0.0
 10
64.29795401101443
 20
114.6157268201545
 30
0.0
 10
64.26927166017823
 20
114.5969735486277
 30
0.0
  0
ARC
  5
186
330
1F
100
AcDbEntity
  8
0
  6
Continuous
 62
7
370
30
100
AcDbCircle
 10
82.2962145027572
 20
142.8331087613383
 30
0.0
 40
33.50000000000066
100
AcDbArc
 50
236.0940555506676
 51
237.4444059877961
  0
SPLINE
  5
187
330
1F
100
AcDbEntity
  8
0
  6
Continuous
 62
7
370
30
100
AcDbSpline
 70
8
 71
3
 72
16
 73
12
 74
0
 42
1e-08
 40
0.6913541569758177
 40
0.6913541569758177
 40
0.6913541569758177
 40
0.6913541569758177
 40
0.7036234234120807
 40
0.7352078064784933
 40
0.7653342976763053
 40
0.7940028970059789
 40
0.8212136044680466
 40
0.846966420063132
 40
0.8712613437919742
 40
0.8940983756554498
 40
1.0
 40
1.0
 40
1.0
 40
1.0
 10
63.60886863512985
 20
115.0296358771147
 30
0.0
 10
63.61460677300488
 20
115.0634210249785
 30
0.0
 10
63.63556730413583
 20
115.1841015841356
 30
0.0
 10
63.67368668398441
 20
115.3871975646746
 30
0.0
 10
63.72520895770067
 20
115.6343335776372
 30
0.0
 10
63.77891824126164
 20
115.8684842641908
 30
0.0
 10
63.83436296196968
 20
116.0896607860183
 30
0.0
 10
63.89088813663099
 20
116.2979092664649
 30
0.0
 10
63.94854409986744
 20
116.4932209148679
 30
0.0
 10
64.07461140196868
 20
116.9011356113281
 30
0.0
 10
64.228525706175
 20
117.2350363124007
 30
0.0
 10
63.93608498579556
 20
117.5455454205158
 30
0.0
  0
ARC
  5
188
330
1F
100
AcDbEntity
  8
0
  6
Continuous
 62
7
370
30
100
AcDbCircle
 10
82.2962145027572
 20
142.8331087613383
 30
0.0
 40
31.24988344931409
100
AcDbArc
 50
233.9816652818624
 51
234.0183347181397
  0
SPLINE
  5
189
330
1F
100
AcDbEntity
  8
0
  6
Continuous
 62
7
370
30
100
AcDbSpline
 70
8
 71
3
 72
16
 73
12
 74
0
 42
1e-08
 40
0.0
 40
0.0
 40
0.0
 40
0.0
 40
0.10590162434455
 40
0.1287386562080258
 40
0.1530335799368679
 40
0.1787863955319534
 40
0.2059971029940211
 40
0.2346657023236946
 40
0.2647921935215068
 40
0.2963765765879194
 40
0.3086458430241808
 40
0.3086458430241808
 40
0.3086458430241808
 40
0.3086458430241808
 10
63.91990464590806
 20
117.5573011255617
 30
0.0
 10
63.53422378282168
 20
117.7394761869928
 30
0.0
 10
63.26422748094821
 20
117.4899139939612
 30
0.0
 10
62.91523448957146
 20
117.2439642913446
 30
0.0
 10
62.74729874611651
 20
117.1287755932493
 30
0.0
 10
62.56670991135965
 20
117.0106646380423
 30
0.0
 10
62.37349189997121
 20
116.8895862711172
 30
0.0
 10
62.16739844510554
 20
116.7661491656114
 30
0.0
 10
61.94827938773336
 20
116.6407793435317
 30
0.0
 10
61.76690316819666
 20
116.5417655494538
 30
0.0
 10
61.65860629635071
 20
116.4845385560665
 30
0.0
 10
61.62824789344034
 20
116.4686410778016
 30
0.0
  0
ARC
  5
18A
330
1F
100
AcDbEntity
  8
0
  6
Continuous
 62
7
370
30
100
AcDbCircle
 10
82.2962145027572
 20
142.8331087613383
 30
0.0
 40
33.50000000000064
100
AcDbArc
 50
230.5555940122061
 51
231.9059444493345
  0
SPLINE
  5
18B
330
1F
100
AcDbEntity
  8
0
  6
Continuous
 62
7
370
30
100
AcDbSpline
 70
8
 71
3
 72
16
 73
12
 74
0
 42
1e-08
 40
0.6913541569758203
 40
0.6913541569758203
 40
0.6913541569758203
 40
0.6913541569758203
 40
0.7036234234120807
 40
0.7352078064784933
 40
0.7653342976763053
 40
0.7940028970059789
 40
0.8212136044680466
 40
0.846966420063132
 40
0.8712613437919742
 40
0.8940983756554498
 40
1.0
 40
1.0
 40
1.0
 40
1.0
 10
61.01268580870075
 20
116.9630216658266
 30
0.0
 10
61.02165789594114
 20
116.996095282094
 30
0.0
 10
61.05416792959869
 20
117.1141894772746
 30
0.0
 10
61.11171094366156
 20
117.312658280777
 30
0.0
 10
61.18684475819416
 20
117.5536679559059
 30
0.0
 10
61.26290210804453
 20
117.7815418479775
 30
0.0
 10
61.33943460587913
 20
117.9963346496198
 30
0.0
 10
61.41579477774985
 20
118.1981554838531
 30
0.0
 10
61.49203187487686
 20
118.3869907430615
 30
0.0
 10
61.65688009551577
 20
118.7808338950897
 30
0.0
 10
61.8423019373845
 20
119.0983209527379
 30
0.0
 10
61.58119488861507
 20
119.4356050914717
 30
0.0
  0
ARC
  5
18C
330
1F
100
AcDbEntity
  8
0
  6
Continuous
 62
7
370
30
100
AcDbCircle
 10
82.2962145027572
 20
142.8331087613383
 30
0.0
 40
31.2498834493141
100
AcDbArc
 50
228.4432037434009
 51
228.4798731796782
  0
SPLINE
  5
18D
330
1F
100
AcDbEntity
  8
0
  6
Continuous
 62
7
370
30
100
AcDbSpline
 70
8
 71
3
 72
16
 73
12
 74
0
 42
1e-08
 40
0.0
 40
0.0
 40
0.0
 40
0.0
 40
0.10590162434455
 40
0.1287386562080258
 40
0.1530335799368679
 40
0.1787863955319534
 40
0.2059971029940211
 40
0.2346657023236946
 40
0.2647921935215068
 40
0.2963765765879194
 40
0.308645843024181
 40
0.308645843024181
 40
0.308645843024181
 40
0.308645843024181
 10
61.56622467365165
 20
119.4488675446365
 30
0.0
 10
61.19992673918814
 20
119.6674157186537
 30
0.0
 10
60.90710465291519
 20
119.4450769748261
 30
0.0
 10
60.53600331815588
 20
119.2339581372318
 30
0.0
 10
60.35773424719714
 20
119.1355153191182
 30
0.0
 10
60.16658911569684
 20
119.0353850855096
 30
0.0
 10
59.96258736863482
 20
118.9335201844996
 30
0.0
 10
59.74554263426007
 20
118.8305502158956
 30
0.0
 10
59.51534657159474
 20
118.7269137053148
 30
0.0
 10
59.32526087301329
 20
118.6458674739038
 30
0.0
 10
59.21194636901009
 20
118.5993597927502
 30
0.0
 10
59.18019536225392
 20
118.5864665382186
 30
0.0
  0
ARC
  5
18E
330
1F
100
AcDbEntity
  8
0
  6
Continuous
 62
7
370
30
100
AcDbCircle
 10
82.2962145027572
 20
142.8331087613383
 30
0.0
 40
33.50000000000064
100
AcDbArc
 50
225.0171324737445
 51
226.367482910873
  0
SPLINE
  5
18F
330
1F
100
AcDbEntity
  8
0
  6
Continuous
 62
7
370
30
100
AcDbSpline
 70
8
 71
3
 72
16
 73
12
 74
0
 42
1e-08
 40
0.6913541569758191
 40
0.6913541569758191
 40
0.6913541569758191
 40
0.6913541569758191
 40
0.7036234234120807
 40
0.7352078064784933
 40
0.7653342976763053
 40
0.7940028970059789
 40
0.8212136044680466
 40
0.846966420063132
 40
0.8712613437919742
 40
0.8940983756554498
 40
1.0
 40
1.0
 40
1.0
 40
1.0
 10
58.61522155515416
 20
119.1379494874347
 30
0.0
 10
58.62734382179876
 20
119.1700027726617
 30
0.0
 10
58.67109982055797
 20
119.2844079901841
 30
0.0
 10
58.747529205217
 20
119.4763965669062
 30
0.0
 10
58.84557305638333
 20
119.7090296618013
 30
0.0
 10
58.94326834554006
 20
119.928499162258
 30
0.0
 10
59.04017405718953
 20
120.1349027811987
 30
0.0
 10
59.13565627191902
 20
120.3284116224673
 30
0.0
 10
59.22976269770169
 20
120.5090073885447
 30
0.0
 10
59.43185269345807
 20
120.8851017887456
 30
0.0
 10
59.64705083921088
 20
121.1832109118543
 30
0.0
 10
59.41971534821437
 20
121.5441209500797
 30
0.0
  0
ARC
  5
190
330
1F
100
AcDbEntity
  8
0
  6
Continuous
 62
7
370
30
100
AcDbCircle
 10
82.2962145027572
 20
142.8331087613383
 30
0.0
 40
31.2498834493141
100
AcDbArc
 50
222.9047422049393
 51
222.9414116412167
  0
SPLINE
  5
191
330
1F
100
AcDbEntity
  8
0
  6
Continuous
 62
7
370
30
100
AcDbSpline
 70
8
 71
3
 72
16
 73
12
 74
0
 42
1e-08
 40
0.0
 40
0.0
 40
0.0
 40
0.0
 40
0.10590162434455
 40
0.1287386562080258
 40
0.1530335799368679
 40
0.1787863955319534
 40
0.2059971029940211
 40
0.2346657023236946
 40
0.2647921935215068
 40
0.2963765765879194
 40
0.3086458430250365
 40
0.3086458430250365
 40
0.3086458430250365
 40
0.3086458430250365
 10
59.40609503103864
 20
121.5587663234117
 30
0.0
 10
59.06260005031849
 20
121.8116470845987
 30
0.0
 10
58.74968618056898
 20
121.6186077069203
 30
0.0
 10
58.35994137560195
 20
121.4442908940521
 30
0.0
 10
58.17300342742297
 20
121.3635130899889
 30
0.0
 10
57.9730866697708
 20
121.2822984669914
 30
0.0
 10
57.76020589638227
 20
121.2005981170311
 30
0.0
 10
57.53423637070377
 20
121.1190566881821
 30
0.0
 10
57.29511258135947
 20
121.0381211152761
 30
0.0
 10
57.09809218268286
 20
120.9757991533573
 30
0.0
 10
56.98081803351307
 20
120.9404450141249
 30
0.0
 10
56.94797087350401
 20
120.9306763641695
 30
0.0
  0
ARC
  5
192
330
1F
100
AcDbEntity
  8
0
  6
Continuous
 62
7
370
30
100
AcDbCircle
 10
82.2962145027572
 20
142.8331087613383
 30
0.0
 40
33.50000000000717
100
AcDbArc
 50
219.4786709352829
 51
220.8290213724064
  0
SPLINE
  5
193
330
1F
100
AcDbEntity
  8
0
  6
Continuous
 62
7
370
30
100
AcDbSpline
 70
8
 71
3
 72
16
 73
12
 74
0
 42
1e-08
 40
0.6913541569758194
 40
0.6913541569758194
 40
0.6913541569758194
 40
0.6913541569758194
 40
0.7036234234120807
 40
0.7352078064784933
 40
0.7653342976763053
 40
0.7940028970059789
 40
0.8212136044680466
 40
0.846966420063132
 40
0.8712613437919742
 40
0.8940983756554498
 40
1.0
 40
1.0
 40
1.0
 40
1.0
 10
56.43886035226398
 20
121.5341126268709
 30
0.0
 10
56.45401961597529
 20
121.5648463081698
 30
0.0
 10
56.50861304186516
 20
121.6744943773428
 30
0.0
 10
56.60321519654853
 20
121.8582101816722
 30
0.0
 10
56.72325367532672
 20
122.0802946638059
 30
0.0
 10
56.84167474919754
 20
122.2893106450547
 30
0.0
 10
56.95804889214199
 20
122.4853979463163
 30
0.0
 10
57.07176165801763
 20
122.6687880547074
 30
0.0
 10
57.18285876611401
 20
122.8394581536447
 30
0.0
 10
57.42030367714768
 20
123.1942923099368
 30
0.0
 10
57.66326887967964
 20
123.4702401339447
 30
0.0
 10
57.47182751668329
 20
123.8514063518767
 30
0.0
  0
ARC
  5
194
330
1F
100
AcDbEntity
  8
0
  6
Continuous
 62
7
370
30
100
AcDbCircle
 10
82.2962145027572
 20
142.8331087613383
 30
0.0
 40
31.2498834493141
100
AcDbArc
 50
217.3662806664778
 51
217.4029501027551
  0
SPLINE
  5
195
330
1F
100
AcDbEntity
  8
0
  6
Continuous
 62
7
370
30
100
AcDbSpline
 70
8
 71
3
 72
16
 73
12
 74
0
 42
1e-08
 40
0.0
 40
0.0
 40
0.0
 40
0.0
 40
0.10590162434455
 40
0.1287386562080258
 40
0.1530335799368679
 40
0.1787863955319534
 40
0.2059971029940211
 40
0.2346657023236946
 40
0.2647921935215068
 40
0.2963765765879194
 40
0.3086458430241795
 40
0.3086458430241795
 40
0.3086458430241795
 40
0.3086458430241795
 10
57.45968426652691
 20
123.867297905471
 30
0.0
 10
57.14219935963542
 20
124.1521501742957
 30
0.0
 10
56.81211529890119
 20
123.9902125194242
 30
0.0
 10
56.40736596595941
 20
123.8543252803968
 30
0.0
 10
56.21350452981467
 20
123.7919666909761
 30
0.0
 10
56.0066827149122
 20
123.7304259576426
 30
0.0
 10
55.78691052562067
 20
123.6696529728867
 30
0.0
 10
55.55412602521553
 20
123.6103014141435
 30
0.0
 10
55.30830714358497
 20
123.5528224525498
 30
0.0
 10
55.10619157119592
 20
123.5098066434912
 30
0.0
 10
54.98605273399713
 20
123.4859361382538
 30
0.0
 10
54.95241610582259
 20
123.4793833001285
 30
0.0
  0
ARC
  5
196
330
1F
100
AcDbEntity
  8
0
  6
Continuous
 62
7
370
30
100
AcDbCircle
 10
82.2962145027572
 20
142.8331087613383
 30
0.0
 40
33.50000000000065
100
AcDbArc
 50
213.9402093968215
 51
215.2905598339499
  0
SPLINE
  5
197
330
1F
100
AcDbEntity
  8
0
  6
Continuous
 62
7
370
30
100
AcDbSpline
 70
8
 71
3
 72
16
 73
12
 74
0
 42
1e-08
 40
0.6913541569758188
 40
0.6913541569758188
 40
0.6913541569758188
 40
0.6913541569758188
 40
0.7036234234120807
 40
0.7352078064784933
 40
0.7653342976763053
 40
0.7940028970059789
 40
0.8212136044680466
 40
0.846966420063132
 40
0.8712613437919742
 40
0.8940983756554498
 40
1.0
 40
1.0
 40
1.0
 40
1.0
 10
54.50392229819305
 20
124.1291387545133
 30
0.0
 10
54.52197702101024
 20
124.1582658797824
 30
0.0
 10
54.58689814992264
 20
124.2621330461273
 30
0.0
 10
54.69878979980124
 20
124.4358607730985
 30
0.0
 10
54.83970213925755
 20
124.6453230994985
 30
0.0
 10
54.97774333218253
 20
124.8419340356389
 30
0.0
 10
55.1124993524046
 20
125.0258742049223
 30
0.0
 10
55.24338096396962
 20
125.1974333164056
 30
0.0
 10
55.3704314706149
 20
125.3565842474736
 30
0.0
 10
55.64101433776758
 20
125.6868451689444
 30
0.0
 10
55.90947809644604
 20
125.9380552433688
 30
0.0
 10
55.75571829787509
 20
126.3359187947302
 30
0.0
  0
ARC
  5
198
330
1F
100
AcDbEntity
  8
0
  6
Continuous
 62
7
370
30
100
AcDbCircle
 10
82.2962145027572
 20
142.8331087613383
 30
0.0
 40
31.2498834493141
100
AcDbArc
 50
211.8278191280162
 51
211.8644885642936
  0
SPLINE
  5
199
330
1F
100
AcDbEntity
  8
0
  6
Continuous
 62
7
370
30
100
AcDbSpline
 70
8
 71
3
 72
16
 73
12
 74
0
 42
1e-08
 40
0.0
 40
0.0
 40
0.0
 40
0.0
 40
0.10590162434455
 40
0.1287386562080258
 40
0.1530335799368679
 40
0.1787863955319534
 40
0.2059971029940211
 40
0.2346657023236946
 40
0.2647921935215068
 40
0.2963765765879194
 40
0.3086458430241798
 40
0.3086458430241798
 40
0.3086458430241798
 40
0.3086458430241798
 10
55.74516549299297
 20
126.3529081534327
 30
0.0
 10
55.45665493096414
 20
126.6670723410103
 30
0.0
 10
55.11248258518396
 20
126.5377483771975
 30
0.0
 10
54.69650775973534
 20
126.4415594545488
 30
0.0
 10
54.49753286762099
 20
126.3982023051185
 30
0.0
 10
54.28573703502888
 20
126.3569100506948
 30
0.0
 10
54.06112538355141
 20
126.3176318521276
 30
0.0
 10
53.82369935457953
 20
126.2810243130029
 30
0.0
 10
53.57348052532823
 20
126.247538628299
 30
0.0
 10
53.36815687786678
 20
126.2242305991192
 30
0.0
 10
53.24627505658995
 20
126.2120666003518
 30
0.0
 10
53.21216301638201
 20
126.2087907561399
 30
0.0
  0
ARC
  5
19A
330
1F
100
AcDbEntity
  8
0
  6
Continuous
 62
7
370
30
100
AcDbCircle
 10
82.2962145027572
 20
142.8331087613383
 30
0.0
 40
33.50000000000065
100
AcDbArc
 50
208.4017478583599
 51
209.7520982954883
  0
SPLINE
  5
19B
330
1F
100
AcDbEntity
  8
0
  6
Continuous
 62
7
370
30
100
AcDbSpline
 70
8
 71
3
 72
16
 73
12
 74
0
 42
1e-08
 40
0.6913541569758183
 40
0.6913541569758183
 40
0.6913541569758183
 40
0.6913541569758183
 40
0.7036234234120807
 40
0.7352078064784933
 40
0.7653342976763053
 40
0.7940028970059789
 40
0.8212136044680466
 40
0.846966420063132
 40
0.8712613437919742
 40
0.8940983756554498
 40
1.0
 40
1.0
 40
1.0
 40
1.0
 10
52.82847338821163
 20
126.8987988105997
 30
0.0
 10
52.84925499805232
 20
126.9260474277184
 30
0.0
 10
52.92389767889864
 20
127.0231639114883
 30
0.0
 10
53.05203412178512
 20
127.185281512123
 30
0.0
 10
53.21250466137281
 20
127.3801659894843
 30
0.0
 10
53.36887711992677
 20
127.5625361771793
 30
0.0
 10
53.52075683677368
 20
127.732611814684
 30
0.0
 10
53.66758528768503
 20
127.8907381280596
 30
0.0
 10
53.80940295653055
 20
128.0368839418959
 30
0.0
 10
54.1105974204762
 20
128.3394880713055
 30
0.0
 10
54.40205316152002
 20
128.5636149153665
 30
0.0
 10
54.28741054118539
 20
128.9744610553767
 30
0.0
  0
ARC
  5
19C
330
1F
100
AcDbEntity
  8
0
  6
Continuous
 62
7
370
30
100
AcDbCircle
 10
82.2962145027572
 20
142.8331087613383
 30
0.0
 40
31.24988344931411
100
AcDbArc
 50
206.2893575895547
 51
206.326027025832
  0
SPLINE
  5
19D
330
1F
100
AcDbEntity
  8
0
  6
Continuous
 62
7
370
30
100
AcDbSpline
 70
8
 71
3
 72
16
 73
12
 74
0
 42
1e-08
 40
0.0
 40
0.0
 40
0.0
 40
0.0
 40
0.10590162434455
 40
0.1287386562080258
 40
0.1530335799368679
 40
0.1787863955319534
 40
0.2059971029940211
 40
0.2346657023236946
 40
0.2647921935215068
 40
0.2963765765879194
 40
0.3086458430241812
 40
0.3086458430241812
 40
0.3086458430241812
 40
0.3086458430241812
 10
54.27854671027341
 20
128.9923895941226
 30
0.0
 10
54.02170423849
 20
129.3329324340806
 30
0.0
 10
53.66665705212422
 20
129.2374296243323
 30
0.0
 10
53.2433405790357
 20
129.1818371081164
 30
0.0
 10
53.04111000590856
 20
129.1578862126987
 30
0.0
 10
52.82631763625044
 20
129.1372279718389
 30
0.0
 10
52.59896366105854
 20
129.1198112894173
 30
0.0
 10
52.35911288638149
 20
129.1062895646406
 30
0.0
 10
52.10683033530036
 20
129.0971098036423
 30
0.0
 10
51.90021566434143
 20
129.0937271751297
 30
0.0
 10
51.77772883671256
 20
129.0933832548115
 30
0.0
 10
51.74345987939965
 20
129.0934149901879
 30
0.0
  0
ARC
  5
19E
330
1F
100
AcDbEntity
  8
0
  6
Continuous
 62
7
370
30
100
AcDbCircle
 10
82.2962145027572
 20
142.8331087613383
 30
0.0
 40
33.50000000000066
100
AcDbArc
 50
202.8632863198983
 51
204.2136367570268
  0
SPLINE
  5
19F
330
1F
100
AcDbEntity
  8
0
  6
Continuous
 62
7
370
30
100
AcDbSpline
 70
8
 71
3
 72
16
 73
12
 74
0
 42
1e-08
 40
0.691354156975819
 40
0.691354156975819
 40
0.691354156975819
 40
0.691354156975819
 40
0.7036234234120807
 40
0.7352078064784933
 40
0.7653342976763053
 40
0.7940028970059789
 40
0.8212136044680466
 40
0.846966420063132
 40
0.8712613437919742
 40
0.8940983756554498
 40
1.0
 40
1.0
 40
1.0
 40
1.0
 10
51.42815683736714
 20
129.8172332254306
 30
0.0
 10
51.45147130193956
 20
129.8423489214025
 30
0.0
 10
51.53513861612011
 20
129.9318079721552
 30
0.0
 10
51.67832347657171
 20
130.0808017980964
 30
0.0
 10
51.85685394609906
 20
130.2592888425627
 30
0.0
 10
52.03009766276877
 20
130.4257155405069
 30
0.0
 10
52.19768301624607
 20
130.5803386958297
 30
0.0
 10
52.35908740881836
 20
130.7235558283145
 30
0.0
 10
52.5143481265008
 20
130.855332000832
 30
0.0
 10
52.84334201568197
 20
131.1274540049566
 30
0.0
 10
53.15506849536546
 20
131.3224050066986
 30
0.0
 10
53.08061344052447
 20
131.7423977756448
 30
0.0
  0
ARC
  5
1A0
330
1F
100
AcDbEntity
  8
0
  6
Continuous
 62
7
370
30
100
AcDbCircle
 10
82.2962145027572
 20
142.8331087613383
 30
0.0
 40
31.24988344931411
100
AcDbArc
 50
200.7508960510931
 51
200.7875654873705
  0
SPLINE
  5
1A1
330
1F
100
AcDbEntity
  8
0
  6
Continuous
 62
7
370
30
100
AcDbSpline
 70
8
 71
3
 72
16
 73
12
 74
0
 42
1e-08
 40
0.0
 40
0.0
 40
0.0
 40
0.0
 40
0.10590162434455
 40
0.1287386562080258
 40
0.1530335799368679
 40
0.1787863955319534
 40
0.2059971029940211
 40
0.2346657023236946
 40
0.2647921935215068
 40
0.2963765765879194
 40
0.3086458430241799
 40
0.3086458430241799
 40
0.3086458430241799
 40
0.3086458430241799
 10
53.07352134278364
 20
131.7610981004985
 30
0.0
 10
52.85074503020223
 20
132.1248400360945
 30
0.0
 10
52.48813798316771
 20
132.0640500644134
 30
0.0
 10
52.06143225429212
 20
132.0495730069757
 30
0.0
 10
51.85783417252541
 20
132.045251988628
 30
0.0
 10
51.64205072428414
 20
132.0454206417608
 30
0.0
 10
51.414077168187
 20
132.050028090356
 30
0.0
 10
51.17404106986367
 20
132.0597184286283
 30
0.0
 10
50.92205029115835
 20
132.0749303002906
 30
0.0
 10
50.7160737022154
 20
132.0915046551363
 30
0.0
 10
50.5941254947418
 20
132.1029840243586
 30
0.0
 10
50.56001958034507
 20
132.1063230430186
 30
0.0
  0
ARC
  5
1A2
330
1F
100
AcDbEntity
  8
0
  6
Continuous
 62
7
370
30
100
AcDbCircle
 10
82.2962145027572
 20
142.8331087613383
 30
0.0
 40
33.50000000000064
100
AcDbArc
 50
197.3248247814368
 51
198.6751752185652
  0
SPLINE
  5
1A3
330
1F
100
AcDbEntity
  8
0
  6
Continuous
 62
7
370
30
100
AcDbSpline
 70
8
 71
3
 72
16
 73
12
 74
0
 42
1e-08
 40
0.6913541569758208
 40
0.6913541569758208
 40
0.6913541569758208
 40
0.6913541569758208
 40
0.7036234234120807
 40
0.7352078064784933
 40
0.7653342976763053
 40
0.7940028970059789
 40
0.8212136044680466
 40
0.846966420063132
 40
0.8712613437919742
 40
0.8940983756554498
 40
1.0
 40
1.0
 40
1.0
 40
1.0
 10
50.3160470240001
 20
132.857193363204
 30
0.0
 10
50.34167666243027
 20
132.8799416395428
 30
0.0
 10
50.43358743077547
 20
132.9609080022249
 30
0.0
 10
50.59048383032921
 20
133.095386938264
 30
0.0
 10
50.78540733890468
 20
133.2558100643918
 30
0.0
 10
50.97390478378553
 20
133.4047393913476
 30
0.0
 10
51.15563107460122
 20
133.5424663897484
 30
0.0
 10
51.33010441950904
 20
133.669437161564
 30
0.0
 10
51.49735855854011
 20
133.7856133341452
 30
0.0
 10
51.8510801456561
 20
134.0247124831513
 30
0.0
 10
52.1801668578286
 20
134.188667437598
 30
0.0
 10
52.14659453526746
 20
134.6138854761574
 30
0.0
  0
ARC
  5
1A4
330
1F
100
AcDbEntity
  8
0
  6
Continuous
 62
7
370
30
100
AcDbCircle
 10
82.2962145027572
 20
142.8331087613383
 30
0.0
 40
31.24988344931411
100
AcDbArc
 50
195.2124345126316
 51
195.2491039489089
  0
SPLINE
  5
1A5
330
1F
100
AcDbEntity
  8
0
  6
Continuous
 62
7
370
30
100
AcDbSpline
 70
8
 71
3
 72
16
 73
12
 74
0
 42
1e-08
 40
0.0
 40
0.0
 40
0.0
 40
0.0
 40
0.10590162434455
 40
0.1287386562080258
 40
0.1530335799368679
 40
0.1787863955319534
 40
0.2059971029940211
 40
0.2346657023236946
 40
0.2647921935215068
 40
0.2963765765879194
 40
0.308645843024179
 40
0.308645843024179
 40
0.308645843024179
 40
0.308645843024179
 10
52.1413403877035
 20
134.6331829872243
 30
0.0
 10
51.95471023673089
 20
135.0167278580105
 30
0.0
 10
51.58792889332666
 20
134.9912183039833
 30
0.0
 10
51.1618179450849
 20
135.0179918737083
 30
0.0
 10
50.95875329511159
 20
135.0333410766146
 30
0.0
 10
50.74399348020371
 20
135.0543350490712
 30
0.0
 10
50.51752887087048
 20
135.0809236101771
 30
0.0
 10
50.27954860127674
 20
135.1137355354209
 30
0.0
 10
50.03020236495277
 20
135.1531970105968
 30
0.0
 10
49.82678700593941
 20
135.1895735985151
 30
0.0
 10
49.70651601617708
 20
135.2127690775005
 30
0.0
 10
49.67289158242994
 20
135.2193842039266
 30
0.0
  0
ARC
  5
1A6
330
1F
100
AcDbEntity
  8
0
  6
Continuous
 62
7
370
30
100
AcDbCircle
 10
82.2962145027572
 20
142.8331087613383
 30
0.0
 40
33.50000000000064
100
AcDbArc
 50
191.7863632429752
 51
193.1367136801037
  0
SPLINE
  5
1A7
330
1F
100
AcDbEntity
  8
0
  6
Continuous
 62
7
370
30
100
AcDbSpline
 70
8
 71
3
 72
16
 73
12
 74
0
 42
1e-08
 40
0.6913541569758204
 40
0.6913541569758204
 40
0.6913541569758204
 40
0.6913541569758204
 40
0.7036234234120807
 40
0.7352078064784933
 40
0.7653342976763053
 40
0.7940028970059789
 40
0.8212136044680466
 40
0.846966420063132
 40
0.8712613437919742
 40
0.8940983756554498
 40
1.0
 40
1.0
 40
1.0
 40
1.0
 10
49.5025274177963
 20
135.9902959351861
 30
0.0
 10
49.53023293305573
 20
136.0104643973649
 30
0.0
 10
49.62952900948554
 20
136.0821821108631
 30
0.0
 10
49.79867204873221
 20
136.2008905634077
 30
0.0
 10
50.0081686480755
 20
136.3417519436919
 30
0.0
 10
50.21015987131252
 20
136.4717933866604
 30
0.0
 10
50.40433037005271
 20
136.5913383082636
 30
0.0
 10
50.59024365668395
 20
136.7008772275241
 30
0.0
 10
50.76792961023169
 20
136.8003686945475
 30
0.0
 10
51.14307629212867
 20
137.0042125841026
 30
0.0
 10
51.48645064282618
 20
137.1356406880194
 30
0.0
 10
51.49407450827509
 20
137.5621138499348
 30
0.0
  0
ARC
  5
1A8
330
1F
100
AcDbEntity
  8
0
  6
Continuous
 62
7
370
30
100
AcDbCircle
 10
82.2962145027572
 20
142.8331087613383
 30
0.0
 40
31.24988344931411
100
AcDbArc
 50
189.67397297417
 51
189.7106424104473
  0
SPLINE
  5
1A9
330
1F
100
AcDbEntity
  8
0
  6
Continuous
 62
7
370
30
100
AcDbSpline
 70
8
 71
3
 72
16
 73
12
 74
0
 42
1e-08
 40
0.0
 40
0.0
 40
0.0
 40
0.0
 40
0.10590162434455
 40
0.1287386562080258
 40
0.1530335799368679
 40
0.1787863955319534
 40
0.2059971029940211
 40
0.2346657023236946
 40
0.2647921935215068
 40
0.2963765765879194
 40
0.308645843024181
 40
0.308645843024181
 40
0.308645843024181
 40
0.308645843024181
 10
51.49070736744815
 20
137.5818283715535
 30
0.0
 10
51.34196589351923
 20
137.9815951224119
 30
0.0
 10
50.97443479232479
 20
137.9916041618713
 30
0.0
 10
50.55289710783128
 20
138.0593783811524
 30
0.0
 10
50.35226184957538
 20
138.0942544939408
 30
0.0
 10
50.14053082252882
 20
138.1358777706568
 30
0.0
 10
49.91768959899929
 20
138.1841991940423
 30
0.0
 10
49.68398711579204
 20
138.2398263501522
 30
0.0
 10
49.43961350047532
 20
138.3031689876804
 30
0.0
 10
49.24065860579133
 20
138.3590081702712
 30
0.0
 10
49.12318777156647
 20
138.393703189082
 30
0.0
 10
49.09035876074717
 20
138.4035326596209
 30
0.0
  0
ARC
  5
1AA
330
1F
100
AcDbEntity
  8
0
  6
Continuous
 62
7
370
30
100
AcDbCircle
 10
82.2962145027572
 20
142.8331087613383
 30
0.0
 40
33.50000000000065
100
AcDbArc
 50
186.2479017045136
 51
187.5982521416421
  0
SPLINE
  5
1AB
330
1F
100
AcDbEntity
  8
0
  6
Continuous
 62
7
370
30
100
AcDbSpline
 70
8
 71
3
 72
16
 73
12
 74
0
 42
1e-08
 40
0.6913541569758197
 40
0.6913541569758197
 40
0.6913541569758197
 40
0.6913541569758197
 40
0.7036234234120807
 40
0.7352078064784933
 40
0.7653342976763053
 40
0.7940028970059789
 40
0.8212136044680466
 40
0.846966420063132
 40
0.8712613437919742
 40
0.8940983756554498
 40
1.0
 40
1.0
 40
1.0
 40
1.0
 10
48.99519363212793
 20
139.1872880068306
 30
0.0
 10
49.02471634528549
 20
139.2046883473521
 30
0.0
 10
49.13047062908816
 20
139.2664878026988
 30
0.0
 10
49.31028106504344
 20
139.3683174229117
 30
0.0
 10
49.53239474185224
 20
139.4883018725978
 30
0.0
 10
49.74599380581763
 20
139.5982412696637
 30
0.0
 10
49.95079559485201
 20
139.6984879557459
 30
0.0
 10
50.14641300094095
 20
139.7895722870757
 30
0.0
 10
50.33287176313196
 20
139.8714501235202
 30
0.0
 10
50.72594089631883
 20
140.0381355181504
 30
0.0
 10
51.08039689174606
 20
140.1358096627425
 30
0.0
 10
51.12914576322745
 20
140.559556083008
 30
0.0
  0
ARC
  5
1AC
330
1F
100
AcDbEntity
  8
0
  6
Continuous
 62
7
370
30
100
AcDbCircle
 10
82.2962145027572
 20
142.8331087613383
 30
0.0
 40
31.24988344931411
100
AcDbArc
 50
184.1355114357084
 51
184.1721808719858
  0
SPLINE
  5
1AD
330
1F
100
AcDbEntity
  8
0
  6
Continuous
 62
7
370
30
100
AcDbSpline
 70
8
 71
3
 72
16
 73
12
 74
0
 42
1e-08
 40
0.0
 40
0.0
 40
0.0
 40
0.0
 40
0.10590162434455
 40
0.1287386562080258
 40
0.1530335799368679
 40
0.1787863955319534
 40
0.2059971029940211
 40
0.2346657023236946
 40
0.2647921935215068
 40
0.2963765765879194
 40
0.3086458430241822
 40
0.3086458430241822
 40
0.3086458430241822
 40
0.3086458430241822
 10
51.12769706722422
 20
140.5795035460018
 30
0.0
 10
51.01823302940482
 20
140.991759662491
 30
0.0
 10
50.65338370928622
 20
141.0371938437323
 30
0.0
 10
50.24035507232394
 20
141.1453359229448
 30
0.0
 10
50.04402248313356
 20
141.199413316747
 30
0.0
 10
49.83729711950004
 20
141.2612772724027
 30
0.0
 10
49.62015989023702
 20
141.330880393957
 30
0.0
 10
49.39291721053423
 20
141.4088034051643
 30
0.0
 10
49.1557978668281
 20
141.4954357919048
 30
0.0
 10
48.96316102471972
 20
141.5702162137653
 30
0.0
 10
48.84958713956066
 20
141.616086834359
 30
0.0
 10
48.81786006729797
 20
141.6290388738929
 30
0.0
  0
ARC
  5
1AE
330
1F
100
AcDbEntity
  8
0
  6
Continuous
 62
7
370
30
100
AcDbCircle
 10
82.2962145027572
 20
142.8331087613383
 30
0.0
 40
33.50000000000065
100
AcDbArc
 50
180.7094401660521
 51
182.0597906031806
  0
SPLINE
  5
1AF
330
1F
100
AcDbEntity
  8
0
  6
Continuous
 62
7
370
30
100
AcDbSpline
 70
8
 71
3
 72
16
 73
12
 74
0
 42
1e-08
 40
0.6913541569758195
 40
0.6913541569758195
 40
0.6913541569758195
 40
0.6913541569758195
 40
0.7036234234120807
 40
0.7352078064784933
 40
0.7653342976763053
 40
0.7940028970059789
 40
0.8212136044680466
 40
0.846966420063132
 40
0.8712613437919742
 40
0.8940983756554498
 40
1.0
 40
1.0
 40
1.0
 40
1.0
 10
48.79878250585818
 20
142.4183201245471
 30
0.0
 10
48.82984677129557
 20
142.4327898811202
 30
0.0
 10
48.94107186321718
 20
142.4840940734519
 30
0.0
 10
49.12987085428781
 20
142.5680941056056
 30
0.0
 10
49.36252779300703
 20
142.6660813622147
 30
0.0
 10
49.58574038079168
 20
142.7548922388493
 30
0.0
 10
49.79926128099684
 20
142.8349047131125
 30
0.0
 10
50.0027563795291
 20
142.9066840266514
 30
0.0
 10
50.19624703513937
 20
142.9701837612189
 30
0.0
 10
50.60356863902623
 20
143.0981543643055
 30
0.0
 10
50.96579681905685
 20
143.1611625924016
 30
0.0
 10
51.05521554149238
 20
143.5782258648633
 30
0.0
  0
ARC
  5
1B0
330
1F
100
AcDbEntity
  8
0
  6
Continuous
 62
7
370
30
100
AcDbCircle
 10
82.2962145027572
 20
142.8331087613383
 30
0.0
 40
31.24988344931411
100
AcDbArc
 50
178.5970498972461
 51
178.6337193335234
  0
SPLINE
  5
1B1
330
1F
100
AcDbEntity
  8
0
  6
Continuous
 62
7
370
30
100
AcDbSpline
 70
8
 71
3
 72
16
 73
12
 74
0
 42
1e-08
 40
0.0
 40
0.0
 40
0.0
 40
0.0
 40
0.10590162434455
 40
0.1287386562080258
 40
0.1530335799368679
 40
0.1787863955319534
 40
0.2059971029940211
 40
0.2346657023236946
 40
0.2647921935215068
 40
0.2963765765879194
 40
0.3086458430241803
 40
0.3086458430241803
 40
0.3086458430241803
 40
0.3086458430241803
 10
51.05569881639709
 20
143.5982200251449
 30
0.0
 10
50.98653425091489
 20
144.0191163829815
 30
0.0
 10
50.62777321167075
 20
144.0995514992962
 30
0.0
 10
50.22710995933853
 20
144.2470517449837
 30
0.0
 10
50.03691314370001
 20
144.3198255137442
 30
0.0
 10
49.83712358250066
 20
144.4013525412538
 30
0.0
 10
49.62771769930935
 20
144.4915874953846
 30
0.0
 10
49.40905652678424
 20
144.591078815529
 30
0.0
 10
49.18140537411255
 20
144.7001920882287
 30
0.0
 10
48.99688518287137
 20
144.7932155447084
 30
0.0
 10
48.88826865554306
 20
144.8498334854596
 30
0.0
 10
48.85793974896228
 20
144.865787164285
 30
0.0
  0
ARC
  5
1B2
330
1F
100
AcDbEntity
  8
0
  6
Continuous
 62
7
370
30
100
AcDbCircle
 10
82.2962145027572
 20
142.8331087613383
 30
0.0
 40
33.50000000000065
100
AcDbArc
 50
175.1709786275898
 51
176.5213290647183
  0
SPLINE
  5
1B3
330
1F
100
AcDbEntity
  8
0
  6
Continuous
 62
7
370
30
100
AcDbSpline
 70
8
 71
3
 72
16
 73
12
 74
0
 42
1e-08
 40
0.6913541569758205
 40
0.6913541569758205
 40
0.6913541569758205
 40
0.6913541569758205
 40
0.7036234234120807
 40
0.7352078064784933
 40
0.7653342976763053
 40
0.7940028970059789
 40
0.8212136044680466
 40
0.846966420063132
 40
0.8712613437919742
 40
0.8940983756554498
 40
1.0
 40
1.0
 40
1.0
 40
1.0
 10
48.91512787675293
 20
145.6532250120067
 30
0.0
 10
48.94744365579358
 20
145.6646290844129
 30
0.0
 10
49.06310107711881
 20
145.7049590003087
 30
0.0
 10
49.25912585799429
 20
145.7703451587358
 30
0.0
 10
49.50015380347309
 20
145.8454203416543
 30
0.0
 10
49.7308958392862
 20
145.9122734946311
 30
0.0
 10
49.95114226354699
 20
145.9713047021612
 30
0.0
 10
50.16061507561634
 20
146.0231088137986
 30
0.0
 10
50.35933105452762
 20
146.0676375665766
 30
0.0
 10
50.77710207704585
 20
146.1556985510782
 30
0.0
 10
51.14372041475995
 20
146.1834525718293
 30
0.0
 10
51.27297410963079
 20
146.5899386890839
 30
0.0
  0
ARC
  5
1B4
330
1F
100
AcDbEntity
  8
0
  6
Continuous
 62
7
370
30
100
AcDbCircle
 10
82.2962145027572
 20
142.8331087613383
 30
0.0
 40
31.24988344931411
100
AcDbArc
 50
173.0585883587846
 51
173.0952577950619
  0
SPLINE
  5
1B5
330
1F
100
AcDbEntity
  8
0
  6
Continuous
 62
7
370
30
100
AcDbSpline
 70
8
 71
3
 72
16
 73
12
 74
0
 42
1e-08
 40
0.0
 40
0.0
 40
0.0
 40
0.0
 40
0.10590162434455
 40
0.1287386562080258
 40
0.1530335799368679
 40
0.1787863955319534
 40
0.2059971029940211
 40
0.2346657023236946
 40
0.2647921935215068
 40
0.2963765765879194
 40
0.3086458430241808
 40
0.3086458430241808
 40
0.3086458430241808
 40
0.3086458430241808
 10
51.27538484323589
 20
146.6097928665659
 30
0.0
 10
51.2471655210034
 20
147.0353996698611
 30
0.0
 10
50.89784241779429
 20
147.1500847202401
 30
0.0
 10
50.51328543492632
 20
147.3355659623504
 30
0.0
 10
50.33100020926154
 20
147.4263566369982
 30
0.0
 10
50.14001183179892
 20
147.526785540472
 30
0.0
 10
49.94029246098932
 20
147.6368098277252
 30
0.0
 10
49.73225437609473
 20
147.7569405331568
 30
0.0
 10
49.51619693193271
 20
147.8875159305874
 30
0.0
 10
49.3415162068681
 20
147.9979138867371
 30
0.0
 10
49.23887116062105
 20
148.0647505211879
 30
0.0
 10
49.21022359255125
 20
148.0835568841041
 30
0.0
  0
ARC
  5
1B6
330
1F
100
AcDbEntity
  8
0
  6
Continuous
 62
7
370
30
100
AcDbCircle
 10
82.2962145027572
 20
142.8331087613383
 30
0.0
 40
33.50000000000065
100
AcDbArc
 50
169.6325170891282
 51
170.9828675262567
  0
SPLINE
  5
1B7
330
1F
100
AcDbEntity
  8
0
  6
Continuous
 62
7
370
30
100
AcDbSpline
 70
8
 71
3
 72
16
 73
12
 74
0
 42
1e-08
 40
0.6913541569758185
 40
0.6913541569758185
 40
0.6913541569758185
 40
0.6913541569758185
 40
0.7036234234120807
 40
0.7352078064784933
 40
0.7653342976763053
 40
0.7940028970059789
 40
0.8212136044680466
 40
0.846966420063132
 40
0.8712613437919742
 40
0.8940983756554498
 40
1.0
 40
1.0
 40
1.0
 40
1.0
 10
49.34314345943167
 20
148.8617992338727
 30
0.0
 10
49.3764090283537
 20
148.8700311453605
 30
0.0
 10
49.49541891690183
 20
148.8990102352622
 30
0.0
 10
49.69683925701912
 20
148.9451720270186
 30
0.0
 10
49.94398779627203
 20
148.9966341794914
 30
0.0
 10
50.18010490389525
 20
149.0409054189338
 30
0.0
 10
50.4050204706905
 20
149.0784042012513
 30
0.0
 10
50.61851520509001
 20
149.1097494299546
 30
0.0
 10
50.82060114974836
 20
149.134891447976
 30
0.0
 10
51.2449209754229
 20
149.1822206122071
 30
0.0
 10
51.61250645418117
 20
149.1744612937993
 30
0.0
 10
51.78038831456382
 20
149.5665750044917
 30
0.0
  0
ARC
  5
1B8
330
1F
100
AcDbEntity
  8
0
  6
Continuous
 62
7
370
30
100
AcDbCircle
 10
82.2962145027572
 20
142.8331087613383
 30
0.0
 40
31.24988344931411
100
AcDbArc
 50
167.520126820323
 51
167.5567962566004
  0
SPLINE
  5
1B9
330
1F
100
AcDbEntity
  8
0
  6
Continuous
 62
7
370
30
100
AcDbSpline
 70
8
 71
3
 72
16
 73
12
 74
0
 42
1e-08
 40
0.0
 40
0.0
 40
0.0
 40
0.0
 40
0.10590162434455
 40
0.1287386562080258
 40
0.1530335799368679
 40
0.1787863955319534
 40
0.2059971029940211
 40
0.2346657023236946
 40
0.2647921935215068
 40
0.2963765765879194
 40
0.3086458430241816
 40
0.3086458430241816
 40
0.3086458430241816
 40
0.3086458430241816
 10
51.78470399849918
 20
149.5861038260683
 30
0.0
 10
51.79769339572482
 20
150.0124472987733
 30
0.0
 10
51.46106976424539
 20
150.1603114998015
 30
0.0
 10
51.09620955577749
 20
150.3820419499523
 30
0.0
 10
50.92353786812442
 20
150.4900018424202
 30
0.0
 10
50.74313388141989
 20
150.6083949442458
 30
0.0
 10
50.55496574894583
 20
150.7371812974955
 30
0.0
 10
50.35949314722759
 20
150.8768297601853
 30
0.0
 10
50.15704668171789
 20
151.0276481350426
 30
0.0
 10
49.99383636969461
 20
151.1543898348907
 30
0.0
 10
49.89812117366945
 20
151.2308211273934
 30
0.0
 10
49.87142241873502
 20
151.252304584457
 30
0.0
  0
ARC
  5
1BA
330
1F
100
AcDbEntity
  8
0
  6
Continuous
 62
7
370
30
100
AcDbCircle
 10
82.2962145027572
 20
142.8331087613383
 30
0.0
 40
33.50000000000065
100
AcDbArc
 50
164.0940555506667
 51
165.4444059877952
  0
SPLINE
  5
1BB
330
1F
100
AcDbEntity
  8
0
  6
Continuous
 62
7
370
30
100
AcDbSpline
 70
8
 71
3
 72
16
 73
12
 74
0
 42
1e-08
 40
0.6913541569758221
 40
0.6913541569758221
 40
0.6913541569758221
 40
0.6913541569758221
 40
0.7036234234120807
 40
0.7352078064784933
 40
0.7653342976763053
 40
0.7940028970059789
 40
0.8212136044680466
 40
0.846966420063132
 40
0.8712613437919742
 40
0.8940983756554498
 40
1.0
 40
1.0
 40
1.0
 40
1.0
 10
50.07883298772148
 20
152.0140851971385
 30
0.0
 10
50.11273775487076
 20
152.0190680885685
 30
0.0
 10
50.23398894737788
 20
152.0364257825216
 30
0.0
 10
50.43892423929104
 20
152.0629322073953
 30
0.0
 10
50.68988581299755
 20
152.0903008411706
 30
0.0
 10
50.92917343061532
 20
152.111576818444
 30
0.0
 10
51.15665816389808
 20
152.1271930595219
 30
0.0
 10
51.37218147781566
 20
152.1377867433363
 30
0.0
 10
51.57575056620485
 20
152.1433072823529
 30
0.0
 10
52.00265743515018
 20
152.1494627266593
 30
0.0
 10
52.36777800837796
 20
152.106262515758
 30
0.0
 10
52.57272056657532
 20
152.4803427598207
 30
0.0
  0
ARC
  5
1BC
330
1F
100
AcDbEntity
  8
0
  6
Continuous
 62
7
370
30
100
AcDbCircle
 10
82.2962145027572
 20
142.8331087613383
 30
0.0
 40
31.24988344931411
100
AcDbArc
 50
161.9816652818615
 51
162.0183347181388
  0
SPLINE
  5
1BD
330
1F
100
AcDbEntity
  8
0
  6
Continuous
 62
7
370
30
100
AcDbSpline
 70
8
 71
3
 72
16
 73
12
 74
0
 42
1e-08
 40
0.0
 40
0.0
 40
0.0
 40
0.0
 40
0.10590162434455
 40
0.1287386562080258
 40
0.1530335799368679
 40
0.1787863955319534
 40
0.2059971029940211
 40
0.2346657023236946
 40
0.2647921935215068
 40
0.2963765765879194
 40
0.3086458430241793
 40
0.3086458430241793
 40
0.3086458430241793
 40
0.3086458430241793
 10
52.57890090646282
 20
152.4993638901466
 30
0.0
 10
52.63297774464447
 20
152.9224633781287
 30
0.0
 10
52.31219654904358
 20
153.1021261616008
 30
0.0
 10
51.970439716436
 20
153.358035582321
 30
0.0
 10
51.80899375581841
 20
153.4821567001814
 30
0.0
 10
51.64085854328862
 20
153.6174085958662
 30
0.0
 10
51.46599852430385
 20
153.7637545716318
 30
0.0
 10
51.284916480777
 20
153.9216169315098
 30
0.0
 10
51.09797118202187
 20
154.0912701332637
 30
0.0
 10
50.94775513374868
 20
154.2331722237074
 30
0.0
 10
50.85986345494164
 20
154.3184845558772
 30
0.0
 10
50.83536279222383
 20
154.3424445218379
 30
0.0
  0
ARC
  5
1BE
330
1F
100
AcDbEntity
  8
0
  6
Continuous
 62
7
370
30
100
AcDbCircle
 10
82.2962145027572
 20
142.8331087613383
 30
0.0
 40
33.50000000000065
100
AcDbArc
 50
158.5555940122051
 51
159.9059444493336
  0
SPLINE
  5
1BF
330
1F
100
AcDbEntity
  8
0
  6
Continuous
 62
7
370
30
100
AcDbSpline
 70
8
 71
3
 72
16
 73
12
 74
0
 42
1e-08
 40
0.6913541569758206
 40
0.6913541569758206
 40
0.6913541569758206
 40
0.6913541569758206
 40
0.7036234234120807
 40
0.7352078064784933
 40
0.7653342976763053
 40
0.7940028970059789
 40
0.8212136044680466
 40
0.846966420063132
 40
0.8712613437919742
 40
0.8940983756554498
 40
1.0
 40
1.0
 40
1.0
 40
1.0
 10
51.1153275267174
 20
155.0806508571025
 30
0.0
 10
51.14955493241819
 20
155.0823382045598
 30
0.0
 10
51.27191533916922
 20
155.0879124384527
 30
0.0
 10
51.4784521572745
 20
155.0945160130964
 30
0.0
 10
51.73088360483884
 20
155.0975355946147
 30
0.0
 10
51.97110756843795
 20
155.0956176616519
 30
0.0
 10
52.19903750454596
 20
155.0892055568548
 30
0.0
 10
52.41457711486917
 20
155.0789487854087
 30
0.0
 10
52.61772867725962
 20
155.0647963016352
 30
0.0
 10
53.04323667506414
 20
155.0297205542919
 30
0.0
 10
53.40248331034558
 20
154.9514827996265
 30
0.0
 10
53.64257307291052
 20
155.3040368906112
 30
0.0
  0
ARC
  5
1C0
330
1F
100
AcDbEntity
  8
0
  6
Continuous
 62
7
370
30
100
AcDbCircle
 10
82.2962145027572
 20
142.8331087613383
 30
0.0
 40
31.24988344931412
100
AcDbArc
 50
156.4432037433999
 51
156.4798731796772
  0
SPLINE
  5
1C1
330
1F
100
AcDbEntity
  8
0
  6
Continuous
 62
7
370
30
100
AcDbSpline
 70
8
 71
3
 72
16
 73
12
 74
0
 42
1e-08
 40
0.0
 40
0.0
 40
0.0
 40
0.0
 40
0.10590162434455
 40
0.1287386562080258
 40
0.1530335799368679
 40
0.1787863955319534
 40
0.2059971029940211
 40
0.2346657023236946
 40
0.2647921935215068
 40
0.2963765765879194
 40
0.3086458430241792
 40
0.3086458430241792
 40
0.3086458430241792
 40
0.3086458430241792
 10
53.65056036458184
 20
155.3223727345175
 30
0.0
 10
53.74521974285162
 20
155.7382778718554
 30
0.0
 10
53.44327603072283
 20
155.9480617747697
 30
0.0
 10
53.12781346544026
 20
156.2357608087491
 30
0.0
 10
52.97910060929318
 20
156.374884266567
 30
0.0
 10
52.82480400411597
 20
156.5257321456027
 30
0.0
 10
52.6648847195043
 20
156.6882713509392
 30
0.0
 10
52.49988394841935
 20
156.862873689685
 30
0.0
 10
52.3301852743036
 20
157.0497777121011
 30
0.0
 10
52.19436601654972
 20
157.2055152915555
 30
0.0
 10
52.11511847588468
 20
157.298912125133
 30
0.0
 10
52.09304466146996
 20
157.3251248922444
 30
0.0
  0
ARC
  5
1C2
330
1F
100
AcDbEntity
  8
0
  6
Continuous
 62
7
370
30
100
AcDbCircle
 10
82.2962145027572
 20
142.8331087613383
 30
0.0
 40
33.50000000000066
100
AcDbArc
 50
153.0171324737436
 51
154.367482910872
  0
SPLINE
  5
1C3
330
1F
100
AcDbEntity
  8
0
  6
Continuous
 62
7
370
30
100
AcDbSpline
 70
8
 71
3
 72
16
 73
12
 74
0
 42
1e-08
 40
0.6913541569758191
 40
0.6913541569758191
 40
0.6913541569758191
 40
0.6913541569758191
 40
0.7036234234120807
 40
0.7352078064784933
 40
0.7653342976763053
 40
0.7940028970059789
 40
0.8212136044680466
 40
0.846966420063132
 40
0.8712613437919742
 40
0.8940983756554498
 40
1.0
 40
1.0
 40
1.0
 40
1.0
 10
52.44294960617704
 20
158.0328645164384
 30
0.0
 10
52.47718007836441
 20
158.0312405656146
 30
0.0
 10
52.59950725320973
 20
158.0249792943272
 30
0.0
 10
52.80571721888474
 20
158.0116183629438
 30
0.0
 10
53.05726165589497
 20
157.990260699186
 30
0.0
 10
53.29617905905213
 20
157.9651667632102
 30
0.0
 10
53.52242607758434
 20
157.936786180633
 30
0.0
 10
53.73596954904555
 20
157.905774718638
 30
0.0
 10
53.93680681403543
 20
157.8720813500022
 30
0.0
 10
54.35694308717051
 20
157.7961019038113
 30
0.0
 10
54.70696159546569
 20
157.6835570902173
 30
0.0
 10
54.97995690897381
 20
158.0112933255669
 30
0.0
  0
ARC
  5
1C4
330
1F
100
AcDbEntity
  8
0
  6
Continuous
 62
7
370
30
100
AcDbCircle
 10
82.2962145027572
 20
142.8331087613383
 30
0.0
 40
31.24988344931412
100
AcDbArc
 50
150.9047422049383
 51
150.9414116412157
  0
SPLINE
  5
1C5
330
1F
100
AcDbEntity
  8
0
  6
Continuous
 62
7
370
30
100
AcDbSpline
 70
8
 71
3
 72
16
 73
12
 74
0
 42
1e-08
 40
0.0
 40
0.0
 40
0.0
 40
0.0
 40
0.10590162434455
 40
0.1287386562080258
 40
0.1530335799368679
 40
0.1787863955319534
 40
0.2059971029940211
 40
0.2346657023236946
 40
0.2647921935215068
 40
0.2963765765879194
 40
0.3086458430241806
 40
0.3086458430241806
 40
0.3086458430241806
 40
0.3086458430241806
 10
54.98967657723866
 20
158.0287726862194
 30
0.0
 10
55.12403468648628
 20
158.4336002787052
 30
0.0
 10
54.8437476249154
 20
158.6715466052834
 30
0.0
 10
54.55752471593315
 20
158.988349084158
 30
0.0
 10
54.42293345612593
 20
159.1411759236926
 30
0.0
 10
54.2839160841309
 20
159.3062113600764
 30
0.0
 10
54.14043065716484
 20
159.4834262102174
 30
0.0
 10
53.99305172626439
 20
159.673138312838
 30
0.0
 10
53.84218410758542
 20
159.8755480834177
 30
0.0
 10
53.72202974816598
 20
160.0436670720645
 30
0.0
 10
53.65216625857808
 20
160.1442763859791
 30
0.0
 10
53.63272538972413
 20
160.1724972126972
 30
0.0
  0
ARC
  5
1C6
330
1F
100
AcDbEntity
  8
0
  6
Continuous
 62
7
370
30
100
AcDbCircle
 10
82.2962145027572
 20
142.8331087613383
 30
0.0
 40
33.50000000000065
100
AcDbArc
 50
147.478670935282
 51
148.8290213724105
  0
SPLINE
  5
1C7
330
1F
100
AcDbEntity
  8
0
  6
Continuous
 62
7
370
30
100
AcDbSpline
 70
8
 71
3
 72
16
 73
12
 74
0
 42
1e-08
 40
0.6913541569758195
 40
0.6913541569758195
 40
0.6913541569758195
 40
0.6913541569758195
 40
0.7036234234120807
 40
0.7352078064784933
 40
0.7653342976763053
 40
0.7940028970059789
 40
0.8212136044680466
 40
0.846966420063132
 40
0.8712613437919742
 40
0.8940983756554498
 40
1.0
 40
1.0
 40
1.0
 40
1.0
 10
54.04930357645277
 20
160.8431621516398
 30
0.0
 10
54.08321751443079
 20
160.8382420649259
 30
0.0
 10
54.20436932149812
 20
160.8202037482613
 30
0.0
 10
54.40832710785362
 20
160.7870030582672
 30
0.0
 10
54.65663593167629
 20
160.7414675599853
 30
0.0
 10
54.89201606697102
 20
160.6934319163156
 30
0.0
 10
55.1144677604743
 20
160.643347837811
 30
0.0
 10
55.32402129521664
 20
160.5918712309322
 30
0.0
 10
55.52066909937537
 20
160.5389515633388
 30
0.0
 10
55.93151094865831
 20
160.4227778179181
 30
0.0
 10
56.26903330146264
 20
160.2769767459963
 30
0.0
 10
56.57238528222627
 20
160.5768351407851
 30
0.0
  0
ARC
  5
1C8
330
1F
100
AcDbEntity
  8
0
  6
Continuous
 62
7
370
30
100
AcDbCircle
 10
82.2962145027572
 20
142.8331087613383
 30
0.0
 40
31.24988344931412
100
AcDbArc
 50
145.3662806664768
 51
145.4029501027541
  0
SPLINE
  5
1C9
330
1F
100
AcDbEntity
  8
0
  6
Continuous
 62
7
370
30
100
AcDbSpline
 70
8
 71
3
 72
16
 73
12
 74
0
 42
1e-08
 40
0.0
 40
0.0
 40
0.0
 40
0.0
 40
0.10590162434455
 40
0.1287386562080258
 40
0.1530335799368679
 40
0.1787863955319534
 40
0.2059971029940211
 40
0.2346657023236946
 40
0.2647921935215068
 40
0.2963765765879194
 40
0.3086458430250379
 40
0.3086458430250379
 40
0.3086458430250379
 40
0.3086458430250379
 10
56.58374657716089
 20
160.5932948181029
 30
0.0
 10
56.75654895192109
 20
160.9832650995805
 30
0.0
 10
56.50053550568281
 20
161.2471522090825
 30
0.0
 10
56.24622463918348
 20
161.5901002334647
 30
0.0
 10
56.12701161804533
 20
161.7552035516923
 30
0.0
 10
56.00457144697858
 20
161.9328856540209
 30
0.0
 10
55.87885956242968
 20
162.1231215416585
 30
0.0
 10
55.75047850908245
 20
162.3261721173671
 30
0.0
 10
55.6198505561468
 20
162.5421977906188
 30
0.0
 10
55.51648294394069
 20
162.7211285067603
 30
0.0
 10
55.45665580200735
 20
162.8280109389577
 30
0.0
 10
55.4400293928675
 20
162.8579763350293
 30
0.0
  0
ARC
  5
1CA
330
1F
100
AcDbEntity
  8
0
  6
Continuous
 62
7
370
30
100
AcDbCircle
 10
82.2962145027572
 20
142.8331087613383
 30
0.0
 40
33.5000000000072
100
AcDbArc
 50
141.9402093968205
 51
143.2905598339439
  0
SPLINE
  5
1CB
330
1F
100
AcDbEntity
  8
0
  6
Continuous
 62
7
370
30
100
AcDbSpline
 70
8
 71
3
 72
16
 73
12
 74
0
 42
1e-08
 40
0.6913541569758203
 40
0.6913541569758203
 40
0.6913541569758203
 40
0.6913541569758203
 40
0.7036234234120807
 40
0.7352078064784933
 40
0.7653342976763053
 40
0.7940028970059789
 40
0.8212136044680466
 40
0.846966420063132
 40
0.8712613437919742
 40
0.8940983756554498
 40
1.0
 40
1.0
 40
1.0
 40
1.0
 10
55.91939134333255
 20
163.4853047708799
 30
0.0
 10
55.95267210179994
 20
163.4771344858001
 30
0.0
 10
56.07151737930927
 20
163.4474875426609
 30
0.0
 10
56.27131868744747
 20
163.3947570799531
 30
0.0
 10
56.51407350549774
 20
163.3254688998257
 30
0.0
 10
56.74371869202648
 20
163.2549400443245
 30
0.0
 10
56.96029808897493
 20
163.1836200914391
 30
0.0
 10
57.16390514210563
 20
163.1121589628852
 30
0.0
 10
57.35452743786965
 20
163.0405070930122
 30
0.0
 10
57.75223894364899
 20
162.8852237313212
 30
0.0
 10
58.07411378569476
 20
162.7075277063963
 30
0.0
 10
58.40499011800326
 20
162.9767085635845
 30
0.0
  0
ARC
  5
1CC
330
1F
100
AcDbEntity
  8
0
  6
Continuous
 62
7
370
30
100
AcDbCircle
 10
82.2962145027572
 20
142.8331087613383
 30
0.0
 40
31.24988344931412
100
AcDbArc
 50
139.8278191280152
 51
139.8644885642926
  0
SPLINE
  5
1CD
330
1F
100
AcDbEntity
  8
0
  6
Continuous
 62
7
370
30
100
AcDbSpline
 70
8
 71
3
 72
16
 73
12
 74
0
 42
1e-08
 40
0.0
 40
0.0
 40
0.0
 40
0.0
 40
0.10590162434455
 40
0.1287386562080258
 40
0.1530335799368679
 40
0.1787863955319534
 40
0.2059971029940211
 40
0.2346657023236946
 40
0.2647921935215068
 40
0.2963765765879194
 40
0.3086458430241806
 40
0.3086458430241806
 40
0.3086458430241806
 40
0.3086458430241806
 10
58.41788696225798
 20
162.9919948779954
 30
0.0
 10
58.62752019331667
 20
163.3634668010184
 30
0.0
 10
58.39817069097946
 20
163.6508308506032
 30
0.0
 10
58.17814629900324
 20
164.0167224071917
 30
0.0
 10
58.07542457639231
 20
164.1925606789146
 30
0.0
 10
57.97070479714141
 20
164.3812304772725
 30
0.0
 10
57.86394019300447
 20
164.5827112211803
 30
0.0
 10
57.7557556765152
 20
164.7972044414603
 30
0.0
 10
57.64658702732364
 20
165.0248290438777
 30
0.0
 10
57.56097127787753
 20
165.2129008596234
 30
0.0
 10
57.51173907350573
 20
165.325058477628
 30
0.0
 10
57.49808236038465
 20
165.3564886642195
 30
0.0
  0
ARC
  5
1CE
330
1F
100
AcDbEntity
  8
0
  6
Continuous
 62
7
370
30
100
AcDbCircle
 10
82.2962145027572
 20
142.8331087613383
 30
0.0
 40
33.50000000000066
100
AcDbArc
 50
136.4017478583589
 51
137.7520982954874
  0
SPLINE
  5
1CF
330
1F
100
AcDbEntity
  8
0
  6
Continuous
 62
7
370
30
100
AcDbSpline
 70
8
 71
3
 72
16
 73
12
 74
0
 42
1e-08
 40
0.6913541569758196
 40
0.6913541569758196
 40
0.6913541569758196
 40
0.6913541569758196
 40
0.7036234234120807
 40
0.7352078064784933
 40
0.7653342976763053
 40
0.7940028970059789
 40
0.8212136044680466
 40
0.846966420063132
 40
0.8712613437919742
 40
0.8940983756554498
 40
1.0
 40
1.0
 40
1.0
 40
1.0
 10
58.03575240120469
 20
165.9346234004095
 30
0.0
 10
58.06808924668665
 20
165.9232792007143
 30
0.0
 10
58.18351836830299
 20
165.8823004366205
 30
0.0
 10
58.37729770724334
 20
165.8105325313218
 30
0.0
 10
58.61223198319176
 20
165.7181385944181
 30
0.0
 10
58.83399808572243
 20
165.6257750360063
 30
0.0
 10
59.04268304264089
 20
165.5338851039241
 30
0.0
 10
59.2384425899638
 20
165.4431066669983
 30
0.0
 10
59.42125958831794
 20
165.3533915890491
 30
0.0
 10
59.80212742542171
 20
165.1604484499972
 30
0.0
 10
60.1053494980332
 20
164.9525165719763
 30
0.0
 10
60.46066087872155
 20
165.1885066224272
 30
0.0
  0
ARC
  5
1D0
330
1F
100
AcDbEntity
  8
0
  6
Continuous
 62
7
370
30
100
AcDbCircle
 10
82.2962145027572
 20
142.8331087613383
 30
0.0
 40
31.24988344931412
100
AcDbArc
 50
134.2893575895537
 51
134.326027025831
  0
SPLINE
  5
1D1
330
1F
100
AcDbEntity
  8
0
  6
Continuous
 62
7
370
30
100
AcDbSpline
 70
8
 71
3
 72
16
 73
12
 74
0
 42
1e-08
 40
0.0
 40
0.0
 40
0.0
 40
0.0
 40
0.10590162434455
 40
0.1287386562080258
 40
0.1530335799368679
 40
0.1787863955319534
 40
0.2059971029940211
 40
0.2346657023236946
 40
0.2647921935215068
 40
0.2963765765879194
 40
0.3086458430241795
 40
0.3086458430241795
 40
0.3086458430241795
 40
0.3086458430241795
 10
60.47497285793642
 20
165.2024768497322
 30
0.0
 10
60.71947965629782
 20
165.5519820810429
 30
0.0
 10
60.51893547237015
 20
165.8601400300056
 30
0.0
 10
60.33525186338258
 20
166.2455588879207
 30
0.0
 10
60.24998052434604
 20
166.4304903585728
 30
0.0
 10
60.16395887727464
 20
166.628386293887
 30
0.0
 10
60.07713838589236
 20
166.839230722645
 30
0.0
 10
59.99016049594274
 20
167.0631639220908
 30
0.0
 10
59.90347042875891
 20
167.3002621840913
 30
0.0
 10
59.83640591325626
 20
167.4957191235729
 30
0.0
 10
59.79822831427219
 20
167.6121047419266
 30
0.0
 10
59.78766880621952
 20
167.6447062638563
 30
0.0
  0
ARC
  5
1D2
330
1F
100
AcDbEntity
  8
0
  6
Continuous
 62
7
370
30
100
AcDbCircle
 10
82.2962145027572
 20
142.8331087613383
 30
0.0
 40
33.50000000000068
100
AcDbArc
 50
130.8632863198974
 51
132.2136367570259
  0
SPLINE
  5
1D3
330
1F
100
AcDbEntity
  8
0
  6
Continuous
 62
7
370
30
100
AcDbSpline
 70
8
 71
3
 72
16
 73
12
 74
0
 42
1e-08
 40
0.6913541569758186
 40
0.6913541569758186
 40
0.6913541569758186
 40
0.6913541569758186
 40
0.7036234234120807
 40
0.7352078064784933
 40
0.7653342976763053
 40
0.7940028970059789
 40
0.8212136044680466
 40
0.846966420063132
 40
0.8712613437919742
 40
0.8940983756554498
 40
1.0
 40
1.0
 40
1.0
 40
1.0
 10
60.37862685709421
 20
168.1682494121175
 30
0.0
 10
60.40971786917716
 20
168.1538372155429
 30
0.0
 10
60.52065310429265
 20
168.1019092381738
 30
0.0
 10
60.70660120855847
 20
168.0117739678792
 30
0.0
 10
60.93152142437011
 20
167.8971369314939
 30
0.0
 10
61.143337872555
 20
167.7838010438304
 30
0.0
 10
61.34217995422779
 20
167.6721990840889
 30
0.0
 10
61.52826424159409
 20
167.5629509125977
 30
0.0
 10
61.70156902948207
 20
167.4560102720828
 30
0.0
 10
62.06203713753448
 20
167.2272088137736
 30
0.0
 10
62.34377533791843
 20
166.9909824865776
 30
0.0
 10
62.72020432035858
 20
167.1915783547742
 30
0.0
  0
ARC
  5
1D4
330
1F
100
AcDbEntity
  8
0
  6
Continuous
 62
7
370
30
100
AcDbCircle
 10
82.2962145027572
 20
142.8331087613383
 30
0.0
 40
31.24988344931411
100
AcDbArc
 50
128.7508960510922
 51
128.7875654873695
  0
SPLINE
  5
1D5
330
1F
100
AcDbEntity
  8
0
  6
Continuous
 62
7
370
30
100
AcDbSpline
 70
8
 71
3
 72
16
 73
12
 74
0
 42
1e-08
 40
0.0
 40
0.0
 40
0.0
 40
0.0
 40
0.10590162434455
 40
0.1287386562080258
 40
0.1530335799368679
 40
0.1787863955319534
 40
0.2059971029940211
 40
0.2346657023236946
 40
0.2647921935215068
 40
0.2963765765879194
 40
0.3086458430241806
 40
0.3086458430241806
 40
0.3086458430241806
 40
0.3086458430241806
 10
62.73579780743984
 20
167.204102058725
 30
0.0
 10
63.01289527900639
 20
167.5283773621477
 30
0.0
 10
62.84302884049991
 20
167.8544520227474
 30
0.0
 10
62.69740101886725
 20
168.2557996299582
 30
0.0
 10
62.63037621892258
 20
168.4480976442252
 30
0.0
 10
62.56385586497213
 20
168.6533720154679
 30
0.0
 10
62.49779010588
 20
168.8716115314536
 30
0.0
 10
62.43283093159361
 20
169.1028939061175
 30
0.0
 10
62.36942884821743
 20
169.3472521051114
 30
0.0
 10
62.32154172996995
 20
169.5482692395479
 30
0.0
 10
62.29477519032893
 20
169.6677961970906
 30
0.0
 10
62.28741147862627
 20
169.7012646627323
 30
0.0
  0
ARC
  5
1D6
330
1F
100
AcDbEntity
  8
0
  6
Continuous
 62
7
370
30
100
AcDbCircle
 10
82.2962145027572
 20
142.8331087613383
 30
0.0
 40
33.50000000000065
100
AcDbArc
 50
125.3248247814358
 51
126.6751752185643
  0
SPLINE
  5
1D7
330
1F
100
AcDbEntity
  8
0
  6
Continuous
 62
7
370
30
100
AcDbSpline
 70
8
 71
3
 72
16
 73
12
 74
0
 42
1e-08
 40
0.6913541569758196
 40
0.6913541569758196
 40
0.6913541569758196
 40
0.6913541569758196
 40
0.7036234234120807
 40
0.7352078064784933
 40
0.7653342976763053
 40
0.7940028970059789
 40
0.8212136044680466
 40
0.846966420063132
 40
0.8712613437919742
 40
0.8940983756554498
 40
1.0
 40
1.0
 40
1.0
 40
1.0
 10
62.92613992345955
 20
170.1653280417504
 30
0.0
 10
62.95569481374069
 20
170.1479824110926
 30
0.0
 10
63.06110038995492
 20
170.0855900579816
 30
0.0
 10
63.23748111219765
 20
169.9779289914243
 30
0.0
 10
63.45028724841893
 20
169.8421191906788
 30
0.0
 10
63.65017636915214
 20
169.70886916041
 30
0.0
 10
63.83731904063779
 20
169.5785971704377
 30
0.0
 10
64.011990649194
 20
169.4518992851232
 30
0.0
 10
64.17416512650571
 20
169.3287315579894
 30
0.0
 10
64.51086791190474
 20
169.066208037992
 30
0.0
 10
64.76849172639437
 20
168.8038928431902
 30
0.0
 10
65.16252369460054
 20
168.9672216195587
 30
0.0
  0
ARC
  5
1D8
330
1F
100
AcDbEntity
  8
0
  6
Continuous
 62
7
370
30
100
AcDbCircle
 10
82.2962145027572
 20
142.8331087613383
 30
0.0
 40
31.24988344931412
100
AcDbArc
 50
123.2124345126306
 51
123.249103948908
  0
SPLINE
  5
1D9
330
1F
100
AcDbEntity
  8
0
  6
Continuous
 62
7
370
30
100
AcDbSpline
 70
8
 71
3
 72
16
 73
12
 74
0
 42
1e-08
 40
0.0
 40
0.0
 40
0.0
 40
0.0
 40
0.10590162434455
 40
0.1287386562080258
 40
0.1530335799368679
 40
0.1787863955319534
 40
0.2059971029940211
 40
0.2346657023236946
 40
0.2647921935215068
 40
0.2963765765879194
 40
0.3086458430250378
 40
0.3086458430250378
 40
0.3086458430250378
 40
0.3086458430250378
 10
65.17925309736076
 20
168.9781818697059
 30
0.0
 10
65.48635405770028
 20
169.2741995741038
 30
0.0
 10
65.34875136178331
 20
169.6151464750905
 30
0.0
 10
65.24253901523888
 20
170.0286755571257
 30
0.0
 10
65.1943865468843
 20
170.2265446802601
 30
0.0
 10
65.1479885686767
 20
170.4372808959351
 30
0.0
 10
65.10329438006696
 20
170.6608778555895
 30
0.0
 10
65.0609604277518
 20
170.8973499842547
 30
0.0
 10
65.02143829635298
 20
171.1466866135768
 30
0.0
 10
64.99317568448096
 20
171.3513871001475
 30
0.0
 10
64.97807011615147
 20
171.4729394058837
 30
0.0
 10
64.97397095379068
 20
171.5069623291937
 30
0.0
  0
ARC
  5
1DA
330
1F
100
AcDbEntity
  8
0
  6
Continuous
 62
7
370
30
100
AcDbCircle
 10
82.2962145027572
 20
142.8331087613383
 30
0.0
 40
33.5000000000072
100
AcDbArc
 50
119.7863632429743
 51
121.1367136800977
  0
SPLINE
  5
1DB
330
1F
100
AcDbEntity
  8
0
  6
Continuous
 62
7
370
30
100
AcDbSpline
 70
8
 71
3
 72
16
 73
12
 74
0
 42
1e-08
 40
0.6913541569758191
 40
0.6913541569758191
 40
0.6913541569758191
 40
0.6913541569758191
 40
0.7036234234120807
 40
0.7352078064784933
 40
0.7653342976763053
 40
0.7940028970059789
 40
0.8212136044680466
 40
0.846966420063132
 40
0.8712613437919742
 40
0.8940983756554498
 40
1.0
 40
1.0
 40
1.0
 40
1.0
 10
65.65450615718999
 20
171.9072131042267
 30
0.0
 10
65.68224897962187
 20
171.8870959909656
 30
0.0
 10
65.78114075346973
 20
171.8148218027032
 30
0.0
 10
65.94630727440898
 20
171.6906401422538
 30
0.0
 10
66.14501241748349
 20
171.5349255966657
 30
0.0
 10
66.33110789990194
 20
171.383005543422
 30
0.0
 10
66.5048038604996
 20
171.2352798376894
 30
0.0
 10
66.66643192849936
 20
171.0923151825699
 30
0.0
 10
66.8159619158357
 20
170.9540703526998
 30
0.0
 10
67.12575567539365
 20
170.6602758823872
 30
0.0
 10
67.35685973984603
 20
170.3743209862764
 30
0.0
 10
67.7648157234972
 20
170.4988577140386
 30
0.0
  0
ARC
  5
1DC
330
1F
100
AcDbEntity
  8
0
  6
Continuous
 62
7
370
30
100
AcDbCircle
 10
82.2962145027572
 20
142.8331087613383
 30
0.0
 40
31.24988344931412
100
AcDbArc
 50
117.6739729741691
 51
117.7106424104464
  0
SPLINE
  5
1DD
330
1F
100
AcDbEntity
  8
0
  6
Continuous
 62
7
370
30
100
AcDbSpline
 70
8
 71
3
 72
16
 73
12
 74
0
 42
1e-08
 40
0.0
 40
0.0
 40
0.0
 40
0.0
 40
0.10590162434455
 40
0.1287386562080258
 40
0.1530335799368679
 40
0.1787863955319534
 40
0.2059971029940211
 40
0.2346657023236946
 40
0.2647921935215068
 40
0.2963765765879194
 40
0.3086458430250381
 40
0.3086458430250381
 40
0.3086458430250381
 40
0.3086458430250381
 10
67.78252484401025
 20
170.5081521774794
 30
0.0
 10
68.11676197419993
 20
170.7731484453042
 30
0.0
 10
68.0127077801692
 20
171.1257842573266
 30
0.0
 10
67.94690258477534
 20
171.5476338045665
 30
0.0
 10
67.91807203463391
 20
171.7492265858787
 30
0.0
 10
67.8922296375904
 20
171.96345705872
 30
0.0
 10
67.86932431705992
 20
172.1903237974755
 30
0.0
 10
67.8500108474225
 20
172.4297778035908
 30
0.0
 10
67.83473767549327
 20
172.6817648743131
 30
0.0
 10
67.82636345038934
 20
172.888237479726
 30
0.0
 10
67.82305988999342
 20
173.0106802325253
 30
0.0
 10
67.8222635497495
 20
173.0449399506332
 30
0.0
  0
ARC
  5
1DE
330
1F
100
AcDbEntity
  8
0
  6
Continuous
 62
7
370
30
100
AcDbCircle
 10
82.2962145027572
 20
142.8331087613383
 30
0.0
 40
33.5000000000072
100
AcDbArc
 50
114.2479017045127
 51
115.5982521416362
  0
SPLINE
  5
1DF
330
1F
100
AcDbEntity
  8
0
  6
Continuous
 62
7
370
30
100
AcDbSpline
 70
8
 71
3
 72
16
 73
12
 74
0
 42
1e-08
 40
0.69135415697582
 40
0.69135415697582
 40
0.69135415697582
 40
0.69135415697582
 40
0.7036234234120807
 40
0.7352078064784933
 40
0.7653342976763053
 40
0.7940028970059789
 40
0.8212136044680466
 40
0.846966420063132
 40
0.8712613437919742
 40
0.8940983756554498
 40
1.0
 40
1.0
 40
1.0
 40
1.0
 10
68.53825153787936
 20
173.3776410880434
 30
0.0
 10
68.56392326520385
 20
173.3549403202453
 30
0.0
 10
68.65537791083786
 20
173.2734591014539
 30
0.0
 10
68.8077881151693
 20
173.1339162978173
 30
0.0
 10
68.99053700871431
 20
172.9597508721437
 30
0.0
 10
69.16110132943933
 20
172.7905792325296
 30
0.0
 10
69.31972882676475
 20
172.6267790861487
 30
0.0
 10
69.46680427648542
 20
172.4688824836892
 30
0.0
 10
69.60229365264328
 20
172.3168513058111
 30
0.0
 10
69.88228592549657
 20
171.9945289649941
 30
0.0
 10
70.0847124835295
 20
171.6876042513931
 30
0.0
 10
70.50278350752404
 20
171.7721861646763
 30
0.0
  0
ARC
  5
1E0
330
1F
100
AcDbEntity
  8
0
  6
Continuous
 62
7
370
30
100
AcDbCircle
 10
82.2962145027572
 20
142.8331087613383
 30
0.0
 40
31.24988344931411
100
AcDbArc
 50
112.1355114357075
 51
112.1721808719849
  0
SPLINE
  5
1E1
330
1F
100
AcDbEntity
  8
0
  6
Continuous
 62
7
370
30
100
AcDbSpline
 70
8
 71
3
 72
16
 73
12
 74
0
 42
1e-08
 40
0.0
 40
0.0
 40
0.0
 40
0.0
 40
0.10590162434455
 40
0.1287386562080258
 40
0.1530335799368679
 40
0.1787863955319534
 40
0.2059971029940211
 40
0.2346657023236946
 40
0.2647921935215068
 40
0.2963765765879194
 40
0.3086458430241814
 40
0.3086458430241814
 40
0.3086458430241814
 40
0.3086458430241814
 10
70.52130700050319
 20
171.7797280615101
 30
0.0
 10
70.8795596185137
 20
172.0112286940084
 30
0.0
 10
70.81002545234303
 20
172.3722609515021
 30
0.0
 10
70.78524181347886
 20
172.7984922683853
 30
0.0
 10
70.77600236462929
 20
173.0019264903923
 30
0.0
 10
70.77095683224825
 20
173.2176510081963
 30
0.0
 10
70.77005424060329
 20
173.445669332439
 30
0.0
 10
70.77394157830588
 20
173.6858694984666
 30
0.0
 10
70.78305996733741
 20
173.9381542752041
 30
0.0
 10
70.79465231688492
 20
174.1444712203712
 30
0.0
 10
70.80318160887569
 20
174.2666612052386
 30
0.0
 10
70.80569552596275
 20
174.3008378443848
 30
0.0
  0
ARC
  5
1E2
330
1F
100
AcDbEntity
  8
0
  6
Continuous
 62
7
370
30
100
AcDbCircle
 10
82.2962145027572
 20
142.8331087613383
 30
0.0
 40
33.50000000000065
100
AcDbArc
 50
108.7094401660512
 51
110.0597906031796
  0
SPLINE
  5
1E3
330
1F
100
AcDbEntity
  8
0
  6
Continuous
 62
7
370
30
100
AcDbSpline
 70
8
 71
3
 72
16
 73
12
 74
0
 42
1e-08
 40
0.6913541569758208
 40
0.6913541569758208
 40
0.6913541569758208
 40
0.6913541569758208
 40
0.7036234234120807
 40
0.7352078064784933
 40
0.7653342976763053
 40
0.7940028970059789
 40
0.8212136044680466
 40
0.846966420063132
 40
0.8712613437919742
 40
0.8940983756554498
 40
1.0
 40
1.0
 40
1.0
 40
1.0
 10
71.55045131189094
 20
174.5628830033008
 30
0.0
 10
71.5738122541069
 20
174.5378105319182
 30
0.0
 10
71.65697588414186
 20
174.4478830507838
 30
0.0
 10
71.79520675885234
 20
174.2942819775197
 30
0.0
 10
71.96029312568784
 20
174.1032918074139
 30
0.0
 10
72.1137337716129
 20
173.9184480914476
 30
0.0
 10
72.2558117434634
 20
173.7401028622516
 30
0.0
 10
72.38696137105825
 20
173.5687485504865
 30
0.0
 10
72.50714510823806
 20
173.4043504987458
 30
0.0
 10
72.75472168197483
 20
173.0565097242755
 30
0.0
 10
72.92658073135682
 20
172.7314808665388
 30
0.0
 10
73.35086337918679
 20
172.775318246808
 30
0.0
  0
ARC
  5
1E4
330
1F
100
AcDbEntity
  8
0
  6
Continuous
 62
7
370
30
100
AcDbCircle
 10
82.2962145027572
 20
142.8331087613383
 30
0.0
 40
31.24988344931412
100
AcDbArc
 50
106.597049897246
 51
106.6337193335233
  0
SPLINE
  5
1E5
330
1F
100
AcDbEntity
  8
0
  6
Continuous
 62
7
370
30
100
AcDbSpline
 70
8
 71
3
 72
16
 73
12
 74
0
 42
1e-08
 40
0.0
 40
0.0
 40
0.0
 40
0.0
 40
0.10590162434455
 40
0.1287386562080258
 40
0.1530335799368679
 40
0.1787863955319534
 40
0.2059971029940211
 40
0.2346657023236946
 40
0.2647921935215068
 40
0.2963765765879194
 40
0.3086458430241806
 40
0.3086458430241806
 40
0.3086458430241806
 40
0.3086458430241806
 10
73.37002829576899
 20
172.781037160376
 30
0.0
 10
73.74895149343185
 20
172.9768806985166
 30
0.0
 10
73.71458657689581
 20
173.3429385405683
 30
0.0
 10
73.73105589271985
 20
173.7695720201308
 30
0.0
 10
73.7414938114066
 20
173.9729482723141
 30
0.0
 10
73.75729225246442
 20
174.1881526733818
 30
0.0
 10
73.77840081695996
 20
174.4151936374546
 30
0.0
 10
73.80545266697783
 20
174.6538972791627
 30
0.0
 10
73.83887748102856
 20
174.9041242469293
 30
0.0
 10
73.87032817058308
 20
175.108359206125
 30
0.0
 10
73.89061067925928
 20
175.2291555680965
 30
0.0
 10
73.89641138191075
 20
175.2629300302122
 30
0.0
  0
ARC
  5
1E6
330
1F
100
AcDbEntity
  8
0
  6
Continuous
 62
7
370
30
100
AcDbCircle
 10
82.2962145027572
 20
142.8331087613383
 30
0.0
 40
33.50000000000065
100
AcDbArc
 50
103.1709786275896
 51
104.5213290647181
  0
SPLINE
  5
1E7
330
1F
100
AcDbEntity
  8
0
  6
Continuous
 62
7
370
30
100
AcDbSpline
 70
8
 71
3
 72
16
 73
12
 74
0
 42
1e-08
 40
0.6913541569758206
 40
0.6913541569758206
 40
0.6913541569758206
 40
0.6913541569758206
 40
0.7036234234120807
 40
0.7352078064784933
 40
0.7653342976763053
 40
0.7940028970059789
 40
0.8212136044680466
 40
0.846966420063132
 40
0.8712613437919742
 40
0.8940983756554498
 40
1.0
 40
1.0
 40
1.0
 40
1.0
 10
74.66298138152776
 20
175.4518725655822
 30
0.0
 10
74.68381342381196
 20
175.424662485525
 30
0.0
 10
74.75790956184144
 20
175.3271283707093
 30
0.0
 10
74.88067048249809
 20
175.1609031596531
 30
0.0
 10
75.02655295569701
 20
174.9548714688739
 30
0.0
 10
75.16143729285342
 20
174.7560815125281
 30
0.0
 10
75.28563919548662
 20
174.5648563618694
 30
0.0
 10
75.39963849221918
 20
174.3816442298387
 30
0.0
 10
75.50339446724864
 20
174.2064142445498
 30
0.0
 10
75.71624378610578
 20
173.8363027320169
 30
0.0
 10
75.85593072519765
 20
173.496204437015
 30
0.0
 10
76.28246358409699
 20
173.498887986462
 30
0.0
  0
ARC
  5
1E8
330
1F
100
AcDbEntity
  8
0
  6
Continuous
 62
7
370
30
100
AcDbCircle
 10
82.2962145027572
 20
142.8331087613383
 30
0.0
 40
31.24988344931412
100
AcDbArc
 50
101.0585883587844
 51
101.0952577950618
  0
SPLINE
  5
1E9
330
1F
100
AcDbEntity
  8
0
  6
Continuous
 62
7
370
30
100
AcDbSpline
 70
8
 71
3
 72
16
 73
12
 74
0
 42
1e-08
 40
0.0
 40
0.0
 40
0.0
 40
0.0
 40
0.10590162434455
 40
0.1287386562080258
 40
0.1530335799368679
 40
0.1787863955319534
 40
0.2059971029940211
 40
0.2346657023236946
 40
0.2647921935215068
 40
0.2963765765879194
 40
0.3086458430241799
 40
0.3086458430241799
 40
0.3086458430241799
 40
0.3086458430241799
 10
76.30209098661977
 20
173.5027305208091
 30
0.0
 10
76.69814686013372
 20
173.6610884262436
 30
0.0
 10
76.6992720491989
 20
174.0287540694109
 30
0.0
 10
76.75684055014669
 20
174.4518063498041
 30
0.0
 10
76.78685838033533
 20
174.6532257628939
 30
0.0
 10
76.8233532890445
 20
174.8659007417162
 30
0.0
 10
76.86627592470127
 20
175.0898445253102
 30
0.0
 10
76.91623971119951
 20
175.3248229311114
 30
0.0
 10
76.97365887178647
 20
175.5706557881291
 30
0.0
 10
77.02467425473355
 20
175.7709018745675
 30
0.0
 10
77.0565206077765
 20
175.8891767705583
 30
0.0
 10
77.06555393639465
 20
175.9222337125906
 30
0.0
  0
ARC
  5
1EA
330
1F
100
AcDbEntity
  8
0
  6
Continuous
 62
7
370
30
100
AcDbCircle
 10
82.2962145027572
 20
142.8331087613383
 30
0.0
 40
33.50000000000067
100
AcDbArc
 50
97.63251708912811
 51
98.9828675262566
  0
SPLINE
  5
1EB
330
1F
100
AcDbEntity
  8
0
  6
Continuous
 62
7
370
30
100
AcDbSpline
 70
8
 71
3
 72
16
 73
12
 74
0
 42
1e-08
 40
0.6913541569758203
 40
0.6913541569758203
 40
0.6913541569758203
 40
0.6913541569758203
 40
0.7036234234120807
 40
0.7352078064784933
 40
0.7653342976763053
 40
0.7940028970059789
 40
0.8212136044680466
 40
0.846966420063132
 40
0.8712613437919742
 40
0.8940983756554498
 40
1.0
 40
1.0
 40
1.0
 40
1.0
 10
77.84678089215505
 20
176.0363095188696
 30
0.0
 10
77.86488953134157
 20
176.007215883324
 30
0.0
 10
77.92922636168893
 20
175.9029857845779
 30
0.0
 10
78.03537114265168
 20
175.7256884357385
 30
0.0
 10
78.1606876568677
 20
175.5065388866704
 30
0.0
 10
78.27575630654201
 20
175.2956587382063
 30
0.0
 10
78.38092250025744
 20
175.0933390837939
 30
0.0
 10
78.4767070854095
 20
174.8999797338105
 30
0.0
 10
78.56306655670528
 20
174.715553890133
 30
0.0
 10
78.73920130394174
 20
174.326627271009
 30
0.0
 10
78.84541191342979
 20
173.9746349448877
 30
0.0
 10
79.27021256101794
 20
173.9361396079343
 30
0.0
  0
ARC
  5
1EC
330
1F
100
AcDbEntity
  8
0
  6
Continuous
 62
7
370
30
100
AcDbCircle
 10
82.2962145027572
 20
142.8331087613383
 30
0.0
 40
31.24988344931411
100
AcDbArc
 50
95.52012682032291
 51
95.55679625660024
  0
SPLINE
  5
1ED
330
1F
100
AcDbEntity
  8
0
  6
Continuous
 62
7
370
30
100
AcDbSpline
 70
8
 71
3
 72
16
 73
12
 74
0
 42
1e-08
 40
0.0
 40
0.0
 40
0.0
 40
0.0
 40
0.10590162434455
 40
0.1287386562080258
 40
0.1530335799368679
 40
0.1787863955319534
 40
0.2059971029940211
 40
0.2346657023236946
 40
0.2647921935215068
 40
0.2963765765879194
 40
0.3086458430241803
 40
0.3086458430241803
 40
0.3086458430241803
 40
0.3086458430241803
 10
79.2901191937123
 20
173.9380698863526
 30
0.0
 10
79.69960987609775
 20
174.0574636139851
 30
0.0
 10
79.73621466517697
 20
174.4233042632199
 30
0.0
 10
79.83434484966618
 20
174.8388254192872
 30
0.0
 10
79.88366232296413
 20
175.0364073944927
 30
0.0
 10
79.94051295619505
 20
175.2445672620946
 30
0.0
 10
80.00484890592877
 20
175.4633229624409
 30
0.0
 10
80.07725813049487
 20
175.6923822022717
 30
0.0
 10
80.15813553038637
 20
175.9315256733905
 30
0.0
 10
80.22823928984083
 20
176.1259132433158
 30
0.0
 10
80.27135214643268
 20
176.2405623724894
 30
0.0
 10
80.2835337592621
 20
176.2725931506773
 30
0.0
  0
ARC
  5
1EE
330
1F
100
AcDbEntity
  8
0
  6
Continuous
 62
7
370
30
100
AcDbCircle
 10
82.2962145027572
 20
142.8331087613383
 30
0.0
 40
33.50000000000065
100
AcDbArc
 50
92.09405555066657
 51
93.44440598779502
  0
CIRCLE
  5
1EF
330
1F
100
AcDbEntity
  8
0
  6
Continuous
 62
7
370
30
100
AcDbCircle
 10
82.2962145027572
 20
142.8331087613383
 30
0.0
 40
5.499999999999985
  0
CIRCLE
  5
1F0
330
1F
100
AcDbEntity
  8
0
  6
Continuous
 62
7
370
30
100
AcDbCircle
 10
82.2962145027572
 20
134.8331087613383
 30
0.0
 40
1.300000000000011
  0
CIRCLE
  5
1F1
330
1F
100
AcDbEntity
  8
0
  6
Continuous
 62
7
370
30
100
AcDbCircle
 10
74.2962145027572
 20
142.8331087613383
 30
0.0
 40
1.299999999999997
  0
CIRCLE
  5
1F2
330
1F
100
AcDbEntity
  8
0
  6
Continuous
 62
7
370
30
100
AcDbCircle
 10
90.2962145027572
 20
142.8331087613383
 30
0.0
 40
1.299999999999997
  0
CIRCLE
  5
1F3
330
1F
100
AcDbEntity
  8
0
  6
Continuous
 62
7
370
30
100
AcDbCircle
 10
82.2962145027572
 20
150.8331087613383
 30
0.0
 40
1.299999999999982
  0
INSERT
  5
1FF
330
1F
100
AcDbEntity
  8
图框
370
30
100
AcDbBlockReference
  2
SW_CENTERMARKSYMBOL_0
 10
82.2962145027572
 20
142.8331087613383
 30
0.0
  0
INSERT
  5
20B
330
1F
100
AcDbEntity
  8
图框
370
30
100
AcDbBlockReference
  2
SW_CENTERMARKSYMBOL_1
 10
82.2962145027572
 20
134.8331087613383
 30
0.0
  0
INSERT
  5
217
330
1F
100
AcDbEntity
  8
图框
370
30
100
AcDbBlockReference
  2
SW_CENTERMARKSYMBOL_2
 10
74.2962145027572
 20
142.8331087613383
 30
0.0
  0
INSERT
  5
223
330
1F
100
AcDbEntity
  8
图框
370
30
100
AcDbBlockReference
  2
SW_CENTERMARKSYMBOL_3
 10
90.2962145027572
 20
142.8331087613383
 30
0.0
  0
INSERT
  5
22F
330
1F
100
AcDbEntity
  8
图框
370
30
100
AcDbBlockReference
  2
SW_CENTERMARKSYMBOL_4
 10
82.2962145027572
 20
150.8331087613383
 30
0.0
  0
LINE
  5
42B
330
1F
100
AcDbEntity
  8
0
  6
Continuous
 62
7
100
AcDbLine
 10
187.0566421824299
 20
95.14279335263402
 30
0.0
 11
182.8140014953106
 21
97.59201768810215
 31
0.0
  0
LINE
  5
42C
330
1F
100
AcDbEntity
  8
0
  6
Continuous
 62
7
100
AcDbLine
 10
172.7787762965218
 20
80.17723726551338
 30
0.0
 11
177.0214169836411
 21
77.72801293004528
 31
0.0
  0
LINE
  5
42D
330
1F
100
AcDbEntity
  8
0
  6
Continuous
 62
7
100
AcDbLine
 10
188.5423621673149
 20
97.69361305820179
 30
0.0
 11
184.2997214801956
 21
100.1428373936699
 31
0.0
  0
LINE
  5
42E
330
1F
100
AcDbEntity
  8
0
  6
Continuous
 62
7
100
AcDbLine
 10
171.2990820941983
 20
77.62269709446493
 30
0.0
 11
175.5417227813176
 21
75.1734727589968
 31
0.0
  0
LINE
  5
42F
330
1F
100
AcDbEntity
  8
0
  6
Continuous
 62
7
100
AcDbLine
 10
154.130507840423
 20
116.7127038523288
 30
0.0
 11
153.3906655378612
 21
117.1398057224788
 31
0.0
  0
LINE
  5
430
330
1F
100
AcDbEntity
  8
0
  6
Continuous
 62
7
100
AcDbLine
 10
141.8667022874458
 20
97.17593475504799
 30
0.0
 11
142.4285903236284
 21
96.85156369619185
 31
0.0
  0
LINE
  5
431
330
1F
100
AcDbEntity
  8
0
  6
Continuous
 62
7
100
AcDbLine
 10
151.9214207285088
 20
114.5786899207033
 30
0.0
 11
151.8728282064225
 21
114.606741786603
 31
0.0
  0
SPLINE
  5
432
330
1F
100
AcDbEntity
  8
0
  6
Continuous
 62
7
100
AcDbSpline
 70
8
 71
3
 72
16
 73
12
 74
0
 42
1e-08
 40
0.6913541569758191
 40
0.6913541569758191
 40
0.6913541569758191
 40
0.6913541569758191
 40
0.7036234234120807
 40
0.7352078064784933
 40
0.7653342976763053
 40
0.7940028970059789
 40
0.8212136044680466
 40
0.846966420063132
 40
0.8712613437919742
 40
0.8940983756554498
 40
1.0
 40
1.0
 40
1.0
 40
1.0
 10
161.8483265425513
 20
124.8565769709864
 30
0.0
 10
161.8590859928979
 20
124.8377159334292
 30
0.0
 10
161.8972533733071
 20
124.7699684512075
 30
0.0
 10
161.9598589078627
 20
124.6536501668234
 30
0.0
 10
162.0331013879664
 20
124.5079470902683
 30
0.0
 10
162.0996957126989
 20
124.365934505327
 30
0.0
 10
162.1599048484672
 20
124.2279735785269
 30
0.0
 10
162.2141226559808
 20
124.0945755715544
 30
0.0
 10
162.262316687109
 20
123.9657034014393
 30
0.0
 10
162.3597387855837
 20
123.6919713291616
 30
0.0
 10
162.4104684787142
 20
123.4268124227516
 30
0.0
 10
162.7068184772134
 20
123.5331278619179
 30
0.0
  0
LWPOLYLINE
  5
433
330
1F
100
AcDbEntity
  8
0
  6
Continuous
 62
7
100
AcDbPolyline
 90
9
 70
128
 10
162.7068184772134
 20
123.5331278619179
 10
162.7085862441268
 20
123.5341489436155
 10
162.7103540110741
 20
123.5351698620239
 10
162.712121778044
 20
123.5361906171367
 10
162.7138895450253
 20
123.5372112089472
 10
162.7156573120066
 20
123.5382316374489
 10
162.7174250789765
 20
123.5392519026353
 10
162.7191928459238
 20
123.5402720044999
 10
162.7209606128371
 20
123.5412919430361
  0
SPLINE
  5
434
330
1F
100
AcDbEntity
  8
0
  6
Continuous
 62
7
100
AcDbSpline
 70
8
 71
3
 72
16
 73
12
 74
0
 42
1e-08
 40
0.0
 40
0.0
 40
0.0
 40
0.0
 40
0.10590162434455
 40
0.1287386562080258
 40
0.1530335799368679
 40
0.1787863955319534
 40
0.2059971029940211
 40
0.2346657023236946
 40
0.2647921935215068
 40
0.2963765765879194
 40
0.3086458430241799
 40
0.3086458430241799
 40
0.3086458430241799
 40
0.3086458430241799
 10
162.7209606128371
 20
123.5412919430361
 30
0.0
 10
163.0173106113363
 20
123.7771349290901
 30
0.0
 10
163.0680403044669
 20
124.1008650924644
 30
0.0
 10
163.1654624029416
 20
124.4870783254121
 30
0.0
 10
163.2136564340698
 20
124.6715941394596
 30
0.0
 10
163.2678742415833
 20
124.8675906945397
 30
0.0
 10
163.3280833773517
 20
125.0750676098085
 30
0.0
 10
163.3946777020842
 20
125.2939683654752
 30
0.0
 10
163.4679201821879
 20
125.5242354095635
 30
0.0
 10
163.5305257167435
 20
125.7128365055625
 30
0.0
 10
163.5686930971527
 20
125.8246511072097
 30
0.0
 10
163.5794525474993
 20
125.8559347417146
 30
0.0
  0
ARC
  5
435
330
1F
100
AcDbEntity
  8
0
  6
Continuous
 62
7
100
AcDbCircle
 10
177.4142369114136
 20
100.0037225586347
 30
0.0
 40
29.32129146465017
100
AcDbArc
 50
116.9245374414512
 51
118.1534161573682
  0
SPLINE
  5
436
330
1F
100
AcDbEntity
  8
0
  6
Continuous
 62
7
100
AcDbSpline
 70
8
 71
3
 72
16
 73
12
 74
0
 42
1e-08
 40
0.6913541569758187
 40
0.6913541569758187
 40
0.6913541569758187
 40
0.6913541569758187
 40
0.7036234234120807
 40
0.7352078064784933
 40
0.7653342976763053
 40
0.7940028970059789
 40
0.8212136044680466
 40
0.846966420063132
 40
0.8712613437919742
 40
0.8940983756554498
 40
1.0
 40
1.0
 40
1.0
 40
1.0
 10
164.1370697471139
 20
126.1466941809702
 30
0.0
 10
164.1456834481514
 20
126.1255123271078
 30
0.0
 10
164.1761688414038
 20
126.0494954770131
 30
0.0
 10
164.2257396851007
 20
125.9193867317897
 30
0.0
 10
164.2829286430087
 20
125.7571308103925
 30
0.0
 10
164.3341296967199
 20
125.5996523318844
 30
0.0
 10
164.3796220830507
 20
125.4472915703412
 30
0.0
 10
164.419821551323
 20
125.3005272021135
 30
0.0
 10
164.454694271123
 20
125.1593250482927
 30
0.0
 10
164.5240827900144
 20
124.8600922054777
 30
0.0
 10
164.5499662845962
 20
124.5763106080986
 30
0.0
 10
164.8395199229437
 20
124.6459765142112
 30
0.0
  0
ARC
  5
437
330
1F
100
AcDbEntity
  8
0
  6
Continuous
 62
7
100
AcDbCircle
 10
175.5274761544639
 20
101.6950482857498
 30
0.0
 40
25.31753374550685
100
AcDbArc
 50
114.9356631454345
 51
114.9707984080078
  0
SPLINE
  5
438
330
1F
100
AcDbEntity
  8
0
  6
Continuous
 62
7
100
AcDbSpline
 70
8
 71
3
 72
16
 73
12
 74
0
 42
1e-08
 40
0.0
 40
0.0
 40
0.0
 40
0.0
 40
0.10590162434455
 40
0.1287386562080258
 40
0.1530335799368679
 40
0.1787863955319534
 40
0.2059971029940211
 40
0.2346657023236946
 40
0.2647921935215068
 40
0.2963765765879194
 40
0.3086458430241803
 40
0.3086458430241803
 40
0.3086458430241803
 40
0.3086458430241803
 10
164.8535960379125
 20
124.6525263313097
 30
0.0
 10
165.1539754564745
 20
124.8573646922986
 30
0.0
 10
165.2290776986774
 20
125.1881363936211
 30
0.0
 10
165.3536237728509
 20
125.5776097691734
 30
0.0
 10
165.4146891406238
 20
125.7634532837519
 30
0.0
 10
165.482419070318
 20
125.9604387405259
 30
0.0
 10
165.5567827990457
 20
126.1685702622197
 30
0.0
 10
165.6381486215324
 20
126.3877339993624
 30
0.0
 10
165.7267607785293
 20
126.6178332594585
 30
0.0
 10
165.8018164729356
 20
126.8059325107279
 30
0.0
 10
165.8473094819542
 20
126.9173031952732
 30
0.0
 10
165.8601142235211
 20
126.9484513560253
 30
0.0
  0
ARC
  5
439
330
1F
100
AcDbEntity
  8
0
  6
Continuous
 62
7
100
AcDbCircle
 10
175.6140196818517
 20
103.8696220377024
 30
0.0
 40
25.05535939463477
100
AcDbArc
 50
111.5459054863764
 51
112.9105880225395
  0
SPLINE
  5
43A
330
1F
100
AcDbEntity
  8
0
  6
Continuous
 62
7
100
AcDbSpline
 70
8
 71
3
 72
16
 73
12
 74
0
 42
1e-08
 40
0.6913541569758196
 40
0.6913541569758196
 40
0.6913541569758196
 40
0.6913541569758196
 40
0.7036234234120807
 40
0.7352078064784933
 40
0.7653342976763053
 40
0.7940028970059789
 40
0.8212136044680466
 40
0.846966420063132
 40
0.8712613437919742
 40
0.8940983756554498
 40
1.0
 40
1.0
 40
1.0
 40
1.0
 10
166.412525101585
 20
127.1742038164784
 30
0.0
 10
166.4189126295076
 20
127.1508989155732
 30
0.0
 10
166.4414314017003
 20
127.0673224464533
 30
0.0
 10
166.477504724927
 20
126.9246380306888
 30
0.0
 10
166.5181062027481
 20
126.74734420427
 30
0.0
 10
166.5534359349948
 20
126.5758701663188
 30
0.0
 10
166.5837868217341
 20
126.4105321214117
 30
0.0
 10
166.6095926191611
 20
126.2517716912915
 30
0.0
 10
166.630818430444
 20
126.0995579202303
 30
0.0
 10
166.6715255078469
 20
125.7776181633075
 30
0.0
 10
166.672321136665
 20
125.4778634672732
 30
0.0
 10
166.9523749305555
 20
125.5102293885371
 30
0.0
  0
ARC
  5
43B
330
1F
100
AcDbEntity
  8
0
  6
Continuous
 62
7
100
AcDbCircle
 10
174.0948756390771
 20
105.1958863349454
 30
0.0
 40
21.53341241118652
100
AcDbArc
 50
109.3324787325561
 51
109.3716182587134
  0
SPLINE
  5
43C
330
1F
100
AcDbEntity
  8
0
  6
Continuous
 62
7
100
AcDbSpline
 70
8
 71
3
 72
16
 73
12
 74
0
 42
1e-08
 40
0.0
 40
0.0
 40
0.0
 40
0.0
 40
0.10590162434455
 40
0.1287386562080258
 40
0.1530335799368679
 40
0.1787863955319534
 40
0.2059971029940211
 40
0.2346657023236946
 40
0.2647921935215068
 40
0.2963765765879194
 40
0.3086458430250367
 40
0.3086458430250367
 40
0.3086458430250367
 40
0.3086458430250367
 10
166.9662535999764
 20
125.5151037877385
 30
0.0
 10
167.267857876903
 20
125.6870250030765
 30
0.0
 10
167.3666314587781
 20
126.0217499160935
 30
0.0
 10
167.5171386555129
 20
126.4108470262808
 30
0.0
 10
167.5905052090449
 20
126.5962830705673
 30
0.0
 10
167.671114884815
 20
126.7924182289003
 30
0.0
 10
167.7589388924031
 20
126.9992610890789
 30
0.0
 10
167.8543165218823
 20
127.2166415349344
 30
0.0
 10
167.9574710079375
 20
127.4444246362437
 30
0.0
 10
168.0442760873996
 20
127.6302658107569
 30
0.0
 10
168.096669969061
 20
127.7401527401283
 30
0.0
 10
168.1114004474272
 20
127.7708746051451
 30
0.0
  0
ARC
  5
43D
330
1F
100
AcDbEntity
  8
0
  6
Continuous
 62
7
100
AcDbCircle
 10
174.3478173589064
 20
107.4671263238068
 30
0.0
 40
21.23994091718973
100
AcDbArc
 50
105.5510743452394
 51
107.0746510599762
  0
SPLINE
  5
43E
330
1F
100
AcDbEntity
  8
0
  6
Continuous
 62
7
100
AcDbSpline
 70
8
 71
3
 72
16
 73
12
 74
0
 42
1e-08
 40
0.6913541569758204
 40
0.6913541569758204
 40
0.6913541569758204
 40
0.6913541569758204
 40
0.7036234234120807
 40
0.7352078064784933
 40
0.7653342976763053
 40
0.7940028970059789
 40
0.8212136044680466
 40
0.846966420063132
 40
0.8712613437919742
 40
0.8940983756554498
 40
1.0
 40
1.0
 40
1.0
 40
1.0
 10
168.6534472924074
 20
127.9295122968915
 30
0.0
 10
168.6575490085879
 20
127.9043019405241
 30
0.0
 10
168.6718909080123
 20
127.8139461833527
 30
0.0
 10
168.6941299038693
 20
127.6600183029929
 30
0.0
 10
168.7177648165445
 20
127.4693419162407
 30
0.0
 10
168.7368933631358
 20
127.2854733257374
 30
0.0
 10
168.7518193722317
 20
127.1087017142437
 30
0.0
 10
168.7629905570358
 20
126.9394275255914
 30
0.0
 10
168.7703712801208
 20
126.7776233162585
 30
0.0
 10
168.7820168450214
 20
126.4359825099964
 30
0.0
 10
168.7577171795039
 20
126.1230534441392
 30
0.0
 10
169.0256563421202
 20
126.1178171886683
 30
0.0
  0
ARC
  5
43F
330
1F
100
AcDbEntity
  8
0
  6
Continuous
 62
7
100
AcDbCircle
 10
173.1626245135949
 20
108.370411425852
 30
0.0
 40
18.2231972211749
100
AcDbArc
 50
103.0777432820735
 51
103.1214895577668
  0
SPLINE
  5
440
330
1F
100
AcDbEntity
  8
0
  6
Continuous
 62
7
100
AcDbSpline
 70
8
 71
3
 72
16
 73
12
 74
0
 42
1e-08
 40
0.0
 40
0.0
 40
0.0
 40
0.0
 40
0.10590162434455
 40
0.1287386562080258
 40
0.1530335799368679
 40
0.1787863955319534
 40
0.2059971029940211
 40
0.2346657023236946
 40
0.2647921935215068
 40
0.2963765765879194
 40
0.3086458430241807
 40
0.3086458430241807
 40
0.3086458430241807
 40
0.3086458430241807
 10
169.0392079845963
 20
126.1209706590204
 30
0.0
 10
169.3392211220167
 20
126.2583695466415
 30
0.0
 10
169.460743821243
 20
126.5939224350268
 30
0.0
 10
169.6358068953952
 20
126.9790103849677
 30
0.0
 10
169.7207896309433
 20
127.1623075925799
 30
0.0
 10
169.8135264219658
 20
127.3557611913442
 30
0.0
 10
169.9139907193185
 20
127.5593841539529
 30
0.0
 10
170.0224896405617
 20
127.7729516858683
 30
0.0
 10
170.1392233300325
 20
127.9962918789466
 30
0.0
 10
170.2369673189097
 20
128.1781398277252
 30
0.0
 10
170.2957728856555
 20
128.2855170172661
 30
0.0
 10
170.3122915663113
 20
128.3155257447673
 30
0.0
  0
ARC
  5
441
330
1F
100
AcDbEntity
  8
0
  6
Continuous
 62
7
100
AcDbCircle
 10
173.6054475547045
 20
110.6400738394469
 30
0.0
 40
17.97961279953394
100
AcDbArc
 50
98.85130164683028
 51
100.5539080231077
  0
SPLINE
  5
442
330
1F
100
AcDbEntity
  8
0
  6
Continuous
 62
7
100
AcDbSpline
 70
8
 71
3
 72
16
 73
12
 74
0
 42
1e-08
 40
0.69135415697582
 40
0.69135415697582
 40
0.69135415697582
 40
0.69135415697582
 40
0.7036234234120807
 40
0.7352078064784933
 40
0.7653342976763053
 40
0.7940028970059789
 40
0.8212136044680466
 40
0.846966420063132
 40
0.8712613437919742
 40
0.8940983756554498
 40
1.0
 40
1.0
 40
1.0
 40
1.0
 10
170.838913432869
 20
128.4055675104347
 30
0.0
 10
170.8406910406886
 20
128.3786870809099
 30
0.0
 10
170.846722160894
 20
128.2823956630466
 30
0.0
 10
170.854919189869
 20
128.1186615012369
 30
0.0
 10
170.8613668645867
 20
127.9163828481993
 30
0.0
 10
170.8641156274369
 20
127.7218364366329
 30
0.0
 10
170.8634773987641
 20
127.5352817274606
 30
0.0
 10
170.8599096686028
 20
127.3570742477672
 30
0.0
 10
170.8533763916668
 20
127.1871903224694
 30
0.0
 10
170.8358517125635
 20
126.8290382750259
 30
0.0
 10
170.7866836321401
 20
126.5058565737197
 30
0.0
 10
171.0400064877131
 20
126.4630670310203
 30
0.0
  0
ARC
  5
443
330
1F
100
AcDbEntity
  8
0
  6
Continuous
 62
7
100
AcDbCircle
 10
172.693787014586
 20
111.0866702280707
 30
0.0
 40
15.46507577326476
100
AcDbArc
 50
96.08994199292013
 51
96.13874606965167
  0
SPLINE
  5
444
330
1F
100
AcDbEntity
  8
0
  6
Continuous
 62
7
100
AcDbSpline
 70
8
 71
3
 72
16
 73
12
 74
0
 42
1e-08
 40
0.0
 40
0.0
 40
0.0
 40
0.0
 40
0.10590162434455
 40
0.1287386562080258
 40
0.1530335799368679
 40
0.1787863955319534
 40
0.2059971029940211
 40
0.2346657023236946
 40
0.2647921935215068
 40
0.2963765765879194
 40
0.3086458430241807
 40
0.3086458430241807
 40
0.3086458430241807
 40
0.3086458430241807
 10
171.05310457521
 20
126.4644701294202
 30
0.0
 10
171.3487254312941
 20
126.5660638329307
 30
0.0
 10
171.4918626231714
 20
126.8993117297755
 30
0.0
 10
171.6898470579858
 20
127.2767950570377
 30
0.0
 10
171.7856525146458
 20
127.4562420313347
 30
0.0
 10
171.8896505624894
 20
127.6452078464019
 30
0.0
 10
172.0018171415308
 20
127.8437097387021
 30
0.0
 10
172.1224243293439
 20
128.0514703341744
 30
0.0
 10
172.2516473112239
 20
128.2682823518147
 30
0.0
 10
172.3594176002287
 20
128.4444392095593
 30
0.0
 10
172.4240858003276
 20
128.5483041073844
 30
0.0
 10
172.4422384528035
 20
128.5773195139689
 30
0.0
  0
ARC
  5
445
330
1F
100
AcDbEntity
  8
0
  6
Continuous
 62
7
100
AcDbCircle
 10
173.3190217568968
 20
113.2643552508963
 30
0.0
 40
15.33804496943649
100
AcDbArc
 50
91.38416224935578
 51
93.27703972597153
  0
SPLINE
  5
446
330
1F
100
AcDbEntity
  8
0
  6
Continuous
 62
7
100
AcDbSpline
 70
8
 71
3
 72
16
 73
12
 74
0
 42
1e-08
 40
0.6913541569758208
 40
0.6913541569758208
 40
0.6913541569758208
 40
0.6913541569758208
 40
0.7036234234120807
 40
0.7352078064784933
 40
0.7653342976763053
 40
0.7940028970059789
 40
0.8212136044680466
 40
0.846966420063132
 40
0.8712613437919742
 40
0.8940983756554498
 40
0.979166666666668
 40
0.979166666666668
 40
0.979166666666668
 40
0.979166666666668
 10
172.9485184144581
 20
128.5979246578451
 30
0.0
 10
172.9479553168715
 20
128.5696251304908
 30
0.0
 10
172.9456193469135
 20
128.46829709896
 30
0.0
 10
172.9396978755554
 20
128.2962853974533
 30
0.0
 10
172.928898112114
 20
128.084293099413
 30
0.0
 10
172.9152414267652
 20
127.8808852942105
 30
0.0
 10
172.8990449192928
 20
127.6862892984148
 30
0.0
 10
172.8807715851013
 20
127.5008124029026
 30
0.0
 10
172.8603853075909
 20
127.3244349220778
 30
0.0
 10
172.8201885787152
 20
127.003665417626
 30
0.0
 10
172.7631884127936
 20
126.7291665765718
 30
0.0
 10
172.869165105844
 20
126.6106570319564
 30
0.0
  0
LINE
  5
447
330
1F
100
AcDbEntity
  8
0
  6
Continuous
 62
7
100
AcDbLine
 10
172.9288493226709
 20
126.5729413610788
 30
0.0
 11
172.9766179227621
 21
126.5427554108377
 31
0.0
  0
ARC
  5
448
330
1F
100
AcDbEntity
  8
0
  6
Continuous
 62
7
100
AcDbCircle
 10
172.6002549159195
 20
113.2471873409049
 30
0.0
 40
13.30089393293301
100
AcDbArc
 50
88.32457433773672
 51
88.37853826941715
  0
SPLINE
  5
449
330
1F
100
AcDbEntity
  8
0
  6
Continuous
 62
7
100
AcDbSpline
 70
8
 71
3
 72
16
 73
12
 74
0
 42
1e-08
 40
0.0
 40
0.0
 40
0.0
 40
0.0
 40
0.10590162434455
 40
0.1287386562080258
 40
0.1530335799368679
 40
0.1787863955319534
 40
0.2059971029940211
 40
0.2346657023236946
 40
0.2647921935215068
 40
0.2963765765879194
 40
0.3086458430250365
 40
0.3086458430250365
 40
0.3086458430250365
 40
0.3086458430250365
 10
172.9891401619657
 20
126.5423950369337
 30
0.0
 10
173.277608604431
 20
126.6072350032969
 30
0.0
 10
173.4410238555651
 20
126.9350664627769
 30
0.0
 10
173.6600811237178
 20
127.3014207072411
 30
0.0
 10
173.7658147917541
 20
127.4753420001734
 30
0.0
 10
173.8801030946668
 20
127.6580557086422
 30
0.0
 10
174.0029246862701
 20
127.8495831719489
 30
0.0
 10
174.1345140638363
 20
128.0495970262762
 30
0.0
 10
174.275019817961
 20
128.2578565530866
 30
0.0
 10
174.3918101849434
 20
128.4266775906813
 30
0.0
 10
174.4617372288362
 20
128.5260604382264
 30
0.0
 10
174.4813543667084
 20
128.5538116148625
 30
0.0
  0
ARC
  5
44A
330
1F
100
AcDbEntity
  8
0
  6
Continuous
 62
7
100
AcDbCircle
 10
173.3698271656983
 20
115.2569627899286
 30
0.0
 40
13.34322604888774
100
AcDbArc
 50
83.1444394987047
 51
85.22156752245894
  0
SPLINE
  5
44B
330
1F
100
AcDbEntity
  8
0
  6
Continuous
 62
7
100
AcDbSpline
 70
8
 71
3
 72
16
 73
12
 74
0
 42
1e-08
 40
0.6913541569758195
 40
0.6913541569758195
 40
0.6913541569758195
 40
0.6913541569758195
 40
0.7036234234120807
 40
0.7352078064784933
 40
0.7653342976763053
 40
0.7940028970059789
 40
0.8212136044680466
 40
0.846966420063132
 40
0.8712613437919742
 40
0.8940983756554498
 40
1.0
 40
1.0
 40
1.0
 40
1.0
 10
174.9625654238635
 20
128.5047877522652
 30
0.0
 10
174.9596668783612
 20
128.4753333521435
 30
0.0
 10
174.9489856285619
 20
128.3699147794742
 30
0.0
 10
174.9290009440534
 20
128.1912315651816
 30
0.0
 10
174.9010545769344
 20
127.9715049371068
 30
0.0
 10
174.8711199521779
 20
127.7611349021403
 30
0.0
 10
174.8395163883323
 20
127.5603145101029
 30
0.0
 10
174.8067080633084
 20
127.3692999465714
 30
0.0
 10
174.772659126404
 20
127.1880756992356
 30
0.0
 10
174.6975556559167
 20
126.807056016205
 30
0.0
 10
174.6002558565243
 20
126.4724889782856
 30
0.0
 10
174.8174090280893
 20
126.3561382991889
 30
0.0
  0
ARC
  5
44C
330
1F
100
AcDbEntity
  8
0
  6
Continuous
 62
7
100
AcDbCircle
 10
172.7512934789002
 20
114.7958973945926
 30
0.0
 40
11.74342382931412
100
AcDbArc
 50
79.8081107372544
 51
79.86674628439755
  0
SPLINE
  5
44D
330
1F
100
AcDbEntity
  8
0
  6
Continuous
 62
7
100
AcDbSpline
 70
8
 71
3
 72
16
 73
12
 74
0
 42
1e-08
 40
0.0
 40
0.0
 40
0.0
 40
0.0
 40
0.10590162434455
 40
0.1287386562080258
 40
0.1530335799368679
 40
0.1787863955319534
 40
0.2059971029940211
 40
0.2346657023236946
 40
0.2647921935215068
 40
0.2963765765879194
 40
0.3086458430241793
 40
0.3086458430241793
 40
0.3086458430241793
 40
0.3086458430241793
 10
174.8292385022262
 20
126.354017817695
 30
0.0
 10
175.1078611789491
 20
126.3814986536152
 30
0.0
 10
175.2900287251698
 20
126.7008528017227
 30
0.0
 10
175.5281135479698
 20
127.052657412517
 30
0.0
 10
175.6427882206123
 20
127.219429167833
 30
0.0
 10
175.7662996995032
 20
127.3941848210371
 30
0.0
 10
175.8986295515601
 20
127.5769496150295
 30
0.0
 10
176.039972504316
 20
127.7673492527448
 30
0.0
 10
176.1904491663161
 20
127.965111825636
 30
0.0
 10
176.3151691710846
 20
128.1250208065352
 30
0.0
 10
176.3897021688005
 20
128.2189936929262
 30
0.0
 10
176.4106006321355
 20
128.245221534351
 30
0.0
  0
ARC
  5
44E
330
1F
100
AcDbEntity
  8
0
  6
Continuous
 62
7
100
AcDbCircle
 10
173.5995719776033
 20
116.5816509191797
 30
0.0
 40
11.99753147908659
100
AcDbArc
 50
74.21991596564946
 51
76.44960169824135
  0
SPLINE
  5
44F
330
1F
100
AcDbEntity
  8
0
  6
Continuous
 62
7
100
AcDbSpline
 70
8
 71
3
 72
16
 73
12
 74
0
 42
1e-08
 40
0.6913541569758203
 40
0.6913541569758203
 40
0.6913541569758203
 40
0.6913541569758203
 40
0.7036234234120807
 40
0.7352078064784933
 40
0.7653342976763053
 40
0.7940028970059789
 40
0.8212136044680466
 40
0.846966420063132
 40
0.8712613437919742
 40
0.8940983756554498
 40
1.0
 40
1.0
 40
1.0
 40
1.0
 10
176.8622498468139
 20
128.1270263878881
 30
0.0
 10
176.8570429163342
 20
128.0966921227968
 30
0.0
 10
176.8381161146452
 20
127.9881672737985
 30
0.0
 10
176.8042548086009
 20
127.8044808637482
 30
0.0
 10
176.7594227655042
 20
127.5790714339634
 30
0.0
 10
176.713489692866
 20
127.3637033375682
 30
0.0
 10
176.6667741466078
 20
127.1585335551813
 30
0.0
 10
176.6197371532425
 20
126.9637647751443
 30
0.0
 10
176.5723434626939
 20
126.7793858032666
 30
0.0
 10
176.4693690424881
 20
126.3922232347823
 30
0.0
 10
176.3492553319241
 20
126.0566297975193
 30
0.0
 10
176.5451928331185
 20
125.9049580897643
 30
0.0
  0
ARC
  5
450
330
1F
100
AcDbEntity
  8
0
  6
Continuous
 62
7
100
AcDbCircle
 10
172.9857524058611
 20
115.7216660768725
 30
0.0
 40
10.78744883533727
100
AcDbArc
 50
70.67152417259703
 51
70.73357462812697
  0
SPLINE
  5
451
330
1F
100
AcDbEntity
  8
0
  6
Continuous
 62
7
100
AcDbSpline
 70
8
 71
3
 72
16
 73
12
 74
0
 42
1e-08
 40
0.0
 40
0.0
 40
0.0
 40
0.0
 40
0.10590162434455
 40
0.1287386562080258
 40
0.1530335799368679
 40
0.1787863955319534
 40
0.2059971029940211
 40
0.2346657023236946
 40
0.2647921935215068
 40
0.2963765765879194
 40
0.3086458430241794
 40
0.3086458430241794
 40
0.3086458430241794
 40
0.3086458430241794
 10
176.556219093576
 20
125.9010972990449
 30
0.0
 10
176.8223945796946
 20
125.8909624233614
 30
0.0
 10
177.0216135717054
 20
126.1988575364606
 30
0.0
 10
177.2765030153107
 20
126.5328278087228
 30
0.0
 10
177.3990480060384
 20
126.6908929234772
 30
0.0
 10
177.5306294675074
 20
126.8560588749679
 30
0.0
 10
177.6712320518434
 20
127.028354574008
 30
0.0
 10
177.8210088987218
 20
127.2073622849943
 30
0.0
 10
177.9800515085482
 20
127.3927814481074
 30
0.0
 10
178.1115366740233
 20
127.5422853452435
 30
0.0
 10
178.189979731046
 20
127.6299708709617
 30
0.0
 10
178.2119643965238
 20
127.6544304948885
 30
0.0
  0
ARC
  5
452
330
1F
100
AcDbEntity
  8
0
  6
Continuous
 62
7
100
AcDbCircle
 10
173.8250423529024
 20
117.250747741211
 30
0.0
 40
11.29077941755855
100
AcDbArc
 50
64.81451108353286
 51
67.13630123484263
  0
SPLINE
  5
453
330
1F
100
AcDbEntity
  8
0
  6
Continuous
 62
7
100
AcDbSpline
 70
8
 71
3
 72
16
 73
12
 74
0
 42
1e-08
 40
0.6913541569758188
 40
0.6913541569758188
 40
0.6913541569758188
 40
0.6913541569758188
 40
0.7036234234120807
 40
0.7352078064784933
 40
0.7653342976763053
 40
0.7940028970059789
 40
0.8212136044680466
 40
0.846966420063132
 40
0.8712613437919742
 40
0.8940983756554498
 40
1.0
 40
1.0
 40
1.0
 40
1.0
 10
178.6298348416941
 20
127.4681676207906
 30
0.0
 10
178.6223681419441
 20
127.4372367135899
 30
0.0
 10
178.595372502813
 20
127.3266188555372
 30
0.0
 10
178.5479507291241
 20
127.1396442802483
 30
0.0
 10
178.4866515947569
 20
126.910656635866
 30
0.0
 10
178.4251489389602
 20
126.6923013119304
 30
0.0
 10
178.3637575807579
 20
126.4846977541723
 30
0.0
 10
178.3029310907848
 20
126.2879932612512
 30
0.0
 10
178.2426351487113
 20
126.102181061614
 30
0.0
 10
178.1127512232033
 20
125.7124904402627
 30
0.0
 10
177.9709450708205
 20
125.379003949159
 30
0.0
 10
178.1438374859881
 20
125.1934273306153
 30
0.0
  0
ARC
  5
454
330
1F
100
AcDbEntity
  8
0
  6
Continuous
 62
7
100
AcDbCircle
 10
173.1269099749316
 20
116.0581161446072
 30
0.0
 40
10.42225849403092
100
AcDbArc
 50
61.16181114111807
 51
61.22530273697731
  0
SPLINE
  5
455
330
1F
100
AcDbEntity
  8
0
  6
Continuous
 62
7
100
AcDbSpline
 70
8
 71
3
 72
16
 73
12
 74
0
 42
1e-08
 40
0.0
 40
0.0
 40
0.0
 40
0.0
 40
0.10590162434455
 40
0.1287386562080258
 40
0.1530335799368679
 40
0.1787863955319534
 40
0.2059971029940211
 40
0.2346657023236946
 40
0.2647921935215068
 40
0.2963765765879194
 40
0.3086458430241803
 40
0.3086458430241803
 40
0.3086458430241803
 40
0.3086458430241803
 10
178.1539575835432
 20
125.187862277833
 30
0.0
 10
178.4052006702606
 20
125.1402063171494
 30
0.0
 10
178.6196110540096
 20
125.4337676615273
 30
0.0
 10
178.8889252843616
 20
125.7467854048085
 30
0.0
 10
179.018196423614
 20
125.8946680676132
 30
0.0
 10
179.156619327008
 20
126.0487022074029
 30
0.0
 10
179.3041818751767
 20
126.2089201329713
 30
0.0
 10
179.4609941901134
 20
126.3748645704621
 30
0.0
 10
179.6271178097697
 20
126.5462091150296
 30
0.0
 10
179.7641404943883
 20
126.6839120507968
 30
0.0
 10
179.8457612090296
 20
126.7644915197141
 30
0.0
 10
179.8686268117521
 20
126.7869545532245
 30
0.0
  0
ARC
  5
456
330
1F
100
AcDbEntity
  8
0
  6
Continuous
 62
7
100
AcDbCircle
 10
173.8549338109285
 20
117.3229777609889
 30
0.0
 40
11.21299960903039
100
AcDbArc
 50
55.23439114924375
 51
57.5669061854547
  0
SPLINE
  5
457
330
1F
100
AcDbEntity
  8
0
  6
Continuous
 62
7
100
AcDbSpline
 70
8
 71
3
 72
16
 73
12
 74
0
 42
1e-08
 40
0.6913541569758191
 40
0.6913541569758191
 40
0.6913541569758191
 40
0.6913541569758191
 40
0.7036234234120807
 40
0.7352078064784933
 40
0.7653342976763053
 40
0.7940028970059789
 40
0.8212136044680466
 40
0.846966420063132
 40
0.8712613437919742
 40
0.8940983756554498
 40
1.0
 40
1.0
 40
1.0
 40
1.0
 10
180.2488169436568
 20
126.5343630377614
 30
0.0
 10
180.2391601892001
 20
126.5031242819978
 30
0.0
 10
180.2043477636361
 20
126.3914462240271
 30
0.0
 10
180.1438082866264
 20
126.2029292147314
 30
0.0
 10
180.06661439449
 20
125.97250135169
 30
0.0
 10
179.9901163892611
 20
125.7531975250409
 30
0.0
 10
179.9146224136851
 20
125.5450985303946
 30
0.0
 10
179.8405743476525
 20
125.3482949014408
 30
0.0
 10
179.7679391210192
 20
125.1627843524876
 30
0.0
 10
179.6123583814263
 20
124.7742041146045
 30
0.0
 10
179.4501837930619
 20
124.4459382431745
 30
0.0
 10
179.5984168723055
 20
124.2281893927285
 30
0.0
  0
ARC
  5
458
330
1F
100
AcDbEntity
  8
0
  6
Continuous
 62
7
100
AcDbCircle
 10
172.9986985986969
 20
115.8797850079651
 30
0.0
 40
10.64199873437977
100
AcDbArc
 50
51.60972836767697
 51
51.6723429283289
  0
SPLINE
  5
459
330
1F
100
AcDbEntity
  8
0
  6
Continuous
 62
7
100
AcDbSpline
 70
8
 71
3
 72
16
 73
12
 74
0
 42
1e-08
 40
0.0
 40
0.0
 40
0.0
 40
0.0
 40
0.10590162434455
 40
0.1287386562080258
 40
0.1530335799368679
 40
0.1787863955319534
 40
0.2059971029940211
 40
0.2346657023236946
 40
0.2647921935215068
 40
0.2963765765879194
 40
0.3086458430241803
 40
0.3086458430241803
 40
0.3086458430241803
 40
0.3086458430241803
 10
179.607536318334
 20
124.2209720372819
 30
0.0
 10
179.8415012166435
 20
124.1362399424628
 30
0.0
 10
180.0691011001474
 20
124.4127266149428
 30
0.0
 10
180.3503256028398
 20
124.701869266912
 30
0.0
 10
180.4851159208199
 20
124.8381887371892
 30
0.0
 10
180.6290878487861
 20
124.979652890017
 30
0.0
 10
180.7822326090336
 20
125.1262971305109
 30
0.0
 10
180.9446162776949
 20
125.2776289160048
 30
0.0
 10
181.116269855704
 20
125.4332990441802
 30
0.0
 10
181.2575507155784
 20
125.5579153233692
 30
0.0
 10
181.3415870172173
 20
125.6306363866952
 30
0.0
 10
181.3651200672126
 20
125.6508930984978
 30
0.0
  0
ARC
  5
45A
330
1F
100
AcDbEntity
  8
0
  6
Continuous
 62
7
100
AcDbCircle
 10
173.5074370983726
 20
116.8974878034696
 30
0.0
 40
11.76287744974888
100
AcDbArc
 50
45.82733804122676
 51
48.08658002690755
  0
SPLINE
  5
45B
330
1F
100
AcDbEntity
  8
0
  6
Continuous
 62
7
100
AcDbSpline
 70
8
 71
3
 72
16
 73
12
 74
0
 42
1e-08
 40
0.6913541569758195
 40
0.6913541569758195
 40
0.6913541569758195
 40
0.6913541569758195
 40
0.7036234234120807
 40
0.7352078064784933
 40
0.7653342976763053
 40
0.7940028970059789
 40
0.8212136044680466
 40
0.846966420063132
 40
0.8712613437919742
 40
0.8940983756554498
 40
1.0
 40
1.0
 40
1.0
 40
1.0
 10
181.7040801530268
 20
125.3343313205923
 30
0.0
 10
181.692323506378
 20
125.3030763841115
 30
0.0
 10
181.6500193286188
 20
125.1913808341601
 30
0.0
 10
181.5769273890736
 20
125.0030815233804
 30
0.0
 10
181.4845594777403
 20
124.7733648845516
 30
0.0
 10
181.3937803643426
 20
124.5551601359301
 30
0.0
 10
181.3048886383023
 20
124.3485086686396
 30
0.0
 10
181.2183103630514
 20
124.1534434061106
 30
0.0
 10
181.1340140273989
 20
123.969966569854
 30
0.0
 10
180.9541890891678
 20
123.586124784423
 30
0.0
 10
180.7731602452578
 20
123.2661444626618
 30
0.0
 10
180.8953499762558
 20
123.018256442661
 30
0.0
  0
ARC
  5
45C
330
1F
100
AcDbEntity
  8
0
  6
Continuous
 62
7
100
AcDbCircle
 10
172.4419406427405
 20
115.2949398254209
 30
0.0
 40
11.45031654279046
100
AcDbArc
 50
42.35623180165686
 51
42.4158637698604
  0
SPLINE
  5
45D
330
1F
100
AcDbEntity
  8
0
  6
Continuous
 62
7
100
AcDbSpline
 70
8
 71
3
 72
16
 73
12
 74
0
 42
1e-08
 40
0.0
 40
0.0
 40
0.0
 40
0.0
 40
0.10590162434455
 40
0.1287386562080258
 40
0.1530335799368679
 40
0.1787863955319534
 40
0.2059971029940211
 40
0.2346657023236946
 40
0.2647921935215068
 40
0.2963765765879194
 40
0.3086458430250366
 40
0.3086458430250366
 40
0.3086458430250366
 40
0.3086458430250366
 10
180.9033836249471
 20
123.0094541710532
 30
0.0
 10
181.1178858676315
 20
122.8884370628381
 30
0.0
 10
181.3565502121015
 20
123.1452675818544
 30
0.0
 10
181.6470592697246
 20
123.4078354954755
 30
0.0
 10
181.7861102655507
 20
123.5313189950605
 30
0.0
 10
181.9342869909887
 20
123.6588923482469
 30
0.0
 10
182.0915840919513
 20
123.790593725904
 30
0.0
 10
182.2580229817748
 20
123.9258999152938
 30
0.0
 10
182.4336038349283
 20
124.0644421770335
 30
0.0
 10
182.5778237687377
 20
124.1748082910227
 30
0.0
 10
182.6634910330696
 20
124.2389919717842
 30
0.0
 10
182.6874718085923
 20
124.2568532304198
 30
0.0
  0
ARC
  5
45E
330
1F
100
AcDbEntity
  8
0
  6
Continuous
 62
7
100
AcDbCircle
 10
172.6270949607084
 20
116.1045854104574
 30
0.0
 40
12.9487703250085
100
AcDbArc
 50
36.89993269103982
 51
39.01903427546922
  0
SPLINE
  5
45F
330
1F
100
AcDbEntity
  8
0
  6
Continuous
 62
7
100
AcDbSpline
 70
8
 71
3
 72
16
 73
12
 74
0
 42
1e-08
 40
0.6913541569758203
 40
0.6913541569758203
 40
0.6913541569758203
 40
0.6913541569758203
 40
0.7036234234120807
 40
0.7352078064784933
 40
0.7653342976763053
 40
0.7940028970059789
 40
0.8212136044680466
 40
0.846966420063132
 40
0.8712613437919742
 40
0.8940983756554498
 40
1.0
 40
1.0
 40
1.0
 40
1.0
 10
182.9820370693175
 20
123.8792768420955
 30
0.0
 10
182.9682902991187
 20
123.8482975438184
 30
0.0
 10
182.9188893518738
 20
123.7376273731414
 30
0.0
 10
182.8339273895392
 20
123.5513038608079
 30
0.0
 10
182.7272478733098
 20
123.3244432485547
 30
0.0
 10
182.6230352318661
 20
123.1093748969068
 30
0.0
 10
182.521575713457
 20
122.9061004060427
 30
0.0
 10
182.4232755870165
 20
122.7145947817376
 30
0.0
 10
182.3281051945184
 20
122.5348647319625
 30
0.0
 10
182.1257150346461
 20
122.1593452263135
 30
0.0
 10
181.9275221527305
 20
121.8506380242714
 30
0.0
 10
182.0225276828869
 20
121.5749252983687
 30
0.0
  0
ARC
  5
460
330
1F
100
AcDbEntity
  8
0
  6
Continuous
 62
7
100
AcDbCircle
 10
171.3292282017796
 20
114.4356664057887
 30
0.0
 40
12.85751419707295
100
AcDbArc
 50
33.67340350218265
 51
33.72860100901236
  0
SPLINE
  5
461
330
1F
100
AcDbEntity
  8
0
  6
Continuous
 62
7
100
AcDbSpline
 70
8
 71
3
 72
14
 73
10
 74
0
 42
1e-08
 40
0.0
 40
0.0
 40
0.0
 40
0.0
 40
0.0552472937083582
 40
0.1260069725259169
 40
0.1921890130109822
 40
0.29335951743624
 40
0.3962089518339185
 40
0.8071425508059856
 40
1.0
 40
1.0
 40
1.0
 40
1.0
 10
182.0708593611676
 20
121.5449970153041
 30
0.0
 10
182.0941579349598
 20
121.5307746180492
 30
0.0
 10
182.1472968771717
 20
121.4983364459713
 30
0.0
 10
182.2579248693898
 20
121.5109029555069
 30
0.0
 10
182.4018266321409
 20
121.5814653448336
 30
0.0
 10
182.56194249374
 20
121.7118634565697
 30
0.0
 10
182.9232666693491
 20
122.0051363889764
 30
0.0
 10
183.3458293436829
 20
122.3097118243094
 30
0.0
 10
183.7077380152148
 20
122.5432546096336
 30
0.0
 10
183.8233355939547
 20
122.6178507236238
 30
0.0
  0
ARC
  5
462
330
1F
100
AcDbEntity
  8
0
  6
Continuous
 62
7
100
AcDbCircle
 10
171.0995066112199
 20
115.0939722472999
 30
0.0
 40
14.78190012509806
100
AcDbArc
 50
28.65668999094756
 51
30.59675375278774
  0
SPLINE
  5
463
330
1F
100
AcDbEntity
  8
0
  6
Continuous
 62
7
100
AcDbSpline
 70
8
 71
3
 72
16
 73
12
 74
0
 42
1e-08
 40
0.6913541569758196
 40
0.6913541569758196
 40
0.6913541569758196
 40
0.6913541569758196
 40
0.7036234234120807
 40
0.7352078064784933
 40
0.7653342976763053
 40
0.7940028970059789
 40
0.8212136044680466
 40
0.846966420063132
 40
0.8712613437919742
 40
0.8940983756554498
 40
1.0
 40
1.0
 40
1.0
 40
1.0
 10
184.0707557531283
 20
122.1827850538939
 30
0.0
 10
184.055147209269
 20
122.1523706391815
 30
0.0
 10
183.9991107358724
 20
122.043759145344
 30
0.0
 10
183.9030720176989
 20
121.8611510838892
 30
0.0
 10
183.7830769344733
 20
121.639264634624
 30
0.0
 10
183.6664037703381
 20
121.429340715202
 30
0.0
 10
183.5533237597467
 20
121.2313411199163
 30
0.0
 10
183.4442195839119
 20
121.0451831702506
 30
0.0
 10
183.3390637148806
 20
120.8708779980062
 30
0.0
 10
183.1159979957589
 20
120.5071868965854
 30
0.0
 10
182.9024915493759
 20
120.2126351302313
 30
0.0
 10
182.9694258376534
 20
119.9116719538617
 30
0.0
  0
ARC
  5
464
330
1F
100
AcDbEntity
  8
0
  6
Continuous
 62
7
100
AcDbCircle
 10
169.5771862104668
 20
113.4460609998005
 30
0.0
 40
14.87132163734154
100
AcDbArc
 50
25.72059248245301
 51
25.77068710295758
  0
SPLINE
  5
465
330
1F
100
AcDbEntity
  8
0
  6
Continuous
 62
7
100
AcDbSpline
 70
8
 71
3
 72
16
 73
12
 74
0
 42
1e-08
 40
0.0
 40
0.0
 40
0.0
 40
0.0
 40
0.10590162434455
 40
0.1287386562080258
 40
0.1530335799368679
 40
0.1787863955319534
 40
0.2059971029940211
 40
0.2346657023236946
 40
0.2647921935215068
 40
0.2963765765879194
 40
0.3086458430241809
 40
0.3086458430241809
 40
0.3086458430241809
 40
0.3086458430241809
 10
182.9750737057575
 20
119.8999604338478
 30
0.0
 10
183.1448428049607
 20
119.7100912450234
 30
0.0
 10
183.3988685368866
 20
119.9206214983323
 30
0.0
 10
183.6997481275833
 20
120.1229563680721
 30
0.0
 10
183.8433979749582
 20
120.2174397403952
 30
0.0
 10
183.995807495032
 20
120.3137989560226
 30
0.0
 10
184.1569782984895
 20
120.4120766256624
 30
0.0
 10
184.3268422921539
 20
120.5117030924693
 30
0.0
 10
184.5053382805114
 20
120.6122810216601
 30
0.0
 10
184.6513818651583
 20
120.6911981003048
 30
0.0
 10
184.7379037385207
 20
120.736594525155
 30
0.0
 10
184.7621061691942
 20
120.7491885029227
 30
0.0
  0
ARC
  5
466
330
1F
100
AcDbEntity
  8
0
  6
Continuous
 62
7
100
AcDbCircle
 10
168.8626355053409
 20
114.0214631297715
 30
0.0
 40
17.26428266935104
100
AcDbArc
 50
21.18591767994559
 51
22.93523711471559
  0
SPLINE
  5
467
330
1F
100
AcDbEntity
  8
0
  6
Continuous
 62
7
100
AcDbSpline
 70
8
 71
3
 72
16
 73
12
 74
0
 42
1e-08
 40
0.69135415697582
 40
0.69135415697582
 40
0.69135415697582
 40
0.69135415697582
 40
0.7036234234120807
 40
0.7352078064784933
 40
0.7653342976763053
 40
0.7940028970059789
 40
0.8212136044680466
 40
0.846966420063132
 40
0.8712613437919742
 40
0.8940983756554498
 40
1.0
 40
1.0
 40
1.0
 40
1.0
 10
184.9600711314477
 20
120.2606956427189
 30
0.0
 10
184.9427465466964
 20
120.2311300827667
 30
0.0
 10
184.880597744602
 20
120.125591342023
 30
0.0
 10
184.774378958225
 20
119.9484036937157
 30
0.0
 10
184.6421886697643
 20
119.7335631014312
 30
0.0
 10
184.5141443288353
 20
119.5307436173098
 30
0.0
 10
184.3904996236528
 20
119.3398675864757
 30
0.0
 10
184.2716100747168
 20
119.1607954180679
 30
0.0
 10
184.1574505411689
 20
118.9935425637834
 30
0.0
 10
183.9157919673152
 20
118.6450755524135
 30
0.0
 10
183.6889654086287
 20
118.3674293722272
 30
0.0
 10
183.7272035076121
 20
118.0440257574784
 30
0.0
  0
ARC
  5
468
330
1F
100
AcDbEntity
  8
0
  6
Continuous
 62
7
100
AcDbCircle
 10
167.1550809373175
 20
112.4695215781707
 30
0.0
 40
17.48457443948776
100
AcDbArc
 50
18.5468581851619
 51
18.59182796468575
  0
SPLINE
  5
469
330
1F
100
AcDbEntity
  8
0
  6
Continuous
 62
7
100
AcDbSpline
 70
8
 71
3
 72
16
 73
12
 74
0
 42
1e-08
 40
0.0
 40
0.0
 40
0.0
 40
0.0
 40
0.10590162434455
 40
0.1287386562080258
 40
0.1530335799368679
 40
0.1787863955319534
 40
0.2059971029940211
 40
0.2346657023236946
 40
0.2647921935215068
 40
0.2963765765879194
 40
0.3086458430241795
 40
0.3086458430241795
 40
0.3086458430241795
 40
0.3086458430241795
 10
183.7315736678566
 20
118.0310170680881
 30
0.0
 10
183.8764899405117
 20
117.8092236653757
 30
0.0
 10
184.1346691737918
 20
117.993542099547
 30
0.0
 10
184.4365379157581
 20
118.1627810434554
 30
0.0
 10
184.5804829985981
 20
118.2413710255834
 30
0.0
 10
184.732880995373
 20
118.3206983412854
 30
0.0
 10
184.8937369928936
 20
118.400807233901
 30
0.0
 10
185.0629388899651
 20
118.4811127061854
 30
0.0
 10
185.2403955205502
 20
118.5612086320072
 30
0.0
 10
185.3853066551665
 20
118.623220471679
 30
0.0
 10
185.4710441956152
 20
118.6585424347315
 30
0.0
 10
185.4950184863811
 20
118.6683137639829
 30
0.0
  0
ARC
  5
46A
330
1F
100
AcDbEntity
  8
0
  6
Continuous
 62
7
100
AcDbCircle
 10
165.9137603543942
 20
113.0353074892658
 30
0.0
 40
20.3753878422591
100
AcDbArc
 50
14.48274041367607
 51
16.04911723077516
  0
SPLINE
  5
46B
330
1F
100
AcDbEntity
  8
0
  6
Continuous
 62
7
100
AcDbSpline
 70
8
 71
3
 72
16
 73
12
 74
0
 42
1e-08
 40
0.6913541569758181
 40
0.6913541569758181
 40
0.6913541569758181
 40
0.6913541569758181
 40
0.7036234234120807
 40
0.7352078064784933
 40
0.7653342976763053
 40
0.7940028970059789
 40
0.8212136044680466
 40
0.846966420063132
 40
0.8712613437919742
 40
0.8940983756554498
 40
1.0
 40
1.0
 40
1.0
 40
1.0
 10
185.6416799062012
 20
118.1309546395242
 30
0.0
 10
185.6228010355378
 20
118.1025139799994
 30
0.0
 10
185.5551201713658
 20
118.0010333791359
 30
0.0
 10
185.4397130529745
 20
117.8309204973077
 30
0.0
 10
185.2965617843854
 20
117.6251316707284
 30
0.0
 10
185.1583417821743
 20
117.4313102927842
 30
0.0
 10
185.0252868196987
 20
117.2493399844727
 30
0.0
 10
184.8977219373468
 20
117.079025545911
 30
0.0
 10
184.7756246160884
 20
116.9203866044231
 30
0.0
 10
184.5176294884956
 20
116.5903972256999
 30
0.0
 10
184.2796006359688
 20
116.332248939258
 30
0.0
 10
184.2887855268306
 20
115.9894244185446
 30
0.0
  0
ARC
  5
46C
330
1F
100
AcDbEntity
  8
0
  6
Continuous
 62
7
100
AcDbCircle
 10
164.0890386713547
 20
111.6362054476358
 30
0.0
 40
20.66350135949834
100
AcDbArc
 50
12.12149940689632
 51
12.16172985387651
  0
SPLINE
  5
46D
330
1F
100
AcDbEntity
  8
0
  6
Continuous
 62
7
100
AcDbSpline
 70
8
 71
3
 72
16
 73
12
 74
0
 42
1e-08
 40
0.0
 40
0.0
 40
0.0
 40
0.0
 40
0.10590162434455
 40
0.1287386562080258
 40
0.1530335799368679
 40
0.1787863955319534
 40
0.2059971029940211
 40
0.2346657023236946
 40
0.2647921935215068
 40
0.2963765765879194
 40
0.3086458430241806
 40
0.3086458430241806
 40
0.3086458430241806
 40
0.3086458430241806
 10
184.2918371762068
 20
115.9752400184058
 30
0.0
 10
184.4105475781216
 20
115.7235932270476
 30
0.0
 10
184.6704697628172
 20
115.8799789105232
 30
0.0
 10
184.9705091889436
 20
116.01454179018
 30
0.0
 10
185.113405530794
 20
116.0765046086246
 30
0.0
 10
185.2643691052355
 20
116.1380593666281
 30
0.0
 10
185.4234084277108
 20
116.1992515270732
 30
0.0
 10
185.5903684356654
 20
116.2594862142777
 30
0.0
 10
185.7651288437315
 20
116.3183523026517
 30
0.0
 10
185.9075545320973
 20
116.3628799155118
 30
0.0
 10
185.9917072313179
 20
116.3877976251146
 30
0.0
 10
186.0152295406827
 20
116.3946550735811
 30
0.0
  0
ARC
  5
46E
330
1F
100
AcDbEntity
  8
0
  6
Continuous
 62
7
100
AcDbCircle
 10
162.3114717729413
 20
112.2632613061299
 30
0.0
 40
24.06110028185482
100
AcDbArc
 50
8.484900335299582
 51
9.886923977067976
  0
SPLINE
  5
46F
330
1F
100
AcDbEntity
  8
0
  6
Continuous
 62
7
100
AcDbSpline
 70
8
 71
3
 72
16
 73
12
 74
0
 42
1e-08
 40
0.6913541569758213
 40
0.6913541569758213
 40
0.6913541569758213
 40
0.6913541569758213
 40
0.7036234234120807
 40
0.7352078064784933
 40
0.7653342976763053
 40
0.7940028970059789
 40
0.8212136044680466
 40
0.846966420063132
 40
0.8712613437919742
 40
0.8940983756554498
 40
1.0
 40
1.0
 40
1.0
 40
1.0
 10
186.1092180799083
 20
115.813446862229
 30
0.0
 10
186.0889611902616
 20
115.7863966459067
 30
0.0
 10
186.0163801820052
 20
115.6899216819513
 30
0.0
 10
185.8928622567693
 20
115.5284718647454
 30
0.0
 10
185.7400865728766
 20
115.3336561986983
 30
0.0
 10
185.5929814323025
 20
115.1506425849148
 30
0.0
 10
185.4517585108688
 20
114.9792770068654
 30
0.0
 10
185.3167093340371
 20
114.8193104781739
 30
0.0
 10
185.1878142148595
 20
114.6707666185363
 30
0.0
 10
184.9158913645209
 20
114.3623358943782
 30
0.0
 10
184.6688826294166
 20
114.1260957626771
 30
0.0
 10
184.6489285553055
 20
113.7670511961799
 30
0.0
  0
ARC
  5
470
330
1F
100
AcDbEntity
  8
0
  6
Continuous
 62
7
100
AcDbCircle
 10
160.4615111225749
 20
111.0517069066678
 30
0.0
 40
24.33935612697563
100
AcDbArc
 50
6.369288413822117
 51
6.405358851571191
  0
SPLINE
  5
471
330
1F
100
AcDbEntity
  8
0
  6
Continuous
 62
7
100
AcDbSpline
 70
8
 71
3
 72
16
 73
12
 74
0
 42
1e-08
 40
0.0
 40
0.0
 40
0.0
 40
0.0
 40
0.10590162434455
 40
0.1287386562080258
 40
0.1530335799368679
 40
0.1787863955319534
 40
0.2059971029940211
 40
0.2346657023236946
 40
0.2647921935215068
 40
0.2963765765879194
 40
0.3086458430241783
 40
0.3086458430241783
 40
0.3086458430241783
 40
0.3086458430241783
 10
184.6506332013853
 20
113.7518235212148
 30
0.0
 10
184.7420293655219
 20
113.4726728994992
 30
0.0
 10
185.0012676782269
 20
113.5996657012884
 30
0.0
 10
185.2966764012328
 20
113.6982961393422
 30
0.0
 10
185.4371898174511
 20
113.7430532639626
 30
0.0
 10
185.5853094633395
 20
113.786260744077
 30
0.0
 10
185.7410472034664
 20
113.827964837637
 30
0.0
 10
185.9042064616947
 20
113.8675663447163
 30
0.0
 10
186.0746389563982
 20
113.904652978836
 30
0.0
 10
186.2132494082358
 20
113.9312806225605
 30
0.0
 10
186.2950315551494
 20
113.9455614287728
 30
0.0
 10
186.3178822616484
 20
113.9494409703058
 30
0.0
  0
ARC
  5
472
330
1F
100
AcDbEntity
  8
0
  6
Continuous
 62
7
100
AcDbCircle
 10
158.1725316705441
 20
111.8014945108289
 30
0.0
 40
28.2271931634892
100
AcDbArc
 50
3.103705048470839
 51
4.364137322188519
  0
SPLINE
  5
473
330
1F
100
AcDbEntity
  8
0
  6
Continuous
 62
7
100
AcDbSpline
 70
8
 71
3
 72
16
 73
12
 74
0
 42
1e-08
 40
0.6913541569758185
 40
0.6913541569758185
 40
0.6913541569758185
 40
0.6913541569758185
 40
0.7036234234120807
 40
0.7352078064784933
 40
0.7653342976763053
 40
0.7940028970059789
 40
0.8212136044680466
 40
0.846966420063132
 40
0.8712613437919742
 40
0.8940983756554498
 40
1.0
 40
1.0
 40
1.0
 40
1.0
 10
186.3583203746126
 20
113.3298102565316
 30
0.0
 10
186.3368745991033
 20
113.3044030439934
 30
0.0
 10
186.2600711160805
 20
113.2138344776907
 30
0.0
 10
186.129595637588
 20
113.0625551385501
 30
0.0
 10
185.968621963789
 20
112.8805315744189
 30
0.0
 10
185.8140051659143
 20
112.7100344735975
 30
0.0
 10
185.6659328458893
 20
112.5508736200407
 30
0.0
 10
185.524660292355
 20
112.4027485655971
 30
0.0
 10
185.3901708342569
 20
112.2656867018043
 30
0.0
 10
185.1068591315605
 20
111.9816943667806
 30
0.0
 10
184.8531767678855
 20
111.7695681002785
 30
0.0
 10
184.8042700346152
 20
111.3976557903756
 30
0.0
  0
ARC
  5
474
330
1F
100
AcDbEntity
  8
0
  6
Continuous
 62
7
100
AcDbCircle
 10
156.4060060044076
 20
110.7879020605664
 30
0.0
 40
28.40480944383179
100
AcDbArc
 50
1.197497242008071
 51
1.230038141025091
  0
SPLINE
  5
475
330
1F
100
AcDbEntity
  8
0
  6
Continuous
 62
7
100
AcDbSpline
 70
8
 71
3
 72
16
 73
12
 74
0
 42
1e-08
 40
0.0
 40
0.0
 40
0.0
 40
0.0
 40
0.10590162434455
 40
0.1287386562080258
 40
0.1530335799368679
 40
0.1787863955319534
 40
0.2059971029940211
 40
0.2346657023236946
 40
0.2647921935215068
 40
0.2963765765879194
 40
0.308645843024181
 40
0.308645843024181
 40
0.308645843024181
 40
0.308645843024181
 10
184.8046117615775
 20
111.3815270172825
 30
0.0
 10
184.8678403465767
 20
111.0774789193515
 30
0.0
 10
185.1239743490132
 20
111.1738931418803
 30
0.0
 10
185.4119942172454
 20
111.2356702525055
 30
0.0
 10
185.5488127719237
 20
111.2628037980882
 30
0.0
 10
185.692705536034
 20
111.2872605837135
 30
0.0
 10
185.8436876124941
 20
111.3090872305033
 30
0.0
 10
186.0015227469629
 20
111.3276858088559
 30
0.0
 10
186.1660360460213
 20
111.342646720811
 30
0.0
 10
186.2995370928886
 20
111.3511257802647
 30
0.0
 10
186.3781851096244
 20
111.3546363470466
 30
0.0
 10
186.4001508623678
 20
111.3555017594121
 30
0.0
  0
ARC
  5
476
330
1F
100
AcDbEntity
  8
0
  6
Continuous
 62
7
100
AcDbCircle
 10
153.663841167536
 20
111.706264039989
 30
0.0
 40
32.73818881082736
100
AcDbArc
 50
358.2443014604023
 51
359.3861119523349
  0
SPLINE
  5
477
330
1F
100
AcDbEntity
  8
0
  6
Continuous
 62
7
100
AcDbSpline
 70
8
 71
3
 72
16
 73
12
 74
0
 42
1e-08
 40
0.6913541569758203
 40
0.6913541569758203
 40
0.6913541569758203
 40
0.6913541569758203
 40
0.7036234234120807
 40
0.7352078064784933
 40
0.7653342976763053
 40
0.7940028970059789
 40
0.8212136044680466
 40
0.846966420063132
 40
0.8712613437919742
 40
0.8940983756554498
 40
1.0
 40
1.0
 40
1.0
 40
1.0
 10
186.3866609893052
 20
110.7032338682401
 30
0.0
 10
186.3642265613611
 20
110.6797068797837
 30
0.0
 10
186.2839176969994
 20
110.5958903254349
 30
0.0
 10
186.1477028796382
 20
110.4561939187892
 30
0.0
 10
185.9800341837531
 20
110.2886619615486
 30
0.0
 10
185.8193493439603
 20
110.132273259182
 30
0.0
 10
185.6658101367003
 20
109.9868031721236
 30
0.0
 10
185.5196332302318
 20
109.8519025956512
 30
0.0
 10
185.3808051250474
 20
109.7276024373961
 30
0.0
 10
185.0887497750271
 20
109.4707000514214
 30
0.0
 10
184.8307623466599
 20
109.2846682159143
 30
0.0
 10
184.7533595832218
 20
108.9033606076371
 30
0.0
  0
LWPOLYLINE
  5
478
330
1F
100
AcDbEntity
  8
0
  6
Continuous
 62
7
100
AcDbPolyline
 90
9
 70
128
 10
184.7533595832218
 20
108.9033606076371
 10
184.7532320290551
 20
108.9012509411237
 10
184.7531043338355
 20
108.8991412049725
 10
184.7529764975639
 20
108.8970313991968
 10
184.752848520241
 20
108.8949215238103
 10
184.7527204018678
 20
108.8928115788262
 10
184.752592142445
 20
108.8907015642583
 10
184.7524637419735
 20
108.88859148012
 10
184.752335200454
 20
108.8864813264247
  0
SPLINE
  5
479
330
1F
100
AcDbEntity
  8
0
  6
Continuous
 62
7
100
AcDbSpline
 70
8
 71
3
 72
16
 73
12
 74
0
 42
1e-08
 40
0.0
 40
0.0
 40
0.0
 40
0.0
 40
0.10590162434455
 40
0.1287386562080258
 40
0.1530335799368679
 40
0.1787863955319534
 40
0.2059971029940211
 40
0.2346657023236946
 40
0.2647921935215068
 40
0.2963765765879194
 40
0.30864584302418
 40
0.30864584302418
 40
0.30864584302418
 40
0.30864584302418
 10
184.752335200454
 20
108.8864813264247
 30
0.0
 10
184.7868058580537
 20
108.5603745674473
 30
0.0
 10
185.0374440960525
 20
108.6253100170974
 30
0.0
 10
185.3153859456041
 20
108.6496570040569
 30
0.0
 10
185.447232200761
 20
108.6589136319977
 30
0.0
 10
185.5855545951246
 20
108.6643913767159
 30
0.0
 10
185.73037132895
 20
108.6661367872153
 30
0.0
 10
185.881408675535
 20
108.6635587869263
 30
0.0
 10
186.0384667626007
 20
108.6562542907128
 30
0.0
 10
186.1656119411929
 20
108.6465055992023
 30
0.0
 10
186.2403915124092
 20
108.6392131493376
 30
0.0
 10
186.261267223082
 20
108.6370563524135
 30
0.0
  0
ARC
  5
47A
330
1F
100
AcDbEntity
  8
0
  6
Continuous
 62
7
100
AcDbCircle
 10
148.9901717624092
 20
111.9890506945949
 30
0.0
 40
37.42152352468524
100
AcDbArc
 50
353.8164650551447
 51
354.8609017493452
  0
SPLINE
  5
47B
330
1F
100
AcDbEntity
  8
0
  6
Continuous
 62
7
100
AcDbSpline
 70
8
 71
3
 72
16
 73
12
 74
0
 42
1e-08
 40
0.6913541569758196
 40
0.6913541569758196
 40
0.6913541569758196
 40
0.6913541569758196
 40
0.7036234234120807
 40
0.7352078064784933
 40
0.7653342976763053
 40
0.7940028970059789
 40
0.8212136044680466
 40
0.846966420063132
 40
0.8712613437919742
 40
0.8940983756554498
 40
1.0
 40
1.0
 40
1.0
 40
1.0
 10
186.1939753153028
 20
107.9582413333994
 30
0.0
 10
186.1707616991328
 20
107.9368142341771
 30
0.0
 10
186.0876972756608
 20
107.8605322643671
 30
0.0
 10
185.9470149204795
 20
107.7337230979259
 30
0.0
 10
185.774216679946
 20
107.5822469483217
 30
0.0
 10
185.60896406929
 20
107.4414268035871
 30
0.0
 10
185.4513915290044
 20
107.3110056980354
 30
0.0
 10
185.3016750839922
 20
107.1905891298697
 30
0.0
 10
185.1598045323343
 20
107.0802112342391
 30
0.0
 10
184.8617323771033
 20
106.8527974256727
 30
0.0
 10
184.6018486431517
 20
106.6945969502852
 30
0.0
 10
184.4966725382929
 20
106.3074542100343
 30
0.0
  0
LWPOLYLINE
  5
47C
330
1F
100
AcDbEntity
  8
0
  6
Continuous
 62
7
100
AcDbPolyline
 90
9
 70
128
 10
184.4966725382929
 20
106.3074542100343
 10
184.4963754101969
 20
106.3052703715149
 10
184.496078142692
 20
106.3030864799721
 10
184.49578073578
 20
106.3009025354196
 10
184.4954831894629
 20
106.2987185378716
 10
184.4951855037425
 20
106.2965344873421
 10
184.4948876786208
 20
106.2943503838448
 10
184.4945897140996
 20
106.292166227394
 10
184.494291610181
 20
106.2899820180035
  0
SPLINE
  5
47D
330
1F
100
AcDbEntity
  8
0
  6
Continuous
 62
7
100
AcDbSpline
 70
8
 71
3
 72
16
 73
12
 74
0
 42
1e-08
 40
0.0
 40
0.0
 40
0.0
 40
0.0
 40
0.10590162434455
 40
0.1287386562080258
 40
0.1530335799368679
 40
0.1787863955319534
 40
0.2059971029940211
 40
0.2346657023236946
 40
0.2647921935215068
 40
0.2963765765879194
 40
0.30864584302418
 40
0.30864584302418
 40
0.30864584302418
 40
0.30864584302418
 10
184.494291610181
 20
106.2899820180035
 30
0.0
 10
184.4996824971387
 20
105.9448613689236
 30
0.0
 10
184.7424848290025
 20
105.9777117608974
 30
0.0
 10
185.0077535917115
 20
105.9644013029341
 30
0.0
 10
185.1333965343867
 20
105.9556945865918
 30
0.0
 10
185.2648570800763
 20
105.9421421461764
 30
0.0
 10
185.4021563564419
 20
105.9237900239578
 30
0.0
 10
185.544985720133
 20
105.9000595151214
 30
0.0
 10
185.6931221861641
 20
105.8705578108523
 30
0.0
 10
185.8127243762059
 20
105.8426723892836
 30
0.0
 10
185.8829373051947
 20
105.8246450104119
 30
0.0
 10
185.9025280629109
 20
105.8194861416299
 30
0.0
  0
ARC
  5
47E
330
1F
100
AcDbEntity
  8
0
  6
Continuous
 62
7
100
AcDbCircle
 10
144.3786687074129
 20
112.6155674545628
 30
0.0
 40
42.07633084035657
100
AcDbArc
 50
349.7390760567445
 51
350.7049874633139
  0
SPLINE
  5
47F
330
1F
100
AcDbEntity
  8
0
  6
Continuous
 62
7
100
AcDbSpline
 70
8
 71
3
 72
16
 73
12
 74
0
 42
1e-08
 40
0.6913541569758196
 40
0.6913541569758196
 40
0.6913541569758196
 40
0.6913541569758196
 40
0.7036234234120807
 40
0.7352078064784933
 40
0.7653342976763053
 40
0.7940028970059789
 40
0.8212136044680466
 40
0.846966420063132
 40
0.8712613437919742
 40
0.8940983756554498
 40
1.0
 40
1.0
 40
1.0
 40
1.0
 10
185.7820624068273
 20
105.1204619077096
 30
0.0
 10
185.7582863417111
 20
105.1013347567737
 30
0.0
 10
185.6732419092701
 20
105.0332995957014
 30
0.0
 10
185.5294055295143
 20
104.920561652485
 30
0.0
 10
185.3530911149463
 20
104.7865556025129
 30
0.0
 10
185.1848136525279
 20
104.6626188151599
 30
0.0
 10
185.0246789915696
 20
104.5484643978373
 30
0.0
 10
184.8728208701219
 20
104.4436561350308
 30
0.0
 10
184.7292324791065
 20
104.3482310706965
 30
0.0
 10
184.4279265380669
 20
104.1524291409956
 30
0.0
 10
184.1685729629331
 20
104.0235371009416
 30
0.0
 10
184.0366055176065
 20
103.6341738761729
 30
0.0
  0
LWPOLYLINE
  5
480
330
1F
100
AcDbEntity
  8
0
  6
Continuous
 62
7
100
AcDbPolyline
 90
9
 70
128
 10
184.0366055176065
 20
103.6341738761729
 10
184.0361415897863
 20
103.6319362555593
 10
184.0356775255025
 20
103.6296985990318
 10
184.0352133247584
 20
103.6274609066045
 10
184.0347489875568
 20
103.6252231782917
 10
184.0342845139005
 20
103.6229854141079
 10
184.0338199037929
 20
103.6207476140672
 10
184.0333551572365
 20
103.6185097781842
 10
184.0328902742347
 20
103.616271906473
  0
SPLINE
  5
481
330
1F
100
AcDbEntity
  8
0
  6
Continuous
 62
7
100
AcDbSpline
 70
8
 71
3
 72
16
 73
12
 74
0
 42
1e-08
 40
0.0
 40
0.0
 40
0.0
 40
0.0
 40
0.10590162434455
 40
0.1287386562080258
 40
0.1530335799368679
 40
0.1787863955319534
 40
0.2059971029940211
 40
0.2346657023236946
 40
0.2647921935215068
 40
0.2963765765879194
 40
0.30864584302418
 40
0.30864584302418
 40
0.30864584302418
 40
0.30864584302418
 10
184.0328902742347
 20
103.616271906473
 30
0.0
 10
184.0091510572915
 20
103.2553596658034
 30
0.0
 10
184.241850503067
 20
103.2558182848422
 30
0.0
 10
184.4919694359689
 20
103.2049746581157
 30
0.0
 10
184.6102359718593
 20
103.1783858897549
 30
0.0
 10
184.7336072571798
 20
103.1459297996906
 30
0.0
 10
184.8621071497355
 20
103.1076514935745
 30
0.0
 10
184.9953949712471
 20
103.0629900415577
 30
0.0
 10
185.1332267059735
 20
103.0115665786971
 30
0.0
 10
185.2441692140417
 20
102.965804785738
 30
0.0
 10
185.3091599416027
 20
102.9372107946385
 30
0.0
 10
185.327282832736
 20
102.9290980209665
 30
0.0
  0
ARC
  5
482
330
1F
100
AcDbEntity
  8
0
  6
Continuous
 62
7
100
AcDbCircle
 10
140.0614057266287
 20
113.5087223728152
 30
0.0
 40
46.48578365061086
100
AcDbArc
 50
345.9410486635078
 51
346.8448687449426
  0
SPLINE
  5
483
330
1F
100
AcDbEntity
  8
0
  6
Continuous
 62
7
100
AcDbSpline
 70
8
 71
3
 72
16
 73
12
 74
0
 42
1e-08
 40
0.6913541569758193
 40
0.6913541569758193
 40
0.6913541569758193
 40
0.6913541569758193
 40
0.7036234234120807
 40
0.7352078064784933
 40
0.7653342976763053
 40
0.7940028970059789
 40
0.8212136044680466
 40
0.846966420063132
 40
0.8712613437919742
 40
0.8940983756554498
 40
1.0
 40
1.0
 40
1.0
 40
1.0
 10
185.154768183721
 20
102.2163911730703
 30
0.0
 10
185.1306516603725
 20
102.1997425554755
 30
0.0
 10
185.0444212559144
 20
102.1405894291089
 30
0.0
 10
184.8987738131072
 20
102.0429753129175
 30
0.0
 10
184.7205894246882
 20
101.9276905409602
 30
0.0
 10
184.5508582718342
 20
101.8217942753792
 30
0.0
 10
184.3896566243867
 20
101.7249723753232
 30
0.0
 10
184.2370746848675
 20
101.6367509843865
 30
0.0
 10
184.0931091006137
 20
101.5571697094634
 30
0.0
 10
183.7913825861546
 20
101.3948078084897
 30
0.0
 10
183.5349806842905
 20
101.2964276340192
 30
0.0
 10
183.3774540429764
 20
100.908479304254
 30
0.0
  0
LWPOLYLINE
  5
484
330
1F
100
AcDbEntity
  8
0
  6
Continuous
 62
7
100
AcDbPolyline
 90
9
 70
128
 10
183.3774540429764
 20
100.908479304254
 10
183.3768276470009
 20
100.9062087936071
 10
183.3762011187817
 20
100.9039382644909
 10
183.3755744583226
 20
100.90166771692
 10
183.3749476656278
 20
100.8993971509088
 10
183.3743207407012
 20
100.897126566472
 10
183.3736936835469
 20
100.894855963624
 10
183.3730664941688
 20
100.8925853423794
 10
183.372439172571
 20
100.8903147027527
  0
SPLINE
  5
485
330
1F
100
AcDbEntity
  8
0
  6
Continuous
 62
7
100
AcDbSpline
 70
8
 71
3
 72
16
 73
12
 74
0
 42
1e-08
 40
0.0
 40
0.0
 40
0.0
 40
0.0
 40
0.10590162434455
 40
0.1287386562080258
 40
0.1530335799368679
 40
0.1787863955319534
 40
0.2059971029940211
 40
0.2346657023236946
 40
0.2647921935215068
 40
0.2963765765879194
 40
0.30864584302418
 40
0.30864584302418
 40
0.30864584302418
 40
0.30864584302418
 10
183.372439172571
 20
100.8903147027527
 30
0.0
 10
183.3197914983994
 20
100.516980610842
 30
0.0
 10
183.5402154060589
 20
100.4850431749434
 30
0.0
 10
183.7728492160679
 20
100.3971410926974
 30
0.0
 10
183.8826351223931
 20
100.3529185244844
 30
0.0
 10
183.9967652628942
 20
100.3018618185393
 30
0.0
 10
184.1152660027656
 20
100.2440147227564
 30
0.0
 10
184.2377678096206
 20
100.1788393195033
 30
0.0
 10
184.3640079152719
 20
100.1059742250685
 30
0.0
 10
184.4652549010604
 20
100.0427633262501
 30
0.0
 10
184.5244166262812
 20
100.0038696973136
 30
0.0
 10
184.54090244228
 20
99.99287876553353
 30
0.0
  0
ARC
  5
486
330
1F
100
AcDbEntity
  8
0
  6
Continuous
 62
7
100
AcDbCircle
 10
136.2574336830016
 20
114.5552876902014
 30
0.0
 40
50.4317073785672
100
AcDbArc
 50
342.3605269455387
 51
343.2165641384958
  0
SPLINE
  5
487
330
1F
100
AcDbEntity
  8
0
  6
Continuous
 62
7
100
AcDbSpline
 70
8
 71
3
 72
16
 73
12
 74
0
 42
1e-08
 40
0.6913541569758193
 40
0.6913541569758193
 40
0.6913541569758193
 40
0.6913541569758193
 40
0.7036234234120807
 40
0.7352078064784933
 40
0.7653342976763053
 40
0.7940028970059789
 40
0.8212136044680466
 40
0.846966420063132
 40
0.8712613437919742
 40
0.8940983756554498
 40
1.0
 40
1.0
 40
1.0
 40
1.0
 10
184.3179495231302
 20
99.27314365547186
 30
0.0
 10
184.29371771103
 20
99.25912901487484
 30
0.0
 10
184.2071064446076
 20
99.20941022001684
 30
0.0
 10
184.0610078096799
 20
99.12783132755266
 30
0.0
 10
183.8826171070354
 20
99.03234421646415
 30
0.0
 10
183.7130169977884
 20
98.94547719755475
 30
0.0
 10
183.5522534602005
 20
98.86689181475873
 30
0.0
 10
183.4003723190681
 20
98.7960809950493
 30
0.0
 10
183.2573737094467
 20
98.73308653845925
 30
0.0
 10
182.9580437607378
 20
98.60568059553611
 30
0.0
 10
182.7069874876174
 20
98.53873083583095
 30
0.0
 10
182.5253724341226
 20
98.15581957009746
 30
0.0
  0
LWPOLYLINE
  5
488
330
1F
100
AcDbEntity
  8
0
  6
Continuous
 62
7
100
AcDbPolyline
 90
9
 70
128
 10
182.5253724341226
 20
98.15581957009746
 10
182.5245894184824
 20
98.1535373685633
 10
182.5238062760527
 20
98.15125516617708
 10
182.5230230068386
 20
98.14897296295342
 10
182.5222396108451
 20
98.14669075890693
 10
182.5214560880773
 20
98.14440855405223
 10
182.52067243854
 20
98.14212634840389
 10
182.5198886622384
 20
98.13984414197652
 10
182.5191047591775
 20
98.13756193478476
  0
SPLINE
  5
489
330
1F
100
AcDbEntity
  8
0
  6
Continuous
 62
7
100
AcDbSpline
 70
8
 71
3
 72
16
 73
12
 74
0
 42
1e-08
 40
0.0
 40
0.0
 40
0.0
 40
0.0
 40
0.10590162434455
 40
0.1287386562080258
 40
0.1530335799368679
 40
0.1787863955319534
 40
0.2059971029940211
 40
0.2346657023236946
 40
0.2647921935215068
 40
0.2963765765879194
 40
0.30864584302418
 40
0.30864584302418
 40
0.30864584302418
 40
0.30864584302418
 10
182.5191047591775
 20
98.13756193478476
 30
0.0
 10
182.4380401849259
 20
97.75529171145979
 30
0.0
 10
182.6441305158337
 20
97.69125641185767
 30
0.0
 10
182.8571071637455
 20
97.56711659215014
 30
0.0
 10
182.9573873990782
 20
97.50567311828922
 30
0.0
 10
183.0612107923888
 20
97.43649249917021
 30
0.0
 10
183.1686059700959
 20
97.35961671646771
 30
0.0
 10
183.2791779959302
 20
97.27453588715805
 30
0.0
 10
183.3926478026534
 20
97.18090948290344
 30
0.0
 10
183.4832539503355
 20
97.10083966135662
 30
0.0
 10
183.5360342961279
 20
97.05200953391714
 30
0.0
 10
183.5507291133702
 20
97.03824306339766
 30
0.0
  0
ARC
  5
48A
330
1F
100
AcDbEntity
  8
0
  6
Continuous
 62
7
100
AcDbCircle
 10
133.1558089317322
 20
115.6157160864809
 30
0.0
 40
53.71005943058542
100
AcDbArc
 50
338.9433677551331
 51
339.7642062988974
  0
SPLINE
  5
48B
330
1F
100
AcDbEntity
  8
0
  6
Continuous
 62
7
100
AcDbSpline
 70
8
 71
3
 72
16
 73
12
 74
0
 42
1e-08
 40
0.6913541569758203
 40
0.6913541569758203
 40
0.6913541569758203
 40
0.6913541569758203
 40
0.7036234234120807
 40
0.7352078064784933
 40
0.7653342976763053
 40
0.7940028970059789
 40
0.8212136044680466
 40
0.846966420063132
 40
0.8712613437919742
 40
0.8940983756554498
 40
1.0
 40
1.0
 40
1.0
 40
1.0
 10
183.27941957542
 20
96.31819966397111
 30
0.0
 10
183.2552987204688
 20
96.30694985129514
 30
0.0
 10
183.1691152581406
 20
96.26712959893734
 30
0.0
 10
183.0239295146827
 20
96.20234761033905
 30
0.0
 10
182.8469980837385
 20
96.12754969754798
 30
0.0
 10
182.6791125286223
 20
96.0605229792607
 30
0.0
 10
182.5202881067291
 20
96.00090784427019
 30
0.0
 10
182.3705258372762
 20
95.94816873733265
 30
0.0
 10
182.2298293417763
 20
95.90234926134391
 30
0.0
 10
181.9356907218986
 20
95.81108883143276
 30
0.0
 10
181.6923241223006
 20
95.77619457836069
 30
0.0
 10
181.488316347446
 20
95.40189551597722
 30
0.0
  0
LWPOLYLINE
  5
48C
330
1F
100
AcDbEntity
  8
0
  6
Continuous
 62
7
100
AcDbPolyline
 90
9
 70
128
 10
181.488316347446
 20
95.40189551597722
 10
181.4873840229471
 20
95.39962293185663
 10
181.4864515782969
 20
95.3973503645092
 10
181.4855190135014
 20
95.3950778139494
 10
181.4845863285666
 20
95.39280528019185
 10
181.4836535234984
 20
95.39053276325107
 10
181.4827205983028
 20
95.38826026314159
 10
181.4817875529858
 20
95.385987779878
 10
181.4808543875534
 20
95.3837153134748
  0
SPLINE
  5
48D
330
1F
100
AcDbEntity
  8
0
  6
Continuous
 62
7
100
AcDbSpline
 70
8
 71
3
 72
16
 73
12
 74
0
 42
1e-08
 40
0.0
 40
0.0
 40
0.0
 40
0.0
 40
0.10590162434455
 40
0.1287386562080258
 40
0.1530335799368679
 40
0.1787863955319534
 40
0.2059971029940211
 40
0.2346657023236946
 40
0.2647921935215068
 40
0.2963765765879194
 40
0.3086458430241812
 40
0.3086458430241812
 40
0.3086458430241812
 40
0.3086458430241812
 10
181.4808543875534
 20
95.3837153134748
 30
0.0
 10
181.37212979131
 20
94.99607811281363
 30
0.0
 10
181.5619623355743
 20
94.90054282984698
 30
0.0
 10
181.7532933158109
 20
94.74132433272693
 30
0.0
 10
181.843131590613
 20
94.66323363437849
 30
0.0
 10
181.9356788656832
 20
94.57657502288662
 30
0.0
 10
182.030965761388
 20
94.4813883217346
 30
0.0
 10
182.1285756249883
 20
94.3771964431478
 30
0.0
 10
182.2282156957707
 20
94.26368289358363
 30
0.0
 10
182.307335040158
 20
94.16750173965859
 30
0.0
 10
182.3532412106543
 20
94.10919102745947
 30
0.0
 10
182.3660078275907
 20
94.09277755202665
 30
0.0
  0
ARC
  5
48E
330
1F
100
AcDbEntity
  8
0
  6
Continuous
 62
7
100
AcDbCircle
 10
130.9010063044919
 20
116.536280960596
 30
0.0
 40
56.14585672178305
100
AcDbArc
 50
335.6414203984382
 51
336.4383430718078
  0
SPLINE
  5
48F
330
1F
100
AcDbEntity
  8
0
  6
Continuous
 62
7
100
AcDbSpline
 70
8
 71
3
 72
16
 73
12
 74
0
 42
1e-08
 40
0.6913541569758193
 40
0.6913541569758193
 40
0.6913541569758193
 40
0.6913541569758193
 40
0.7036234234120807
 40
0.7352078064784933
 40
0.7653342976763053
 40
0.7940028970059789
 40
0.8212136044680466
 40
0.846966420063132
 40
0.8712613437919742
 40
0.8940983756554498
 40
1.0
 40
1.0
 40
1.0
 40
1.0
 10
182.0488748148958
 20
93.37914871445057
 30
0.0
 10
182.0250901270173
 20
93.37076876616555
 30
0.0
 10
181.9401391405502
 20
93.34121884727521
 30
0.0
 10
181.7972218487305
 20
93.29383861451576
 30
0.0
 10
181.6234016505858
 20
93.24042826798065
 30
0.0
 10
181.4587981517942
 20
93.19386766072479
 30
0.0
 10
181.3033957464299
 20
93.15377938399278
 30
0.0
 10
181.1571506386151
 20
93.11960440065884
 30
0.0
 10
181.0200699025066
 20
93.09138770937336
 30
0.0
 10
180.7338689045027
 20
93.03712486651946
 30
0.0
 10
180.5004642267959
 20
93.03461191831971
 30
0.0
 10
180.2759684962086
 20
92.67241978878234
 30
0.0
  0
LWPOLYLINE
  5
490
330
1F
100
AcDbEntity
  8
0
  6
Continuous
 62
7
100
AcDbPolyline
 90
9
 70
128
 10
180.2759684962086
 20
92.67241978878234
 10
180.2748955677136
 20
92.67017804058094
 10
180.2738225268273
 20
92.66793632662124
 10
180.2727493735566
 20
92.66569464691761
 10
180.2716761079084
 20
92.6634530014844
 10
180.2706027298895
 20
92.66121139033595
 10
180.2695292395068
 20
92.65896981348658
 10
180.2684556367671
 20
92.65672827095068
 10
180.2673819216774
 20
92.65448676274256
  0
SPLINE
  5
491
330
1F
100
AcDbEntity
  8
0
  6
Continuous
 62
7
100
AcDbSpline
 70
8
 71
3
 72
16
 73
12
 74
0
 42
1e-08
 40
0.0
 40
0.0
 40
0.0
 40
0.0
 40
0.10590162434455
 40
0.1287386562080258
 40
0.1530335799368679
 40
0.1787863955319534
 40
0.2059971029940211
 40
0.2346657023236946
 40
0.2647921935215068
 40
0.2963765765879194
 40
0.3086458430241827
 40
0.3086458430241827
 40
0.3086458430241827
 40
0.3086458430241827
 10
180.2673819216774
 20
92.65448676274256
 30
0.0
 10
180.1320124357031
 20
92.26510184884464
 30
0.0
 10
180.3038147780058
 20
92.13895856970998
 30
0.0
 10
180.4717136847559
 20
91.94614797538588
 30
0.0
 10
180.5502712032611
 20
91.85213916436
 30
0.0
 10
180.6306782711192
 20
91.74881166860187
 30
0.0
 10
180.71296721675
 20
91.63620278158234
 30
0.0
 10
180.7967035611195
 20
91.51387266521579
 30
0.0
 10
180.8815835834669
 20
91.3815318157698
 30
0.0
 10
180.9484774085583
 20
91.27013734698615
 30
0.0
 10
180.9870807902133
 20
91.20289048143621
 30
0.0
 10
180.9978000083813
 20
91.18398324928779
 30
0.0
  0
ARC
  5
492
330
1F
100
AcDbEntity
  8
0
  6
Continuous
 62
7
100
AcDbCircle
 10
129.5819236550374
 20
117.1625223776035
 30
0.0
 40
57.60622220232593
100
AcDbArc
 50
332.4108230839431
 51
333.1942195922181
  0
SPLINE
  5
493
330
1F
100
AcDbEntity
  8
0
  6
Continuous
 62
7
100
AcDbSpline
 70
8
 71
3
 72
16
 73
12
 74
0
 42
1e-08
 40
0.6913541569758185
 40
0.6913541569758185
 40
0.6913541569758185
 40
0.6913541569758185
 40
0.7036234234120807
 40
0.7352078064784933
 40
0.7653342976763053
 40
0.7940028970059789
 40
0.8212136044680466
 40
0.846966420063132
 40
0.8712613437919742
 40
0.8940983756554498
 40
1.0
 40
1.0
 40
1.0
 40
1.0
 10
180.6378045064342
 20
90.48343193374185
 30
0.0
 10
180.6145780568508
 20
90.47800009116702
 30
0.0
 10
180.5316527107165
 20
90.45899640537505
 30
0.0
 10
180.3923382507818
 20
90.42946030492188
 30
0.0
 10
180.2232521977934
 20
90.39793620265765
 30
0.0
 10
180.0634676138447
 20
90.3722764302781
 30
0.0
 10
179.9129381753974
 20
90.35208930524325
 30
0.0
 10
179.7715756803887
 20
90.33679752812434
 30
0.0
 10
179.6393905895703
 20
90.32644707318603
 30
0.0
 10
179.3637993950459
 20
90.30968845493283
 30
0.0
 10
179.1425358758186
 20
90.33958027432564
 30
0.0
 10
178.8996482456479
 20
89.99287676796051
 30
0.0
  0
LWPOLYLINE
  5
494
330
1F
100
AcDbEntity
  8
0
  6
Continuous
 62
7
100
AcDbPolyline
 90
9
 70
128
 10
178.8996482456479
 20
89.99287676796051
 10
178.8984447308011
 20
89.99068678627727
 10
178.8972411123724
 20
89.9884968559846
 10
178.8960373903695
 20
89.98630697709652
 10
178.8948335648
 20
89.98411714962705
 10
178.8936296356717
 20
89.98192737359024
 10
178.8924256029923
 20
89.97973764900009
 10
178.8912214667695
 20
89.97754797587056
 10
178.890017227011
 20
89.97535835421574
  0
SPLINE
  5
495
330
1F
100
AcDbEntity
  8
0
  6
Continuous
 62
7
100
AcDbSpline
 70
8
 71
3
 72
16
 73
12
 74
0
 42
1e-08
 40
0.0
 40
0.0
 40
0.0
 40
0.0
 40
0.10590162434455
 40
0.1287386562080258
 40
0.1530335799368679
 40
0.1787863955319534
 40
0.2059971029940211
 40
0.2346657023236946
 40
0.2647921935215068
 40
0.2963765765879194
 40
0.3086458430241803
 40
0.3086458430241803
 40
0.3086458430241803
 40
0.3086458430241803
 10
178.890017227011
 20
89.97535835421574
 30
0.0
 10
178.729266759723
 20
89.58786130910806
 30
0.0
 10
178.8814348278836
 20
89.43228779961522
 30
0.0
 10
179.0243340342929
 20
89.20768532865634
 30
0.0
 10
179.0908773261171
 20
89.09863613989226
 30
0.0
 10
179.158393447635
 20
88.9796045008557
 30
0.0
 10
179.2269161334781
 20
88.85062482680593
 30
0.0
 10
179.2959971349308
 20
88.71129863599612
 30
0.0
 10
179.3653246069441
 20
88.56136611752225
 30
0.0
 10
179.4193683431184
 20
88.43579839402145
 30
0.0
 10
179.4503085065587
 20
88.36024324098568
 30
0.0
 10
179.4588802435064
 20
88.33901878385394
 30
0.0
  0
ARC
  5
496
330
1F
100
AcDbEntity
  8
0
  6
Continuous
 62
7
100
AcDbCircle
 10
129.2253861945497
 20
117.3528701502312
 30
0.0
 40
58.01040850982487
100
AcDbArc
 50
329.2103843316549
 51
329.9901376884736
  0
SPLINE
  5
497
330
1F
100
AcDbEntity
  8
0
  6
Continuous
 62
7
100
AcDbSpline
 70
8
 71
3
 72
16
 73
12
 74
0
 42
1e-08
 40
0.6913541569758195
 40
0.6913541569758195
 40
0.6913541569758195
 40
0.6913541569758195
 40
0.7036234234120807
 40
0.7352078064784933
 40
0.7653342976763053
 40
0.7940028970059789
 40
0.8212136044680466
 40
0.846966420063132
 40
0.8712613437919742
 40
0.8940983756554498
 40
1.0
 40
1.0
 40
1.0
 40
1.0
 10
179.0593834333134
 20
87.65808584921812
 30
0.0
 10
179.0369320811266
 20
87.65565282800405
 30
0.0
 10
178.9568066269391
 20
87.6473728076044
 30
0.0
 10
178.8223957404656
 20
87.63595661006934
 30
0.0
 10
178.6596225435525
 20
87.62661308412518
 30
0.0
 10
178.5061487400553
 20
87.62209372500298
 30
0.0
 10
178.3618977213338
 20
87.62199623341264
 30
0.0
 10
178.2267377026592
 20
87.62573043771155
 30
0.0
 10
178.1006824337084
 20
87.63334285852943
 30
0.0
 10
177.8382741633927
 20
87.65424493558018
 30
0.0
 10
177.6312176805079
 20
87.7162624307018
 30
0.0
 10
177.3722059271142
 20
87.38828462473369
 30
0.0
  0
LWPOLYLINE
  5
498
330
1F
100
AcDbEntity
  8
0
  6
Continuous
 62
7
100
AcDbPolyline
 90
9
 70
128
 10
177.3722059271142
 20
87.38828462473369
 10
177.3708830628095
 20
87.3861668568375
 10
177.3695601046993
 20
87.38404915700092
 10
177.3682370527921
 20
87.38193152523756
 10
177.3669139070964
 20
87.37981396156091
 10
177.3655906676206
 20
87.3776964659846
 10
177.3642673343733
 20
87.37557903852213
 10
177.3629439073628
 20
87.37346167918707
 10
177.3616203865977
 20
87.37134438799293
  0
SPLINE
  5
499
330
1F
100
AcDbEntity
  8
0
  6
Continuous
 62
7
100
AcDbSpline
 70
8
 71
3
 72
16
 73
12
 74
0
 42
1e-08
 40
0.0
 40
0.0
 40
0.0
 40
0.0
 40
0.10590162434455
 40
0.1287386562080258
 40
0.1530335799368679
 40
0.1787863955319534
 40
0.2059971029940211
 40
0.2346657023236946
 40
0.2647921935215068
 40
0.2963765765879194
 40
0.3086458430241812
 40
0.3086458430241812
 40
0.3086458430241812
 40
0.3086458430241812
 10
177.3616203865977
 20
87.37134438799293
 30
0.0
 10
177.1769898217973
 20
86.98935316718033
 30
0.0
 10
177.3081028635627
 20
86.80580197527046
 30
0.0
 10
177.4246681582431
 20
86.55150468043229
 30
0.0
 10
177.4785759265995
 20
86.42843327682378
 30
0.0
 10
177.5325707219419
 20
86.29480886085113
 30
0.0
 10
177.5866873701419
 20
86.15066264823608
 30
0.0
 10
177.6404680379802
 20
85.99564123408717
 30
0.0
 10
177.6935956677326
 20
85.82951692611334
 30
0.0
 10
177.7342847231864
 20
85.69094833989732
 30
0.0
 10
177.7572727884422
 20
85.60779033748238
 30
0.0
 10
177.7636170121713
 20
85.58444682240496
 30
0.0
  0
ARC
  5
49A
330
1F
100
AcDbEntity
  8
0
  6
Continuous
 62
7
100
AcDbCircle
 10
129.7946843749572
 20
116.9912996610457
 30
0.0
 40
57.33593030187599
100
AcDbArc
 50
326.0000429518743
 51
326.785899609795
  0
SPLINE
  5
49B
330
1F
100
AcDbEntity
  8
0
  6
Continuous
 62
7
100
AcDbSpline
 70
8
 71
3
 72
16
 73
12
 74
0
 42
1e-08
 40
0.6913541569758181
 40
0.6913541569758181
 40
0.6913541569758181
 40
0.6913541569758181
 40
0.7036234234120807
 40
0.7352078064784933
 40
0.7653342976763053
 40
0.7940028970059789
 40
0.8212136044680466
 40
0.846966420063132
 40
0.8712613437919742
 40
0.8940983756554498
 40
1.0
 40
1.0
 40
1.0
 40
1.0
 10
177.3283488878106
 20
84.92948995602255
 30
0.0
 10
177.3068822552467
 20
84.93007847263283
 30
0.0
 10
177.2303048027831
 20
84.93259942594511
 30
0.0
 10
177.1020524480028
 20
84.93940972128858
 30
0.0
 10
176.9471118766477
 20
84.95233400964877
 30
0.0
 10
176.801381797154
 20
84.96899725982233
 30
0.0
 10
176.6647560310539
 20
84.98899031192919
 30
0.0
 10
176.5370604413907
 20
85.01171563238653
 30
0.0
 10
176.4183119383901
 20
85.03721985383847
 30
0.0
 10
176.171536627601
 20
85.09558746913147
 30
0.0
 10
175.980620411651
 20
85.18915159933968
 30
0.0
 10
175.7079028579887
 20
84.8829617341741
 30
0.0
  0
LWPOLYLINE
  5
49C
330
1F
100
AcDbEntity
  8
0
  6
Continuous
 62
7
100
AcDbPolyline
 90
9
 70
128
 10
175.7079028579887
 20
84.8829617341741
 10
175.7064729954536
 20
84.88093595309321
 10
175.7050430497654
 20
84.87891025610556
 10
175.7036130209332
 20
84.8768846432241
 10
175.7021829089662
 20
84.87485911446181
 10
175.7007527138734
 20
84.87283366983166
 10
175.6993224356641
 20
84.87080830934659
 10
175.6978920743473
 20
84.86878303301958
 10
175.6964616299324
 20
84.86675784086356
  0
SPLINE
  5
49D
330
1F
100
AcDbEntity
  8
0
  6
Continuous
 62
7
100
AcDbSpline
 70
8
 71
3
 72
16
 73
12
 74
0
 42
1e-08
 40
0.0
 40
0.0
 40
0.0
 40
0.0
 40
0.10590162434455
 40
0.1287386562080258
 40
0.1530335799368679
 40
0.1787863955319534
 40
0.2059971029940211
 40
0.2346657023236946
 40
0.2647921935215068
 40
0.2963765765879194
 40
0.3086458430241814
 40
0.3086458430241814
 40
0.3086458430241814
 40
0.3086458430241814
 10
175.6964616299324
 20
84.86675784086356
 30
0.0
 10
175.489674813457
 20
84.49383899345283
 30
0.0
 10
175.5985086616829
 20
84.28402388714954
 30
0.0
 10
175.6876517058846
 20
84.00240607375733
 30
0.0
 10
175.7284206284649
 20
83.86646153984017
 30
0.0
 10
175.7683899627757
 20
83.71949196210024
 30
0.0
 10
175.8075953007694
 20
83.56152506526902
 30
0.0
 10
175.845573499388
 20
83.39225582095668
 30
0.0
 10
175.8820052485149
 20
83.21149078138667
 30
0.0
 10
175.9089597205004
 20
83.06121511000966
 30
0.0
 10
175.9237810542004
 20
82.97123068207839
 30
0.0
 10
175.9278385304033
 20
82.945986061166
 30
0.0
  0
ARC
  5
49E
330
1F
100
AcDbEntity
  8
0
  6
Continuous
 62
7
100
AcDbCircle
 10
131.1932601919798
 20
115.9979557566955
 30
0.0
 40
55.62027687696909
100
AcDbArc
 50
322.7393665712161
 51
323.5413017467511
  0
SPLINE
  5
49F
330
1F
100
AcDbEntity
  8
0
  6
Continuous
 62
7
100
AcDbSpline
 70
8
 71
3
 72
16
 73
12
 74
0
 42
1e-08
 40
0.69135415697582
 40
0.69135415697582
 40
0.69135415697582
 40
0.69135415697582
 40
0.7036234234120807
 40
0.7352078064784933
 40
0.7653342976763053
 40
0.7940028970059789
 40
0.8212136044680466
 40
0.846966420063132
 40
0.8712613437919742
 40
0.8940983756554498
 40
1.0
 40
1.0
 40
1.0
 40
1.0
 10
175.4608630730754
 20
82.32312041882996
 30
0.0
 10
175.4405815882988
 20
82.32672497844354
 30
0.0
 10
175.3682671206001
 20
82.34002336800584
 30
0.0
 10
175.2473707551937
 20
82.3649965703352
 30
0.0
 10
175.101709447765
 20
82.4000680024015
 30
0.0
 10
174.9650837347622
 20
82.43775828159369
 30
0.0
 10
174.8373588592496
 20
82.4776552076571
 30
0.0
 10
174.718319957913
 20
82.51915946407873
 30
0.0
 10
174.60798694364
 20
82.56231736012074
 30
0.0
 10
174.3791486669644
 20
82.65760555095837
 30
0.0
 10
174.2061552512179
 20
82.78184273317886
 30
0.0
 10
173.922278187606
 20
82.50029962108852
 30
0.0
  0
LWPOLYLINE
  5
4A0
330
1F
100
AcDbEntity
  8
0
  6
Continuous
 62
7
100
AcDbPolyline
 90
9
 70
128
 10
173.922278187606
 20
82.50029962108852
 10
173.9207546770818
 20
82.49838474099506
 10
173.9192310948332
 20
82.49646996024329
 10
173.9177074408698
 20
82.49455527884544
 10
173.9161837152014
 20
82.4926406968138
 10
173.9146599178379
 20
82.49072621416057
 10
173.9131360487889
 20
82.48881183089807
 10
173.9116121080641
 20
82.4868975470385
 10
173.9100880956734
 20
82.48498336259414
  0
SPLINE
  5
4A1
330
1F
100
AcDbEntity
  8
0
  6
Continuous
 62
7
100
AcDbSpline
 70
8
 71
3
 72
16
 73
12
 74
0
 42
1e-08
 40
0.0
 40
0.0
 40
0.0
 40
0.0
 40
0.10590162434455
 40
0.1287386562080258
 40
0.1530335799368679
 40
0.1787863955319534
 40
0.2059971029940211
 40
0.2346657023236946
 40
0.2647921935215068
 40
0.2963765765879194
 40
0.3086458430241796
 40
0.3086458430241796
 40
0.3086458430241796
 40
0.3086458430241796
 10
173.9100880956734
 20
82.48498336259414
 30
0.0
 10
173.6830757403129
 20
82.124618731386
 30
0.0
 10
173.768614242682
 20
81.89049869780534
 30
0.0
 10
173.8295027318196
 20
81.58418975550494
 30
0.0
 10
173.8567521601783
 20
81.43664136876401
 30
0.0
 10
173.8823228505521
 20
81.27769884460537
 30
0.0
 10
173.9062508286619
 20
81.1073861579118
 30
0.0
 10
173.9280719658531
 20
80.9254495047631
 30
0.0
 10
173.9474676809289
 20
80.7317314880669
 30
0.0
 10
173.9604359028038
 20
80.57115181498298
 30
0.0
 10
173.9669521221485
 20
80.475181121894
 30
0.0
 10
173.968684967263
 20
80.4482710973703
 30
0.0
  0
ARC
  5
4A2
330
1F
100
AcDbEntity
  8
0
  6
Continuous
 62
7
100
AcDbCircle
 10
133.273228231525
 20
114.3368488255643
 30
0.0
 40
52.95805792672286
100
AcDbArc
 50
319.3860371857024
 51
320.2146281349479
  0
SPLINE
  5
4A3
330
1F
100
AcDbEntity
  8
0
  6
Continuous
 62
7
100
AcDbSpline
 70
8
 71
3
 72
16
 73
12
 74
0
 42
1e-08
 40
0.6913541569758195
 40
0.6913541569758195
 40
0.6913541569758195
 40
0.6913541569758195
 40
0.7036234234120807
 40
0.7352078064784933
 40
0.7653342976763053
 40
0.7940028970059789
 40
0.8212136044680466
 40
0.846966420063132
 40
0.8712613437919742
 40
0.8940983756554498
 40
1.0
 40
1.0
 40
1.0
 40
1.0
 10
173.4743622009935
 20
79.86331220776111
 30
0.0
 10
173.4554552267629
 20
79.86989915557606
 30
0.0
 10
173.3880789245299
 20
79.89385081790812
 30
0.0
 10
173.2756673252876
 20
79.93675375916187
 30
0.0
 10
173.1406452821663
 20
79.99364488242263
 30
0.0
 10
173.014399573125
 20
80.0520102866517
 30
0.0
 10
172.8967681209491
 20
80.11143857982256
 30
0.0
 10
172.7874973420874
 20
80.17133425814902
 30
0.0
 10
172.6866099661688
 20
80.23174287513409
 30
0.0
 10
172.4778453249388
 20
80.36306196135241
 30
0.0
 10
172.3243899023081
 20
80.51681222648868
 30
0.0
 10
172.032003812403
 20
80.26254455965352
 30
0.0
  0
LWPOLYLINE
  5
4A4
330
1F
100
AcDbEntity
  8
0
  6
Continuous
 62
7
100
AcDbPolyline
 90
9
 70
128
 10
172.032003812403
 20
80.26254455965352
 10
172.030400878497
 20
80.260758459267
 10
172.0287978849649
 20
80.25897247254308
 10
172.0271948318169
 20
80.25718659949317
 10
172.0255917190633
 20
80.25540084012874
 10
172.0239885467144
 20
80.2536151944612
 10
172.0223853147804
 20
80.25182966250193
 10
172.0207820232715
 20
80.25004424426244
 10
172.0191786721982
 20
80.2482589397541
  0
SPLINE
  5
4A5
330
1F
100
AcDbEntity
  8
0
  6
Continuous
 62
7
100
AcDbSpline
 70
8
 71
3
 72
16
 73
12
 74
0
 42
1e-08
 40
0.0
 40
0.0
 40
0.0
 40
0.0
 40
0.10590162434455
 40
0.1287386562080258
 40
0.1530335799368679
 40
0.1787863955319534
 40
0.2059971029940211
 40
0.2346657023236946
 40
0.2647921935215068
 40
0.2963765765879194
 40
0.3086458430241811
 40
0.3086458430241811
 40
0.3086458430241811
 40
0.3086458430241811
 10
172.0191786721982
 20
80.2482589397541
 30
0.0
 10
171.7740603311493
 20
79.90381315221524
 30
0.0
 10
171.8355048377121
 20
79.64757410703054
 30
0.0
 10
171.8675702723681
 20
79.31943395988577
 30
0.0
 10
171.8810457859345
 20
79.16165933985332
 30
0.0
 10
171.891979085725
 20
78.9922278727993
 30
0.0
 10
171.9004062948664
 20
78.8111595599108
 30
0.0
 10
171.9058666325515
 20
78.61825419143602
 30
0.0
 10
171.9080452210105
 20
78.41339189054105
 30
0.0
 10
171.9069061119811
 20
78.24400750489198
 30
0.0
 10
171.9050563767863
 20
78.14294659914874
 30
0.0
 10
171.9044484117044
 20
78.1146224226622
 30
0.0
  0
ARC
  5
4A6
330
1F
100
AcDbEntity
  8
0
  6
Continuous
 62
7
100
AcDbCircle
 10
135.8480156435639
 20
112.019970758614
 30
0.0
 40
49.49382779443949
100
AcDbArc
 50
315.8942758307521
 51
316.7610935834094
  0
SPLINE
  5
4A7
330
1F
100
AcDbEntity
  8
0
  6
Continuous
 62
7
100
AcDbSpline
 70
8
 71
3
 72
16
 73
12
 74
0
 42
1e-08
 40
0.6913541569758194
 40
0.6913541569758194
 40
0.6913541569758194
 40
0.6913541569758194
 40
0.7036234234120807
 40
0.7352078064784933
 40
0.7653342976763053
 40
0.7940028970059789
 40
0.8212136044680466
 40
0.846966420063132
 40
0.8712613437919742
 40
0.8940983756554498
 40
1.0
 40
1.0
 40
1.0
 40
1.0
 10
171.3873936949739
 20
77.5730318893236
 30
0.0
 10
171.3700377606135
 20
77.58253972478296
 30
0.0
 10
171.3082286982267
 20
77.61692102966698
 30
0.0
 10
171.2053514219629
 20
77.67735313664222
 30
0.0
 10
171.082229307586
 20
77.755532774008
 30
0.0
 10
170.9675423246765
 20
77.83402836122035
 30
0.0
 10
170.8611025890121
 20
77.91243315553746
 30
0.0
 10
170.7626201644462
 20
77.99016102595824
 30
0.0
 10
170.6721203851282
 20
78.06725634490573
 30
0.0
 10
170.4853785585505
 20
78.23338023557876
 30
0.0
 10
170.3528939009704
 20
78.41520805883098
 30
0.0
 10
170.0547287149144
 20
78.19058986594754
 30
0.0
  0
LWPOLYLINE
  5
4A8
330
1F
100
AcDbEntity
  8
0
  6
Continuous
 62
7
100
AcDbPolyline
 90
9
 70
128
 10
170.0547287149144
 20
78.19058986594754
 10
170.0530613237885
 20
78.18894922160605
 10
170.0513938856917
 20
78.1873087041868
 10
170.0497264006344
 20
78.18566831370033
 10
170.0480588686274
 20
78.18402805015714
 10
170.0463912896814
 20
78.18238791356771
 10
170.044723663807
 20
78.18074790394257
 10
170.0430559910149
 20
78.17910802129218
 10
170.0413882713158
 20
78.17746826562703
  0
SPLINE
  5
4A9
330
1F
100
AcDbEntity
  8
0
  6
Continuous
 62
7
100
AcDbSpline
 70
8
 71
3
 72
16
 73
12
 74
0
 42
1e-08
 40
0.0
 40
0.0
 40
0.0
 40
0.0
 40
0.10590162434455
 40
0.1287386562080258
 40
0.1530335799368679
 40
0.1787863955319534
 40
0.2059971029940211
 40
0.2346657023236946
 40
0.2647921935215068
 40
0.2963765765879194
 40
0.3086458430241787
 40
0.3086458430241787
 40
0.3086458430241787
 40
0.3086458430241787
 10
170.0413882713158
 20
78.17746826562703
 30
0.0
 10
169.7804525484855
 20
77.85215731926984
 30
0.0
 10
169.8172293684396
 20
77.57619169740613
 30
0.0
 10
169.8201723622901
 20
77.22928410155835
 30
0.0
 10
169.8197481438247
 20
77.06275634735161
 30
0.0
 10
169.8159419717577
 20
76.88441787335928
 30
0.0
 10
169.8087897293494
 20
76.69428452032707
 30
0.0
 10
169.7978382858267
 20
76.49221154197613
 30
0.0
 10
169.7827794067754
 20
76.27811770098874
 30
0.0
 10
169.7675436023959
 20
76.10151009914517
 30
0.0
 10
169.7573451831406
 20
75.99630255919524
 30
0.0
 10
169.7544020842687
 20
75.96682868595023
 30
0.0
  0
ARC
  5
4AA
330
1F
100
AcDbEntity
  8
0
  6
Continuous
 62
7
100
AcDbCircle
 10
138.7080627710078
 20
109.1074767180924
 30
0.0
 40
45.41120717118656
100
AcDbArc
 50
312.2131794253365
 51
313.1312022827026
  0
SPLINE
  5
4AB
330
1F
100
AcDbEntity
  8
0
  6
Continuous
 62
7
100
AcDbSpline
 70
8
 71
3
 72
16
 73
12
 74
0
 42
1e-08
 40
0.6913541569758209
 40
0.6913541569758209
 40
0.6913541569758209
 40
0.6913541569758209
 40
0.7036234234120807
 40
0.7352078064784933
 40
0.7653342976763053
 40
0.7940028970059789
 40
0.8212136044680466
 40
0.846966420063132
 40
0.8712613437919742
 40
0.8940983756554498
 40
1.0
 40
1.0
 40
1.0
 40
1.0
 10
169.2194430176544
 20
75.47366319376833
 30
0.0
 10
169.2038001708471
 20
75.48600314477416
 30
0.0
 10
169.1481354428683
 20
75.53049308322998
 30
0.0
 10
169.0557530269928
 20
75.60789011762643
 30
0.0
 10
168.9456803993687
 20
75.70662832688745
 30
0.0
 10
168.8436229440497
 20
75.8045212049348
 30
0.0
 10
168.7493687240301
 20
75.90117045595863
 30
0.0
 10
168.6625941576236
 20
75.99600479429022
 30
0.0
 10
168.5833269469618
 20
76.08906699697933
 30
0.0
 10
168.4203514931563
 20
76.28844463809953
 30
0.0
 10
168.3100745741787
 20
76.49665234207279
 30
0.0
 10
168.0089141799777
 20
76.30378082268797
 30
0.0
  0
LWPOLYLINE
  5
4AC
330
1F
100
AcDbEntity
  8
0
  6
Continuous
 62
7
100
AcDbPolyline
 90
9
 70
128
 10
168.0089141799777
 20
76.30378082268798
 10
168.0071978996137
 20
76.30230095264565
 10
168.0054815853722
 20
76.30082122160023
 10
168.0037652372644
 20
76.29934162956118
 10
168.0020488553011
 20
76.297862176538
 10
168.0003324394933
 20
76.29638286254014
 10
167.998615989852
 20
76.29490368757708
 10
167.9968995063882
 20
76.29342465165826
 10
167.9951829891129
 20
76.29194575479313
  0
SPLINE
  5
4AD
330
1F
100
AcDbEntity
  8
0
  6
Continuous
 62
7
100
AcDbSpline
 70
8
 71
3
 72
16
 73
12
 74
0
 42
1e-08
 40
0.0
 40
0.0
 40
0.0
 40
0.0
 40
0.10590162434455
 40
0.1287386562080258
 40
0.1530335799368679
 40
0.1787863955319534
 40
0.2059971029940211
 40
0.2346657023236946
 40
0.2647921935215068
 40
0.2963765765879194
 40
0.30864584302418
 40
0.30864584302418
 40
0.30864584302418
 40
0.30864584302418
 10
167.9951829891129
 20
76.29194575479313
 30
0.0
 10
167.7208661710399
 20
75.9888069902735
 30
0.0
 10
167.7326319291262
 20
75.69569140838725
 30
0.0
 10
167.7064250042307
 20
75.33325534658974
 30
0.0
 10
167.6921050145471
 20
75.15952928298125
 30
0.0
 10
167.6735949078256
 20
74.9739489003316
 30
0.0
 10
167.6509299924279
 20
74.77652573104437
 30
0.0
 10
167.6236690183749
 20
74.56717184377054
 30
0.0
 10
167.5915132725096
 20
74.34584539919955
 30
0.0
 10
167.5623230253804
 20
74.16366351875558
 30
0.0
 10
167.5438711419575
 20
74.05529163905287
 30
0.0
 10
167.5386203882166
 20
74.02494325866249
 30
0.0
  0
ARC
  5
4AE
330
1F
100
AcDbEntity
  8
0
  6
Continuous
 62
7
100
AcDbCircle
 10
141.638272182999
 20
105.703906484551
 30
0.0
 40
40.91924667217964
100
AcDbArc
 50
308.284993513803
 51
309.2690293445031
  0
SPLINE
  5
4AF
330
1F
100
AcDbEntity
  8
0
  6
Continuous
 62
7
100
AcDbSpline
 70
8
 71
3
 72
16
 73
12
 74
0
 42
1e-08
 40
0.6913541569758191
 40
0.6913541569758191
 40
0.6913541569758191
 40
0.6913541569758191
 40
0.7036234234120807
 40
0.7352078064784933
 40
0.7653342976763053
 40
0.7940028970059789
 40
0.8212136044680466
 40
0.846966420063132
 40
0.8712613437919742
 40
0.8940983756554498
 40
1.0
 40
1.0
 40
1.0
 40
1.0
 10
166.9907517403866
 20
73.58480736096165
 30
0.0
 10
166.9769680341784
 20
73.59986421271623
 30
0.0
 10
166.9279673671747
 20
73.65404739417566
 30
0.0
 10
166.8469423614134
 20
73.74768672073661
 30
0.0
 10
166.7509469390089
 20
73.86606160983666
 30
0.0
 10
166.6624718942427
 20
73.98243777929243
 30
0.0
 10
166.5812832161249
 20
74.09642909900688
 30
0.0
 10
166.5070266986241
 20
74.20748446258399
 30
0.0
 10
166.4397321532072
 20
74.31564465230248
 30
0.0
 10
166.3020447300748
 20
74.54641450855404
 30
0.0
 10
166.2150051755795
 20
74.77905811401487
 30
0.0
 10
165.913661426691
 20
74.61973405753879
 30
0.0
  0
LWPOLYLINE
  5
4B0
330
1F
100
AcDbEntity
  8
0
  6
Continuous
 62
7
100
AcDbPolyline
 90
9
 70
128
 10
165.913661426691
 20
74.61973405753879
 10
165.9119122815362
 20
74.61842877894348
 10
165.9101631159139
 20
74.61712365012195
 10
165.9084139298352
 20
74.61581867108255
 10
165.9066647233115
 20
74.61451384183364
 10
165.9049154963539
 20
74.61320916238355
 10
165.9031662489735
 20
74.61190463274066
 10
165.9014169811816
 20
74.61060025291329
 10
165.8996676929894
 20
74.60929602290977
  0
SPLINE
  5
4B1
330
1F
100
AcDbEntity
  8
0
  6
Continuous
 62
7
100
AcDbSpline
 70
8
 71
3
 72
16
 73
12
 74
0
 42
1e-08
 40
0.0
 40
0.0
 40
0.0
 40
0.0
 40
0.10590162434455
 40
0.1287386562080258
 40
0.1530335799368679
 40
0.1787863955319534
 40
0.2059971029940211
 40
0.2346657023236946
 40
0.2647921935215068
 40
0.2963765765879194
 40
0.3086458430241787
 40
0.3086458430241787
 40
0.3086458430241787
 40
0.3086458430241787
 10
165.8996676929894
 20
74.60929602290977
 30
0.0
 10
165.6145310018935
 20
74.33115976519574
 30
0.0
 10
165.6011758443989
 20
74.0236309644993
 30
0.0
 10
165.546063687754
 20
73.649050404608
 30
0.0
 10
165.5179816287376
 20
73.46974806504576
 30
0.0
 10
165.4849404112407
 20
73.27865848776969
 30
0.0
 10
165.4469744390621
 20
73.07578878916625
 30
0.0
 10
165.4036584628484
 20
72.86110867380769
 30
0.0
 10
165.3547060797043
 20
72.63461609103291
 30
0.0
 10
165.311833931298
 20
72.44856091512005
 30
0.0
 10
165.2853008639713
 20
72.3380365347061
 30
0.0
 10
165.2777914802344
 20
72.30709700182118
 30
0.0
  0
ARC
  5
4B2
330
1F
100
AcDbEntity
  8
0
  6
Continuous
 62
7
100
AcDbCircle
 10
144.4357494448927
 20
101.9507493129102
 30
0.0
 40
36.23723000649543
100
AcDbArc
 50
304.043451602119
 51
305.1105224741071
  0
SPLINE
  5
4B3
330
1F
100
AcDbEntity
  8
0
  6
Continuous
 62
7
100
AcDbSpline
 70
8
 71
3
 72
16
 73
12
 74
0
 42
1e-08
 40
0.6913541569758204
 40
0.6913541569758204
 40
0.6913541569758204
 40
0.6913541569758204
 40
0.7036234234120807
 40
0.7352078064784933
 40
0.7653342976763053
 40
0.7940028970059789
 40
0.8212136044680466
 40
0.846966420063132
 40
0.8712613437919742
 40
0.8940983756554498
 40
1.0
 40
1.0
 40
1.0
 40
1.0
 10
164.7221285531385
 20
71.92410012889009
 30
0.0
 10
164.7103326822803
 20
71.9417332996254
 30
0.0
 10
164.6684535822771
 20
72.00510383032201
 30
0.0
 10
164.5995424952777
 20
72.11411116388514
 30
0.0
 10
164.5185205614872
 20
72.25101749837901
 30
0.0
 10
164.4444539949286
 20
72.38479038630486
 30
0.0
 10
164.377088895525
 20
72.51505946847107
 30
0.0
 10
164.3160437400265
 20
72.64129896328618
 30
0.0
 10
164.2613501708935
 20
72.76354727748482
 30
0.0
 10
164.150236328806
 20
73.02355471289748
 30
0.0
 10
164.087246803662
 20
73.27846208918413
 30
0.0
 10
163.7885332654766
 20
73.15417306140452
 30
0.0
  0
LWPOLYLINE
  5
4B4
330
1F
100
AcDbEntity
  8
0
  6
Continuous
 62
7
100
AcDbPolyline
 90
9
 70
128
 10
163.7885332654766
 20
73.15417306140452
 10
163.7867675868281
 20
73.15305456129082
 10
163.785001901313
 20
73.15193622032933
 10
163.7832362089427
 20
73.15081803852728
 10
163.7814705097286
 20
73.14970001589172
 10
163.7797048036819
 20
73.14858215242995
 10
163.777939090814
 20
73.147464448149
 10
163.776173371136
 20
73.14634690305607
 10
163.7744076446594
 20
73.14522951715831
  0
SPLINE
  5
4B5
330
1F
100
AcDbEntity
  8
0
  6
Continuous
 62
7
100
AcDbSpline
 70
8
 71
3
 72
16
 73
12
 74
0
 42
1e-08
 40
0.0
 40
0.0
 40
0.0
 40
0.0
 40
0.10590162434455
 40
0.1287386562080258
 40
0.1530335799368679
 40
0.1787863955319534
 40
0.2059971029940211
 40
0.2346657023236946
 40
0.2647921935215068
 40
0.2963765765879194
 40
0.3086458430241803
 40
0.3086458430241803
 40
0.3086458430241803
 40
0.3086458430241803
 10
163.7744076446594
 20
73.14522951715831
 30
0.0
 10
163.4811133249994
 20
72.8946926495484
 30
0.0
 10
163.4427619454312
 20
72.57562194359483
 30
0.0
 10
163.3592591243943
 20
72.19239424337216
 30
0.0
 10
163.3176771906638
 20
72.0091897254903
 30
0.0
 10
163.2704133593368
 20
71.81437510548454
 30
0.0
 10
163.2175008084301
 20
71.60795301728054
 30
0.0
 10
163.1585342596548
 20
71.38995108423194
 30
0.0
 10
163.0932422944439
 20
71.16040706347366
 30
0.0
 10
163.0370885304588
 20
70.97221573913953
 30
0.0
 10
163.0027220113291
 20
70.8605707943751
 30
0.0
 10
162.9930241106888
 20
70.82932898307797
 30
0.0
  0
ARC
  5
4B6
330
1F
100
AcDbEntity
  8
0
  6
Continuous
 62
7
100
AcDbCircle
 10
146.9263562005833
 20
98.01596109523452
 30
0.0
 40
31.57927775195833
100
AcDbArc
 50
299.4125227223459
 51
300.5821007449515
  0
SPLINE
  5
4B7
330
1F
100
AcDbEntity
  8
0
  6
Continuous
 62
7
100
AcDbSpline
 70
8
 71
3
 72
16
 73
12
 74
0
 42
1e-08
 40
0.6913541569758221
 40
0.6913541569758221
 40
0.6913541569758221
 40
0.6913541569758221
 40
0.7036234234120807
 40
0.7352078064784933
 40
0.7653342976763053
 40
0.7940028970059789
 40
0.8212136044680466
 40
0.846966420063132
 40
0.8712613437919742
 40
0.8940983756554498
 40
1.0
 40
1.0
 40
1.0
 40
1.0
 10
162.434754979362
 20
70.50704707352632
 30
0.0
 10
162.4250570787218
 20
70.52709192707823
 30
0.0
 10
162.3906905595921
 20
70.59905813344118
 30
0.0
 10
162.334536795607
 20
70.72241570190339
 30
0.0
 10
162.2692448303961
 20
70.87657522423332
 30
0.0
 10
162.2102782816208
 20
71.02649582921781
 30
0.0
 10
162.1573657307141
 20
71.17182638651468
 30
0.0
 10
162.1101018993871
 20
71.31207134841813
 30
0.0
 10
162.0685199656566
 20
71.44726638752523
 30
0.0
 10
161.9850171446197
 20
71.73408378272973
 30
0.0
 10
161.9466657650515
 20
72.0088749283508
 30
0.0
 10
161.6533714453914
 20
71.92078138243224
 30
0.0
  0
ARC
  5
4B8
330
1F
100
AcDbEntity
  8
0
  6
Continuous
 62
7
100
AcDbCircle
 10
148.9999413166491
 20
96.1702473524314
 30
0.0
 40
27.35225573610177
100
AcDbArc
 50
297.5222915755767
 51
297.5556620233255
  0
SPLINE
  5
4B9
330
1F
100
AcDbEntity
  8
0
  6
Continuous
 62
7
100
AcDbSpline
 70
8
 71
3
 72
16
 73
12
 74
0
 42
1e-08
 40
0.0
 40
0.0
 40
0.0
 40
0.0
 40
0.10590162434455
 40
0.1287386562080258
 40
0.1530335799368679
 40
0.1787863955319534
 40
0.2059971029940211
 40
0.2346657023236946
 40
0.2647921935215068
 40
0.2963765765879194
 40
0.3086458430241807
 40
0.3086458430241807
 40
0.3086458430241807
 40
0.3086458430241807
 10
161.6392458245742
 20
71.91341583203173
 30
0.0
 10
161.3405322863889
 20
71.69281754975538
 30
0.0
 10
161.2775427612448
 20
71.3651840157572
 30
0.0
 10
161.1664289191574
 20
70.97688726898514
 30
0.0
 10
161.1117353500244
 20
70.79149110400532
 30
0.0
 10
161.0506901945259
 20
70.59477037288696
 30
0.0
 10
160.9833250951223
 20
70.38672320250252
 30
0.0
 10
160.9092585285637
 20
70.16743487707534
 30
0.0
 10
160.8282365947732
 20
69.9369826090081
 30
0.0
 10
160.7593255077738
 20
69.74841222794265
 30
0.0
 10
160.7174464077706
 20
69.63668911759594
 30
0.0
 10
160.7056505369124
 20
69.60543672426104
 30
0.0
  0
ARC
  5
4BA
330
1F
100
AcDbEntity
  8
0
  6
Continuous
 62
7
100
AcDbCircle
 10
148.9786968808446
 20
94.08129680212456
 30
0.0
 40
27.14017628171731
100
AcDbArc
 50
294.3062970701814
 51
295.6001644833599
  0
SPLINE
  5
4BB
330
1F
100
AcDbEntity
  8
0
  6
Continuous
 62
7
100
AcDbSpline
 70
8
 71
3
 72
16
 73
12
 74
0
 42
1e-08
 40
0.6913541569758203
 40
0.6913541569758203
 40
0.6913541569758203
 40
0.6913541569758203
 40
0.7036234234120807
 40
0.7352078064784933
 40
0.7653342976763053
 40
0.7940028970059789
 40
0.8212136044680466
 40
0.846966420063132
 40
0.8712613437919742
 40
0.8940983756554498
 40
1.0
 40
1.0
 40
1.0
 40
1.0
 10
160.1499876098165
 20
69.34687883744417
 30
0.0
 10
160.1424782260796
 20
69.36914822041582
 30
0.0
 10
160.115945158753
 20
69.44903817336655
 30
0.0
 10
160.0730730103466
 20
69.58559422034801
 30
0.0
 10
160.0241206272025
 20
69.75556758459004
 30
0.0
 10
159.9808046509889
 20
69.92023613833834
 30
0.0
 10
159.9428386788102
 20
70.07927125850955
 30
0.0
 10
159.9097974613133
 20
70.23221225807897
 30
0.0
 10
159.8817154022969
 20
70.3790917424407
 30
0.0
 10
159.826603245652
 20
70.69004116069675
 30
0.0
 10
159.8132480881574
 20
70.98215042476407
 30
0.0
 10
159.5281113970615
 20
70.93107486640923
 30
0.0
  0
ARC
  5
4BC
330
1F
100
AcDbEntity
  8
0
  6
Continuous
 62
7
100
AcDbCircle
 10
150.6793105465005
 20
92.56389861265215
 30
0.0
 40
23.37264083771667
100
AcDbArc
 50
292.2097175994581
 51
292.2467759094553
  0
SPLINE
  5
4BD
330
1F
100
AcDbEntity
  8
0
  6
Continuous
 62
7
100
AcDbSpline
 70
8
 71
3
 72
16
 73
12
 74
0
 42
1e-08
 40
0.0
 40
0.0
 40
0.0
 40
0.0
 40
0.10590162434455
 40
0.1287386562080258
 40
0.1530335799368679
 40
0.1787863955319534
 40
0.2059971029940211
 40
0.2346657023236946
 40
0.2647921935215068
 40
0.2963765765879194
 40
0.3086458430241802
 40
0.3086458430241802
 40
0.3086458430241802
 40
0.3086458430241802
 10
159.5141176633599
 20
70.925356080014
 30
0.0
 10
159.2127739144714
 20
70.73675604979582
 30
0.0
 10
159.1257343599761
 20
70.40361871378397
 30
0.0
 10
158.9880469368437
 20
70.01387834256624
 30
0.0
 10
158.9207523914268
 20
69.82802152452864
 30
0.0
 10
158.846495873926
 20
69.6312314107606
 30
0.0
 10
158.7653071958082
 20
69.42350163857034
 30
0.0
 10
158.676832151042
 20
69.20497435677511
 30
0.0
 10
158.5808367286375
 20
68.97576551213389
 30
0.0
 10
158.4998117228762
 20
68.7885767051776
 30
0.0
 10
158.4508110558725
 20
68.67781855782776
 30
0.0
 10
158.4370273496643
 20
68.64684737763116
 30
0.0
  0
ARC
  5
4BE
330
1F
100
AcDbEntity
  8
0
  6
Continuous
 62
7
100
AcDbCircle
 10
150.5143762204062
 20
90.32850336481256
 30
0.0
 40
23.08381699941306
100
AcDbArc
 50
288.6313877559538
 51
290.0727092353724
  0
SPLINE
  5
4BF
330
1F
100
AcDbEntity
  8
0
  6
Continuous
 62
7
100
AcDbSpline
 70
8
 71
3
 72
16
 73
12
 74
0
 42
1e-08
 40
0.69135415697582
 40
0.69135415697582
 40
0.69135415697582
 40
0.69135415697582
 40
0.7036234234120807
 40
0.7352078064784933
 40
0.7653342976763053
 40
0.7940028970059789
 40
0.8212136044680466
 40
0.846966420063132
 40
0.8712613437919742
 40
0.8940983756554498
 40
1.0
 40
1.0
 40
1.0
 40
1.0
 10
157.8891587018343
 20
68.45442759887365
 30
0.0
 10
157.8839079480934
 20
68.47871358803646
 30
0.0
 10
157.8654560646705
 20
68.5657813766094
 30
0.0
 10
157.8362658175413
 20
68.71426091509247
 30
0.0
 10
157.804110071676
 20
68.89846112574146
 30
0.0
 10
157.776849097623
 20
69.07634016233474
 30
0.0
 10
157.7541841822253
 20
69.24759497731293
 30
0.0
 10
157.7356740755037
 20
69.41180404564308
 30
0.0
 10
157.7213540858202
 20
69.56899660108849
 30
0.0
 10
157.6951471609246
 20
69.90117479145854
 30
0.0
 10
157.706912919011
 20
70.20787482847804
 30
0.0
 10
157.432596100938
 20
70.19429413641379
 30
0.0
  0
ARC
  5
4C0
330
1F
100
AcDbEntity
  8
0
  6
Continuous
 62
7
100
AcDbCircle
 10
151.8605349324442
 20
89.20792145198408
 30
0.0
 40
19.81327558383107
100
AcDbArc
 50
286.2921760633612
 51
286.3335493429095
  0
SPLINE
  5
4C1
330
1F
100
AcDbEntity
  8
0
  6
Continuous
 62
7
100
AcDbSpline
 70
8
 71
3
 72
16
 73
12
 74
0
 42
1e-08
 40
0.0
 40
0.0
 40
0.0
 40
0.0
 40
0.10590162434455
 40
0.1287386562080258
 40
0.1530335799368679
 40
0.1787863955319534
 40
0.2059971029940211
 40
0.2346657023236946
 40
0.2647921935215068
 40
0.2963765765879194
 40
0.3086458430241809
 40
0.3086458430241809
 40
0.3086458430241809
 40
0.3086458430241809
 10
157.4188649100732
 20
70.19027550879153
 30
0.0
 10
157.1177045158722
 20
70.03543463829817
 30
0.0
 10
157.0074275968945
 20
69.69990391382001
 30
0.0
 10
156.8444521430891
 20
69.3123588189929
 30
0.0
 10
156.7651849324273
 20
69.12777664293111
 30
0.0
 10
156.6784103660208
 20
68.93275452278345
 30
0.0
 10
156.5841561460012
 20
68.72728166570063
 30
0.0
 10
156.4820986906822
 20
68.51155575788846
 30
0.0
 10
156.3720260630581
 20
68.28573039789872
 30
0.0
 10
156.2796436471826
 20
68.10167089650687
 30
0.0
 10
156.2239789192038
 20
67.99291183113354
 30
0.0
 10
156.2083360723965
 20
67.96251103364001
 30
0.0
  0
ARC
  5
4C2
330
1F
100
AcDbEntity
  8
0
  6
Continuous
 62
7
100
AcDbCircle
 10
151.513677673032
 20
86.92551320529508
 30
0.0
 40
19.53548742286454
100
AcDbArc
 50
282.2941372284
 51
283.9050956115394
  0
SPLINE
  5
4C3
330
1F
100
AcDbEntity
  8
0
  6
Continuous
 62
7
100
AcDbSpline
 70
8
 71
3
 72
16
 73
12
 74
0
 42
1e-08
 40
0.6913541569758177
 40
0.6913541569758177
 40
0.6913541569758177
 40
0.6913541569758177
 40
0.7036234234120807
 40
0.7352078064784933
 40
0.7653342976763053
 40
0.7940028970059789
 40
0.8212136044680466
 40
0.846966420063132
 40
0.8712613437919742
 40
0.8940983756554498
 40
1.0
 40
1.0
 40
1.0
 40
1.0
 10
155.6733770057822
 20
67.83802593457145
 30
0.0
 10
155.6704339069103
 20
67.86410177818804
 30
0.0
 10
155.660235487655
 20
67.95753447390045
 30
0.0
 10
155.6449996832755
 20
68.11655119043996
 30
0.0
 10
155.6299408042242
 20
68.31325841975915
 30
0.0
 10
155.6189893607015
 20
68.50268713055962
 30
0.0
 10
155.6118371182932
 20
68.68456268027944
 30
0.0
 10
155.6080309462261
 20
68.85850664154302
 30
0.0
 10
155.6076067277608
 20
69.02454460353513
 30
0.0
 10
155.6105497216113
 20
69.37485010775626
 30
0.0
 10
155.6473265415654
 20
69.69327734211808
 30
0.0
 10
155.386390818735
 20
69.71731831560707
 30
0.0
  0
ARC
  5
4C4
330
1F
100
AcDbEntity
  8
0
  6
Continuous
 62
7
100
AcDbCircle
 10
152.5531125114482
 20
86.24799077279717
 30
0.0
 40
16.77172018170602
100
AcDbArc
 50
279.6794872532291
 51
279.7257224167124
  0
SPLINE
  5
4C5
330
1F
100
AcDbEntity
  8
0
  6
Continuous
 62
7
100
AcDbSpline
 70
8
 71
3
 72
16
 73
12
 74
0
 42
1e-08
 40
0.0
 40
0.0
 40
0.0
 40
0.0
 40
0.10590162434455
 40
0.1287386562080258
 40
0.1530335799368679
 40
0.1787863955319534
 40
0.2059971029940211
 40
0.2346657023236946
 40
0.2647921935215068
 40
0.2963765765879194
 40
0.3086458430241817
 40
0.3086458430241817
 40
0.3086458430241817
 40
0.3086458430241817
 10
155.3730503751365
 20
69.71503736760116
 30
0.0
 10
155.0748851890804
 20
69.59540136432082
 30
0.0
 10
154.9424005315003
 20
69.260610011347
 30
0.0
 10
154.7556587049227
 20
68.87887859704256
 30
0.0
 10
154.6651589256047
 20
68.69729445700153
 30
0.0
 10
154.5666765010388
 20
68.50586119946422
 30
0.0
 10
154.4602367653744
 20
68.30456370219376
 30
0.0
 10
154.3455497824649
 20
68.09365334304175
 30
0.0
 10
154.222427668088
 20
67.87331993824436
 30
0.0
 10
154.1195503918242
 20
67.69410825638934
 30
0.0
 10
154.0577413294373
 20
67.58836372708238
 30
0.0
 10
154.040385395077
 20
67.55881715634706
 30
0.0
  0
ARC
  5
4C6
330
1F
100
AcDbEntity
  8
0
  6
Continuous
 62
7
100
AcDbCircle
 10
152.0161966345621
 20
84.01377857174948
 30
0.0
 40
16.57899560650643
100
AcDbArc
 50
275.2157441652573
 51
277.0129438973464
  0
SPLINE
  5
4C7
330
1F
100
AcDbEntity
  8
0
  6
Continuous
 62
7
100
AcDbSpline
 70
8
 71
3
 72
14
 73
10
 74
0
 42
1e-08
 40
0.0
 40
0.0
 40
0.0
 40
0.0
 40
0.1969954143305485
 40
0.6167460380692662
 40
0.7218022183076056
 40
0.8251434453153068
 40
0.8927454930509982
 40
0.9650233973000508
 40
1.0
 40
1.0
 40
1.0
 40
1.0
 10
153.5233306783464
 20
67.50342902079734
 30
0.0
 10
153.5217463055067
 20
67.63621863087613
 30
0.0
 10
153.5167860089686
 20
68.05195148532432
 30
0.0
 10
153.538623411114
 20
68.55570411488547
 30
0.0
 10
153.5854765722353
 20
69.00491470385609
 30
0.0
 10
153.6068921959665
 20
69.20466460440817
 30
0.0
 10
153.5850834290098
 20
69.35631442206375
 30
0.0
 10
153.5401971853158
 20
69.44232454670409
 30
0.0
 10
153.4922786018683
 20
69.46257774987292
 30
0.0
 10
153.4766519461419
 20
69.46918249088371
 30
0.0
  0
ARC
  5
4C8
330
1F
100
AcDbEntity
  8
0
  6
Continuous
 62
7
100
AcDbCircle
 10
152.820372004546
 20
83.79988196270097
 30
0.0
 40
14.30737838402499
100
AcDbArc
 50
272.3048997463848
 51
272.3563022289496
  0
SPLINE
  5
4C9
330
1F
100
AcDbEntity
  8
0
  6
Continuous
 62
7
100
AcDbSpline
 70
8
 71
3
 72
16
 73
12
 74
0
 42
1e-08
 40
0.0
 40
0.0
 40
0.0
 40
0.0
 40
0.10590162434455
 40
0.1287386562080258
 40
0.1530335799368679
 40
0.1787863955319534
 40
0.2059971029940211
 40
0.2346657023236946
 40
0.2647921935215068
 40
0.2963765765879194
 40
0.3086458430241802
 40
0.3086458430241802
 40
0.3086458430241802
 40
0.3086458430241802
 10
153.3957752776479
 20
69.50407882692123
 30
0.0
 10
153.1033891877427
 20
69.42076469998243
 30
0.0
 10
152.949933765112
 20
69.08983857517103
 30
0.0
 10
152.7411691238821
 20
68.71748496475269
 30
0.0
 10
152.6402817479634
 20
68.54059426292284
 30
0.0
 10
152.5310109691018
 20
68.35453722874261
 30
0.0
 10
152.4133795169258
 20
68.15929455177987
 30
0.0
 10
152.2871338078846
 20
67.9551689544847
 30
0.0
 10
152.1521117647633
 20
67.74238469851473
 30
0.0
 10
152.039700165521
 20
67.56969408738404
 30
0.0
 10
151.972323863288
 20
67.46795140232229
 30
0.0
 10
151.9534168890574
 20
67.43953492671524
 30
0.0
  0
ARC
  5
4CA
330
1F
100
AcDbEntity
  8
0
  6
Continuous
 62
7
100
AcDbCircle
 10
152.1163850550717
 20
81.69779168851684
 30
0.0
 40
14.25918807325924
100
AcDbArc
 50
267.35795994825
 51
269.3451526588032
  0
SPLINE
  5
4CB
330
1F
100
AcDbEntity
  8
0
  6
Continuous
 62
7
100
AcDbSpline
 70
8
 71
3
 72
16
 73
12
 74
0
 42
1e-08
 40
0.6913541569758195
 40
0.6913541569758195
 40
0.6913541569758195
 40
0.6913541569758195
 40
0.7036234234120807
 40
0.7352078064784933
 40
0.7653342976763053
 40
0.7940028970059789
 40
0.8212136044680466
 40
0.846966420063132
 40
0.8712613437919742
 40
0.8940983756554498
 40
1.0
 40
1.0
 40
1.0
 40
1.0
 10
151.4590941227879
 20
67.45376089878135
 30
0.0
 10
151.4608269679024
 20
67.4826716236881
 30
0.0
 10
151.4673431872471
 20
67.58616578349105
 30
0.0
 10
151.4803114091219
 20
67.76171824684687
 30
0.0
 10
151.4997071241978
 20
67.97783007950386
 30
0.0
 10
151.521528261389
 20
68.18496088138096
 30
0.0
 10
151.5454562394987
 20
68.38290022355018
 30
0.0
 10
151.5710269298726
 20
68.57136603839356
 30
0.0
 10
151.5982763582312
 20
68.75037594544008
 30
0.0
 10
151.6591648473689
 20
69.12698524091371
 30
0.0
 10
151.744703349738
 20
69.45986592715015
 30
0.0
 10
151.5176909943774
 20
69.5581276718758
 30
0.0
  0
ARC
  5
4CC
330
1F
100
AcDbEntity
  8
0
  6
Continuous
 62
7
100
AcDbCircle
 10
152.7730532095087
 20
81.94102838413613
 30
0.0
 40
12.44637153313675
100
AcDbArc
 50
264.1548002734801
 51
264.2112067491849
  0
SPLINE
  5
4CD
330
1F
100
AcDbEntity
  8
0
  6
Continuous
 62
7
100
AcDbSpline
 70
8
 71
3
 72
16
 73
12
 74
0
 42
1e-08
 40
0.0
 40
0.0
 40
0.0
 40
0.0
 40
0.10590162434455
 40
0.1287386562080258
 40
0.1530335799368679
 40
0.1787863955319534
 40
0.2059971029940211
 40
0.2346657023236946
 40
0.2647921935215068
 40
0.2963765765879194
 40
0.3086458430241799
 40
0.3086458430241799
 40
0.3086458430241799
 40
0.3086458430241799
 10
151.5055009024449
 20
69.55936954980646
 30
0.0
 10
151.2216238388329
 20
69.51315518076458
 30
0.0
 10
151.0486304230864
 20
69.18918405217983
 30
0.0
 10
150.8197921464108
 20
68.82968481098288
 30
0.0
 10
150.7094591321379
 20
68.65913912818655
 30
0.0
 10
150.5904202308012
 20
68.48019548176126
 30
0.0
 10
150.4626953552886
 20
68.29283055337577
 30
0.0
 10
150.3260696422859
 20
68.09739558364076
 30
0.0
 10
150.1804083348571
 20
67.89414718576454
 30
0.0
 10
150.0595119694508
 20
67.72959001106538
 30
0.0
 10
149.9871975017521
 20
67.63279911428619
 30
0.0
 10
149.9669160169754
 20
67.60577805078375
 30
0.0
  0
ARC
  5
4CE
330
1F
100
AcDbEntity
  8
0
  6
Continuous
 62
7
100
AcDbCircle
 10
151.9543902292303
 20
80.03765343306341
 30
0.0
 40
12.58974103247931
100
AcDbArc
 50
258.7578276506807
 51
260.9170293710071
  0
SPLINE
  5
4CF
330
1F
100
AcDbEntity
  8
0
  6
Continuous
 62
7
100
AcDbSpline
 70
8
 71
3
 72
16
 73
12
 74
0
 42
1e-08
 40
0.6913541569758177
 40
0.6913541569758177
 40
0.6913541569758177
 40
0.6913541569758177
 40
0.7036234234120807
 40
0.7352078064784933
 40
0.7653342976763053
 40
0.7940028970059789
 40
0.8212136044680466
 40
0.846966420063132
 40
0.8712613437919742
 40
0.8940983756554498
 40
1.0
 40
1.0
 40
1.0
 40
1.0
 10
149.4999405596476
 20
67.68948530639805
 30
0.0
 10
149.5039980358504
 20
67.71941458961837
 30
0.0
 10
149.5188193695504
 20
67.82651136519307
 30
0.0
 10
149.545773841536
 20
68.00790800749613
 30
0.0
 10
149.5822055906629
 20
68.23073624926762
 30
0.0
 10
149.6201837892815
 20
68.44385418835932
 30
0.0
 10
149.6593891272752
 20
68.64708660493436
 30
0.0
 10
149.6993584615859
 20
68.84020379378997
 30
0.0
 10
149.7401273841662
 20
69.02321912378834
 30
0.0
 10
149.8292704283679
 20
69.40775930525162
 30
0.0
 10
149.9381042765938
 20
69.74323129803447
 30
0.0
 10
149.7313174601185
 20
69.87739916910014
 30
0.0
  0
ARC
  5
4D0
330
1F
100
AcDbEntity
  8
0
  6
Continuous
 62
7
100
AcDbCircle
 10
152.5588168993275
 20
80.70524275085069
 30
0.0
 40
11.19093158363429
100
AcDbArc
 50
255.3044838902332
 51
255.3650337736247
  0
SPLINE
  5
4D1
330
1F
100
AcDbEntity
  8
0
  6
Continuous
 62
7
100
AcDbSpline
 70
8
 71
3
 72
16
 73
12
 74
0
 42
1e-08
 40
0.0
 40
0.0
 40
0.0
 40
0.0
 40
0.10590162434455
 40
0.1287386562080258
 40
0.1530335799368679
 40
0.1787863955319534
 40
0.2059971029940211
 40
0.2346657023236946
 40
0.2647921935215068
 40
0.2963765765879194
 40
0.3086458430241808
 40
0.3086458430241808
 40
0.3086458430241808
 40
0.3086458430241808
 10
149.7198762320621
 20
69.88039330167449
 30
0.0
 10
149.4471586783998
 20
69.87171018164155
 30
0.0
 10
149.2562424624498
 20
69.55771888042175
 30
0.0
 10
149.0094671516607
 20
69.21443055599944
 30
0.0
 10
148.8907186486601
 20
69.05182223132591
 30
0.0
 10
148.763023058997
 20
68.88166272126846
 30
0.0
 10
148.6263972928968
 20
68.70392491731381
 30
0.0
 10
148.4806672134032
 20
68.51900529879433
 30
0.0
 10
148.3257266420481
 20
68.32719043454055
 30
0.0
 10
148.1974742872677
 20
68.17230312227557
 30
0.0
 10
148.1208968348042
 20
68.08136772430328
 30
0.0
 10
148.0994302022402
 20
68.05599436129496
 30
0.0
  0
ARC
  5
4D2
330
1F
100
AcDbEntity
  8
0
  6
Continuous
 62
7
100
AcDbCircle
 10
151.7029646943491
 20
79.04529902861064
 30
0.0
 40
11.56504552117672
100
AcDbArc
 50
249.5600821594869
 51
251.8450166411603
  0
SPLINE
  5
4D3
330
1F
100
AcDbEntity
  8
0
  6
Continuous
 62
7
100
AcDbSpline
 70
8
 71
3
 72
16
 73
12
 74
0
 42
1e-08
 40
0.6913541569758203
 40
0.6913541569758203
 40
0.6913541569758203
 40
0.6913541569758203
 40
0.7036234234120807
 40
0.7352078064784933
 40
0.7653342976763053
 40
0.7940028970059789
 40
0.8212136044680466
 40
0.846966420063132
 40
0.8712613437919742
 40
0.8940983756554498
 40
1.0
 40
1.0
 40
1.0
 40
1.0
 10
147.6641620778795
 20
68.20840134836547
 30
0.0
 10
147.6705063016086
 20
68.23906974824594
 30
0.0
 10
147.6934943668645
 20
68.34876920585454
 30
0.0
 10
147.7341834223182
 20
68.53431637553021
 30
0.0
 10
147.7873110520707
 20
68.76178053916063
 30
0.0
 10
147.8410917199089
 20
68.97889579069113
 30
0.0
 10
147.8952083681089
 20
69.18552375535641
 30
0.0
 10
147.9492031634513
 20
69.38148923506449
 30
0.0
 10
148.0031109318078
 20
69.5668012231893
 30
0.0
 10
148.1196762264881
 20
69.9556819425766
 30
0.0
 10
148.2507892682536
 20
70.29061303029725
 30
0.0
 10
148.0661587034531
 20
70.45943433844042
 30
0.0
  0
ARC
  5
4D4
330
1F
100
AcDbEntity
  8
0
  6
Continuous
 62
7
100
AcDbCircle
 10
152.3485719597355
 20
80.08102462625406
 30
0.0
 40
10.53157457193049
100
AcDbArc
 50
245.943880420242
 51
246.0069318980282
  0
SPLINE
  5
4D5
330
1F
100
AcDbEntity
  8
0
  6
Continuous
 62
7
100
AcDbSpline
 70
8
 71
3
 72
16
 73
12
 74
0
 42
1e-08
 40
0.0
 40
0.0
 40
0.0
 40
0.0
 40
0.10590162434455
 40
0.1287386562080258
 40
0.1530335799368679
 40
0.1787863955319534
 40
0.2059971029940211
 40
0.2346657023236946
 40
0.2647921935215068
 40
0.2963765765879194
 40
0.308645843024181
 40
0.308645843024181
 40
0.308645843024181
 40
0.308645843024181
 10
148.0555731629366
 20
70.46415277024929
 30
0.0
 10
147.7965614095429
 20
70.49308197117747
 30
0.0
 10
147.5895049266581
 20
70.19200214950176
 30
0.0
 10
147.3270966563424
 20
69.86812993244527
 30
0.0
 10
147.2010413873916
 20
69.71497719600957
 30
0.0
 10
147.065881368717
 20
69.55519055581838
 30
0.0
 10
146.9216303499955
 20
69.38873936628129
 30
0.0
 10
146.7681565464983
 20
69.21606164363156
 30
0.0
 10
146.6053833495852
 20
69.03747123670607
 30
0.0
 10
146.4709724631117
 20
68.89369992797778
 30
0.0
 10
146.3908470089242
 20
68.80946906812201
 30
0.0
 10
146.3683956567374
 20
68.78598030986178
 30
0.0
  0
ARC
  5
4D6
330
1F
100
AcDbEntity
  8
0
  6
Continuous
 62
7
100
AcDbCircle
 10
151.551553314897
 20
78.6846843181764
 30
0.0
 40
11.17360570064776
100
AcDbArc
 50
240.024559734872
 51
242.3625541432269
  0
SPLINE
  5
4D7
330
1F
100
AcDbEntity
  8
0
  6
Continuous
 62
7
100
AcDbSpline
 70
8
 71
3
 72
16
 73
12
 74
0
 42
1e-08
 40
0.6913541569758191
 40
0.6913541569758191
 40
0.6913541569758191
 40
0.6913541569758191
 40
0.7036234234120807
 40
0.7352078064784933
 40
0.7653342976763053
 40
0.7940028970059789
 40
0.8212136044680466
 40
0.846966420063132
 40
0.8712613437919742
 40
0.8940983756554498
 40
1.0
 40
1.0
 40
1.0
 40
1.0
 10
145.9688988465444
 20
69.00566404541402
 30
0.0
 10
145.9774705834922
 20
69.0367852193681
 30
0.0
 10
146.0084107469324
 20
69.14806312473179
 30
0.0
 10
146.0624544831067
 20
69.33602841784983
 30
0.0
 10
146.13178195512
 20
69.56600473173022
 30
0.0
 10
146.2008629565728
 20
69.78509014909449
 30
0.0
 10
146.2693856424158
 20
69.99318443221681
 30
0.0
 10
146.3369017639338
 20
70.19016852589333
 30
0.0
 10
146.4034450557579
 20
70.37604696404104
 30
0.0
 10
146.5463442621672
 20
70.76563734685365
 30
0.0
 10
146.6985123303278
 20
71.0969003681883
 30
0.0
 10
146.5377618630398
 20
71.29879887434122
 30
0.0
  0
ARC
  5
4D8
330
1F
100
AcDbEntity
  8
0
  6
Continuous
 62
7
100
AcDbCircle
 10
152.3207748891239
 20
80.01359444439831
 30
0.0
 40
10.45901054056958
100
AcDbArc
 50
236.3689772807791
 51
236.4323200539533
  0
SPLINE
  5
4D9
330
1F
100
AcDbEntity
  8
0
  6
Continuous
 62
7
100
AcDbSpline
 70
8
 71
3
 72
16
 73
12
 74
0
 42
1e-08
 40
0.0
 40
0.0
 40
0.0
 40
0.0
 40
0.10590162434455
 40
0.1287386562080258
 40
0.1530335799368679
 40
0.1787863955319534
 40
0.2059971029940211
 40
0.2346657023236946
 40
0.2647921935215068
 40
0.2963765765879194
 40
0.3086458430250365
 40
0.3086458430250365
 40
0.3086458430250365
 40
0.3086458430250365
 10
146.5281308444029
 20
71.30519755065814
 30
0.0
 10
146.2852432142321
 20
71.37146896839293
 30
0.0
 10
146.0639796950049
 20
71.08611172743478
 30
0.0
 10
145.7883885004805
 20
70.78467952537216
 30
0.0
 10
145.656203409662
 20
70.64241232300964
 30
0.0
 10
145.5148409146534
 20
70.49449043749203
 30
0.0
 10
145.3643114762061
 20
70.34087997228136
 30
0.0
 10
145.2045268922574
 20
70.18205639087228
 30
0.0
 10
145.035440839269
 20
70.01835789178601
 30
0.0
 10
144.8961263793327
 20
69.88704494056539
 30
0.0
 10
144.8132010331968
 20
69.81030505966845
 30
0.0
 10
144.7899745836117
 20
69.78892021436195
 30
0.0
  0
ARC
  5
4DA
330
1F
100
AcDbEntity
  8
0
  6
Continuous
 62
7
100
AcDbCircle
 10
151.6889003079511
 20
78.87590603661623
 30
0.0
 40
11.4091405234482
100
AcDbArc
 50
230.4881837570164
 51
232.7938875373308
  0
SPLINE
  5
4DB
330
1F
100
AcDbEntity
  8
0
  6
Continuous
 62
7
100
AcDbSpline
 70
8
 71
3
 72
16
 73
12
 74
0
 42
1e-08
 40
0.6913541569758194
 40
0.6913541569758194
 40
0.6913541569758194
 40
0.6913541569758194
 40
0.7036234234120807
 40
0.7352078064784933
 40
0.7653342976763053
 40
0.7940028970059789
 40
0.8212136044680466
 40
0.846966420063132
 40
0.8712613437919742
 40
0.8940983756554498
 40
1.0
 40
1.0
 40
1.0
 40
1.0
 10
144.4299790816695
 20
70.07382957055212
 30
0.0
 10
144.4406982998375
 20
70.10511294856371
 30
0.0
 10
144.4793016814925
 20
70.21693032986232
 30
0.0
 10
144.5461955065839
 20
70.40555876512538
 30
0.0
 10
144.6310755289313
 20
70.63590000237674
 30
0.0
 10
144.7148118733007
 20
70.8549100440622
 30
0.0
 10
144.7971008189315
 20
71.06252772538798
 30
0.0
 10
144.8775078867897
 20
71.25869124562479
 30
0.0
 10
144.9560654052949
 20
71.44340063690062
 30
0.0
 10
145.123964312045
 20
71.8300631827036
 30
0.0
 10
145.2957666543477
 20
72.15456522407601
 30
0.0
 10
145.1603971683734
 20
72.38765585628533
 30
0.0
  0
ARC
  5
4DC
330
1F
100
AcDbEntity
  8
0
  6
Continuous
 62
7
100
AcDbCircle
 10
152.6450242623557
 20
80.41046389880218
 30
0.0
 40
10.97201401854039
100
AcDbArc
 50
226.9262827154761
 51
226.987635352902
  0
SPLINE
  5
4DD
330
1F
100
AcDbEntity
  8
0
  6
Continuous
 62
7
100
AcDbSpline
 70
8
 71
3
 72
16
 73
12
 74
0
 42
1e-08
 40
0.0
 40
0.0
 40
0.0
 40
0.0
 40
0.10590162434455
 40
0.1287386562080258
 40
0.1530335799368679
 40
0.1787863955319534
 40
0.2059971029940211
 40
0.2346657023236946
 40
0.2647921935215068
 40
0.2963765765879194
 40
0.3086458430241795
 40
0.3086458430241795
 40
0.3086458430241795
 40
0.3086458430241795
 10
145.1518105938422
 20
72.39567503439353
 30
0.0
 10
144.9273148632548
 20
72.49866991056342
 30
0.0
 10
144.693910185548
 20
72.23169955399636
 30
0.0
 10
144.4077091875442
 20
71.95552175818173
 30
0.0
 10
144.2706284514357
 20
71.82546840042906
 30
0.0
 10
144.1243833436208
 20
71.69079237637474
 30
0.0
 10
143.9689809382566
 20
71.5514568550161
 30
0.0
 10
143.804377439465
 20
71.4079703078346
 30
0.0
 10
143.6305572413203
 20
71.26069212536734
 30
0.0
 10
143.4876399495006
 20
71.14306356530267
 30
0.0
 10
143.4026889630335
 20
71.07453116295895
 30
0.0
 10
143.378904275155
 20
71.05544989514792
 30
0.0
  0
ARC
  5
4DE
330
1F
100
AcDbEntity
  8
0
  6
Continuous
 62
7
100
AcDbCircle
 10
152.2856432670793
 20
79.50290152932024
 30
0.0
 40
12.27556265846617
100
AcDbArc
 50
221.2881032264651
 51
223.4839923449992
  0
SPLINE
  5
4DF
330
1F
100
AcDbEntity
  8
0
  6
Continuous
 62
7
100
AcDbSpline
 70
8
 71
3
 72
16
 73
12
 74
0
 42
1e-08
 40
0.6913541569758188
 40
0.6913541569758188
 40
0.6913541569758188
 40
0.6913541569758188
 40
0.7036234234120807
 40
0.7352078064784933
 40
0.7653342976763053
 40
0.7940028970059789
 40
0.8212136044680466
 40
0.846966420063132
 40
0.8712613437919742
 40
0.8940983756554498
 40
1.0
 40
1.0
 40
1.0
 40
1.0
 10
143.06177126246
 20
71.40292475007298
 30
0.0
 10
143.0745378793965
 20
71.43407824767048
 30
0.0
 10
143.1204440498927
 20
71.54539109614237
 30
0.0
 10
143.19956339428
 20
71.73292150067354
 30
0.0
 10
143.2992034650625
 20
71.96147702722574
 30
0.0
 10
143.3968133286628
 20
72.1783668554822
 30
0.0
 10
143.4921002243675
 20
72.38356946466045
 30
0.0
 10
143.5846474994377
 20
72.57708088552242
 30
0.0
 10
143.6744857742398
 20
72.75889664810728
 30
0.0
 10
143.8658167544764
 20
73.13902119289104
 30
0.0
 10
144.0556492987407
 20
73.4537324661732
 30
0.0
 10
143.9469247024973
 20
73.7158389200088
 30
0.0
  0
ARC
  5
4E0
330
1F
100
AcDbEntity
  8
0
  6
Continuous
 62
7
100
AcDbCircle
 10
153.4663365430648
 20
81.15007701688243
 30
0.0
 40
12.07837314671735
100
AcDbArc
 50
217.9307102608438
 51
217.9882567071046
  0
SPLINE
  5
4E1
330
1F
100
AcDbEntity
  8
0
  6
Continuous
 62
7
100
AcDbSpline
 70
8
 71
3
 72
16
 73
12
 74
0
 42
1e-08
 40
0.0
 40
0.0
 40
0.0
 40
0.0
 40
0.10590162434455
 40
0.1287386562080258
 40
0.1530335799368679
 40
0.1787863955319534
 40
0.2059971029940211
 40
0.2346657023236946
 40
0.2647921935215068
 40
0.2963765765879194
 40
0.3086458430241798
 40
0.3086458430241798
 40
0.3086458430241798
 40
0.3086458430241798
 10
143.9394627426047
 20
73.72540372700298
 30
0.0
 10
143.7354549677501
 20
73.86416042619962
 30
0.0
 10
143.4920883681521
 20
73.61806958431166
 30
0.0
 10
143.1979497482745
 20
73.36972479241254
 30
0.0
 10
143.0572532527746
 20
73.25309955243006
 30
0.0
 10
142.9074909833216
 20
73.13292682358916
 30
0.0
 10
142.7486665614284
 20
73.00916718430354
 30
0.0
 10
142.5807810063122
 20
72.88235736658032
 30
0.0
 10
142.403849575368
 20
72.75287459743984
 30
0.0
 10
142.2586638319101
 20
72.6500286947016
 30
0.0
 10
142.1724803695819
 20
72.59034363948527
 30
0.0
 10
142.1483595146307
 20
72.57374410582463
 30
0.0
  0
ARC
  5
4E2
330
1F
100
AcDbEntity
  8
0
  6
Continuous
 62
7
100
AcDbCircle
 10
153.4783633333355
 20
80.42407565159105
 30
0.0
 40
13.78392875454251
100
AcDbArc
 50
212.6846954508734
 51
214.7173090602798
  0
SPLINE
  5
4E3
330
1F
100
AcDbEntity
  8
0
  6
Continuous
 62
7
100
AcDbSpline
 70
8
 71
3
 72
16
 73
12
 74
0
 42
1e-08
 40
0.6913541569758183
 40
0.6913541569758183
 40
0.6913541569758183
 40
0.6913541569758183
 40
0.7036234234120807
 40
0.7352078064784933
 40
0.7653342976763053
 40
0.7940028970059789
 40
0.8212136044680466
 40
0.846966420063132
 40
0.8712613437919742
 40
0.8940983756554498
 40
1.0
 40
1.0
 40
1.0
 40
1.0
 10
141.8770499766805
 20
72.98054018039063
 30
0.0
 10
141.8917447939229
 20
73.0112729257608
 30
0.0
 10
141.9445251397152
 20
73.12104194333139
 30
0.0
 10
142.0351312873974
 20
73.30572339627086
 30
0.0
 10
142.1486010941205
 20
73.53035925075343
 30
0.0
 10
142.2591731199548
 20
73.74310382369222
 30
0.0
 10
142.366568297662
 20
73.94397543924988
 30
0.0
 10
142.4703916909725
 20
74.13302799673926
 30
0.0
 10
142.5706719263052
 20
74.31025256584546
 30
0.0
 10
142.783648574217
 20
74.6802899891543
 30
0.0
 10
142.9897389051249
 20
74.98227211998191
 30
0.0
 10
142.9086743308733
 20
75.27094717810509
 30
0.0
  0
ARC
  5
4E4
330
1F
100
AcDbEntity
  8
0
  6
Continuous
 62
7
100
AcDbCircle
 10
154.8914288277748
 20
82.09278595801428
 30
0.0
 40
13.78854197049441
100
AcDbArc
 50
209.6003798820448
 51
209.6530638616217
  0
LINE
  5
4E5
330
1F
100
AcDbEntity
  8
0
  6
Continuous
 62
7
100
AcDbLine
 10
142.9024066559281
 20
75.28196830995942
 30
0.0
 11
142.844577834589
 21
75.31551532846065
 31
0.0
  0
SPLINE
  5
4E6
330
1F
100
AcDbEntity
  8
0
  6
Continuous
 62
7
100
AcDbSpline
 70
8
 71
3
 72
16
 73
12
 74
0
 42
1e-08
 40
0.0208333333333315
 40
0.0208333333333315
 40
0.0208333333333315
 40
0.0208333333333315
 40
0.10590162434455
 40
0.1287386562080258
 40
0.1530335799368679
 40
0.1787863955319534
 40
0.2059971029940211
 40
0.2346657023236946
 40
0.2647921935215068
 40
0.2963765765879194
 40
0.3086458430241812
 40
0.3086458430241812
 40
0.3086458430241812
 40
0.3086458430241812
 10
142.7925169517928
 20
75.34571631402306
 30
0.0
 10
142.6395167285987
 20
75.38407535540382
 30
0.0
 10
142.4289858375956
 20
75.20257379032218
 30
0.0
 10
142.170405380604
 20
75.01408459537012
 30
0.0
 10
142.0274067709826
 20
74.91197637160063
 30
0.0
 10
141.8755256298502
 20
74.80742895836352
 30
0.0
 10
141.7147620922623
 20
74.70040071155775
 30
0.0
 10
141.5451619830153
 20
74.59145161239385
 30
0.0
 10
141.3667712803708
 20
74.48097320230838
 30
0.0
 10
141.2206726454431
 20
74.39387020138012
 30
0.0
 10
141.1340613790207
 20
74.3435897565705
 30
0.0
 10
141.1098295669205
 20
74.32962694243353
 30
0.0
  0
ARC
  5
4E7
330
1F
100
AcDbEntity
  8
0
  6
Continuous
 62
7
100
AcDbCircle
 10
155.3564389126967
 20
81.4849581666328
 30
0.0
 40
15.94254191712034
100
AcDbArc
 50
204.8232798028982
 51
206.6679997823992
  0
SPLINE
  5
4E8
330
1F
100
AcDbEntity
  8
0
  6
Continuous
 62
7
100
AcDbSpline
 70
8
 71
3
 72
16
 73
12
 74
0
 42
1e-08
 40
0.691354156975819
 40
0.691354156975819
 40
0.691354156975819
 40
0.691354156975819
 40
0.7036234234120807
 40
0.7352078064784933
 40
0.7653342976763053
 40
0.7940028970059789
 40
0.8212136044680466
 40
0.846966420063132
 40
0.8712613437919742
 40
0.8940983756554498
 40
1.0
 40
1.0
 40
1.0
 40
1.0
 10
140.8868766477706
 20
74.79194609129746
 30
0.0
 10
140.9033624637695
 20
74.82197114107727
 30
0.0
 10
140.9625241889902
 20
74.92917144400516
 30
0.0
 10
141.0637711747788
 20
75.10927962438655
 30
0.0
 10
141.19001128043
 20
75.327898442351
 30
0.0
 10
141.3125130872851
 20
75.53451142121548
 30
0.0
 10
141.4310138271565
 20
75.72917655899998
 30
0.0
 10
141.5451439676576
 20
75.91200512032492
 30
0.0
 10
141.6549298739828
 20
76.08298379790126
 30
0.0
 10
141.8875636839918
 20
76.4394791600149
 30
0.0
 10
142.1079875916514
 20
76.7259126225971
 30
0.0
 10
142.0553399174797
 20
77.03846100376937
 30
0.0
  0
ARC
  5
4E9
330
1F
100
AcDbEntity
  8
0
  6
Continuous
 62
7
100
AcDbCircle
 10
156.978170380224
 20
83.09324017358988
 30
0.0
 40
16.10438511136339
100
AcDbArc
 50
202.0368255144711
 51
202.0843292802565
  0
SPLINE
  5
4EA
330
1F
100
AcDbEntity
  8
0
  6
Continuous
 62
7
100
AcDbSpline
 70
8
 71
3
 72
16
 73
12
 74
0
 42
1e-08
 40
0.0
 40
0.0
 40
0.0
 40
0.0
 40
0.10590162434455
 40
0.1287386562080258
 40
0.1530335799368679
 40
0.1787863955319534
 40
0.2059971029940211
 40
0.2346657023236946
 40
0.2647921935215068
 40
0.2963765765879194
 40
0.3086458430241799
 40
0.3086458430241799
 40
0.3086458430241799
 40
0.3086458430241799
 10
142.0503250470743
 20
77.05083555914521
 30
0.0
 10
141.8927984057602
 20
77.25690750019696
 30
0.0
 10
141.6363965038961
 20
77.05925234006445
 30
0.0
 10
141.334669989437
 20
76.87324822262286
 30
0.0
 10
141.1907044051832
 20
76.78661037204013
 30
0.0
 10
141.038122465664
 20
76.69866440543547
 30
0.0
 10
140.8769208182165
 20
76.60936684501276
 30
0.0
 10
140.7071896653625
 20
76.51929569279234
 30
0.0
 10
140.5290052769435
 20
76.42885314891005
 30
0.0
 10
140.3833578341363
 20
76.35830630704285
 30
0.0
 10
140.2971274296781
 20
76.31789992760577
 30
0.0
 10
140.2730109063296
 20
76.306704200026
 30
0.0
  0
ARC
  5
4EB
330
1F
100
AcDbEntity
  8
0
  6
Continuous
 62
7
100
AcDbCircle
 10
157.9528174335732
 20
82.53182738566504
 30
0.0
 40
18.7437380881489
100
AcDbArc
 50
197.7413373405118
 51
199.3973488093367
  0
SPLINE
  5
4EC
330
1F
100
AcDbEntity
  8
0
  6
Continuous
 62
7
100
AcDbSpline
 70
8
 71
3
 72
16
 73
12
 74
0
 42
1e-08
 40
0.6913541569758208
 40
0.6913541569758208
 40
0.6913541569758208
 40
0.6913541569758208
 40
0.7036234234120807
 40
0.7352078064784933
 40
0.7653342976763053
 40
0.7940028970059789
 40
0.8212136044680466
 40
0.846966420063132
 40
0.8712613437919742
 40
0.8940983756554498
 40
1.0
 40
1.0
 40
1.0
 40
1.0
 10
140.1004962573147
 20
76.82022987386003
 30
0.0
 10
140.118619148448
 20
76.84926689224947
 30
0.0
 10
140.183609876009
 20
76.95289758018978
 30
0.0
 10
140.2945523840772
 20
77.12675086646036
 30
0.0
 10
140.4323841188036
 20
77.33731146290697
 30
0.0
 10
140.5656719403152
 20
77.53586375798236
 30
0.0
 10
140.6941718328708
 20
77.72250488205185
 30
0.0
 10
140.8175431181914
 20
77.89740242619573
 30
0.0
 10
140.9358096540818
 20
78.06053883039739
 30
0.0
 10
141.1859285869836
 20
78.40016363017219
 30
0.0
 10
141.4186280327592
 20
78.6683740724441
 30
0.0
 10
141.394888815816
 20
79.00187759664205
 30
0.0
  0
ARC
  5
4ED
330
1F
100
AcDbEntity
  8
0
  6
Continuous
 62
7
100
AcDbCircle
 10
159.7290992990905
 20
84.01314667965342
 30
0.0
 40
19.00673806489054
100
AcDbArc
 50
195.2446610296989
 51
195.2871966146641
  0
SPLINE
  5
4EE
330
1F
100
AcDbEntity
  8
0
  6
Continuous
 62
7
100
AcDbSpline
 70
8
 71
3
 72
16
 73
12
 74
0
 42
1e-08
 40
0.0
 40
0.0
 40
0.0
 40
0.0
 40
0.10590162434455
 40
0.1287386562080258
 40
0.1530335799368679
 40
0.1787863955319534
 40
0.2059971029940211
 40
0.2346657023236946
 40
0.2647921935215068
 40
0.2963765765879194
 40
0.308645843024179
 40
0.308645843024179
 40
0.308645843024179
 40
0.308645843024179
 10
141.3911735724442
 20
79.01549003765
 30
0.0
 10
141.2592061271175
 20
79.25248689325403
 30
0.0
 10
140.9998525519837
 20
79.08193566928756
 30
0.0
 10
140.6985466109441
 20
78.92985716430742
 30
0.0
 10
140.5549582199288
 20
78.85949860117901
 30
0.0
 10
140.403100098481
 20
78.78897520900125
 30
0.0
 10
140.2429654375227
 20
78.71824208222334
 30
0.0
 10
140.0746879751044
 20
78.64788984702633
 30
0.0
 10
139.8983735605364
 20
78.57832760701109
 30
0.0
 10
139.7545371807805
 20
78.52499560105962
 30
0.0
 10
139.6694927483396
 20
78.49484055047297
 30
0.0
 10
139.6457166832234
 20
78.4865164409423
 30
0.0
  0
ARC
  5
4EF
330
1F
100
AcDbEntity
  8
0
  6
Continuous
 62
7
100
AcDbCircle
 10
161.2394920021367
 20
83.42515528949146
 30
0.0
 40
22.15132696251142
100
AcDbArc
 50
191.400867915139
 51
192.8823613456196
  0
SPLINE
  5
4F0
330
1F
100
AcDbEntity
  8
0
  6
Continuous
 62
7
100
AcDbSpline
 70
8
 71
3
 72
16
 73
12
 74
0
 42
1e-08
 40
0.6913541569758204
 40
0.6913541569758204
 40
0.6913541569758204
 40
0.6913541569758204
 40
0.7036234234120807
 40
0.7352078064784933
 40
0.7653342976763053
 40
0.7940028970059789
 40
0.8212136044680466
 40
0.846966420063132
 40
0.8712613437919742
 40
0.8940983756554498
 40
1.0
 40
1.0
 40
1.0
 40
1.0
 10
139.5252510271398
 20
79.04645398889177
 30
0.0
 10
139.544841784856
 20
79.07423186507377
 30
0.0
 10
139.6150547138447
 20
79.17332536621493
 30
0.0
 10
139.7346569038866
 20
79.339300537083
 30
0.0
 10
139.8827933699177
 20
79.53983696445525
 30
0.0
 10
140.0256227336088
 20
79.72847474645938
 30
0.0
 10
140.1629220099743
 20
79.90534923892615
 30
0.0
 10
140.294382555664
 20
80.07068279464283
 30
0.0
 10
140.4200254983392
 20
80.22445376481853
 30
0.0
 10
140.6852942610481
 20
80.54403701700588
 30
0.0
 10
140.9280965929119
 20
80.79152023033338
 30
0.0
 10
140.9334874798697
 20
81.1428650650092
 30
0.0
  0
ARC
  5
4F1
330
1F
100
AcDbEntity
  8
0
  6
Continuous
 62
7
100
AcDbCircle
 10
163.0895587858445
 20
84.73332930415837
 30
0.0
 40
22.44510924829836
100
AcDbArc
 50
189.1668759825615
 51
189.2049483297549
  0
SPLINE
  5
4F2
330
1F
100
AcDbEntity
  8
0
  6
Continuous
 62
7
100
AcDbSpline
 70
8
 71
3
 72
16
 73
12
 74
0
 42
1e-08
 40
0.0
 40
0.0
 40
0.0
 40
0.0
 40
0.10590162434455
 40
0.1287386562080258
 40
0.1530335799368679
 40
0.1787863955319534
 40
0.2059971029940211
 40
0.2346657023236946
 40
0.2647921935215068
 40
0.2963765765879194
 40
0.308645843024181
 40
0.308645843024181
 40
0.308645843024181
 40
0.308645843024181
 10
140.9311065517577
 20
81.15758829595524
 30
0.0
 10
140.8259304468989
 20
81.42329729032612
 30
0.0
 10
140.5660467129473
 20
81.28144239335133
 30
0.0
 10
140.2679745577163
 20
81.16470941685832
 30
0.0
 10
140.1261040060585
 20
81.1112870601311
 30
0.0
 10
139.9763875610462
 20
81.05884470029147
 30
0.0
 10
139.8188150207606
 20
81.00733642330512
 30
0.0
 10
139.6535624101046
 20
80.95735996499621
 30
0.0
 10
139.4807641695711
 20
80.90932751274045
 30
0.0
 10
139.3400818143898
 20
80.87370828927475
 30
0.0
 10
139.2570173909178
 20
80.85408611712106
 30
0.0
 10
139.2338037747478
 20
80.84871134560733
 30
0.0
  0
ARC
  5
4F3
330
1F
100
AcDbEntity
  8
0
  6
Continuous
 62
7
100
AcDbCircle
 10
165.1280773218911
 20
84.05174577916408
 30
0.0
 40
26.09162379225963
100
AcDbArc
 50
185.7231712573934
 51
187.0514760079351
  0
SPLINE
  5
4F4
330
1F
100
AcDbEntity
  8
0
  6
Continuous
 62
7
100
AcDbSpline
 70
8
 71
3
 72
16
 73
12
 74
0
 42
1e-08
 40
0.6913541569758197
 40
0.6913541569758197
 40
0.6913541569758197
 40
0.6913541569758197
 40
0.7036234234120807
 40
0.7352078064784933
 40
0.7653342976763053
 40
0.7940028970059789
 40
0.8212136044680466
 40
0.846966420063132
 40
0.8712613437919742
 40
0.8940983756554498
 40
1.0
 40
1.0
 40
1.0
 40
1.0
 10
139.1665118669686
 20
81.44983278165401
 30
0.0
 10
139.1873875776414
 20
81.47609216108297
 30
0.0
 10
139.2621671488577
 20
81.56972326610413
 30
0.0
 10
139.3893123274499
 20
81.72627065611891
 30
0.0
 10
139.5463704145156
 20
81.91491055982593
 30
0.0
 10
139.6974077611007
 20
82.09187256861397
 30
0.0
 10
139.842224494926
 20
82.25732899999805
 30
0.0
 10
139.9805468892896
 20
82.41155489242458
 30
0.0
 10
140.1123931444465
 20
82.55452471045702
 30
0.0
 10
140.3903349939981
 20
82.85108255233831
 30
0.0
 10
140.6409732319969
 20
83.07552785263924
 30
0.0
 10
140.6754438895966
 20
83.44143358573628
 30
0.0
  0
ARC
  5
4F5
330
1F
100
AcDbEntity
  8
0
  6
Continuous
 62
7
100
AcDbCircle
 10
166.9506272046195
 20
85.16407669049524
 30
0.0
 40
26.33159238451848
100
AcDbArc
 50
183.7168075322425
 51
183.7510348383338
  0
SPLINE
  5
4F6
330
1F
100
AcDbEntity
  8
0
  6
Continuous
 62
7
100
AcDbSpline
 70
8
 71
3
 72
16
 73
12
 74
0
 42
1e-08
 40
0.0
 40
0.0
 40
0.0
 40
0.0
 40
0.10590162434455
 40
0.1287386562080258
 40
0.1530335799368679
 40
0.1787863955319534
 40
0.2059971029940211
 40
0.2346657023236946
 40
0.2647921935215068
 40
0.2963765765879194
 40
0.3086458430241822
 40
0.3086458430241822
 40
0.3086458430241822
 40
0.3086458430241822
 10
140.6744195068288
 20
83.45713013978
 30
0.0
 10
140.5970167433907
 20
83.7490704196287
 30
0.0
 10
140.3390293150235
 20
83.63723631059793
 30
0.0
 10
140.0469739650032
 20
83.55693876694154
 30
0.0
 10
139.9081458598188
 20
83.5209514067664
 30
0.0
 10
139.7619689533503
 20
83.48707971944896
 30
0.0
 10
139.6084297460904
 20
83.4552772111582
 30
0.0
 10
139.4477449062975
 20
83.42614314646318
 30
0.0
 10
139.2800762104124
 20
83.400088948032
 30
0.0
 10
139.1438613930512
 20
83.38251507414454
 30
0.0
 10
139.0635525286896
 20
83.37360898735825
 30
0.0
 10
139.0411181007454
 20
83.37123373665496
 30
0.0
  0
ARC
  5
4F7
330
1F
100
AcDbEntity
  8
0
  6
Continuous
 62
7
100
AcDbCircle
 10
169.4754532298455
 20
84.33454785262298
 30
0.0
 40
30.44957682524294
100
AcDbArc
 50
180.6146023319143
 51
181.8129330512371
  0
SPLINE
  5
4F8
330
1F
100
AcDbEntity
  8
0
  6
Continuous
 62
7
100
AcDbSpline
 70
8
 71
3
 72
16
 73
12
 74
0
 42
1e-08
 40
0.6913541569758195
 40
0.6913541569758195
 40
0.6913541569758195
 40
0.6913541569758195
 40
0.7036234234120807
 40
0.7352078064784933
 40
0.7653342976763053
 40
0.7940028970059789
 40
0.8212136044680466
 40
0.846966420063132
 40
0.8712613437919742
 40
0.8940983756554498
 40
1.0
 40
1.0
 40
1.0
 40
1.0
 10
139.0276282276828
 20
84.00792655191378
 30
0.0
 10
139.0495939804262
 20
84.0324222578392
 30
0.0
 10
139.128241997162
 20
84.11971675834033
 30
0.0
 10
139.2617430440293
 20
84.26537472670061
 30
0.0
 10
139.4262563430877
 20
84.44035682678778
 30
0.0
 10
139.5840914775564
 20
84.60399081576342
 30
0.0
 10
139.7350735540166
 20
84.75648436394482
 30
0.0
 10
139.8789663181269
 20
84.89816262747745
 30
0.0
 10
140.0157848728052
 20
85.02899642269684
 30
0.0
 10
140.3038047410374
 20
85.29975997360555
 30
0.0
 10
140.5599387434739
 20
85.49907177558453
 30
0.0
 10
140.6231673284731
 20
85.87612204386075
 30
0.0
  0
LWPOLYLINE
  5
4F9
330
1F
100
AcDbEntity
  8
0
  6
Continuous
 62
7
100
AcDbPolyline
 90
9
 70
128
 10
140.6231673284731
 20
85.87612204386075
 10
140.6232095495103
 20
85.8781871872962
 10
140.623251911929
 20
85.88025240844247
 10
140.6232944157288
 20
85.8823177072863
 10
140.6233370609095
 20
85.8843830838145
 10
140.6233798474708
 20
85.8864485380138
 10
140.6234227754124
 20
85.88851406987101
 10
140.623465844734
 20
85.8905796793729
 10
140.6235090554354
 20
85.89264536650629
  0
SPLINE
  5
4FA
330
1F
100
AcDbEntity
  8
0
  6
Continuous
 62
7
100
AcDbSpline
 70
8
 71
3
 72
16
 73
12
 74
0
 42
1e-08
 40
0.0
 40
0.0
 40
0.0
 40
0.0
 40
0.10590162434455
 40
0.1287386562080258
 40
0.1530335799368679
 40
0.1787863955319534
 40
0.2059971029940211
 40
0.2346657023236946
 40
0.2647921935215068
 40
0.2963765765879194
 40
0.3086458430241803
 40
0.3086458430241803
 40
0.3086458430241803
 40
0.3086458430241803
 10
140.6235090554354
 20
85.89264536650629
 30
0.0
 10
140.5746023221651
 20
86.20809116409878
 30
0.0
 10
140.32091995849
 20
86.12732200795602
 30
0.0
 10
140.0376082557937
 20
86.08420961366642
 30
0.0
 10
139.9031187976956
 20
86.06599325432906
 30
0.0
 10
139.7618462441612
 20
86.051008490352
 30
0.0
 10
139.6137739241363
 20
86.03920868220808
 30
0.0
 10
139.4591571262616
 20
86.03118902803926
 30
0.0
 10
139.2981834524625
 20
86.0273563444635
 30
0.0
 10
139.16770797397
 20
86.02799190267969
 30
0.0
 10
139.0909044909472
 20
86.02988505499357
 30
0.0
 10
139.069458715438
 20
86.03053150217656
 30
0.0
  0
ARC
  5
4FB
330
1F
100
AcDbEntity
  8
0
  6
Continuous
 62
7
100
AcDbCircle
 10
174.0940207870003
 20
84.23932086103127
 30
0.0
 40
35.07033481256833
100
AcDbArc
 50
175.9817435168871
 51
177.0723552207702
  0
SPLINE
  5
4FC
330
1F
100
AcDbEntity
  8
0
  6
Continuous
 62
7
100
AcDbSpline
 70
8
 71
3
 72
16
 73
12
 74
0
 42
1e-08
 40
0.6913541569758205
 40
0.6913541569758205
 40
0.6913541569758205
 40
0.6913541569758205
 40
0.7036234234120807
 40
0.7352078064784933
 40
0.7653342976763053
 40
0.7940028970059789
 40
0.8212136044680466
 40
0.846966420063132
 40
0.8712613437919742
 40
0.8940983756554498
 40
1.0
 40
1.0
 40
1.0
 40
1.0
 10
139.1098968284021
 20
86.69685106737897
 30
0.0
 10
139.1327475349011
 20
86.71935438999462
 30
0.0
 10
139.2145296818147
 20
86.79949724074473
 30
0.0
 10
139.3531401336524
 20
86.9329058182453
 30
0.0
 10
139.5235726283559
 20
87.09259635399049
 30
0.0
 10
139.6867318865842
 20
87.24137451668744
 30
0.0
 10
139.842469626711
 20
87.37948139049394
 30
0.0
 10
139.9905892725995
 20
87.5072892133592
 30
0.0
 10
140.1311026888178
 20
87.6247654258708
 30
0.0
 10
140.4265114118237
 20
87.86720663948537
 30
0.0
 10
140.6857497245287
 20
88.03952402254893
 30
0.0
 10
140.7771458886652
 20
88.42419840924009
 30
0.0
  0
LWPOLYLINE
  5
4FD
330
1F
100
AcDbEntity
  8
0
  6
Continuous
 62
7
100
AcDbPolyline
 90
9
 70
128
 10
140.7771458886652
 20
88.42419840924009
 10
140.7773584780527
 20
88.42634767160735
 10
140.7775712078352
 20
88.42849699537703
 10
140.777784078011
 20
88.43064638053538
 10
140.777997088579
 20
88.43279582706867
 10
140.7782102395378
 20
88.4349453349631
 10
140.778423530886
 20
88.43709490420497
 10
140.7786369626222
 20
88.43924453478047
 10
140.778850534745
 20
88.44139422667585
  0
SPLINE
  5
4FE
330
1F
100
AcDbEntity
  8
0
  6
Continuous
 62
7
100
AcDbSpline
 70
8
 71
3
 72
16
 73
12
 74
0
 42
1e-08
 40
0.0
 40
0.0
 40
0.0
 40
0.0
 40
0.10590162434455
 40
0.1287386562080258
 40
0.1530335799368679
 40
0.1787863955319534
 40
0.2059971029940211
 40
0.2346657023236946
 40
0.2647921935215068
 40
0.2963765765879194
 40
0.3086458430241808
 40
0.3086458430241808
 40
0.3086458430241808
 40
0.3086458430241808
 10
140.778850534745
 20
88.44139422667585
 30
0.0
 10
140.758896460634
 20
88.77740030959232
 30
0.0
 10
140.5118877255297
 20
88.72845022618642
 30
0.0
 10
140.2399648751911
 20
88.72292551007305
 30
0.0
 10
140.1110697560134
 20
88.72265023281247
 30
0.0
 10
139.9760205791818
 20
88.72669230087966
 30
0.0
 10
139.834797657748
 20
88.73500536451192
 30
0.0
 10
139.687692517174
 20
88.7481749982195
 30
0.0
 10
139.5349168332812
 20
88.766599614233
 30
0.0
 10
139.4113989080454
 20
88.78543867051705
 30
0.0
 10
139.3388178997889
 20
88.79811338607799
 30
0.0
 10
139.3185610101422
 20
88.80177549544409
 30
0.0
  0
ARC
  5
4FF
330
1F
100
AcDbEntity
  8
0
  6
Continuous
 62
7
100
AcDbCircle
 10
178.7657302898594
 20
83.77759308512906
 30
0.0
 40
39.76583424341487
100
AcDbArc
 50
171.738638523654
 51
172.7416118941519
  0
SPLINE
  5
500
330
1F
100
AcDbEntity
  8
0
  6
Continuous
 62
7
100
AcDbSpline
 70
8
 71
3
 72
16
 73
12
 74
0
 42
1e-08
 40
0.6913541569758185
 40
0.6913541569758185
 40
0.6913541569758185
 40
0.6913541569758185
 40
0.7036234234120807
 40
0.7352078064784933
 40
0.7653342976763053
 40
0.7940028970059789
 40
0.8212136044680466
 40
0.846966420063132
 40
0.8712613437919742
 40
0.8940983756554498
 40
1.0
 40
1.0
 40
1.0
 40
1.0
 10
139.4125495493678
 20
89.4915005643398
 30
0.0
 10
139.4360718587326
 20
89.51180139618562
 30
0.0
 10
139.5202245579532
 20
89.58404432498055
 30
0.0
 10
139.6626502463191
 20
89.70395791167832
 30
0.0
 10
139.8374106543851
 20
89.84686589557552
 30
0.0
 10
140.0043706623397
 20
89.9793991303748
 30
0.0
 10
140.163409984815
 20
90.10182986313649
 30
0.0
 10
140.3143735592565
 20
90.21457393812827
 30
0.0
 10
140.4572699011069
 20
90.3175957241881
 30
0.0
 10
140.7573093272333
 20
90.5294509922192
 30
0.0
 10
141.017231511929
 20
90.67316507539007
 30
0.0
 10
141.1359419138437
 20
91.0618719793925
 30
0.0
  0
LWPOLYLINE
  5
501
330
1F
100
AcDbEntity
  8
0
  6
Continuous
 62
7
100
AcDbPolyline
 90
9
 70
128
 10
141.1359419138437
 20
91.0618719793925
 10
141.1363228866917
 20
91.06408529360787
 10
141.1367039976372
 20
91.06629865234405
 10
141.1370852466777
 20
91.06851205558684
 10
141.1374666338107
 20
91.07072550332207
 10
141.1378481590339
 20
91.0729389955356
 10
141.1382298223448
 20
91.07515253221327
 10
141.138611623741
 20
91.07736611334089
 10
141.1389935632199
 20
91.07957973890426
  0
SPLINE
  5
502
330
1F
100
AcDbEntity
  8
0
  6
Continuous
 62
7
100
AcDbSpline
 70
8
 71
3
 72
16
 73
12
 74
0
 42
1e-08
 40
0.0
 40
0.0
 40
0.0
 40
0.0
 40
0.10590162434455
 40
0.1287386562080258
 40
0.1530335799368679
 40
0.1787863955319534
 40
0.2059971029940211
 40
0.2346657023236946
 40
0.2647921935215068
 40
0.2963765765879194
 40
0.3086458430241816
 40
0.3086458430241816
 40
0.3086458430241816
 40
0.3086458430241816
 10
141.1389935632199
 20
91.07957973890426
 30
0.0
 10
141.1481784540817
 20
91.43300890888038
 30
0.0
 10
140.9101496015549
 20
91.41633493195123
 30
0.0
 10
140.6521544739621
 20
91.44844947679988
 30
0.0
 10
140.5300571527038
 20
91.46611785180566
 30
0.0
 10
140.4024922703519
 20
91.48914901221663
 30
0.0
 10
140.2694373078762
 20
91.5174973307898
 30
0.0
 10
140.1312173056651
 20
91.55173329105217
 30
0.0
 10
139.988066037076
 20
91.59224318097954
 30
0.0
 10
139.8726589186847
 20
91.62910984013882
 30
0.0
 10
139.8049780545127
 20
91.65244777854264
 30
0.0
 10
139.7860991838494
 20
91.65909135796338
 30
0.0
  0
ARC
  5
503
330
1F
100
AcDbEntity
  8
0
  6
Continuous
 62
7
100
AcDbCircle
 10
183.2587250368645
 20
83.00566563910527
 30
0.0
 40
44.32551156194367
100
AcDbArc
 50
167.8092085329963
 51
168.7421615966236
  0
SPLINE
  5
504
330
1F
100
AcDbEntity
  8
0
  6
Continuous
 62
7
100
AcDbSpline
 70
8
 71
3
 72
16
 73
12
 74
0
 42
1e-08
 40
0.6913541569758221
 40
0.6913541569758221
 40
0.6913541569758221
 40
0.6913541569758221
 40
0.7036234234120807
 40
0.7352078064784933
 40
0.7653342976763053
 40
0.7940028970059789
 40
0.8212136044680466
 40
0.846966420063132
 40
0.8712613437919742
 40
0.8940983756554498
 40
1.0
 40
1.0
 40
1.0
 40
1.0
 10
139.9327606036694
 20
92.3657821534204
 30
0.0
 10
139.9567348944352
 20
92.38369095109918
 30
0.0
 10
140.042472434884
 20
92.44735944517763
 30
0.0
 10
140.1873835695002
 20
92.5526584402225
 30
0.0
 10
140.3648402000854
 20
92.6774495789305
 30
0.0
 10
140.5340420971568
 20
92.79250045872791
 30
0.0
 10
140.6948980946775
 20
92.89811194768022
 30
0.0
 10
140.8472960914524
 20
92.99473961374748
 30
0.0
 10
140.9912411742924
 20
93.08234508669682
 30
0.0
 10
141.2931099162587
 20
93.26163637358815
 30
0.0
 10
141.5512891495388
 20
93.37540533719343
 30
0.0
 10
141.6962054221939
 20
93.7645155068758
 30
0.0
  0
LWPOLYLINE
  5
505
330
1F
100
AcDbEntity
  8
0
  6
Continuous
 62
7
100
AcDbPolyline
 90
9
 70
128
 10
141.6962054221939
 20
93.7645155068758
 10
141.6967512214615
 20
93.76677220782084
 10
141.6972971552398
 20
93.76902893598931
 10
141.6978432235253
 20
93.77128569136683
 10
141.6983894263145
 20
93.7735424739389
 10
141.6989357636039
 20
93.77579928369111
 10
141.69948223539
 20
93.77805612060901
 10
141.7000288416693
 20
93.78031298467815
 10
141.7005755824384
 20
93.78256987588406
  0
SPLINE
  5
506
330
1F
100
AcDbEntity
  8
0
  6
Continuous
 62
7
100
AcDbSpline
 70
8
 71
3
 72
16
 73
12
 74
0
 42
1e-08
 40
0.0
 40
0.0
 40
0.0
 40
0.0
 40
0.10590162434455
 40
0.1287386562080258
 40
0.1530335799368679
 40
0.1787863955319534
 40
0.2059971029940211
 40
0.2346657023236946
 40
0.2647921935215068
 40
0.2963765765879194
 40
0.3086458430241793
 40
0.3086458430241793
 40
0.3086458430241793
 40
0.3086458430241793
 10
141.7005755824384
 20
93.78256987588406
 30
0.0
 10
141.7388136814217
 20
94.15012225998609
 30
0.0
 10
141.5119871227352
 20
94.16588006996368
 30
0.0
 10
141.2703285488816
 20
94.23533403092193
 30
0.0
 10
141.1561690153337
 20
94.27078109333718
 30
0.0
 10
141.0372794663977
 20
94.31258631035259
 30
0.0
 10
140.9136347612151
 20
94.3607052032541
 30
0.0
 10
140.7855904202861
 20
94.41568783813472
 30
0.0
 10
140.6534001318255
 20
94.47790477204843
 30
0.0
 10
140.5471813454485
 20
94.53245482001957
 30
0.0
 10
140.4850325433541
 20
94.56623808122347
 30
0.0
 10
140.4677079586028
 20
94.57580110138782
 30
0.0
  0
ARC
  5
507
330
1F
100
AcDbEntity
  8
0
  6
Continuous
 62
7
100
AcDbCircle
 10
187.3452255727025
 20
82.01974519640994
 30
0.0
 40
48.52995155106921
100
AcDbArc
 50
164.1271443873608
 51
165.0054021611842
  0
SPLINE
  5
508
330
1F
100
AcDbEntity
  8
0
  6
Continuous
 62
7
100
AcDbSpline
 70
8
 71
3
 72
16
 73
12
 74
0
 42
1e-08
 40
0.6913541569758206
 40
0.6913541569758206
 40
0.6913541569758206
 40
0.6913541569758206
 40
0.7036234234120807
 40
0.7352078064784933
 40
0.7653342976763053
 40
0.7940028970059789
 40
0.8212136044680466
 40
0.846966420063132
 40
0.8712613437919742
 40
0.8940983756554498
 40
1.0
 40
1.0
 40
1.0
 40
1.0
 10
140.6656729208563
 20
95.29285944185644
 30
0.0
 10
140.6898753515297
 20
95.30820899574952
 30
0.0
 10
140.7763972248921
 20
95.36270859953679
 30
0.0
 10
140.9224408095391
 20
95.45240985458334
 30
0.0
 10
141.1009367978966
 20
95.55791900686319
 30
0.0
 10
141.270800791561
 20
95.65441333259281
 30
0.0
 10
141.4319715950184
 20
95.7422195117188
 30
0.0
 10
141.5843811150922
 20
95.82182858237842
 30
0.0
 10
141.7280309624672
 20
95.89319979352032
 30
0.0
 10
142.0289105531638
 20
96.03825310483359
 30
0.0
 10
142.2829362850898
 20
96.12101471871344
 30
0.0
 10
142.4527053842929
 20
96.50689513726147
 30
0.0
  0
LWPOLYLINE
  5
509
330
1F
100
AcDbEntity
  8
0
  6
Continuous
 62
7
100
AcDbPolyline
 90
9
 70
128
 10
142.4527053842929
 20
96.50689513726147
 10
142.4534109139995
 20
96.50917415472745
 10
142.454116573374
 20
96.51145318186539
 10
142.454822362412
 20
96.5137322186607
 10
142.4555282811091
 20
96.51601126509881
 10
142.4562343294607
 20
96.5182903211651
 10
142.4569405074622
 20
96.52056938684503
 10
142.4576468151092
 20
96.52284846212396
 10
142.458353252397
 20
96.52512754698733
  0
SPLINE
  5
50A
330
1F
100
AcDbEntity
  8
0
  6
Continuous
 62
7
100
AcDbSpline
 70
8
 71
3
 72
16
 73
12
 74
0
 42
1e-08
 40
0.0
 40
0.0
 40
0.0
 40
0.0
 40
0.10590162434455
 40
0.1287386562080258
 40
0.1530335799368679
 40
0.1787863955319534
 40
0.2059971029940211
 40
0.2346657023236946
 40
0.2647921935215068
 40
0.2963765765879194
 40
0.3086458430241792
 40
0.3086458430241792
 40
0.3086458430241792
 40
0.3086458430241792
 10
142.458353252397
 20
96.52512754698733
 30
0.0
 10
142.5252875406745
 20
96.90337140763646
 30
0.0
 10
142.3117810942916
 20
96.95141387809475
 30
0.0
 10
142.0887153751698
 20
97.05755878224247
 30
0.0
 10
141.9835595061386
 20
97.11045357239607
 30
0.0
 10
141.8744553303037
 20
97.17064252196843
 30
0.0
 10
141.7613753197123
 20
97.23808271606023
 30
0.0
 10
141.6447021555771
 20
97.31329866751148
 30
0.0
 10
141.5247070723515
 20
97.39664174266305
 30
0.0
 10
141.428668354178
 20
97.46836586034583
 30
0.0
 10
141.3726318807814
 20
97.51227901914234
 30
0.0
 10
141.3570233369221
 20
97.52467219270767
 30
0.0
  0
ARC
  5
50B
330
1F
100
AcDbEntity
  8
0
  6
Continuous
 62
7
100
AcDbCircle
 10
190.8191747245265
 20
80.94761354162749
 30
0.0
 40
52.16611250046924
100
AcDbArc
 50
160.6346565794097
 51
161.4716125840909
  0
SPLINE
  5
50C
330
1F
100
AcDbEntity
  8
0
  6
Continuous
 62
7
100
AcDbSpline
 70
8
 71
3
 72
16
 73
12
 74
0
 42
1e-08
 40
0.6913541569758191
 40
0.6913541569758191
 40
0.6913541569758191
 40
0.6913541569758191
 40
0.7036234234120807
 40
0.7352078064784933
 40
0.7653342976763053
 40
0.7940028970059789
 40
0.8212136044680466
 40
0.846966420063132
 40
0.8712613437919742
 40
0.8940983756554498
 40
1.0
 40
1.0
 40
1.0
 40
1.0
 10
141.6044434960952
 20
98.24540309766368
 30
0.0
 10
141.6286480951021
 20
98.25805009312212
 30
0.0
 10
141.7151464699586
 20
98.30287195850175
 30
0.0
 10
141.8609589350356
 20
98.37613795710025
 30
0.0
 10
142.0388277122154
 20
98.46138001242501
 30
0.0
 10
142.2077678281312
 20
98.5384168425665
 30
0.0
 10
142.3677486291586
 20
98.60759788922978
 30
0.0
 10
142.5187466659069
 20
98.6694450760385
 30
0.0
 10
142.6607600578962
 20
98.72391565160446
 30
0.0
 10
142.9578412656525
 20
98.8333766636544
 30
0.0
 10
143.2053417264089
 20
98.88435820491894
 30
0.0
 10
143.3983785638226
 20
99.26340601083444
 30
0.0
  0
LWPOLYLINE
  5
50D
330
1F
100
AcDbEntity
  8
0
  6
Continuous
 62
7
100
AcDbPolyline
 90
9
 70
128
 10
143.3983785638226
 20
99.26340601083444
 10
143.3992372366272
 20
99.26568606624934
 10
143.4000960330466
 20
99.26796611369441
 10
143.4009549530751
 20
99.27024615315501
 10
143.4018139967074
 20
99.27252618461661
 10
143.4026731639378
 20
99.27480620806456
 10
143.403532454761
 20
99.27708622348429
 10
143.4043918691715
 20
99.27936623086121
 10
143.4052514071635
 20
99.28164623018073
  0
SPLINE
  5
50E
330
1F
100
AcDbEntity
  8
0
  6
Continuous
 62
7
100
AcDbSpline
 70
8
 71
3
 72
16
 73
12
 74
0
 42
1e-08
 40
0.0
 40
0.0
 40
0.0
 40
0.0
 40
0.10590162434455
 40
0.1287386562080258
 40
0.1530335799368679
 40
0.1787863955319534
 40
0.2059971029940211
 40
0.2346657023236946
 40
0.2647921935215068
 40
0.2963765765879194
 40
0.3086458430241806
 40
0.3086458430241806
 40
0.3086458430241806
 40
0.3086458430241806
 10
143.4052514071635
 20
99.28164623018073
 30
0.0
 10
143.5002569373199
 20
99.66705000636233
 30
0.0
 10
143.3020640554043
 20
99.74692857769902
 30
0.0
 10
143.099673895532
 20
99.88877337866533
 30
0.0
 10
143.0045035030339
 20
99.95862203215339
 30
0.0
 10
142.9062033765934
 20
100.0366327462775
 30
0.0
 10
142.8047438581843
 20
100.1227645706382
 30
0.0
 10
142.7005312167406
 20
100.2175115675871
 30
0.0
 10
142.5938517005112
 20
100.3212026321394
 30
0.0
 10
142.5088897381766
 20
100.4094311507721
 30
0.0
 10
142.4594887909317
 20
100.4630642018293
 30
0.0
 10
142.4457420207329
 20
100.4781718170731
 30
0.0
  0
ARC
  5
50F
330
1F
100
AcDbEntity
  8
0
  6
Continuous
 62
7
100
AcDbCircle
 10
193.5121827669981
 20
79.93753238005071
 30
0.0
 40
55.04270377600956
100
AcDbArc
 50
157.2808150620294
 51
158.0883504477612
  0
SPLINE
  5
510
330
1F
100
AcDbEntity
  8
0
  6
Continuous
 62
7
100
AcDbSpline
 70
8
 71
3
 72
16
 73
12
 74
0
 42
1e-08
 40
0.6913541569758195
 40
0.6913541569758195
 40
0.6913541569758195
 40
0.6913541569758195
 40
0.7036234234120807
 40
0.7352078064784933
 40
0.7653342976763053
 40
0.7940028970059789
 40
0.8212136044680466
 40
0.846966420063132
 40
0.8712613437919742
 40
0.8940983756554498
 40
1.0
 40
1.0
 40
1.0
 40
1.0
 10
142.7403072814631
 20
101.1958460162474
 30
0.0
 10
142.7642880569841
 20
101.2056723716821
 30
0.0
 10
142.8499553213144
 20
101.2403980089736
 30
0.0
 10
142.9941752551222
 20
101.2965446862357
 30
0.0
 10
143.1697561082756
 20
101.3607237625019
 30
0.0
 10
143.3361949980991
 20
101.4175838249287
 30
0.0
 10
143.4934920990617
 20
101.4674938143364
 30
0.0
 10
143.6416688244997
 20
101.5110016667748
 30
0.0
 10
143.7807198203257
 20
101.5480630296771
 30
0.0
 10
144.0712288779489
 20
101.6209097344868
 30
0.0
 10
144.3098932224189
 20
101.6396352022215
 30
0.0
 10
144.5243954651032
 20
102.0083113282695
 30
0.0
  0
LWPOLYLINE
  5
511
330
1F
100
AcDbEntity
  8
0
  6
Continuous
 62
7
100
AcDbPolyline
 90
9
 70
128
 10
144.5243954651032
 20
102.0083113282695
 10
144.5253992638094
 20
102.0105711333702
 10
144.5264031789228
 20
102.0128309129337
 10
144.5274072104369
 20
102.0150906669455
 10
144.5284113583455
 20
102.0173503953912
 10
144.5294156226419
 20
102.0196100982562
 10
144.5304200033199
 20
102.021869775526
 10
144.5314245003729
 20
102.0241294271864
 10
144.5324291137946
 20
102.0263890532227
  0
SPLINE
  5
512
330
1F
100
AcDbEntity
  8
0
  6
Continuous
 62
7
100
AcDbSpline
 70
8
 71
3
 72
16
 73
12
 74
0
 42
1e-08
 40
0.0
 40
0.0
 40
0.0
 40
0.0
 40
0.10590162434455
 40
0.1287386562080258
 40
0.1530335799368679
 40
0.1787863955319534
 40
0.2059971029940211
 40
0.2346657023236946
 40
0.2647921935215068
 40
0.2963765765879194
 40
0.3086458430250379
 40
0.3086458430250379
 40
0.3086458430250379
 40
0.3086458430250379
 10
144.5324291137946
 20
102.0263890532227
 30
0.0
 10
144.6546188447926
 20
102.41535433372
 30
0.0
 10
144.4735900008826
 20
102.5263232012366
 30
0.0
 10
144.2937650626515
 20
102.7025435323329
 30
0.0
 10
144.209468726999
 20
102.7886938910974
 30
0.0
 10
144.1228904517481
 20
102.8837980047545
 30
0.0
 10
144.0339987257078
 20
102.9878172697468
 30
0.0
 10
143.9432196123101
 20
103.1012106850113
 30
0.0
 10
143.8508517009768
 20
103.2242816034326
 30
0.0
 10
143.7777597614308
 20
103.3281907571097
 30
0.0
 10
143.7354555836707
 20
103.3910429430817
 30
0.0
 10
143.7236989370211
 20
103.4087239442724
 30
0.0
  0
ARC
  5
513
330
1F
100
AcDbEntity
  8
0
  6
Continuous
 62
7
100
AcDbCircle
 10
195.306453052794
 20
79.14531385995745
 30
0.0
 40
57.00432958195257
100
AcDbArc
 50
154.0198216849608
 51
154.8087230471128
  0
SPLINE
  5
514
330
1F
100
AcDbEntity
  8
0
  6
Continuous
 62
7
100
AcDbSpline
 70
8
 71
3
 72
16
 73
12
 74
0
 42
1e-08
 40
0.6913541569758203
 40
0.6913541569758203
 40
0.6913541569758203
 40
0.6913541569758203
 40
0.7036234234120807
 40
0.7352078064784933
 40
0.7653342976763053
 40
0.7940028970059789
 40
0.8212136044680466
 40
0.846966420063132
 40
0.8712613437919742
 40
0.8940983756554498
 40
1.0
 40
1.0
 40
1.0
 40
1.0
 10
144.0626590228378
 20
104.1166407070302
 30
0.0
 10
144.0861920728331
 20
104.1235546764081
 30
0.0
 10
144.1702283744719
 20
104.1478598616924
 30
0.0
 10
144.3115092343464
 20
104.1863629912203
 30
0.0
 10
144.4831628123555
 20
104.2288798656851
 30
0.0
 10
144.6455464810168
 20
104.2650322733144
 30
0.0
 10
144.7986912412643
 20
104.2952052093429
 30
0.0
 10
144.9426631692305
 20
104.3199675063153
 30
0.0
 10
145.0774534872105
 20
104.3392736245941
 30
0.0
 10
145.358677989903
 20
104.3748258721083
 30
0.0
 10
145.5862778734069
 20
104.3611204316662
 30
0.0
 10
145.8202427717164
 20
104.7159826481921
 30
0.0
  0
LWPOLYLINE
  5
515
330
1F
100
AcDbEntity
  8
0
  6
Continuous
 62
7
100
AcDbPolyline
 90
9
 70
128
 10
145.8202427717164
 20
104.7159826481921
 10
145.821382324126
 20
104.7182011037874
 10
145.8225219846485
 20
104.7204195165164
 10
145.8236617532766
 20
104.722637886365
 10
145.8248016300029
 20
104.7248562133191
 10
145.8259416148201
 20
104.7270744973643
 10
145.8270817077211
 20
104.7292927384865
 10
145.8282219086984
 20
104.7315109366715
 10
145.8293622177448
 20
104.7337290919052
  0
SPLINE
  5
516
330
1F
100
AcDbEntity
  8
0
  6
Continuous
 62
7
100
AcDbSpline
 70
8
 71
3
 72
16
 73
12
 74
0
 42
1e-08
 40
0.0
 40
0.0
 40
0.0
 40
0.0
 40
0.10590162434455
 40
0.1287386562080258
 40
0.1530335799368679
 40
0.1787863955319534
 40
0.2059971029940211
 40
0.2346657023236946
 40
0.2647921935215068
 40
0.2963765765879194
 40
0.3086458430241806
 40
0.3086458430241806
 40
0.3086458430241806
 40
0.3086458430241806
 10
145.8293622177448
 20
104.7337290919052
 30
0.0
 10
145.9775952969885
 20
105.1226242126951
 30
0.0
 10
145.8154207086241
 20
105.2636472899745
 30
0.0
 10
145.6598399690312
 20
105.4725978294493
 30
0.0
 10
145.5872047423979
 20
105.5742455308025
 30
0.0
 10
145.5131566763652
 20
105.6855550825077
 30
0.0
 10
145.4376627007893
 20
105.806490588281
 30
0.0
 10
145.3611646955604
 20
105.9374716980947
 30
0.0
 10
145.283970803424
 20
106.0787733903794
 30
0.0
 10
145.2234313264143
 20
106.1973930073275
 30
0.0
 10
145.1886189008503
 20
106.2688774942861
 30
0.0
 10
145.1789621463936
 20
106.2889667986768
 30
0.0
  0
ARC
  5
517
330
1F
100
AcDbEntity
  8
0
  6
Continuous
 62
7
100
AcDbCircle
 10
196.1436186895811
 20
78.72064194731281
 30
0.0
 40
57.94315103336506
100
AcDbArc
 50
150.8093465415398
 51
151.5897031882614
  0
SPLINE
  5
518
330
1F
100
AcDbEntity
  8
0
  6
Continuous
 62
7
100
AcDbSpline
 70
8
 71
3
 72
16
 73
12
 74
0
 42
1e-08
 40
0.6913541569758196
 40
0.6913541569758196
 40
0.6913541569758196
 40
0.6913541569758196
 40
0.7036234234120807
 40
0.7352078064784933
 40
0.7653342976763053
 40
0.7940028970059789
 40
0.8212136044680466
 40
0.846966420063132
 40
0.8712613437919742
 40
0.8940983756554498
 40
1.0
 40
1.0
 40
1.0
 40
1.0
 10
145.5591522782983
 20
106.9805164969494
 30
0.0
 10
145.5820178810208
 20
106.9844535264012
 30
0.0
 10
145.6636385956621
 20
106.9981113287121
 30
0.0
 10
145.8006612802807
 20
107.0186114171595
 30
0.0
 10
145.9667848999369
 20
107.0390691212215
 30
0.0
 10
146.1235972148737
 20
107.054176328764
 30
0.0
 10
146.2711597630424
 20
107.0643304948393
 30
0.0
 10
146.4095826664364
 20
107.0701160374507
 30
0.0
 10
146.5388538056888
 20
107.0714866550814
 30
0.0
 10
146.8081680360407
 20
107.0694125035441
 30
0.0
 10
147.0225784197897
 20
107.0234041189299
 30
0.0
 10
147.2738215065072
 20
107.3611391730304
 30
0.0
  0
LWPOLYLINE
  5
519
330
1F
100
AcDbEntity
  8
0
  6
Continuous
 62
7
100
AcDbPolyline
 90
9
 70
128
 10
147.2738215065072
 20
107.3611391730304
 10
147.2750861729265
 20
107.363295565998
 10
147.2763509381548
 20
107.3654518991707
 10
147.2776158021842
 20
107.3676081725345
 10
147.2788807650064
 20
107.3697643860759
 10
147.2801458266134
 20
107.3719205397809
 10
147.2814109869971
 20
107.3740766336358
 10
147.2826762461494
 20
107.3762326676267
 10
147.2839416040623
 20
107.3783886417399
  0
SPLINE
  5
51A
330
1F
100
AcDbEntity
  8
0
  6
Continuous
 62
7
100
AcDbSpline
 70
8
 71
3
 72
16
 73
12
 74
0
 42
1e-08
 40
0.0
 40
0.0
 40
0.0
 40
0.0
 40
0.10590162434455
 40
0.1287386562080258
 40
0.1530335799368679
 40
0.1787863955319534
 40
0.2059971029940211
 40
0.2346657023236946
 40
0.2647921935215068
 40
0.2963765765879194
 40
0.3086458430241795
 40
0.3086458430241795
 40
0.3086458430241795
 40
0.3086458430241795
 10
147.2839416040623
 20
107.3783886417399
 30
0.0
 10
147.4568340192298
 20
107.7635825938617
 30
0.0
 10
147.315027866847
 20
107.933343186428
 30
0.0
 10
147.1851439413391
 20
108.173073019393
 30
0.0
 10
147.1248479992655
 20
108.2892690061347
 30
0.0
 10
147.0640215092925
 20
108.4157447285944
 30
0.0
 10
147.0026301510901
 20
108.5524673329155
 30
0.0
 10
146.9411274952934
 20
108.6998132019472
 30
0.0
 10
146.8798283609262
 20
108.8580263722661
 30
0.0
 10
146.8324065872373
 20
108.9902489330832
 30
0.0
 10
146.8054109481063
 20
109.0696982896353
 30
0.0
 10
146.7979442483562
 20
109.092008328805
 30
0.0
  0
ARC
  5
51B
330
1F
100
AcDbEntity
  8
0
  6
Continuous
 62
7
100
AcDbCircle
 10
196.0287634919852
 20
78.79379228285717
 30
0.0
 40
57.80705371289696
100
AcDbArc
 50
147.6089522383164
 51
148.3905332360535
  0
SPLINE
  5
51C
330
1F
100
AcDbEntity
  8
0
  6
Continuous
 62
7
100
AcDbSpline
 70
8
 71
3
 72
16
 73
12
 74
0
 42
1e-08
 40
0.6913541569758186
 40
0.6913541569758186
 40
0.6913541569758186
 40
0.6913541569758186
 40
0.7036234234120807
 40
0.7352078064784933
 40
0.7653342976763053
 40
0.7940028970059789
 40
0.8212136044680466
 40
0.846966420063132
 40
0.8712613437919742
 40
0.8940983756554498
 40
1.0
 40
1.0
 40
1.0
 40
1.0
 10
147.2158146935265
 20
109.7607341493839
 30
0.0
 10
147.2377993590043
 20
109.7616574799264
 30
0.0
 10
147.316242416027
 20
109.7645403800435
 30
0.0
 10
147.4477275815022
 20
109.766846023608
 30
0.0
 10
147.6067701913285
 20
109.7650535491965
 30
0.0
 10
147.7565470382069
 20
109.7589745047258
 30
0.0
 10
147.897149622543
 20
109.749015094135
 30
0.0
 10
148.0287310840119
 20
109.7357698643329
 30
0.0
 10
148.1512760747396
 20
109.719192184228
 30
0.0
 10
148.406165518345
 20
109.6795109994333
 30
0.0
 10
148.6053845103558
 20
109.6016292385377
 30
0.0
 10
148.8715599964744
 20
109.9190837890106
 30
0.0
  0
LWPOLYLINE
  5
51D
330
1F
100
AcDbEntity
  8
0
  6
Continuous
 62
7
100
AcDbPolyline
 90
9
 70
128
 10
148.8715599964743
 20
109.9190837890106
 10
148.8729379690536
 20
109.9211579856903
 10
148.8743160302157
 20
109.9232321062047
 10
148.8756941799517
 20
109.9253061505405
 10
148.8770724182528
 20
109.9273801186843
 10
148.8784507451102
 20
109.9294540106229
 10
148.879829160515
 20
109.931527826343
 10
148.8812076644586
 20
109.9336015658314
 10
148.8825862569319
 20
109.9356752290747
  0
SPLINE
  5
51E
330
1F
100
AcDbEntity
  8
0
  6
Continuous
 62
7
100
AcDbSpline
 70
8
 71
3
 72
16
 73
12
 74
0
 42
1e-08
 40
0.0
 40
0.0
 40
0.0
 40
0.0
 40
0.10590162434455
 40
0.1287386562080258
 40
0.1530335799368679
 40
0.1787863955319534
 40
0.2059971029940211
 40
0.2346657023236946
 40
0.2647921935215068
 40
0.2963765765879194
 40
0.3086458430241806
 40
0.3086458430241806
 40
0.3086458430241806
 40
0.3086458430241806
 10
148.8825862569319
 20
109.9356752290747
 30
0.0
 10
149.0785237581262
 20
110.3135715603823
 30
0.0
 10
148.9584100475623
 20
110.5104846593222
 30
0.0
 10
148.8554356273564
 20
110.7787554929185
 30
0.0
 10
148.8080419368078
 20
110.908414874428
 30
0.0
 10
148.7610049434425
 20
111.0488758978986
 30
0.0
 10
148.7142893971842
 20
111.2001090586489
 30
0.0
 10
148.6683563245461
 20
111.3624439582195
 30
0.0
 10
148.6235242814494
 20
111.5360914128295
 30
0.0
 10
148.5896629754052
 20
111.6806823910907
 30
0.0
 10
148.5707361737161
 20
111.7673548200007
 30
0.0
 10
148.5655292432364
 20
111.7916772911247
 30
0.0
  0
ARC
  5
51F
330
1F
100
AcDbEntity
  8
0
  6
Continuous
 62
7
100
AcDbCircle
 10
195.029296387348
 20
79.46386825638238
 30
0.0
 40
56.60361202440132
100
AcDbArc
 50
144.3785792534928
 51
145.1711995651923
  0
SPLINE
  5
520
330
1F
100
AcDbEntity
  8
0
  6
Continuous
 62
7
100
AcDbSpline
 70
8
 71
3
 72
16
 73
12
 74
0
 42
1e-08
 40
0.6913541569758196
 40
0.6913541569758196
 40
0.6913541569758196
 40
0.6913541569758196
 40
0.7036234234120807
 40
0.7352078064784933
 40
0.7653342976763053
 40
0.7940028970059789
 40
0.8212136044680466
 40
0.846966420063132
 40
0.8712613437919742
 40
0.8940983756554498
 40
1.0
 40
1.0
 40
1.0
 40
1.0
 10
149.0171784579148
 20
112.4313355212015
 30
0.0
 10
149.0380769212498
 20
112.4292365319462
 30
0.0
 10
149.1126099189658
 20
112.4213176130079
 30
0.0
 10
149.2373299237342
 20
112.4054072845168
 30
0.0
 10
149.3878065857343
 20
112.3813813674823
 30
0.0
 10
149.5291495384902
 20
112.3541728293987
 30
0.0
 10
149.6614793905471
 20
112.3241928304753
 30
0.0
 10
149.7849908694379
 20
112.2920404954016
 30
0.0
 10
149.8996655420804
 20
112.2576692988936
 30
0.0
 10
150.1377503648805
 20
112.1807515733723
 30
0.0
 10
150.3199179111012
 20
112.0717235972129
 30
0.0
 10
150.5985405878241
 20
112.3659336564537
 30
0.0
  0
LWPOLYLINE
  5
521
330
1F
100
AcDbEntity
  8
0
  6
Continuous
 62
7
100
AcDbPolyline
 90
9
 70
128
 10
150.5985405878241
 20
112.3659336564537
 10
150.6000190008047
 20
112.3679062906301
 10
150.6014974913147
 20
112.3698788329819
 10
150.6029760593446
 20
112.3718512834963
 10
150.6044547048849
 20
112.3738236421608
 10
150.6059334279262
 20
112.3757959089627
 10
150.6074122284589
 20
112.3777680838895
 10
150.6088911064737
 20
112.3797401669284
 10
150.6103700619611
 20
112.381712158067
  0
SPLINE
  5
522
330
1F
100
AcDbEntity
  8
0
  6
Continuous
 62
7
100
AcDbSpline
 70
8
 71
3
 72
16
 73
12
 74
0
 42
1e-08
 40
0.0
 40
0.0
 40
0.0
 40
0.0
 40
0.10590162434455
 40
0.1287386562080258
 40
0.1530335799368679
 40
0.1787863955319534
 40
0.2059971029940211
 40
0.2346657023236946
 40
0.2647921935215068
 40
0.2963765765879194
 40
0.3086458430250378
 40
0.3086458430250378
 40
0.3086458430250378
 40
0.3086458430250378
 10
150.6103700619611
 20
112.381712158067
 30
0.0
 10
150.8275232335261
 20
112.7487825523335
 30
0.0
 10
150.7302234341336
 20
112.9710096330974
 30
0.0
 10
150.6551199636463
 20
113.2653166948335
 30
0.0
 10
150.6210710267419
 20
113.4072288764004
 30
0.0
 10
150.588262701718
 20
113.5603637541509
 30
0.0
 10
150.5566591378724
 20
113.7246954480561
 30
0.0
 10
150.5267245131159
 20
113.900503700947
 30
0.0
 10
150.4987781459969
 20
114.0879641403512
 30
0.0
 10
150.4787934614881
 20
114.2435735290522
 30
0.0
 10
150.4681122116887
 20
114.3366597932058
 30
0.0
 10
150.4652136661862
 20
114.3627676039265
 30
0.0
  0
ARC
  5
523
330
1F
100
AcDbEntity
  8
0
  6
Continuous
 62
7
100
AcDbCircle
 10
193.2687828779534
 20
80.78954244903007
 30
0.0
 40
54.39951272362534
100
AcDbArc
 50
141.0770445299896
 51
141.8909327701627
  0
SPLINE
  5
524
330
1F
100
AcDbEntity
  8
0
  6
Continuous
 62
7
100
AcDbSpline
 70
8
 71
3
 72
10
 73
6
 74
0
 42
1e-08
 40
0.0
 40
0.0
 40
0.0
 40
0.0
 40
0.3116687397520372
 40
0.9757610911164301
 40
1.0
 40
1.0
 40
1.0
 40
1.0
 10
150.9464247233464
 20
114.9673859269478
 30
0.0
 10
151.03932808641
 20
114.9411966231518
 30
0.0
 10
151.3301865375446
 20
114.8592041087025
 30
0.0
 10
151.6160957828867
 20
114.7481308152052
 30
0.0
 10
151.7985820925805
 20
114.646495908757
 30
0.0
 10
151.805008168641
 20
114.6429169354064
 30
0.0
  0
SPLINE
  5
525
330
1F
100
AcDbEntity
  8
0
  6
Continuous
 62
7
100
AcDbSpline
 70
8
 71
3
 72
12
 73
8
 74
0
 42
1e-08
 40
0.0
 40
0.0
 40
0.0
 40
0.0
 40
0.0989265817429841
 40
0.3798831837450399
 40
0.5636747079039831
 40
0.7601786102248843
 40
0.9999999999999998
 40
0.9999999999999998
 40
0.9999999999999998
 40
0.9999999999999998
 10
151.8721994474443
 20
114.6056382109573
 30
0.0
 10
151.8874784300047
 20
114.5971903364612
 30
0.0
 10
151.9461505122414
 20
114.5647500620382
 30
0.0
 10
152.0330299072447
 20
114.5148017546766
 30
0.0
 10
152.1594300854131
 20
114.5064061912094
 30
0.0
 10
152.2950222848254
 20
114.5564625736883
 30
0.0
 10
152.387699769608
 20
114.6354362088864
 30
0.0
 10
152.4386389280846
 20
114.6788431974151
 30
0.0
  0
LWPOLYLINE
  5
526
330
1F
100
AcDbEntity
  8
0
  6
Continuous
 62
7
100
AcDbPolyline
 90
9
 70
128
 10
152.4386389280846
 20
114.6788431974151
 10
152.4402039779229
 20
114.6806958511344
 10
152.4417690935133
 20
114.6825483982271
 10
152.4433342748458
 20
114.6844008386812
 10
152.4448995219102
 20
114.6862531724849
 10
152.4464648346968
 20
114.6881053996265
 10
152.4480302131953
 20
114.689957520094
 10
152.4495956573958
 20
114.6918095338755
 10
152.4511611672883
 20
114.6936614409592
  0
SPLINE
  5
527
330
1F
100
AcDbEntity
  8
0
  6
Continuous
 62
7
100
AcDbSpline
 70
8
 71
3
 72
16
 73
12
 74
0
 42
1e-08
 40
0.0
 40
0.0
 40
0.0
 40
0.0
 40
0.10590162434455
 40
0.1287386562080258
 40
0.1530335799368679
 40
0.1787863955319534
 40
0.2059971029940211
 40
0.2346657023236946
 40
0.2647921935215068
 40
0.2963765765879194
 40
0.3086458430250381
 40
0.3086458430250381
 40
0.3086458430250381
 40
0.3086458430250381
 10
152.4511611672883
 20
114.6936614409592
 30
0.0
 10
152.6875025085697
 20
115.0464786608152
 30
0.0
 10
152.6139250823597
 20
115.291944849026
 30
0.0
 10
152.5673937824594
 20
115.6095402731631
 30
0.0
 10
152.547007504949
 20
115.7623802589842
 30
0.0
 10
152.5287341707575
 20
115.9267592119211
 30
0.0
 10
152.5125376632851
 20
116.1026551182318
 30
0.0
 10
152.4988809779362
 20
116.2902952501548
 30
0.0
 10
152.4880812144949
 20
116.489818406739
 30
0.0
 10
152.4821597431367
 20
116.6549933229425
 30
0.0
 10
152.4798237731787
 20
116.7536243009702
 30
0.0
 10
152.4792606755921
 20
116.7812736896915
 30
0.0
  0
ARC
  5
528
330
1F
100
AcDbEntity
  8
0
  6
Continuous
 62
7
100
AcDbCircle
 10
190.9162515045787
 20
82.78308697961675
 30
0.0
 40
51.31548463729699
100
AcDbArc
 50
137.6605017588281
 51
138.5066816904469
  0
SPLINE
  5
529
330
1F
100
AcDbEntity
  8
0
  6
Continuous
 62
7
100
AcDbSpline
 70
8
 71
3
 72
16
 73
12
 74
0
 42
1e-08
 40
0.69135415697582
 40
0.69135415697582
 40
0.69135415697582
 40
0.69135415697582
 40
0.7036234234120807
 40
0.7352078064784933
 40
0.7653342976763053
 40
0.7940028970059789
 40
0.8212136044680466
 40
0.846966420063132
 40
0.8712613437919742
 40
0.8940983756554498
 40
1.0
 40
1.0
 40
1.0
 40
1.0
 10
152.9855406372468
 20
117.3452069472862
 30
0.0
 10
153.0036932897228
 20
117.337150147134
 30
0.0
 10
153.0683614898215
 20
117.3079495638683
 30
0.0
 10
153.1761317788263
 20
117.2562216332644
 30
0.0
 10
153.3053547607064
 20
117.1886072947409
 30
0.0
 10
153.4259619485195
 20
117.1200967942961
 30
0.0
 10
153.538128527561
 20
117.0510996775705
 30
0.0
 10
153.6421265754045
 20
116.9822074527052
 30
0.0
 10
153.7379320320645
 20
116.9133751041693
 30
0.0
 10
153.9359164668788
 20
116.7644797397122
 30
0.0
 10
154.0790536587562
 20
116.5964945268938
 30
0.0
 10
154.3746745148403
 20
116.8362173986905
 30
0.0
  0
LWPOLYLINE
  5
52A
330
1F
100
AcDbEntity
  8
0
  6
Continuous
 62
7
100
AcDbPolyline
 90
9
 70
128
 10
154.3746745148403
 20
116.8362173986905
 10
154.3763115890876
 20
116.837932774224
 10
154.3779487166959
 20
116.8396480293245
 10
154.3795858976545
 20
116.8413631639809
 10
154.381223131953
 20
116.8430781781823
 10
154.3828604195811
 20
116.8447930719177
 10
154.3844977605281
 20
116.846507845176
 10
154.3861351547836
 20
116.8482224979465
 10
154.3877726023372
 20
116.849937030218
  0
SPLINE
  5
52B
330
1F
100
AcDbEntity
  8
0
  6
Continuous
 62
7
100
AcDbSpline
 70
8
 71
3
 72
16
 73
12
 74
0
 42
1e-08
 40
0.0
 40
0.0
 40
0.0
 40
0.0
 40
0.10590162434455
 40
0.1287386562080258
 40
0.1530335799368679
 40
0.1787863955319534
 40
0.2059971029940211
 40
0.2346657023236946
 40
0.2647921935215068
 40
0.2963765765879194
 40
0.3086458430241814
 40
0.3086458430241814
 40
0.3086458430241814
 40
0.3086458430241814
 10
154.3877726023372
 20
116.849937030218
 30
0.0
 10
154.6410954579102
 20
117.185206916343
 30
0.0
 10
154.5919273774868
 20
117.4516203603386
 30
0.0
 10
154.5744026983835
 20
117.789538843973
 30
0.0
 10
154.5678694214475
 20
117.9518796082811
 30
0.0
 10
154.5643016912862
 20
118.1259678744103
 30
0.0
 10
154.5636634626134
 20
118.3117857004419
 30
0.0
 10
154.5664122254637
 20
118.5095057660421
 30
0.0
 10
154.5728599001813
 20
118.7192287458518
 30
0.0
 10
154.5810569291562
 20
118.8924269958672
 30
0.0
 10
154.5870880493616
 20
118.9956817968998
 30
0.0
 10
154.5888656571813
 20
119.0246146087269
 30
0.0
  0
ARC
  5
52C
330
1F
100
AcDbEntity
  8
0
  6
Continuous
 62
7
100
AcDbCircle
 10
188.1718734198682
 20
85.4082002072389
 30
0.0
 40
47.51717297568563
100
AcDbArc
 50
134.0808232628924
 51
134.9715167304767
  0
SPLINE
  5
52D
330
1F
100
AcDbEntity
  8
0
  6
Continuous
 62
7
100
AcDbSpline
 70
8
 71
3
 72
16
 73
12
 74
0
 42
1e-08
 40
0.6913541569758208
 40
0.6913541569758208
 40
0.6913541569758208
 40
0.6913541569758208
 40
0.7036234234120807
 40
0.7352078064784933
 40
0.7653342976763053
 40
0.7940028970059789
 40
0.8212136044680466
 40
0.846966420063132
 40
0.8712613437919742
 40
0.8940983756554498
 40
1.0
 40
1.0
 40
1.0
 40
1.0
 10
155.115487523739
 20
119.5425975080183
 30
0.0
 10
155.1320062043948
 20
119.531660843242
 30
0.0
 10
155.1908117711406
 20
119.4921791158702
 30
0.0
 10
155.2885557600177
 20
119.4231839745096
 30
0.0
 10
155.4052894494885
 20
119.3346216304672
 30
0.0
 10
155.5137883707318
 20
119.2463242865683
 30
0.0
 10
155.6142526680845
 20
119.1586949326897
 30
0.0
 10
155.706989459107
 20
119.0723129537564
 30
0.0
 10
155.7919721946551
 20
118.987134724087
 30
0.0
 10
155.9670352688073
 20
118.804170297242
 30
0.0
 10
156.0885579680336
 20
118.6089245308622
 30
0.0
 10
156.388571105454
 20
118.8179134386352
 30
0.0
  0
LWPOLYLINE
  5
52E
330
1F
100
AcDbEntity
  8
0
  6
Continuous
 62
7
100
AcDbPolyline
 90
9
 70
128
 10
156.388571105454
 20
118.8179134386352
 10
156.3902649191891
 20
118.8194755199838
 10
156.3919587733958
 20
118.8210374682174
 10
156.3936526680631
 20
118.8225992833259
 10
156.3953466031802
 20
118.8241609652994
 10
156.3970405787363
 20
118.8257225141279
 10
156.3987345947206
 20
118.8272839298013
 10
156.4004286511221
 20
118.8288452123097
 10
156.4021227479301
 20
118.8304063616431
  0
SPLINE
  5
52F
330
1F
100
AcDbEntity
  8
0
  6
Continuous
 62
7
100
AcDbSpline
 70
8
 71
3
 72
16
 73
12
 74
0
 42
1e-08
 40
0.0
 40
0.0
 40
0.0
 40
0.0
 40
0.10590162434455
 40
0.1287386562080258
 40
0.1530335799368679
 40
0.1787863955319534
 40
0.2059971029940211
 40
0.2346657023236946
 40
0.2647921935215068
 40
0.2963765765879194
 40
0.3086458430241806
 40
0.3086458430241806
 40
0.3086458430241806
 40
0.3086458430241806
 10
156.4021227479301
 20
118.8304063616431
 30
0.0
 10
156.6700619105464
 20
119.144998589444
 30
0.0
 10
156.6457622450289
 20
119.4298718586789
 30
0.0
 10
156.6574078099295
 20
119.784958347976
 30
0.0
 10
156.6647885330144
 20
119.9552841587952
 30
0.0
 10
156.6759597178186
 20
120.1374563228813
 30
0.0
 10
156.6908857269145
 20
120.3314611376582
 30
0.0
 10
156.7100142735058
 20
120.5374150779558
 30
0.0
 10
156.733649186181
 20
120.7553797540352
 30
0.0
 10
156.7558881820379
 20
120.9349842324697
 30
0.0
 10
156.7702300814624
 20
121.0418987942525
 30
0.0
 10
156.7743317976429
 20
121.0718448913188
 30
0.0
  0
ARC
  5
530
330
1F
100
AcDbEntity
  8
0
  6
Continuous
 62
7
100
AcDbCircle
 10
185.250211669295
 20
88.581822795832
 30
0.0
 40
43.20274609593644
100
AcDbArc
 50
130.2838968957895
 51
131.2329448986894
  0
SPLINE
  5
531
330
1F
100
AcDbEntity
  8
0
  6
Continuous
 62
7
100
AcDbSpline
 70
8
 71
3
 72
16
 73
12
 74
0
 42
1e-08
 40
0.6913541569758206
 40
0.6913541569758206
 40
0.6913541569758206
 40
0.6913541569758206
 40
0.7036234234120807
 40
0.7352078064784933
 40
0.7653342976763053
 40
0.7940028970059789
 40
0.8212136044680466
 40
0.846966420063132
 40
0.8712613437919742
 40
0.8940983756554498
 40
1.0
 40
1.0
 40
1.0
 40
1.0
 10
157.3163786426262
 20
121.5390411655332
 30
0.0
 10
157.3311091209913
 20
121.5253267488252
 30
0.0
 10
157.3835030026517
 20
121.475932507598
 30
0.0
 10
157.4703080821127
 20
121.3903143445258
 30
0.0
 10
157.5734625681679
 20
121.281630877709
 30
0.0
 10
157.6688401976471
 20
121.1743710988657
 30
0.0
 10
157.7566642052353
 20
121.0689276795007
 30
0.0
 10
157.8372738810054
 20
120.9658624717623
 30
0.0
 10
157.9106404345374
 20
120.8651336471399
 30
0.0
 10
158.0611476312722
 20
120.6498084474635
 30
0.0
 10
158.1599212131473
 20
120.4291250846367
 30
0.0
 10
158.4615254900738
 20
120.6054287552631
 30
0.0
  0
LWPOLYLINE
  5
532
330
1F
100
AcDbEntity
  8
0
  6
Continuous
 62
7
100
AcDbPolyline
 90
9
 70
128
 10
158.4615254900738
 20
120.6054287552631
 10
158.4632602286144
 20
120.6068229576941
 10
158.4649949943591
 20
120.608217015571
 10
158.466729787297
 20
120.6096109288848
 10
158.4684646074169
 20
120.6110046976266
 10
158.4701994547077
 20
120.6123983217874
 10
158.4719343291584
 20
120.6137918013585
 10
158.4736692307578
 20
120.6151851363308
 10
158.4754041594948
 20
120.6165783266954
  0
SPLINE
  5
533
330
1F
100
AcDbEntity
  8
0
  6
Continuous
 62
7
100
AcDbSpline
 70
8
 71
3
 72
16
 73
12
 74
0
 42
1e-08
 40
0.0
 40
0.0
 40
0.0
 40
0.0
 40
0.10590162434455
 40
0.1287386562080258
 40
0.1530335799368679
 40
0.1787863955319534
 40
0.2059971029940211
 40
0.2346657023236946
 40
0.2647921935215068
 40
0.2963765765879194
 40
0.3086458430241799
 40
0.3086458430241799
 40
0.3086458430241799
 40
0.3086458430241799
 10
158.4754041594948
 20
120.6165783266954
 30
0.0
 10
158.7554579533852
 20
120.9075556333033
 30
0.0
 10
158.7562535822033
 20
121.2082289428177
 30
0.0
 10
158.7969606596063
 20
121.5771680908998
 30
0.0
 10
158.8181864708892
 20
121.7538886620262
 30
0.0
 10
158.8439922683162
 20
121.9424438316568
 30
0.0
 10
158.8743431550555
 20
122.142824264495
 30
0.0
 10
158.9096728873022
 20
122.3550891430408
 30
0.0
 10
158.9502743651233
 20
122.5792604379368
 30
0.0
 10
158.98634768835
 20
122.763594226167
 30
0.0
 10
159.0088664605427
 20
122.8731703162432
 30
0.0
 10
159.0152539884653
 20
122.903850099909
 30
0.0
  0
ARC
  5
534
330
1F
100
AcDbEntity
  8
0
  6
Continuous
 62
7
100
AcDbCircle
 10
182.3624395752162
 20
92.17980285800952
 30
0.0
 40
38.58831628543315
100
AcDbArc
 50
126.2079057291808
 51
127.2311807988245
  0
SPLINE
  5
535
330
1F
100
AcDbEntity
  8
0
  6
Continuous
 62
7
100
AcDbSpline
 70
8
 71
3
 72
16
 73
12
 74
0
 42
1e-08
 40
0.6913541569758203
 40
0.6913541569758203
 40
0.6913541569758203
 40
0.6913541569758203
 40
0.7036234234120807
 40
0.7352078064784933
 40
0.7653342976763053
 40
0.7940028970059789
 40
0.8212136044680466
 40
0.846966420063132
 40
0.8712613437919742
 40
0.8940983756554498
 40
1.0
 40
1.0
 40
1.0
 40
1.0
 10
159.5676648665292
 20
123.3158976633133
 30
0.0
 10
159.580469608096
 20
123.2995335424871
 30
0.0
 10
159.6259626171147
 20
123.2406879681263
 30
0.0
 10
159.701018311521
 20
123.1392461770626
 30
0.0
 10
159.7896304685178
 20
123.0114563357178
 30
0.0
 10
159.8709962910045
 20
122.8862355775856
 30
0.0
 10
159.9453600197322
 20
122.7639625895307
 30
0.0
 10
160.0130899494264
 20
122.6451764450624
 30
0.0
 10
160.0741553171993
 20
122.5298375033825
 30
0.0
 10
160.1987013913728
 20
122.2841619642478
 30
0.0
 10
160.2738036335758
 20
122.040101466073
 30
0.0
 10
160.5741830521378
 20
122.1820737996826
 30
0.0
  0
LWPOLYLINE
  5
536
330
1F
100
AcDbEntity
  8
0
  6
Continuous
 62
7
100
AcDbPolyline
 90
9
 70
128
 10
160.5741830521378
 20
122.1820737996826
 10
160.5759425186974
 20
122.1832871059036
 10
160.5777019989399
 20
122.1845002574809
 10
160.5794614928541
 20
122.1857132544069
 10
160.5812210004287
 20
122.1869260966738
 10
160.5829805216526
 20
122.1881387842738
 10
160.5847400565144
 20
122.1893513171992
 10
160.5864996050028
 20
122.1905636954421
 10
160.5882591671066
 20
122.1917759189949
  0
SPLINE
  5
537
330
1F
100
AcDbEntity
  8
0
  6
Continuous
 62
7
100
AcDbSpline
 70
8
 71
3
 72
16
 73
12
 74
0
 42
1e-08
 40
0.0
 40
0.0
 40
0.0
 40
0.0
 40
0.10590162434455
 40
0.1287386562080258
 40
0.1530335799368679
 40
0.1787863955319534
 40
0.2059971029940211
 40
0.2346657023236946
 40
0.2647921935215068
 40
0.2963765765879194
 40
0.3086458430241803
 40
0.3086458430241803
 40
0.3086458430241803
 40
0.3086458430241803
 10
160.5882591671066
 20
122.1917759189949
 30
0.0
 10
160.8778128054541
 20
122.4564215276976
 30
0.0
 10
160.9036963000359
 20
122.7700875718126
 30
0.0
 10
160.9730848189273
 20
123.1494346932592
 30
0.0
 10
161.0079575387272
 20
123.3309000323351
 30
0.0
 10
161.0481570069996
 20
123.5240777186947
 30
0.0
 10
161.0936493933303
 20
123.7289628714823
 30
0.0
 10
161.1448504470415
 20
123.9455568282969
 30
0.0
 10
161.2020394049495
 20
124.1738417150288
 30
0.0
 10
161.2516102486464
 20
124.36118373814
 30
0.0
 10
161.2820956418989
 20
124.4723982740802
 30
0.0
 10
161.2907093429363
 20
124.5035252954715
 30
0.0
  0
ARC
  5
538
330
1F
100
AcDbEntity
  8
0
  6
Continuous
 62
7
100
AcDbCircle
 10
179.6990125783362
 20
96.04594816688368
 30
0.0
 40
33.89246706918714
100
AcDbArc
 50
121.7818097133606
 51
122.8975458179377
  0
LWPOLYLINE
  5
539
330
1F
100
AcDbEntity
  8
0
  6
Continuous
 62
7
100
AcDbPolyline
 90
54
 70
128
 10
166.6029768415513
 20
100.2655283134216
 10
166.5756797112219
 20
100.7809318060537
 10
166.4941715121076
 20
101.2575835675989
 10
166.3595964406557
 20
101.6887924521587
 10
166.1738436358772
 20
102.0685052322154
 10
165.9395206599761
 20
102.3913915726777
 10
165.6599168938917
 20
102.6529188571012
 10
165.3389573616008
 20
102.8494158156872
 10
164.9811476313847
 20
102.9781240618641
 10
164.5915105675272
 20
103.0372368139873
 10
164.1755158203098
 20
103.025924258594
 10
163.7390030441118
 20
102.9443451991642
 10
163.288099921463
 20
102.7936448268689
 10
162.8291361438138
 20
102.5759386445959
 10
162.3685545565412
 20
102.2942827699265
 10
161.9128207155233
 20
101.9526310339436
 10
161.4683321249071
 20
101.5557794781107
 10
161.0413284301738
 20
101.1092990283624
 10
160.6378038271938
 20
100.6194572915158
 10
160.2634229168562
 20
100.0931305718099
 10
159.9234411864889
 20
99.53770734266713
 10
159.6226312343373
 20
98.9609845287218
 10
159.365215772746
 20
98.37105805408972
 10
159.154808350534
 20
97.77620919333994
 10
158.9943626266905
 20
97.18478832055264
 10
158.8861309074768
 20
96.60509768837119
 10
158.8316325289839
 20
96.04527488257389
 10
158.831632528984
 20
95.51317858820738
 10
158.8861309074769
 20
95.01627827087512
 10
158.9943626266905
 20
94.56154932181354
 10
159.1548083505341
 20
94.15537513868931
 10
159.365215772746
 20
93.80345751668867
 10
159.6226312343374
 20
93.51073660781167
 10
159.923441186489
 20
93.28132157196666
 10
160.2634229168562
 20
93.11843289337303
 10
160.6378038271939
 20
93.02435717202181
 10
161.0413284301738
 20
93.00041502482426
 10
161.4683321249071
 20
93.04694254704523
 10
161.9128207155234
 20
93.16328659426229
 10
162.3685545565413
 20
93.3478139510818
 10
162.8291361438138
 20
93.59793425790298
 10
163.2880999214631
 20
93.91013637388858
 10
163.7390030441118
 20
94.28003766568555
 10
164.1755158203099
 20
94.70244552999078
 10
164.5915105675273
 20
95.17143028631882
 10
164.9811476313848
 20
95.68040841671812
 10
165.3389573616008
 20
96.2222349839317
 10
165.6599168938917
 20
96.78930393065436
 10
165.9395206599761
 20
97.37365485190453
 10
166.1738436358773
 20
97.96708474166095
 10
166.3595964406557
 20
98.56126314508573
 10
166.4941715121076
 20
99.14784909984996
 10
166.5756797112219
 20
99.71860822496099
 10
166.6029768415513
 20
100.2655283134216
  0
LWPOLYLINE
  5
53A
330
1F
100
AcDbEntity
  8
0
  6
Continuous
 62
7
100
AcDbPolyline
 90
26
 70
128
 10
161.7946507294828
 20
90.95741423813844
 10
161.823530307235
 20
90.71010098841965
 10
161.9083544304098
 20
90.5116709904683
 10
162.0437932873868
 20
90.37459233083023
 10
162.2213367566729
 20
90.30747816583049
 10
162.4298291291336
 20
90.31454552528464
 10
162.6561700622259
 20
90.39535034100632
 10
162.8861377226999
 20
90.54481534924435
 10
163.1052823966861
 20
90.7535491138373
 10
163.2998344183603
 20
91.0084361246867
 10
163.4575693686883
 20
91.29346089349202
 10
163.5685761806325
 20
91.59071426578149
 10
163.6258798879439
 20
91.8815187189527
 10
163.6258798879439
 20
92.14760193970893
 10
163.5685761806325
 20
92.37224494070448
 10
163.4575693686883
 20
92.54133257600758
 10
163.2998344183602
 20
92.64424044763133
 10
163.1052823966861
 20
92.67450247553293
 10
162.8861377226999
 20
92.6302171852034
 10
162.6561700622259
 20
92.51416718430401
 10
162.4298291291335
 20
92.33364432119333
 10
162.2213367566729
 20
92.09999151127727
 10
162.0437932873868
 20
91.82789001991775
 10
161.9083544304098
 20
91.53443698453619
 10
161.823530307235
 20
91.23807113859039
 10
161.7946507294828
 20
90.95741423813844
  0
LWPOLYLINE
  5
53B
330
1F
100
AcDbEntity
  8
0
  6
Continuous
 62
7
100
AcDbPolyline
 90
26
 70
128
 10
156.1377964799904
 20
94.22410828593362
 10
156.1666760577426
 20
93.9767950362148
 10
156.2515001809174
 20
93.77836503826346
 10
156.3869390378944
 20
93.64128637862537
 10
156.5644825071805
 20
93.57417221362564
 10
156.7729748796412
 20
93.58123957307981
 10
156.9993158127335
 20
93.66204438880148
 10
157.2292834732075
 20
93.8115093970395
 10
157.4484281471938
 20
94.02024316163245
 10
157.6429801688679
 20
94.27513017248187
 10
157.8007151191959
 20
94.5601549412872
 10
157.9117219311401
 20
94.85740831357666
 10
157.9690256384515
 20
95.14821276674785
 10
157.9690256384515
 20
95.4142959875041
 10
157.9117219311401
 20
95.63893898849963
 10
157.8007151191959
 20
95.80802662380273
 10
157.6429801688679
 20
95.91093449542649
 10
157.4484281471937
 20
95.9411965233281
 10
157.2292834732075
 20
95.89691123299855
 10
156.9993158127335
 20
95.78086123209917
 10
156.7729748796412
 20
95.60033836898849
 10
156.5644825071805
 20
95.36668555907242
 10
156.3869390378944
 20
95.0945840677129
 10
156.2515001809174
 20
94.80113103233136
 10
156.1666760577426
 20
94.50476518638554
 10
156.1377964799904
 20
94.22410828593362
  0
LWPOLYLINE
  5
53C
330
1F
100
AcDbEntity
  8
0
  6
Continuous
 62
7
100
AcDbPolyline
 90
26
 70
128
 10
169.2899826100602
 20
101.8167037258848
 10
169.2611030323079
 20
102.0640169756036
 10
169.1762789091332
 20
102.2624469735549
 10
169.0408400521562
 20
102.399525633193
 10
168.8632965828701
 20
102.4666397981927
 10
168.6548042104094
 20
102.4595724387386
 10
168.4284632773171
 20
102.3787676230169
 10
168.1984956168431
 20
102.2293026147789
 10
167.9793509428568
 20
102.0205688501859
 10
167.7847989211827
 20
101.7656818393365
 10
167.6270639708547
 20
101.4806570705312
 10
167.5160571589105
 20
101.1834036982417
 10
167.458753451599
 20
100.8925992450705
 10
167.458753451599
 20
100.6265160243143
 10
167.5160571589105
 20
100.4018730233187
 10
167.6270639708547
 20
100.2327853880156
 10
167.7847989211827
 20
100.1298775163919
 10
167.9793509428568
 20
100.0996154884903
 10
168.1984956168431
 20
100.1439007788198
 10
168.4284632773171
 20
100.2599507797192
 10
168.6548042104094
 20
100.4404736428299
 10
168.8632965828701
 20
100.674126452746
 10
169.0408400521562
 20
100.9462279441055
 10
169.1762789091332
 20
101.2396809794871
 10
169.2611030323079
 20
101.5360468254328
 10
169.2899826100602
 20
101.8167037258848
  0
LWPOLYLINE
  5
53D
330
1F
100
AcDbEntity
  8
0
  6
Continuous
 62
7
100
AcDbPolyline
 90
26
 70
128
 10
163.6331283605678
 20
105.08339777368
 10
163.6042487828156
 20
105.3307110233987
 10
163.5194246596408
 20
105.5291410213501
 10
163.3839858026638
 20
105.6662196809882
 10
163.2064423333777
 20
105.7333338459879
 10
162.997949960917
 20
105.7262664865337
 10
162.7716090278247
 20
105.6454616708121
 10
162.5416413673507
 20
105.495996662574
 10
162.3224966933645
 20
105.2872628979811
 10
162.1279446716903
 20
105.0323758871317
 10
161.9702097213623
 20
104.7473511183264
 10
161.8592029094181
 20
104.4500977460369
 10
161.8018992021067
 20
104.1592932928657
 10
161.8018992021067
 20
103.8932100721094
 10
161.8592029094181
 20
103.6685670711139
 10
161.9702097213623
 20
103.4994794358108
 10
162.1279446716903
 20
103.3965715641871
 10
162.3224966933645
 20
103.3663095362855
 10
162.5416413673507
 20
103.410594826615
 10
162.7716090278247
 20
103.5266448275144
 10
162.997949960917
 20
103.7071676906251
 10
163.2064423333777
 20
103.9408205005411
 10
163.3839858026638
 20
104.2129219919006
 10
163.5194246596408
 20
104.5063750272822
 10
163.6042487828156
 20
104.802740873228
 10
163.6331283605678
 20
105.08339777368
  0
LINE
  5
53E
330
1F
100
AcDbEntity
  8
0
  6
Continuous
 62
7
100
AcDbLine
 10
179.4588802435062
 20
88.33901878385439
 30
0.0
 11
183.7015209306255
 21
85.88979444838625
 31
0.0
  0
LINE
  5
53F
330
1F
100
AcDbEntity
  8
0
  6
Continuous
 62
7
100
AcDbLine
 10
183.3020241204322
 20
85.20886151374992
 30
0.0
 11
179.0593834333129
 21
87.65808584921805
 31
0.0
  0
ARC
  5
540
330
1F
100
AcDbEntity
  8
0
  6
Continuous
 62
7
100
AcDbCircle
 10
133.4680268810372
 20
114.9036458151311
 30
0.0
 40
58.01040851055601
100
AcDbArc
 50
329.210384331662
 51
329.9901376884709
  0
LINE
  5
541
330
1F
100
AcDbEntity
  8
0
  6
Continuous
 62
7
100
AcDbLine
 10
180.9978000083811
 20
91.18398324928818
 30
0.0
 11
185.2404406955004
 21
88.73475891382004
 31
0.0
  0
LINE
  5
542
330
1F
100
AcDbEntity
  8
0
  6
Continuous
 62
7
100
AcDbLine
 10
184.8804451935531
 20
88.03420759827361
 30
0.0
 11
180.6378045064338
 21
90.48343193374174
 31
0.0
  0
ARC
  5
543
330
1F
100
AcDbEntity
  8
0
  6
Continuous
 62
7
100
AcDbCircle
 10
133.8245643422629
 20
114.7132980420808
 30
0.0
 40
57.60622220220644
100
AcDbArc
 50
332.4108230839423
 51
333.1942195922188
  0
LINE
  5
544
330
1F
100
AcDbEntity
  8
0
  6
Continuous
 62
7
100
AcDbLine
 10
177.7636170121712
 20
85.58444682240544
 30
0.0
 11
182.0062576992905
 21
83.13522248693732
 31
0.0
  0
LINE
  5
545
330
1F
100
AcDbEntity
  8
0
  6
Continuous
 62
7
100
AcDbLine
 10
181.5709895749295
 20
82.48026562055443
 30
0.0
 11
177.3283488878102
 21
84.92948995602256
 31
0.0
  0
ARC
  5
546
330
1F
100
AcDbEntity
  8
0
  6
Continuous
 62
7
100
AcDbCircle
 10
134.0373250616062
 20
114.5420753258915
 30
0.0
 40
57.33593030244144
100
AcDbArc
 50
326.000042951877
 51
326.78589960979
  0
LINE
  5
547
330
1F
100
AcDbEntity
  8
0
  6
Continuous
 62
7
100
AcDbLine
 10
178.890017227011
 20
89.97535835421574
 30
0.0
 11
183.1326579141303
 21
87.52613401874763
 31
0.0
  0
SPLINE
  5
548
330
1F
100
AcDbEntity
  8
0
  6
Continuous
 62
7
100
AcDbSpline
 70
8
 71
3
 72
16
 73
12
 74
0
 42
1e-08
 40
0.0
 40
0.0
 40
0.0
 40
0.0
 40
0.10590162434455
 40
0.1287386562080258
 40
0.1530335799368679
 40
0.1787863955319534
 40
0.2059971029940211
 40
0.2346657023236946
 40
0.2647921935215068
 40
0.2963765765879194
 40
0.3086458430241803
 40
0.3086458430241803
 40
0.3086458430241803
 40
0.3086458430241803
 10
183.1326579141303
 20
87.52613401874763
 30
0.0
 10
182.9719074468423
 20
87.13863697363995
 30
0.0
 10
183.1240755150029
 20
86.9830634641471
 30
0.0
 10
183.2669747214122
 20
86.75846099318824
 30
0.0
 10
183.3335180132364
 20
86.64941180442413
 30
0.0
 10
183.4010341347543
 20
86.53038016538756
 30
0.0
 10
183.4695568205973
 20
86.40140049133782
 30
0.0
 10
183.5386378220501
 20
86.26207430052797
 30
0.0
 10
183.6079652940634
 20
86.11214178205412
 30
0.0
 10
183.6620090302377
 20
85.98657405855332
 30
0.0
 10
183.6929491936779
 20
85.91101890551755
 30
0.0
 10
183.7015209306257
 20
85.88979444838581
 30
0.0
  0
LINE
  5
549
330
1F
100
AcDbEntity
  8
0
  6
Continuous
 62
7
100
AcDbLine
 10
177.3722059271142
 20
87.38828462473369
 30
0.0
 11
181.6148466142335
 21
84.93906028926557
 31
0.0
  0
SPLINE
  5
54A
330
1F
100
AcDbEntity
  8
0
  6
Continuous
 62
7
100
AcDbSpline
 70
8
 71
3
 72
16
 73
12
 74
0
 42
1e-08
 40
0.6913541569758195
 40
0.6913541569758195
 40
0.6913541569758195
 40
0.6913541569758195
 40
0.7036234234120807
 40
0.7352078064784933
 40
0.7653342976763053
 40
0.7940028970059789
 40
0.8212136044680466
 40
0.846966420063132
 40
0.8712613437919742
 40
0.8940983756554498
 40
1.0
 40
1.0
 40
1.0
 40
1.0
 10
183.3020241204327
 20
85.20886151374998
 30
0.0
 10
183.2795727682459
 20
85.20642849253595
 30
0.0
 10
183.1994473140584
 20
85.19814847213631
 30
0.0
 10
183.0650364275849
 20
85.18673227460123
 30
0.0
 10
182.9022632306718
 20
85.17738874865708
 30
0.0
 10
182.7487894271746
 20
85.17286938953487
 30
0.0
 10
182.6045384084532
 20
85.17277189794451
 30
0.0
 10
182.4693783897785
 20
85.17650610224341
 30
0.0
 10
182.3433231208277
 20
85.1841185230613
 30
0.0
 10
182.080914850512
 20
85.20502060011205
 30
0.0
 10
181.8738583676272
 20
85.26703809523366
 30
0.0
 10
181.6148466142335
 20
84.93906028926557
 30
0.0
  0
LINE
  5
54B
330
1F
100
AcDbEntity
  8
0
  6
Continuous
 62
7
100
AcDbLine
 10
178.8996482456479
 20
89.99287676796051
 30
0.0
 11
183.1422889327672
 21
87.54365243249241
 31
0.0
  0
SPLINE
  5
54C
330
1F
100
AcDbEntity
  8
0
  6
Continuous
 62
7
100
AcDbSpline
 70
8
 71
3
 72
16
 73
12
 74
0
 42
1e-08
 40
0.6913541569758185
 40
0.6913541569758185
 40
0.6913541569758185
 40
0.6913541569758185
 40
0.7036234234120807
 40
0.7352078064784933
 40
0.7653342976763053
 40
0.7940028970059789
 40
0.8212136044680466
 40
0.846966420063132
 40
0.8712613437919742
 40
0.8940983756554498
 40
1.0
 40
1.0
 40
1.0
 40
1.0
 10
184.8804451935535
 20
88.03420759827372
 30
0.0
 10
184.85721874397
 20
88.0287757556989
 30
0.0
 10
184.7742933978358
 20
88.00977206990692
 30
0.0
 10
184.6349789379011
 20
87.98023596945373
 30
0.0
 10
184.4658928849128
 20
87.94871186718953
 30
0.0
 10
184.306108300964
 20
87.92305209480996
 30
0.0
 10
184.1555788625167
 20
87.90286496977515
 30
0.0
 10
184.014216367508
 20
87.8875731926562
 30
0.0
 10
183.8820312766896
 20
87.87722273771789
 30
0.0
 10
183.6064400821651
 20
87.8604641194647
 30
0.0
 10
183.3851765629379
 20
87.89035593885752
 30
0.0
 10
183.1422889327672
 20
87.54365243249241
 30
0.0
  0
LINE
  5
54D
330
1F
100
AcDbEntity
  8
0
  6
Continuous
 62
7
100
AcDbLine
 10
180.2673819216774
 20
92.65448676274256
 30
0.0
 11
184.5100226087967
 21
90.20526242727445
 31
0.0
  0
SPLINE
  5
54E
330
1F
100
AcDbEntity
  8
0
  6
Continuous
 62
7
100
AcDbSpline
 70
8
 71
3
 72
16
 73
12
 74
0
 42
1e-08
 40
0.0
 40
0.0
 40
0.0
 40
0.0
 40
0.10590162434455
 40
0.1287386562080258
 40
0.1530335799368679
 40
0.1787863955319534
 40
0.2059971029940211
 40
0.2346657023236946
 40
0.2647921935215068
 40
0.2963765765879194
 40
0.3086458430241827
 40
0.3086458430241827
 40
0.3086458430241827
 40
0.3086458430241827
 10
184.5100226087967
 20
90.20526242727445
 30
0.0
 10
184.3746531228224
 20
89.81587751337652
 30
0.0
 10
184.5464554651251
 20
89.68973423424185
 30
0.0
 10
184.7143543718752
 20
89.49692363991777
 30
0.0
 10
184.7929118903804
 20
89.40291482889187
 30
0.0
 10
184.8733189582385
 20
89.29958733313374
 30
0.0
 10
184.9556079038693
 20
89.1869784461142
 30
0.0
 10
185.0393442482388
 20
89.06464832974767
 30
0.0
 10
185.1242242705862
 20
88.93230748030167
 30
0.0
 10
185.1911180956776
 20
88.82091301151803
 30
0.0
 10
185.2297214773326
 20
88.7536661459681
 30
0.0
 10
185.2404406955006
 20
88.73475891381968
 30
0.0
  0
LINE
  5
54F
330
1F
100
AcDbEntity
  8
0
  6
Continuous
 62
7
100
AcDbLine
 10
177.3616203865977
 20
87.37134438799293
 30
0.0
 11
181.604261073717
 21
84.92212005252483
 31
0.0
  0
SPLINE
  5
550
330
1F
100
AcDbEntity
  8
0
  6
Continuous
 62
7
100
AcDbSpline
 70
8
 71
3
 72
16
 73
12
 74
0
 42
1e-08
 40
0.0
 40
0.0
 40
0.0
 40
0.0
 40
0.10590162434455
 40
0.1287386562080258
 40
0.1530335799368679
 40
0.1787863955319534
 40
0.2059971029940211
 40
0.2346657023236946
 40
0.2647921935215068
 40
0.2963765765879194
 40
0.3086458430241812
 40
0.3086458430241812
 40
0.3086458430241812
 40
0.3086458430241812
 10
181.604261073717
 20
84.92212005252483
 30
0.0
 10
181.4196305089166
 20
84.54012883171222
 30
0.0
 10
181.550743550682
 20
84.35657763980232
 30
0.0
 10
181.6673088453623
 20
84.10228034496419
 30
0.0
 10
181.7212166137188
 20
83.97920894135568
 30
0.0
 10
181.7752114090612
 20
83.84558452538302
 30
0.0
 10
181.8293280572612
 20
83.70143831276798
 30
0.0
 10
181.8831087250995
 20
83.54641689861904
 30
0.0
 10
181.9362363548519
 20
83.38029259064523
 30
0.0
 10
181.9769254103056
 20
83.2417240044292
 30
0.0
 10
181.9999134755615
 20
83.15856600201425
 30
0.0
 10
182.0062576992906
 20
83.13522248693685
 30
0.0
  0
LINE
  5
551
330
1F
100
AcDbEntity
  8
0
  6
Continuous
 62
7
100
AcDbLine
 10
182.3660078275905
 20
94.09277755202699
 30
0.0
 11
186.6086485147098
 21
91.64355321655886
 31
0.0
  0
LINE
  5
552
330
1F
100
AcDbEntity
  8
0
  6
Continuous
 62
7
100
AcDbLine
 10
186.2915155020146
 20
90.92992437898228
 30
0.0
 11
182.0488748148953
 21
93.3791487144504
 31
0.0
  0
ARC
  5
553
330
1F
100
AcDbEntity
  8
0
  6
Continuous
 62
7
100
AcDbCircle
 10
135.1436469921105
 20
114.0870566249065
 30
0.0
 40
56.1458567212369
100
AcDbArc
 50
335.6414203984339
 51
336.4383430718112
  0
LINE
  5
554
330
1F
100
AcDbEntity
  8
0
  6
Continuous
 62
7
100
AcDbLine
 10
175.7079028579887
 20
84.8829617341741
 30
0.0
 11
179.950543545108
 21
82.43373739870596
 31
0.0
  0
SPLINE
  5
555
330
1F
100
AcDbEntity
  8
0
  6
Continuous
 62
7
100
AcDbSpline
 70
8
 71
3
 72
16
 73
12
 74
0
 42
1e-08
 40
0.6913541569758181
 40
0.6913541569758181
 40
0.6913541569758181
 40
0.6913541569758181
 40
0.7036234234120807
 40
0.7352078064784933
 40
0.7653342976763053
 40
0.7940028970059789
 40
0.8212136044680466
 40
0.846966420063132
 40
0.8712613437919742
 40
0.8940983756554498
 40
1.0
 40
1.0
 40
1.0
 40
1.0
 10
181.5709895749299
 20
82.48026562055443
 30
0.0
 10
181.549522942366
 20
82.48085413716473
 30
0.0
 10
181.4729454899024
 20
82.48337509047697
 30
0.0
 10
181.344693135122
 20
82.49018538582045
 30
0.0
 10
181.189752563767
 20
82.50310967418062
 30
0.0
 10
181.0440224842733
 20
82.51977292435421
 30
0.0
 10
180.9073967181731
 20
82.53976597646106
 30
0.0
 10
180.77970112851
 20
82.56249129691841
 30
0.0
 10
180.6609526255094
 20
82.58799551837033
 30
0.0
 10
180.4141773147203
 20
82.64636313366336
 30
0.0
 10
180.2232610987703
 20
82.73992726387154
 30
0.0
 10
179.950543545108
 20
82.43373739870596
 30
0.0
  0
LINE
  5
556
330
1F
100
AcDbEntity
  8
0
  6
Continuous
 62
7
100
AcDbLine
 10
175.9278385304032
 20
82.94598606116652
 30
0.0
 11
180.1704792175225
 21
80.49676172569839
 31
0.0
  0
LINE
  5
557
330
1F
100
AcDbEntity
  8
0
  6
Continuous
 62
7
100
AcDbLine
 10
179.7035037601943
 20
79.8738960833619
 30
0.0
 11
175.460863073075
 21
82.32312041883004
 31
0.0
  0
ARC
  5
558
330
1F
100
AcDbEntity
  8
0
  6
Continuous
 62
7
100
AcDbCircle
 10
135.4359008787599
 20
113.5487314214817
 30
0.0
 40
55.62027687739306
100
AcDbArc
 50
322.7393665712191
 51
323.5413017467481
  0
LINE
  5
559
330
1F
100
AcDbEntity
  8
0
  6
Continuous
 62
7
100
AcDbLine
 10
180.2759684962086
 20
92.67241978878234
 30
0.0
 11
184.5186091833279
 21
90.22319545331422
 31
0.0
  0
SPLINE
  5
55A
330
1F
100
AcDbEntity
  8
0
  6
Continuous
 62
7
100
AcDbSpline
 70
8
 71
3
 72
16
 73
12
 74
0
 42
1e-08
 40
0.6913541569758193
 40
0.6913541569758193
 40
0.6913541569758193
 40
0.6913541569758193
 40
0.7036234234120807
 40
0.7352078064784933
 40
0.7653342976763053
 40
0.7940028970059789
 40
0.8212136044680466
 40
0.846966420063132
 40
0.8712613437919742
 40
0.8940983756554498
 40
1.0
 40
1.0
 40
1.0
 40
1.0
 10
186.291515502015
 20
90.92992437898243
 30
0.0
 10
186.2677308141366
 20
90.92154443069741
 30
0.0
 10
186.1827798276694
 20
90.89199451180707
 30
0.0
 10
186.0398625358497
 20
90.84461427904763
 30
0.0
 10
185.8660423377051
 20
90.79120393251253
 30
0.0
 10
185.7014388389135
 20
90.74464332525667
 30
0.0
 10
185.5460364335492
 20
90.70455504852468
 30
0.0
 10
185.3997913257344
 20
90.67038006519076
 30
0.0
 10
185.2627105896259
 20
90.64216337390522
 30
0.0
 10
184.976509591622
 20
90.58790053105135
 30
0.0
 10
184.7431049139152
 20
90.5853875828516
 30
0.0
 10
184.5186091833279
 20
90.22319545331422
 30
0.0
  0
LINE
  5
55B
330
1F
100
AcDbEntity
  8
0
  6
Continuous
 62
7
100
AcDbLine
 10
181.4808543875534
 20
95.3837153134748
 30
0.0
 11
185.7234950746727
 21
92.93449097800666
 31
0.0
  0
SPLINE
  5
55C
330
1F
100
AcDbEntity
  8
0
  6
Continuous
 62
7
100
AcDbSpline
 70
8
 71
3
 72
16
 73
12
 74
0
 42
1e-08
 40
0.0
 40
0.0
 40
0.0
 40
0.0
 40
0.10590162434455
 40
0.1287386562080258
 40
0.1530335799368679
 40
0.1787863955319534
 40
0.2059971029940211
 40
0.2346657023236946
 40
0.2647921935215068
 40
0.2963765765879194
 40
0.3086458430241812
 40
0.3086458430241812
 40
0.3086458430241812
 40
0.3086458430241812
 10
185.7234950746727
 20
92.93449097800666
 30
0.0
 10
185.6147704784293
 20
92.5468537773455
 30
0.0
 10
185.8046030226937
 20
92.45131849437887
 30
0.0
 10
185.9959340029302
 20
92.29209999725882
 30
0.0
 10
186.0857722777323
 20
92.21400929891036
 30
0.0
 10
186.1783195528025
 20
92.12735068741848
 30
0.0
 10
186.2736064485073
 20
92.03216398626647
 30
0.0
 10
186.3712163121076
 20
91.92797210767966
 30
0.0
 10
186.47085638289
 20
91.8144585581155
 30
0.0
 10
186.5499757272773
 20
91.71827740419045
 30
0.0
 10
186.5958818977736
 20
91.65996669199134
 30
0.0
 10
186.60864851471
 20
91.64355321655852
 30
0.0
  0
LINE
  5
55D
330
1F
100
AcDbEntity
  8
0
  6
Continuous
 62
7
100
AcDbLine
 10
175.6964616299324
 20
84.86675784086356
 30
0.0
 11
179.9391023170517
 21
82.41753350539545
 31
0.0
  0
SPLINE
  5
55E
330
1F
100
AcDbEntity
  8
0
  6
Continuous
 62
7
100
AcDbSpline
 70
8
 71
3
 72
16
 73
12
 74
0
 42
1e-08
 40
0.0
 40
0.0
 40
0.0
 40
0.0
 40
0.10590162434455
 40
0.1287386562080258
 40
0.1530335799368679
 40
0.1787863955319534
 40
0.2059971029940211
 40
0.2346657023236946
 40
0.2647921935215068
 40
0.2963765765879194
 40
0.3086458430241814
 40
0.3086458430241814
 40
0.3086458430241814
 40
0.3086458430241814
 10
179.9391023170517
 20
82.41753350539545
 30
0.0
 10
179.7323155005763
 20
82.0446146579847
 30
0.0
 10
179.8411493488022
 20
81.83479955168146
 30
0.0
 10
179.9302923930039
 20
81.55318173828923
 30
0.0
 10
179.9710613155842
 20
81.41723720437204
 30
0.0
 10
180.011030649895
 20
81.27026762663213
 30
0.0
 10
180.0502359878887
 20
81.11230072980088
 30
0.0
 10
180.0882141865073
 20
80.94303148548855
 30
0.0
 10
180.1246459356342
 20
80.76226644591856
 30
0.0
 10
180.1516004076197
 20
80.61199077454152
 30
0.0
 10
180.1664217413197
 20
80.52200634661025
 30
0.0
 10
180.1704792175225
 20
80.49676172569787
 30
0.0
  0
LINE
  5
55F
330
1F
100
AcDbEntity
  8
0
  6
Continuous
 62
7
100
AcDbLine
 10
173.922278187606
 20
82.50029962108852
 30
0.0
 11
178.1649188747253
 21
80.0510752856204
 31
0.0
  0
SPLINE
  5
560
330
1F
100
AcDbEntity
  8
0
  6
Continuous
 62
7
100
AcDbSpline
 70
8
 71
3
 72
16
 73
12
 74
0
 42
1e-08
 40
0.69135415697582
 40
0.69135415697582
 40
0.69135415697582
 40
0.69135415697582
 40
0.7036234234120807
 40
0.7352078064784933
 40
0.7653342976763053
 40
0.7940028970059789
 40
0.8212136044680466
 40
0.846966420063132
 40
0.8712613437919742
 40
0.8940983756554498
 40
1.0
 40
1.0
 40
1.0
 40
1.0
 10
179.7035037601947
 20
79.87389608336183
 30
0.0
 10
179.6832222754181
 20
79.87750064297542
 30
0.0
 10
179.6109078077194
 20
79.8907990325377
 30
0.0
 10
179.490011442313
 20
79.91577223486706
 30
0.0
 10
179.3443501348842
 20
79.9508436669334
 30
0.0
 10
179.2077244218815
 20
79.98853394612559
 30
0.0
 10
179.079999546369
 20
80.02843087218896
 30
0.0
 10
178.9609606450323
 20
80.06993512861061
 30
0.0
 10
178.8506276307593
 20
80.11309302465266
 30
0.0
 10
178.6217893540837
 20
80.20838121549026
 30
0.0
 10
178.4487959383372
 20
80.33261839771073
 30
0.0
 10
178.1649188747253
 20
80.05107528562039
 30
0.0
  0
LINE
  5
561
330
1F
100
AcDbEntity
  8
0
  6
Continuous
 62
7
100
AcDbLine
 10
183.5507291133699
 20
97.03824306339796
 30
0.0
 11
187.7933698004892
 21
94.58901872792981
 31
0.0
  0
LINE
  5
562
330
1F
100
AcDbEntity
  8
0
  6
Continuous
 62
7
100
AcDbLine
 10
187.5220602625388
 20
93.86897532850276
 30
0.0
 11
183.2794195754195
 21
96.31819966397089
 31
0.0
  0
ARC
  5
563
330
1F
100
AcDbEntity
  8
0
  6
Continuous
 62
7
100
AcDbCircle
 10
137.3984496197619
 20
113.1664917506721
 30
0.0
 40
53.71005942961332
100
AcDbArc
 50
338.9433677551233
 51
339.7642062989024
  0
LINE
  5
564
330
1F
100
AcDbEntity
  8
0
  6
Continuous
 62
7
100
AcDbLine
 10
173.968684967263
 20
80.44827109737084
 30
0.0
 11
178.2113256543823
 21
77.99904676190272
 31
0.0
  0
LINE
  5
565
330
1F
100
AcDbEntity
  8
0
  6
Continuous
 62
7
100
AcDbLine
 10
177.7170028881124
 20
77.41408787229312
 30
0.0
 11
173.4743622009931
 21
79.86331220776124
 31
0.0
  0
ARC
  5
566
330
1F
100
AcDbEntity
  8
0
  6
Continuous
 62
7
100
AcDbCircle
 10
137.5158689188108
 20
111.8876244899563
 30
0.0
 40
52.95805792650538
100
AcDbArc
 50
319.3860371857001
 51
320.2146281349489
  0
LINE
  5
567
330
1F
100
AcDbEntity
  8
0
  6
Continuous
 62
7
100
AcDbLine
 10
181.488316347446
 20
95.40189551597722
 30
0.0
 11
185.7309570345654
 21
92.95267118050911
 31
0.0
  0
SPLINE
  5
568
330
1F
100
AcDbEntity
  8
0
  6
Continuous
 62
7
100
AcDbSpline
 70
8
 71
3
 72
16
 73
12
 74
0
 42
1e-08
 40
0.6913541569758203
 40
0.6913541569758203
 40
0.6913541569758203
 40
0.6913541569758203
 40
0.7036234234120807
 40
0.7352078064784933
 40
0.7653342976763053
 40
0.7940028970059789
 40
0.8212136044680466
 40
0.846966420063132
 40
0.8712613437919742
 40
0.8940983756554498
 40
1.0
 40
1.0
 40
1.0
 40
1.0
 10
187.5220602625393
 20
93.86897532850298
 30
0.0
 10
187.4979394075881
 20
93.85772551582704
 30
0.0
 10
187.4117559452599
 20
93.81790526346923
 30
0.0
 10
187.266570201802
 20
93.75312327487092
 30
0.0
 10
187.0896387708578
 20
93.67832536207985
 30
0.0
 10
186.9217532157416
 20
93.61129864379257
 30
0.0
 10
186.7629287938484
 20
93.55168350880207
 30
0.0
 10
186.6131665243955
 20
93.49894440186455
 30
0.0
 10
186.4724700288955
 20
93.45312492587578
 30
0.0
 10
186.178331409018
 20
93.36186449596464
 30
0.0
 10
185.9349648094199
 20
93.32697024289259
 30
0.0
 10
185.7309570345654
 20
92.9526711805091
 30
0.0
  0
LINE
  5
569
330
1F
100
AcDbEntity
  8
0
  6
Continuous
 62
7
100
AcDbLine
 10
182.5191047591775
 20
98.13756193478476
 30
0.0
 11
186.7617454462967
 21
95.68833759931663
 31
0.0
  0
SPLINE
  5
56A
330
1F
100
AcDbEntity
  8
0
  6
Continuous
 62
7
100
AcDbSpline
 70
8
 71
3
 72
11
 73
7
 74
0
 42
1e-08
 40
0.0
 40
0.0
 40
0.0
 40
0.0
 40
0.2979454727284141
 40
0.5420748563704655
 40
0.7704108384125924
 40
1.0
 40
1.0
 40
1.0
 40
1.0
 10
186.7617454462967
 20
95.68833759931663
 30
0.0
 10
186.7508281273939
 20
95.62286263538346
 30
0.0
 10
186.7309654188855
 20
95.50373905433042
 30
0.0
 10
186.7589908988686
 20
95.36439988301278
 30
0.0
 10
186.8207112424015
 20
95.27588094777589
 30
0.0
 10
186.877904217905
 20
95.24432443103844
 30
0.0
 10
186.9065789641538
 20
95.22850299314368
 30
0.0
  0
SPLINE
  5
56B
330
1F
100
AcDbEntity
  8
0
  6
Continuous
 62
7
100
AcDbSpline
 70
8
 71
3
 72
10
 73
6
 74
0
 42
1e-08
 40
0.0
 40
0.0
 40
0.0
 40
0.0
 40
0.0320125270969561
 40
0.6908142387290085
 40
1.0
 40
1.0
 40
1.0
 40
1.0
 10
187.0562052214843
 20
95.14202191672112
 30
0.0
 10
187.0648149849936
 20
95.13735335545495
 30
0.0
 10
187.2506093525022
 20
95.03660815070178
 30
0.0
 10
187.4986661071648
 20
94.85396954579197
 30
0.0
 10
187.7220261617942
 20
94.65315961197601
 30
0.0
 10
187.7933698004892
 20
94.58901872792981
 30
0.0
  0
LINE
  5
56C
330
1F
100
AcDbEntity
  8
0
  6
Continuous
 62
7
100
AcDbLine
 10
173.9100880956734
 20
82.48498336259414
 30
0.0
 11
178.1527287827927
 21
80.035759027126
 31
0.0
  0
SPLINE
  5
56D
330
1F
100
AcDbEntity
  8
0
  6
Continuous
 62
7
100
AcDbSpline
 70
8
 71
3
 72
16
 73
12
 74
0
 42
1e-08
 40
0.0
 40
0.0
 40
0.0
 40
0.0
 40
0.10590162434455
 40
0.1287386562080258
 40
0.1530335799368679
 40
0.1787863955319534
 40
0.2059971029940211
 40
0.2346657023236946
 40
0.2647921935215068
 40
0.2963765765879194
 40
0.3086458430241796
 40
0.3086458430241796
 40
0.3086458430241796
 40
0.3086458430241796
 10
178.1527287827927
 20
80.035759027126
 30
0.0
 10
177.9257164274322
 20
79.67539439591788
 30
0.0
 10
178.0112549298013
 20
79.44127436233723
 30
0.0
 10
178.0721434189389
 20
79.13496542003682
 30
0.0
 10
178.0993928472976
 20
78.9874170332959
 30
0.0
 10
178.1249635376714
 20
78.82847450913725
 30
0.0
 10
178.1488915157812
 20
78.65816182244367
 30
0.0
 10
178.1707126529724
 20
78.47622516929496
 30
0.0
 10
178.1901083680482
 20
78.28250715259878
 30
0.0
 10
178.2030765899231
 20
78.12192747951485
 30
0.0
 10
178.2095928092678
 20
78.02595678642587
 30
0.0
 10
178.2113256543823
 20
77.99904676190216
 30
0.0
  0
LINE
  5
56E
330
1F
100
AcDbEntity
  8
0
  6
Continuous
 62
7
100
AcDbLine
 10
172.032003812403
 20
80.26254455965352
 30
0.0
 11
176.2746444995223
 21
77.81332022418542
 31
0.0
  0
SPLINE
  5
56F
330
1F
100
AcDbEntity
  8
0
  6
Continuous
 62
7
100
AcDbSpline
 70
8
 71
3
 72
10
 73
6
 74
0
 42
1e-08
 40
0.0
 40
0.0
 40
0.0
 40
0.0
 40
0.4151541733191407
 40
0.755321558715918
 40
1.0
 40
1.0
 40
1.0
 40
1.0
 10
176.2746444995223
 20
77.81332022418542
 30
0.0
 10
176.3259568990226
 20
77.85382683418624
 30
0.0
 10
176.4193134495834
 20
77.92752359016367
 30
0.0
 10
176.5460199864615
 20
77.97013180747798
 30
0.0
 10
176.6068590302967
 20
77.95779837845836
 30
0.0
 10
176.6323118962243
 20
77.95263851572098
 30
0.0
  0
SPLINE
  5
570
330
1F
100
AcDbEntity
  8
0
  6
Continuous
 62
7
100
AcDbSpline
 70
8
 71
3
 72
9
 73
5
 74
0
 42
1e-08
 40
0.0
 40
0.0
 40
0.0
 40
0.0
 40
0.6271136313271385
 40
1.0
 40
1.0
 40
1.0
 40
1.0
 10
177.0254236536421
 20
77.73521701554307
 30
0.0
 10
177.1643497506375
 20
77.65749402952405
 30
0.0
 10
177.3858823247285
 20
77.53355638547289
 30
0.0
 10
177.6270680273034
 20
77.44653642817282
 30
0.0
 10
177.7170028881124
 20
77.41408787229312
 30
0.0
  0
LINE
  5
571
330
1F
100
AcDbEntity
  8
0
  6
Continuous
 62
7
100
AcDbLine
 10
184.5409024422798
 20
99.99287876553376
 30
0.0
 11
188.783543129399
 21
97.54365443006562
 31
0.0
  0
LINE
  5
572
330
1F
100
AcDbEntity
  8
0
  6
Continuous
 62
7
100
AcDbLine
 10
188.560590210249
 20
96.82391932000345
 30
0.0
 11
184.3179495231297
 21
99.27314365547157
 31
0.0
  0
ARC
  5
573
330
1F
100
AcDbEntity
  8
0
  6
Continuous
 62
7
100
AcDbCircle
 10
140.5000743707811
 20
112.1060633545272
 30
0.0
 40
50.4317073778756
100
AcDbArc
 50
342.3605269455346
 51
343.2165641385034
  0
LINE
  5
574
330
1F
100
AcDbEntity
  8
0
  6
Continuous
 62
7
100
AcDbLine
 10
182.5253724341226
 20
98.15581957009746
 30
0.0
 11
186.7680131212419
 21
95.70659523462933
 31
0.0
  0
SPLINE
  5
575
330
1F
100
AcDbEntity
  8
0
  6
Continuous
 62
7
100
AcDbSpline
 70
8
 71
3
 72
16
 73
12
 74
0
 42
1e-08
 40
0.6913541569758193
 40
0.6913541569758193
 40
0.6913541569758193
 40
0.6913541569758193
 40
0.7036234234120807
 40
0.7352078064784933
 40
0.7653342976763053
 40
0.7940028970059789
 40
0.8212136044680466
 40
0.846966420063132
 40
0.8712613437919742
 40
0.8940983756554498
 40
1.0
 40
1.0
 40
1.0
 40
1.0
 10
188.5605902102494
 20
96.82391932000374
 30
0.0
 10
188.5363583981493
 20
96.80990467940674
 30
0.0
 10
188.4497471317269
 20
96.76018588454873
 30
0.0
 10
188.3036484967992
 20
96.67860699208453
 30
0.0
 10
188.1252577941547
 20
96.58311988099605
 30
0.0
 10
187.9556576849077
 20
96.49625286208664
 30
0.0
 10
187.7948941473198
 20
96.41766747929059
 30
0.0
 10
187.6430130061874
 20
96.34685665958119
 30
0.0
 10
187.500014396566
 20
96.28386220299113
 30
0.0
 10
187.2006844478571
 20
96.156456260068
 30
0.0
 10
186.9496281747366
 20
96.08950650036284
 30
0.0
 10
186.7680131212419
 20
95.70659523462933
 30
0.0
  0
LWPOLYLINE
  5
576
330
1F
100
AcDbEntity
  8
0
  6
Continuous
 62
7
100
AcDbPolyline
 90
9
 70
128
 10
183.1422889327672
 20
87.54365243249241
 10
183.1410854179204
 20
87.54146245080914
 10
183.1398817994917
 20
87.53927252051646
 10
183.1386780774888
 20
87.53708264162837
 10
183.1374742519193
 20
87.53489281415894
 10
183.136270322791
 20
87.53270303812214
 10
183.1350662901116
 20
87.53051331353196
 10
183.1338621538888
 20
87.52832364040243
 10
183.1326579141303
 20
87.52613401874763
  0
LINE
  5
577
330
1F
100
AcDbEntity
  8
0
  6
Continuous
 62
7
100
AcDbLine
 10
171.9044484117045
 20
78.11462242266279
 30
0.0
 11
176.1470890988238
 21
75.66539808719466
 31
0.0
  0
LINE
  5
578
330
1F
100
AcDbEntity
  8
0
  6
Continuous
 62
7
100
AcDbLine
 10
175.6300343820928
 20
75.12380755385567
 30
0.0
 11
171.3873936949735
 21
77.5730318893238
 31
0.0
  0
ARC
  5
579
330
1F
100
AcDbEntity
  8
0
  6
Continuous
 62
7
100
AcDbCircle
 10
140.0906563304113
 20
109.5707464234054
 30
0.0
 40
49.49382779481538
100
AcDbArc
 50
315.8942758307554
 51
316.7610935834061
  0
LWPOLYLINE
  5
57A
330
1F
100
AcDbEntity
  8
0
  6
Continuous
 62
7
100
AcDbPolyline
 90
9
 70
128
 10
181.6148466142335
 20
84.93906028926557
 10
181.6135237499288
 20
84.93694252136936
 10
181.6122007918186
 20
84.93482482153281
 10
181.6108777399114
 20
84.93270718976942
 10
181.6095545942157
 20
84.9305896260928
 10
181.6082313547399
 20
84.9284721305165
 10
181.6069080214926
 20
84.92635470305402
 10
181.6055845944821
 20
84.92423734371896
 10
181.604261073717
 20
84.92212005252483
  0
LINE
  5
57B
330
1F
100
AcDbEntity
  8
0
  6
Continuous
 62
7
100
AcDbLine
 10
172.0191786721982
 20
80.2482589397541
 30
0.0
 11
176.2618193593175
 21
77.79903460428598
 31
0.0
  0
SPLINE
  5
57C
330
1F
100
AcDbEntity
  8
0
  6
Continuous
 62
7
100
AcDbSpline
 70
8
 71
3
 72
16
 73
12
 74
0
 42
1e-08
 40
0.0
 40
0.0
 40
0.0
 40
0.0
 40
0.10590162434455
 40
0.1287386562080258
 40
0.1530335799368679
 40
0.1787863955319534
 40
0.2059971029940211
 40
0.2346657023236946
 40
0.2647921935215068
 40
0.2963765765879194
 40
0.3086458430241811
 40
0.3086458430241811
 40
0.3086458430241811
 40
0.3086458430241811
 10
176.2618193593175
 20
77.79903460428598
 30
0.0
 10
176.0167010182686
 20
77.45458881674712
 30
0.0
 10
176.0781455248314
 20
77.1983497715624
 30
0.0
 10
176.1102109594874
 20
76.87020962441765
 30
0.0
 10
176.1236864730537
 20
76.71243500438521
 30
0.0
 10
176.1346197728443
 20
76.54300353733119
 30
0.0
 10
176.1430469819856
 20
76.36193522444269
 30
0.0
 10
176.1485073196708
 20
76.16902985596789
 30
0.0
 10
176.1506859081297
 20
75.96416755507293
 30
0.0
 10
176.1495467991004
 20
75.79478316942385
 30
0.0
 10
176.1476970639055
 20
75.69372226368063
 30
0.0
 10
176.1470890988237
 20
75.66539808719409
 30
0.0
  0
LINE
  5
57D
330
1F
100
AcDbEntity
  8
0
  6
Continuous
 62
7
100
AcDbLine
 10
183.372439172571
 20
100.8903147027527
 30
0.0
 11
187.6150798596903
 21
98.44109036728463
 31
0.0
  0
SPLINE
  5
57E
330
1F
100
AcDbEntity
  8
0
  6
Continuous
 62
7
100
AcDbSpline
 70
8
 71
3
 72
9
 73
5
 74
0
 42
1e-08
 40
0.0
 40
0.0
 40
0.0
 40
0.0
 40
0.8220037192071442
 40
1.0
 40
1.0
 40
1.0
 40
1.0
 10
187.6150798596903
 20
98.44109036728463
 30
0.0
 10
187.6061479674086
 20
98.3750422167016
 30
0.0
 10
187.5952819675682
 20
98.29469203209814
 30
0.0
 10
187.6154657049601
 20
98.23691000156465
 30
0.0
 10
187.6190583351484
 20
98.22662501503302
 30
0.0
  0
SPLINE
  5
57F
330
1F
100
AcDbEntity
  8
0
  6
Continuous
 62
7
100
AcDbSpline
 70
8
 71
3
 72
9
 73
5
 74
0
 42
1e-08
 40
0.0
 40
0.0
 40
0.0
 40
0.0
 40
0.0006531583339359
 40
1.0
 40
1.0
 40
1.0
 40
1.0
 10
188.5423553184329
 20
97.69360045435927
 30
0.0
 10
188.5424111858755
 20
97.69357372296847
 30
0.0
 10
188.6279454885992
 20
97.65264736650015
 30
0.0
 10
188.7057697247733
 20
97.59813309505753
 30
0.0
 10
188.783543129399
 20
97.54365443006562
 30
0.0
  0
LWPOLYLINE
  5
580
330
1F
100
AcDbEntity
  8
0
  6
Continuous
 62
7
100
AcDbPolyline
 90
9
 70
128
 10
184.5186091833279
 20
90.22319545331422
 10
184.5175362548329
 20
90.2209537051128
 10
184.5164632139466
 20
90.21871199115313
 10
184.5153900606759
 20
90.21647031144948
 10
184.5143167950277
 20
90.21422866601628
 10
184.5132434170088
 20
90.2119870548678
 10
184.512169926626
 20
90.20974547801848
 10
184.5110963238864
 20
90.20750393548256
 10
184.5100226087967
 20
90.20526242727445
  0
LWPOLYLINE
  5
581
330
1F
100
AcDbEntity
  8
0
  6
Continuous
 62
7
100
AcDbPolyline
 90
9
 70
128
 10
179.950543545108
 20
82.43373739870596
 10
179.949113682573
 20
82.43171161762508
 10
179.9476837368848
 20
82.42968592063743
 10
179.9462537080525
 20
82.42766030775596
 10
179.9448235960854
 20
82.42563477899368
 10
179.9433934009927
 20
82.42360933436353
 10
179.9419631227833
 20
82.42158397387846
 10
179.9405327614666
 20
82.41955869755145
 10
179.9391023170517
 20
82.41753350539545
  0
LINE
  5
582
330
1F
100
AcDbEntity
  8
0
  6
Continuous
 62
7
100
AcDbLine
 10
170.0547287149144
 20
78.19058986594754
 30
0.0
 11
174.2973694020337
 21
75.74136553047941
 31
0.0
  0
LINE
  5
583
330
1F
100
AcDbEntity
  8
0
  6
Continuous
 62
7
100
AcDbLine
 10
174.2973694020337
 20
75.74136553047941
 30
0.0
 11
174.4259823259607
 21
75.81757601375108
 31
0.0
  0
LINE
  5
584
330
1F
100
AcDbEntity
  8
0
  6
Continuous
 62
7
100
AcDbLine
 10
175.5427737031566
 20
75.17528012026641
 30
0.0
 11
175.6300343820928
 21
75.12380755385567
 31
0.0
  0
LWPOLYLINE
  5
585
330
1F
100
AcDbEntity
  8
0
  6
Continuous
 62
7
100
AcDbPolyline
 90
9
 70
128
 10
185.7309570345654
 20
92.95267118050911
 10
185.7300247100664
 20
92.95039859638851
 10
185.7290922654162
 20
92.94812602904105
 10
185.7281597006207
 20
92.94585347848128
 10
185.7272270156859
 20
92.94358094472373
 10
185.7262942106177
 20
92.94130842778294
 10
185.7253612854221
 20
92.93903592767349
 10
185.7244282401051
 20
92.93676344440988
 10
185.7234950746727
 20
92.93449097800666
  0
LINE
  5
586
330
1F
100
AcDbEntity
  8
0
  6
Continuous
 62
7
100
AcDbLine
 10
183.3774540429764
 20
100.908479304254
 30
0.0
 11
187.6200947300957
 21
98.45925496878594
 31
0.0
  0
LINE
  5
587
330
1F
100
AcDbEntity
  8
0
  6
Continuous
 62
7
100
AcDbLine
 10
189.3974088708399
 20
99.76716683760193
 30
0.0
 11
185.1547681837206
 21
102.21639117307
 31
0.0
  0
SPLINE
  5
588
330
1F
100
AcDbEntity
  8
0
  6
Continuous
 62
7
100
AcDbSpline
 70
8
 71
3
 72
16
 73
12
 74
0
 42
1e-08
 40
0.6913541569758193
 40
0.6913541569758193
 40
0.6913541569758193
 40
0.6913541569758193
 40
0.7036234234120807
 40
0.7352078064784933
 40
0.7653342976763053
 40
0.7940028970059789
 40
0.8212136044680466
 40
0.846966420063132
 40
0.8712613437919742
 40
0.8940983756554498
 40
1.0
 40
1.0
 40
1.0
 40
1.0
 10
189.3974088708404
 20
99.76716683760226
 30
0.0
 10
189.3732923474918
 20
99.7505182200074
 30
0.0
 10
189.2870619430337
 20
99.6913650936408
 30
0.0
 10
189.1414145002265
 20
99.5937509774494
 30
0.0
 10
188.9632301118075
 20
99.47846620549213
 30
0.0
 10
188.7934989589535
 20
99.37256993991113
 30
0.0
 10
188.632297311506
 20
99.27574803985505
 30
0.0
 10
188.4797153719868
 20
99.18752664891846
 30
0.0
 10
188.335749787733
 20
99.10794537399534
 30
0.0
 10
188.0340232732739
 20
98.94558347302163
 30
0.0
 10
187.7776213714097
 20
98.84720329855108
 30
0.0
 10
187.6200947300957
 20
98.45925496878594
 30
0.0
  0
LWPOLYLINE
  5
589
330
1F
100
AcDbEntity
  8
0
  6
Continuous
 62
7
100
AcDbPolyline
 90
9
 70
128
 10
178.1649188747253
 20
80.0510752856204
 10
178.1633953642011
 20
80.04916040552693
 10
178.1618717819525
 20
80.04724562477519
 10
178.1603481279891
 20
80.04533094337732
 10
178.1588244023208
 20
80.04341636134566
 10
178.1573006049572
 20
80.04150187869249
 10
178.1557767359082
 20
80.03958749542993
 10
178.1542527951834
 20
80.03767321157038
 10
178.1527287827927
 20
80.035759027126
  0
LINE
  5
58A
330
1F
100
AcDbEntity
  8
0
  6
Continuous
 62
7
100
AcDbLine
 10
185.3272828327356
 20
102.9290980209667
 30
0.0
 11
189.5699235198549
 21
100.4798736854986
 31
0.0
  0
ARC
  5
58B
330
1F
100
AcDbEntity
  8
0
  6
Continuous
 62
7
100
AcDbCircle
 10
144.304046413348
 20
111.0594980374437
 30
0.0
 40
46.48578365102236
100
AcDbArc
 50
345.9410486635121
 51
346.8448687449388
  0
LINE
  5
58C
330
1F
100
AcDbEntity
  8
0
  6
Continuous
 62
7
100
AcDbLine
 10
170.0413882713158
 20
78.17746826562703
 30
0.0
 11
174.2840289584351
 21
75.72824393015891
 31
0.0
  0
LINE
  5
58D
330
1F
100
AcDbEntity
  8
0
  6
Continuous
 62
7
100
AcDbLine
 10
169.7544020842688
 20
75.96682868595082
 30
0.0
 11
173.9970427713881
 21
73.51760435048269
 31
0.0
  0
SPLINE
  5
58E
330
1F
100
AcDbEntity
  8
0
  6
Continuous
 62
7
100
AcDbSpline
 70
8
 71
3
 72
16
 73
12
 74
0
 42
1e-08
 40
0.0
 40
0.0
 40
0.0
 40
0.0
 40
0.10590162434455
 40
0.1287386562080258
 40
0.1530335799368679
 40
0.1787863955319534
 40
0.2059971029940211
 40
0.2346657023236946
 40
0.2647921935215068
 40
0.2963765765879194
 40
0.3086458430241787
 40
0.3086458430241787
 40
0.3086458430241787
 40
0.3086458430241787
 10
174.2840289584351
 20
75.72824393015891
 30
0.0
 10
174.0230932356048
 20
75.40293298380172
 30
0.0
 10
174.0598700555588
 20
75.12696736193801
 30
0.0
 10
174.0628130494094
 20
74.78005976609023
 30
0.0
 10
174.062388830944
 20
74.61353201188348
 30
0.0
 10
174.058582658877
 20
74.43519353789115
 30
0.0
 10
174.0514304164687
 20
74.24506018485897
 30
0.0
 10
174.040478972946
 20
74.04298720650803
 30
0.0
 10
174.0254200938947
 20
73.82889336552061
 30
0.0
 10
174.0101842895152
 20
73.65228576367707
 30
0.0
 10
173.9999858702599
 20
73.54707822372714
 30
0.0
 10
173.997042771388
 20
73.5176043504821
 30
0.0
  0
LINE
  5
58F
330
1F
100
AcDbEntity
  8
0
  6
Continuous
 62
7
100
AcDbLine
 10
173.4620837047733
 20
73.02443885830046
 30
0.0
 11
169.2194430176541
 21
75.47366319376859
 31
0.0
  0
ARC
  5
590
330
1F
100
AcDbEntity
  8
0
  6
Continuous
 62
7
100
AcDbCircle
 10
142.9507034579524
 20
106.6582523828174
 30
0.0
 40
45.41120717144698
100
AcDbArc
 50
312.2131794253361
 51
313.131202282697
  0
LINE
  5
591
330
1F
100
AcDbEntity
  8
0
  6
Continuous
 62
7
100
AcDbLine
 10
184.0328902742347
 20
103.616271906473
 30
0.0
 11
185.0076336142127
 21
103.0535645538664
 31
0.0
  0
LWPOLYLINE
  5
592
330
1F
100
AcDbEntity
  8
0
  6
Continuous
 62
7
100
AcDbPolyline
 90
9
 70
128
 10
186.7680131212419
 20
95.70659523462933
 10
186.7672301056017
 20
95.70431303309518
 10
186.766446963172
 20
95.70203083070895
 10
186.7656636939579
 20
95.6997486274853
 10
186.7648802979644
 20
95.69746642343883
 10
186.7640967751966
 20
95.69518421858409
 10
186.7633131256593
 20
95.69290201293576
 10
186.7625293493577
 20
95.69061980650841
 10
186.7617454462967
 20
95.68833759931663
  0
LWPOLYLINE
  5
593
330
1F
100
AcDbEntity
  8
0
  6
Continuous
 62
7
100
AcDbPolyline
 90
9
 70
128
 10
176.2746444995223
 20
77.81332022418542
 10
176.2730415656163
 20
77.81153412379888
 10
176.2714385720842
 20
77.80974813707496
 10
176.2698355189362
 20
77.80796226402506
 10
176.2682324061826
 20
77.80617650466063
 10
176.2666292338336
 20
77.80439085899307
 10
176.2650260018997
 20
77.80260532703382
 10
176.2634227103909
 20
77.8008199087943
 10
176.2618193593175
 20
77.79903460428598
  0
LINE
  5
594
330
1F
100
AcDbEntity
  8
0
  6
Continuous
 62
7
100
AcDbLine
 10
168.0089141799777
 20
76.30378082268798
 30
0.0
 11
168.8415324074169
 21
75.82312055112888
 31
0.0
  0
LINE
  5
595
330
1F
100
AcDbEntity
  8
0
  6
Continuous
 62
7
100
AcDbLine
 10
184.0366055176065
 20
103.6341738761729
 30
0.0
 11
185.0875348796133
 21
103.0274852692165
 31
0.0
  0
LINE
  5
596
330
1F
100
AcDbEntity
  8
0
  6
Continuous
 62
7
100
AcDbLine
 10
190.0247030939461
 20
102.6712375722411
 30
0.0
 11
185.7820624068267
 21
105.1204619077092
 31
0.0
  0
SPLINE
  5
597
330
1F
100
AcDbEntity
  8
0
  6
Continuous
 62
7
100
AcDbSpline
 70
8
 71
3
 72
16
 73
12
 74
0
 42
1e-08
 40
0.6913541569758196
 40
0.6913541569758196
 40
0.6913541569758196
 40
0.6913541569758196
 40
0.7036234234120807
 40
0.7352078064784933
 40
0.7653342976763053
 40
0.7940028970059789
 40
0.8212136044680466
 40
0.846966420063132
 40
0.8712613437919742
 40
0.8940983756554498
 40
1.0
 40
1.0
 40
1.0
 40
1.0
 10
190.0247030939466
 20
102.6712375722415
 30
0.0
 10
190.0009270288304
 20
102.6521104213055
 30
0.0
 10
189.9158825963894
 20
102.5840752602333
 30
0.0
 10
189.7720462166336
 20
102.4713373170169
 30
0.0
 10
189.5957318020655
 20
102.3373312670448
 30
0.0
 10
189.4274543396472
 20
102.2133944796917
 30
0.0
 10
189.2673196786889
 20
102.0992400623692
 30
0.0
 10
189.1154615572412
 20
101.9944317995626
 30
0.0
 10
188.9718731662258
 20
101.8990067352284
 30
0.0
 10
188.6705672251862
 20
101.7032048055275
 30
0.0
 10
188.4112136500524
 20
101.5743127654735
 30
0.0
 10
188.2792462047258
 20
101.1849495407048
 30
0.0
  0
LINE
  5
598
330
1F
100
AcDbEntity
  8
0
  6
Continuous
 62
7
100
AcDbLine
 10
185.9025280629105
 20
105.81948614163
 30
0.0
 11
190.1451687500298
 21
103.3702618061619
 31
0.0
  0
ARC
  5
599
330
1F
100
AcDbEntity
  8
0
  6
Continuous
 62
7
100
AcDbCircle
 10
148.6213093940301
 20
110.1663431191795
 30
0.0
 40
42.07633084086578
100
AcDbArc
 50
349.7390760567526
 51
350.7049874633103
  0
LWPOLYLINE
  5
59A
330
1F
100
AcDbEntity
  8
0
  6
Continuous
 62
7
100
AcDbPolyline
 90
9
 70
128
 10
187.6200947300957
 20
98.45925496878594
 10
187.6194683341203
 20
98.456984458139
 10
187.618841805901
 20
98.45471392902283
 10
187.6182151454419
 20
98.45244338145189
 10
187.6175883527471
 20
98.45017281544072
 10
187.6169614278205
 20
98.4479022310039
 10
187.6163343706662
 20
98.44563162815591
 10
187.6157071812881
 20
98.44336100691132
 10
187.6150798596903
 20
98.44109036728463
  0
LINE
  5
59B
330
1F
100
AcDbEntity
  8
0
  6
Continuous
 62
7
100
AcDbLine
 10
167.9951829891129
 20
76.29194575479313
 30
0.0
 11
168.8841674894414
 21
75.77874592651901
 31
0.0
  0
LINE
  5
59C
330
1F
100
AcDbEntity
  8
0
  6
Continuous
 62
7
100
AcDbLine
 10
167.5386203882167
 20
74.02494325866311
 30
0.0
 11
171.781261075336
 21
71.57571892319498
 31
0.0
  0
SPLINE
  5
59D
330
1F
100
AcDbEntity
  8
0
  6
Continuous
 62
7
100
AcDbSpline
 70
8
 71
3
 72
14
 73
10
 74
0
 42
1e-08
 40
0.0
 40
0.0
 40
0.0
 40
0.0
 40
0.0478919570924186
 40
0.1192025327246394
 40
0.1858998309935198
 40
0.2878579945709552
 40
0.3915081593668793
 40
0.8056410663981992
 40
1.0
 40
1.0
 40
1.0
 40
1.0
 10
172.1787956896943
 20
73.76526526047226
 30
0.0
 10
172.1537267810972
 20
73.73458981382306
 30
0.0
 10
172.0913305546985
 20
73.65823897842105
 30
0.0
 10
172.0227810000331
 20
73.51256564264047
 30
0.0
 10
171.9743717191533
 20
73.32779884734938
 30
0.0
 10
171.9640887941086
 20
73.13339958885724
 30
0.0
 10
171.939895033856
 20
72.69464322271811
 30
0.0
 10
171.8795687467309
 20
72.17303836092707
 30
0.0
 10
171.8050599864044
 20
71.72032159739415
 30
0.0
 10
171.781261075336
 20
71.57571892319498
 30
0.0
  0
LWPOLYLINE
  5
59E
330
1F
100
AcDbEntity
  8
0
  6
Continuous
 62
7
100
AcDbPolyline
 90
9
 70
128
 10
174.2973694020337
 20
75.74136553047941
 10
174.2957020109078
 20
75.73972488613792
 10
174.2940345728109
 20
75.73808436871867
 10
174.2923670877537
 20
75.7364439782322
 10
174.2906995557467
 20
75.73480371468902
 10
174.2890319768006
 20
75.7331635780996
 10
174.2873643509263
 20
75.73152356847444
 10
174.2856966781342
 20
75.72988368582406
 10
174.2840289584351
 20
75.72824393015891
  0
LINE
  5
59F
330
1F
100
AcDbEntity
  8
0
  6
Continuous
 62
7
100
AcDbLine
 10
171.2333924275057
 20
71.13558302549384
 30
0.0
 11
166.9907517403864
 21
73.58480736096196
 31
0.0
  0
ARC
  5
5A0
330
1F
100
AcDbEntity
  8
0
  6
Continuous
 62
7
100
AcDbCircle
 10
145.880912869803
 20
103.2546821494748
 30
0.0
 40
40.91924667268266
100
AcDbArc
 50
308.2849935138096
 51
309.2690293444976
  0
LINE
  5
5A1
330
1F
100
AcDbEntity
  8
0
  6
Continuous
 62
7
100
AcDbLine
 10
184.494291610181
 20
106.2899820180035
 30
0.0
 11
185.0766653644957
 21
105.9537848057964
 31
0.0
  0
LINE
  5
5A2
330
1F
100
AcDbEntity
  8
0
  6
Continuous
 62
7
100
AcDbLine
 10
165.913661426691
 20
74.61973405753879
 30
0.0
 11
166.4430987339259
 21
74.3140964057524
 31
0.0
  0
LINE
  5
5A3
330
1F
100
AcDbEntity
  8
0
  6
Continuous
 62
7
100
AcDbLine
 10
184.4966725382929
 20
106.3074542100343
 30
0.0
 11
185.1184716100911
 21
105.948497246499
 31
0.0
  0
LINE
  5
5A4
330
1F
100
AcDbEntity
  8
0
  6
Continuous
 62
7
100
AcDbLine
 10
190.4366160024217
 20
105.5090169979308
 30
0.0
 11
186.1939753153023
 21
107.958241333399
 31
0.0
  0
SPLINE
  5
5A5
330
1F
100
AcDbEntity
  8
0
  6
Continuous
 62
7
100
AcDbSpline
 70
8
 71
3
 72
13
 73
9
 74
0
 42
1e-08
 40
0.0
 40
0.0
 40
0.0
 40
0.0
 40
0.047373110032812
 40
0.1195096024499018
 40
0.2297824993236762
 40
0.3418853808630209
 40
0.7897910094733028
 40
1.0
 40
1.0
 40
1.0
 40
1.0
 10
188.8492988391179
 20
104.1183515821927
 30
0.0
 10
188.8676174746125
 20
104.150734906291
 30
0.0
 10
188.9138304600777
 20
104.2324293144968
 30
0.0
 10
189.0350877300867
 20
104.3571098754433
 30
0.0
 10
189.1951908126612
 20
104.4770870605709
 30
0.0
 10
189.5613435039753
 20
104.7460162220255
 30
0.0
 10
189.976759714229
 20
105.0912605781987
 30
0.0
 10
190.3252912324252
 20
105.4078840167466
 30
0.0
 10
190.4366160024217
 20
105.5090169979308
 30
0.0
  0
LINE
  5
5A6
330
1F
100
AcDbEntity
  8
0
  6
Continuous
 62
7
100
AcDbLine
 10
165.8996676929894
 20
74.60929602290977
 30
0.0
 11
166.4649466461959
 21
74.28296742932308
 31
0.0
  0
LINE
  5
5A7
330
1F
100
AcDbEntity
  8
0
  6
Continuous
 62
7
100
AcDbLine
 10
165.2777914802346
 20
72.30709700182182
 30
0.0
 11
169.5204321673539
 21
69.85787266635369
 31
0.0
  0
SPLINE
  5
5A8
330
1F
100
AcDbEntity
  8
0
  6
Continuous
 62
7
100
AcDbSpline
 70
8
 71
3
 72
13
 73
9
 74
0
 42
1e-08
 40
0.0
 40
0.0
 40
0.0
 40
0.0
 40
0.0209656520073339
 40
0.0951018165055579
 40
0.2084315522385032
 40
0.3236420010426021
 40
0.7839638748916916
 40
1.0
 40
1.0
 40
1.0
 40
1.0
 10
169.9384412945836
 20
71.88314240228101
 30
0.0
 10
169.9303409032496
 20
71.86939037178277
 30
0.0
 10
169.8935969026341
 20
71.80701009948955
 30
0.0
 10
169.8522097850331
 20
71.65808316412885
 30
0.0
 10
169.8230233113294
 20
71.45837603324648
 30
0.0
 10
169.7651197562074
 20
71.00295906754783
 30
0.0
 10
169.6633167391389
 20
70.46760711553114
 30
0.0
 10
169.5550225219895
 20
70.00548084103018
 30
0.0
 10
169.5204321673539
 20
69.85787266635369
 30
0.0
  0
LINE
  5
5A9
330
1F
100
AcDbEntity
  8
0
  6
Continuous
 62
7
100
AcDbLine
 10
186.2612672230816
 20
108.6370563524135
 30
0.0
 11
190.5039079102009
 21
106.1878320169454
 31
0.0
  0
ARC
  5
5AA
330
1F
100
AcDbEntity
  8
0
  6
Continuous
 62
7
100
AcDbCircle
 10
153.2328124491637
 20
109.5398263591614
 30
0.0
 40
37.42152352505166
100
AcDbArc
 50
353.8164650551522
 51
354.8609017493425
  0
LINE
  5
5AB
330
1F
100
AcDbEntity
  8
0
  6
Continuous
 62
7
100
AcDbLine
 10
168.9647692402575
 20
69.47487579342233
 30
0.0
 11
164.7221285531382
 21
71.92410012889046
 31
0.0
  0
ARC
  5
5AC
330
1F
100
AcDbEntity
  8
0
  6
Continuous
 62
7
100
AcDbCircle
 10
148.6783901318907
 20
99.501524977617
 30
0.0
 40
36.2372300067083
100
AcDbArc
 50
304.0434516021231
 51
305.110522474105
  0
LINE
  5
5AD
330
1F
100
AcDbEntity
  8
0
  6
Continuous
 62
7
100
AcDbLine
 10
184.752335200454
 20
108.8864813264247
 30
0.0
 11
185.1865894662178
 21
108.6357916748785
 31
0.0
  0
LINE
  5
5AE
330
1F
100
AcDbEntity
  8
0
  6
Continuous
 62
7
100
AcDbLine
 10
163.7885332654766
 20
73.15417306140452
 30
0.0
 11
164.1993280576271
 21
72.91702627570733
 31
0.0
  0
LINE
  5
5AF
330
1F
100
AcDbEntity
  8
0
  6
Continuous
 62
7
100
AcDbLine
 10
184.7533595832218
 20
108.9033606076371
 30
0.0
 11
185.2120074246522
 21
108.6385888446048
 31
0.0
  0
LINE
  5
5B0
330
1F
100
AcDbEntity
  8
0
  6
Continuous
 62
7
100
AcDbLine
 10
190.629301676424
 20
108.2540095327715
 30
0.0
 11
186.3866609893048
 21
110.7032338682396
 31
0.0
  0
SPLINE
  5
5B1
330
1F
100
AcDbEntity
  8
0
  6
Continuous
 62
7
100
AcDbSpline
 70
8
 71
3
 72
12
 73
8
 74
0
 42
1e-08
 40
0.0
 40
0.0
 40
0.0
 40
0.0
 40
0.0116033047465106
 40
0.1353904205961956
 40
0.2612317903035591
 40
0.7640293725777566
 40
1.0
 40
1.0
 40
1.0
 40
1.0
 10
189.2296997337366
 20
106.9234167398571
 30
0.0
 10
189.2346061477373
 20
106.9296040879025
 30
0.0
 10
189.2918554805508
 20
107.0017996970442
 30
0.0
 10
189.4217416267244
 20
107.1014447345568
 30
0.0
 10
189.7775267152993
 20
107.4123094758187
 30
0.0
 10
190.1846504244087
 20
107.793856887246
 30
0.0
 10
190.5216578328358
 20
108.1426130188133
 30
0.0
 10
190.629301676424
 20
108.2540095327715
 30
0.0
  0
LINE
  5
5B2
330
1F
100
AcDbEntity
  8
0
  6
Continuous
 62
7
100
AcDbLine
 10
163.7744076446594
 20
73.14522951715831
 30
0.0
 11
164.2082782120775
 21
72.89476136995232
 31
0.0
  0
LINE
  5
5B3
330
1F
100
AcDbEntity
  8
0
  6
Continuous
 62
7
100
AcDbLine
 10
162.9930241106891
 20
70.82932898307861
 30
0.0
 11
167.2356647978084
 21
68.3801046476105
 31
0.0
  0
SPLINE
  5
5B4
330
1F
100
AcDbEntity
  8
0
  6
Continuous
 62
7
100
AcDbSpline
 70
8
 71
3
 72
11
 73
7
 74
0
 42
1e-08
 40
0.0
 40
0.0
 40
0.0
 40
0.0
 40
0.1064681897883342
 40
0.2365191047361766
 40
0.7561358711491863
 40
1.0
 40
1.0
 40
1.0
 40
1.0
 10
167.7036181004645
 20
70.20292284950753
 30
0.0
 10
167.6874463266136
 20
70.1382373337698
 30
0.0
 10
167.6515207277956
 20
69.99453844772597
 30
0.0
 10
167.5656515277329
 20
69.54203084336363
 30
0.0
 10
167.4215547543917
 20
68.99634873091237
 30
0.0
 10
167.2806661540856
 20
68.5292887135823
 30
0.0
 10
167.2356647978084
 20
68.3801046476105
 30
0.0
  0
LINE
  5
5B5
330
1F
100
AcDbEntity
  8
0
  6
Continuous
 62
7
100
AcDbLine
 10
186.4001508623673
 20
111.3555017594121
 30
0.0
 11
190.6427915494866
 21
108.906277423944
 31
0.0
  0
ARC
  5
5B6
330
1F
100
AcDbEntity
  8
0
  6
Continuous
 62
7
100
AcDbCircle
 10
157.9064818552531
 20
109.2570397045099
 30
0.0
 40
32.73818881022946
100
AcDbArc
 50
358.2443014603895
 51
359.3861119523428
  0
LINE
  5
5B7
330
1F
100
AcDbEntity
  8
0
  6
Continuous
 62
7
100
AcDbLine
 10
184.8046117615775
 20
111.3815270172825
 30
0.0
 11
185.1554195340506
 21
111.1790100009297
 31
0.0
  0
LINE
  5
5B8
330
1F
100
AcDbEntity
  8
0
  6
Continuous
 62
7
100
AcDbLine
 10
166.6773956664811
 20
68.05782273805862
 30
0.0
 11
162.4347549793618
 21
70.50704707352675
 31
0.0
  0
ARC
  5
5B9
330
1F
100
AcDbEntity
  8
0
  6
Continuous
 62
7
100
AcDbCircle
 10
151.168996887754
 20
95.56673675967455
 30
0.0
 40
31.57927775185305
100
AcDbArc
 50
299.4125227223463
 51
300.5821007449558
  0
LINE
  5
5BA
330
1F
100
AcDbEntity
  8
0
  6
Continuous
 62
7
100
AcDbLine
 10
161.6533714453914
 20
71.92078138243224
 30
0.0
 11
161.9873868860972
 21
71.72795837286594
 31
0.0
  0
LINE
  5
5BB
330
1F
100
AcDbEntity
  8
0
  6
Continuous
 62
7
100
AcDbLine
 10
184.8042700346152
 20
111.3976557903756
 30
0.0
 11
185.1766601373555
 21
111.1826795599613
 31
0.0
  0
LINE
  5
5BC
330
1F
100
AcDbEntity
  8
0
  6
Continuous
 62
7
100
AcDbLine
 10
190.6009610617314
 20
110.880585921063
 30
0.0
 11
186.3583203746121
 21
113.3298102565311
 31
0.0
  0
SPLINE
  5
5BD
330
1F
100
AcDbEntity
  8
0
  6
Continuous
 62
7
100
AcDbSpline
 70
8
 71
3
 72
11
 73
7
 74
0
 42
1e-08
 40
0.0
 40
0.0
 40
0.0
 40
0.0
 40
0.0091427043451975
 40
0.1533590561414788
 40
0.7295736442073631
 40
0.9999999999999998
 40
0.9999999999999998
 40
0.9999999999999998
 40
0.9999999999999998
 10
189.4234956769676
 20
109.6101619485458
 30
0.0
 10
189.4271219388977
 20
109.6139619353706
 30
0.0
 10
189.4879485921414
 20
109.6777026373326
 30
0.0
 10
189.7867631462144
 20
109.957284239569
 30
0.0
 10
190.1747156870417
 20
110.3840032811812
 30
0.0
 10
190.497773023386
 20
110.7603702154425
 30
0.0
 10
190.6009610617314
 20
110.880585921063
 30
0.0
  0
LINE
  5
5BE
330
1F
100
AcDbEntity
  8
0
  6
Continuous
 62
7
100
AcDbLine
 10
161.6392458245742
 20
71.91341583203173
 30
0.0
 11
161.993810500848
 21
71.70873000127926
 31
0.0
  0
LINE
  5
5BF
330
1F
100
AcDbEntity
  8
0
  6
Continuous
 62
7
100
AcDbLine
 10
160.7056505369127
 20
69.60543672426166
 30
0.0
 11
164.948291224032
 21
67.15621238879356
 31
0.0
  0
SPLINE
  5
5C0
330
1F
100
AcDbEntity
  8
0
  6
Continuous
 62
7
100
AcDbSpline
 70
8
 71
3
 72
10
 73
6
 74
0
 42
1e-08
 40
0.0
 40
0.0
 40
0.0
 40
0.0
 40
0.1220695213680372
 40
0.719579425377524
 40
1.0
 40
1.0
 40
1.0
 40
1.0
 10
165.4714367930299
 20
68.7540079769825
 30
0.0
 10
165.453869013968
 20
68.6892943088632
 30
0.0
 10
165.3503098927321
 20
68.30781805174765
 30
0.0
 10
165.176289667285
 20
67.77346526802405
 30
0.0
 10
165.0034864554693
 20
67.30564067013788
 30
0.0
 10
164.948291224032
 20
67.15621238879356
 30
0.0
  0
LINE
  5
5C1
330
1F
100
AcDbEntity
  8
0
  6
Continuous
 62
7
100
AcDbLine
 10
186.317882261648
 20
113.9494409703057
 30
0.0
 11
190.5605229487672
 21
111.5002166348376
 31
0.0
  0
ARC
  5
5C2
330
1F
100
AcDbEntity
  8
0
  6
Continuous
 62
7
100
AcDbCircle
 10
162.4151723583088
 20
109.3522701754016
 30
0.0
 40
28.22719316284253
100
AcDbArc
 50
3.103705048459018
 51
4.364137322205549
  0
LINE
  5
5C3
330
1F
100
AcDbEntity
  8
0
  6
Continuous
 62
7
100
AcDbLine
 10
184.6506332013853
 20
113.7518235212148
 30
0.0
 11
184.9439587079712
 21
113.5824903106215
 31
0.0
  0
LINE
  5
5C4
330
1F
100
AcDbEntity
  8
0
  6
Continuous
 62
7
100
AcDbLine
 10
164.3926282969357
 20
66.8976545019765
 30
0.0
 11
160.1499876098163
 21
69.34687883744462
 31
0.0
  0
ARC
  5
5C5
330
1F
100
AcDbEntity
  8
0
  6
Continuous
 62
7
100
AcDbCircle
 10
153.2213375681003
 20
91.63207246635967
 30
0.0
 40
27.14017628139075
100
AcDbArc
 50
294.3062970701771
 51
295.600164483371
  0
LINE
  5
5C6
330
1F
100
AcDbEntity
  8
0
  6
Continuous
 62
7
100
AcDbLine
 10
159.5281113970615
 20
70.93107486640923
 30
0.0
 11
159.8102019805844
 21
70.76822743884642
 31
0.0
  0
LINE
  5
5C7
330
1F
100
AcDbEntity
  8
0
  6
Continuous
 62
7
100
AcDbLine
 10
184.6489285553055
 20
113.7670511961799
 30
0.0
 11
184.9602999789311
 21
113.5873002994263
 31
0.0
  0
LINE
  5
5C8
330
1F
100
AcDbEntity
  8
0
  6
Continuous
 62
7
100
AcDbLine
 10
190.3518587670272
 20
113.3642225267603
 30
0.0
 11
186.1092180799079
 21
115.8134468622284
 31
0.0
  0
SPLINE
  5
5C9
330
1F
100
AcDbEntity
  8
0
  6
Continuous
 62
7
100
AcDbSpline
 70
8
 71
3
 72
10
 73
6
 74
0
 42
1e-08
 40
0.0
 40
0.0
 40
0.0
 40
0.0
 40
0.0179814077335382
 40
0.6863325461004353
 40
0.9999999999999998
 40
0.9999999999999998
 40
0.9999999999999998
 40
0.9999999999999998
 10
189.3897962775795
 20
112.1760627563251
 30
0.0
 10
189.3958254788646
 20
112.1827542348457
 30
0.0
 10
189.6259541278709
 20
112.4381613508123
 30
0.0
 10
189.948787822924
 20
112.8341228521647
 30
0.0
 10
190.2542809339156
 20
113.2358928162294
 30
0.0
 10
190.3518587670272
 20
113.3642225267603
 30
0.0
  0
LINE
  5
5CA
330
1F
100
AcDbEntity
  8
0
  6
Continuous
 62
7
100
AcDbLine
 10
159.5141176633599
 20
70.925356080014
 30
0.0
 11
159.8135629710839
 21
70.75248998342329
 31
0.0
  0
LINE
  5
5CB
330
1F
100
AcDbEntity
  8
0
  6
Continuous
 62
7
100
AcDbLine
 10
158.4370273496646
 20
68.64684737763179
 30
0.0
 11
162.6796680367838
 21
66.19762304216367
 31
0.0
  0
SPLINE
  5
5CC
330
1F
100
AcDbEntity
  8
0
  6
Continuous
 62
7
100
AcDbSpline
 70
8
 71
3
 72
9
 73
5
 74
0
 42
1e-08
 40
0.0
 40
0.0
 40
0.0
 40
0.0
 40
0.6739421215554198
 40
1.0
 40
1.0
 40
1.0
 40
1.0
 10
163.2308542867936
 20
67.56833236225185
 30
0.0
 10
163.1156048615904
 20
67.25921794032949
 30
0.0
 10
162.9445969641508
 20
66.80055181450707
 30
0.0
 10
162.7448101134609
 20
66.34587424564363
 30
0.0
 10
162.6796680367838
 20
66.19762304216367
 30
0.0
  0
LINE
  5
5CD
330
1F
100
AcDbEntity
  8
0
  6
Continuous
 62
7
100
AcDbLine
 10
186.0152295406822
 20
116.394655073581
 30
0.0
 11
190.2578702278015
 21
113.9454307381129
 31
0.0
  0
ARC
  5
5CE
330
1F
100
AcDbEntity
  8
0
  6
Continuous
 62
7
100
AcDbCircle
 10
166.5541124601939
 20
109.8140369706834
 30
0.0
 40
24.06110028171979
100
AcDbArc
 50
8.484900335295553
 51
9.886923977071794
  0
LINE
  5
5CF
330
1F
100
AcDbEntity
  8
0
  6
Continuous
 62
7
100
AcDbLine
 10
184.2918371762068
 20
115.9752400184058
 30
0.0
 11
184.5311961502451
 21
115.837061023916
 31
0.0
  0
LINE
  5
5D0
330
1F
100
AcDbEntity
  8
0
  6
Continuous
 62
7
100
AcDbLine
 10
162.1317993889535
 20
66.00520326340603
 30
0.0
 11
157.8891587018342
 21
68.45442759887416
 31
0.0
  0
ARC
  5
5D1
330
1F
100
AcDbEntity
  8
0
  6
Continuous
 62
7
100
AcDbCircle
 10
154.7570169075653
 20
87.87927902922826
 30
0.0
 40
23.08381699929026
100
AcDbArc
 50
288.6313877559524
 51
290.0727092353784
  0
LINE
  5
5D2
330
1F
100
AcDbEntity
  8
0
  6
Continuous
 62
7
100
AcDbLine
 10
157.432596100938
 20
70.19429413641379
 30
0.0
 11
157.6592105522473
 21
70.06347239829192
 31
0.0
  0
LINE
  5
5D3
330
1F
100
AcDbEntity
  8
0
  6
Continuous
 62
7
100
AcDbLine
 10
184.2887855268306
 20
115.9894244185446
 30
0.0
 11
184.5490777858086
 21
115.8391608958856
 31
0.0
  0
LINE
  5
5D4
330
1F
100
AcDbEntity
  8
0
  6
Continuous
 62
7
100
AcDbLine
 10
189.88432059332
 20
115.6817303040555
 30
0.0
 11
185.6416799062007
 21
118.1309546395236
 31
0.0
  0
SPLINE
  5
5D5
330
1F
100
AcDbEntity
  8
0
  6
Continuous
 62
7
100
AcDbSpline
 70
8
 71
3
 72
9
 73
5
 74
0
 42
1e-08
 40
0.0
 40
0.0
 40
0.0
 40
0.0
 40
0.6322132947146198
 40
1.0
 40
1.0
 40
1.0
 40
1.0
 10
189.1152659769203
 20
114.6050421319233
 30
0.0
 10
189.2824146816202
 20
114.8267848460332
 30
0.0
 10
189.5468012519395
 20
115.1775251989548
 30
0.0
 10
189.7935643913064
 20
115.5461536577286
 30
0.0
 10
189.88432059332
 20
115.6817303040555
 30
0.0
  0
LINE
  5
5D6
330
1F
100
AcDbEntity
  8
0
  6
Continuous
 62
7
100
AcDbLine
 10
157.4188649100732
 20
70.19027550879153
 30
0.0
 11
157.6652980663204
 21
70.04801267583954
 31
0.0
  0
LINE
  5
5D7
330
1F
100
AcDbEntity
  8
0
  6
Continuous
 62
7
100
AcDbLine
 10
156.2083360723969
 20
67.96251103364062
 30
0.0
 11
160.4509767595162
 21
65.5132866981725
 31
0.0
  0
SPLINE
  5
5D8
330
1F
100
AcDbEntity
  8
0
  6
Continuous
 62
7
100
AcDbSpline
 70
8
 71
3
 72
9
 73
5
 74
0
 42
1e-08
 40
0.0
 40
0.0
 40
0.0
 40
0.0
 40
0.6160164015389654
 40
1.0
 40
1.0
 40
1.0
 40
1.0
 10
160.9941753473201
 20
66.66193964361403
 30
0.0
 10
160.8891324434019
 20
66.42410474225707
 30
0.0
 10
160.7186127889644
 20
66.03801940303103
 30
0.0
 10
160.5252318632469
 20
65.6588727820436
 30
0.0
 10
160.4509767595162
 20
65.5132866981725
 30
0.0
  0
LINE
  5
5D9
330
1F
100
AcDbEntity
  8
0
  6
Continuous
 62
7
100
AcDbLine
 10
185.4950184863806
 20
118.6683137639827
 30
0.0
 11
189.7376591734998
 21
116.2190894285146
 31
0.0
  0
ARC
  5
5DA
330
1F
100
AcDbEntity
  8
0
  6
Continuous
 62
7
100
AcDbCircle
 10
170.1564010415126
 20
110.5860831537974
 30
0.0
 40
20.3753878422601
100
AcDbArc
 50
14.48274041367613
 51
16.04911723077514
  0
LINE
  5
5DB
330
1F
100
AcDbEntity
  8
0
  6
Continuous
 62
7
100
AcDbLine
 10
183.7315736678566
 20
118.0310170680881
 30
0.0
 11
183.9255444356001
 21
117.919040127366
 31
0.0
  0
LINE
  5
5DC
330
1F
100
AcDbEntity
  8
0
  6
Continuous
 62
7
100
AcDbLine
 10
159.9160176929014
 20
65.38880159910384
 30
0.0
 11
155.6733770057822
 21
67.83802593457197
 31
0.0
  0
ARC
  5
5DD
330
1F
100
AcDbEntity
  8
0
  6
Continuous
 62
7
100
AcDbCircle
 10
155.7563183601399
 20
84.47628886987775
 30
0.0
 40
19.5354874229166
100
AcDbArc
 50
282.2941372284007
 51
283.905095611536
  0
LINE
  5
5DE
330
1F
100
AcDbEntity
  8
0
  6
Continuous
 62
7
100
AcDbLine
 10
155.386390818735
 20
69.71731831560707
 30
0.0
 11
155.5582170201819
 21
69.61812516089745
 31
0.0
  0
LINE
  5
5DF
330
1F
100
AcDbEntity
  8
0
  6
Continuous
 62
7
100
AcDbLine
 10
183.7272035076121
 20
118.0440257574784
 30
0.0
 11
183.9406221509549
 21
117.9208217971466
 31
0.0
  0
LINE
  5
5E0
330
1F
100
AcDbEntity
  8
0
  6
Continuous
 62
7
100
AcDbLine
 10
189.2027118185666
 20
117.8114713072502
 30
0.0
 11
184.9600711314473
 21
120.2606956427183
 31
0.0
  0
SPLINE
  5
5E1
330
1F
100
AcDbEntity
  8
0
  6
Continuous
 62
7
100
AcDbSpline
 70
8
 71
3
 72
9
 73
5
 74
0
 42
1e-08
 40
0.0
 40
0.0
 40
0.0
 40
0.0
 40
0.5591219978318063
 40
1.0
 40
1.0
 40
1.0
 40
1.0
 10
188.6106908062581
 20
116.8696744188324
 30
0.0
 10
188.7254831475873
 20
117.041955582555
 30
0.0
 10
188.9307913661414
 20
117.3500836197111
 30
0.0
 10
189.119509947462
 20
117.6702964946699
 30
0.0
 10
189.2027118185666
 20
117.8114713072502
 30
0.0
  0
LINE
  5
5E2
330
1F
100
AcDbEntity
  8
0
  6
Continuous
 62
7
100
AcDbLine
 10
155.3730503751365
 20
69.71503736760116
 30
0.0
 11
155.5741298569651
 21
69.59895665358898
 31
0.0
  0
LINE
  5
5E3
330
1F
100
AcDbEntity
  8
0
  6
Continuous
 62
7
100
AcDbLine
 10
154.0403853950774
 20
67.55881715634766
 30
0.0
 11
158.2830260821967
 21
65.10959282087954
 31
0.0
  0
SPLINE
  5
5E4
330
1F
100
AcDbEntity
  8
0
  6
Continuous
 62
7
100
AcDbSpline
 70
8
 71
3
 72
9
 73
5
 74
0
 42
1e-08
 40
0.0
 40
0.0
 40
0.0
 40
0.0
 40
0.536255950956321
 40
1.0
 40
1.0
 40
1.0
 40
1.0
 10
158.7912724539726
 20
66.03810320476418
 30
0.0
 10
158.7049874766613
 20
65.86987142850384
 30
0.0
 10
158.5440848756599
 20
65.55615597982614
 30
0.0
 10
158.3657348467503
 20
65.25107316207644
 30
0.0
 10
158.2830260821967
 20
65.10959282087954
 30
0.0
  0
LINE
  5
5E5
330
1F
100
AcDbEntity
  8
0
  6
Continuous
 62
7
100
AcDbLine
 10
184.7621061691937
 20
120.7491885029224
 30
0.0
 11
189.004746856313
 21
118.2999641674543
 31
0.0
  0
ARC
  5
5E6
330
1F
100
AcDbEntity
  8
0
  6
Continuous
 62
7
100
AcDbCircle
 10
173.105276192427
 20
111.5722387942914
 30
0.0
 40
17.26428266938628
100
AcDbArc
 50
21.18591767994278
 51
22.93523711470902
  0
LINE
  5
5E7
330
1F
100
AcDbEntity
  8
0
  6
Continuous
 62
7
100
AcDbLine
 10
182.9750737057575
 20
119.8999604338478
 30
0.0
 11
183.1037163792442
 21
119.8256965991941
 31
0.0
  0
LINE
  5
5E8
330
1F
100
AcDbEntity
  8
0
  6
Continuous
 62
7
100
AcDbLine
 10
157.7659713654657
 20
65.05420468532921
 30
0.0
 11
153.5233306783464
 21
67.50342902079734
 31
0.0
  0
ARC
  5
5E9
330
1F
100
AcDbEntity
  8
0
  6
Continuous
 62
7
100
AcDbCircle
 10
156.2588373216817
 20
81.56455423627432
 30
0.0
 40
16.57899560649941
100
AcDbArc
 50
275.2157441652587
 51
277.0129438973486
  0
LINE
  5
5EA
330
1F
100
AcDbEntity
  8
0
  6
Continuous
 62
7
100
AcDbLine
 10
153.4086004178527
 20
69.50460079871385
 30
0.0
 11
153.527338457746
 21
69.43605478732634
 31
0.0
  0
LINE
  5
5EB
330
1F
100
AcDbEntity
  8
0
  6
Continuous
 62
7
100
AcDbLine
 10
182.9694258376534
 20
119.9116719538617
 30
0.0
 11
183.1199698286625
 21
119.8247647577238
 31
0.0
  0
LINE
  5
5EC
330
1F
100
AcDbEntity
  8
0
  6
Continuous
 62
7
100
AcDbLine
 10
188.3133964402473
 20
119.7335607184251
 30
0.0
 11
184.070755753128
 21
122.1827850538932
 31
0.0
  0
SPLINE
  5
5ED
330
1F
100
AcDbEntity
  8
0
  6
Continuous
 62
7
100
AcDbSpline
 70
8
 71
3
 72
9
 73
5
 74
0
 42
1e-08
 40
0.0
 40
0.0
 40
0.0
 40
0.0
 40
0.4522133341592033
 40
1.0
 40
1.0
 40
1.0
 40
1.0
 10
187.8826569943572
 20
118.9477328566171
 30
0.0
 10
187.9510262587981
 20
119.0644715940562
 30
0.0
 10
188.1022143359212
 20
119.3226212960241
 30
0.0
 10
188.2386556872953
 20
119.5881226286498
 30
0.0
 10
188.3133964402473
 20
119.7335607184251
 30
0.0
  0
LINE
  5
5EE
330
1F
100
AcDbEntity
  8
0
  6
Continuous
 62
7
100
AcDbLine
 10
153.3957752776479
 20
69.50407882692123
 30
0.0
 11
153.5347283787118
 21
69.42386290912084
 31
0.0
  0
LINE
  5
5EF
330
1F
100
AcDbEntity
  8
0
  6
Continuous
 62
7
100
AcDbLine
 10
151.9534168890578
 20
67.43953492671582
 30
0.0
 11
156.1960575761771
 21
64.9903105912477
 31
0.0
  0
SPLINE
  5
5F0
330
1F
100
AcDbEntity
  8
0
  6
Continuous
 62
7
100
AcDbSpline
 70
8
 71
3
 72
9
 73
5
 74
0
 42
1e-08
 40
0.0
 40
0.0
 40
0.0
 40
0.0
 40
0.4167033613079339
 40
1.0
 40
1.0
 40
1.0
 40
1.0
 10
156.64345326899
 20
65.70222058901832
 30
0.0
 10
156.5840725433949
 20
65.60133536252677
 30
0.0
 10
156.441571351639
 20
65.35923214028516
 30
0.0
 10
156.2865064260514
 20
65.12622365657977
 30
0.0
 10
156.1960575761771
 20
64.9903105912477
 30
0.0
  0
LINE
  5
5F1
330
1F
100
AcDbEntity
  8
0
  6
Continuous
 62
7
100
AcDbLine
 10
183.8233355939547
 20
122.6178507236238
 30
0.0
 11
188.0659762810741
 21
120.1686263881557
 31
0.0
  0
ARC
  5
5F2
330
1F
100
AcDbEntity
  8
0
  6
Continuous
 62
7
100
AcDbCircle
 10
175.3421472981743
 20
112.6447479117381
 30
0.0
 40
14.7819001252877
100
AcDbArc
 50
28.65668999095996
 51
30.5967537527753
  0
LINE
  5
5F3
330
1F
100
AcDbEntity
  8
0
  6
Continuous
 62
7
100
AcDbLine
 10
182.0294005262279
 20
121.5646202950381
 30
0.0
 11
182.1043965228149
 21
121.5213260277528
 31
0.0
  0
LINE
  5
5F4
330
1F
100
AcDbEntity
  8
0
  6
Continuous
 62
7
100
AcDbLine
 10
155.7017348099072
 20
65.00453656331382
 30
0.0
 11
151.4590941227879
 21
67.45376089878194
 31
0.0
  0
ARC
  5
5F5
330
1F
100
AcDbEntity
  8
0
  6
Continuous
 62
7
100
AcDbCircle
 10
156.3590257421888
 20
79.2485673529737
 30
0.0
 40
14.25918807318417
100
AcDbArc
 50
267.3579599482449
 51
269.3451526588084
  0
LINE
  5
5F6
330
1F
100
AcDbEntity
  8
0
  6
Continuous
 62
7
100
AcDbLine
 10
182.0225276828869
 20
121.5749252983687
 30
0.0
 11
182.0903557174373
 21
121.5357690074879
 31
0.0
  0
LINE
  5
5F7
330
1F
100
AcDbEntity
  8
0
  6
Continuous
 62
7
100
AcDbLine
 10
187.2246777564366
 20
121.4300525066268
 30
0.0
 11
182.9820370693173
 21
123.8792768420949
 31
0.0
  0
SPLINE
  5
5F8
330
1F
100
AcDbEntity
  8
0
  6
Continuous
 62
7
100
AcDbSpline
 70
8
 71
3
 72
9
 73
5
 74
0
 42
1e-08
 40
0.0
 40
0.0
 40
0.0
 40
0.0
 40
0.2767004908358477
 40
1.0
 40
1.0
 40
1.0
 40
1.0
 10
186.9382388731598
 20
120.8196553362038
 30
0.0
 10
186.9665846238805
 20
120.8753635542346
 30
0.0
 10
187.0690266204055
 20
121.0766939453106
 30
0.0
 10
187.159348201305
 20
121.281741622419
 30
0.0
 10
187.2246777564366
 20
121.4300525066268
 30
0.0
  0
LINE
  5
5F9
330
1F
100
AcDbEntity
  8
0
  6
Continuous
 62
7
100
AcDbLine
 10
151.5055009024449
 20
69.55936954980646
 30
0.0
 11
151.5502520378474
 21
69.5335352692367
 31
0.0
  0
LINE
  5
5FA
330
1F
100
AcDbEntity
  8
0
  6
Continuous
 62
7
100
AcDbLine
 10
149.9669160169758
 20
67.60577805078432
 30
0.0
 11
154.2095567040951
 21
65.1565537153162
 31
0.0
  0
SPLINE
  5
5FB
330
1F
100
AcDbEntity
  8
0
  6
Continuous
 62
7
100
AcDbSpline
 70
8
 71
3
 72
9
 73
5
 74
0
 42
1e-08
 40
0.0
 40
0.0
 40
0.0
 40
0.0
 40
0.2126178767517381
 40
1.0
 40
1.0
 40
1.0
 40
1.0
 10
154.5708975964148
 20
65.65735499103204
 30
0.0
 10
154.5463337087664
 20
65.62080697952224
 30
0.0
 10
154.4308030298618
 20
65.44891168986864
 30
0.0
 10
154.3070206987705
 20
65.28534399455057
 30
0.0
 10
154.2095567040951
 20
65.1565537153162
 30
0.0
  0
LINE
  5
5FC
330
1F
100
AcDbEntity
  8
0
  6
Continuous
 62
7
100
AcDbLine
 10
182.6874718085919
 20
124.2568532304195
 30
0.0
 11
186.9301124957111
 21
121.8076288949514
 31
0.0
  0
ARC
  5
5FD
330
1F
100
AcDbEntity
  8
0
  6
Continuous
 62
7
100
AcDbCircle
 10
176.8697356478586
 20
113.6553610750134
 30
0.0
 40
12.94877032496922
100
AcDbArc
 50
36.8999326910366
 51
39.01903427547234
  0
ARC
  5
5FE
330
1F
100
AcDbEntity
  8
0
  6
Continuous
 62
7
100
AcDbCircle
 10
171.7122749531891
 20
92.82574868116637
 30
0.0
 40
8.678030161408264
100
AcDbArc
 50
126.2139478227461
 51
173.7914287099534
  0
LINE
  5
5FF
330
1F
100
AcDbEntity
  8
0
  6
Continuous
 62
7
100
AcDbLine
 10
153.742581246767
 20
65.24026097093054
 30
0.0
 11
149.4999405596477
 21
67.68948530639867
 31
0.0
  0
ARC
  5
600
330
1F
100
AcDbEntity
  8
0
  6
Continuous
 62
7
100
AcDbCircle
 10
156.1970309163399
 20
77.58842909754422
 30
0.0
 40
12.58974103242735
100
AcDbArc
 50
258.7578276506783
 51
260.9170293710138
  0
LINE
  5
601
330
1F
100
AcDbEntity
  8
0
  6
Continuous
 62
7
100
AcDbLine
 10
185.9467208401458
 20
122.8851069851235
 30
0.0
 11
181.7040801530265
 21
125.3343313205916
 31
0.0
  0
LINE
  5
602
330
1F
100
AcDbEntity
  8
0
  6
Continuous
 62
7
100
AcDbLine
 10
185.7848167214115
 20
122.468794072158
 30
0.0
 11
185.9467208401458
 21
122.8851069851235
 31
0.0
  0
LINE
  5
603
330
1F
100
AcDbEntity
  8
0
  6
Continuous
 62
7
100
AcDbLine
 10
148.0994302022407
 20
68.05599436129549
 30
0.0
 11
152.34207088936
 21
65.60677002582734
 31
0.0
  0
LINE
  5
604
330
1F
100
AcDbEntity
  8
0
  6
Continuous
 62
7
100
AcDbLine
 10
152.5894698738655
 20
65.90593799717264
 30
0.0
 11
152.34207088936
 21
65.60677002582734
 31
0.0
  0
LINE
  5
605
330
1F
100
AcDbEntity
  8
0
  6
Continuous
 62
7
100
AcDbLine
 10
181.3651200672121
 20
125.6508930984974
 30
0.0
 11
185.6077607543314
 21
123.2016687630292
 31
0.0
  0
ARC
  5
606
330
1F
100
AcDbEntity
  8
0
  6
Continuous
 62
7
100
AcDbCircle
 10
177.7500777855454
 20
114.4482634680595
 30
0.0
 40
11.76287744967001
100
AcDbArc
 50
45.82733804121668
 51
48.08658002691244
  0
LINE
  5
607
330
1F
100
AcDbEntity
  8
0
  6
Continuous
 62
7
100
AcDbLine
 10
151.906802764999
 20
65.759177012898
 30
0.0
 11
147.6641620778797
 21
68.20840134836611
 31
0.0
  0
ARC
  5
608
330
1F
100
AcDbEntity
  8
0
  6
Continuous
 62
7
100
AcDbCircle
 10
155.9456053814909
 20
76.59607469320511
 30
0.0
 40
11.56504552124322
100
AcDbArc
 50
249.5600821594909
 51
251.845016641151
  0
LINE
  5
609
330
1F
100
AcDbEntity
  8
0
  6
Continuous
 62
7
100
AcDbLine
 10
184.4914576307759
 20
124.0851387022926
 30
0.0
 11
180.2488169436566
 21
126.5343630377607
 31
0.0
  0
LINE
  5
60A
330
1F
100
AcDbEntity
  8
0
  6
Continuous
 62
7
100
AcDbLine
 10
184.426574351803
 20
123.8835531588914
 30
0.0
 11
184.4914576307759
 21
124.0851387022926
 31
0.0
  0
LINE
  5
60B
330
1F
100
AcDbEntity
  8
0
  6
Continuous
 62
7
100
AcDbLine
 10
146.3683956567379
 20
68.78598030986227
 30
0.0
 11
150.6110363438572
 21
66.33675597439415
 31
0.0
  0
LINE
  5
60C
330
1F
100
AcDbEntity
  8
0
  6
Continuous
 62
7
100
AcDbLine
 10
150.7144425796454
 20
66.44751189628263
 30
0.0
 11
150.6110363438572
 21
66.33675597439415
 31
0.0
  0
LINE
  5
60D
330
1F
100
AcDbEntity
  8
0
  6
Continuous
 62
7
100
AcDbLine
 10
179.8686268117516
 20
126.786954553224
 30
0.0
 11
184.1112674988709
 21
124.3377302177559
 31
0.0
  0
ARC
  5
60E
330
1F
100
AcDbEntity
  8
0
  6
Continuous
 62
7
100
AcDbCircle
 10
178.0975744981152
 20
114.8737534256235
 30
0.0
 40
11.21299960890742
100
AcDbArc
 50
55.23439114922751
 51
57.5669061854641
  0
LINE
  5
60F
330
1F
100
AcDbEntity
  8
0
  6
Continuous
 62
7
100
AcDbLine
 10
150.2115395336639
 20
66.55643970994655
 30
0.0
 11
145.9688988465446
 21
69.00566404541466
 31
0.0
  0
ARC
  5
610
330
1F
100
AcDbEntity
  8
0
  6
Continuous
 62
7
100
AcDbCircle
 10
155.7941940019907
 20
76.23545998266168
 30
0.0
 40
11.17360570059458
100
AcDbArc
 50
240.0245597348665
 51
242.3625541432325
  0
LINE
  5
611
330
1F
100
AcDbEntity
  8
0
  6
Continuous
 62
7
100
AcDbLine
 10
179.8472037261887
 20
126.7653955226951
 30
0.0
 11
178.629834841694
 21
127.46816762079
 31
0.0
  0
LINE
  5
612
330
1F
100
AcDbEntity
  8
0
  6
Continuous
 62
7
100
AcDbLine
 10
144.7899745836122
 20
69.78892021436236
 30
0.0
 11
145.9942735543039
 21
69.09369321691277
 31
0.0
  0
LINE
  5
613
330
1F
100
AcDbEntity
  8
0
  6
Continuous
 62
7
100
AcDbLine
 10
178.0332881278215
 20
127.4510003778793
 30
0.0
 11
176.8622498468138
 21
128.1270263878874
 31
0.0
  0
LINE
  5
614
330
1F
100
AcDbEntity
  8
0
  6
Continuous
 62
7
100
AcDbLine
 10
143.3789042751555
 20
71.05544989514831
 30
0.0
 11
144.540510442861
 21
70.3848689282498
 31
0.0
  0
LINE
  5
615
330
1F
100
AcDbEntity
  8
0
  6
Continuous
 62
7
100
AcDbLine
 10
176.1016204379371
 20
127.8472252892498
 30
0.0
 11
174.9625654238635
 21
128.5047877522646
 31
0.0
  0
LINE
  5
616
330
1F
100
AcDbEntity
  8
0
  6
Continuous
 62
7
100
AcDbLine
 10
142.1483595146312
 20
72.57374410582497
 30
0.0
 11
143.282931764044
 21
71.91876948776637
 31
0.0
  0
LINE
  5
617
330
1F
100
AcDbEntity
  8
0
  6
Continuous
 62
7
100
AcDbLine
 10
174.0738650268509
 20
127.9482758866725
 30
0.0
 11
172.9485184144581
 21
128.5979246578445
 31
0.0
  0
LINE
  5
618
330
1F
100
AcDbEntity
  8
0
  6
Continuous
 62
7
100
AcDbLine
 10
141.1098295669211
 20
74.3296269424338
 30
0.0
 11
142.2334224779032
 21
73.68099056153795
 31
0.0
  0
LINE
  5
619
330
1F
100
AcDbEntity
  8
0
  6
Continuous
 62
7
100
AcDbLine
 10
171.9612318513474
 20
127.7576668783988
 30
0.0
 11
170.8389134328691
 21
128.4055675104341
 31
0.0
  0
LINE
  5
61A
330
1F
100
AcDbEntity
  8
0
  6
Continuous
 62
7
100
AcDbLine
 10
140.2730109063301
 20
76.30670420002622
 30
0.0
 11
141.3962215411197
 21
75.65828850247891
 31
0.0
  0
LINE
  5
61B
330
1F
100
AcDbEntity
  8
0
  6
Continuous
 62
7
100
AcDbLine
 10
169.7832743513771
 20
127.2772770189656
 30
0.0
 11
168.6534472924075
 21
127.929512296891
 31
0.0
  0
LINE
  5
61C
330
1F
100
AcDbEntity
  8
0
  6
Continuous
 62
7
100
AcDbLine
 10
139.6457166832239
 20
78.48651644094245
 30
0.0
 11
140.7791240216304
 21
77.83221431169325
 31
0.0
  0
LINE
  5
61D
330
1F
100
AcDbEntity
  8
0
  6
Continuous
 62
7
100
AcDbLine
 10
167.5607548675367
 20
126.5113448819428
 30
0.0
 11
166.4125251015851
 21
127.1742038164779
 31
0.0
  0
LINE
  5
61E
330
1F
100
AcDbEntity
  8
0
  6
Continuous
 62
7
100
AcDbLine
 10
139.2338037747482
 20
80.84871134560746
 30
0.0
 11
140.3884742620753
 21
80.18213426176612
 31
0.0
  0
LINE
  5
61F
330
1F
100
AcDbEntity
  8
0
  6
Continuous
 62
7
100
AcDbLine
 10
165.3185738022629
 20
125.4646264081528
 30
0.0
 11
164.1370697471141
 21
126.1466941809697
 31
0.0
  0
LINE
  5
620
330
1F
100
AcDbEntity
  8
0
  6
Continuous
 62
7
100
AcDbLine
 10
139.0411181007458
 20
83.37123373665501
 30
0.0
 11
140.2344580110388
 21
82.68233327010194
 31
0.0
  0
LINE
  5
621
330
1F
100
AcDbEntity
  8
0
  6
Continuous
 62
7
100
AcDbLine
 10
163.0804876211325
 20
124.1452655210109
 30
0.0
 11
161.8483265425515
 21
124.856576970986
 31
0.0
  0
LINE
  5
622
330
1F
100
AcDbEntity
  8
0
  6
Continuous
 62
7
100
AcDbLine
 10
139.0694587154384
 20
86.03053150217654
 30
0.0
 11
140.3156797814426
 21
85.31110339423041
 31
0.0
  0
LINE
  5
623
330
1F
100
AcDbEntity
  8
0
  6
Continuous
 62
7
100
AcDbLine
 10
160.8504829033189
 20
122.5753425738325
 30
0.0
 11
159.5676648665294
 21
123.3158976633129
 31
0.0
  0
LINE
  5
624
330
1F
100
AcDbEntity
  8
0
  6
Continuous
 62
7
100
AcDbLine
 10
139.3185610101427
 20
88.80177549544402
 30
0.0
 11
140.6109900823368
 21
88.05567207332437
 31
0.0
  0
LINE
  5
625
330
1F
100
AcDbEntity
  8
0
  6
Continuous
 62
7
100
AcDbLine
 10
158.6139094903686
 20
120.7899925510794
 30
0.0
 11
157.3163786426265
 21
121.539041165533
 31
0.0
  0
LINE
  5
626
330
1F
100
AcDbEntity
  8
0
  6
Continuous
 62
7
100
AcDbLine
 10
139.7860991838497
 20
91.65909135796323
 30
0.0
 11
141.0766437375476
 21
90.91407584521463
 31
0.0
  0
LINE
  5
627
330
1F
100
AcDbEntity
  8
0
  6
Continuous
 62
7
100
AcDbLine
 10
156.3793688596128
 20
118.812974343284
 30
0.0
 11
155.1154875237393
 21
119.5425975080181
 31
0.0
  0
LINE
  5
628
330
1F
100
AcDbEntity
  8
0
  6
Continuous
 62
7
100
AcDbLine
 10
140.4677079586031
 20
94.57580110138763
 30
0.0
 11
141.6997944923175
 21
93.8645326852483
 31
0.0
  0
MULTILEADER
  5
688
330
1F
100
AcDbEntity
  8
0
160
452
310
C4010000170000000C00000016000000000000C00C00000033000000000000000C00000013000000993A00000C00000033000000000000000C00000010000000000000000C00000016000000000000C00C00000012000000FF7F00000C00000013000000010000000C00000014000000010000005400000007000000030000
310
004859941858965740AF329862FEDE614000000000000000005C7CAC2DF5925640B17EB4D3A8DA614000000000000000007B8C2409838557401A312073D208624000000000000000000C00000014000000010000000C00000013000000891300003C0000000600000002000000E172DC90ED8D5740E531DC6AE8F361400000
310
00000000000000CBF9E4A3685E40C2D1B8FD6FA4624000000000000000000C00000013000000112700003C000000060000000200000000CBF9E4A3685E40C2D1B8FD6FA462400000000000000000D76E6A22AE7F5E40C2D1B8FD6FA4624000000000000000000C00000016000000000000C00C00000012000000FF7F00000C
310
00000017000000000000000C000000130000009A3A00000C00000016000000000000C00C00000012000000FF7F00000C00000017000000FFFFFFFF0C0000003300000000000000
100
AcDbMLeader
270
2
300
CONTEXT_DATA{
 40
1.0
 10
121.9950033225426
 20
149.1386707887414
 30
0.0
 41
4.0
140
4.0
145
2.0
174
1
175
6
176
0
177
0
290
1
304

 11
0.0
 21
0.0
 31
1.0
340
11
 12
123.9950033225426
 22
151.1386707887414
 32
0.0
 13
1.0
 23
0.0
 33
0.0
 42
0.0
 43
0.0
 44
0.0
 45
1.0
170
1
 90
-1073741824
171
1
172
5
 91
-1073741824
141
0.0
 92
0
291
0
292
0
173
0
293
0
142
0.0
143
0.0
294
0
295
0
296
0
110
90.29621450275721
120
142.8331087613383
130
0.0
111
1.0
121
0.0
131
0.0
112
0.0
122
1.0
132
0.0
297
0
302
LEADER{
290
1
291
1
 10
121.6350033225426
 20
149.1386707887414
 30
0.0
 11
1.0
 21
0.0
 31
0.0
 90
0
 40
0.36
304
LEADER_LINE{
 10
90.29621450275721
 20
142.8331087613383
 30
0.0
 91
0
 92
-1056964608
305
}
271
0
303
}
272
9
273
9
301
}
340
661
 90
279552
170
1
 91
-1056964608
341
14
171
-2
290
1
291
1
 41
0.36
 42
4.0
172
2
343
11
173
1
 95
6
174
1
175
0
 92
-1056964608
292
0
 93
-1056964608
 10
1.0
 20
1.0
 30
1.0
 43
0.0
176
0
293
0
294
0
178
0
179
1
 45
1.0
271
0
272
9
273
9
295
1
  0
LINE
  5
691
330
1F
100
AcDbEntity
  8
0
370
30
100
AcDbLine
 10
121.9950033225426
 20
149.1386707887414
 30
0.0
 11
127.2672312371659
 21
149.1386707887414
 31
0.0
  0
MTEXT
  5
692
330
1F
100
AcDbEntity
  8
0
370
30
100
AcDbMText
 10
122.1814131795818
 20
152.8358000380321
 30
0.0
 40
3.5
 41
5.085818057584106
 46
0.0
 71
1
 72
5
  1
M3
101
Embedded Object
 70
1
 10
1.0
 20
0.0
 30
0.0
 11
122.1814131795818
 21
152.8358000380321
 31
0.0
 40
5.085818057584106
 41
0.0
 42
6.333333333333333
 43
3.5
 71
2
 72
1
 44
5.085818057584106
 45
17.5
 73
0
 74
0
 46
0.0
  0
DIMENSION
  5
693
330
1F
100
AcDbEntity
  8
0
370
30
100
AcDbDimension
280
0
  2
*D7
  3
ISO-25
 10
93.44734132544234
 20
178.0870429887696
 30
0.0
 11
81.50172913306552
 21
168.0152430876463
 31
0.0
 70
33
 71
5
 42
31.24988344931413
 73
0
 74
0
 75
0
100
AcDbAlignedDimension
 13
82.2962145027572
 23
142.8331087613383
 33
0.0
 14
106.1874388875108
 24
162.9767085635848
 34
0.0
 50
0.0
1001
ACAD
1000
DSTYLE
1002
{
1070
41
1040
4.08
1070
42
1040
0.0
1070
44
1040
2.0
1070
73
1070
1
1070
74
1070
1
1070
78
1070
0
1070
140
1040
3.5
1070
143
1040
0.0393700787401575
1070
147
1040
1.524
1070
179
1070
2
1070
284
1070
0
1002
}
  0
DIMENSION
  5
7A7
330
1F
100
AcDbEntity
  8
0
100
AcDbDimension
280
0
  2
*D12
  3
ISO-25
 10
75.24815408824834
 20
193.2266115827929
 30
0.0
 11
64.28936026541703
 21
180.5590412574031
 31
0.0
 70
33
 71
5
 42
33.50000000000131
 73
0
 74
0
 75
0
100
AcDbAlignedDimension
 13
82.2962145027572
 23
142.8331087613383
 33
0.0
 14
104.2138021484198
 24
168.1682494121179
 34
0.0
 50
0.0
1001
ACAD
1000
DSTYLE
1002
{
1070
41
1040
4.08
1070
42
1040
0.0
1070
44
1040
2.0
1070
73
1070
1
1070
74
1070
1
1070
78
1070
0
1070
140
1040
3.5
1070
143
1040
0.0393700787401575
1070
147
1040
1.524
1070
179
1070
2
1070
284
1070
0
1002
}
  0
DIMENSION
  5
7B8
330
1F
100
AcDbEntity
  8
0
100
AcDbDimension
280
0
  2
*D13
  3
ISO-25
 10
77.36503994700568
 20
140.3972275038241
 30
0.0
 11
153.1845164487189
 21
175.7674653466562
 31
0.0
 70
163
 71
5
 42
10.99999999999997
 73
0
 74
0
 75
0
100
AcDbDiametricDimension
 15
87.22738905850873
 25
145.2689900188524
 35
0.0
 40
0.0
1001
ACAD
1000
DSTYLE
1002
{
1070
41
1040
4.08
1070
42
1040
0.0
1070
44
1040
2.0
1070
73
1070
1
1070
74
1070
1
1070
78
1070
0
1070
140
1040
3.5
1070
143
1040
0.0393700787401575
1070
147
1040
1.524
1070
179
1070
2
1070
271
1070
0
1070
272
1070
0
1070
284
1070
0
1002
}
1001
ACAD_DSTYLE_DIMRADIAL_EXTENSION
1070
387
1070
1
1070
388
1040
0.0
1070
390
1040
0.0
  0
DIMENSION
  5
7C5
330
1F
100
AcDbEntity
  8
0
100
AcDbDimension
280
0
  2
*D14
  3
ISO-25
 10
101.5661759251764
 20
99.46805010864924
 30
0.0
 11
111.2557383544369
 21
105.8167254230138
 31
0.0
 70
33
 71
5
 42
3.019574958424954
 73
0
 74
0
 75
0
100
AcDbAlignedDimension
 13
92.65886257974887
 23
113.3514069714461
 33
0.0
 14
95.4558805882042
 24
114.4891781215126
 34
0.0
 50
0.0
1001
ACAD
1000
DSTYLE
1002
{
1070
41
1040
4.08
1070
42
1040
0.0
1070
44
1040
2.0
1070
73
1070
1
1070
74
1070
1
1070
78
1070
0
1070
140
1040
3.5
1070
143
1040
0.0393700787401575
1070
147
1040
1.524
1070
179
1070
2
1070
271
1070
0
1070
272
1070
0
1070
284
1070
0
1002
}
  0
MTEXT
  5
850
330
1F
100
AcDbEntity
  8
0
100
AcDbMText
 10
238.1351095630297
 20
142.1839078294383
 30
0.0
 40
3.5
 41
44.34722831913541
 46
0.0
 71
1
 72
5
  1
标注:\P1.模数为1\P2.齿数为65\P3.压力角为20°\P4,厚度为6
101
Embedded Object
 70
1
 10
1.0
 20
0.0
 30
0.0
 11
238.1351095630297
 21
142.1839078294383
 31
0.0
 40
44.34722831913541
 41
0.0
 42
32.35567970204841
 43
30.60893854748604
 71
2
 72
1
 44
44.34722831913541
 45
17.5
 73
0
 74
0
 46
0.0
  0
INSERT
  5
8AD
330
1F
100
AcDbEntity
  8
0
100
AcDbBlockReference
 66
1
  2
HH_FRAME_A4
 10
0.0
 20
-0.6442953020134183
 30
0.0
 41
0.9966442953020134
 42
0.9966442953020134
  0
ATTRIB
  5
8AF
330
1F
100
AcDbEntity
  8
HH_TITLE
100
AcDbText
 10
154.69263253148327
 20
31.74664429530202
 30
0.0
 40
4.983221476510067
  1
“圆柱齿轮”
  7
HH_CHN
 11
154.69263253148327
 21
31.74664429530202
 31
0.0
100
AcDbAttribute
  2
TITLE
 70
0
 71
1
 72
0
 11
154.69263253148327
 21
31.74664429530202
 31
0.0
  0
ATTRIB
  5
8B0
330
1F
100
AcDbEntity
  8
HH_TITLE
100
AcDbText
 10
229.67611793982354
 20
32.494127516778526
 30
0.0
 40
3.4882550335570466
  1

  7
HH_CHN
 11
229.67611793982354
 21
32.494127516778526
 31
0.0
100
AcDbAttribute
  2
DWG_NO
 70
0
 71
1
 72
0
 11
229.67611793982354
 21
32.494127516778526
 31
0.0
  0
ATTRIB
  5
8B1
330
1F
100
AcDbEntity
  8
HH_TITLE
100
AcDbText
 10
266.63034461956113
 20
42.211409395973156
 30
0.0
 40
2.98993288590604
  1
1:1
  7
HH_CHN
 11
266.63034461956113
 21
42.211409395973156
 31
0.0
100
AcDbAttribute
  2
SCALE
 70
0
 71
1
 72
0
 11
266.63034461956113
 21
42.211409395973156
 31
0.0
  0
ATTRIB
  5
8B2
330
1F
100
AcDbEntity
  8
HH_TITLE
100
AcDbText
 10
266.63034461956113
 20
31.24832214765101
 30
0.0
 40
2.98993288590604
  1

  7
HH_CHN
 11
266.63034461956113
 21
31.24832214765101
 31
0.0
100
AcDbAttribute
  2
STAGE
 70
0
 71
1
 72
0
 11
266.63034461956113
 21
31.24832214765101
 31
0.0
  0
ATTRIB
  5
8B3
330
1F
100
AcDbEntity
  8
HH_TITLE
100
AcDbText
 10
123.54357891561716
 20
18.39161073825504
 30
0.0
 40
2.7906040268456365
  1
亚克力
  7
HH_CHN
 11
123.54357891561716
 21
18.39161073825504
 31
0.0
100
AcDbAttribute
  2
MATERIAL
 70
0
 71
1
 72
0
 11
123.54357891561716
 21
18.39161073825504
 31
0.0
  0
ATTRIB
  5
8B4
330
1F
100
AcDbEntity
  8
HH_TITLE
100
AcDbText
 10
159.42277354648965
 20
18.39161073825504
 30
0.0
 40
2.7906040268456365
  1

  7
HH_CHN
 11
159.42277354648965
 21
18.39161073825504
 31
0.0
100
AcDbAttribute
  2
WEIGHT
 70
0
 71
1
 72
0
 11
159.42277354648965
 21
18.39161073825504
 31
0.0
  0
ATTRIB
  5
8B5
330
1F
100
AcDbEntity
  8
HH_TITLE
100
AcDbText
 10
195.3019681773621
 20
18.39161073825504
 30
0.0
 40
2.7906040268456365
  1

  7
HH_CHN
 11
195.3019681773621
 21
18.39161073825504
 31
0.0
100
AcDbAttribute
  2
VERSION
 70
0
 71
1
 72
0
 11
195.3019681773621
 21
18.39161073825504
 31
0.0
  0
ATTRIB
  5
8B6
330
1F
100
AcDbEntity
  8
HH_TITLE
100
AcDbText
 10
231.18116280823472
 20
18.39161073825504
 30
0.0
 40
2.7906040268456365
  1

  7
HH_CHN
 11
231.18116280823472
 21
18.39161073825504
 31
0.0
100
AcDbAttribute
  2
DATE
 70
0
 71
1
 72
0
 11
231.18116280823472
 21
18.39161073825504
 31
0.0
  0
ATTRIB
  5
8B7
330
1F
100
AcDbEntity
  8
HH_TITLE
100
AcDbText
 10
267.0603574391072
 20
18.39161073825504
 30
0.0
 40
2.7906040268456365
  1

  7
HH_CHN
 11
267.0603574391072
 21
18.39161073825504
 31
0.0
100
AcDbAttribute
  2
SHEET
 70
0
 71
1
 72
0
 11
267.0603574391072
 21
18.39161073825504
 31
0.0
  0
ATTRIB
  5
8B8
330
1F
100
AcDbEntity
  8
HH_TITLE
100
AcDbText
 10
123.54357891561716
 20
7.428523489932887
 30
0.0
 40
2.7906040268456365
  1

  7
HH_CHN
 11
123.54357891561716
 21
7.428523489932887
 31
0.0
100
AcDbAttribute
  2
DESIGN
 70
0
 71
1
 72
0
 11
123.54357891561716
 21
7.428523489932887
 31
0.0
  0
ATTRIB
  5
8B9
330
1F
100
AcDbEntity
  8
HH_TITLE
100
AcDbText
 10
159.42277354648965
 20
7.428523489932887
 30
0.0
 40
2.7906040268456365
  1

  7
HH_CHN
 11
159.42277354648965
 21
7.428523489932887
 31
0.0
100
AcDbAttribute
  2
CHECKED
 70
0
 71
1
 72
0
 11
159.42277354648965
 21
7.428523489932887
 31
0.0
  0
ATTRIB
  5
8BA
330
1F
100
AcDbEntity
  8
HH_TITLE
100
AcDbText
 10
195.3019681773621
 20
7.428523489932887
 30
0.0
 40
2.7906040268456365
  1

  7
HH_CHN
 11
195.3019681773621
 21
7.428523489932887
 31
0.0
100
AcDbAttribute
  2
REVIEWED
 70
0
 71
1
 72
0
 11
195.3019681773621
 21
7.428523489932887
 31
0.0
  0
ATTRIB
  5
8BB
330
1F
100
AcDbEntity
  8
HH_TITLE
100
AcDbText
 10
231.18116280823472
 20
7.428523489932887
 30
0.0
 40
2.7906040268456365
  1

  7
HH_CHN
 11
231.18116280823472
 21
7.428523489932887
 31
0.0
100
AcDbAttribute
  2
APPROVED
 70
0
 71
1
 72
0
 11
231.18116280823472
 21
7.428523489932887
 31
0.0
  0
ATTRIB
  5
8BC
330
1F
100
AcDbEntity
  8
HH_TITLE
100
AcDbText
 10
267.0603574391072
 20
7.428523489932887
 30
0.0
 40
2.7906040268456365
  1

  7
HH_CHN
 11
267.0603574391072
 21
7.428523489932887
 31
0.0
100
AcDbAttribute
  2
COUNTERSIGN
 70
0
 71
1
 72
0
 11
267.0603574391072
 21
7.428523489932887
 31
0.0
  0
SEQEND
  5
8AE
330
8AD
100
AcDbEntity
  8
0
  0
ENDSEC
  0
SECTION
  2
OBJECTS
  0
DICTIONARY
  5
C
330
0
100
AcDbDictionary
281
1
  3
ACAD_CIP_PREVIOUS_PRODUCT_INFO
350
66B
  3
ACAD_COLOR
350
65D
  3
ACAD_DETAILVIEWSTYLE
350
664
  3
ACAD_GROUP
350
D
  3
ACAD_LAST_SAVED_VERSION_INFO
350
714
  3
ACAD_LAYOUT
350
1A
  3
ACAD_MATERIAL
350
62B
  3
ACAD_MLEADERSTYLE
350
660
  3
ACAD_MLINESTYLE
350
17
  3
ACAD_PLOTSETTINGS
350
19
  3
ACAD_PLOTSTYLENAME
350
E
  3
ACAD_SCALELIST
350
47
  3
ACAD_SECTIONVIEWSTYLE
350
662
  3
ACAD_TABLESTYLE
350
65E
  3
ACAD_VISUALSTYLE
350
644
  3
ACDB_RECOMPOSE_DATA
350
869
  3
AcDbVariableDictionary
350
66C
  3
EZDXF_META
350
8BF
  0
DICTIONARY
  5
734
330
2
100
AcDbDictionary
280
1
281
1
  3
ACAD_LAYERSTATES
360
735
  0
DICTIONARY
  5
715
330
10
100
AcDbDictionary
280
1
281
1
  3
ADSK_XREC_LAYER_RECONCILED
360
716
  0
DICTIONARY
  5
717
330
63
100
AcDbDictionary
280
1
281
1
  3
ADSK_XREC_LAYER_RECONCILED
360
718
  0
DICTIONARY
  5
719
330
64
100
AcDbDictionary
280
1
281
1
  3
ADSK_XREC_LAYER_RECONCILED
360
71A
  0
DICTIONARY
  5
71B
330
65
100
AcDbDictionary
280
1
281
1
  3
ADSK_XREC_LAYER_RECONCILED
360
71C
  0
DICTIONARY
  5
71D
330
66
100
AcDbDictionary
280
1
281
1
  3
ADSK_XREC_LAYER_RECONCILED
360
71E
  0
DICTIONARY
  5
71F
330
67
100
AcDbDictionary
280
1
281
1
  3
ADSK_XREC_LAYER_RECONCILED
360
720
  0
DICTIONARY
  5
721
330
68
100
AcDbDictionary
280
1
281
1
  3
ADSK_XREC_LAYER_RECONCILED
360
722
  0
DICTIONARY
  5
723
330
69
100
AcDbDictionary
280
1
281
1
  3
ADSK_XREC_LAYER_RECONCILED
360
724
  0
DICTIONARY
  5
725
330
6A
100
AcDbDictionary
280
1
281
1
  3
ADSK_XREC_LAYER_RECONCILED
360
726
  0
DICTIONARY
  5
727
330
6B
100
AcDbDictionary
280
1
281
1
  3
ADSK_XREC_LAYER_RECONCILED
360
728
  0
DICTIONARY
  5
729
330
6C
100
AcDbDictionary
280
1
281
1
  3
ADSK_XREC_LAYER_RECONCILED
360
72A
  0
DICTIONARY
  5
72B
330
6D
100
AcDbDictionary
280
1
281
1
  3
ADSK_XREC_LAYER_RECONCILED
360
72C
  0
DICTIONARY
  5
72D
330
6E
100
AcDbDictionary
280
1
281
1
  3
ADSK_XREC_LAYER_RECONCILED
360
72E
  0
DICTIONARY
  5
72F
330
6F
100
AcDbDictionary
280
1
281
1
  3
ADSK_XREC_LAYER_RECONCILED
360
730
  0
XRECORD
  5
66B
102
{ACAD_REACTORS
330
C
102
}
330
C
100
AcDbXrecord
280
1
300

300

300

  0
DICTIONARY
  5
65D
102
{ACAD_REACTORS
330
C
102
}
330
C
100
AcDbDictionary
281
1
  0
DICTIONARY
  5
664
102
{ACAD_REACTORS
330
C
102
}
330
C
100
AcDbDictionary
281
1
  3
Metric50
350
665
  0
DICTIONARY
  5
D
102
{ACAD_REACTORS
330
C
102
}
330
C
100
AcDbDictionary
281
1
  0
XRECORD
  5
714
102
{ACAD_REACTORS
330
C
102
}
330
C
100
AcDbXrecord
280
1
300
{82E8851E-9579-AF4A-B19E-77469504753B}
301
{25DA53D0-CF5F-EA4D-93A8-0E1FB8F8F465}
302
{82E8851E-9579-AF4A-B19E-77469504753B}
303
D:\sw1\工程训练\cad\圆柱齿轮65×1.DWG
  0
DICTIONARY
  5
1A
102
{ACAD_REACTORS
330
C
102
}
330
C
100
AcDbDictionary
281
1
  3
Layout1
350
1E
  3
Layout2
350
26
  3
Model
350
22
  0
DICTIONARY
  5
62B
102
{ACAD_REACTORS
330
C
102
}
330
C
100
AcDbDictionary
281
1
  3
ByBlock
350
634
  3
ByLayer
350
62C
  3
Global
350
63C
  0
DICTIONARY
  5
660
102
{ACAD_REACTORS
330
C
102
}
330
C
100
AcDbDictionary
281
1
  3
Standard
350
661
  0
DICTIONARY
  5
17
102
{ACAD_REACTORS
330
C
102
}
330
C
100
AcDbDictionary
281
1
  3
Standard
350
18
  0
DICTIONARY
  5
19
102
{ACAD_REACTORS
330
C
102
}
330
C
100
AcDbDictionary
281
1
  0
ACDBDICTIONARYWDFLT
  5
E
102
{ACAD_REACTORS
330
C
102
}
330
C
100
AcDbDictionary
281
1
  3
Normal
350
F
100
AcDbDictionaryWithDefault
340
F
  0
DICTIONARY
  5
47
102
{ACAD_REACTORS
330
C
102
}
330
C
100
AcDbDictionary
281
1
  3
A0
350
48
  3
A1
350
49
  3
A2
350
4A
  3
A3
350
4B
  3
A4
350
4C
  3
A5
350
4D
  3
A6
350
4E
  3
A7
350
4F
  3
A8
350
50
  3
A9
350
51
  3
B0
350
52
  3
B1
350
53
  3
B2
350
54
  3
B3
350
55
  3
B4
350
56
  3
B5
350
57
  3
B6
350
58
  0
DICTIONARY
  5
662
102
{ACAD_REACTORS
330
C
102
}
330
C
100
AcDbDictionary
281
1
  3
Metric50
350
663
  0
DICTIONARY
  5
65E
102
{ACAD_REACTORS
330
C
102
}
330
C
100
AcDbDictionary
281
1
  3
Standard
350
65F
  0
DICTIONARY
  5
644
102
{ACAD_REACTORS
330
C
102
}
330
C
100
AcDbDictionary
281
1
  3
2dWireframe
350
64A
  3
Basic
350
649
  3
Brighten
350
650
  3
ColorChange
350
654
  3
Conceptual
350
64D
  3
Dim
350
64F
  3
EdgeColorOff
350
65C
  3
Facepattern
350
653
  3
Flat
350
645
  3
FlatWithEdges
350
646
  3
Gouraud
350
647
  3
GouraudWithEdges
350
648
  3
Hidden
350
64C
  3
JitterOff
350
65A
  3
Linepattern
350
652
  3
OverhangOff
350
65B
  3
Realistic
350
64E
  3
Shaded
350
659
  3
Shaded with edges
350
658
  3
Shades of Gray
350
655
  3
Sketchy
350
656
  3
Thicken
350
651
  3
Wireframe
350
64B
  3
X-Ray
350
657
  0
XRECORD
  5
869
102
{ACAD_REACTORS
330
C
102
}
330
C
100
AcDbXrecord
280
1
 90
1
330
65F
  0
DICTIONARY
  5
66C
102
{ACAD_REACTORS
330
C
102
}
330
C
100
AcDbDictionary
281
1
  3
CANNOSCALE
350
674
  3
CMLEADERSTYLE
350
670
  3
CTABLESTYLE
350
66F
  3
CVIEWDETAILSTYLE
350
671
  3
CVIEWSECTIONSTYLE
350
672
  3
LAYEREVAL
350
676
  3
LAYERNOTIFY
350
677
  3
LIGHTINGUNITS
350
675
  3
MSLTSCALE
350
673
  0
DICTIONARY
  5
735
102
{ACAD_REACTORS
330
734
102
}
330
734
100
AcDbDictionary
281
1
  0
XRECORD
  5
716
102
{ACAD_REACTORS
330
715
102
}
330
715
100
AcDbXrecord
280
1
290
1
  0
XRECORD
  5
718
102
{ACAD_REACTORS
330
717
102
}
330
717
100
AcDbXrecord
280
1
290
1
  0
XRECORD
  5
71A
102
{ACAD_REACTORS
330
719
102
}
330
719
100
AcDbXrecord
280
1
290
1
  0
XRECORD
  5
71C
102
{ACAD_REACTORS
330
71B
102
}
330
71B
100
AcDbXrecord
280
1
290
1
  0
XRECORD
  5
71E
102
{ACAD_REACTORS
330
71D
102
}
330
71D
100
AcDbXrecord
280
1
290
1
  0
XRECORD
  5
720
102
{ACAD_REACTORS
330
71F
102
}
330
71F
100
AcDbXrecord
280
1
290
1
  0
XRECORD
  5
722
102
{ACAD_REACTORS
330
721
102
}
330
721
100
AcDbXrecord
280
1
290
1
  0
XRECORD
  5
724
102
{ACAD_REACTORS
330
723
102
}
330
723
100
AcDbXrecord
280
1
290
1
  0
XRECORD
  5
726
102
{ACAD_REACTORS
330
725
102
}
330
725
100
AcDbXrecord
280
1
290
1
  0
XRECORD
  5
728
102
{ACAD_REACTORS
330
727
102
}
330
727
100
AcDbXrecord
280
1
290
1
  0
XRECORD
  5
72A
102
{ACAD_REACTORS
330
729
102
}
330
729
100
AcDbXrecord
280
1
290
1
  0
XRECORD
  5
72C
102
{ACAD_REACTORS
330
72B
102
}
330
72B
100
AcDbXrecord
280
1
290
1
  0
XRECORD
  5
72E
102
{ACAD_REACTORS
330
72D
102
}
330
72D
100
AcDbXrecord
280
1
290
1
  0
XRECORD
  5
730
102
{ACAD_REACTORS
330
72F
102
}
330
72F
100
AcDbXrecord
280
1
290
1
  0
ACDBDETAILVIEWSTYLE
  5
665
102
{ACAD_REACTORS
330
664
102
}
330
664
100
AcDbModelDocViewStyle
 70
0
  3
Metric50
290
1
300
Metric50
 90
0
100
AcDbDetailViewStyle
 70
0
 71
0
 90
3
 71
1
340
11
 62
256
 40
5.0
340
0
 62
256
 40
5.0
300

 40
0.0
280
1
 71
2
340
16
 90
25
 62
256
 71
3
340
11
 62
256
 40
5.0
 90
0
 40
15.0
 90
1
300
%<\AcVar ViewDetailId>% (%<\AcVar ViewScale \f "%sn">%)
 71
4
340
16
 90
25
 62
256
340
16
 90
25
 62
256
280
0
  0
LAYOUT
  5
1E
102
{ACAD_REACTORS
330
1A
102
}
330
1A
100
AcDbPlotSettings
  1

  2
none_device
  4

  6

 40
0.0
 41
0.0
 42
0.0
 43
0.0
 44
0.0
 45
0.0
 46
0.0
 47
0.0
 48
0.0
 49
0.0
140
0.0
141
0.0
142
1.0
143
1.0
 70
688
 72
1
 73
0
 74
5
  7

 75
16
 76
0
 77
2
 78
300
147
1.0
148
0.0
149
0.0
100
AcDbLayout
  1
Layout1
 70
1
 71
1
 10
0.0
 20
0.0
 11
420.0
 21
297.0
 12
0.0
 22
0.0
 32
0.0
 14
1e+20
 24
1e+20
 34
1e+20
 15
-1e+20
 25
-1e+20
 35
-1e+20
146
0.0
 13
0.0
 23
0.0
 33
0.0
 16
1.0
 26
0.0
 36
0.0
 17
0.0
 27
1.0
 37
0.0
 76
0
330
1B
  0
LAYOUT
  5
26
102
{ACAD_REACTORS
330
1A
102
}
330
1A
100
AcDbPlotSettings
  1

  2
none_device
  4

  6

 40
0.0
 41
0.0
 42
0.0
 43
0.0
 44
0.0
 45
0.0
 46
0.0
 47
0.0
 48
0.0
 49
0.0
140
0.0
141
0.0
142
1.0
143
1.0
 70
688
 72
1
 73
0
 74
5
  7

 75
16
 76
0
 77
2
 78
300
147
1.0
148
0.0
149
0.0
100
AcDbLayout
  1
Layout2
 70
1
 71
2
 10
0.0
 20
0.0
 11
0.0
 21
0.0
 12
0.0
 22
0.0
 32
0.0
 14
0.0
 24
0.0
 34
0.0
 15
0.0
 25
0.0
 35
0.0
146
0.0
 13
0.0
 23
0.0
 33
0.0
 16
1.0
 26
0.0
 36
0.0
 17
0.0
 27
1.0
 37
0.0
 76
0
330
23
  0
LAYOUT
  5
22
102
{ACAD_REACTORS
330
1A
102
}
330
1A
100
AcDbPlotSettings
  1

  2
none_device
  4
Letter_(8.50_x_11.00_Inches)
  6

 40
6.349999999999999
 41
6.349999999999999
 42
6.350005079999999
 43
6.350005079999999
 44
215.9
 45
279.4
 46
0.0
 47
0.0
 48
0.0
 49
0.0
140
0.0
141
0.0
142
1.0
143
1.0
 70
1712
 72
1
 73
0
 74
0
  7

 75
0
 76
0
 77
2
 78
300
147
1.0
148
0.0
149
0.0
100
AcDbLayout
  1
Model
 70
1
 71
0
 10
0.0
 20
0.0
 11
297.0
 21
210.0
 12
0.0
 22
0.0
 32
0.0
 14
0.0
 24
0.0
 34
0.0
 15
297.0
 25
210.0
 35
0.0
146
0.0
 13
0.0
 23
0.0
 33
0.0
 16
1.0
 26
0.0
 36
0.0
 17
0.0
 27
1.0
 37
0.0
 76
0
330
1F
331
29
  0
MATERIAL
  5
634
102
{ACAD_XDICTIONARY
360
635
102
}
102
{ACAD_REACTORS
330
62B
102
}
330
62B
100
AcDbMaterial
  1
ByBlock
  2

 70
0
 40
1.0
 71
0
 41
1.0
 91
-1023410177
 42
1.0
 72
0
  3

 73
1
 74
1
 75
1
 43
0.0008202099737533
 43
0.0
 43
0.0
 43
0.0
 43
0.0
 43
0.0008202099737533
 43
0.0
 43
0.0
 43
0.0
 43
0.0
 43
1.0
 43
0.0
 43
0.0
 43
0.0
 43
0.0
 43
1.0
 44
0.5
 73
0
 45
1.0
 46
1.0
 77
0
  4

 78
1
 79
1
170
1
 47
0.0008202099737533
 47
0.0
 47
0.0
 47
0.0
 47
0.0
 47
0.0008202099737533
 47
0.0
 47
0.0
 47
0.0
 47
0.0
 47
1.0
 47
0.0
 47
0.0
 47
0.0
 47
0.0
 47
1.0
 48
1.0
171
0
  6

172
1
173
1
174
1
 49
0.0008202099737533
 49
0.0
 49
0.0
 49
0.0
 49
0.0
 49
0.0008202099737533
 49
0.0
 49
0.0
 49
0.0
 49
0.0
 49
1.0
 49
0.0
 49
0.0
 49
0.0
 49
0.0
 49
1.0
140
1.0
141
1.0
175
0
  7

176
1
177
1
178
1
142
0.0008202099737533
142
0.0
142
0.0
142
0.0
142
0.0
142
0.0008202099737533
142
0.0
142
0.0
142
0.0
142
0.0
142
1.0
142
0.0
142
0.0
142
0.0
142
0.0
142
1.0
143
1.0
179
0
  8

270
1
271
1
272
1
144
0.0008202099737533
144
0.0
144
0.0
144
0.0
144
0.0
144
0.0008202099737533
144
0.0
144
0.0
144
0.0
144
0.0
144
1.0
144
0.0
144
0.0
144
0.0
144
0.0
144
1.0
145
1.0
146
1.0
273
1
  9

274
1
275
1
276
1
147
0.0008202099737533
147
0.0
147
0.0
147
0.0
147
0.0
147
0.0008202099737533
147
0.0
147
0.0
147
0.0
147
0.0
147
1.0
147
0.0
147
0.0
147
0.0
147
0.0
147
1.0
 42
1.0
 72
1
  3

 73
1
 74
1
 75
1
 94
63
  0
MATERIAL
  5
62C
102
{ACAD_XDICTIONARY
360
62D
102
}
102
{ACAD_REACTORS
330
62B
102
}
330
62B
100
AcDbMaterial
  1
ByLayer
  2

 70
0
 40
1.0
 71
0
 41
1.0
 91
-1023410177
 42
1.0
 72
0
  3

 73
1
 74
1
 75
1
 43
0.0008202099737533
 43
0.0
 43
0.0
 43
0.0
 43
0.0
 43
0.0008202099737533
 43
0.0
 43
0.0
 43
0.0
 43
0.0
 43
1.0
 43
0.0
 43
0.0
 43
0.0
 43
0.0
 43
1.0
 44
0.5
 73
0
 45
1.0
 46
1.0
 77
0
  4

 78
1
 79
1
170
1
 47
0.0008202099737533
 47
0.0
 47
0.0
 47
0.0
 47
0.0
 47
0.0008202099737533
 47
0.0
 47
0.0
 47
0.0
 47
0.0
 47
1.0
 47
0.0
 47
0.0
 47
0.0
 47
0.0
 47
1.0
 48
1.0
171
0
  6

172
1
173
1
174
1
 49
0.0008202099737533
 49
0.0
 49
0.0
 49
0.0
 49
0.0
 49
0.0008202099737533
 49
0.0
 49
0.0
 49
0.0
 49
0.0
 49
1.0
 49
0.0
 49
0.0
 49
0.0
 49
0.0
 49
1.0
140
1.0
141
1.0
175
0
  7

176
1
177
1
178
1
142
0.0008202099737533
142
0.0
142
0.0
142
0.0
142
0.0
142
0.0008202099737533
142
0.0
142
0.0
142
0.0
142
0.0
142
1.0
142
0.0
142
0.0
142
0.0
142
0.0
142
1.0
143
1.0
179
0
  8

270
1
271
1
272
1
144
0.0008202099737533
144
0.0
144
0.0
144
0.0
144
0.0
144
0.0008202099737533
144
0.0
144
0.0
144
0.0
144
0.0
144
1.0
144
0.0
144
0.0
144
0.0
144
0.0
144
1.0
145
1.0
146
1.0
273
1
  9

274
1
275
1
276
1
147
0.0008202099737533
147
0.0
147
0.0
147
0.0
147
0.0
147
0.0008202099737533
147
0.0
147
0.0
147
0.0
147
0.0
147
1.0
147
0.0
147
0.0
147
0.0
147
0.0
147
1.0
 42
1.0
 72
1
  3

 73
1
 74
1
 75
1
 94
63
  0
MATERIAL
  5
63C
102
{ACAD_XDICTIONARY
360
63D
102
}
102
{ACAD_REACTORS
330
62B
102
}
330
62B
100
AcDbMaterial
  1
Global
  2

 70
0
 40
1.0
 71
0
 41
1.0
 91
-1023410177
 42
1.0
 72
0
  3

 73
1
 74
1
 75
1
 43
0.0008202099737533
 43
0.0
 43
0.0
 43
0.0
 43
0.0
 43
0.0008202099737533
 43
0.0
 43
0.0
 43
0.0
 43
0.0
 43
1.0
 43
0.0
 43
0.0
 43
0.0
 43
0.0
 43
1.0
 44
0.5
 73
0
 45
1.0
 46
1.0
 77
0
  4

 78
1
 79
1
170
1
 47
0.0008202099737533
 47
0.0
 47
0.0
 47
0.0
 47
0.0
 47
0.0008202099737533
 47
0.0
 47
0.0
 47
0.0
 47
0.0
 47
1.0
 47
0.0
 47
0.0
 47
0.0
 47
0.0
 47
1.0
 48
1.0
171
0
  6

172
1
173
1
174
1
 49
0.0008202099737533
 49
0.0
 49
0.0
 49
0.0
 49
0.0
 49
0.0008202099737533
 49
0.0
 49
0.0
 49
0.0
 49
0.0
 49
1.0
 49
0.0
 49
0.0
 49
0.0
 49
0.0
 49
1.0
140
1.0
141
1.0
175
0
  7

176
1
177
1
178
1
142
0.0008202099737533
142
0.0
142
0.0
142
0.0
142
0.0
142
0.0008202099737533
142
0.0
142
0.0
142
0.0
142
0.0
142
1.0
142
0.0
142
0.0
142
0.0
142
0.0
142
1.0
143
1.0
179
0
  8

270
1
271
1
272
1
144
0.0008202099737533
144
0.0
144
0.0
144
0.0
144
0.0
144
0.0008202099737533
144
0.0
144
0.0
144
0.0
144
0.0
144
1.0
144
0.0
144
0.0
144
0.0
144
0.0
144
1.0
145
1.0
146
1.0
273
1
  9

274
1
275
1
276
1
147
0.0008202099737533
147
0.0
147
0.0
147
0.0
147
0.0
147
0.0008202099737533
147
0.0
147
0.0
147
0.0
147
0.0
147
1.0
147
0.0
147
0.0
147
0.0
147
0.0
147
1.0
 42
1.0
 72
1
  3

 73
1
 74
1
 75
1
 94
63
  0
MLEADERSTYLE
  5
661
102
{ACAD_REACTORS
330
660
330
688
102
}
330
660
100
AcDbMLeaderStyle
179
2
170
2
171
1
172
0
 90
2
 40
0.0
 41
0.0
173
1
 91
-1056964608
340
14
 92
-2
290
1
 42
2.0
291
1
 43
0.36
  3
Standard
 44
4.0
300

342
11
174
1
175
1
176
0
178
6
 93
-1056964608
 45
4.0
292
0
297
0
 46
4.0
293
1
 94
-1056964608
 47
1.0
 49
1.0
140
1.0
294
1
141
0.0
177
0
142
1.0
295
0
296
0
143
0.125
271
0
272
9
273
9
298
1
  0
MLINESTYLE
  5
18
102
{ACAD_REACTORS
330
17
102
}
330
17
100
AcDbMlineStyle
  2
STANDARD
 70
0
  3

 62
256
 51
90.0
 52
90.0
 71
2
 49
0.5
 62
256
  6
BYLAYER
 49
-0.5
 62
256
  6
BYLAYER
  0
ACDBPLACEHOLDER
  5
F
102
{ACAD_REACTORS
330
E
102
}
330
E
  0
SCALE
  5
48
102
{ACAD_REACTORS
330
47
102
}
330
47
100
AcDbScale
 70
0
300
1:1
140
1.0
141
1.0
290
1
  0
SCALE
  5
49
102
{ACAD_REACTORS
330
47
102
}
330
47
100
AcDbScale
 70
0
300
1:2
140
1.0
141
2.0
290
0
  0
SCALE
  5
4A
102
{ACAD_REACTORS
330
47
102
}
330
47
100
AcDbScale
 70
0
300
1:4
140
1.0
141
4.0
290
0
  0
SCALE
  5
4B
102
{ACAD_REACTORS
330
47
102
}
330
47
100
AcDbScale
 70
0
300
1:5
140
1.0
141
5.0
290
0
  0
SCALE
  5
4C
102
{ACAD_REACTORS
330
47
102
}
330
47
100
AcDbScale
 70
0
300
1:8
140
1.0
141
8.0
290
0
  0
SCALE
  5
4D
102
{ACAD_REACTORS
330
47
102
}
330
47
100
AcDbScale
 70
0
300
1:10
140
1.0
141
10.0
290
0
  0
SCALE
  5
4E
102
{ACAD_REACTORS
330
47
102
}
330
47
100
AcDbScale
 70
0
300
1:16
140
1.0
141
16.0
290
0
  0
SCALE
  5
4F
102
{ACAD_REACTORS
330
47
102
}
330
47
100
AcDbScale
 70
0
300
1:20
140
1.0
141
20.0
290
0
  0
SCALE
  5
50
102
{ACAD_REACTORS
330
47
102
}
330
47
100
AcDbScale
 70
0
300
1:30
140
1.0
141
30.0
290
0
  0
SCALE
  5
51
102
{ACAD_REACTORS
330
47
102
}
330
47
100
AcDbScale
 70
0
300
1:40
140
1.0
141
40.0
290
0
  0
SCALE
  5
52
102
{ACAD_REACTORS
330
47
102
}
330
47
100
AcDbScale
 70
0
300
1:50
140
1.0
141
50.0
290
0
  0
SCALE
  5
53
102
{ACAD_REACTORS
330
47
102
}
330
47
100
AcDbScale
 70
0
300
1:100
140
1.0
141
100.0
290
0
  0
SCALE
  5
54
102
{ACAD_REACTORS
330
47
102
}
330
47
100
AcDbScale
 70
0
300
2:1
140
2.0
141
1.0
290
0
  0
SCALE
  5
55
102
{ACAD_REACTORS
330
47
102
}
330
47
100
AcDbScale
 70
0
300
4:1
140
4.0
141
1.0
290
0
  0
SCALE
  5
56
102
{ACAD_REACTORS
330
47
102
}
330
47
100
AcDbScale
 70
0
300
8:1
140
8.0
141
1.0
290
0
  0
SCALE
  5
57
102
{ACAD_REACTORS
330
47
102
}
330
47
100
AcDbScale
 70
0
300
10:1
140
10.0
141
1.0
290
0
  0
SCALE
  5
58
102
{ACAD_REACTORS
330
47
102
}
330
47
100
AcDbScale
 70
0
300
100:1
140
100.0
141
1.0
290
0
  0
ACDBSECTIONVIEWSTYLE
  5
663
102
{ACAD_REACTORS
330
662
102
}
330
662
100
AcDbModelDocViewStyle
 70
0
  3
Metric50
290
1
300
Metric50
 90
0
100
AcDbSectionViewStyle
 70
0
 71
0
 90
102
 71
1
340
11
 62
256
 40
5.0
340
0
340
0
 62
256
 40
5.0
300
I, O, Q, S, X, Z
 40
10.0
 90
0
 40
2.5
 90
0
 71
2
340
16
 90
25
 62
256
340
16
 90
50
 62
256
 40
5.0
 40
2.5
 40
5.0
 71
3
340
11
 62
256
 40
5.0
 90
0
 40
15.0
 90
1
300
%<\AcVar ViewSectionStartId>%-%<\AcVar ViewSectionEndId>% (%<\AcVar ViewScale \f "%sn">%)
 71
4
 62
256
 62
257
300
ANSI31
 40
1.0
 90
0
290
0
290
0
 90
6
 40
0.0
 40
1.570796326794896
 40
0.2617993877991494
 40
1.308996938995747
 40
-0.2617993877991494
 40
1.832595714594046
  0
TABLESTYLE
  5
65F
102
{ACAD_XDICTIONARY
360
867
102
}
102
{ACAD_REACTORS
330
65E
102
}
330
65E
100
AcDbTableStyle
280
0
  3
Standard
 70
0
 71
0
 40
1.5
 41
1.5
280
0
281
0
  7
STANDARD
140
4.5
170
2
 62
0
 63
7
283
0
 90
512
 91
0
  1

274
-2
284
1
 64
0
275
-2
285
1
 65
0
276
-2
286
1
 66
0
277
-2
287
1
 67
0
278
-2
288
1
 68
0
279
-2
289
1
 69
0
  7
STANDARD
140
6.0
170
5
 62
0
 63
7
283
0
 90
512
 91
0
  1

274
-2
284
1
 64
0
275
-2
285
1
 65
0
276
-2
286
1
 66
0
277
-2
287
1
 67
0
278
-2
288
1
 68
0
279
-2
289
1
 69
0
  7
STANDARD
140
4.5
170
5
 62
0
 63
7
283
0
 90
512
 91
0
  1

274
-2
284
1
 64
0
275
-2
285
1
 65
0
276
-2
286
1
 66
0
277
-2
287
1
 67
0
278
-2
288
1
 68
0
279
-2
289
1
 69
0
  0
VISUALSTYLE
  5
64A
102
{ACAD_REACTORS
330
644
102
}
330
644
100
AcDbVisualStyle
  2
2dWireframe
 70
4
177
3
291
0
 70
58
 90
0
176
1
 90
2
176
1
 90
0
176
1
 90
0
176
1
 40
0.6
176
1
 40
30.0
176
1
 62
7
420
16777215
176
1
 90
1
176
1
 90
4
176
1
 62
7
176
1
 62
257
176
1
 90
1
176
1
 90
1
176
1
 40
1.0
176
1
 90
0
176
1
 62
257
176
1
 40
1.0
176
1
 90
1
176
1
 90
6
176
1
 90
2
176
1
 62
7
176
1
 90
5
176
1
 90
0
176
1
 90
0
176
1
290
0
176
1
 90
1
176
1
 40
0.0
176
1
 90
0
176
1
290
1
176
1
290
1
176
1
290
0
176
1
290
0
176
1
290
0
176
1
290
0
176
1
290
0
176
1
290
0
176
1
290
0
176
1
 90
50
176
1
 40
0.0
176
1
 40
1.0
176
1
 90
0
176
1
 62
18
420
0
176
1
 90
50
176
1
 90
3
176
1
 62
5
420
255
176
1
290
0
176
1
 90
50
176
1
 90
50
176
1
 90
50
176
1
290
0
176
1
 90
50
176
1
 62
256
176
0
 40
1.0
176
0
 90
2
176
1
  1
strokes_ogs.tif
176
1
290
0
176
1
 40
1.0
176
1
 40
1.0
176
1
  0
VISUALSTYLE
  5
649
102
{ACAD_REACTORS
330
644
102
}
330
644
100
AcDbVisualStyle
  2
Basic
 70
7
177
3
291
1
 70
58
 90
1
176
1
 90
0
176
1
 90
1
176
1
 90
0
176
1
 40
0.6
176
1
 40
30.0
176
1
 62
7
420
16777215
176
1
 90
0
176
1
 90
4
176
1
 62
7
176
1
 62
257
176
1
 90
1
176
1
 90
1
176
1
 40
1.0
176
1
 90
8
176
1
 62
7
176
1
 40
1.0
176
1
 90
1
176
1
 90
6
176
1
 90
2
176
1
 62
7
176
1
 90
5
176
1
 90
0
176
1
 90
0
176
1
290
0
176
1
 90
1
176
1
 40
0.0
176
1
 90
0
176
1
290
0
176
1
290
1
176
1
290
1
176
1
290
0
176
1
290
0
176
1
290
0
176
1
290
0
176
1
290
0
176
1
290
0
176
1
 90
50
176
1
 40
0.0
176
1
 40
1.0
176
1
 90
0
176
1
 62
18
420
0
176
1
 90
50
176
1
 90
3
176
1
 62
5
420
255
176
1
290
0
176
1
 90
50
176
1
 90
50
176
1
 90
50
176
1
290
0
176
1
 90
50
176
1
 62
256
176
0
 40
1.0
176
0
 90
2
176
1
  1
strokes_ogs.tif
176
1
290
0
176
1
 40
1.0
176
1
 40
1.0
176
1
  0
VISUALSTYLE
  5
650
102
{ACAD_REACTORS
330
644
102
}
330
644
100
AcDbVisualStyle
  2
Brighten
 70
12
177
3
291
1
 70
58
 90
2
176
1
 90
2
176
1
 90
0
176
1
 90
0
176
1
 40
0.6
176
1
 40
30.0
176
1
 62
7
420
16777215
176
1
 90
1
176
1
 90
4
176
1
 62
7
176
1
 62
257
176
1
 90
1
176
1
 90
1
176
1
 40
1.0
176
1
 90
8
176
1
 62
7
176
1
 40
1.0
176
1
 90
1
176
1
 90
6
176
1
 90
2
176
1
 62
7
176
1
 90
5
176
1
 90
0
176
1
 90
0
176
1
290
0
176
1
 90
1
176
1
 40
50.0
176
1
 90
0
176
1
290
0
176
1
290
1
176
1
290
1
176
1
290
0
176
1
290
0
176
1
290
0
176
1
290
0
176
1
290
0
176
1
290
0
176
1
 90
50
176
1
 40
0.0
176
1
 40
1.0
176
1
 90
0
176
1
 62
18
420
0
176
1
 90
50
176
1
 90
3
176
1
 62
5
420
255
176
1
290
0
176
1
 90
50
176
1
 90
50
176
1
 90
50
176
1
290
0
176
1
 90
50
176
1
 62
256
176
0
 40
1.0
176
0
 90
2
176
1
  1
strokes_ogs.tif
176
1
290
0
176
1
 40
1.0
176
1
 40
1.0
176
1
  0
VISUALSTYLE
  5
654
102
{ACAD_REACTORS
330
644
102
}
330
644
100
AcDbVisualStyle
  2
ColorChange
 70
16
177
3
291
1
 70
58
 90
2
176
1
 90
2
176
1
 90
3
176
1
 90
0
176
1
 40
0.6
176
1
 40
30.0
176
1
 62
8
420
8421504
176
1
 90
1
176
1
 90
4
176
1
 62
7
176
1
 62
257
176
1
 90
1
176
1
 90
1
176
1
 40
1.0
176
1
 90
8
176
1
 62
8
420
8421504
176
1
 40
1.0
176
1
 90
1
176
1
 90
6
176
1
 90
2
176
1
 62
7
176
1
 90
5
176
1
 90
0
176
1
 90
0
176
1
290
0
176
1
 90
1
176
1
 40
0.0
176
1
 90
0
176
1
290
0
176
1
290
1
176
1
290
1
176
1
290
0
176
1
290
0
176
1
290
0
176
1
290
0
176
1
290
0
176
1
290
0
176
1
 90
50
176
1
 40
0.0
176
1
 40
1.0
176
1
 90
0
176
1
 62
18
420
0
176
1
 90
50
176
1
 90
3
176
1
 62
5
420
255
176
1
290
0
176
1
 90
50
176
1
 90
50
176
1
 90
50
176
1
290
0
176
1
 90
50
176
1
 62
256
176
0
 40
1.0
176
0
 90
2
176
1
  1
strokes_ogs.tif
176
1
290
0
176
1
 40
1.0
176
1
 40
1.0
176
1
  0
VISUALSTYLE
  5
64D
102
{ACAD_REACTORS
330
644
102
}
330
644
100
AcDbVisualStyle
  2
Conceptual
 70
9
177
3
291
0
 70
58
 90
3
176
1
 90
2
176
1
 90
0
176
1
 90
0
176
1
 40
0.6
176
1
 40
30.0
176
1
 62
7
420
16777215
176
1
 90
2
176
1
 90
2
176
1
 62
7
176
1
 62
257
176
1
 90
1
176
1
 90
1
176
1
 40
179.0
176
1
 90
8
176
1
 62
7
176
1
 40
1.0
176
1
 90
1
176
1
 90
6
176
1
 90
2
176
1
 62
7
176
1
 90
3
176
1
 90
0
176
1
 90
0
176
1
290
0
176
1
 90
1
176
1
 40
0.0
176
1
 90
0
176
1
290
0
176
1
290
1
176
1
290
1
176
1
290
0
176
1
290
0
176
1
290
0
176
1
290
0
176
1
290
0
176
1
290
0
176
1
 90
50
176
1
 40
0.0
176
1
 40
1.0
176
1
 90
0
176
1
 62
18
420
0
176
1
 90
50
176
1
 90
3
176
1
 62
5
420
255
176
1
290
0
176
1
 90
50
176
1
 90
50
176
1
 90
50
176
1
290
0
176
1
 90
50
176
1
 62
256
176
0
 40
1.0
176
0
 90
2
176
1
  1
strokes_ogs.tif
176
1
290
0
176
1
 40
1.0
176
1
 40
1.0
176
1
  0
VISUALSTYLE
  5
64F
102
{ACAD_REACTORS
330
644
102
}
330
644
100
AcDbVisualStyle
  2
Dim
 70
11
177
3
291
1
 70
58
 90
2
176
1
 90
2
176
1
 90
0
176
1
 90
0
176
1
 40
0.6
176
1
 40
30.0
176
1
 62
7
420
16777215
176
1
 90
1
176
1
 90
4
176
1
 62
7
176
1
 62
257
176
1
 90
1
176
1
 90
1
176
1
 40
1.0
176
1
 90
8
176
1
 62
7
176
1
 40
1.0
176
1
 90
1
176
1
 90
6
176
1
 90
2
176
1
 62
7
176
1
 90
5
176
1
 90
0
176
1
 90
0
176
1
290
0
176
1
 90
1
176
1
 40
-50.0
176
1
 90
0
176
1
290
0
176
1
290
1
176
1
290
1
176
1
290
0
176
1
290
0
176
1
290
0
176
1
290
0
176
1
290
0
176
1
290
0
176
1
 90
50
176
1
 40
0.0
176
1
 40
1.0
176
1
 90
0
176
1
 62
18
420
0
176
1
 90
50
176
1
 90
3
176
1
 62
5
420
255
176
1
290
0
176
1
 90
50
176
1
 90
50
176
1
 90
50
176
1
290
0
176
1
 90
50
176
1
 62
256
176
0
 40
1.0
176
0
 90
2
176
1
  1
strokes_ogs.tif
176
1
290
0
176
1
 40
1.0
176
1
 40
1.0
176
1
  0
VISUALSTYLE
  5
65C
102
{ACAD_REACTORS
330
644
102
}
330
644
100
AcDbVisualStyle
  2
EdgeColorOff
 70
22
177
3
291
1
 70
58
 90
2
176
0
 90
2
176
0
 90
0
176
0
 90
0
176
0
 40
0.6
176
0
 40
30.0
176
0
 62
7
420
16777215
176
0
 90
1
176
0
 90
4
176
0
 62
7
176
0
 62
257
176
0
 90
1
176
0
 90
1
176
0
 40
1.0
176
0
 90
8
176
2
 62
7
176
0
 40
1.0
176
0
 90
1
176
0
 90
6
176
0
 90
2
176
0
 62
7
176
0
 90
5
176
0
 90
0
176
0
 90
0
176
0
290
0
176
0
 90
1
176
0
 40
0.0
176
0
 90
0
176
0
290
0
176
0
290
1
176
0
290
1
176
0
290
0
176
0
290
0
176
0
290
0
176
0
290
0
176
0
290
0
176
0
290
0
176
0
 90
50
176
0
 40
0.0
176
0
 40
1.0
176
0
 90
0
176
0
 62
18
420
0
176
0
 90
50
176
0
 90
3
176
0
 62
5
420
255
176
0
290
0
176
0
 90
50
176
0
 90
50
176
0
 90
50
176
0
290
0
176
0
 90
50
176
0
 62
256
176
0
 40
1.0
176
0
 90
2
176
0
  1
strokes_ogs.tif
176
0
290
0
176
0
 40
1.0
176
0
 40
1.0
176
0
  0
VISUALSTYLE
  5
653
102
{ACAD_REACTORS
330
644
102
}
330
644
100
AcDbVisualStyle
  2
Facepattern
 70
15
177
3
291
1
 70
58
 90
2
176
1
 90
2
176
1
 90
0
176
1
 90
0
176
1
 40
0.6
176
1
 40
30.0
176
1
 62
7
420
16777215
176
1
 90
1
176
1
 90
4
176
1
 62
7
176
1
 62
257
176
1
 90
1
176
1
 90
1
176
1
 40
1.0
176
1
 90
8
176
1
 62
7
176
1
 40
1.0
176
1
 90
1
176
1
 90
6
176
1
 90
2
176
1
 62
7
176
1
 90
5
176
1
 90
0
176
1
 90
0
176
1
290
0
176
1
 90
1
176
1
 40
0.0
176
1
 90
0
176
1
290
0
176
1
290
1
176
1
290
1
176
1
290
0
176
1
290
0
176
1
290
0
176
1
290
0
176
1
290
0
176
1
290
0
176
1
 90
50
176
1
 40
0.0
176
1
 40
1.0
176
1
 90
0
176
1
 62
18
420
0
176
1
 90
50
176
1
 90
3
176
1
 62
5
420
255
176
1
290
0
176
1
 90
50
176
1
 90
50
176
1
 90
50
176
1
290
0
176
1
 90
50
176
1
 62
256
176
0
 40
1.0
176
0
 90
2
176
1
  1
strokes_ogs.tif
176
1
290
0
176
1
 40
1.0
176
1
 40
1.0
176
1
  0
VISUALSTYLE
  5
645
102
{ACAD_REACTORS
330
644
102
}
330
644
100
AcDbVisualStyle
  2
Flat
 70
0
177
3
291
1
 70
58
 90
2
176
1
 90
1
176
1
 90
1
176
1
 90
2
176
1
 40
0.6
176
1
 40
30.0
176
1
 62
7
420
16777215
176
1
 90
0
176
1
 90
0
176
1
 62
7
176
1
 62
257
176
1
 90
1
176
1
 90
1
176
1
 40
1.0
176
1
 90
8
176
1
 62
7
176
1
 40
1.0
176
1
 90
1
176
1
 90
6
176
1
 90
2
176
1
 62
7
176
1
 90
5
176
1
 90
0
176
1
 90
0
176
1
290
0
176
1
 90
13
176
1
 40
0.0
176
1
 90
0
176
1
290
0
176
1
290
1
176
1
290
1
176
1
290
0
176
1
290
0
176
1
290
0
176
1
290
0
176
1
290
0
176
1
290
0
176
1
 90
50
176
1
 40
0.0
176
1
 40
1.0
176
1
 90
0
176
1
 62
18
420
0
176
1
 90
50
176
1
 90
3
176
1
 62
5
420
255
176
1
290
0
176
1
 90
50
176
1
 90
50
176
1
 90
50
176
1
290
0
176
1
 90
50
176
1
 62
256
176
0
 40
1.0
176
0
 90
2
176
1
  1
strokes_ogs.tif
176
1
290
0
176
1
 40
1.0
176
1
 40
1.0
176
1
  0
VISUALSTYLE
  5
646
102
{ACAD_REACTORS
330
644
102
}
330
644
100
AcDbVisualStyle
  2
FlatWithEdges
 70
1
177
3
291
1
 70
58
 90
2
176
1
 90
1
176
1
 90
1
176
1
 90
2
176
1
 40
0.6
176
1
 40
30.0
176
1
 62
7
420
16777215
176
1
 90
1
176
1
 90
0
176
1
 62
7
176
1
 62
257
176
1
 90
1
176
1
 90
1
176
1
 40
1.0
176
1
 90
0
176
1
 62
257
176
1
 40
1.0
176
1
 90
1
176
1
 90
6
176
1
 90
2
176
1
 62
7
176
1
 90
5
176
1
 90
0
176
1
 90
0
176
1
290
0
176
1
 90
13
176
1
 40
0.0
176
1
 90
0
176
1
290
0
176
1
290
1
176
1
290
1
176
1
290
0
176
1
290
0
176
1
290
0
176
1
290
0
176
1
290
0
176
1
290
0
176
1
 90
50
176
1
 40
0.0
176
1
 40
1.0
176
1
 90
0
176
1
 62
18
420
0
176
1
 90
50
176
1
 90
3
176
1
 62
5
420
255
176
1
290
0
176
1
 90
50
176
1
 90
50
176
1
 90
50
176
1
290
0
176
1
 90
50
176
1
 62
256
176
0
 40
1.0
176
0
 90
2
176
1
  1
strokes_ogs.tif
176
1
290
0
176
1
 40
1.0
176
1
 40
1.0
176
1
  0
VISUALSTYLE
  5
647
102
{ACAD_REACTORS
330
644
102
}
330
644
100
AcDbVisualStyle
  2
Gouraud
 70
2
177
3
291
1
 70
58
 90
2
176
1
 90
2
176
1
 90
1
176
1
 90
2
176
1
 40
0.6
176
1
 40
30.0
176
1
 62
7
420
16777215
176
1
 90
0
176
1
 90
0
176
1
 62
7
176
1
 62
257
176
1
 90
1
176
1
 90
1
176
1
 40
1.0
176
1
 90
0
176
1
 62
7
176
1
 40
1.0
176
1
 90
1
176
1
 90
6
176
1
 90
2
176
1
 62
7
176
1
 90
5
176
1
 90
0
176
1
 90
0
176
1
290
0
176
1
 90
13
176
1
 40
0.0
176
1
 90
0
176
1
290
0
176
1
290
1
176
1
290
1
176
1
290
0
176
1
290
0
176
1
290
0
176
1
290
0
176
1
290
0
176
1
290
0
176
1
 90
50
176
1
 40
0.0
176
1
 40
1.0
176
1
 90
0
176
1
 62
18
420
0
176
1
 90
50
176
1
 90
3
176
1
 62
5
420
255
176
1
290
0
176
1
 90
50
176
1
 90
50
176
1
 90
50
176
1
290
0
176
1
 90
50
176
1
 62
256
176
0
 40
1.0
176
0
 90
2
176
1
  1
strokes_ogs.tif
176
1
290
0
176
1
 40
1.0
176
1
 40
1.0
176
1
  0
VISUALSTYLE
  5
648
102
{ACAD_REACTORS
330
644
102
}
330
644
100
AcDbVisualStyle
  2
GouraudWithEdges
 70
3
177
3
291
1
 70
58
 90
2
176
1
 90
2
176
1
 90
1
176
1
 90
2
176
1
 40
0.6
176
1
 40
30.0
176
1
 62
7
420
16777215
176
1
 90
1
176
1
 90
0
176
1
 62
7
176
1
 62
257
176
1
 90
1
176
1
 90
1
176
1
 40
1.0
176
1
 90
0
176
1
 62
257
176
1
 40
1.0
176
1
 90
1
176
1
 90
6
176
1
 90
2
176
1
 62
7
176
1
 90
5
176
1
 90
0
176
1
 90
0
176
1
290
0
176
1
 90
13
176
1
 40
0.0
176
1
 90
0
176
1
290
0
176
1
290
1
176
1
290
1
176
1
290
0
176
1
290
0
176
1
290
0
176
1
290
0
176
1
290
0
176
1
290
0
176
1
 90
50
176
1
 40
0.0
176
1
 40
1.0
176
1
 90
0
176
1
 62
18
420
0
176
1
 90
50
176
1
 90
3
176
1
 62
5
420
255
176
1
290
0
176
1
 90
50
176
1
 90
50
176
1
 90
50
176
1
290
0
176
1
 90
50
176
1
 62
256
176
0
 40
1.0
176
0
 90
2
176
1
  1
strokes_ogs.tif
176
1
290
0
176
1
 40
1.0
176
1
 40
1.0
176
1
  0
VISUALSTYLE
  5
64C
102
{ACAD_REACTORS
330
644
102
}
330
644
100
AcDbVisualStyle
  2
Hidden
 70
6
177
3
291
0
 70
58
 90
1
176
1
 90
2
176
1
 90
2
176
1
 90
0
176
1
 40
0.6
176
1
 40
30.0
176
1
 62
7
420
16777215
176
1
 90
2
176
1
 90
2
176
1
 62
7
176
1
 62
257
176
1
 90
2
176
1
 90
1
176
1
 40
40.0
176
1
 90
0
176
1
 62
257
176
1
 40
1.0
176
1
 90
1
176
1
 90
6
176
1
 90
2
176
1
 62
7
176
1
 90
3
176
1
 90
0
176
1
 90
0
176
1
290
0
176
1
 90
1
176
1
 40
0.0
176
1
 90
0
176
1
290
0
176
1
290
1
176
1
290
1
176
1
290
0
176
1
290
0
176
1
290
0
176
1
290
0
176
1
290
0
176
1
290
0
176
1
 90
50
176
1
 40
0.0
176
1
 40
1.0
176
1
 90
0
176
1
 62
18
420
0
176
1
 90
50
176
1
 90
3
176
1
 62
5
420
255
176
1
290
0
176
1
 90
50
176
1
 90
50
176
1
 90
50
176
1
290
0
176
1
 90
50
176
1
 62
256
176
0
 40
1.0
176
0
 90
2
176
1
  1
strokes_ogs.tif
176
1
290
0
176
1
 40
1.0
176
1
 40
1.0
176
1
  0
VISUALSTYLE
  5
65A
102
{ACAD_REACTORS
330
644
102
}
330
644
100
AcDbVisualStyle
  2
JitterOff
 70
20
177
3
291
1
 70
58
 90
2
176
0
 90
2
176
0
 90
0
176
0
 90
0
176
0
 40
0.6
176
0
 40
30.0
176
0
 62
7
420
16777215
176
0
 90
1
176
0
 90
4
176
0
 62
7
176
0
 62
257
176
0
 90
1
176
0
 90
1
176
0
 40
1.0
176
0
 90
10
176
2
 62
7
176
0
 40
1.0
176
0
 90
1
176
0
 90
6
176
0
 90
2
176
0
 62
7
176
0
 90
5
176
0
 90
0
176
0
 90
0
176
0
290
0
176
0
 90
1
176
0
 40
0.0
176
0
 90
0
176
0
290
0
176
0
290
1
176
0
290
1
176
0
290
0
176
0
290
0
176
0
290
0
176
0
290
0
176
0
290
0
176
0
290
0
176
0
 90
50
176
0
 40
0.0
176
0
 40
1.0
176
0
 90
0
176
0
 62
18
420
0
176
0
 90
50
176
0
 90
3
176
0
 62
5
420
255
176
0
290
0
176
0
 90
50
176
0
 90
50
176
0
 90
50
176
0
290
0
176
0
 90
50
176
0
 62
256
176
0
 40
1.0
176
0
 90
2
176
0
  1
strokes_ogs.tif
176
0
290
0
176
0
 40
1.0
176
0
 40
1.0
176
0
  0
VISUALSTYLE
  5
652
102
{ACAD_REACTORS
330
644
102
}
330
644
100
AcDbVisualStyle
  2
Linepattern
 70
14
177
3
291
1
 70
58
 90
2
176
1
 90
2
176
1
 90
0
176
1
 90
0
176
1
 40
0.6
176
1
 40
30.0
176
1
 62
7
420
16777215
176
1
 90
1
176
1
 90
4
176
1
 62
7
176
1
 62
257
176
1
 90
7
176
1
 90
7
176
1
 40
1.0
176
1
 90
8
176
1
 62
7
176
1
 40
1.0
176
1
 90
1
176
1
 90
6
176
1
 90
2
176
1
 62
7
176
1
 90
5
176
1
 90
0
176
1
 90
0
176
1
290
0
176
1
 90
1
176
1
 40
0.0
176
1
 90
0
176
1
290
0
176
1
290
1
176
1
290
1
176
1
290
0
176
1
290
0
176
1
290
0
176
1
290
0
176
1
290
0
176
1
290
0
176
1
 90
50
176
1
 40
0.0
176
1
 40
1.0
176
1
 90
0
176
1
 62
18
420
0
176
1
 90
50
176
1
 90
3
176
1
 62
5
420
255
176
1
290
0
176
1
 90
50
176
1
 90
50
176
1
 90
50
176
1
290
0
176
1
 90
50
176
1
 62
256
176
0
 40
1.0
176
0
 90
2
176
1
  1
strokes_ogs.tif
176
1
290
0
176
1
 40
1.0
176
1
 40
1.0
176
1
  0
VISUALSTYLE
  5
65B
102
{ACAD_REACTORS
330
644
102
}
330
644
100
AcDbVisualStyle
  2
OverhangOff
 70
21
177
3
291
1
 70
58
 90
2
176
0
 90
2
176
0
 90
0
176
0
 90
0
176
0
 40
0.6
176
0
 40
30.0
176
0
 62
7
420
16777215
176
0
 90
1
176
0
 90
4
176
0
 62
7
176
0
 62
257
176
0
 90
1
176
0
 90
1
176
0
 40
1.0
176
0
 90
9
176
2
 62
7
176
0
 40
1.0
176
0
 90
1
176
0
 90
6
176
0
 90
2
176
0
 62
7
176
0
 90
5
176
0
 90
0
176
0
 90
0
176
0
290
0
176
0
 90
1
176
0
 40
0.0
176
0
 90
0
176
0
290
0
176
0
290
1
176
0
290
1
176
0
290
0
176
0
290
0
176
0
290
0
176
0
290
0
176
0
290
0
176
0
290
0
176
0
 90
50
176
0
 40
0.0
176
0
 40
1.0
176
0
 90
0
176
0
 62
18
420
0
176
0
 90
50
176
0
 90
3
176
0
 62
5
420
255
176
0
290
0
176
0
 90
50
176
0
 90
50
176
0
 90
50
176
0
290
0
176
0
 90
50
176
0
 62
256
176
0
 40
1.0
176
0
 90
2
176
0
  1
strokes_ogs.tif
176
0
290
0
176
0
 40
1.0
176
0
 40
1.0
176
0
  0
VISUALSTYLE
  5
64E
102
{ACAD_REACTORS
330
644
102
}
330
644
100
AcDbVisualStyle
  2
Realistic
 70
8
177
3
291
0
 70
58
 90
2
176
1
 90
3
176
1
 90
0
176
1
 90
2
176
1
 40
0.6
176
1
 40
30.0
176
1
 62
7
420
16777215
176
1
 90
0
176
1
 90
0
176
1
 62
7
176
1
 62
257
176
1
 90
1
176
1
 90
1
176
1
 40
1.0
176
1
 90
8
176
1
 62
257
176
1
 40
1.0
176
1
 90
1
176
1
 90
6
176
1
 90
2
176
1
 62
7
176
1
 90
3
176
1
 90
0
176
1
 90
0
176
1
290
0
176
1
 90
13
176
1
 40
0.0
176
1
 90
0
176
1
290
0
176
1
290
1
176
1
290
1
176
1
290
0
176
1
290
0
176
1
290
0
176
1
290
0
176
1
290
0
176
1
290
0
176
1
 90
50
176
1
 40
0.0
176
1
 40
1.0
176
1
 90
0
176
1
 62
18
420
0
176
1
 90
50
176
1
 90
3
176
1
 62
5
420
255
176
1
290
0
176
1
 90
50
176
1
 90
50
176
1
 90
50
176
1
290
0
176
1
 90
50
176
1
 62
256
176
0
 40
1.0
176
0
 90
2
176
1
  1
strokes_ogs.tif
176
1
290
0
176
1
 40
1.0
176
1
 40
1.0
176
1
  0
VISUALSTYLE
  5
659
102
{ACAD_REACTORS
330
644
102
}
330
644
100
AcDbVisualStyle
  2
Shaded
 70
27
177
3
291
0
 70
58
 90
2
176
1
 90
2
176
1
 90
1
176
1
 90
2
176
1
 40
0.6
176
1
 40
30.0
176
1
 62
7
420
16777215
176
1
 90
0
176
1
 90
4
176
1
 62
7
176
1
 62
257
176
1
 90
1
176
1
 90
1
176
1
 40
1.0
176
1
 90
8
176
1
 62
257
176
1
 40
1.0
176
1
 90
1
176
1
 90
6
176
1
 90
2
176
1
 62
8
420
7895160
176
1
 90
3
176
1
 90
0
176
1
 90
0
176
1
290
0
176
1
 90
5
176
1
 40
0.0
176
1
 90
0
176
1
290
0
176
1
290
1
176
1
290
1
176
1
290
0
176
1
290
0
176
1
290
0
176
1
290
0
176
1
290
0
176
1
290
0
176
1
 90
50
176
1
 40
0.0
176
1
 40
1.0
176
1
 90
0
176
1
 62
18
420
0
176
1
 90
50
176
1
 90
3
176
1
 62
5
420
255
176
1
290
0
176
1
 90
50
176
1
 90
50
176
1
 90
50
176
1
290
0
176
1
 90
50
176
1
 62
256
176
0
 40
1.0
176
0
 90
2
176
1
  1
strokes_ogs.tif
176
1
290
0
176
1
 40
1.0
176
1
 40
1.0
176
1
  0
VISUALSTYLE
  5
658
102
{ACAD_REACTORS
330
644
102
}
330
644
100
AcDbVisualStyle
  2
Shaded with edges
 70
26
177
3
291
0
 70
58
 90
2
176
1
 90
2
176
1
 90
1
176
1
 90
2
176
1
 40
0.6
176
1
 40
30.0
176
1
 62
7
420
16777215
176
1
 90
1
176
1
 90
2
176
1
 62
7
176
1
 62
257
176
1
 90
2
176
1
 90
1
176
1
 40
1.0
176
1
 90
8
176
1
 62
257
176
1
 40
1.0
176
1
 90
1
176
1
 90
6
176
1
 90
2
176
1
 62
7
176
1
 90
3
176
1
 90
0
176
1
 90
0
176
1
290
0
176
1
 90
5
176
1
 40
0.0
176
1
 90
0
176
1
290
0
176
1
290
1
176
1
290
1
176
1
290
0
176
1
290
0
176
1
290
0
176
1
290
0
176
1
290
0
176
1
290
0
176
1
 90
50
176
1
 40
0.0
176
1
 40
1.0
176
1
 90
0
176
1
 62
18
420
0
176
1
 90
50
176
1
 90
3
176
1
 62
5
420
255
176
1
290
0
176
1
 90
50
176
1
 90
50
176
1
 90
50
176
1
290
0
176
1
 90
50
176
1
 62
256
176
0
 40
1.0
176
0
 90
2
176
1
  1
strokes_ogs.tif
176
1
290
0
176
1
 40
1.0
176
1
 40
1.0
176
1
  0
VISUALSTYLE
  5
655
102
{ACAD_REACTORS
330
644
102
}
330
644
100
AcDbVisualStyle
  2
Shades of Gray
 70
23
177
3
291
0
 70
58
 90
2
176
1
 90
2
176
1
 90
3
176
1
 90
0
176
1
 40
0.6
176
1
 40
30.0
176
1
 62
7
420
16777215
176
1
 90
2
176
1
 90
2
176
1
 62
7
176
1
 62
7
176
1
 90
1
176
1
 90
1
176
1
 40
40.0
176
1
 90
8
176
1
 62
7
176
1
 40
1.0
176
1
 90
1
176
1
 90
6
176
1
 90
2
176
1
 62
7
176
1
 90
3
176
1
 90
0
176
1
 90
0
176
1
290
0
176
1
 90
1
176
1
 40
0.0
176
1
 90
0
176
1
290
0
176
1
290
1
176
1
290
1
176
1
290
0
176
1
290
0
176
1
290
0
176
1
290
0
176
1
290
0
176
1
290
0
176
1
 90
50
176
1
 40
0.0
176
1
 40
1.0
176
1
 90
0
176
1
 62
18
420
0
176
1
 90
50
176
1
 90
3
176
1
 62
5
420
255
176
1
290
0
176
1
 90
50
176
1
 90
50
176
1
 90
50
176
1
290
0
176
1
 90
50
176
1
 62
256
176
0
 40
1.0
176
0
 90
2
176
1
  1
strokes_ogs.tif
176
1
290
0
176
1
 40
1.0
176
1
 40
1.0
176
1
  0
VISUALSTYLE
  5
656
102
{ACAD_REACTORS
330
644
102
}
330
644
100
AcDbVisualStyle
  2
Sketchy
 70
24
177
3
291
0
 70
58
 90
1
176
1
 90
2
176
1
 90
2
176
1
 90
0
176
1
 40
0.6
176
1
 40
30.0
176
1
 62
7
420
16777215
176
1
 90
2
176
1
 90
2
176
1
 62
7
176
1
 62
7
176
1
 90
1
176
1
 90
1
176
1
 40
40.0
176
1
 90
11
176
1
 62
7
176
1
 40
1.0
176
1
 90
1
176
1
 90
6
176
1
 90
2
176
1
 62
7
176
1
 90
6
176
1
 90
0
176
1
 90
0
176
1
290
0
176
1
 90
1
176
1
 40
0.0
176
1
 90
0
176
1
290
0
176
1
290
1
176
1
290
1
176
1
290
0
176
1
290
0
176
1
290
0
176
1
290
0
176
1
290
0
176
1
290
0
176
1
 90
50
176
1
 40
0.0
176
1
 40
1.0
176
1
 90
0
176
1
 62
18
420
0
176
1
 90
50
176
1
 90
3
176
1
 62
5
420
255
176
1
290
0
176
1
 90
50
176
1
 90
50
176
1
 90
50
176
1
290
0
176
1
 90
50
176
1
 62
256
176
0
 40
1.0
176
0
 90
2
176
1
  1
strokes_ogs.tif
176
1
290
0
176
1
 40
1.0
176
1
 40
1.0
176
1
  0
VISUALSTYLE
  5
651
102
{ACAD_REACTORS
330
644
102
}
330
644
100
AcDbVisualStyle
  2
Thicken
 70
13
177
3
291
1
 70
58
 90
2
176
1
 90
2
176
1
 90
0
176
1
 90
0
176
1
 40
0.6
176
1
 40
30.0
176
1
 62
7
420
16777215
176
1
 90
1
176
1
 90
4
176
1
 62
7
176
1
 62
257
176
1
 90
1
176
1
 90
1
176
1
 40
1.0
176
1
 90
12
176
1
 62
7
176
1
 40
1.0
176
1
 90
1
176
1
 90
6
176
1
 90
2
176
1
 62
7
176
1
 90
5
176
1
 90
0
176
1
 90
0
176
1
290
0
176
1
 90
1
176
1
 40
0.0
176
1
 90
0
176
1
290
0
176
1
290
1
176
1
290
1
176
1
290
0
176
1
290
0
176
1
290
0
176
1
290
0
176
1
290
0
176
1
290
0
176
1
 90
50
176
1
 40
0.0
176
1
 40
1.0
176
1
 90
0
176
1
 62
18
420
0
176
1
 90
50
176
1
 90
3
176
1
 62
5
420
255
176
1
290
0
176
1
 90
50
176
1
 90
50
176
1
 90
50
176
1
290
0
176
1
 90
50
176
1
 62
256
176
0
 40
1.0
176
0
 90
2
176
1
  1
strokes_ogs.tif
176
1
290
0
176
1
 40
1.0
176
1
 40
1.0
176
1
  0
VISUALSTYLE
  5
64B
102
{ACAD_REACTORS
330
644
102
}
330
644
100
AcDbVisualStyle
  2
Wireframe
 70
5
177
3
291
0
 70
58
 90
0
176
1
 90
2
176
1
 90
0
176
1
 90
0
176
1
 40
0.6
176
1
 40
30.0
176
1
 62
7
420
16777215
176
1
 90
1
176
1
 90
4
176
1
 62
7
176
1
 62
257
176
1
 90
1
176
1
 90
1
176
1
 40
1.0
176
1
 90
0
176
1
 62
257
176
1
 40
1.0
176
1
 90
1
176
1
 90
6
176
1
 90
2
176
1
 62
7
176
1
 90
3
176
1
 90
0
176
1
 90
0
176
1
290
0
176
1
 90
1
176
1
 40
0.0
176
1
 90
0
176
1
290
0
176
1
290
1
176
1
290
1
176
1
290
0
176
1
290
0
176
1
290
0
176
1
290
0
176
1
290
0
176
1
290
0
176
1
 90
50
176
1
 40
0.0
176
1
 40
1.0
176
1
 90
0
176
1
 62
18
420
0
176
1
 90
50
176
1
 90
3
176
1
 62
5
420
255
176
1
290
0
176
1
 90
50
176
1
 90
50
176
1
 90
50
176
1
290
0
176
1
 90
50
176
1
 62
256
176
0
 40
1.0
176
0
 90
2
176
1
  1
strokes_ogs.tif
176
1
290
0
176
1
 40
1.0
176
1
 40
1.0
176
1
  0
VISUALSTYLE
  5
657
102
{ACAD_REACTORS
330
644
102
}
330
644
100
AcDbVisualStyle
  2
X-Ray
 70
25
177
3
291
0
 70
58
 90
2
176
1
 90
2
176
1
 90
1
176
1
 90
1
176
1
 40
0.5
176
1
 40
30.0
176
1
 62
7
420
16777215
176
1
 90
1
176
1
 90
0
176
1
 62
7
176
1
 62
257
176
1
 90
1
176
1
 90
1
176
1
 40
1.0
176
1
 90
8
176
1
 62
7
176
1
 40
1.0
176
1
 90
1
176
1
 90
6
176
1
 90
2
176
1
 62
7
176
1
 90
3
176
1
 90
0
176
1
 90
0
176
1
290
0
176
1
 90
13
176
1
 40
0.0
176
1
 90
0
176
1
290
0
176
1
290
1
176
1
290
1
176
1
290
0
176
1
290
0
176
1
290
0
176
1
290
0
176
1
290
0
176
1
290
0
176
1
 90
50
176
1
 40
0.0
176
1
 40
1.0
176
1
 90
0
176
1
 62
18
420
0
176
1
 90
50
176
1
 90
3
176
1
 62
5
420
255
176
1
290
0
176
1
 90
50
176
1
 90
50
176
1
 90
50
176
1
290
0
176
1
 90
50
176
1
 62
256
176
0
 40
1.0
176
0
 90
2
176
1
  1
strokes_ogs.tif
176
1
290
0
176
1
 40
1.0
176
1
 40
1.0
176
1
  0
DICTIONARYVAR
  5
674
102
{ACAD_REACTORS
330
66C
102
}
330
66C
100
DictionaryVariables
280
0
  1
1:1
  0
DICTIONARYVAR
  5
670
102
{ACAD_REACTORS
330
66C
102
}
330
66C
100
DictionaryVariables
280
0
  1
STANDARD
  0
DICTIONARYVAR
  5
66F
102
{ACAD_REACTORS
330
66C
102
}
330
66C
100
DictionaryVariables
280
0
  1
STANDARD
  0
DICTIONARYVAR
  5
671
102
{ACAD_REACTORS
330
66C
102
}
330
66C
100
DictionaryVariables
280
0
  1
Metric50
  0
DICTIONARYVAR
  5
672
102
{ACAD_REACTORS
330
66C
102
}
330
66C
100
DictionaryVariables
280
0
  1
Metric50
  0
DICTIONARYVAR
  5
676
102
{ACAD_REACTORS
330
66C
102
}
330
66C
100
DictionaryVariables
280
0
  1
1
  0
DICTIONARYVAR
  5
677
102
{ACAD_REACTORS
330
66C
102
}
330
66C
100
DictionaryVariables
280
0
  1
15
  0
DICTIONARYVAR
  5
675
102
{ACAD_REACTORS
330
66C
102
}
330
66C
100
DictionaryVariables
280
0
  1
0
  0
DICTIONARYVAR
  5
673
102
{ACAD_REACTORS
330
66C
102
}
330
66C
100
DictionaryVariables
280
0
  1
0
  0
DICTIONARY
  5
635
330
634
100
AcDbDictionary
280
1
281
1
  3
BUMPTILE
360
637
  3
DIFFUSETILE
360
636
  3
OPACITYTILE
360
63A
  3
REFLECTIONTILE
360
639
  3
REFRACTIONTILE
360
63B
  3
SPECULARTILE
360
638
  0
DICTIONARY
  5
62D
330
62C
100
AcDbDictionary
280
1
281
1
  3
BUMPTILE
360
62F
  3
DIFFUSETILE
360
62E
  3
OPACITYTILE
360
632
  3
REFLECTIONTILE
360
631
  3
REFRACTIONTILE
360
633
  3
SPECULARTILE
360
630
  0
DICTIONARY
  5
63D
330
63C
100
AcDbDictionary
280
1
281
1
  3
BUMPTILE
360
63F
  3
DIFFUSETILE
360
63E
  3
FBXASSET
360
7B5
  3
OPACITYTILE
360
642
  3
REFLECTIONTILE
360
641
  3
REFRACTIONTILE
360
643
  3
SPECULARTILE
360
640
  0
DICTIONARY
  5
867
330
65F
100
AcDbDictionary
280
1
281
1
  3
ACAD_ROUNDTRIP_2008_TABLESTYLE_CELLSTYLEMAP
360
868
  0
XRECORD
  5
637
102
{ACAD_REACTORS
330
635
102
}
330
635
100
AcDbXrecord
280
1
270
1
271
1
  0
XRECORD
  5
636
102
{ACAD_REACTORS
330
635
102
}
330
635
100
AcDbXrecord
280
1
270
1
271
1
  0
XRECORD
  5
63A
102
{ACAD_REACTORS
330
635
102
}
330
635
100
AcDbXrecord
280
1
270
1
271
1
  0
XRECORD
  5
639
102
{ACAD_REACTORS
330
635
102
}
330
635
100
AcDbXrecord
280
1
270
1
271
1
  0
XRECORD
  5
63B
102
{ACAD_REACTORS
330
635
102
}
330
635
100
AcDbXrecord
280
1
270
1
271
1
  0
XRECORD
  5
638
102
{ACAD_REACTORS
330
635
102
}
330
635
100
AcDbXrecord
280
1
270
1
271
1
  0
XRECORD
  5
62F
102
{ACAD_REACTORS
330
62D
102
}
330
62D
100
AcDbXrecord
280
1
270
1
271
1
  0
XRECORD
  5
62E
102
{ACAD_REACTORS
330
62D
102
}
330
62D
100
AcDbXrecord
280
1
270
1
271
1
  0
XRECORD
  5
632
102
{ACAD_REACTORS
330
62D
102
}
330
62D
100
AcDbXrecord
280
1
270
1
271
1
  0
XRECORD
  5
631
102
{ACAD_REACTORS
330
62D
102
}
330
62D
100
AcDbXrecord
280
1
270
1
271
1
  0
XRECORD
  5
633
102
{ACAD_REACTORS
330
62D
102
}
330
62D
100
AcDbXrecord
280
1
270
1
271
1
  0
XRECORD
  5
630
102
{ACAD_REACTORS
330
62D
102
}
330
62D
100
AcDbXrecord
280
1
270
1
271
1
  0
XRECORD
  5
63F
102
{ACAD_REACTORS
330
63D
102
}
330
63D
100
AcDbXrecord
280
1
270
1
271
1
  0
XRECORD
  5
63E
102
{ACAD_REACTORS
330
63D
102
}
330
63D
100
AcDbXrecord
280
1
270
1
271
1
  0
XRECORD
  5
7B5
102
{ACAD_REACTORS
330
63D
102
}
330
63D
100
AcDbXrecord
280
1
 70
1
 90
-1506045146
 71
1
  1
62F1E0E3-E4DE-4F13-97D9-6415E1678E98
311
504B03041400060808008A4A975CB81743CBF7000000A80100004F00000045323944423244342D343945362D343743302D383345432D4638444642393245323333432F4173736574446174612F446566696E6974696F6E4974657261746F7250726F706572746965732E62696EBD50BD4EC4300C0E0C200606241E8081D5E4
311
DAA46D8284509B3A4C2CF0002857C25DA55C7BBAB462BD91B706479457C0D2675B9FFF3EF98B31F6BD18A5EC8470247F49F1C90FFED077AFDDD6EF1C3B4B4C18D72EDC52D62894B59005A0AD0B90AAB2505716A136461445268C34E529F59D135AFFE1E630A595CF7DEC7C086EF0E31CAF88586EDCECDC44B75CB84B43178C
311
A57024B0BF424C9B36BF8A92C84F827BDFDF3FBA18FDF4C031D76D93B712A4C612646556A0041AB0AAB58DCE3117C2F0171FC7F9D0F9C8CBDC66B84201285B04693301BA6A3594322B302B2B855AF1693BA7D75C2719EBC1F581AFF822E16D3F6C88FE37FB01504B03041400060808008A4A975C08D1F0D4F5000000300200
311
004500000045323944423244342D343945362D343743302D383345432D4638444642393245323333432F4173736574446174612F496E7374616E636550726F706572746965732E62696EEB606060F80F0540260323103700495E20ED9E9A975A94991C9C9C919A9BA802143033723374357035D675357171D535713334D6B5
311
3477B1D43533313475353433B770B5B460476804693136042A3532B5D435353131D635313332D475727372D13534373670367376B67474B5042A03DBCBA019D37FE8ABC6157B20CD04146B0062181F4C03F940F0C11E2409D1C1C020E0C02000E242808A038C8583FE600F9580337028045AC300B4871928DD805002D3F500
311
6A0C0F420A89050A4F840C4C0F9202283365A703A620B208C40D2011909126C85248EC0FF62C401E28E6F88038B83CB1243943D7A928312F25350524C341450800504B03041400060808008A4A975CB5A795FFE3790000DE7900006B00000045323944423244342D343945362D343743302D383345432D4638444642393245
311
323333432F5265736F75726365732F36324631453045332D453444452D344631332D393744392D3634313545313637384539382F7468756D626E61696C2F302F67656E657269635F706E6701DE79218689504E470D0A1A0A0000000D49484452000001000000010008030000006BAC58540000000467414D410000B18F0BFC
311
6105000000017352474200AECE1CE900000192504C5445818181B3B3B35A5A5A4848486060605C5C5C6464648383835E5E5E6262624E4E4EAFAFAF4A4A4AB5B5B54C4C4CB1B1B1858585B7B7B7585858ADADAD7C7C7C464646787878ABABAB747474A7A7A7686868707070B9B9B96E6E6E6A6A6A8B8B8B6666665454545656
311
56A5A5A5505050A1A1A1BBBBBB8F8F8F9F9F9F4242425252527676764040403E3E3E9B9B9B7A7A7A8989897E7E7E9393939797974444448787873C3C3C727272BDBDBD3A3A3A6C6C6CA9A9A9A3A3A32020209D9D9DBFBFBF8D8D8D9595959191912626269999992222222424241E1E1EC1C1C1282828C3C3C32C2C2C2A2A2A
311
2E2E2E303030C5C5C53232321C1C1C363636383838343434C7C7C71A1A1A0E0E0E121212484A484C4E4C1616160A0A0A4A4C4A787A781414147C7E7C9193915E605E464846838583878987B1B3B18587856668665A5C5A626462818381A7A7A5A3A3A1B1B1AFADAFAD7072705C5E5C9D9D9BABADAB7E817EB7B9B7585A58BB
311
BDBB4C4C4A8D8F8D747674B5B5B3B7B7B59FA19F606260ABABA9A5A5A39B9B99A9A9A78F8F8D6C6C6AC7C7C5451AD12700002000494441547801DCBD89771BD7B5A70B8EE04C702641712605CE034890E220088028C93245451215B713AF388E7DFD9EEDB8DDCE6ABFF4B57D97137BE50FEFEFDBA74049B6AEED74869B7E87
311
404D2814EBB7F76F0F67A8835CEEBFA0E42B854AA5B2BB5B6BCC951A8D52A93657A914FE0BEEE39FFE2FF395B9B9C6CAD2D4C4606F4B7FFF8D1B37EEDCB97587F7CD9B4343BD134BABE7DB48E3FFA7A228ECD6F6574E4786C0FC8B5FFCE2CD5FFCE297BF7CF3CD5FFC92B52FFE58BFF9E69B776E0EF5F79E55CBBBF9FC3F5D
311
3DFFB07F5898ABAF7CDA3B74E74EC0CE20230561BF096E97E05712BFFCC59BC80539DCE83DDD6E54FE61B7747DE17FB8980BBBFB2BBD4337DF487881AAE6C5ACC6AF25207877B2B527BFF1CB3B77FA47561ABBD7F7FA7FE146A5B6BD74E3164C7F51449AE95DB412200EC539418717E7F2F11B376FF62E95FEAF1442BED058
311
1DBCA1BD2780D23F506AFA16E1A7AD974EF17876F00DD7BCB187A1A97AE51FCED5BF2BC1F2BBE5B3C19BE27B43CF26DE00933658FE129B109C2FFF922CC22C4260FA01BEFB462A77DEBC35F42F600C3F5B0795D2E9E02DAD5E650B4438A92801B65C35CBAB7B1EE5041CE69D3B6F1822DFB873EBD6AD3B6FBC71EBC6C86AE9
311
67DFC2DFA4CEBFF1BF54F6276EBC114E2F43FEC60B01A0D440A868B2920E5C4BC10D60931ADCB871F3268B21D3851B08E1D6AD9BFD4BF57F7577909FAB86F29B982571136AF01DF5FE32AC3BD9406CAAF2440A54CF176EDD01FBADA1FEFEFE21FE4C9858DFF4183458A9FD2B6708A5A5A137E0EE1D11A9EC0C7C58B2C73C0A
311
D6B479BD76B7790CF899E287FA5B06FB7B07C9195B7851FA8794031EF1FC5F9406BBFB23375420286399B631E93B08022A785C4DBF9996EC3551874094D71B6F487E80F6837E50F483BDBDBD83232323AC420A18C68DA196EDDADF68A77F938F78FD972BABBDB7B87FB164AC6FC2CB760365821ACB74AED44FFAD7E7431ECD
311
7E08AC421F391D199998989A383D9D98E8E56F84A318C58D9BFD2DAB73FF5222C8EFAEF4DE7AF30D756E5108683DA471E70D0502099A7240F19E4089D3FD203E620F1B47BF43501E85031AE44B4B9F2E4D2D9D4D51D8970983FA861B3706FF950CA170DE82F6B312CC4F42C8966295F7D725ED29882415DC055F36DEA1FE96
311
FEC141493F05FAA9A9A5A595B333DED5B3D5A533F62183323032F46EFF13EA0AAFA5FBF7C8976F8C10F7280A014832593B90004D52341980D907EAEB73411EB2F1EBC9F507F92746C40E7AE0AFAE54292BAB2BAB67CAE0746264A277B06508168C94BF772BE9765F7BF0B548FE1E07F3B5A521340A5CB5297C4B12811B89E8
311
2191ECF3E41B3259C529F135E23CF4C7F961FB13537F5A02ECCAEA76B5BA5D3D3FDF3F2FEFEFB3AA22053E5008833428DC6C59FA2F770595F311F235D427F379BB8A121BD901B96076A388DC4C3C61C7933CCCD770FF375A6E0CE9F535FE2534BF5ADD3E3FAFD71BF57AA951B6D4CFEBFB8864758A26154430080B06ABFF55
311
7610ECC93726224F155D1471041E0D42F82F4891C926C1355B0831649FF365F46FF05300A7A790BD8ADEEB0D4AA9569A9BDBADCCD56AA55AE377F5F3F3EA2A34983A1DE91D810543138D7F28E57FF4E2B5335A3928B76EA1CB9B00BF158C8F63A2E788826896D0B5E7C461949ECE089144F8EBEFC7FB4D8C9C4E9DAD60F7FB
311
E572B416C2F2423ECF8B86C439E450DA970634ACFDA977629098D0B2FAF313A36B3869E37AF7853378CDA1171FBEBA95DF1E44FD5144A420588641B0055A79ED91CC0DC41E27064512FB33F1F04D09D0D2DF0203A646A6CECE80DF28356A348CED8C4F1EF137B9319E1BCD29867CA556AA97F7B757567006A447FD375A26CA
311
AFDED9CFDCFB2BB0BEEE8AA5911BC2C7F85DF88A3775389990AA72219D582409210F85A4E66F2987D875C30848023088FDF77E87F96FD7CBA5B9DCCEF4F4C9FC7C676777577B7B7B67E7ECCCE4E8DEE85E81A6D55AA3BC7FBEB242589CE8ED4770E785D7DDE23FF2587EBF57F50B9E820527316488E5C32D50F979BCA58207
311
297E2B6D658702FFCD211840FE43FC9F3A5BAD9E97E6F21B9FCF16BBBB3A3A5A175B5B1787875B5B3B86DFEFFC687A72674F19D46A8DFDF3EACA59E405375ACE76FFA922C817CE86A89BDD92F400F2C55B7462F610459837D3A61ACF50C7471C8F2F2A9D38C3DA2F068007F80EFCDBFBE5DCC674B1D83EBCBEB8BCBCBC3ED0
311
D3D333D0B3DE33BCBEB0D8DA35FBF9F8CECE68AE020BCE61C112A4C1138CD47F9AD13F7DC6AB9CF9CFCFAF9D0E01FFE6CD503F5B91C5218E2899CA15098714848B04FCE5654884ABF0E554F11F6C21D73D5D5AADD64B7B9327DDAD8B0B7D7D6D6D07070763BC0F3E38E8EB4310EBEB8BC3DDB347E3E37B5842B97C4E44A0C6
311
30427E5CFDFB71E03F471E12CA9FF70E055AE141042DD81234B879EB4606361D9328149037D7D76A571A7E974FA20AD0323832713AB5BA7ABE3B3E3D3FBC30307070B0B9B645D93C3CDC3CDCA41CFC6AAC2D64D0D579B4B1B397A7C1BDBEBD7D36657A3CD4B2F44F4909F2B9CA597F4245C59DEC354316F0587020D0C66174
311
2BC02869435FD12CF195C422DB3C5A3E2305C000CE6B7B27ED8B7D63079B5B5B878787C787C7C7C757C76C51B60ED60EDAFA06D67B965B3B672677080BB5329E60E9B477847AE2E9EB53E35779FD37EFCD2D0DDD68AA355B6B0D81860502B8B68C801F5C697E9AD62F4B406244CB975560BAC756AAA577675B07C6D03778C1
311
7E7C95CAF1B3ABABE3E3ADADE3CDB1B1B6B681014470343EBA979F8B90383545727C63E43549D14FD0F927E5F1FDEFD7263058FE02EBCD1BDCBCA053496BD58E69BC44F9F854D4D979AE9ADB908824382AC1D4014E9756EAF9CE85B6B54DB01F02F8EA5908E0D9D5F1B3E72188C3C3AB67879B07C8A0A767B8B831FE5E7EB7
311
54DEAE5261460243FFF07858D8EF0D658BDC563A2C5EF5833C13C90B69248C4DD97842B61DFA7F210A2F6108A0F96B62E2D3B3F3DD939EA47E30ABF5AB2B903F4BE5F9B36757CF65021E616DAC6F60A1FB647274B4B05B2E5341B082D43278F67D8DFDA48AFF9A13F22B34C7586C9992BA6E66CABC190E313E7C811AA57304
311
B421A75B289B9D174CC868C24548823E230B9A5A2DCD2CAFE1F98E61C015CA7E96B083FC59F3ED06EE60F360B3AD6F79787ED278D0A86FAFE00BA9220EAEFE1D5DE1F7855939C3FCC1332426B377F692406E022C010DB437EF009803F0DCFD3B7C94440571D8F2C328F115F47FD324802070BAB43FBA80EFDB92FCA1F7E7CF
311
9FA875CBB327CF9EB08C4DE4815BC4210E2CB7CF1CEDECEDCED5B757490968286899FAF95583BF46F9393CEE6A86D6F618CAAD9BFF0BE22B042412C5CFB50556815CC5BBE33E9F61ECEC26A9BCB8145FD10590078F9C9E953B513FAE1FE387FAC246E14F9E3CE7F5F8194BD6594140876B6B84C5D6799C61A16434201E5237
311
582AFD75C07EEED9863F463284E2E13425A036BD41061259289B6BDC1ED656FC8B8592C9D00701E27CEA749F0D8EF44EAD8C1F80FFF8F8F9D513191F6803384C800097F24069C407CFAE88136B7DCB3D5D4A60B711F19070D83235F77331FD35E715966889038E2E0B346EAB7936C4162043E1A1F144093695443A57014489
311
8BC4079CEF1912809A3035A1D3F361235F90FFF1E3E0FB93C7E2750719F88E7D8E68123883ADB5B18185AE99F1D11C1238A792DC4BEDE8EC6FF503DF377E0445F68FAF4E08D43082D02170F30131A154206CC559A8D9CFDD762B31273E4947A581E0D9BB71E33FFA07CD02CE2A6BE1EC80167497F2A81CFA3F7EFE58D0CF5D
311
5D170DE4F89070B0BC4040CC17BEAC6B0586C3D3FF0309BC06F44B04A1E13729929B4DF73C44070692C810B08AC3012E8EE9EAE22067796288C193B2139B970B86F47FAD0F98382B1E035D9C32FD318A4FAFCB274F2E1FA772F94411B0CD42493C23393A685B5FEF3E1ACF554AF5F3552A478383374E6B2FDDFC4F6DFE38F4
311
F4ED7A7FE838F488EA852482F412D3CB07E293D02C9F074F12E84C5AAC423271450572A385449844706475FD38DC3C22486A0639E5F1E38B0CFE93CB4B25910EF309A2224BD8DAD40C682C28341AD69047E8539A6AFC14EC573F7FAD10AE0FE6EB13E87B28E093B513B5803514DE408809BC12A14876DE0A25F643009E9176
311
D9F0C330164285A7444DC8CAF0E9FE41429EE0A2F6A6DE91C0856C501272404A8468822E24C807030B1D33D40D4AFBDBABB411D093D88C86D7205E05FC57EDD1F805FA4CED5920F0CED39157E007CE21757C5DE440ECBCB46CD283E378029B43FB077B4F47E60E9F61E8D01BE017D7E843EB49F50A2028F1E442FCC90C9EE3
311
08E4C0C2C94EAE30B75FAD3A0EAFA57FE9EF960F14BE15638840EAF3BA490BB6850EDB38EECAFD21A0C746D0C4234DBD035EFC7EDD121FA585FAB73DB89FE6A03CF833AB0730E5E2F1A36CE3F202A128934B44E396961121E1F2C9F32BFCC0C140CFE22C1CA8E109B182919696BFB98120234F61B59F7BF46EC30CF067B21A
311
33B0FB3E402448EE266CCD93135A8E823DB31F85E677434E608F53F8100BC0098EA2FD6BC01770E0F2F2D1E5452A711C4BB8486248FAD756D852026B6DC90A2AA5C6B69E9068B8F27AFABFFEE8AB36F1D23985D5960014FD711940800B560250D2272CC54FF1D3A660B275AC3881E349689C1616E1E9044129D032313509DE
311
4700BC867C71F128C400159407C761022BA8A040F40A244788808C60B3AD67A17576279F6F946923191921B0545FC2F12AC0EFEFBD7262B6935679FC7F80629160ABFAEC88E8430E76D82A8DE62ACE50BD4A42FBF03B387B37FD321B37E31C3F063D99703F5160E6C9E5A300CF32A91E0A085A29C0FC507F6C21012303C610
311
4B82C1F1E156DB3229D1A855A32A8352C9077AF733A0AFE0FB3EF81FDF2F0F82C21B0EB06998866878B103305E31EC17F4FD43831E570A2118D1667632D4FFFFB125782F96168A833DBE78C3F11F8383A79D49F58F1E3DBC780417AE6581381E8610604888E2913E12492881274822C221AD04CB0B1D273B8542837460898C
311
686864FF6F801E8269F40AD0481DFAF5E6E9C1F3BE391C325004DF0746A4E4448F7B52C0D5EAD39EC46896B888C4210D68E99DFA2820DF7FF850EC407EB55C3EBC5028611409BFCB8889C90F1C52355AEF98B18100094C9D0EF6F64FD47E5CBF3FF5293DDFB4B50DDD54F351446FA1F14580DC3902C085F593CB24ACC917B2
311
13BBC11B3F0A61042FD8B24F4FB9C4556D0CB9E1A880DE89934CE9607F18F81FDD950DD0E1D143F41D56110E227C250621FF098838042BC85B5B6BCBCBC31DD37B34966E9FFD9936A2FEFEA9EBA4182E5CD3E17AE35501FCE0707E5525A7DBC64DFD077825BE37CE0BBE1BBEC061410C660B6E49912665E2B3749C7C9F9383
311
4022F74CDE6CA5EB501D9CBC04B768292C5CCB84478F3CA83074092C6082169015E5800D5839DC6C1B58EFE83ECA513BDE3EFB8EF1242D2D4B3FD55AFE03D42F8492AF8A3F21444FA2FA9ABBF525EAF84C09F0168527B0138A85D1EC0443C467B28BF844EAF76323BE13D7C11F72FED783837B970FEFDE7D7817E077C17EF7
311
E2A1C2C0FE851FE4C008388C15E818958746129E1009D054B67530D6B3D8DA3D59D82D9D57CF70039FF50FFE0DE94089DB269C3655A4F25B38C49D0BD48E59F1526887C18FC5272197F85CA72862A593A4843CD25F920487DDF7AA0441A2C0600D062001F103FCEEA3D8560CEC3EBACB01CAE5A51E420349F602191E5F9018
311
93142381351CE17047E764BE50DEAF9E4D8C38B6ECFFACEB141E54A6865A88A60133EE9CBB4C256930B0B168C1C3AB59FE1743FB422C7166082E934AFA5EFA3E4BCE0B69362FA7041818B7FDECE1DDFB4D022007CA23E521F0700AAEB5888BBBF08023E128B4045381542FA256B0D04E28A0C3804E233A1BFB476A2F48FD13
311
5BAF9843BEDA3264EB42BA499601F16B566E72C7EA35908ABCB9176BBED43204C696AFD3D7B24B08D3AFA44BE243D88A6D9D0B6562B52F741E1610C0EFBBAF2B0829289A640EC4C8A4FF66A24430786CEBE1E1E61AF9507BFB496EAEB64F8F49B4129EBDEC065EC1F8A3F228A3CD0950883B41BEC6D1944AE06147289600A7
311
726313AC69A3F91197F1438BCB743E76F01F6EF1D1C854071670FFFE43FF1EDED702EE5A14C85D0C42DF90B86068800659AC88981855E3E774A71C0CAC2F76754EE7CC87C808D1E1E0F6CF47FD4224731337BE1E39C5010823EE997B1491BBD99FC8D8EF77482BEB5EB2CF66499A8E0F7511B19B3EFBDACB6507BC78731B1B
311
383D02FFDD7BE8DD9256F7D0BA7B46015941097B80018F700FFA024CC08078F51806100ADBFA163ABA8A3B95B9D2F92AC30BC908ED31FABE0CBEBFFF0279B675868F9AA24E9530B08C174055B7F48E4F58002F3E82F0BDFA003E8B431EB6C4A91E4D9B5FFB791265BA8827BBE5F1BCFA7F789F72F75EC800F8AE43FFAEC42F
311
13009FB905A9A0132015D0068ED7682AC608BA6771038DEDB3B33082891FAB1ABF5614F93238079726B833958796B845B731FCB86316713C1DC581B1E19B424EE32674093F80776F7E27C6FBFAC85C536CD955B96EDA2A3FBF770FF4BE11845470EB3E42D022000E0FE07D161811020742162444668308801E133A4C163BE6
311
8F6826A5523071CA78B2FED51F28F8C70FE4190073A3E5D3259D7A288CD19BDE623F10021BAB0C6E327FD507B2741627727EA00D31856492F9F009D7F152D930704E642795C1C1B336E0DEBB7F0FDCB79318543B25341F36802D64A981A690B94259607DE0B19D466BF8C1C5E1CEF9A3FC5C639FD6117B4BAEAB453F8EFBDA
311
500A67E8BAF76C8A06566E36EE1184E8329419161F83D843D5DE7D8221163E145F56921C3EE383978072129E290A9B7166E63D26BAB1FCDBF710009E4051842390031845F20077CD079407C575F20364C4910ED2A574BC357630B0BCD8DE39335EB175646A698458F6A346F003A93002E846FFE0C459B8006E506D79BF9029
311
08A0AA05CB5E73530E33BA1D3C2EF99C712B7C8B41DF4D2A7830BE8707485FCFAEEB85A09AB6D39BBF7B4F23E00509C20DB04E240822A4B810E04D8D53D10D504C059ED86BB8697F514777717A8F8144D48A4C89077F7EDB00E2D89DC02A7B975640A282C49A4AA84B70B12BFED8EA6584860DFB7EE23FCB00C6BAF7332FF2
311
59FA3C9346508813E372F1DDE425065BB61FDF8300F7EEDDBE8D0C6EDF46F7D8823478590AE23759D60DA6B7A9F125EDE8F4A5D2B37470D0B63C30DCDE3D3D59A8D1501EB1B0A5377517BDD6E301F995E3F955F0F58FAC2E81CE172A8344AC03DC6781939D2484B8FFC15E8F3ACCD3954CE19576B942D0A029188EC7013FE5
311
9AE90B71292DE774F1F63D60230180B30A2EDC65291B6211B4081128856001A680015CE000708254891851D4B3BED0FA4D7166B466BFF1D2A924885AD12B387FC0FCE6819AC3AE06A7AA4B715F0927B74D119D4A668FB54B8A8C268D8B038A207D10A7B1E95E42195B695BE0240F7408B311257C23F581E987C180140C584A
311
02B1670CB817CEC0A080F259F1360E58452013200E3EC107AC1DF4FD7B0F6D23F33347F9527D9F51E6138E31AF35F1BDAAEEEBA3D71BB402E2FB47CECEE96B4DB85536772B07C82A34F3E66D0BCEC207FEB9E70643761276F7B50D5EE963CFF80C7AF4A2130F5BF8C4EBFB5F07B709840480DBD8007FB7EF3F90104908BA45
311
7D43AA2A6A02C91422285E5AAC143F3313A0CB74D9D164933B86C25587134E8D342B453FC982860D09FD13ABE72055ED020E85D3E312F74C25CB0293D978A1C4001927C80B86FD06349126EC219F0C735C8053D8F5F310817EA01F1B7851F406144C211C6362C27DD51F1E310C0102280ADB891E9B085CC528A2B1369A46BA
311
195B9A2B351862CE43174BA73FB7CBB430A5798F4C54B7333B96C3224A9863AD02B9FBD8E63092191924E77C199D92887DA594B6DCF0112857162FD0949FE6A441F5E62E42FB2105BC405A2301A3424601DC807912CB2C39C604A27908021CDA30C4C8C2019A883B3A8BD393BB3546136EAF561980FB63E9E035FF73B96D09
311
A905ACB2C11D79571C5159026227DDBDB81396EB03F14100BEB66DE1FA9EF82C3ECCBE318119C4269FD014E66361FC8BB0B4EA9A98EF3D8848A01360430284335004C183CC25BCA82D2302EB03B8419241C64DF4F5ADAF77B533BE786334BFCBB8DA72BDBEFFC36103AFB30608A0B39B58D93F0BF42180841DD26BDC22CF0A
311
770E90240006BAC65197D90920131C7B2EB3CFD3C71C6378A305EE8488FC1FF8D391E2BDDB0F6E3F45E7C8207C419800DB410073A3173942CA8D5242642A74496FF115832A6314D9FA4257577BF7FCF8F8E8CEE8DEDE5EBE76DD3CF892BA7FB8B90F629431B5525E92A15A3A4A6FEA3FDD73136172060959206591F4C92719
311
6CF645AA285CF3014630121754261C0D31E1A7E3DA2DBDB54B04703BDE3A4209F02045C4BB0F529A14BED07098A2A1CD47513DA64B512F409BC01663090796D787173B5AA141B1B39BB470EEBCF1E30F9D263ACC4D05110797CEF7B923B027F089F74D1D06F0A4D8C0CDA6604023FCA45B76C5CDE0BF3845ECBE13E0C0ED73
311
700A8A753C1AC8AEFFF1B407FC8A20F42F0D94019121DE304077A027D4112283BB8FF0072444D68AAD111D6F591BC0061854BBC048EBBE9E81F6A33A95C21BFD13AF3C7E7DCDFFEB0DE8903F77B41DF178E99C289895B0EA8CD640549D68935BA7C5294E0A1D66DA0CC419BD398E6265789CA1241441AC94532A3C19C95340
311
BEFC68703077EFC1D307B71F3C500859C11494838E902203A2BE90EACC5135B80B078804340C920C2300BCC06F7A1C71B875DC572C9BD1D84BD5FB9363CA6BA7D03E5C40FDFC54FC23C9B4B9DDD028787D89219038523BF64E638BB37CC25335937A00DFD32869C5B390C8C32FF25C8C47A7181B4A599A224A9DADB0E0406F
311
EFF9F183B7448F081E3C55024FB33828784AB61704482CD0160C04174F9E33BA9291D58C2F1F1B1B3B5863B0D9F3E51C35C253D54A23E560E2C0CB3A6F7A81382601C2079CAE96B7B1560D20A341E85A928A4E01083256420576C2ED477E2E565FD9223BCC691CF394D3D8E281501E0EE5C1C8159E92585D255CF30CC854C7
311
5318006EA4A01028EC853F9407C6053910BE105348324002260254886C156260F9189EE0F8C9A3CBAE9D5A992184568A69D5183A7DB97DB089FDC57AEE54F858FE54F577DBA85309640290F2D220952620750C5811FB772A7876D1E4040FBFC6474D51246D8B3FB378283FB514F8AB3C20B8BF7DBE5DE541C9A5D3D38DDB30
311
E00151E02523081BC89C2214103E0BC1B3D0199A08E002681A2613A2616CEDF0F0F9C5DDC75DA395C25C0309C03DEC8091A4AFD3FEB504AAC6633930556DAC86EE3561941E862C4A75DD6B6BB3A0C59BE153DFA73EDFCBC3CE2188D3D378FC976D0EF9A95B7C8532F527CE3CF539581E0FE501291E9139FFB65EFF5DBD8E0C
311
18DE3077170A64E033FD278F18068028802F156C3809FDEB11B1019C208D020C9BA2870457F0F8E1FDC7EDD393E3B9FC9C4308E9315704233F960E554802C14716B0B45DAB5EAB5E25AB7830EBB8D25E6CA94E4AA01794FB1EE164FE9F040FE82C940A4BCEF913075D087E85A7237D3CF29C47E4E676777779528C4781761F
311
0BFBC1D3A77880E40C9A2E5109180D5255317890394229F0F082010354082D574F1E3FBAB7D6553C2113DACB97BEB5526C7C6F69F9310A94C46CD89FF8F379AD1AA035FD00FF3F320180F01417A6F255A3A8D86319FE0C0B0E06A0DCD33F79841339C01E5BBE1911AFCFF7C1E0A540BFBDBFCF2372352686D863F83F59CB68
311
65F43104007EE06F52406F680341102048A01BB048823082CBCB0B6AC48C313F3E7CFEF8F2D1FDC3D6F6F9F9D9E98D9D7CAE5EADE2A6512FAD7AB526E17F600C85550DDE9ACFE9D97E694513103BC69F8A2813176032C890C1E9C49FC09C61670FF8705B1D7386260E7C8E7122C7F8208A55139E8C8D4763F7EBF5728DF9C3
311
4677364E3A3F9AEFDEC9CD95470788834F9FBEC512379890B38C94205B2557987C4186DF5C0837608DF0F9F3CB87B7EF6E920475752A01460E556919B2B64296FB9FB70DD5F47232A0F77465BF140CD001F00ADCA175090E2665A14E6329B62660E02A1CB50C6025E3DA252A670B3F0FFAA5EAD94A509FE7036B159E0D1D9F
311
2E76B7AE1FD5A606198D3A747AF450023CBDFD162278B9446688111009B4029B0F2180AE20A542D40610C073B47FEFE1416B2B12200F3C991C2F54EC2491027A816B0A34A9D05C6F437AC23462385DADD75642EDDA738AF1600DBE07EE8437804D2D011A94DF71C2085EDD40266A407FFA1D1C00B0C03927E60338E3B9D8C4
311
7D1F8CAED578E06F7CFAA4BB63B175FA7C301B747CB377F45192003CB8FD34B12009224543D8604494011A80C1903CE0518C986208E1C5FDDB8FDA161686873BBABABAE74FA637BEA894A44078C19696F326E057D7F95D061A6B0394A9D5F2DCAAFE4C2388D8A6E9AB7695CB0BDD0A332430F1A9333DA41D1FFB97FA09AE84
311
E738C75C407C260408F8DBD5EDED7DE1570A7BE333C54F16963B46AB0C2B71208EA3D16EF4EEDCD7005241166C005A73C03164792151205C007288AE337B4D7103741BDE7B7AC913350B348B2D767515674EC6F72A0402BBCB41C81305AFCF05F2758D3ECAC8D26AB97606DB9581A4B7A8FFB068CD5C0604E6849046B70C2B
311
60FF0CDDF93C13822B4E82FA0479A68220E66D9FD775FB3C1A9CDBDB9829B6AF2F77EC9E0678FB20ED8D1B1A1A39D10F9812E20D6281F5673121AACAA9C53424000DAC173F7E18C3052EEE3E78E7F1160F5AAEAFB70E0F7775CFCE4EF384DDEEBEB9C0889D5243BDF557559FEDE5F17AB21E118C4C31A3DF6A96B56AC62180
311
293910ECD6B721047664BCFCC6B2DD3C65CA0F0C823DFEF84083C7ECCDF05898EEF158F4FEF97EB9C123F1B9D1D1A3D9F9AEC5F5CEDA84A3C96C14A55584D62893D6A54D8D2028D05C8B1F124884543F3223B29D208B04910D3FC43F5C52196AEB5B5F5E58E8E82610F08C21BD443801233C0CE8BD1E40F84A1CA860019900
311
48031ABBAB11EF83F9283EA89F181F2A0D9A9F62D94B7F625FD727E6A93F63F200F614F7CF100D4511C07DB45FC5F0CB4CA359ABE4774631FDAE85E599EA0878A3C33D5AD6430CF4C055EE5FDB80629000D7855DED3F436F3B61B3DC7FFACEFD2B1BC6FB0696312CFA477CE87A87070C7998E04FBA78AE3F915A065E819FCF
311
35B410321D9ABB308146A11AD5196CDDD7C477A171C8AFC74B45CBC6F641AB53C8D4ADA5870C02379BC0470CF83DB55F073E29CF5CE5F7A3F8FD62EB7AEB1774C2C6780B9523F9287193FD23DDB79FBEA513B45200E2E0C1B51350163AC19043C600F2C1DBF7DEBA7BB9B5457BC0D840CF325EB0BBABBB786D301437000020
311
004944415472B491ABCCEDAFC0591201CAC8EBFACBF367FE7B6E40E69F551BBBE7123E3C00AC560CE20C62436E8C3C54CC225EE08C0D74CE26148877689EDD004FB2BFBFFFBB984035373A7954EC5EE8591FE531348654514DB1D1C56411DFA2A7C212BE5ED91278F2851A432244C6822C29C85A8B320ADCBDFDD63BF71FD3
311
2648E7D098CD018BC35D7FE89E250EF2AC75F96C15271602687965C844B8807C6E7729D93F22E81D39ABD62A0820C1FE9F11CFA7208125D33E96FD69E83AF6052DD32D49FF0802CD9F9DFD39260389A950887A647CCC99BAB17132DFB5DED35138FB3A060F6295AA5E195BF0BB56495A5A4A8FA440026E46A047D40ED2520A
311
441C302D240F201FB8F7E0EDDB0E12A04D8816215A0579E8FE1B1281E9F19C9900DE79842E2A7CCD48E9876EB01C75DBA0E0C8D44AB5512947A00BE7CF5DE9E1A6A6BE43CF1A78783DFD5A404E4477336C1ED8B18908B2A847B2AFE9839E891137A6673BBB96FBBA2A4B8E9373B001F08369BA11BE8ABC4302FD2345FD6014
311
A127068427D007BE28B41D9B0D40FFB7EE531FA673C8870A69135B1CEEE8D009C08042A5B4EDA314920B635BF941E7487E45256439DFE9D276295F87E698389CD49FB394FE19720412DEDDC40E9CE9C6DD605E0B719FADC416CB15AB3A61F9B5B9B9426E54F81D8B03DD950946D432B40CEDAB7BB5AF11213CBA73C9BCCCDA
311
FBCF06127C7980FE6D1DC9B4DF14832D6568FEAEEBA76FBF438300B541064ED33F3AC0B0D10505306FD370AED02859234402F6C3FED006766DDED2034D90D119057225EEE3DAF787EBF30EC51ACB4F551678BD6728E1944730C095F13E4D81A4DFFBF67C5BEE37E62A85FCCEC6CC6C7BC77A5B477E22223ECA4FCC0F87E2A5
311
E3EB782BDB25B8CFC6736A044DE5A7CDA604526361D650484FE283B77EFBD65D52C1C73C4F48E7D0D81ACF572F2E2280F98FB230508FA906B42DE240ED651B301CEC83DE1790C9FD96B6CBF986BECF3BD332C18EF627A0B6EECD5B152E02088D03D828AFFAD26B05BF671B4F9A09A8CE0CD2707F67F2A4B3BB75B9ADA331C1
311
305BBAC182FB4A79820B7EEAF73199B8404C0B81231CDCBB871B80FC41FF5860E8E108222A1A076C29E6E03B6F3FBD4F1F295DC457573C7ADED636D6B7B8C88413DDF3B327E1046AA51040B40CB50C7E3F1D2E44DAD34CFA604029BFFBE714DF0C069908027EB275F1F366C132E1A7450B04011CF82B2B647CE754F650FF6E
311
25BF37AAF65B7BDA16CAA791F1D09F6CAB989EC5AB7809BE145FA459E8D3E4B0FB47DAEF093B946FED585B80FE1A0305FD5330FEDB4FDF79FBF6BDE81D8300CF6815E5F9896552412A03F31FCDCC7CB5E32365550CD9365FDCCEC8752E943161D78047336F8AF6539840A1F2E764FDA2970999F205CD2BD1F5CF496571F76E
311
AEFA0E1CF8FD2A55FD06391F9EEF8B9DC9994E72BEBEE1FC928E2F223EBA0FBFBFB4F2DF137BC894B8087643D64ADE6EDED67F7680FAC9060239E845FC94AE93D880F994FBF71FBCF5F66F9F32C292EA900F9C1E6F1105E81C5B5F58A067A448143842008D7275EA3BBA3D2516FDF02FF79260020D6B3C714711F3CFB61BFF
311
56A826E627E82256F7400FB387FEF23C1C1E77FD6A21EBB1B2B35F2F95E7760BE1FA3ABB3A981423477517EEE36FF96F122B942F6FB64D9502BD1B9089162532A2FEFED255028FE653C9F46FA321E0B588B7DE79FBED07C44106CC85133CA65190543004D01D02D8181DDDA5A9C91A7110805B7875B689FC3902200FB192E7
311
DFD936B37B57D9C338BD49E99E181F4E5FCAB2ABC1CA7AAB382CBC7D515457CFABE6FBC63D525E5CDF74B16378B9AD6774A58531912D232DF01BAA913DFB7D3AAFF912984302B84D0500077800D26C60A4742101DE420C610C2E92FA93056022EFBCFD5BB6B38651470CD33BD87630C05831BA864C85997B8754B05167F070
311
6499DC442FCD22592AEC2ABF3FF13F950039BF159FA9B36ABDB2778EFF83F70972B83BFD3F4899E64DD8346AA495CB155A7499F2CE39B0AAE755125EB84FD8CF8D8E4F4E9FB4B72E8F1DBCCB98B31BC4607C2CFF21C8145FB48EA0F2159F86A3098415609554DEFA7B27EF1301033DD06D274BAF6821D220DEF96FA4CBB60B
311
3CA241C021D38E1AA76B4406B4767576166766A6C7F77273F5F395291BBA19F64F2E3095C14F3E60371827741CB27E89543857D6D96BF9A47C6A9A26057840332EB843717AAD171880217B71FCCC0355AED3D4819911F79D0EA8AD6DA31A83E36C5DC2D470295C011302387069158F6C9966022367ECF1D00BA9BB95C389AE
311
7B6105A1FB640689033A7FCCFFEDB762189103A61C3A4FEFE0D6A6B5A19EC5755A443AE78BC5E9235B047890A65919A0D2F96AA3C01CEE913BB3ED239C3E0CD8DDAB99E4348BF3F8B977B6C43DEBEFBD7721A839A63B94C06A10DB87FCBFA3C2932F8C26F88B6D6BB30C3C4E09AFE40FAB52EFAA1EC0316920E031A46D65A0
311
FFE45A673432E907FBCF86717AC04F2CD0EF512D665FF53F05BFCDC43489F150890C60A8E0314E70A06F619D30D841189CA15D3417F3CD50191AE4396543F0C42BCFD696C58DF163F5B46D708BD5FDDA5E5E5FDF9401BC4F7E00E8A17520833D1CBFF495B5D1CE037C664123EEE74737268B5D1D3DBFDA6AAD8C08DF2C0BC7
311
A737E10AAB2A7B958990CEBF556CDBEE823CB09FB344143463C630CFFF585D330CF0320E921744A7918280FEEF981161008E9FBC78C830217A07B7D6985E83F9A79884ABB5AB383B4D7D788F9FB3D867A2112A43F19042B33A108690CF6F472F8661CFAC971478757F6E6F2F7AEB82FEA85E5715941778B278281F28C268AB
311
24BDB470EF3303E09C359E9DF1CF990D8A096106E6A66C8620DDE7D281DF0B2831F20439A30D68386CE13E002F7EDA8D7806162B205D6A19AA1FABFD6B1B400EC2BFFDD66FDF7E8755B4883C043F43046C1326136680404F1F934EBDDFDD39CB58A98DF1BD7880E0532E671FA1435E9D6EA5E9071000BE8F262E7C4044FD95
311
D5FD526EB40A05A634775F32205C3D779FDC168CD5E56BF982508BF572BDA4F6F57D3304BE9EB18149461B12F760D7485891CA47CFC44909136FBF4931716A2E100123FC6CCAA6A644F25EDF4AC980B14039009BECE8B798BF69A05DC5B6885CD23F8E13A46FF0C0A986D617F001C52241801E87C2974C31411DA3A5D7B617
311
5472763D637D3E57C33B908F867F4A59CFCA7923375E5F027A983E18BD7BD4E6FDDBB2250C1529F4202EFAAF979DFFB1F2612E87EBEFEC58581EDB9AA95AD1D7C1905F7305BF8182D5BBB524D47C4E3B81CD843220DE1E6536497C0962C225F75A2D6A998303B23FC501F0B3F736EE1FF01200FC8C99F5515207C9C40081DF
311
304C0A17D06E26CCBC5B3C47459308178301FA8057C2C0AE9D99B05F038828B08400F2E3251254DD7EB8BC4853B101F99AB48E387457C96951E5DB670648BAB70A7B04FE93EEC5F5B183F9739C98952C6845C380D401B8FC86E70A20744EC720E09D35955D96A9041720196D183AC2CFE6AEA816652D0234883D788BEC8F5D
311
F2615261DB031C2381092401B48D8D2D870FECEA9C3D99DDB036C8A051058030E32190976718C89F031DFBFF2EEA3D88606A8A19BD0AE305BDFD12BA4FF46F1A0002B07137989C748936E9DB2C91F43B07E4E4D16C3779CF5A4FFE8CC981F07C29E34B7C012AF0054FAEA4A6A3D49D3A16D2B3CF220A029003366663053C89
311
B3FB1827080DEC2780076FBFFD8E39810CB0593CC68B5D9009F2D400418028B0BC6CC74067E7C9CC0C2690FBB084AA5254A12AF63543B35EB40D17B693F7E3464D5094C00AA9E04E0E0524F5C35C5EC6BA94B21AAF2440725E2A9FF94FE7A8F0E769EB83FDEB039B631B18BF396F5C13CF89ACC02C387DA56DC3B1CD84B96C
311
FAAA37B55FE723B611062258257D331F186AC93D8AD600B4FEF4AD777E4BF68F2168FF08C081A37AC13446C859964803961928476D78F68419390D830C1935B5C2A0A22A3AB17D3D6428BF12DC373B8D464E04C0A496BB3B3B75639DCC2500E0F0B15FB6F47B5A7ED0183A87CAE8D535F2EDBD4B3B7FC762DFE65A07C30B28
311
51DB890082ADC07131EEEFA3DB7DD5CD32C0860CA83CD4B7993A175F422A8149B1C1D94C1145059D9C78A8A572A90B7C8B1E3392FF77A80C50220880FF3669004E90F101740D2B808181455A044904674E7482CC3EC85C4BCE339404C0B0BF6A5611E4F9B8157BAB6DE327EC9BFBA1B4557ECB609C1F45326499EFB90EE78F
311
18227F09E563C9E63D847EDB3B68EB9C39E95AC4F7ADCF7D87F6752BB6912040281E4A0D8A8314E80D60470999B8A51FB1488A66A9F3F81FFA61C83F4FA6969E472288FADFD61B005E0EA4284822E018911828E868614DA0C36E11F3A051070BF2F0840E35F200E2C0C80A776CC9E7E6841C0503D0EDF15ED9AFE527E798D2
311
3BEE5F0604E58DFB7099D739BF0BA5D332EF29F1535995BDBD0DE681C4F71DFE6A7AC5A13554AE6910963E9ABC9A0DB5B202225545F5CFACC942B5B93C207352B6E5310BF349AF200175D7DFDF78F6D683B7C87E087FA9B35812C4F8F13452CED610A2207541E6D659A739441F3833CD0C9C3C3DC2B0712F62333C4FA9327C
311
9CA1124904B4FDE0FE21C119776CB0C212AAFBA5CAF80EB43772ADFE77CD9FA8A4144C54C2FB2304C65F62FC3678E4F6C68F30FEE1BE8383CE7DB86F58B1AE0C51F0F055E188D02F00911DDB0991832228B3172B3E623E513FF1734FF414A611A603163F401BEA790FC9FF7FC3FD3DB02DC00184145B850D01D120424DC03C
311
00FCEB7880EEEE939399F1F18DBD4AA54C939899304D913CC2D5CFBC55E50C7FBE4C0E14AEEF53D6843DFF56BE2D554637EA047D3C210E2C61077875FB5B40E19F43AB7470CAFE1C0D3ED3B3B4778D1DF6D4F837C08747180FE8394F2CA1E0A46B6DA62CE2B2DABEDE0B1924098580FC16B369730E9E90541D3730D47FDE16
311
EE1FFAD3419CDA05ED1F2715C607F2E81893AFC5936303F40EB776F1D808BDE393A3FA401E1C706E154C892860AD74A2949C409E28A8FB3349C764D13E4D1D3468952B7B1B35001BF41142CAD58D6011C8B78961EACAB66E9AFBC627673B61FFDA4167950A274145BF11EA17BA9AA60815C2C43AE1F648E3772E53C94E6364
311
AF826019E723069A8AA353A3BF7FB5359281700061FF64C28C10B9AF0B70B0B0D30A31CD1CFD22F68C76DA1E44558869257892363C091D313EFA46B57C3BEB252E9C6BF5B4799EC58F1910F469E25AA17B343799DB3E33CF410061F96C6D63FA91B1000CEBB7D2971BDD39A2A76361E000F5DBC1688D47CB812DD60F8001AF
311
25B328D173A9E4BAC18CE9F1F628704330741B2649B92E9714447C68559C6CD2F681919367E4811100750058809D0230C087A89FF3C80C23C4C60882E481F48D531764BABD5CCECA308DE2F63D3BB50373D630796126803C2D1FBAC148F7592881B395ED7D26B7DD38D7096AF98841CB37592561D9C6565317AFBE9FC4AF73
311
71E060736C7635E0CBA1809FC80F544DBAA1F2F9393D970D44C0615A0C6930E758B9E63AE690F73045F0C8C0731DE9CD80F718E94652383458799E02C06D328010011C7090D8C5E5336A83D4059953877EA1E1D66FBE994F04608C4C991917230FB61F9AEE183A40AB9108D032449FD1A7283DD25ED15360EF7EA9303EDDC0
311
043403531EDEAB10DFF87F5E2FD56DF0F1B701A9F614DB17FA0E0EDF6FD0B1622A81FA3D1DE5A33F551930335C353A87F9AB05C60455193448246944A232C5D07636D864CDD7A50D0B4440CDCC465D1C418321F50E1648D500294065D869559EF3C40C8FCC6C323E989AD0F0C73142480B200842802C061008B480A9954AF2
311
82052B3AF67350FD0DD30D1F4075AC303A5D490250F5400ACF479656861E4C77AFF327F3EBECA4B57B6B6C8FF62602BF150744656A87DABD7BC6BED50527B2120C001A0B3718C74F0C65CD34F275164D7968148DDF259AB8AD6CA81CDA4E8819509B996A7F642D987A401A2B04018C01E6C169A8700F9DE3B489DB2BC49C9B
311
7B858A4F50D22AE15428FCA4A1EDB20C83492690CFE361CC7F8C8066FFD0D77AEE797977F468A36E0B0DFC87F90EE6348BC748F7CB73B5B9DD5C6EE7AB19ADBF6DF359F1DC2A0F9E44F213F8041F64274C0859A2AB7C37440FEDDD2F95BE44065F22067E3EA0CC3BD8C0D8194EAB291CCEE20B9CD8E02950AD806080047A27
311
9F19024C837C848816719AC4A34DF8F0706CED904E8185753A458A27E4C1E37B5F30A104932BE140E0BF4E400160F320B054A8705042FFC47B4940810173F9C9E97240C7FCC3F3813EA239B745DE9F1B1F3FC2F9330374DBD1A7B475923F9A2ED81716D18D1B577DAAB9D1A0458655AD3CA7E211867AE7C702DCACCD291E0F
311
798013DC01BC326087775C0833E04EA3778FBCB8DA4687A0255CA0AD210C15661E4E92001A4449031D1DD27D327334BE830B64DAD90CBF537A45FBD4E94A7A88888E715B7E74FCD040E818BDC1BF5AC609CCCC015DED23877080FCDC47BD8EF3A7B783A17D33F3ADEB6D6BC7AD75EA7C7852C5B6FDADA6AFEFC2D181C03F8C
311
40DD8A4AB5024F0B72E34B57BC1182472DC80946789AFB711DB7F1193C03C893B0345F420246114D3EA71D04FBA731C0DAB0D3CD311B218F0D5A15ECC105D02F3AC32F13600084731A83220040019B03180634B5923D438300B05BAC80881F061095FED5D572A3323ABD83F1D37A2301A8C930AB3F66ADF7CBEFED30BAAD7D
311
78A06DEB6A87F15491F5AB7E25842B6B34BEFC12C8A159F187C64B3CBD2356DE5FBAB98BBE9583F0E3280C0076DA15BF34C15238145742B07080B1EFB83382F9FEF2239D003541041083C5AF9EF3C8944DC2030BC3ADEDDD9D27475800693049E05413BFB3FEB4308731512F13400D06F813368A0101D8D863EB3E75FCCADE
311
D124F532AD3F123F131AB46A93DF1ECE7F96CE9EB6C365C6D6A07EEC461FC919FE288AF7AE1A7D012D291EB073735FF26BBB1C99FB706E972192819B7A34BF22424BEA1CC7958AC2E04BFC8E02DB90A4A1DD04811ACDBC181037864672C78F6C0EC3073A40CC49D5E813593B7002763BC6A909D31AC86F3F6E335C9E1C309B
311
C58F16418642E2AF6B290A34FEDC0CFEE08FCA0F56700699CB73B9C99302AA17BD516D7F1FD755A2B32B3FBE7134D3BEC813195BD355020A7DBB541539CD2C06E45F46FC0EE08293E6C0E1972176D9B678340AA1A4823404EF79B1E2347E47C35D0A2260730E0B513025DC0BD1C07E3366E9B9D17F767405FB531070700035
311
618606F0B40C73C974CFD321B0C174A80C0F3AA54945FFEF348F5488895713E89B5C98DA501E06D8D24FF04FF0CD7ECD7BAA755A854EC6A180AD13BE094E8D5D63BFD6DFA5F5D3E4DB1BA18FD8473DC6E17FFC9832B71A2A94D96E808BB53F9192955D62C82E282B05168AA0927D54AB20A20A74800B7CC9655C8B15F62377
311
CA4C91641F9F4D0478F4FEFDCE273A002CC0A725EC165CE3A149F0333E8E9600B2C05A7D15FD831F0938DBE5D0FF13E3C0F0765965A0961C3FA86DEEB0E28304747BFBA5FCDEE44C23544F7BB7BF7A132DDE34F99E44EC3FEEAE92F667A10F7E90B0E8C6442DF5A5318B0F816311DB2E6DC6F172C363FC800EE09186BB9EC8
311
2A24C0117700CD884AA42023B81EA6E0CF8B3056411110D78606EBC5AD5417B45BCC8E61EA01C4006AC233933E35D860BC1B6CB9C9CCCE7840D2E0C1C1FFC11CCE54D59300F2B47D66A10F09D8E24B71B9BDDF98FB62A3B897C53EC88D16D1FFE8C649B17BB8E760EB20B784F52F992544753F2CBF642CD3C9C70D8722C197
311
142C567E74FB431EE248A8F3FC00377F5142144A82FFC28AC2970A780C85A7EE9146FA4B2981F3C93BCB0F3FBCB6DD3DE69C72B6073B99140DE28B8E919D9D9E7C2F5FA99FC1FFD07E9AC0965CDAEA0A945FADE52C791EA989E8E7A21A355FB37E44405D171B98A6E946DB26AE71DBD01FEF07FD378F5B4B51872448182089
311
0E7486E3FCE61A60E096D577701890EE07CA5D7F2B086040749FCEF3F81972E510A86359C9BB579883035887542090614E5C4461705D7CA1CF84DB564838606CF1597E8119790D021080C935A908324EDE9F60A04B7830A33F0670CB08605B8D01BF9A3D435693FAB4FD84EF6754930640C1F9D74B052A7ABBA9F502B39DA3
311
BF6BC7514EA4BEC71D752BFDC198EDA8DFE8F32B3EF811E4576B0A2074B99B070A069F60173E7427BDF285024E35A4418B7A412914F2800F1965C4F1120A2D5D2C64400563D5942044807BE7C738EBF3034C4A6F4D70C04ED1F97673C039FABC4CFF18866E08200BB66BDC9CCDCC3FFD1E43BEFC52C317F0F5E64900FBFCDA
311
4DEE68768FFF46350E0EDADB7B34DBBEDE3776BC55599AF84E312229F931E700D04478D66A0D88D09B2276141AF0F8811C5F8067DC04C0F90929F7F1AC9CCD368488AFB965C97B855A3E2E93AE5B4866502E55991B82D4388614F2C36B8484A5FA06E3EFFA984A6AF17D5C2073299D9F12FD63826F67FC460E54030981684E
311
9FBFC22009A3006962285FDF4FC84B699FB5BEF3736C6072F6844C15EDF25883037DE6BB7AFAD6AE164B367812FA8CFCA6FA25725D99AEC5C6EDEEC64ADDA2BE0056002032E1D7A20A54CF444E360D520A5B69816C0A953CE0434A8A898BF18E2B704588C01BDB2133342F5404FEE698957C200EF54E31BE6DF4E888C9C67F
311
5F3F1B41F922777E7FA6332677C20098C59F762F5DFE4A23F9801A3BB6F8A4F66E0D40EC867E92DEFCE84C714FC7CE8DD3DD3BDBF9C781B1C3B549FAD2C89D711808CAB100E09700BB85240374A7209212F320CA577222A7020E7824500179FC7096C714884BDFD9499E027ABEB3CB0226CD293CAE6E0C41A6788F396606A0
311
73E28CBE5CC67D584D36CA39D37974FE1023253E3FFB007A26F657FFC901D851130DDC2BF54884F20D5D40A0B7E5C7BCC7CC87B84F2ED820192CCE1AABA1FF24ADBE1D03635B5B3B53D4A5F84120125FADC36A0E792D3AD7E255792CD5241A4C84171F1104090017DA493D0A7790A7BDE6DF326180398E4B0DEADA5C276382
311
5E43E05C388E184678C88CE6422606C017F030366981353DF03A753DBF6370879F79889DD0BF75408724DB53C5B0063AB6568D02DC47AE4627B58D7E367A6000267E7840C23A0940B992DB98ED1C4731B4FB4DCFB6D3EAFB6CAC7646F0335C5031888CD74E2103380260AD47176D703960230370FBBF28813524C17FFFBD62
311
88BB28E4F905ADB4A788B40B4A6201C1878BED224DE9906C4C79EF32EE679B9F5D3B5DFA137327320643909A823F62106CB8F9BFE4BFEAFF0FC7A6393EC7F64A698EFF8ACE31BA05ECE6DAB6DF124118D1D13F892F3D3530602E3F3ED3D59DFB821ECFA3D9AE85B1ADAB9E328DE738BF55D5DFD039445AE76D0194180F57B1
311
5BEE5F09C07F952F9A10372BC894CF7DA12CF6507E2A8916E0DF430C519485C55D61EFE209912D8C32866214E121611E22A0B1238DB18E86636A3BFAFD5B4EE02FF1E505F902BDF424D0516907BFC95EF3A76B6B3872769D67E25B548F0DA46E2B93DFDFD5F2B9E9EEE1EE1DCC7FBE6380DFBF38A165CAC73DF912AD76A469
311
0D2B766A3EB4AFA2D05BE543EA20B095FB17AE3F1928D84482049B659E671A4763CFA567C08824913D37F2F92F841FC244085C1681225C04AD6DE1684831682CE0D6096B56101C0D4FB3A1BD3F11FC1105AECF5660BD3FEEDF162B0D9DEC6DB55AF27FC98050BDDEDFF63ED14B01336053A19DE9AEF5F5D9E9D9F9E19ECDAD
311
CD497BCC57681922F327EB41FF681E17C1921B04FBAE371AC69E53F98183E91B84897A5DB164158BD1D12FF6F6BEF0E02847727BF2628F9FD48B6FB11DF6928C868B29590A0606F92140D0C08850DAA7DD8A5FE8A50389F61288AEB743E9C801BB67DBE0A7F64F63BC87770FDF57AA73FE1F5A84F8DD3AADDFC32087FBC0A7
311
D645C327B97D65E7A8BBA76DFD9BCEE1B1CDE3F5F7CE4E6DF4013ECD7CB60BD1239E8A4E9A5722AD9C4FAC8F7FF17B214AF8801950430639A08E3ABD05A0D94E253BD5951C885B0CE750309070555FF21F2EF83FF53F4E15038B8D8A244740A5C9CBC120043DA0B323FB1DA0A4EDA268C05A304619505000BE10415DE89880
311
9DB6B66896E60AE347ED3D6DC707CB7D5B5BC374A158EDC343D0EA61C217D4878CBBDC1D85686782C3CF4272E7DCFB5E9EF628F5A95AC1AC0C6848F5771329EF8DF2BB79EFEDEC8DBEC72EB7F245287FD4B31008AB38EA4D52F2BF57167159E3004CD8950E217DDD6F699FC763E9D1A0AECC701F7BD4430A3E030374066938
311
F883C01DE40E7DAFD609345E33570F4CE6BE467FBD7F793B5AF2A9D331D86DBA7BF98067918F9FCDD609A0384B523F4413B574B818C6889FAEFC5E7B8F90CEFD62BC2C85B2478D54DD076635BE434FCADE68B3ECF1C8708E27863DBEC352D87BCC7A92A8E135700CDE65BC114026DE5DB68275E656D2C0D4087293D43BB4C9
311
C14EA83C0D806783B40DD7CD4F19EE9F33801F55A3F1FD600017A6CD5DE607783D5F74E34680E7DAB98D99F6E5B5ABC7F7DF19D8278322F6A97FDB2FADE1539BD945DDF868EE2B8B70D9EDAA45D1BB0A5801198CF1DA891540474745BF0317F8A3703E02510AE94B084221F887FE950272D62D4232781054A87C58D015CD45
311
EBF9B70E60820A2056E9D4D619E8494BBFA68B61EBDD8CF52CCBA124BACD4A4077E8420A7F36FCDAF661E577B792A7E1B7E337C7CF1FDEBB3B49F501F3C7366C1730E793F51FA20A9C3D2E9F18E63DC277449054CEADA36DA0807467D45F8A744E1BDED725A033868703F1392BBE221158220588F30574A0B0893D0515B0B7
311
C404AD0E7F40C11D504C49BD7DA39A85A19CD7357DFC966E5D92272FF06D59CA5A6A1C8AE30E52F1247C1F1D78F81887F9F3E387075B170F9F5EEE4A7F5BFC69DF02FD8795FCFFAB472E7C88D563DA514861B85BD41594A75F5E866BE69471110A9F75C8609C7E6BF6C7C727431EE3E9E3773D2378C25226E82C08104A57ED
311
273FE0921D6990E02B006BD038263BA360355E8DC446A380F0BA35FA9945A80CF60DFD54054202F91897C241C147D59F8E0FC67CD0F2BF377A3463F8BBBABCFBD6833C57E214AC3F5AE9C2FDE88852968F20337972C7E04EE5658223008AE82D93BC37D8DDD900BD6B16EF221F0D4149045D740A8A215D4FC186C658E01994
311
B8CCD317465828704BB630DA2243B3B4ADD3EA554A97408454148C04A1A0CAAC2E04033C04073851F54380E0BF2DFFA43FAD3D6B574F2E1E5EF6E5F4FEFBD1CA87C161FCBCF5C7AAE2F726F814027BAE10F79BC3D765D61D1803952210A9AA07F8C6BB2105B61145B324F96014EF223D4A9261080239F03FF6F4DD4975C183
311
B887E081F7A467A25EAA0C94028FEB808637768B07400A8235D4EF33143253198900E079E3FACB0C59B00F827A5785A6FFE2FCF0C0E6F1714F11CDE5140D931D707950631F3DE877F300002000494441540ADFB08704E252AADE1BD4E8DF55796A32B9B6F17737C67702E5C638682737286CB0E0A89B624D5BF28222432848
311
C9AB8C07170C97B814FF492A61072407D638006F7C8400860444C01B1930A522788045633DFA9507267A3A42BA05925BAD705CDD3792FA23C1075C6EE768A673919EB6C3FCFE7629B7310AA794CC9C0D14A1FB88F95C845BF22543F57996E0B26C9E4C2ADF187F979F8A55F11B47BC26594C52588518D25E6C2B1CCED231EA
311
1B748F093E5726A21A54C91EF95789041030C20FD5AD68613432E19A4D0DA2505B6BD843516E10BB00AF9AC315EE9FDB39CC1F9EA59CD88F9CD071D470C86C4647FDEDDBB1CDAB81DA94034747A779F4CED497CFF817348F69F52E55490840E48840BA72DB71F3E84F6DA2F4717AA928F153DA6E4C7E8E00363CEC9A2E1C8E
311
65F298FC4A52F087FCDEE5CBA38A80CBE11FF7BC2AFF249203FFAB77A128A001B1987BD334AD9B901890A8C2005B6B248196AD09C0025ED841325B31845032E327C531C839E66DBAB39566B631C2FF0A1DA5A3CC47E665AD8751B47CFE33899DF047C9F3C365E3B11278D49DF939298E09002F6430F9958803309827A7C791
311
048CA070061B7E9A64C557D235F83EE24822E5EAB805F9862F20FC58F483DC0EF02181F572930205107E00E523861895A2811309808F2B6C14B2AA579E893753C155D2F54302007E9FF36AC5FEDBCAD47E182D91A73920CFA5C18E01F8FFF4C3F1FF553BCAD0E58DEF85DD63B91BE38ECE1A9FFC4AD4A1FBA30D462C328C5A
311
0340DFD393D3D3D3C0659195C96990F391EFF4175213BC74C020922D4830FE215E76940962BC0713A3B82784C0CB6623DC40D6E1485BAD454F6892200B225096127FBD82D2B12006BAE2E329C771E25FEBC0DAB3B5395289D56D7A8A89081B34EE06F80F819EFE75C67DEEE95D227E283FE98A7B9F1C97D2D05B4D07A46915
311
3C3DA3048EA68FA667A6D90E291C7D7E2D063E4D044964D055F2DBF3E31BB851AE9F78A0A7314F0AD24901F581D74A6929142039C65AF5830D1C809536CDC05E4BA51038F79D713DA930CF18BA3010E385351CF47F74D439BCBC793556A1F99814926AF12835E251C59BEA3C083EC2B2760FEBDF4304C9EB87B35769E1EB24
311
B648542CFA4EBA9EF93CD42F03C08F249A2C98897D8E2225E90077823F4A52171A61219998CED6FA050992B6B0A74A2220ED12123004FB977084208F8E2AFC80F456CB110BCA647A3A0F854085D84FE0052BE31FFE7F925610BAFEC06FC33F9931BF063F39DB3D1BB20EE357F594045F4226131578582CB055A59A073AE041
311
3989D215019B6EB8A21CF154D71164E0D8F4E730C2CD382D098DA5261456A425643686BC8301710F2C50665881399156AA2B4C3191BC555728384800CE10040F746A3D8A80A5F0E500A93456FEC52833BBB45203DACCA37FE1D3EE4B9BF0EC27ED47D89B8266F11EA2DB8B5A8BB93EAEDF0C06B7AD0402B9EAC6E787365535
311
AF19F15158308A9D9785C1BC1C01377F8C6B4D07B50DAD25649764A91DC9812C7B34CA98184084F7C01055466B48058CD44085AF26648520C85C41C67805462D8425680425559F4440F3ABBE1F3F81B1EC72708767DDC8FFB6465796C8FE310FEABE0C9B242A74137EC3E0427091967023299BE5D6D4D0C6D15747DC2AEA4E
311
CC57C72856E827D33CBD319D70FF854369EB841282F84B7CA4881447ACFCB257E252E00FBB3272120A75B99119840858486615636E0E0334031AAA8C08A62E080053A0AAA4158431EC727A084021D41CF5D630C94184F6FE7432E8F5F9A4FCDF3EA7CF136FC2988093F98ED622E38E4976E1BF0CF49D2889E6DF3566719FE1
311
F9B47A2D3BF89C69155DCF24F88C609EE551160F0415900B4C48FB013D8900A9192A700748002924771A3686A0A580FE4009E00ACC090253E280B90AC15048E047020483A038A60ED232831F2CC90498648690D960C48E439F18F4DDBEB0B6F5AC7B7B89F6230243B4FA160A7B9327F3AD5D937C8BFFE5FF8B3A5E64283BEF
311
8EAB9F71159514CFED62DBC880614AA1F7994CCFAE7D8C87057F451733699B8DF87056E1F0654B5021E38097E4E23221B810DE20559AD183A61C2C88A648DB096081E9801CA00BC1DA0124E08DAAC15FD2936905CA8DA1C40E42B13F1764E0C4015EAD7F8BFEC99A310B1B7C0BCC7746D3C0702759C89EAD57122092122D1F
311
857067684A578F1DAB7EAC400841F493A468113282FFE42316CC74C756B1C880FE78795C692813CF4644480EE9B02991BCA257A71861F00666D9410288487618D120D0E80D7773E2B7DD180E100EC98B221C94BFC4FF531A09B986230F1CD08378A8E4D0FDD7D9B1BC75F5C12EAD7FF83F3ED19EB018620303C217A6A35D82
311
6E72ABF2D8E2BB1B783F6E48D2E3F360806E1D192085D022103473A10375B63853EC54F500B5B064DBC20945B88160DCF7E4F83A0200BF6FAEAC88E9F54D22D898E43F378D20B51B5D6B1457000922202800DD401A9266483029C0D6D57ED80D42A0E6E08835F0F3AC73D7FAE6D56185F04FC44472B854EB7D9CBF7134DF3D
311
DC35A9F6B38417DD6F508B37C1A718B0D054124176F7222F62DFB327F34D451799D56216880193254FF782D7DDE26C271BF38C6E422E271CE4AB8823C9510F021126A7A944E00DB4031D013C88EA0746C96D4574069BD5439C4110403B40020C30B07A604F1E41D19C21A93FD9002DFC35F23B1E7B98E95E38387E3603FE73
311
93680410D702FF9ED5A3C5E5CE68B5827D721FA78F3A9A0C08A79722D9C9B418F46C0057BB1640C70AA4A03D29CECF33987596D53CFB27B32C3BE304C540E14BF8464E080918268D254838C91A01F0FFB99154FD8A9C0495EAA6534A6C464440B4A71E16100E7405088122A35F7A511DC003D002E6C8E7E15F6D1D2FD09014
311
139EC11FDC89394621F77B9F88EB5A583C41E2FEDBC8F82334494C0BFA97FF3C3A34ADE60385B60E5A30CF036E5E75370BE3B83AE73B3B7DC0BB337DA0045299ED0C66681E4AE223D01B1BC3BD4C921E2005FEB5114739040758189BA8A320067B62A3995E4720055065AC2B4A8006BF8CFCC907C0063EACE41813C5F01706
311
5AD46CFDC6FF1BFEE052932CA3478C8E5A6F25DC8503D40F61FC1B047E4DFFE8E84407C81F1AC7B5C79DA358551CD0D13785A9AEB38D6EB68A0A8087FC6543E7471082873CDCE5CBEA1EFC5CC0579469E225428E9A43D6A6000B4219DE52E8DF00A55F4BF5035960661C2DB88AC1F67C2890A93FC420193C8326409E7B595F
311
BBBA9AE1D1511B3F6D65B09AC10A71C2317201A603E88C56CC68C91279E83F5C147787EFE6C675F00941D23EF092920330982DF38C65EDFCA89DA98E8ADDECCD77CB86D85118F3DD9884820B1128010D02F1060F582871CC8FF42024C02239273A1CC3BF71E770DFB7E96081682803188118B50310BD620234F230B12711B0
311
63E0F0490FCDA9248B580D3D3DE944A30CFCF2A1E0F6E59E8FBEA289CCCC943785BB8880ADA9C2FD70F6A13F5418444E3A669273C006C4B4EEEC067827539FFBEA9CFF04D84E7F170480037005AAC8829084329899F90B5E013927F8E646514B4824B01D11F72C012CEACD163B6358A4454A4221D06E68A71062520649BF9E
311
9127D0772D6E5EADED52FF216BC2FC513C7D3C5CC4C8AF009811826AE20203B076A2AA66D8D32E317DEE0EFC000FCE16D9E0BEB17C74AB009256C5D8AD1CBABBDA61402612C675FBD72D07E633B1A42F2421208CE01397560811204306617A5141706105C9F4984C459F2D0F6C392FA05BED808512B0B9A8A9FC6CED89640E
311
A347D31F0DF76D3D9E61E800FE9F7601BE4C9614A1C58E6C839F13A12D0EB426DE6386B82369A9E6A7F1F9146EB578A2EF4289AA109B4F6CEFEC0463E0072A05CC9DEDEDFE08407B173B8AA65399C80B2911252E6290C82CC1B8909140C11B7AE161B42B93905045D017E00CED6D27AAA15F2C2179F1E83D411A7020B9408D
311
202381E7E5DEE5A9E7E5CDE3B186433F488AC81554BEC09BC579018ADD1DCB3D9D70F02B14BF9159A4DA376225FE43DA224FED327941705DA582B2FD1BB5DC0540667B650BECDD1D5DDFB0C7F36DEE2B94F6EE2EE4E426F20A1174C31DF153321A24114C4FFF25E505475F6906D4149B21F1BD9D9DF7B059F8E0FD83323CB9
311
7991FE80EE131A9003B81C491B218B1D42C0C0D593D9D548003839DC29A740298B0C23F0CE14BB167BD61989AEF0B985C8FAC8F923A73F31953989F0F6C96CA6C4D0A9A88184BEDBBBDA3BBADE77CD8E2FFEDEEF46184A86671D7DDC51417477BE9F04804F305AC82C2D018A21EA903866A0F959FBD4139916D036635EE03D
311
DB7408BCF0627A03027AD314C09B0A27F0A79490D53839D0DAF1416995CAB24101FA63F75029D57A4CBBA9FB4D120ADB17FB5A999FC9420DFE04FA670430B90FE7F589F7FE8D50A4B5F004CE5F07EB4EA007F8AEAE8E8EF7DB3BE2F81F42166C7246FA9E62D02C8209BA1024414C483498B50229FD923F2414040B2081390A
311
AC353B5283EADA12A30B1080866D746B9ABF5BC107F33C2A015B275480759334B83AB02175EFD0DEC785DFC505E0064F4EBA5A97073A74C5C9FEC97BD25D819E28AEE661FD2732B8BBFB1BF13441B3C1F45E8AC1752BBF80C113DE960E0AC7D9D02C58C80505A19BA0E84B14402601A590A4AE00A825E98C3212342302EE10
311
FC5100681F86834A2804BC409D70270A2091DCE874B16BE0706C974EB3D26EFEDFFCA6C4579AA4DB781708469F055532A7046C6BEB0CF39F3ED2EC4FBCA3D00EA91CA68FD2B87B5C191E0EB2C300F00A1C9881F263571C6CFD83D079D09F176FAD839340CF030F70458F81F09AEE1329505150CA0A00576B56C06D58070B23
311
086F685E44232D9D53DE3FC3731044F286D19F459351863F749F1104198D6E14BBC68E17CAE70D7AFD958E350BEBBC70C9C4DFBA075240DA27D40AD7DB063A097DD3F041EDB3E4B682A7A12A548F3393DB01945547175879989302521EEB1431B08759B632B174E0F700E774FCA1BB83F95029ED1A084288C8893520E49415
311
E00DA080AE8027C34206D35491D050A4C6B080F6A20889A2FF82379AB6234F6710C05F9080ADF002B9C9F9C583AB220F45D618D7E7F7547FB27CED8A8B7A7D24EDA4988B0C1C2A1AFB53FDC61BF3DE50D63C560F0120B0372F0839DDDAF13E583B868717C1CB8CC71D1D7F440CC82184803144196EFD58BBE00B7EE77DE8C0
311
15942357FB06FC906A5E2B8882CCF9FFE184B0035A5CF186A962A63F84B3AAEE3D5A2C830008807568B6A9F424086D2095A3E262DBF124350082C4B5DF4704A9D2C93553DE47BD6766B69349610716999FA25854F759CA9792599D3837ACF6247CE8597B0F960FA3EC45B61715050260C5844FCCFEC9666BC71F875B17E3BC
311
B4CB151405D7D08F846B4CB952248B4603CC402B609E90F0044A007FA800EC46D07A51232B00E5683C55D5096E1374DA4FCBBDE2C25A5B8D26008227CA7758033D7D70DF12CAF7F247939F93F1CC63047D63ADA0B7CC8771B234D8095FCDB577B586D1834062035670E204B245EC093FCBE15626C10D210CB38A13F50E10A0
311
D5C0814B0C4B30AA9858516001669002229618F100767AA3D6D2528595FE7A398C2D2300ED0013A0AE60B91644A057327BD3C36BEBF48C91279B45F8BD145494674AFB211A91977CB838DF35DCB3D6D6AA2FB2784B591ED785DFD7DB77747DAC9D2F7674810EFC2895F9ED8007EC7885101679C06F21E4B1C8A6120956F805
311
18D1DAF1717BEBFB5803E20C6F2A11B2E48AFF4AD2810A70054623E341B3D1ACD92DA91150DE631EEB2C28882D092049C0DD38E262A7BD6F98549930C9D44B7C37028AEA9F8C5628A2BEF5704C0DCB2B428181B1BE766F43014498D2E57791E4C8DA6BD2ABF5003F0C40202E2E32EDFB02852D16C30B7F646B98FDF86C7891
311
690043128B0A0DE6B4EA27F08C30CA34C9D0AA0852A5997F8D11A6EE84E040B20472020256F4AFEBBB74E6705A12083B249089218E6452C8E5A69717E904A3F5EF3D5D08EC1F4D4E85086B238CFFC11AB9AE972CB775616C6D1DE04DDF073B4DE3747C41FBAE6072901CAD0237100670C5A00C2C3CE063610ED824826C1F66
311
50700E88C00B62468903A0D71D3A390255AD7040048348C56C4647413C2C2561216E0C469203EF06A5B101AD40D0E207F78B124747DB5B4BBB4E88B1C373C114E0470B345156EDDBCE1B4DBDF81DBC400746B0B54E05F693707B89A5E430982C2AC7D10DFF11D5B102B9505034B35D07E8E5F585757F088B390F2D4C85CF72
311
18E8418BB4F25B885053D07D5A908326809F31D6CC6B77CC948413B28664484439D118DBAC27DB5AC40C1AD166F25E6A2F0AE82100C0BF220405323E1FF80DFC518CACA8DE1003F3C9FAE9C7B2D60703A0004F8EAEAD2DE0F5485452D15B77B4B67F4C2403B8D8F9C533558ADE058A9E177A1698F75DC0EB4C800F74C02701
311
78C8579C1FACD025F0560844502D2BBC01E620030CB93636C1041636A693949CD80139FD15BE107F905590A292840F8860706D07E2970A2F15E5B13B87C3143CB2930374CC46A6F9B9D7A5CCCC14E11B9E879A49FBE27ADBD6DA82410FBB94FAA8487D61B51F4BE0A03FD08743C31020D6628ED20305A22C2C2FAFA7ED1E78
311
81C438AA5B9035F20759E243C51F34D0D5F02F11403B9E204CC1686C0B6C9000470561519CBE1B0E4FBEAB37A39EE4B84C05F023858779341991F36D9D9F351E7BB3B5ADF00148D9D05784F9AD8B037D48C01BFA83D4247F03BB768BEEF973A14E610090D4B96B1EEC5C5E66928F28EBEB6CF578B067DD83086081579848E6
311
0DFC7684044D8174993C39F886043481F6A2B743B18749E52447CD4D230513032D20D20206E536E15BCF7B7D211634F98FF9986287F33F9A94615A5A0A7CACF8DF5DCC1AC6EF9AF1945EB78E0A2FED1DA2ACC00EF983F9A012260BD722EF61C9DBCDD8719703ECF839029010CA0B9F100B1D2842153E01A1A3837AB579516A
311
31982FD2908A09100DAE591016CBCD4B011A2F4DE299E1338CE065DC4841BF9895D8C81714800CD08F5AD39601BC929B55D291F6CDCEF2AB40DD5D98F4E6F107C47AEE4A09A079C05316F479DAF4C2BAB83221BCC0CE23FE3D3D4C7BC9AB673D89A3677D6020F6E182332028012FA0FBE0B2668FB85485902A8E7FA0BA2105
311
C213E20BC2169211A4BABA7D693C3F1DA961F203694853137073AD5CD25F1C017DE0477626D7BA55B88F83B5EE513C41D814639FD1BF759171F4577D3CAB0C3DFF68B2D3B1F8478C18F67BEBB2598FA76A4545E9E961BACF657E0791D2373030E0EC9FAEDD17BEA7703A738185D08236C407448A4CB504CBF01FF43859D311
311
5488EA01B55078000DF085911805790DE1B41B6F8CB2889C3834FE02AFE07D85143C6C008438A944EA63E047023A7EF37E13B0903AFEA7BBAB9579330FAFDAACD540022980B65A75FBA17D388F1E6576405CCE7032D95BDA420E7DC0EFA320879E5F8B3B04C1D2D9C1114210C19FCC49DC6A855E12010184DB8968109ED016
311
E4683CD552A36B3AFA13BFC2114068935A7E774CD2C7225642B73325938052D8634ABC18DC9442BF9E0402E85B42F9F3273672DA8E8F1070405D1DC3248487574CD98092B8B956E6AFE1566530B78FAE05B4A0DE51FBAF85DD075C7E11939F80E015A58D1F87E400CFFD2306C4D1D3C634380A201545A92BE01F445800BE12
311
302AB477BD6F62600D211232EB061448A0D2B877BB940D63D059C37E0569A83DE93E214F4BD86209FF6F479C640AFF8AF6D1BFD987D029A94DB7C329B4184D4BB013BF912FB88FEEF913071A8D82B651BC10DB067A7EC52FE1B421883144C00F64FA23A11CF708BF16CA59F18D4C04B8085964B2D8DA4A855187000BE440BC
311
816FFB13374640B0EB1D0998AF38A1AEF503F14302E2811081FC12EA6CD38A63B33035125F40F170C0B0AA45E9FCA38FC6D688D48563B5C4B4B7C359D3C7AE0EFB16ACD5E2FAA47EF8307044B4EBE1C71E84E742D81431FB06B90B600B9C239E277A57C94C427EE10E7826980C0136600D916A06058CBE8604DB4D314FBC01
311
4EDAACD0820F14BF75449B70339490FE5A0491221BF95F949DF1235380E969AABDBE2D32EB4403D3FDF17F42F9A0A7C28ED75BE86BDB7C7EC80C76F86B8800F77B305EB88F00A4352E0F8089EF811EA02A3DF08F7DA008F803BE4B4EF5F41E56087099E920708C3D720916444440FDFA013D4E1201414123A09290F5BD7AB7
311
29298209C4306D007BB0829FD4EC3A6D7E4F00B67DF38CA0764F832F0448E58439B952CB4F70DF964AFA74CCFDBABBDF273E2FF4F56D3DBFF2A78D42FFF2755DF307066497F44062AADFC0CC546F6DCCFECECFA232E14F408F05477D311B683A35BC245FCF8A5CD2AF20022C21022266905A5BCC8B20235D6FF04019CC0405
311
8AC80023662E25F342063165956320BE50370F2A657BACC817DDA3DDD3EFE04028645780A768FE38DBA88BF2EF3ADADFC7FEACA952E5A77568ECF0C971DF32BF1D24F8486B22A649EC81B1B60315CBEFC026091CA45F858D7D04C1B437079431E63E38F880758842E780A9E03791C0FAAFE10012588C3C592FE35461A60478
311
02BA18686887023A422A49599399893103942CF6DA53A8E387825FA0678B261F139F801E2B17C901D0F5217E07AC2401A87D0480F753FBED44FE949C93A1D042B879FCE499B3D861AEB23F9C1F372F0C24D0B7D6E70FE1AAF60F84BAE642D82F0A9F53E22783915518494FDBC0AFAE7DA282E5050B703570E06319A015E00D
311
693A6BEFFAE493941C3B08C13B96BD20D0115A9565701DC58568A3009DA13E965765C03091F0FF339F7309D44F6E61F837F1B1FF920450EB8FC48F9B40158BE89C81A597CFB0DAF5F5755D3886DC13D4479599B583758CBF35663AA234F133F91D3BCCFCE0A794367F385C59B19431780F1C099131384056616E15A1563B50
311
021D369C593FB292685A68A8B2A50A0A2085CF05434617E05FC24A6B077B990014421A68401AC4D65788EE25F737EB780D08A6E38F060F2ABD889E1B889C44852C2FF368C1E3E710D73B6589EA83F7417B341ADA1F639A23D15298F087AD0326410E116C3A1B325218433C71AE62C07C1480F1C045629724A076A4BB8D622D
311
24690486727F56108D07046DAB065000678E04C4F8C342DE27F4AC102D854F2D08D59B4ED0E4F697B0FF62F113646BC5B7F3131D4EA8BF8B265EA3F2026E7061B96F6DF3D993276B2180B8E57067587428579460551049049B074CF8B1066C7E14C705F0B39298C0997C17F701097023BAC31081390196801FB0C2A1238004
311
2927503D5A01CA127F9841B460310639C674BC8CDF1A320501448E0068905B07F6E5602F8C1F07786253438CEC51AE61FDB25FF71B09893AC026A9EAE3F30F369F5D5EAEA5801FBAD3C98B38C13EE017B054F81A56F05259DBDA64FE270B1FC4C77200FE276FE814B916E222575ED717A62A92956504605268408CFE13FD61
311
F84252228376060206802B9550F00B9D47E6AF1022538A752CF4FFF1F5931384A9FF8700EDD4FFA2B93FCBFABB3EA6C607FF714B0B8B04EBBE83B52B246092AB018C0D0002FC490849F1E214AE6FC42009D6D86616C835B65DB9862EFC4480C14137603C3089D0A5588FA27E693DD184131BA4E88C35045ACEF1CDE1A82323
311
C20B842F2419604821196EE8185BC834AD44F8E9B7549A32900196E9ECBBE20FFB4706861AACADBBFD9B56A23FFD3AB8BFACC18B1B5AC0ECD7B6AE2E2E9CCD2BE8AF1B1BC3A813B94107E82DE67A42E7CC7D4A6116700B5B2EE3C338A09B840F07C40A64800D7C605AC42B72227C4C7020AB1F20056E26F542717F56534261
311
DE3766AC10A6ED2D006DD03BA9DBA507AE0510A8B385C92363B9154167F1230C40D76AF6F3BE0CA08F8BA2FFBBCEFB09D0986550E0F0EAE2F2780CDF850CB0F88CFC2815FE87BD83909F474F45DD47F1C821DB2107A8817FD45384F57891B65F2543D0C1E20A89B4A8DF806862AC27C60F6A054627FD344250718AC0FA21CD
311
C4E28DBF2650D1B39D8B8A420C348A4F846E2BE824BF8C45E1DB8EEB52F576F47A75FF95F90FCE0FD3A7A08D48D5B9AFBE3EA658E1676FE3372FB57F0AD8D70ED4AEBA3D4C2BE0AAF1C3AD63A6004D12900CFC481A47430C9EACB390038642C8C41B13303166614210592736B8603AD4FAB17189DBB32F3915F0C380795A08
311
9A15228460BDE8E52203527D41B5470901B088D84FF8B3FE2BA7F4FD30ACAB3DE0B7E2FF95807AB0010FFDE3A048F7360F9F3FB9380EE537F16F8673131325D3351A3F664022020811A0FE8C019CA17370725CBFF64132025DA1BE2555102212E80A907FB43ED80A991A8AAC183932C19AE17524B06590B6AD286EB99BAD18
311
FF4BD64BAB519202F992A963648ED30E7521F909F090C0213E367A77D8836BEB6F34D92EDA624183070248351F1A079E5D3E7A9EE81F2CE6678F92E299EE312B6C0572C0A7B5EEE07853612403813152C7125E2022A20C18F855DBAFA399817FC97FB6E1CDCA31D348434ACD0012F0D32A5456B4007E6E92D72B1A4E997122
311
3A42C1042819E4049C0C5801300C0013FA48F8944FBAE71DAFC27F1826FA2304ECDF3F6C10FF47D5C7E49748DDD687DE8E91C09394EE0682A4F84CFD6067EEDF43E67EA46CB2F4070160439245F00343D03BF25D7E2F26FC400A896DBF19FB8D4D0A66DA669C3D608F9CD048A0533621B25690EE19D5D15248E390F042B12C
311
682511B02BFE3E5700E4C9A9B2107A8F45248FA48234FD23005ED1F4EFE80D1320836F04003BF42856D478D1DCA3ABEEE3C68F9F30C3A16E5C238EA5DE3FF37DACC2F8B7980033F47FAC34421EF0418A045394802CE032D61C70023D788136788613887C0011A4EA316E005718AE191F8D0D841B9C679CD2FC478442D00542
311
9166F5A24403B1E6ACF3298F388B6D0BA933D92339D48969A5C11F09B4FF017A9900A4F887010C474717E10F36468032FF33F4AD610517777104CD920C3CD15FC5F3B3A0C75BBCA3B00F2724863C10BCD4A0E00736C7981F2F72E4B001438B99714FCFAF713A2603BC710376A1715FC602022202E06FDEBBC680A3DF1C4C09
311
5A12C50B554FE7623B50374FB2129DDEA4C392C9188077658C87F55FF92FFA507FF03FC8DFD3F31BDAB46DD51AEB03F7E1B38B8B87CFF47EA1479C3EBAD5C6B382C221C0F1B358B39D76D9D3142C4A20935F541E492E0EF081BA41B3620A8E172B584EA1485632E22A8221CEDAC6110AFA4B6D43E2B76A18AB240BB2433772
311
1C9321D2C033B2D3E2641A55A400A28403C12D1DADE39AD23FC5FC08C47A64DC3FF6DFF76B5235124022D7E6D6D5F3CB870F9F31C96FE477FAFE54100068A3A87FA5908A2C08011CF31309C10025B089FEF9C510522B8DC07C30AA469841723A10C08E27F00F7FBC181C083F2809EC3B2B328E294AEAD5A071B3A95C81D2DE
311
3F930372D022C9C793535B92FDAD5426E90490C3C81D000017C6494441544698C416520C1C40C71FC204B22448FD9303782FBA67089A1A7D4CE38E89050FEF5F1E078A4DCCFADA058032C34C1CBC2E1202B1F8962B1A8024F0EB7A11F209E96FB369D4B64202FE7BA230AD24C46413536EAE955B341B726C593B5D4630C0BE
311
822480908522B0D85430230352618DCD4F7BA6D568BF4343801480006658EA3EDCBFFA9702B4FDE9022163C43F9B72B58001A23FCE6F0B3FF0E4E1DDFB9801A6FC42FD0132CC1F2224F89933107AD30B6C9131A53818AE944BE25A70810821C38F098411980E46D108F483DC63F49B91B852351604091D60546702F58A3872
311
A1716411B642C7629C267E64E77719F46B0548FD6BFFFC86A38DBFADFCDF700228C124C8664FAA02BFB1F92B09800876FCE4F2D1C3FB4FD0A44E0106A8DB8079751CBF0BD9340066C3D52BC64706467C05B5A54401BE4A1B0132A55EAC1CCCB10D378A3DFEB9812022327745EF2102886A9142C812A1A2C9708027BB55B700
311
6357459F9C2080E0BC34489FC629510F3017B62D5073E2A2C64048A0A42580E413BA9E08274091A398EA80B5BF31C87BF5ECF8F1C5DDFB4F22AAC181F070AAFDDAE5650C4000516440D8806786D874215149E69ABEC43FF0EFC820FEA112B0522003C84BE03FB76623513B6D840820358B084119B0CEC8C00AE888826339A5
311
4091F5FCA513AFE147975BB1A86FC50618D9D74502F0C7C8815AA306602FEE3A5E79E0D7DED1B221001118B73182CD439A092FF801105D1AA14E1918EC282F6260869D55108065988BD67F68E5581720A708051F7C8070F582389C682BE53F2AFD85853F2A013D21564028E06E79B7A71E43212180A81541EBC88F451E0238
311
5100491AB0C4A3BC5309A95911E66D04C0B448366988ECD204C2FC930F8CEE8FA410EE4C25B58DD1B6EBAD83F6196670F7DE635282C0A56A851AB035831725F0471A10FE52097089C80495804100318405F0DFC2136004B4C40705EC9154315129205EC357930035688F61AC02188250CFA9A980233925F16A117A48CA54DA
311
B6400221976B75D863330942E20EE3B00B08FBB71AA813B0E502FD2B023DF70114E0D7DF2E2EEEDE7B789504200112075478F2FBD6897835C91F0C20782401E801A2F9142700B74805703426023A81CC0BE88B537D0003E0C5181D29EB8D83050964DD2580910A1E7A8138F76253DC01DC2F3824391AD748276C0B0CDF1236
311
6625D038603D0003E0266CB42704C8CE7FA7F11B4D59C0BF454A78F8FCF1E50513715D469607031272358F04E0003C90107223A581218F10008B10247CD20D860FF0BF48801040B361808148714764028EAC137E871501EFDD97C89B52107FF1235B0928C562530082573CE137840EFEF82A0BDC602736C595912FBEC69E6A
311
3A26903B3A300C5A098A9E3F1810CDFFBA019D97B4E7A7A075850F2E92569BD960CA7B8304995FD006FC4213BB1448A6F4BFBB3A9F9FC4962D0A1369129B10073771FEDA38B1737B663A71C088D8848027FC3008DAC4E4397A6F76271DFFFCF77D6BD7F1F67DA51E0E08875A6BAFBD6BD7AE52CC04A0B4A2206F650EC41284
311
1A48258258E8662C3838FBE21E25172C2A15A4F78D82DCF68A005DCF07047C183E1CE47731BBCCB5469D9169E0D588945BEB637E87802A03D88FB82486210D28FB3B858D13DC7CE75F5E6F3B03C1744D30CC58C7C7A256146853A05243060B850072A7010CA47CFBF9A1E24F414037B8781E8E9F219A774B36481CB43E48A7
311
9819D638C8760D672FAC19FB9D3FC5EA9158DBD0159C27860409682E8FF2595652FE189D2CC2D7C023E944158355806FC320087CC74116030CC376C559C098B93A041C5DDA48AF33827D2327DC761D19C17CC62780D82A170E6CE7415A5E7FE825E053048F88D2AC2A561CA4D4C60098DA28EF1A01382772484698F60C8DD2
311
4BF396EA76260542810A625978C03580A9CAB91D10249BE579B0377A3DD15749A45F24C4D81FF3D7D7996F6A1690288008C0FF6CC186DA9D5FC95BB09B1301004B016E707FDFED306A1BE8FA208828F00BF342186839839F1F6FA338DC5A0200FF383DE92614C03A4508DA18F4D85F9354F7E867AA77A42FF49BBE6757A1A7
311
454448D0BFC3C220714FE43A3D8F1547BE10F0BC5A05985AC3C28829A06FE24CD062700601F4AF12AF99099B08E7071DC4626A97C920C3FF96E190C9D1FD7CB6163E800D79E5F3F10A9306C02B799E80F1AB380E0571A584C0370A220C3125000B500900D96FEA40409F980E2083E4EDF4D8D2480AE5667222E020BCDAD4EF
311
19682120818FE18EC7FD6AAD67C03F7DF1955E697456F517AC4F24700C30171C67E9168B109A4F60AFA60F98BE30941BF776DBC7C70792A2FBE98AAA97224F8BEA39B47BFD14A8CD03320DA2B676E3AA397E652E30A42CE2987B7DA1EF7F75242413800A04C0270C62A13372400B435ACD84B8B5009208F5AC73EB149FFF35
311
08E21C2201E0338BE07E50EB47E7FF6D97724A601028C5519073E7978EC88834410450E074DD58AD13A4900103A6444A9CB99103229F0EF8C0C78161EBC68137240734CDCFC349807851E0EB46CE864D2E405ED341B71A390CF2DE20CF5193189E1901E866D0230409684B193D17E2928534D04240937D3C84477494FC5E0F
311
E0B448E35AFC19007926C1C6A6E622FDB8A12E30993C6710E070397C4B26304C0AE38218D19F01FFB15BAE1C0E7E74DF75F2406E373C414E848FF8E500EFAF3C1029C9C0ADAB2313A7426CA9B2C1B9E30032C84EF31A09A88A386F136E8C2F1D582EA0459207015F10F1F001F0B1B7DF7222011EA2001F00BFD36BAEE08509
311
28B08C077030FE3806C880EAA74BCE0863A952812E6008B3A89199C1EE918AF96AF583F1A073B0A355B9D861AF1460DCFB3BFC6B7EFDC834B09700CBED3510E48DC7129041C991F06BA5006CA6B5B34EE21501374E8DFC910042036111EC9C7CFA1C05D48A7270F7F835BF04A4194DA4CF76CEC66718C84CD020D04C412AC8
311
48F03E3C61A1C8D50D0EA6838A00376054D3DF61A0E393E1F8B058A6C994093476D601A4A06F0CFD3C0A6BFA910E75CC10400A80FDA93AC9B5EA4303F6C0D188B559086091CC5910137772E14F2376D03181B5CFE74C0EA38440D0AC256D6C4D104CE05302FCC00B60B9CD4D71E08BD40C144A025E60D4C1F45FE846A2105D
311
717EEA84808A5DD90A168E133640311CF05DD870768683F5D2F1800F485AEBE5CABD8FFA3C0BEB33702493AEB551B1EB035EF5C8E5757FA7832141F88E8578A363802B560007AF93D7D470B478C4D00B412D634C9140C4F9275C00DCE8DFE3C7F8C0AFBC5B2CE82E3C3BDF393D4375D50C43CD1C17E3777CD2C170725B7B42
311
B41DF15BFC344DAD089C1E9118522B4A2C60B794E4E8F33081BB7C8CFCEEA0B2015E49D586429C6C78646180B7710E06018A3082243C275F077FBE412C17DE80D3E6B9462C5204C5D980D1DF84A864401C483CD01B143F4A4868087A0F780F37230200A4FBF6AED325114C367C22512750A5C7C3E32D545CE20A0904183BA1
311
0015DCAD89864B3E1EE97EBAE8B204266A48E010511838E2FE413FB116E60880C2D8440AC3880DDA6DF6618C138CF1CB2A09637E18D00F80CB0DC05322E31EADB8081C29410903F06BFCDF5AB46024E4A75828056440503C707856EF0C037623DD4922A400E8A6BD75E4D2800905F18450A00CEE88860C8964C7B3F90F5652
311
8BA18F71CFBBBCD2D05797E168FC37DB26DBE0DD2EAEF39686C18440820013C1444055402A541400DD362A0A402F1FE51246404E098249FEE30708C10CA0B54601053159480C00BAA9B1223A773234FE72FD5C3BD81804D8D196FE3D5315A0C981D88D04FA01DFC185CA93F9120E1F480B08063364A0A318F08DF95056E4C9
311
1F1150D31B011200383502E079EE43CC18603AE2F88FD139C802A739F208E88D06DC78267C448C27C4113C19B0F51B0E9C1C021CF8F9167C6B1F2E10E461002910105D1042792D1CA303F469714C018C23D72179E165049C40E801CB96CF334562E5807291D1E0C70FE6CAD91656715F0E5C5E70F8D7F83290549B1BAA6F78
311
1D25180EBCA93EC84E72A74081CE3020789B3790E1A9E478E658C099BECFF01E530E80EC5FE31204ACFF70AF8177A03059240CD074978A002A878BF883FEEC81DD684E406CA630ACFDE87292822A11953710F000885D6F68A67ED40CD772B0828359B753F7CE23D9479AB9845771B389D6A77130F8C134EFC83947392029B1
311
0E4425440A84AF0E54825228FC1634D369874739C837A9DDC83C20D320C36042610ECDFA750303710224D01202488012CA847424F8D53F78AB6BECE9B3B35A7F32396AC6B7444566327DBB4DF06FD9616744F4D3A397EB3B0A3FBA8D763702883ED742FE5CD24146D8E353ACCF811C806AE09914D8446E93840FF4D6C963FF
311
32BFB6AB015D1D3B0C9A0968776F021F21404B6260CF84A14F35180CE20B5E85BDA2EC91FD5A7DBA7E5705F4F0F97AF26CE18E3BA078138202400A62930FA6CC7882F911A92F33E547E64990B0F27323D73B6222863F86425153FA8009361C675554C25382CE148420C8DCC47A20122806CA178A0918C14CBD33440289078A
311
00EC6070184CA9907FD0A1270478E0B325B67C2193694EDB7DD0F3C238447C8A11485562FB4902134E6AC952FD5320A4F7C780882DA9684285CD81D278C0E8FF8DEC9F45D22DC3C2CA99C2728110888799575B6834BF22B0F01EDE72D7F21B672C40F0A972999E2200B7C91403F9BB3D09C01990819238CBAE5E7510D7D574
311
50507E3DB04AAA0A3C280064E0775380C8C16EEA4834346A04BF0CE847B4B3AF760D06D24BBB267C32E2C9257DE5EB748AD101AF1FD33265E2B674EED8C01A0AC901392211011AC810560F77778E85B13BAFE3E25C95B70919A4862C15928BD8989664AD8638101D009A80F00BDC41AF27602A4BDA0C077E550048E7F10114
311
10F01405045E1C140B4D0E70E0F6E034171C3D6FD12004FCC1FA304312518910356628A4A326EC9ADF5DFFD1B2C0399503F14B4F8E3E0E4E39A06ABCB56A8014687E86E462BDDE5124615ECDB412B7314F62E6E0C76ADEC0F717B360E741960104CF1706CFA18E0605004B01AE007869B095ED92144A807841EFF2811C0478
311
89A04901C809062057192688C92346F97F279449F89B113500BAD282D1DA80A55C27EFFE02C8D4F395003F285B617BBF0831F49B055342DDDD414378E8888E92C16789F269A27C9A221FAA4A0DFDDB9F935B2ECC04DC51481558A69301E0460B02665AC4DD30C03D480866C3409400051811876014C0F294C542821AB04501
311
1A3E3F09001FF304E3A0BED05CC11A811B865001769507FC01ADC611F400CF68C7B093606E30F3C7E0F00C1D10C31951C1E2D7252181DA00345842A19130715C736EC9ECE686A712FDB31E4D3E50AB336E5666D7B212C0113C4A4406029709B43D0228F3FBAF49921B19CA0C82A2D5BC4A2079809240F37D3E10F9637607C3
311
983F0458508A98B8B4EFC92AC13530180CF55359500080061DF59B98BB3FEACEE881DC8127F182A885A86FB12B43C590A4380504E32305E3148BBEEB2D2782029765428092545BA5C2C681FC5F8E869C0EE1034A822FF09A12C94084505AA868080303473F8161F7AA0A6610745E280BE4427FB770106F8800EADABA19F453
311
210435BDB2348471B13B65F2FCB554827632C4C44467333E4127095D22092ED492009930413251B5408345065065E415266E20279A40B3F520370BE2050C8360E6BB4601C1673B9BFE007EF5200B6483CD195400A783E6DEA0653515B0FCE8E86D1618FC1EFC15C2E727F24F2A2DAB57326D8D0877D4E298894E7A0C3C7D9C
311
E8A0E2D17AA2020FA1097D6372F2A9F955060FDD467AD0426368C24A8340FD0D6687A76316DEF5179ED9042005A2BF02A5DD810A4DEFA4A8F700EFC50FF4FB8C06410F0303C106ADF8852ACC6A2CA9046E9ED070739339857222CC009E206479886EA26227BF7A341A15C351A8404A6C10080A2140FA4B4E8D9B9A11645899
311
332363FD69887F436A660566964250FD752E787B64BCF8E6C8190DF8EA0C854C062D8A5A1346F810414313E606ECA0AC3A01D6928544029D5F42E202C0CB386F880F7842A31287061F32F3CBE09F2950783394F2F2B23D85386C6F51943E99DD10C8A0000BA9569A14805693274BD0E4F4DC3F28E331EEA91C4F33ABE05788
311
9BFB92819187840A08E57A276A8BFCB75B0342668C70C565C8059996D209C2800941A21FB82B2F520BC2E6FE6F1A8827043DE17000DACC8193E78BBB8DF1467978C06F6AFE986123E3A95272CAC122046F4C65C4B88FED2F1CD1D918F7CDBF8903BF1A90057D42F4DC133AF804ACBB58446A0DB78806FC053FA1E45D0AF111
311
2613CC0DD976C5E70AD3282F42725C0D02AC8588DE451B1C01ABF063E7748A3882F0DD484BB78D037F9812240EB88B6034C0AD53E5116D4C6D920C6A89F084E6D0598AD7EB6930CC7B293E27A666E5CDFE9A3FA52FEB3C97976FDAAE9A60008FCA6B33099CF9880D35D419FC687D424378E3099441E110C5B3C6DC311E6653
311
514A67A530D863326C4D8430E0C28024803B5B069B0E60C10EDB6DF087034171DF01F1F3404B27B1056D8C0E56E7CA6056E7798147BE4C2F01CED5987E413AC6A724876DE3F599E0601CE7B9CEF3BEB3671E12DCE8AF9631B8031D3F360B6955DC2342B2A0E4632A00264C0DA002220CFEC3E10D9BADC8904D88DC51928593
311
AA16C91DF6FFF82B3234404C7214D0F8608E0052283EFB2B0563F1D072936C4017706010BCF1B16CDE0C1FA9C777E44E1F5259B0C9BBC8794A82A6C182A3AF56B16921405351FDDC91B5BAAA617860E8D76C97C377FE701A4EB4378FA97C2C8E3CC8950886C6FD93AF70A1F5F676B7ED16CBC56AF5D09110EEB8607CC08A79
311
5882358280DDB98AFFE7087C6EB593D62F041CDB4018935238E73F1098100D0C8769818F777057F64C703C6530E142FDF5C837AE1CF66C94C4887D3A3726AB990DEA248F73B5D32C8E04F6714B1E67C53FC52040252E605B322407CBF8C7F05453462A295ABF4D95592DDD76AC23512E9A2DF964715C80DD752CA8E263AC36
311
F02C3C28A133EB22AC8D099BDEFDE28C3E8FFEE3815D5D00C17C00511058354D62443C1A546280E43572A9C661A34FA5891F8E7570608C8DF21DF51DF9D2A84D4501F41B8CD4F4C9DEB2F901E810C0E4CEB6EC08DFB06341C864CF8D0EEE779A606545E1E64AAF30A4324C20FDD3BD558BD966BA994FA915CD162B1978642A
311
D01694E533EC190368A68234657085B5F88E27A0805E04B8BB6A00A51646EE3C10A50FF007FF410F1963CA69BE2002F0F902E701AEC995FD41F83A3F0C3809A3288A083003A6CC2A20E6D703EE48E3777AC07ADD51EB6101603A9FCF17B3D5928F6D742EE7E4CF38AE2B03C5FB39C81D7B2978FAFE85AF3D2710B0582C970F
311
0FEB0E4D1103B8BE2B4D560CA10002FC8F334C891C07B44FE06B2E3ACE5E1E2D1FC32203110ABF9CA0E8381F68EC3C06701328E5A38278A5FCD944CEA5283DA933DF2A2448BD23F1C5D8BE04CC2DC3B43B3EEC29F8B5FF926D11D3E97EBF7FA1BD1E5E5F5FE6D3D972F548547783146ECD84873F377C5820F7F9FCE5E07378
311
D6CBCB7E036DF7F7104079A05B77C6942D1BA95D47424BFC3DB6411009A42E207871B7EE9B06614BBD20F22F7523FB985F3F7068E37600273A3ED0C1CCC380F6EC4AF01CC1CF95E4848B7BF950AD14C44F10460221E02D21D01DAE800F323704C00035DFE97CB37F797D3D1C0E4FBF35EE1E5E9E0E879FBF3DF6F474780A01
311
FB3DAF01FE0C0798218007C2090A3008BA7682A338F4A8804A06CBFE6A80CEC766F49853F15B2F45FCEA3F8250012841315016E75E797EFEEC4ACA6C79F515CF1738F7C36E2406071051043817C9E8C5888D49D0332E800062FF54FA562BF7446CC0BFDFBF8603D1FEFCC9F7FFB5A7F000430755C2D3F72F2D02A022820897
311
ABDD44594475BDCCA4A10AF34C06B08B4AB58BBFAE30999DC66C7CE903A83CF8EB006EEEAA063430F84B05F0ECF644825F5E95073870E72A0771AB89B080022A0C5A9FAF34C89286257FB7BEA000EC65B59750C68E0815B0D9834B15606328F80709DE09018AC2A7817F83F96DB3D562C10A0A31300230CD4200B87F85808B
311
AF64D04600254047F9C14DE93464009E7F5AABB4FDD6D55142A2C0BF1541FCE19C20C899BF4F76AB54B84CB97F88F48ECC029FD253F0C70DF4816B9AC94BCBD653B1A283C4001A0337955E4AFED3FB790B6B1F5EA0B5514074103A38D84280EE0F5F9BE974EAB2D16AB1EA969684B6E4166CA28264B300474C7308D20013B2
311
04A65F82970718D05678B3315D442E1C0A327E2F56556040C005D2FAB1326A68A07507C9E46A3648555A7080F5F50219A00E6222E3E0862CE95B5680930530742F1D041805E69B788161F015944D041182B861A2C17F3AF01CF5BFDF6C343F9171F5B004BF59C016719164B888EA206A02AD05E8464D06B48E4381A0E9345F
311
D171625AC22198F57C003BEA5510F81FF78D31C9B033D0030000000049454E44AE426082504B03041400060808008A4A975C28BB58AF800100009E0500003D00000045323944423244342D343945362D343743302D383345432D4638444642393245323333432F536368656D61732F436F6D6D6F6E536368656D612E786D6C
311
BD544D4FC23018BEFB2B96DE15493C78601010A34B880709DEDFB52FD0D8B54BD70DF6EFED3AC0B12E6442E2716BFB3CEFF3D18E26FB440405EA8C2B1992E1C323095052C5B8DC842437EBFB673219DF8DA659866649B798C078B48AE6410122242F2A4994AC7F93815DF85C049C8564CA0A901499DD886B2EB9B1E02448F3
311
58701A9235880C49A0119892A20C89D1B9FD768815CAD268CB5E0355B40B1E47F3E37A2020464BED06AA57CE8FCC20C3C3446D46761A2632A8C1283D07031EFF2AE7CCB1BFEEE916E406DFAC8E36FFD99A9D60A6944090EEDC3B670C7DC13DE86B6B2C5C240D6E503BB85ACD579D513F1B9F9A69DC9CC22AFA80C426D40AF0
311
B21EA168559156B6276F0F726A6BFF04DCD513A87A62CAD41FB24FCB2858B3952E3D852084DA25B9303C15687973CC8E8AAE11DF2836C38C6A9E765E8C1BA1BFB1DC29CDFE518C8B5A7655A4ED7E77291ABEB80DBD82EC866ADE1B8D05AF9E35CF09D7A061F38A986D9EC412B8F0F65E5D81534D9B231D1E5A8FE577A241F3
311
A5FD01504B03041400060808008A4A975C1004A04F380500005C1700003E00000045323944423244342D343945362D343743302D383345432D4638444642393245323333432F536368656D61732F47656E65726963536368656D612E786D6CED585B6FDB36147EDFAF20F41EC7F69A2005E214768278069665709ABE0A3445
311
D9DCA80B44CA89F7EB7B0E2FBAC4B2A32643D10E33505411A9C373BEF39D1B2F3F3D27926C79A144964E82D16018109EB22C12E97A12943A3EB9083E5DFD7239558AEB07B6E109BDBA7C5CDC902D959360CE535E0866DF07A7579733AAB85D5AF234E2C51DD5B081CA7A87DEE56E47E2D6689E735AD0947194500A22A24930
311
8DB6F82682A3782C52A141BD80E4E54A0A3609622A150F48C16994A57237097451C2DF462738529D3AC5FCFFB5B401988BC78824973CE1A9A628D91CB968BDBAC335B9A4BB379C6ABF5D2474CD7B9F773F7F78C349F055EF13FE2CF856F0A7379CE2BEBCCE6456F8E316A9E66B5E18E4AC77BF5812F5937FDEF0F5BFE3E3C7
311
85576D96659253EB54863A87AB5D98ADFEE24C3B8E38FE48BAE2C062631799EDC8BDDD833C6E88585B9287340B23AEA990CA49B1A473421E81F856D06D9125E45E6F001C4F7F85D6DECA8C6A835753A250DA50DF92F743409CBC3BFA4C6EFCE2618D302A0CEDDB264D93950002937BC66489A18D0A345DD650415124BE376A
311
745EA9F0E016108E328D14C979C1302CD6BC0A4191B2C2C49112FFC0DB51401288D6A44C26C1B87A160AB6A11E5BD862514BE8B3DB750607BABFF6F781D6A74EED6EA7AC28FB3BA68C87AC94B2138A99DB41AE7147A71F56659287340123812054CAEC8965690A74E111C5BCA7260158B0963EC50C07E38FEDDFC5C5C70AB6
311
A915F446D44E46C321E46087E23E221E2BC0DA6EB440EE6F44E80CE5AE2E2D2F31AD7AB71B8B139AF730773909401FE0D8DC3FCCFCC3D438DC1176062076C3CB4A9D953ACC72CA84867CDA0361E0910F4EF3B109A07D332211C72556825745A215835F47678059E337068E3ACB0E2EA2B507175B0818FD1082EB4D26186F85
311
BAD33464988F1420E1B9E43D522F8452A450106B04F01362BFF1B2BF5059B60F687C9F663A54396722163C7231012E7480FE916910E6572B6D8F4A54CBF92C5CD324A163C8508058D3F16A399B13B348C6830FB5FD47257A1B8D2CF08253EE776B3A72D782D895363D96020B6C18D3C86359B3C6D45E728B4B9D716893D091
311
E4D533045F495D2EFEF633FF5A660A520A5790765FE52E12F0AC82685E7FFA0398D65528850A132894DDE9F837B1DE48F8A74D487795A482C7122A6DAE377BDC5DC212A465ECD8B03E7E2E208EC88DD9DA89456CFBC477FB798C74389668AB1A75C820AB7568FCBE0B5F94DC9AFF0D038D9F77E49D45B8278FC7177D0DDCE7
311
32FA0BCDDB42720FA90E87115FF76375C5696F368AF83103F6A5911FFF03561EE06AD10ABE933AA9DEC398588888137017449E09C377051FCAEED1E8BC3BFA9CB27DA2CFDBF533459F374FC0C4FDECCBF3E06CDC6874E0710421EEAA6CEDBFEE60EB913607436C3F5BBF713F6F42253B9A4A0FD64C08416FA986EB02254B18
311
46D82E7CE2584EBE31E340E9A8247483F07D5B84AE3A5AE0D4C5B202EE585468BA84105B1F5EC00C16FADB133FB7399F390FCF245CBF9027A137FD26D1D651058D44D9B331A93985CAC2046CB4ED9E0314977128A42C13DB06879A273052525D16BE833B8706BD1269FA69F2B9B109BB55D30D37679986D85848B86F026CF2
311
1E74809100180B0D280C36F6015A7DFBD06AEB6F8D503BDCD7DD6DABBBEF54E1FF5EDF0E3AD53C03509B5B816FE9F51BC8026F44DAB82BA989F200C4220B24166C3037854094FD46C5648D9C42F8B07E53687D824917FED3CE56F3FBA68BE3C6853FCD64F4A00BB85831B1243346654A134805AF5CF39A9DFE22C9906A6EAF
311
E8303A5F4AC4FBE637489CB62EA59B9D529255F326CCC28ECB77F812A7D6E63DF957504B03041400060808008A4A975CF702076DC3010000E60400004500000045323944423244342D343945362D343743302D383345432D4638444642393245323333432F536368656D61732F52656E6465724D6174657269616C53636865
311
6D612E786D6CA554CB4EC33010BCF31596EFF405481C9AA2A64851255E4A816BB438DBD4926347B15BE0EFF1236982021512B925E39D9D9D59677EF3510A72C05A7325233A1D4D2841C954CE6511D1BDD99E5FD39BC5D97CA9359A0DDB61098BF9CBFA961C4044344599637D0F066B0E22C074BC98C7A0319C58A9B254B243
311
5ED23BC2F388AECB4A6089D280B18D139496815152EDDF046711DD82D048498D902B293E236AEABD7DF74D5D839F69EE1D9F48E1F3BF448FC9E6BF144F351E38BEFF9D662D0D16587B77825FAF2195BF515C395B563BC5197A0AE68DCF363BA831CF7C7C8D7F0DA23D42898037B451BA833673DA92BC82D87F636ACFFB0CEC
311
96F4EA30EF9A0FEAB85D91CAED89348D80E9B178DDC3ACFC71D06F2528A182138DD8672E4DC6DC57CF91467432BA985E4DBE3DB399079353607C0A5CDA0B70D4E65A122FA41BAEEF6C272908D315B076451BD55EB0FF9E092E11ACF8C6B5306028F9D5F15EB95426D31532BEE5D6EC700FBA0C1E94211D7ADC8341143D429D
311
2671564059C2EC72108B4EE3847890CC4697DDF8A708DB01FD7AD8209A41EFC2DCFD7063A504821C7869545188D6C16DF801342CCE6B276363DC8EFA4AFD0E86ED0677C3B77747C7FD3FD617504B03041400060808008A4A975C28FBF1D351000000570000004700000045323944423244342D343945362D343743302D3833
311
45432D4638444642393245323333432F4173736574446174612F41737365745461626C654F66436F6E74656E74732E62696E536160603033723374357035D675357171D535713334D6B53477B1D43533313475353433B770B5B41002AACB4D2C492DCA4CCC492C28484D2C4ACC4B4E050A82012F90744FCD03CA26072767A4
311
E6260200504B03041400060808008A4A975CC55C663656000000680000004500000045323944423244342D343945362D343743302D383345432D4638444642393245323333432F4173736574446174612F53747265616D56657273696F6E5461626C652E696E665D8CBD0A80300C06F73E4B29FE6CDD8A2E82A083B8B7F209
311
014925C9FBA3AEAEC7DD2555D896CB85E51C2A1BD834F6A1F56EC4494C4695278364ABB24ABD2146F88CCEBB89D5321FF8F3F43D672A3B44DF3CB6A1710F504B03041400060808008A4A975C005C496D36010000A20400003600000045323944423244342D343945362D343743302D383345432D4638444642393245323333
311
432F4173736574446174612F636E782E786D6CCD94414B03311085FFCA12F0B849BA8AA86453442F3D29583C789B66676B6836599259D17F6FD2EE41A978EAA190D3F0CDE4E591376AF939B8EA0363B2C1B76CC125ABD09BD059BF6DD9447D7DC3AAA5563104FA81B1CAC3802D2B65A6D53686699C4B1DF630B95275D6EFE6
311
E27D4A486BD8387CEA1F8227F49458651CA4D4B264DE71000E13850ED38E7740C0173C620A53349827911D709E64220261C774239BEB5A5ED5CDE55ADEDE35329F37250AA9D5260437F3365F16C378D14873B89769A94401B49AA29DA9F21AA6FF52C937D62B9149AD12C5ECCADC415F63EE807174D60065F3443084546708
311
6150E2006B258A0BBFBC78C4DE7A5B5A56591A5088CF592046B278869EFCA7F6F4DEAC7C22F006CFD991638DA7F7E165FF8B5E0FB1DCE7E6FCD272AC915BDF9F202B62BF4E7274CA76D1DF504B03041400060808008A4A975CC3C4E202E6000000600100006700000045323944423244342D343945362D343743302D383345
311
432D4638444642393245323333432F5265736F75726365732F36324631453045332D453444452D344631332D393744392D3634313545313637384539382F7468756D626E61696C2F302F636E782E786D6C4D90D14E04210C457F6542E2E30CEC688C1A86FD099F7C3195E98E6481122846FF5E501E3669D2E6F6A4E9BDFAFC
311
1DFCF485B9388A9B382D4A4C182DED2E1E9BA87C999FC474363A13F10D26A6080137D16561F491A9A621ED7881EABBEA5DBC0EF1C088D9D9F7140F31590FA56CA2D84F0CB04065DAB15C971D1896D392B150CD16DB017601C7019B1118776156B53ECEEA615EEF5FD5F3CBAA5ABD69D949A33F88FCE05D64CC94EE5665A98D
311
B1FDA3B4EC80D135BB417513C2DC3CA7655B1A5D3837FF03E29FD42048C93B0BDC62926419796E1042D0F21F365A76BFADFD85D17ACFC6FC02504B03041400060808008A4A975CA233C2345D000000800000006500000045323944423244342D343945362D343743302D383345432D4638444642393245323333432F526573
311
6F75726365732F36324631453045332D453444452D344631332D393744392D3634313545313637384539382F7468756D626E61696C2F636E782E786D6C4D8B490E80201004BF42E6EE76F3C0F216234B883063108CCF170C074F95AE5473F5C4C06E932E4F28601967600677D21E9D8092EDB002539227A2FCCB80E1168D80
311
A6417297A89C5D6963B7129A0D1E8F2EE73AA7B62BBEB8B27DE50B504B03041400060808008A4A975CBE89762363000000880000005B00000045323944423244342D343945362D343743302D383345432D4638444642393245323333432F5265736F75726365732F36324631453045332D453444452D344631332D39374439
311
2D3634313545313637384539382F636E782E786D6C4DCC3B0E80201004D0AB90EDFD75167CCE820A4A845D83603CBE602CAC26799919AEEEE0D965E2E908050C6D0FCCE04C8BC355404EB6198129C92351FAD580A10E464065907C8D948F8F166375F655BDC3FDC3B4E530A176BE7057BDC43B2A593FE403504B0304140006
311
0808008A4A975C37BCDCD57D000000A30000003600000045323944423244342D343945362D343743302D383345432D4638444642393245323333432F5265736F75726365732F636E782E786D6C4D8C410E83201405AF42FE9E562A45480037E23D4C45438A60A8343D7EA171D1D54B266F46F69FCDA3B74D2F178302726900
311
D9F088B30BAB827C2C9803EAB54C311E7F374061DAAC828A41CB35C5BC9F68B6CB947DA5DE85E709D96D24A6312D367430988EA4C5A21B046694DC0D611D378217E35A9532BF5ED99AD75F504B03041400060808008A4A975CE849F3410A010000550300003400000045323944423244342D343945362D343743302D383345
311
432D4638444642393245323333432F536368656D61732F636E782E786D6CCD93BD4E042114855F65426239C08EC6A861D8C2C2CA46ADEC10EEAE64813BE1C7E8DB0B23C56E62A7C5261470F2E5E69C0388EDA777C307C46431CC6443391920683436EC6752F26EBC21C3568A88988F303204E561264D2652EC2396A54B0676
311
AAB8A63A1B0E5DBC47EF313CEB77F08A0CDAA9946692D6235525A38174A0466545373442C21235D409D97AE813740495C11039F1E97AE457E374F9C26FEF265ED7AB608D94E20DD175DE860C11978B896BACDB500D71C11A204589B6532D0591C7EE68ED43B04A489172AC2D74327F2D9554CBE2AC56B996C556F0879182B5
311
B027911F2040B4FA5C339FD8FBB7D04F100CC4C77A53D12A77AED97F73F9B70AD8FA03EA33681F427E03504B03041400060808008A4A975CE3603EBE7A000000C20000002C00000045323944423244342D343945362D343743302D383345432D4638444642393245323333432F636E782E786D6C6DCD410EC2201085E1AB90
311
D9DBEACE05D09878023D01A1D34A8419C380F1F82DA68B9AB8FDFEC93C3D7C52546FCC12980C9CBA232824CF63A0D9402DD3E10C6AB03A3397DD192872090D3406ABE7CCF5B5D18893ABB1690CF4DCF02282E5EA8A5BB96FFE536F285CB347F95BEFFE81C9ED5AFF9D5B1FB575BB00504B03041400060808008A4A975C83C4
311
E27C7E000000A300000007000000636E782E786D6C4D8CD10AC22018465F45FE7B6BA99403753075EF319A1B23A761337AFC3476D1D50787EF1CD17D368FDE2EBDD618245C4E0D2017EE715AC32221EF33E6803A25528CFBDF0D50183727A162506249313F0F34B979CCBE52BF86C7012D694D4F0CC3ACB557CC6EBAC19C5A
311
8D076E86BE259650AA8B71AE4A995FAF6CCDAB2F504B03041400060808008A4A975CCA1DF9C9A900000073010000130000005B436F6E74656E745F54797065735D2E786D6CA590410EC2300C04BF12E5DEBA70400835E500FC800F84E0B411AD13252E2ABF27A55740421CEDDDD9B55CEFA7A117778CC97952725556522019
311
7F75D42A39B22DB652EC9BFAFC089844F65252B2630E3B80643A1C742A7D40CA8AF571D09CC7D842D0E6A65B8475556DC07862242E78CE904D7D44ABC79EC569CAEBA537E3521C16DF5CA5A40EA17746733E0B6615DE7217475F386F18B9481C510F1F021CD9FF027EA0E1F5C4E609504B03041400060808008A4A975C3DEE
311
336E64000000790000001B0000006175746F6465736B2D64657369676E2D7061636B6167652E786D6C35CBC10E83200C00D05F21DCA56CA76D41FC96062B120735B69A7DBE268BB7777961F8D5AF396893C2ADB70FE7ADA196782C2DF776D7A97B5933C430F15651E5469C55D70F80A4992A3ADC954792C525AE70A1E4D6AD
311
9816CC044FEFDF01FE3FDE907802504B03041400060808008A4A975C5412FF7EF8000000960100003700000045323944423244342D343945362D343743302D383345432D4638444642393245323333432F4173736574446174612F636F72652E786D6C85505D6F842010FC2B66DF5104E3D906B954BD7FD0A7BE11E43C7227
311
183E9AFEFCC26993F6A909C992D999D9DD61E7AFF5517C2AE7B5353DD42586421969676D961E62B8A20E8A3367CEDAF08B068511ABEA21C3C0D9E26CDC0E485A1394C9A8B1B33A40E1BD0A50C847FAF4E0E54DADA214312486BF979B9077B1A8B22E771E6731EAF990EA39B9E9AB560E784309ED2E438786A11D51334D1875
311
A71341DD48697D199BB6AE09ABB298B3A0D79FE9D22911D40C9C60D222DC2042DFF1CB2BC1E97DB02A3339F3C1A59B8FA1F93AE06F79EB4904C1AABDFBC7356EF3FFAE519B40C9E1BA2B3CF03A2DF96C7056E594527946986A4E947F03504B03041400060808008A4A975C1D485BA0F20000008E0100006800000045323944
311
423244342D343945362D343743302D383345432D4638444642393245323333432F5265736F75726365732F36324631453045332D453444452D344631332D393744392D3634313545313637384539382F7468756D626E61696C2F302F636F72652E786D6C8550CB6EC32010FC156BEFD8182CC7AD3091ECE40F7AEA0D017151
311
62B07854FDFC42EC4AEDA9D24ABB1A6666D961E7AFF5517D6A1F8CB323B435864A5BE994B1CB0829DED000D59933EF5CFC4583CA8A558F5060E06CF12E6D07249D8DDA16D43AA50F5084A02354F291871182FCD0ABA8458A9911EEF526E45D2CBA6EEB9DC7594A461D52A3B29BB919ED817794D0E13A0D689AFA1975970B46
311
C3E944D03053DA5EE7AE6F5BC29A22E62C9AF567BBF45A44AD80134C7A843B44E81B7E792538D73B6B0A93B3107DBEF9585AAE038E59B3A37FDCD2A6FE774BC6464A0EB75D1180B7F973CF07CE9A924E6ECFE8722F49F26F504B03041400060808008A4A975C34DCCE7CF8000000960100006600000045323944423244342D
311
343945362D343743302D383345432D4638444642393245323333432F5265736F75726365732F36324631453045332D453444452D344631332D393744392D3634313545313637384539382F7468756D626E61696C2F636F72652E786D6C8550D16E842010FC15B3EF28A0F16C835CA2777FD0A7BE51E03C720A46A0E9E7174E
311
9BB44F4D4896CCCECCEE0E3B7F2D73F1A9376F9CED8194180A6DA553C64E3DC470431D1467CE36E7C22F1A14562CBA870C0367D3E6E27A40D2D9A06D46AD53FA0085F73A4021E7F4E9C1CBBB5E442962480CFF2857211F62D22529771E67311A75488D4A6EE666F406BCA969DD5D870E0D433BA2E672C1A83B9D28EAC6BA26
311
D7B16909A1ACCA62CE82597EA6CB4D8BA015708A698B708368FD865F5E294EEF9D5599C9990F5BBAF9189AAF031EEE71F9B0C2CCACDABB7F5CE3AAFE778DC6869A1EAEBBC2032769C96783B32AA794CA33C25473A2FC1B504B03041400060808008A4A975C02237F3C0C010000B10100005C00000045323944423244342D34
311
3945362D343743302D383345432D4638444642393245323333432F5265736F75726365732F36324631453045332D453444452D344631332D393744392D3634313545313637384539382F636F72652E786D6C8550CB6EC32010FC158B3B36AFDAB8C2444A4CBEA0A7DE904D5C94182203553FBF90B8527BAAB4D2AE86991D76
311
C4E16BBD559F660BD6BB01E01A81CAB8C9CFD62D0348F10239A80E526CDEC75F345039BD9A01141848B16C3EDD7768F22E1A5750E767B3833A04134135DDF23080307D9855D73AC5CC08D7FAAEA7AB5E4C8DEB274F8A94ECBC4BED9CB7D98B351B908C12CAD591C3E3B13D41368E08F2AE23909F28C5EAC45A8C89688A588A
311
68D71FF769333A9A194882480B118384BEA1FE95A05CEFA2294C2942DCF2CDBB69B90EC8969CB1428A42C54605D91953D877630F5B865F146E3BAE7A2E9AA7F08F61BACFFF1B26EB2225BBE1531180C4F9FF8F07299A12606E8F74732F61CB6F504B03041400060808008A4A975CC04E9823F9000000960100003700000045
311
323944423244342D343945362D343743302D383345432D4638444642393245323333432F5265736F75726365732F636F72652E786D6C8550CB6AC33010FC15B377F92199C42DB20276F203A5A7DE84BC714462C9E851FAF9956217DA5341B06276667677F8E96B79149FE8BCB6A687A6ACA140A3ECA4CDDC430C57D2417112
311
DC591B7ED1A03072C11E320C82CFCEC675879435014D468D9D7007A5F718A0508FF4E9C1AB1B2EB294312486BF97AB54773963D9941B4FF018F5B44BF594DCF455A303D132CABACBD09161388CA43D9F6BD21D8F94742363CD656C0F4D437995C58207BDFC4C570E65C00904ADE981D42DA1ECBD7E79A5757A1FBCCA4CC17D
311
70E9E67D68BE0EC41B7A1B9D42CFABADFBC735AED3FFAE519BC0E8EEBA293C88262DF96C085EE594527946986A4E547C03504B03041400060808008A4A975C8B06D0A9F6000000940100003500000045323944423244342D343945362D343743302D383345432D4638444642393245323333432F536368656D61732F636F72
311
652E786D6C85505D6F842010FC2B66DF5104E3D906B944EF7E41FBD437829C47EE04C347D39F5F509BB44F4D4896CCCECCEE0E3B7F2DCFE25339AFADE9A12E3114CA483B6933F710C30D75509C3973D6865F34288C58540F1906CE6667E37A40D29AA04C468D9DD4010AEF5580423ED3A7072FEF6A11A5882131FCA35C857C
311
88599575B9F3388B514F87544FC94DDFB472C01B4A68771D3A340CED889ACB05A3EE7422A81B29ADAF63D3D6356155167316F4F2335D3A25829A80134C5A841B44E83B7E792538BD0F566526673EB874F331345F07FC6DDBD3B36AEFFDF18CEBF4BF67D426507278EE0A0FBC4E2B6E0DCEAA9C512A5B80A9E63CF937504B03
311
041400060808008A4A975C7EF02D8102010000D80100002D00000045323944423244342D343945362D343743302D383345432D4638444642393245323333432F636F72652E786D6C9591D16E842010457FC5CC3B8A68B7BA41365975BFA04F7DA3326BC9AE60049B7E7EA1DAB47D6B1312C8E5DC813BC34FEFD33D79C3C569
311
6B1AC8530A099AC12A6DC606567F25152427C1176BFD0F0C1223276C20CA20F8B8D875DEA5C11A8F26AAC62ADC45E91C7A48867B3834E086579C642A571F08774B6739DCE488699E6E9CE05E4F5FD66141E9518160941D082D092B9E687D6434AC679E4552F0551B5FB0FD319C5E502576F6211288878267DB75C056AD7648
311
ABF0497DD5B880E859DD9D595792B2EE0FA47C6C29A98ABE2597AABB9C6BD6B3A26843916016DCF925B4662F129BF057FB66FC156D9DD53FA36D0E0722FF0E95C53E0B9E7D0E21EC7126E203504B03041400060808008A4A975CF1071AF706010000B201000008000000636F72652E786D6C8D50416EC32010FC0ADA3B3606
311
CB712B4C243BF9414FBD51431C141B2C0351FBFB42E24AEDAD12D2A299D99DD9E5C7CF654677BD79E36C07554100693B3A65ECD4410C17DC023A0ABE39177EC90059B9E80E320C824F9B8BEB0E8DCE066D336A9DD23B28BDD701D038A74F077EBCEA45163286A4F0B76295E34D4EBAA88AA74EF060969FD671D33268058212
311
DA605263CADEC8CB2B25E9BDF3322B058FD1A8DDCAA8E46E2E466F206A46597BEE5BDCF7CD80EBD389E0F670A0B81D18ABCE43DD5415E5656E16DC872DEDBC0F493903F2F29E7D79F9A404FF706EDE05299442CECE5F20082F33F127745CD53F421B1B18DD073E3B3C882A057A10C9385F3095C77953CDD716DF504B010214
311
001400060808008A4A975CB81743CBF7000000A80100004F000000000000000000000000000000000045323944423244342D343945362D343743302D383345432D4638444642393245323333432F4173736574446174612F446566696E6974696F6E4974657261746F7250726F706572746965732E62696E504B0102140014
311
00060808008A4A975C08D1F0D4F50000003002000045000000000000000000000000006401000045323944423244342D343945362D343743302D383345432D4638444642393245323333432F4173736574446174612F496E7374616E636550726F706572746965732E62696E504B010214001400060808008A4A975CB5A795
311
FFE3790000DE7900006B00000000000000000000000000BC02000045323944423244342D343945362D343743302D383345432D4638444642393245323333432F5265736F75726365732F36324631453045332D453444452D344631332D393744392D3634313545313637384539382F7468756D626E61696C2F302F67656E65
311
7269635F706E67504B010214001400060808008A4A975C28BB58AF800100009E0500003D00000000000000000000000000287D000045323944423244342D343945362D343743302D383345432D4638444642393245323333432F536368656D61732F436F6D6D6F6E536368656D612E786D6C504B010214001400060808008A
311
4A975C1004A04F380500005C1700003E00000000000000000000000000037F000045323944423244342D343945362D343743302D383345432D4638444642393245323333432F536368656D61732F47656E65726963536368656D612E786D6C504B010214001400060808008A4A975CF702076DC3010000E604000045000000
311
000000000000000000009784000045323944423244342D343945362D343743302D383345432D4638444642393245323333432F536368656D61732F52656E6465724D6174657269616C536368656D612E786D6C504B010214001400060808008A4A975C28FBF1D351000000570000004700000000000000000000000000BD86
311
000045323944423244342D343945362D343743302D383345432D4638444642393245323333432F4173736574446174612F41737365745461626C654F66436F6E74656E74732E62696E504B010214001400060808008A4A975CC55C663656000000680000004500000000000000000000000000738700004532394442324434
311
2D343945362D343743302D383345432D4638444642393245323333432F4173736574446174612F53747265616D56657273696F6E5461626C652E696E66504B010214001400060808008A4A975C005C496D36010000A204000036000000000000000000000000002C88000045323944423244342D343945362D343743302D38
311
3345432D4638444642393245323333432F4173736574446174612F636E782E786D6C504B010214001400060808008A4A975CC3C4E202E6000000600100006700000000000000000000000000B689000045323944423244342D343945362D343743302D383345432D4638444642393245323333432F5265736F75726365732F
311
36324631453045332D453444452D344631332D393744392D3634313545313637384539382F7468756D626E61696C2F302F636E782E786D6C504B010214001400060808008A4A975CA233C2345D000000800000006500000000000000000000000000218B000045323944423244342D343945362D343743302D383345432D46
311
38444642393245323333432F5265736F75726365732F36324631453045332D453444452D344631332D393744392D3634313545313637384539382F7468756D626E61696C2F636E782E786D6C504B010214001400060808008A4A975CBE89762363000000880000005B00000000000000000000000000018C00004532394442
311
3244342D343945362D343743302D383345432D4638444642393245323333432F5265736F75726365732F36324631453045332D453444452D344631332D393744392D3634313545313637384539382F636E782E786D6C504B010214001400060808008A4A975C37BCDCD57D000000A300000036000000000000000000000000
311
00DD8C000045323944423244342D343945362D343743302D383345432D4638444642393245323333432F5265736F75726365732F636E782E786D6C504B010214001400060808008A4A975CE849F3410A010000550300003400000000000000000000000000AE8D000045323944423244342D343945362D343743302D383345
311
432D4638444642393245323333432F536368656D61732F636E782E786D6C504B010214001400060808008A4A975CE3603EBE7A000000C20000002C000000000000000000000000000A8F000045323944423244342D343945362D343743302D383345432D4638444642393245323333432F636E782E786D6C504B0102140014
311
00060808008A4A975C83C4E27C7E000000A30000000700000000000000000000000000CE8F0000636E782E786D6C504B010214001400060808008A4A975CCA1DF9C9A9000000730100001300000000000000000000000000719000005B436F6E74656E745F54797065735D2E786D6C504B010214001400060808008A4A975C
311
3DEE336E64000000790000001B000000000000000000000000004B9100006175746F6465736B2D64657369676E2D7061636B6167652E786D6C504B010214001400060808008A4A975C5412FF7EF8000000960100003700000000000000000000000000E891000045323944423244342D343945362D343743302D383345432D
311
4638444642393245323333432F4173736574446174612F636F72652E786D6C504B010214001400060808008A4A975C1D485BA0F20000008E01000068000000000000000000000000003593000045323944423244342D343945362D343743302D383345432D4638444642393245323333432F5265736F75726365732F363246
311
31453045332D453444452D344631332D393744392D3634313545313637384539382F7468756D626E61696C2F302F636F72652E786D6C504B010214001400060808008A4A975C34DCCE7CF8000000960100006600000000000000000000000000AD94000045323944423244342D343945362D343743302D383345432D463844
311
4642393245323333432F5265736F75726365732F36324631453045332D453444452D344631332D393744392D3634313545313637384539382F7468756D626E61696C2F636F72652E786D6C504B010214001400060808008A4A975C02237F3C0C010000B10100005C0000000000000000000000000029960000453239444232
311
44342D343945362D343743302D383345432D4638444642393245323333432F5265736F75726365732F36324631453045332D453444452D344631332D393744392D3634313545313637384539382F636F72652E786D6C504B010214001400060808008A4A975CC04E9823F90000009601000037000000000000000000000000
311
00AF97000045323944423244342D343945362D343743302D383345432D4638444642393245323333432F5265736F75726365732F636F72652E786D6C504B010214001400060808008A4A975C8B06D0A9F6000000940100003500000000000000000000000000FD98000045323944423244342D343945362D343743302D3833
311
45432D4638444642393245323333432F536368656D61732F636F72652E786D6C504B010214001400060808008A4A975C7EF02D8102010000D80100002D00000000000000000000000000469A000045323944423244342D343945362D343743302D383345432D4638444642393245323333432F636F72652E786D6C504B0102
311
14001400060808008A4A975CF1071AF706010000B20100000800000000000000000000000000939B0000636F72652E786D6C504B0506000000001A001A00210B0000BF9C00000000
310
504B03041400060808008A4A975C000000000000000000000000370000006662782F45433330434138372D423030462D343831452D383832352D3541394331344334353245302F617474726962757465732E62696E504B03041400060808008A4A975C000000000000000000000000350000006662782F4543333043413837
310
2D423030462D343831452D383832352D3541394331344334353245302F76657274696365732E62696E504B03041400060808008A4A975CF270F1330600000004000000360000006662782F45433330434138372D423030462D343831452D383832352D3541394331344334353245302F747269616E676C65732E62696E6366
310
60600000504B03041400060808008A4A975CB5A795FFE3790000DE790000420000006662782F45433330434138372D423030462D343831452D383832352D3541394331344334353245302F7265736F75726365732F322F305F67656E657269632E706E6701DE79218689504E470D0A1A0A0000000D49484452000001000000
310
010008030000006BAC58540000000467414D410000B18F0BFC6105000000017352474200AECE1CE900000192504C5445818181B3B3B35A5A5A4848486060605C5C5C6464648383835E5E5E6262624E4E4EAFAFAF4A4A4AB5B5B54C4C4CB1B1B1858585B7B7B7585858ADADAD7C7C7C464646787878ABABAB747474A7A7A768
310
6868707070B9B9B96E6E6E6A6A6A8B8B8B666666545454565656A5A5A5505050A1A1A1BBBBBB8F8F8F9F9F9F4242425252527676764040403E3E3E9B9B9B7A7A7A8989897E7E7E9393939797974444448787873C3C3C727272BDBDBD3A3A3A6C6C6CA9A9A9A3A3A32020209D9D9DBFBFBF8D8D8D9595959191912626269999
310
992222222424241E1E1EC1C1C1282828C3C3C32C2C2C2A2A2A2E2E2E303030C5C5C53232321C1C1C363636383838343434C7C7C71A1A1A0E0E0E121212484A484C4E4C1616160A0A0A4A4C4A787A781414147C7E7C9193915E605E464846838583878987B1B3B18587856668665A5C5A626462818381A7A7A5A3A3A1B1B1AF
310
ADAFAD7072705C5E5C9D9D9BABADAB7E817EB7B9B7585A58BBBDBB4C4C4A8D8F8D747674B5B5B3B7B7B59FA19F606260ABABA9A5A5A39B9B99A9A9A78F8F8D6C6C6AC7C7C5451AD12700002000494441547801DCBD89771BD7B5A70B8EE04C702641712605CE034890E220088028C93245451215B713AF388E7DFD9EEDB8DD
310
CE6ABFF4B57D97137BE50FEFEFDBA74049B6AEED74869B7E87404D2814EBB7F76F0F67A8835CEEBFA0E42B854AA5B2BB5B6BCC951A8D52A93657A914FE0BEEE39FFE2FF395B9B9C6CAD2D4C4606F4B7FFF8D1B37EEDCB97587F7CD9B4343BD134BABE7DB48E3FFA7A228ECD6F6574E4786C0FC8B5FFCE2CD5FFCE297BF7CF3
310
CD5FFC92B52FFE58BFF9E69B776E0EF5F79E55CBBBF9FC3F5D3DFFB07F5898ABAF7CDA3B74E74EC0CE20230561BF096E97E05712BFFCC59BC80539DCE83DDD6E54FE61B7747DE17FB8980BBBFB2BBD4337DF487881AAE6C5ACC6AF25207877B2B527BFF1CB3B77FA47561ABBD7F7FA7FE146A5B6BD74E3164C7F51449AE95D
310
B412200EC539418717E7F2F11B376FF62E95FEAF1442BED0581DBCA1BD2780D23F506AFA16E1A7AD974EF17876F00DD7BCB187A1A97AE51FCED5BF2BC1F2BBE5B3C19BE27B43CF26DE00933658FE129B109C2FFF922CC22C4260FA01BEFB462A77DEBC35F42F600C3F5B0795D2E9E02DAD5E650B4438A92801B65C35CBAB7B
310
1EE5041CE69D3B6F1822DFB873EBD6AD3B6FBC71EBC6C86AE967DFC2DFA4CEBFF1BF54F6276EBC114E2F43FEC60B01A0D440A868B2920E5C4BC10D60931ADCB871F3268B21D3851B08E1D6AD9BFD4BF57F7577909FAB86F29B982571136AF01DF5FE32AC3BD9406CAAF2440A54CF176EDD01FBADA1FEFEFE21FE4C9858DFF4
310
183458A9FD2B6708A5A5A137E0EE1D11A9EC0C7C58B2C73C0AD6B479BD76B7790CF899E287FA5B06FB7B07C9195B7851FA8794031EF1FC5F9406BBFB23375420286399B631E93B08022A785C4DBF9996EC3551874094D71B6F487E80F6837E50F483BDBDBD83232323AC420A18C68DA196EDDADF68A77F938F78FD972BABBD
310
B7B87FB164AC6FC2CB760365821ACB74AED44FFAD7E7431ECD7E08AC421F391D199998989A383D9D98E8E56F84A318C58D9BFD2DAB73FF5222C8EFAEF4DE7AF30D756E5108683DA471E70D0502099A7240F19E4089D3FD203E620F1B47BF43501E85031AE44B4B9F2E4D2D9D4D51D8970983FA861B3706FF950CA170DE82F6
310
B312CC4F42C8966295F7D725ED29882415DC055F36DEA1FE96FEC141493F05FAA9A9A5A595B333DED5B3D5A533F62183323032F46EFF13EA0AAFA5FBF7C8976F8C10F7280A014832593B90004D52341980D907EAEB73411EB2F1EBC9F507F92746C40E7AE0AFAE54292BAB2BAB67CAE0746264A277B06508168C94BF772BE9
310
765F7BF0B548FE1E07F3B5A521340A5CB5297C4B12811B89E82191ECF3E41B3259C529F135E23CF4C7F961FB13537F5A02ECCAEA76B5BA5D3D3FDF3F2FEFEFB3AA22053E5008833428DC6C59FA2F770595F311F235D427F379BB8A121BD901B96076A388DC4C3C61C7933CCCD770FF375A6E0CE9F535FE2534BF5ADD3E3FAF
310
D71BF57AA951B6D4CFEBFB8864758A26154430080B06ABFF557610ECC93726224F155D1471041E0D42F82F4891C926C1355B0831649FF365F46FF05300A7A790BD8ADEEB0D4AA9569A9BDBADCCD56AA55AE377F5F3F3EA2A34983A1DE91D810543138D7F28E57FF4E2B5335A3928B76EA1CB9B00BF158C8F63A2E788826896
310
D0B5E7C461949ECE089144F8EBEFC7FB4D8C9C4E9DAD60F7FBE572B416C2F2423ECF8B86C439E450DA970634ACFDA977629098D0B2FAF313A36B3869E37AF7853378CDA1171FBEBA95DF1E44FD5144A420588641B0055A79ED91CC0DC41E27064512FB33F1F04D09D0D2DF0203A646A6CECE80DF28356A348CED8C4F1EF137
310
B9319E1BCD29867CA556AA97F7B757567006A447FD375A26CAAFDED9CFDCFB2BB0BEEE8AA5911BC2C7F85DF88A3775389990AA72219D582409210F85A4E66F2987D875C30848023088FDF77E87F96FD7CBA5B9DCCEF4F4C9FC7C676777577B7B7B67E7ECCCE4E8DEE85E81A6D55AA3BC7FBEB242589CE8ED4770E785D7DDE2
310
3FF2587EBF57F50B9E820527316488E5C32D50F979BCA58207297E2B6D658702FFCD211840FE43FC9F3A5BAD9E97E6F21B9FCF16BBBB3A3A5A175B5B1787875B5B3B86DFEFFC687A72674F19D46A8DFDF3EACA59E405375ACE76FFA922C817CE86A89BDD92F400F2C55B7462F610459837D3A61ACF50C7471C8F2F2A9D38C3
310
DA2F068007F80EFCDBFBE5DCC674B1D83EBCBEB8BCBCBC3ED0D3D333D0B3DE33BCBEB0D8DA35FBF9F8CECE68AE020BCE61C112A4C1138CD47F9AD13F7DC6AB9CF9CFCFAF9D0E01FFE6CD503F5B91C5218E2899CA15098714848B04FCE5654884ABF0E554F11F6C21D73D5D5AADD64B7B9327DDAD8B0B7D7D6D6D07070763BC
310
0F3E38E8EB4310EBEB8BC3DDB347E3E37B5842B97C4E44A0C630427E5CFDFB71E03F471E12CA9FF70E055AE141042DD81234B879EB4606361D9328149037D7D76A571A7E974FA20AD0323832713AB5BA7ABE3B3E3D3FBC30307070B0B9B645D93C3CDC3CDCA41CFC6AAC2D64D0D579B4B1B397A7C1BDBEBD7D36657A3CD4B2
310
F44F4909F2B9CA597F4245C59DEC354316F0587020D0C661742BC02869435FD12CF195C422DB3C5A3E2305C000CE6B7B27ED8B7D63079B5B5B878787C787C7C7C757C76C51B60ED60EDAFA06D67B965B3B672677080BB5329E60E9B477847AE2E9EB53E35779FD37EFCD2D0DDD68AA355B6B0D81860502B8B68C801F5C697E
310
9AD62F4B406244CB975560BAC756AAA577675B07C6D03778C17E7C95CAF1B3ABABE3E3ADADE3CDB1B1B6B681014470343EBA979F8B90383545727C63E43549D14FD0F927E5F1FDEFD7263058FE02EBCD1BDCBCA053496BD58E69BC44F9F854D4D979AE9ADB908824382AC1D4014E9756EAF9CE85B6B54DB01F02F8EA5908E0
310
D9D5F1B3E72188C3C3AB67879B07C8A0A767B8B831FE5E7EB754DEAE5261460243FFF07858D8EF0D658BDC563A2C5EF5833C13C90B69248C4DD97842B61DFA7F210A2F6108A0F96B62E2D3B3F3DD939EA47E30ABF5AB2B903F4BE5F9B36757CF65021E616DAC6F60A1FB647274B4B05B2E5341B082D43278F67D8DFDA48AFF
310
9A13F22B34C7586C9992BA6E66CABC190E313E7C811AA57304B421A75B289B9D174CC868C24548823E230B9A5A2DCD2CAFE1F98E61C015CA7E96B083FC59F3ED06EE60F360B3AD6F79787ED278D0A86FAFE00BA9220EAEFE1D5DE1F7855939C3FCC1332426B377F692406E022C010DB437EF009803F0DCFD3B7C94440571D8
310
F2C328F115F47FD324802070BAB43FBA80EFDB92FCA1F7E7CF9FA875CBB327CF9EB08C4DE4815BC4210E2CB7CF1CEDECEDCED5B757490968286899FAF95583BF46F9393CEE6A86D6F618CAAD9BFF0BE22B042412C5CFB50556815CC5BBE33E9F61ECEC26A9BCB8145FD10590078F9C9E953B513FAE1FE387FAC246E14F9E3C
310
E7F5F8194BD6594140876B6B84C5D6799C61A16434201E5237582AFD75C07EEED9863F463284E2E13425A036BD41061259289B6BDC1ED656FC8B8592C9D00701E27CEA749F0D8EF44EAD8C1F80FFF8F8F9D513191F6803384C800097F24069C407CFAE88136B7DCB3D5D4A60B711F19070D83235F77331FD35E71596688903
310
8E2E0B346EAB7936C4162043E1A1F144093695443A570144898BC4079CEF1912809A3035A1D3F361235F90FFF1E3E0FB93C7E2750719F88E7D8E68123883ADB5B18185AE99F1D11C1238A792DC4BEDE8EC6FF503DF377E0445F68FAF4E08D43082D02170F30131A154206CC559A8D9CFDD762B31273E4947A581E0D9BB71E3
310
3FFA07CD02CE2A6BE1EC80167497F2A81CFA3F7EFE58D0CF5D5D170DE4F89070B0BC4040CC17BEAC6B0586C3D3FF0309BC06F44B04A1E13729929B4DF73C44070692C810B08AC3012E8EE9EAE22067796288C193B2139B970B86F47FAD0F98382B1E035D9C32FD318A4FAFCB274F2E1FA772F94411B0CD42493C23393A685B
310
5FEF3E1ACF554AF5F3552A478383374E6B2FDDFC4F6DFE38F4F4ED7A7FE838F488EA852482F412D3CB07E293D02C9F074F12E84C5AAC423271450572A385449844706475FD38DC3C22486A0639E5F1E38B0CFE93CB4B25910EF309A2224BD8DAD40C682C28341AD69047E8539A6AFC14EC573F7FAD10AE0FE6EB13E87B28E0
310
93B513B5803514DE408809BC12A14876DE0A25F643009E9176D9F0C330164285A7444DC8CAF0E9FE41429EE0A2F6A6DE91C0856C501272404A8468822E24C807030B1D33D40D4AFBDBABB411D093D88C86D7205E05FC57EDD1F805FA4CED5920F0CED39157E007CE21757C5DE440ECBCB46CD283E378029B43FB077B4F47E6
310
0E9F61E8D01BE017D7E843EB49F50A2028F1E442FCC90C9EE308E4C0C2C94EAE30B75FAD3A0EAFA57FE9EF960F14BE15638840EAF3BA490BB6850EDB38EECAFD21A0C746D0C4234DBD035EFC7EDD121FA585FAB73DB89FE6A03CF833AB0730E5E2F1A36CE3F202A128934B44E396961121E1F2C9F32BFCC0C140CFE22C1CA8
310
E109B182919696BFB98120234F61B59F7BF46EC30CF067B21A33B0FB3E402448EE266CCD93135A8E823DB31F85E677434E608F53F8100BC0098EA2FD6BC01770E0F2F2D1E5452A711C4BB8486248FAD756D852026B6DC90A2AA5C6B69E9068B8F27AFABFFEE8AB36F1D23985D5960014FD711940800B560250D2272CC54FF1
310
D3A660B275AC3881E349689C1616E1E9044129D032313509DE4700BC867C71F128C400159407C761022BA8A040F40A244788808C60B3AD67A17576279F6F946923191921B0545FC2F12AC0EFEFBD7262B6935679FC7F80629160ABFAEC88E8430E76D82A8DE62ACE50BD4A42FBF03B387B37FD321B37E31C3F063D99703F51
310
60E6C9E5A300CF32A91E0A085A29C0FC507F6C21012303C6104B82C1F1E156DB3229D1A855A32A8352C9077AF733A0AFE0FB3EF81FDF2F0F82C21B0EB06998866878B103305E31EC17F4FD43831E570A2118D1667632D4FFFFB125782F96168A833DBE78C3F11F8383A79D49F58F1E3DBC780417AE6581381E8610604888E2
310
913E12492881274822C221AD04CB0B1D273B8542837460898C686864FF6F801E8269F40AD0481DFAF5E6E9C1F3BE391C325004DF0746A4E4448F7B52C0D5EAD39EC46896B888C4210D68E99DFA2820DF7FF850EC407EB55C3EBC5028611409BFCB8889C90F1C52355AEF98B18100094C9D0EF6F64FD47E5CBF3FF5293DDFB4
310
B50DDD54F351446FA1F14580DC3902C085F593CB24ACC917B213BBC11B3F0A61042FD8B24F4FB9C4556D0CB9E1A880DE89934CE9607F18F81FDD950DD0E1D143F41D56110E227C250621FF098838042BC85B5B6BCBCBC31DD37B34966E9FFD9936A2FEFEA9EBA4182E5CD3E17AE35501FCE0707E5525A7DBC64DFD077825BE
310
37CE0BBE1BBEC061410C660B6E49912665E2B3749C7C9F93834022F74CDE6CA5EB501D9CBC04B768292C5CCB84478F3CA83074092C6082169015E5800D5839DC6C1B58EFE83ECA513BDE3EFB8EF1242D2D4B3FD55AFE03D42F8492AF8A3F21444FA2FA9ABBF525EAF84C09F0168527B0138A85D1EC0443C467B28BF844EAF7
310
6323BE13D7C11F72FED783837B970FEFDE7D7817E077C17EF7E2A1C2C0FE851FE4C008388C15E818958746129E1009D054B67530D6B3D8DA3D59D82D9D57CF70039FF50FFE0DE94089DB269C3655A4F25B38C49D0BD48E59F1526887C18FC5272197F85CA72862A593A4843CD25F920487DDF7AA0441A2C0600D062001F103
310
FCEEA3D8560CEC3EBACB01CAE5A51E420349F602191E5F901893142381351CE17047E764BE50DEAF9E4D8C38B6ECFFACEB141E54A6865A88A60133EE9CBB4C256930B0B168C1C3AB59FE1743FB422C7166082E934AFA5EFA3E4BCE0B69362FA7041818B7FDECE1DDFB4D022007CA23E521F0700AAEB5888BBBF08023E128B4
310
045381542FA256B0D04E28A0C3804E233A1BFB476A2F48FD135BAF9843BEDA3264EB42BA499601F16B566E72C7EA35908ABCB9176BBED43204C696AFD3D7B24B08D3AFA44BE243D88A6D9D0B6562B52F741E1610C0EFBBAF2B0829289A640EC4C8A4FF66A24430786CEBE1E1E61AF9507BFB496EAEB64F8F49B4129EBDEC06
310
5EC1F8A3F228A3CD0950883B41BEC6D1944AE06147289600A7726313AC69A3F91197F1438BCB743E76F01F6EF1D1C854071670FFFE43FF1EDED702EE5A14C85D0C42DF90B86068800659AC88981855E3E774A71C0CAC2F76754EE7CC87C808D1E1E0F6CF47FD4224731337BE1E39C5010823EE997B1491BBD99FC8D8EF7748
310
2BEB5EB2CF66499A8E0F7511B19B3EFBDACB6507BC78731B1B383D02FFDD7BE8DD9256F7D0BA7B46015941097B80018F700FFA024CC08078F51806100ADBFA163ABA8A3B95B9D2F92AC30BC908ED31FABE0CBEBFFF0279B675868F9AA24E9530B08C174055B7F48E4F58002F3E82F0BDFA003E8B431EB6C4A91E4D9B5FFB79
310
1265BA8827BBE5F1BCFA7F789F72F75EC800F8AE43FFAEC42F13009FB905A9A0132015D0068ED7682AC608BA6771038DEDB3B33082891FAB1ABF5614F93238079726B833958796B845B731FCB86316713C1DC581B1E19B424EE32674093F80776F7E27C6FBFAC85C536CD955B96EDA2A3FBF770FF4BE11845470EB3E42D022
310
000E0FE07D161811020742162444668308801E133A4C163BE68F6826A5523071CA78B2FED51F28F8C70FE4190073A3E5D3259D7A288CD19BDE623F10021BAB0C6E327FD507B2741627727EA00D31856492F9F009D7F152D930704E642795C1C1B336E0DEBB7F0FDCB79318543B25341F36802D64A981A690B94259607DE0B1
310
9D466BF8C1C5E1CEF9A3FC5C639FD6117B4BAEAB453F8EFBDA500A67E8BAF76C8A06566E36EE1184E8329419161F83D843D5DE7D8221163E145F56921C3EE383978072129E290A9B7166E63D26BAB1FCDBF710009E4051842390031845F20077CD079407C575F20364C4910ED2A574BC357630B0BCD8DE39335EB175646A69
310
8458F6A346F003A93002E846FFE0C459B8006E506D79BF902908A0AA05CB5E73530E33BA1D3C2EF99C712B7C8B41DF4D2A7830BE8707485FCFAEEB85A09AB6D39BBF7B4F23E00509C20DB04E240822A4B810E04D8D53D10D504C059ED86BB8697F514777717A8F8144D48A4C89077F7EDB00E2D89DC02A7B975640A282C49A
310
4AA84B70B12BFED8EA6584860DFB7EE23FCB00C6BAF7332FF259FA3C9346508813E372F1DDE425065BB61FDF8300F7EEDDBE8D0C6EDF46F7D8823478590AE23759D60DA6B7A9F125EDE8F4A5D2B37470D0B63C30DCDE3D3D59A8D1501EB1B0A5377517BDD6E301F995E3F955F0F58FAC2E81CE172A8344AC03DC6781939D24
310
84B8FFC15E8F3ACCD3954CE19576B942D0A029188EC7013FE59AE90B71292DE774F1F63D60230180B30A2EDC65291B6211B4081128856001A680015CE000708254891851D4B3BED0FA4D7166B466BFF1D2A924885AD12B387FC0FCE6819AC3AE06A7AA4B715F0927B74D119D4A668FB54B8A8C268D8B038A207D10A7B1E95E
310
42195B695BE0240F7408B311257C23F581E987C180140C584A02B1670CB817CEC0A080F259F1360E58452013200E3EC107AC1DF4FD7B0F6D23F33347F9527D9F51E6138E31AF35F1BDAAEEEBA3D71BB402E2FB47CECEE96B4DB85536772B07C82A34F3E66D0BCEC207FEB9E70643761276F7B50D5EE963CFF80C7AF4A2130F
310
5BF8C4EBFB5F07B709840480DBD8007FB7EF3F90104908BA457D43AA2A6A02C91422285E5AAC143F3313A0CB74D9D164933B86C25587134E8D342B453FC982860D09FD13ABE72055ED020E85D3E312F74C25CB0293D978A1C4001927C80B86FD06349126EC219F0C735C8053D8F5F310817EA01F1B7851F406144C211C6362
310
C27DD51F1E310C0102280ADB891E9B085CC528A2B1369A46BA195B9A2B351862CE43174BA73FB7CBB430A5798F4C54B7333B96C3224A9863AD02B9FBD8E63092191924E77C199D92887DA594B6DCF0112857162FD0949FE6A441F5E62E42FB2105BC405A2301A3424601DC807912CB2C39C604A27908021CDA30C4C8C2019A
310
883B3A8BD393BB3546136EAF561980FB63E9E035FF73B96D09A905ACB2C11D79571C5159026227DDBDB81396EB03F14100BEB66DE1FA9EF82C3ECCBE318119C4269FD014E66361FC8BB0B4EA9A98EF3D8848A01360430284335004C183CC25BCA82D2302EB03B8419241C64DF4F5ADAF77B533BE786334BFCBB8DA72BDBEFF
310
C36103AFB30608A0B39B58D93F0BF42180841DD26BDC22CF0A770E90240006BAC65197D90920131C7B2EB3CFD3C71C6378A305EE8488FC1FF8D391E2BDDB0F6E3F45E7C8207C419800DB410073A3173942CA8D5242642A74496FF115832A6314D9FA4257577BF7FCF8F8E8CEE8DEDE5EBE76DD3CF892BA7FB8B90F629431B5
310
525E92A15A3A4A6FEA3FDD73136172060959206591F4C927196CF645AA285CF3014630121754261C0D31E1A7E3DA2DBDB54B04703BDE3A4209F02045C4BB0F529A14BED07098A2A1CD47513DA64B512F409BC01663090796D787173B5AA141B1B39BB470EEBCF1E30F9D263ACC4D05110797CEF7B923B027F089F74D1D06F0
310
A4D8C0CDA6604023FCA45B76C5CDE0BF3845ECBE13E0C0ED73700A8A753C1AC8AEFFF1B407FC8A20F42F0D94019121DE304077A027D4112283BB8FF0072444D68AAD111D6F591BC0061854BBC048EBBE9E81F6A33A95C21BFD13AF3C7E7DCDFFEB0DE8903F77B41DF178E99C289895B0EA8CD640549D68935BA7C5294E0A1D
310
66DA0CC419BD398E6265789CA1241441AC94532A3C19C95340BEFC68703077EFC1D307B71F3C500859C11494838E902203A2BE90EACC5135B80B078804340C920C2300BCC06F7A1C71B875DC572C9BD1D84BD5FB9363CA6BA7D03E5C40FDFC54FC23C9B4B9DDD028787D89219038523BF64E638BB37CC25335937A00DFD328
310
69C5B390C8C32FF25C8C47A7181B4A599A224A9DADB0E0406FEFF9F183B7448F081E3C55024FB33828784AB61704482CD0160C04174F9E33BA9291D58C2F1F1B1B3B5863B0D9F3E51C35C253D54A23E560E2C0CB3A6F7A81382601C2079CAE96B7B1560D20A341E85A928A4E01083256420576C2ED477E2E565FD9223BCC69
310
1CF394D3D8E281501E0EE5C1C8159E92585D255CF30CC854C75318006EA4A01028EC853F9407C6053910BE105348324002260254886C156260F9189EE0F8C9A3CBAE9D5A992184568A69D5183A7DB97DB089FDC57AEE54F858FE54F577DBA85309640290F2D220952620750C5811FB772A7876D1E4040FBFC6474D51246D8B
310
3FB378283FB514F8AB3C20B8BF7DBE5DE541C9A5D3D38DDB30E00151E02523081BC89C2214103E0BC1B3D0199A08E002681A2613A2616CEDF0F0F9C5DDC75DA395C25C0309C03DEC8091A4AFD3FEB504AAC6633930556DAC86EE3561941E862C4A75DD6B6BB3A0C59BE153DFA73EDFCBC3CE2188D3D378FC976D0EF9A95B7C
310
8532F527CE3CF539581E0FE501291E9139FFB65EFF5DBD8E0C18DE3077170A64E033FD278F18068028802F156C3809FDEB11B1019C208D020C9BA2870457F0F8E1FDC7EDD393E3B9FC9C4308E9315704233F960E554802C14716B0B45DAB5EAB5E25AB7830EBB8D25E6CA94E4AA01794FB1EE164FE9F040FE82C940A4BCEF9
310
13075D087E85A7237D3CF29C47E4E676777779528C4781761F0BFBC1D3A77880E40C9A2E5109180D5255317890394229F0F082010354082D574F1E3FBAB7D6553C2113DACB97BEB5526C7C6F69F9310A94C46CD89FF8F379AD1AA035FD00FF3F320180F01417A6F255A3A8D86319FE0C0B0E06A0DCD33F79841339C01E5BBE
310
1911AFCFF7C1E0A540BFBDBFCF2372352686D863F83F59CB6865F43104007EE06F52406F680341102048A01BB048823082CBCB0B6AC48C313F3E7CFEF8F2D1FDC3D6F6F9F9D9E98D9D7CAE5EADE2A6512FAD7AB526E17F600C85550DDE9ACFE9D97E694513103BC69F8A2813176032C890C1E9C49FC09C61670FF8705B1D73
310
86260E7C8E7122C7F8208A55139E8C8D4763F7EBF5728DF9C34677364E3A3F9AEFDEC9CD95470788834F9FBEC512379890B38C94205B2557987C4186DF5C0837608DF0F9F3CB87B7EF6E920475752A01460E556919B2B64296FB9FB70DD5F47232A0F77465BF140CD001F00ADCA175090E2665A14E6329B62660E02A1CB50C
310
6025E3DA252A670B3F0FFAA5EAD94A509FE7036B159E0D1D9F2E76B7AE1FD5A606198D3A747AF450023CBDFD162278B9446688111009B4029B0F2180AE20A542D40610C073B47FEFE1416B2B12200F3C991C2F54EC2491027A816B0A34A9D05C6F437AC23462385DADD75642EDDA738AF1600DBE07EE8437804D2D011A94DF
310
71C2085EDD40266A407FFA1D1C00B0C03927E60338E3B9D8C47D1F8CAED578E06F7CFAA4BB63B175FA7C301B747CB377F45192003CB8FD34B12009224543D8604494011A80C1903CE0518C986208E1C5FDDB8FDA161686873BBABABAE74FA637BEA894A44078C19696F326E057D7F95D061A6B0394A9D5F2DCAAFE4C2388D8
310
A6E9AB7695CB0BDD0A332430F1A9333DA41D1FFB97FA09AE84E738C75C407C260408F8DBD5EDED7DE1570A7BE333C54F16963B46AB0C2B71208EA3D16EF4EEDCD7005241166C005A73C03164792151205C007288AE337B4D7103741BDE7B7AC913350B348B2D767515674EC6F72A0402BBCB41C81305AFCF05F2758D3ECAC8
310
D26AB97606DB9581A4B7A8FFB068CD5C0604E6849046B70C2B60FF0CDDF93C13822B4E82FA0479A68220E66D9FD775FB3C1A9CDBDB9829B6AF2F77EC9E0678FB20ED8D1B1A1A39D10F9812E20D6281F5673121AACAA9C53424000DAC173F7E18C3052EEE3E78E7F1160F5AAEAFB70E0F7775CFCE4EF384DDEEBEB9C0889D52
310
43BDF557559FEDE5F17AB21E118C4C31A3DF6A96B56AC62180293910ECD6B721047664BCFCC6B2DD3C65CA0F0C823DFEF84083C7ECCDF05898EEF158F4FEF97EB9C123F1B9D1D1A3D9F9AEC5F5CEDA84A3C96C14A55584D62893D6A54D8D2028D05C8B1F124884543F3223B29D208B04910D3FC43F5C52196AEB5B5F5E58E8
310
E82610F08C21BD443801233C0CE8BD1E40F84A1CA86001990048031ABBAB11EF83F9283EA89F181F2A0D9A9F62D94B7F625FD727E6A93F63F200F614F7CF100D4511C07DB45FC5F0CB4CA359ABE4774631FDAE85E599EA0878A3C33D5AD6430CF4C055EE5FDB80629000D7855DED3F436F3B61B3DC7FFACEFD2B1BC6FB0696
310
312CFA477CE87A87070C7998E04FBA78AE3F915A065E819FCF35B410321D9ABB308146A11AD5196CDDD7C477A171C8AFC74B45CBC6F641AB53C8D4ADA5870C02379BC0470CF83DB55F073E29CF5CE5F7A3F8FD62EB7AEB1774C2C6780B9523F9287193FD23DDB79FBEA513B45200E2E0C1B51350163AC19043C600F2C1DBF7
310
DEBA7BB9B5457BC0D840CF325EB0BBABBB786D301437000020004944415472B491ABCCEDAFC0591201CAC8EBFACBF367FE7B6E40E69F551BBBE7123E3C00AC560CE20C62436E8C3C54CC225EE08C0D74CE26148877689EDD004FB2BFBFFFBB984035373A7954EC5EE8591FE531348654514DB1D1C56411DFA2A7C212BE5ED9
310
1278F2851A432244C6822C29C85A8B320ADCBDFDD63BF71FD32648E7D098CD018BC35D7FE89E250EF2AC75F96C15271602687965C844B8807C6E7729D93F22E81D39ABD62A0820C1FE9F11CFA7208125D33E96FD69E83AF6052DD32D49FF0802CD9F9DFD39260389A950887A647CCC99BAB17132DFB5DED35138FB3A060F62
310
95AA5E195BF0BB56495A5A4A8FA440026E46A047D40ED2520A441C302D240F201FB8F7E0EDDB0E12A04D8816215A0579E8FE1B1281E9F19C9900DE79842E2A7CCD48E9876EB01C75DBA0E0C8D44AB5512947A00BE7CF5DE9E1A6A6BE43CF1A78783DFD5A404E4477336C1ED8B18908B2A847B2AFE9839E891137A6673BBB96
310
FBBA2A4B8E9373B001F08369BA11BE8ABC4302FD2345FD6014A127068427D007BE28B41D9B0D40FFB7EE531FA673C8870A69135B1CEEE8D009C08042A5B4EDA314920B635BF941E7487E45256439DFE9D276295F87E698389CD49FB394FE19720412DEDDC40E9CE9C6DD605E0B719FADC416CB15AB3A61F9B5B9B9426E54F8
310
1D8B03DD950946D432B40CEDAB7BB5AF11213CBA73C9BCCCDAFBCF06127C7980FE6D1DC9B4DF14832D6568FEAEEBA76FBF438300B541064ED33F3AC0B0D10505306FD370AED02859234402F6C3FED006766DDED2034D90D119057225EEE3DAF787EBF30EC51ACB4F551678BD6728E1944730C095F13E4D81A4DFFBF67C5BEE
310
37E62A85FCCEC6CC6C7BC77A5B477E22223ECA4FCC0F87E2A5E3EB782BDB25B8CFC6736A044DE5A7CDA604526361D650484FE283B77EFBD65D52C1C73C4F48E7D0D81ACF572F2E2280F98FB230508FA906B42DE240ED651B301CEC83DE1790C9FD96B6CBF986BECF3BD332C18EF627A0B6EECD5B152E02088D03D828AFFAD2
310
6B05BF671B4F9A09A8CE0CD2707F67F2A4B3BB75B9ADA331C1305BBAC182FB4A79820B7EEAF73199B8404C0B81231CDCBB871B80FC41FF5860E8E108222A1A076C29E6E03B6F3FBD4F1F295DC457573C7ADED636D6B7B8C88413DDF3B327E1046AA51040B40CB50C7E3F1D2E44DAD34CFA604029BFFBE714DF0C069908027E
310
B275F1F366C132E1A7450B04011CF82B2B647CE754F650FF6E25BF37AAF65B7BDA16CAA791F1D09F6CAB989EC5AB7809BE145FA459E8D3E4B0FB47DAEF093B946FED585B80FE1A0305FD5330FEDB4FDF79FBF6BDE81D8300CF6815E5F9896552412A03F31FCDCC7CB5E32365550CD9365FDCCEC8752E943161D78047336F8A
310
F6539840A1F2E764FDA2970999F205CD2BD1F5CF496571F76EAEFA0E1CF8FD2A55FD06391F9EEF8B9DC9994E72BEBEE1FC928E2F223EBA0FBFBFB4F2DF137BC894B8087643D64ADE6EDED67F7680FAC9060239E845FC94AE93D880F994FBF71FBCF5F66F9F32C292EA900F9C1E6F1105E81C5B5F58A067A448143842008D72
310
75EA3BBA3D2516FDF02FF79260020D6B3C714711F3CFB61BFF56A826E627E82256F7400FB387FEF23C1C1E77FD6A21EBB1B2B35F2F95E7760BE1FA3ABB3A981423477517EEE36FF96F122B942F6FB64D9502BD1B9089162532A2FEFED255028FE653C9F46FA321E0B588B7DE79FBED07C44106CC85133CA65190543004D01D
310
02D8181DDDA5A9C91A7110805B7875B689FC3902200FB192E7DFD936B37B57D9C338BD49E99E181F4E5FCAB2ABC1CA7AAB382CBC7D515457CFABE6FBC63D525E5CDF74B16378B9AD6774A58531912D232DF01BAA913DFB7D3AAFF912984302B84D0500077800D26C60A4742101DE420C610C2E92FA93056022EFBCFD5BB6B3
310
8651470CD33BD87630C05831BA864C85997B8754B05167F0706499DC442FCD22592AEC2ABF3FF13F950039BF159FA9B36ABDB2778EFF83F70972B83BFD3F4899E64DD8346AA495CB155A7499F2CE39B0AAE755125EB84FD8CF8D8E4F4E9FB4B72E8F1DBCCB98B31BC4607C2CFF21C8145FB48EA0F2159F86A3098415609554
310
DEFA7B27EF1301033DD06D274BAF6821D220DEF96FA4CBB60B3CA241C021D38E1AA76B4406B4767576166766A6C7F77273F5F395291BBA19F64F2E3095C14F3E60371827741CB27E89543857D6D96BF9A47C6A9A26057840332EB843717AAD171880217B71FCCC0355AED3D4819911F79D0EA8AD6DA31A83E36C5DC2D47029
310
5C011302387069158F6C9966022367ECF1D00BA9BB95C389AE7B6105A1FB640689033A7FCCFFEDB762189103A61C3A4FEFE0D6A6B5A19EC5755A443AE78BC5E9235B047890A65919A0D2F96AA3C01CEE913BB3ED239C3E0CD8DDAB99E4348BF3F8B977B6C43DEBEFBD7721A839A63B94C06A10DB87FCBFA3C2932F8C26F88B
310
6D6BB30C3C4E09AFE40FAB52EFAA1EC0316920E031A46D65A0FFE45A673432E907FBCF86717AC04F2CD0EF512D665FF53F05BFCDC43489F150890C60A8E0314E70A06F619D30D841189CA15D3417F3CD50191AE4396543F0C42BCFD696C58DF163F5B46D708BD5FDDA5E5E5FDF9401BC4F7E00E8A17520833D1CBFF495B5D1
310
CE037C664123EEE74737268B5D1D3DBFDA6AAD8C08DF2C0BC7A737E10AAB2A7B958990CEBF556CDBEE823CB09FB344143463C630CFFF585D330CF0320E921744A7918280FEEF981161008E9FBC78C830217A07B7D6985E83F9A79884ABB5AB383B4D7D788F9FB3D867A2112A43F19042B33A108690CF6F472F8661CFAC9714
310
78757F6E6F2F7AEB82FEA85E5715941778B278281F28C268AB24BDB470EF3303E09C359E9DF1CF990D8A096106E6A66C8620DDE7D281DF0B2831F20439A30D68386CE13E002F7EDA8D7806162B205D6A19AA1FABFD6B1B400EC2BFFDD66FDF7E8755B4883C043F43046C1326136680404F1F934EBDDFDD39CB58A98DF1BD78
310
80E0532E671FA1435E9D6EA5E9071000BE8F262E7C4044FD95D5FD526EB40A05A634775F32205C3D779FDC168CD5E56BF982508BF572BDA4F6F57D3304BE9EB18149461B12F760D7485891CA47CFC44909136FBF4931716A2E100123FC6CCAA6A644F25EDF4AC980B14039009BECE8B798BF69A05DC5B6885CD23F8E13A46F
310
F0C0A986D617F001C52241801E87C2974C31411DA3A5D7B6175472763D637D3E57C33B908F867F4A59CFCA7923375E5F027A983E18BD7BD4E6FDDBB2250C1529F4202EFAAF979DFFB1F2612E87EBEFEC58581EDB9AA95AD1D7C1905F7305BF8182D5BBB524D47C4E3B81CD843220DE1E6536497C0962C225F75A2D6A998303
310
B23FC501F0B3F736EE1FF01200FC8C99F5515207C9C40081DF304C0A17D06E26CCBC5B3C47459308178301FA8057C2C0AE9D99B05F038828B08400F2E3251254DD7EB8BC4853B101F99AB48E387457C96951E5DB670648BAB70A7B04FE93EEC5F5B183F9739C98952C6845C380D401B8FC86E70A20744EC720E09D35955D96
310
A9041720196D183AC2CFE6AEA816652D0234883D788BEC8F5DF2615261DB031C2381092401B48D8D2D870FECEA9C3D99DDB036C8A051058030E32190976718C89F031DFBFF2EEA3D88606A8A19BD0AE305BDFD12BA4FF46F1A0002B07137989C748936E9DB2C91F43B07E4E4D16C3779CF5A4FFE8CC981F07C29E34B7C012A
310
F0054FAEA4A6A3D49D3A16D2B3CF220A029003366663053C89B3FB1827080DEC2780076FBFFD8E39810CB0593CC68B5D9009F2D400418028B0BC6CC74067E7C9CC0C2690FBB084AA5254A12AF63543B35EB40D17B693F7E3464D5094C00AA9E04E0E0524F5C35C5EC6BA94B21AAF2440725E2A9FF94FE7A8F0E769EB83FDEB
310
039B631B18BF396F5C13CF89ACC02C387DA56DC3B1CD84B96CFAAA37B55FE723B611062258257D331F186AC93D8AD600B4FEF4AD777E4BF68F2168FF08C081A37AC13446C859964803961928476D78F68419390D830C1935B5C2A0A22A3AB17D3D6428BF12DC373B8D464E04C0A496BB3B3B75639DCC2500E0F0B15FB6F47B
310
5A7ED0183A87CAE8D535F2EDBD4B3B7FC762DFE65A07C30B2851DB890082ADC07131EEEFA3DB7DD5CD32C0860CA83CD4B7993A175F422A8149B1C1D94C1145059D9C78A8A572A90B7C8B1E3392FF77A80C50220880FF3669004E90F101740D2B808181455A044904674E7482CC3EC85C4BCE339404C0B0BF6A5611E4F9B815
310
7BAB6DE327EC9BFBA1B4557ECB609C1F45326499EFB90EE78F18227F09E563C9E63D847EDB3B68EB9C39E95AC4F7ADCF7D87F6752BB6912040281E4A0D8A8314E80D60470999B8A51FB1488A66A9F3F81FFA61C83F4FA6969E472288FADFD61B005E0EA4284822E018911828E868614DA0C36E11F3A051070BF2F0840E35F2
310
00E2C0C80A776CC9E7E6841C0503D0EDF15ED9AFE527E798D23BEE5F0604E58DFB7099D739BF0BA5D332EF29F1535995BDBD0DE681C4F71DFE6A7AC5A13554AE6910963E9ABC9A0DB5B202225545F5CFACC942B5B93C207352B6E5310BF349AF200175D7DFDF78F6D683B7C87E087FA9B35812C4F8F13452CED610A2207541
310
E6D659A739441F3833CD0C9C3C3DC2B0712F62333C4FA9327C9CA1124904B4FDE0FE21C119776CB0C212AAFBA5CAF80EB43772ADFE77CD9FA8A4144C54C2FB2304C65F62FC3678E4F6C68F30FEE1BE8383CE7DB86F58B1AE0C51F0F055E188D02F00911DDB0991832228B3172B3E623E513FF1734FF414A611A603163F401B
310
EA790FC9FF7FC3FD3DB02DC00184145B850D01D120424DC03C00FCEB7880EEEE939399F1F18DBD4AA54C939899304D913CC2D5CFBC55E50C7FBE4C0E14AEEF53D6843DFF56BE2D554637EA047D3C210E2C61077875FB5B40E19F43AB7470CAFE1C0D3ED3B3B4778D1DF6D4F837C08747180FE8394F2CA1E0A46B6DA62CE2B2
310
DABEDE0B1924098580FC16B369730E9E90541D3730D47FDE16EE1FFAD3419CDA05ED1F2715C607F2E81893AFC5936303F40EB776F1D808BDE393A3FA401E1C706E154C892860AD74A2949C409E28A8FB3349C764D13E4D1D3468952B7B1B35001BF41142CAD58D6011C8B78961EACAB66E9AFBC627673B61FFDA4167950A27
310
4145BF11EA17BA9AA60815C2C43AE1F648E3772E53C94E6364AF826019E723069A8AA353A3BF7FB5359281700061FF64C28C10B9AF0B70B0B0D30A31CD1CFD22F68C76DA1E44558869257892363C091D313EFA46B57C3BEB252E9C6BF5B4799EC58F1910F469E25AA17B343799DB3E33CF410061F96C6D63FA91B1000CEBB7
310
D2971BDD39A2A76361E000F5DBC1688D47CB812DD60F8001AF25B328D173A9E4BAC18CE9F1F628704330741B2649B92E9714447C68559C6CD2F681919367E4811100750058809D0230C087A89FF3C80C23C4C60882E481F48D531764BABD5CCECA308DE2F63D3BB50373D630796126803C2D1FBAC148F7592881B395ED7D26
310
B7DD38D7096AF98841CB37592561D9C6565317AFBE9FC4AF7371E060736C7635E0CBA1809FC80F544DBAA1F2F9393D970D44C0615A0C6930E758B9E63AE690F73045F0C8C0731DE9CD80F718E94652383458799E02C06D328010011C7090D8C5E5336A83D4059953877EA1E1D66FBE994F04608C4C991917230FB61F9AEE18
310
3A40AB9108D032449FD1A7283DD25ED15360EF7EA9303EDDC0043403531EDEAB10DFF87F5E2FD56DF0F1B701A9F614DB17FA0E0EDF6FD0B1622A81FA3D1DE5A33F551930335C353A87F9AB05C60455193448246944A232C5D07636D864CDD7A50D0B4440CDCC465D1C418321F50E1648D500294065D869559EF3C40C8FCC6C
310
323E989AD0F0C73142480B200842802C061008B480A9954AF282052B3AF67350FD0DD30D1F4075AC303A5D490250F5400ACF479656861E4C77AFF327F3EBECA4B57B6B6C8FF62602BF150744656A87DABD7BC6BED50527B2120C001A0B3718C74F0C65CD34F275164D7968148DDF259AB8AD6CA81CDA4E8819509B996A7F64
310
2D987A401A2B04018C01E6C169A8700F9DE3B489DB2BC49C9B7B858A4F50D22AE15428FCA4A1EDB20C83492690CFE361CC7F8C8066FFD0D77AEE797977F468A36E0B0DFC87F90EE6348BC748F7CB73B5B9DD5C6EE7AB19ADBF6DF359F1DC2A0F9E44F213F8041F64274C0859A2AB7C37440FEDDD2F95BE44065F22067E3EA0
310
CC3BD8C0D8194EAB291CCEE20B9CD8E02950AD806080047A279F19024C837C848816719AC4A34DF8F0706CED904E8185753A458A27E4C1E37B5F30A104932BE140E0BF4E400160F320B054A8705042FFC47B4940810173F9C9E97240C7FCC3F3813EA239B745DE9F1B1F3FC2F9330374DBD1A7B475923F9A2ED81716D18D1B
310
577DAAB9D1A0458655AD3CA7E211867AE7C702DCACCD291E0F798013DC01BC326087775C0833E04EA3778FBCB8DA4687A0255CA0AD210C15661E4E92001A4449031D1DD27D327334BE830B64DAD90CBF537A45FBD4E94A7A88888E715B7E74FCD040E818BDC1BF5AC609CCCC015DED23877080FCDC47BD8EF3A7B783A17D33
310
F3ADEB6D6BC7AD75EA7C7852C5B6FDADA6AFEFC2D181C03F8C40DD8A4AB5024F0B72E34B57BC1182472DC80946789AFB711DB7F1193C03C893B0345F420246114D3EA71D04FBA731C0DAB0D3CD311B218F0D5A15ECC105D02F3AC32F13600084731A83220040019B03180634B5923D438300B05BAC80881F061095FED5D572
310
A3323ABD83F1D37A2301A8C930AB3F66ADF7CBEFED30BAAD7D78A06DEB6A87F15491F5AB7E25842B6B34BEFC12C8A159F187C64B3CBD2356DE5FBAB98BBE9583F0E3280C0076DA15BF34C15238145742B07080B1EFB83382F9FEF2239D003541041083C5AF9EF3C8944DC2030BC3ADEDDD9D27475800693049E05413BFB3FE
310
B4308731512F13400D06F813368A0101D8D863EB3E75FCCADED124F532AD3F123F131AB46A93DF1ECE7F96CE9EB6C365C6D6A07EEC461FC919FE288AF7AE1A7D012D291EB073735FF26BBB1C99FB706E972192819B7A34BF22424BEA1CC7958AC2E04BFC8E02DB90A4A1DD04811ACDBC181037864672C78F6C0EC3073A40CC
310
49D5E813593B7002763BC6A909D31AC86F3F6E335C9E1C309BC58F16418642E2AF6B290A34FEDC0CFEE08FCA0F56700699CB73B9C99302AA17BD516D7F1FD755A2B32B3FBE7134D3BEC813195BD355020A7DBB541539CD2C06E45F46FC0EE08293E6C0E1972176D9B678340AA1A4823404EF79B1E2347E47C35D0A2260730E
310
0B513025DC0BD1C07E3366E9B9D17F767405FB531070700035618606F0B40C73C974CFD321B0C174A80C0F3AA54945FFEF348F5488895713E89B5C98DA501E06D8D24FF04FF0CD7ECD7BAA755A854EC6A180AD13BE094E8D5D63BFD6DFA5F5D3E4DB1BA18FD8473DC6E17FFC9832B71A2A94D96E808BB53F9192955D62C82E
310
282B05168AA0927D54AB20A20A74800B7CC9655C8B15F62377CA4C91641F9F4D0478F4FEFDCE273A002CC0A725EC165CE3A149F0333E8E9600B2C05A7D15FD831F0938DBE5D0FF13E3C0F0765965A0961C3FA86DEEB0E28304747BFBA5FCDEE44C23544F7BB7BF7A132DDE34F99E44EC3FEEAE92F667A10F7E90B0E8C6442D
310
F5A5318B0F816311DB2E6DC6F172C363FC800EE09186BB9EC82A24C0117700CD884AA42023B81EA6E0CF8B3056411110D78606EBC5AD5417B45BCC8E61EA01C4006AC233933E35D860BC1B6CB9C9CCCE7840D2E0C1C1FFC11CCE54D59300F2B47D66A10F09D8E24B71B9BDDF98FB62A3B897C53EC88D16D1FFE8C649B17BB8
310
E760EB20B784F52F992544753F2CBF642CD3C9C70D8722C197142C567E74FB431EE248A8F3FC00377F5142144A82FFC28AC2970A780C85A7EE9146FA4B2981F3C93BCB0F3FBCB6DD3DE69C72B6073B99140DE28B8E919D9D9E7C2F5FA99FC1FFD07E9AC0965CDAEA0A945FADE52C791EA989E8E7A21A355FB37E44405D171B
310
98A6E946DB26AE71DBD01FEF07FD378F5B4B518724481820890E7486E3FCE61A60E096D577701890EE07CA5D7F2B086040749FCEF3F81972E510A86359C9BB579883035887542090614E5C4461705D7CA1CF84DB564838606CF1597E8119790D021080C935A908324EDE9F60A04B7830A33F0670CB08605B8D01BF9A3D4356
310
93FAB4FD84EF6754930640C1F9D74B052A7ABBA9F502B39DA3BF6BC7514EA4BEC71D752BFDC198EDA8DFE8F32B3EF811E4576B0A2074B99B070A069F60173E7427BDF285024E35A4418B7A412914F2800F1965C4F1120A2D5D2C64400563D5942044807BE7C738EBF3034C4A6F4D70C04ED1F97673C039FABC4CFF18866E08
310
200BB66BDC9CCDCC3FFD1E43BEFC52C317F0F5E64900FBFCDA4DEE68768FFF46350E0EDADB7B34DBBEDE3776BC55599AF84E312229F931E700D04478D66A0D88D09B2276141AF0F8811C5F8067DC04C0F90929F7F1AC9CCD368488AFB965C97B855A3E2E93AE5B4866502E55991B82D4388614F2C36B8484A5FA06E3EFFA98
310
4A6AF17D5C2073299D9F12FD63826F67FC460E54030981684E9FBFC22009A3006962285FDF4FC84B699FB5BEF3736C6072F6844C15EDF25883037DE6BB7AFAD6AE164B367812FA8CFCA6FA25725D99AEC5C6EDEEC64ADDA2BE0056002032E1D7A20A54CF444E360D520A5B69816C0A953CE0434A8A898BF18E2B704588C01B
310
DB2133342F5404FEE698957C200EF54E31BE6DF4E888C9C67F5F3F1B41F922777E7FA6332677C20098C59F762F5DFE4A23F9801A3BB6F8A4F66E0D40EC867E92DEFCE84C714FC7CE8DD3DD3BDBF9C781B1C3B549FAD2C89D711808CAB100E09700BB85240374A7209212F320CA577222A7020E7824500179FC7096C714884B
310
DFD9499E027ABEB3CB0226CD293CAE6E0C41A6788F396606A073E28CBE5CC67D584D36CA39D37974FE1023253E3FFB007A26F657FFC901D851130DDC2BF54884F20D5D40A0B7E5C7BCC7CC87B84F2ED820192CCE1AABA1FF24ADBE1D03635B5B3B53D4A5F84120125FADC36A0E792D3AD7E255792CD5241A4C84171F110409
310
0017DA493D0A7790A7BDE6DF326180398E4B0DEADA5C2763825E43E05C388E184678C88CE6422606C017F030366981353DF03A753DBF6370879F79889DD0BF75408724DB53C5B0063AB6568D02DC47AE4627B58D7E367A6000267E7840C23A0940B992DB98ED1C4731B4FB4DCFB6D3EAFB6CAC7646F0335C5031888CD74E21
310
03380260AD47176D703960230370FBBF28813524C17FFFBD6288BB28E4F905ADB4A788B40B4A6201C1878BED224DE9906C4C79EF32EE679B9F5D3B5DFA137327320643909A823F62106CB8F9BFE4BFEAFF0FC7A6393EC7F64A698EFF8ACE31BA05ECE6DAB6DF124118D1D13F892F3D3530602E3F3ED3D59DFB821ECFA3D9AE
310
85B1ADAB9E328DE738BF55D5DFD039445AE76D0194180F57B15BEE5F09C07F952F9A10372BC894CF7DA12CF6507E2A8916E0DF430C519485C55D61EFE209912D8C32866214E121611E22A0B1238DB18E86636A3BFAFD5B4EE02FF1E505F902BDF424D0516907BFC95EF3A76B6B3872769D67E25B548F0DA46E2B93DFDFD5F2
310
B9E9EEE1EE1DCC7FBE6380DFBF38A165CAC73DF912AD76A4690D2B766A3EB4AFA2D05BE543EA20B095FB17AE3F1928D84482049B659E671A4763CFA567C08824913D37F2F92F841FC244085C1681225C04AD6DE1684831682CE0D6096B56101C0D4FB3A1BD3F11FC1105AECF5660BD3FEEDF162B0D9DEC6DB55AF27FC98050
310
BDDEDFF63ED14B01336053A19DE9AEF5F5D9E9D9F9E19ECDADCD497BCC57681922F327EB41FF681E17C1921B04FBAE371AC69E53F98183E91B84897A5DB164158BD1D12FF6F6BEF0E02847727BF2628F9FD48B6FB11DF6928C868B29590A0606F92140D0C08850DAA7DD8A5FE8A50389F61288AEB743E9C801BB67DBE0A7F6
310
4F63BC87770FDF57AA73FE1F5A84F8DD3AADDFC32087FBC0A7D645C327B97D65E7A8BBA76DFD9BCEE1B1CDE3F5F7CE4E6DF4013ECD7CB60BD1239E8A4E9A5722AD9C4FAC8F7FF17B214AF8801950430639A08E3ABD05A0D94E253BD5951C885B0CE750309070555FF21F2EF83FF53F4E15038B8D8A244740A5C9CBC120043D
310
A0B323FB1DA0A4EDA268C05A304619505000BE10415DE898809DB6B66896E60AE347ED3D6DC707CB7D5B5BC374A158EDC343D0EA61C217D4878CBBDC1D85686782C3CF4272E7DCFB5E9EF628F5A95AC1AC0C6848F5771329EF8DF2BB79EFEDEC8DBEC72EB7F245287FD4B31008AB38EA4D52F2BF57167159E3004CD8950E21
310
7DDD6F699FC763E9D1A0AECC701F7BD4430A3E030374066938F883C01DE40E7DAFD609345E33570F4CE6BE467FBD7F793B5AF2A9D331D86DBA7BF98067918F9FCDD609A0384B523F4413B574B818C6889FAEFC5E7B8F90CEFD62BC2C85B2478D54DD076635BE434FCADE68B3ECF1C8708E27863DBEC352D87BCC7A92A8E135
310
700CDE65BC114026DE5DB68275E656D2C0D4087293D43BB4C9C14EA83C0D806783B40DD7CD4F19EE9F33801F55A3F1FD600017A6CD5DE607783D5F74E34680E7DAB98D99F6E5B5ABC7F7DF19D8278322F6A97FDB2FADE1539BD945DDF868EE2B8B70D9EDAA45D1BB0A5801198CF1DA891540474745BF0317F8A3703E02510A
310
E94B084221F887FE950272D62D4232781054A87C58D015CD45EBF9B70E60820A2056E9D4D619E8494BBFA68B61EBDD8CF52CCBA124BACD4A4077E8420A7F36FCDAF661E577B792A7E1B7E337C7CF1FDEBB3B49F501F3C7366C1730E793F51FA20A9C3D2E9F18E63DC277449054CEADA36DA0807467D45F8A744E1BDED725A0
310
33868703F1392BBE221158220588F30574A0B0893D0515B0B7C404AD0E7F40C11D504C49BD7DA39A85A19CD7357DFC966E5D92272FF06D59CA5A6A1C8AE30E52F1247C1F1D78F81887F9F3E387075B170F9F5EEE4A7F5BFC69DF02FD8795FCFFAB472E7C88D563DA514861B85BD41594A75F5E866BE69471110A9F75C8609C
310
7E6BF6C7C727431EE3E9E3773D2378C25226E82C08104A57ED273FE0921D6990E02B006BD038263BA360355E8DC446A380F0BA35FA9945A80CF60DFD54054202F91897C241C147D59F8E0FC67CD0F2BF377A3463F8BBBABCFBD6833C57E214AC3F5AE9C2FDE88852968F20337972C7E04EE5658223008AE82D93BC37D8DDD9
310
00BD6B16EF221F0D4149045D740A8A215D4FC186C658E01994B8CCD317465828704BB630DA2243B3B4ADD3EA554A97408454148C04A1A0CAAC2E04033C04073851F54380E0BF2DFFA43FAD3D6B574F2E1E5EF6E5F4FEFBD1CA87C161FCBCF5C7AAE2F726F814027BAE10F79BC3D765D61D1803952210A9AA07F8C6BB2105B6
310
1145B324F96014EF223D4A9261080239F03FF6F4DD4975C183B887E081F7A467A25EAA0C94028FEB808637768B07400A8235D4EF33143253198900E079E3FACB0C59B00F827A5785A6FFE2FCF0C0E6F1714F11CDE5140D931D707950631F3DE877F300002000494441540ADFB08704E252AADE1BD4E8DF55796A32B9B6F177
310
37C67702E5C638682737286CB0E0A89B624D5BF28222432848C9AB8C07170C97B814FF492A61072407D638006F7C8400860444C01B1930A522788045633DFA9507267A3A42BA05925BAD705CDD3792FA23C1075C6EE768A673919EB6C3FCFE7629B7310AA794CC9C0D14A1FB88F95C845BF22543F57996E0B26C9E4C2ADF18
310
7F979F8A55F11B47BC26594C52588518D25E6C2B1CCED231EA1B748F093E5726A21A54C91EF95789041030C20FD5AD68613432E19A4D0DA2505B6BD843516E10BB00AF9AC315EE9FDB39CC1F9EA59CD88F9CD071D470C86C4647FDEDDBB1CDAB81DA94034747A779F4CED497CFF817348F69F52E55490840E48840BA72DB71
310
F3E84F6DA2F4717AA928F153DA6E4C7E8E00363CEC9A2E1C8E65F298FC4A52F087FCDEE5CBA38A80CBE11FF7BC2AFF249203FFAB77A128A001B1987BD334AD9B901890A8C2005B6B248196AD09C0025ED841325B31845032E327C531C839E66DBAB39566B631C2FF0A1DA5A3CC47E665AD8751B47CFE33899DF047C9F3C365
310
E3B11278D49DF939298E09002F6430F9958803309827A7C791048CA070061B7E9A64C557D235F83EE24822E5EAB805F9862F20FC58F483DC0EF02181F572930205107E00E523861895A2811309808F2B6C14B2AA579E893753C155D2F54302007E9FF36AC5FEDBCAD47E182D91A73920CFA5C18E01F8FFF4C3F1FF553BCAD0
310
E58DEF85DD63B91BE38ECE1A9FFC4AD4A1FBA30D462C328C5A0340DFD393D3D3D3C0659195C96990F391EFF4175213BC74C020922D4830FE215E76940962BC0713A3B82784C0CB6623DC40D6E1485BAD454F6892200B225096127FBD82D2B12006BAE2E329C771E25FEBC0DAB3B5395289D56D7A8A89081B34EE06F80F819E
310
FE75C67DEEE95D227E283FE98A7B9F1C97D2D05B4D07A469153C3DA3048EA68FA667A6D90E291C7D7E2D063E4D044964D055F2DBF3E31BB851AE9F78A0A7314F0AD24901F581D74A6929142039C65AF5830D1C809536CDC05E4BA51038F79D713DA930CF18BA3010E385351CF47F74D439BCBC793556A1F99814926AF12835
310
E251C59BEA3C083EC2B2760FEBDF4304C9EB87B35769E1EB24B648542CFA4EBA9EF93CD42F03C08F249A2C98897D8E2225E90077823F4A52171A61219998CED6FA050992B6B0A74A2220ED12123004FB977084208F8E2AFC80F456CB110BCA647A3A0F854085D84FE0052BE31FFE7F925610BAFEC06FC33F9931BF063F39DB
310
3D1BB20EE357F594045F4226131578582CB055A59A073AE0413989D215019B6EB8A21CF154D71164E0D8F4E730C2CD382D098DA5261456A425643686BC8301710F2C50665881399156AA2B4C3191BC555728384800CE10040F746A3D8A80A5F0E500A93456FEC52833BBB45203DACCA37FE1D3EE4B9BF0EC27ED47D89B8266
310
F11EA2DB8B5A8BB93EAEDF0C06B7AD0402B9EAC6E787365535AF19F15158308A9D9785C1BC1C01377F8C6B4D07B50DAD25649764A91DC9812C7B34CA98184084F7C01055466B48058CD44085AF26648520C85C41C67805462D8425680425559F4440F3ABBE1F3F81B1EC72708767DDC8FFB6465796C8FE310FEABE0C9B242A
310
74137EC3E0427091967023299BE5D6D4D0C6D15747DC2AEA4ECC57C72856E827D33CBD319D70FF854369EB841282F84B7CA4881447ACFCB257E252E00FBB3272120A75B99119840858486615636E0E0334031AAA8C08A62E080053A0AAA4158431EC727A084021D41CF5D630C94184F6FE7432E8F5F9A4FCDF3EA7CF136FC2
310
988093F98ED622E38E4976E1BF0CF49D2889E6DF3566719FE1F9B47A2D3BF89C69155DCF24F88C609EE551160F0415900B4C48FB013D8900A9192A700748002924771A3686A0A580FE4009E00ACC090253E280B90AC15048E047020483A038A60ED232831F2CC90498648690D960C48E439F18F4DDBEB0B6F5AC7B7B89F623
310
0243B4FA160A7B9327F3AD5D937C8BFFE5FF8B3A5E64283BEF8EAB9F71159514CFED62DBC880614AA1F7994CCFAE7D8C87057F451733699B8DF87056E1F0654B5021E38097E4E23221B810DE20559AD183A61C2C88A648DB096081E9801CA00BC1DA0124E08DAAC15FD2936905CA8DA1C40E42B13F1764E0C4015EAD7F8BFE
310
C99A310B1B7C0BCC7746D3C0702759C89EAD57122092122D1F857067684A578F1DAB7EAC400841F493A468113282FFE42316CC74C756B1C880FE78795C692813CF4644480EE9B02991BCA257A71861F00666D9410288487618D120D0E80D7773E2B7DD180E100EC98B221C94BFC4FF531A09B986230F1CD08378A8E4D0FDD7
310
D9B1BC75F5C12EAD7FF83F3ED19EB018620303C217A6A35D826E72ABF2D8E2BB1B783F6E48D2E3F360806E1D192085D022103473A10375B63853EC54F500B5B064DBC20945B88160DCF7E4F83A0200BF6FAEAC88E9F54D22D898E43F378D20B51B5D6B1457000922202800DD401A9266483029C0D6D57ED80D42A0E6E08835
310
F0F3AC73D7FAE6D56185F04FC44472B854EB7D9CBF7134DF3DDC35A9F6B38417DD6F508B37C1A718B0D054124176F7222F62DFB327F34D451799D56216880193254FF782D7DDE26C271BF38C6E422E271CE4AB8823C9510F021126A7A944E00DB4031D013C88EA0746C96D4574069BD5439C4110403B40020C30B07A604F1E
310
41D19C21A93FD9002DFC35F23B1E7B98E95E38387E3603FE7393680410D702FF9ED5A3C5E5CE68B5827D721FA78F3A9A0C08A79722D9C9B418F46C0057BB1640C70AA4A03D29CECF33987596D53CFB27B32C3BE304C540E14BF8464E080918268D254838C91A01F0FFB99154FD8A9C0495EAA6534A6C464440B4A71E16100E
310
7405088122A35F7A511DC003D002E6C8E7E15F6D1D2FD09014139EC11FDC89394621F77B9F88EB5A583C41E2FEDBC8F82334494C0BFA97FF3C3A34ADE60385B60E5A30CF036E5E75370BE3B83AE73B3B7DC0BB337DA0045299ED0C66681E4AE223D01B1BC3BD4C921E2005FEB5114739040758189BA8A320067B62A3995E47
310
20055065AC2B4A8006BF8CFCC907C0063EACE41813C5F017065AD46CFDC6FF1BFEE052932CA3478C8E5A6F25DC8503D40F61FC1B047E4DFFE8E84407C81F1AC7B5C79DA358551CD0D13785A9AEB38D6EB68A0A8087FC6543E7471082873CDCE5CBEA1EFC5CC0579469E225428E9A43D6A6000B4219DE52E8DF00A55F4BF503
310
5960661C2DB88AC1F67C2890A93FC420193C8326409E7B595FBBBA9AE1D1511B3F6D65B09AC10A71C2317201A603E88C56CC68C91279E83F5C147787EFE6C675F00941D23EF092920330982DF38C65EDFCA89DA98E8ADDECCD77CB86D85118F3DD9884820B1128010D02F1060F582871CC8FF42024C02239273A1CC3BF71E7
310
70DFB7E96081682803188118B50310BD620234F230B12711B063E0F0490FCDA9248B580D3D3DE944A30CFCF2A1E0F6E59E8FBEA289CCCC943785BB8880ADA9C2FD70F6A13F5418444E3A669273C006C4B4EEEC067827539FFBEA9CFF04D84E7F170480037005AAC8829084329899F90B5E013927F8E646514B4824B01D11F7
310
2C012CEACD163B6358A4454A4221D06E68A71062520649BF9E9127D0772D6E5EADED52FF216BC2FC513C7D3C5CC4C8AF009811826AE20203B076A2AA66D8D32E317DEE0EFC000FCE16D9E0BEB17C74AB009256C5D8AD1CBABBDA61402612C675FBD72D07E633B1A42F2421208CE01397560811204306617A5141706105C9F4
310
984C459F2D0F6C392FA05BED808512B0B9A8A9FC6CED89640EA347D31F0DF76D3D9E61E800FE9F7601BE4C9614A1C58E6C839F13A12D0EB426DE6386B82369A9E6A7F1F9146EB578A2EF4289AA109B4F6CEFEC0463E0072A05CC9DEDEDFE08407B173B8AA65399C80B2911252E6290C82CC1B8909140C11B7AE161B42B9390
310
5045D017E00CED6D27AAA15F2C2179F1E83D411A7020B9408D202381E7E5DEE5A9E7E5CDE3B186433F488AC81554BEC09BC579018ADD1DCB3D9D70F02B14BF9159A4DA376225FE43DA224FED327941705DA582B2FD1BB5DC0540667B650BECDD1D5DDFB0C7F36DEE2B94F6EE2EE4E426F20A1174C31DF153321A24114C4FFF
310
25E505475F6906D4149B21F1BD9D9DF7B059F8E0FD83323CB97991FE80EE131A9003B81C491B218B1D42C0C0D593D9D548003839DC29A740298B0C23F0CE14BB167BD61989AEF0B985C8FAC8F923A73F31953989F0F6C96CA6C4D0A9A88184BEDBBBDA3BBADE77CD8E2FFEDEEF46184A86671D7DDC51417477BE9F04804F30
310
5AC82C2D018A21EA903866A0F959FBD4139916D036635EE03DDB7408BCF0627A03027AD314C09B0A27F0A79490D53839D0DAF1416995CAB24101FA63F75029D57A4CBBA9FB4D120ADB17FB5A999FC9420DFE04FA670430B90FE7F589F7FE8D50A4B5F004CE5F07EB4EA007F8AEAE8E8EF7DB3BE2F81F42166C7246FA9E62D0
310
2C8209BA1024414C483498B50229FD923F2414040B2081390AAC353B5283EADA12A30B1080866D746B9ABF5BC107F33C2A015B275480759334B83AB02175EFD0DEC785DFC505E0064F4EBA5A97073A74C5C9FEC97BD25D819E28AEE661FD2732B8BBFB1BF13441B3C1F45E8AC1752BBF80C113DE960E0AC7D9D02C58C80505
310
A19BA0E84B14402601A590A4AE00A825E98C3212342302EE10FC5100681F86834A2804BC409D70270A2091DCE874B16BE0706C974EB3D26EFEDFFCA6C4579AA4DB781708469F055532A7046C6BEB0CF39F3ED2EC4FBCA3D00EA91CA68FD2B87B5C191E0EB2C300F00A1C9881F263571C6CFD83D079D09F176FAD839340CF03
310
0F70458F81F09AEE1329505150CA0A00576B56C06D58070B23086F685E44232D9D53DE3FC3731044F286D19F459351863F749F1104198D6E14BBC68E17CAE70D7AFD958E350BEBBC70C9C4DFBA075240DA27D40AD7DB063A097DD3F041EDB3E4B682A7A12A548F3393DB01945547175879989302521EEB1431B08759B632B1
310
74E0F700E774FCA1BB83F95029ED1A084288C8893520E49415E00DA080AE8027C34206D35491D050A4C6B080F6A20889A2FF82379AB6234F6710C05F9080ADF002B9C9F9C583AB220F45D618D7E7F7547FB27CED8A8B7A7D24EDA4988B0C1C2A1AFB53FDC61BF3DE50D63C560F0120B0372F0839DDDAF13E583B868717C1CB
310
8CC71D1D7F440CC82184803144196EFD58BBE00B7EE77DE8C015942357FB06FC906A5E2B8882CCF9FFE184B0035A5CF186A962A63F84B3AAEE3D5A2C830008807568B6A9F424086D2095A3E262DBF124350082C4B5DF4704A9D2C93553DE47BD6766B69349610716999FA25854F759CA9792599D3837ACF6247CE8597B0F96
310
0FA3EC45B61715050260C5844FCCFEC9666BC71F875B17E3BCB4CB151405D7D08F846B4CB952248B4603CC402B609E90F0044A007FA800EC46D07A51232B00E5683C55D5096E1374DA4FCBBDE2C25A5B8D26008227CA7758033D7D70DF12CAF7F247939F93F1CC63047D63ADA0B7CC8771B234D8095FCDB577B586D1834062
310
035670E204B245EC093FCBE15626C10D210CB38A13F50E10A0D5C0814B0C4B30AA9858516001669002229618F100767AA3D6D2528595FE7A398C2D2300ED0013A0AE60B91644A057327BD3C36BEBF48C91279B45F8BD145494674AFB211A91977CB838DF35DCB3D6D6AA2FB2784B591ED785DFD7DB77747DAC9D2F7674810E
310
FC2895F9ED8007EC7885101679C06F21E4B1C8A6120956F80518D1DAF1717BEBFB5803E20C6F2A11B2E48AFF4AD2810A70054623E341B3D1ACD92DA91150DE631EEB2C28882D092049C0DD38E262A7BD6F98549930C9D44B7C37028AEA9F8C5628A2BEF5704C0DCB2B428181B1BE766F43014498D2E57791E4C8DA6BD2ABF5
310
003F0C40202E2E32EDFB02852D16C30B7F646B98FDF86C7891690043128B0A0DE6B4EA27F08C30CA34C9D0AA0852A5997F8D11A6EE84E040B20472020256F4AFEBBB74E6705A12083B249089218E6452C8E5A69717E904A3F5EF3D5D08EC1F4D4E85086B238CFFC11AB9AE972CB775616C6D1DE04DDF073B4DE3747C41FBAE
310
6072901CAD0237100670C5A00C2C3CE063610ED824826C1F6650700E88C00B62468903A0D71D3A390255AD7040048348C56C4647413C2C2561216E0C469203EF06A5B101AD40D0E207F78B124747DB5B4BBB4E88B1C373C114E0470B345156EDDBCE1B4DBDF81DBC400746B0B54E05F693707B89A5E430982C2AC7D10DFF11
310
D5B102B9505034B35D07E8E5F585757F088B390F2D4C85CF7218E8418BB4F25B885053D07D5A908326809F31D6CC6B77CC948413B28664484439D118DBAC27DB5AC40C1AD166F25E6A2F0AE82100C0BF220405323E1FF80DFC518CACA8DE1003F3C9FAE9C7B2D60703A0004F8EAEAD2DE0F5485452D15B77B4B67F4C2403B8
310
D8F9C533558ADE058A9E177A1698F75DC0EB4C800F74C0270178C8579C1FACD025F0560844502D2BBC01E620030CB93636C1041636A693949CD80139FD15BE107F905590A292840F8860706D07E2970A2F15E5B13B87C3143CB2930374CC46A6F9B9D7A5CCCC14E11B9E879A49FBE27ADBD6DA82410FBB94FAA8487D61B51F
310
4BE0A03FD08743C31020D6628ED20305A22C2C2FAFA7ED1E7881C438AA5B9035F20759E243C51F34D0D5F02F11403B9E204CC1686C0B6C9000470561519CBE1B0E4FBEAB37A39EE4B84C05F023858779341991F36D9D9F351E7BB3B5ADF00148D9D05784F9AD8B037D48C01BFA83D4247F03BB768BEEF973A14E610090D4B9
310
6B1EEC5C5E66928F28EBEB6CF578B067DD83086081579848E60DFC7684044D8174993C39F886043481F6A2B743B18749E52447CD4D230513032D20D20206E536E15BCF7B7D211634F98FF9986287F33F9A94615A5A0A7CACF8DF5DCC1AC6EF9AF1945EB78E0A2FED1DA2ACC00EF983F9A012260BD722EF61C9DBCDD8719703
310
ECF839029010CA0B9F100B1D2842153E01A1A3837AB579516A31982FD2908A09100DAE591016CBCD4B011A2F4DE299E1338CE065DC4841BF9895D8C81714800CD08F5AD39601BC929B55D291F6CDCEF2AB40DD5D98F4E6F107C47AEE4A09A079C05316F479DAF4C2BAB83221BCC0CE23FE3D3D4C7BC9AB673D89A3677D6020
310
F6E182332028012FA0FBE0B2668FB85485902A8E7FA0BA2105C213E20BC2169211A4BABA7D693C3F1DA961F203694853137073AD5CD25F1C017DE0477626D7BA55B88F83B5EE513C41D814639FD1BF759171F4577D3CAB0C3DFF68B2D3B1F8478C18F67BEBB2598FA76A4545E9E961BACF657E0791D2373030E0EC9FAEDD17
310
BEA7703A738185D08236C407448A4CB504CBF01FF43859D3115488EA01B55078000DF085911805790DE1B41B6F8CB2889C3834FE02AFE07D85143C6C008438A944EA63E047023A7EF37E13B0903AFEA7BBAB9579330FAFDAACD540022980B65A75FBA17D388F1E6576405CCE7032D95BDA420E7DC0EFA320879E5F8B3B04C1
310
D2D9C1114210C19FCC49DC6A855E12010184DB8968109ED016E4683CD552A36B3AFA13BFC2114068935A7E774CD2C7225642B73325938052D8634ABC18DC9442BF9E0402E85B42F9F3273672DA8E8F1070405D1DC3248487574CD98092B8B956E6AFE1566530B78FAE05B4A0DE51FBAF85DD075C7E11939F80E015A58D1F87
310
E400CFFD2306C4D1D3C634380A201545A92BE01F445800BE12302AB477BD6F62600D211232EB061448A0D2B877BB940D63D059C37E0569A83DE93E214F4BD86209FF6F479C640AFF8AF6D1BFD987D029A94DB7C329B4184D4BB013BF912FB88FEEF913071A8D82B651BC10DB067A7EC52FE1B421883144C00F64FA23A11CF7
310
08BF16CA59F18D4C04B8085964B2D8DA4A855187000BE440BC816FFB13374640B0EB1D0998AF38A1AEF503F14302E2811081FC12EA6CD38A63B33035125F40F170C0B0AA45E9FCA38FC6D688D48563B5C4B4B7C359D3C7AE0EFB16ACD5E2FAA47EF8307044B4EBE1C71E84E742D81431FB06B90B600B9C239E277A57C94C42
310
7EE10E7826980C0136600D916A06058CBE8604DB4D314FBC014EDAACD0820F14BF75449B70339490FE5A0491221BF95F949DF1235380E969AABDBE2D32EB4403D3FDF17F42F9A0A7C28ED75BE86BDB7C7EC80C76F86B8800F77B305EB88F00A4352E0F8089EF811EA02A3DF08F7DA008F803BE4B4EF5F41E56087099E92070
310
8C3D720916444440FDFA013D4E1201414123A09290F5BD7AB729298209C4306D007BB0829FD4EC3A6D7E4F00B67DF38CA0764F832F0448E58439B952CB4F70DF964AFA74CCFDBABBDF273E2FF4F56D3DBFF2A78D42FFF2755DF307066497F44062AADFC0CC546F6DCCFECECFA232E14F408F05477D311B683A35BC245FCF8A
310
5CD2AF20022C21022266905A5BCC8B20235D6FF04019CC04058AC80023662E25F342063165956320BE50370F2A657BACC817DDA3DDD3EFE04028645780A768FE38DBA88BF2EF3ADADFC7FEACA952E5A77568ECF0C971DF32BF1D24F8486B22A649EC81B1B60315CBEFC026091CA45F858D7D04C1B437079431E63E38F88075
310
8842E780A9E03791C0FAAFE10012588C3C592FE35461A6047802BA18686887023A422A49599399893103942CF6DA53A8E387825FA0678B261F139F801E2B17C901D0F5217E07AC2401A87D0480F753FBED44FE949C93A1D042B879FCE499B3D861AEB23F9C1F372F0C24D0B7D6E70FE1AAF60F84BAE642D82F0A9F53E22783
310
915518494FDBC0AFAE7DA282E5050B703570E06319A015E00D693A6BEFFAE493941C3B08C13B96BD20D0115A9565701DC58568A3009DA13E965765C03091F0FF339F7309D44F6E61F837F1B1FF920450EB8FC48F9B40158BE89C81A597CFB0DAF5F5755D3886DC13D4479599B583758CBF35663AA234F133F91D3BCCFCE0A7
310
94367F385C59B19431780F1C099131384056616E15A1563B50021D369C593FB292685A68A8B2A50A0A2085CF05434617E05FC24A6B077B990014421A68401AC4D65788EE25F737EB780D08A6E38F060F2ABD889E1B889C44852C2FF368C1E3E710D73B6589EA83F7417B341ADA1F639A23D15298F087AD0326410E116C3A1B
310
325218433C71AE62C07C1480F1C045629724A076A4BB8D622D24690486727F56108D07046DAB065000678E04C4F8C342DE27F4AC102D854F2D08D59B4ED0E4F697B0FF62F113646BC5B7F3131D4EA8BF8B265EA3F2026E7061B96F6DF3D993276B2180B8E57067587428579460551049049B074CF8B1066C7E14C705F0B392
310
98C0997C17F701097023BAC31081390196801FB0C2A12380042927503D5A01CA127F9841B460310639C674BC8CDF1A320501448E0068905B07F6E5602F8C1F07786253438CEC51AE61FDB25FF71B09893AC026A9EAE3F30F369F5D5EAEA5801FBAD3C98B38C13EE017B054F81A56F05259DBDA64FE270B1FC4C77200FE276F
310
E814B916E222575ED717A62A92956504605268408CFE13FD61F84252228376060206802B9550F00B9D47E6AF1022538A752CF4FFF1F5931384A9FF8700EDD4FFA2B93FCBFABB3EA6C607FF714B0B8B04EBBE83B52B246092AB018C0D0002FC490849F1E214AE6FC42009D6D86616C835B65DB9862EFC4480C14137603C3089
310
D0A5588FA27E693DD184131BA4E88C35045ACEF1CDE1A82323C20B842F2419604821196EE8185BC834AD44F8E9B7549A32900196E9ECBBE20FFB4706861AACADBBFD9B56A23FFD3AB8BFACC18B1B5AC0ECD7B6AE2E2E9CCD2BE8AF1B1BC3A813B94107E82DE67A42E7CC7D4A6116700B5B2EE3C338A09B840F07C40A64800D
310
7C605AC42B72227C4C7020AB1F20056E26F542717F56534261DE3766AC10A6ED2D006DD03BA9DBA507AE0510A8B385C92363B9154167F1230C40D76AF6F3BE0CA08F8BA2FFBBCEFB09D0986550E0F0EAE2F2780CDF850CB0F88CFC2815FE87BD83909F474F45DD47F1C821DB2107A8817FD45384F57891B65F2543D0C1E20A
310
89B4A8DF806862AC27C60F6A054627FD344250718AC0FA21CDC4E28DBF2650D1B39D8B8A420C348A4F846E2BE824BF8C45E1DB8EEB52F576F47A75FF95F90FCE0FD3A7A08D48D5B9AFBE3EA658E1676FE3372FB57F0AD8D70ED4AEBA3D4C2BE0AAF1C3AD63A6004D12900CFC481A47430C9EACB390038642C8C41B13303166
310
614210592736B8603AD4FAB17189DBB32F3915F0C380795A089A15228460BDE8E52203527D41B5470901B088D84FF8B3FE2BA7F4FD30ACAB3DE0B7E2FF95807AB0010FFDE3A048F7360F9F3FB9380EE537F16F8673131325D3351A3F664022020811A0FE8C019CA17370725CBFF64132025DA1BE2555102212E80A907FB43E
310
D80A991A8AAC183932C19AE17524B06590B6AD286EB99BAD18FF4BD64BAB519202F992A963648ED30E7521F909F090C0213E367A77D8836BEB6F34D92EDA624183070248351F1A079E5D3E7A9EE81F2CE6678F92E299EE312B6C0572C0A7B5EEE07853612403813152C7125E2022A20C18F855DBAFA399817FC97FB6E1CDCA
310
31D348434ACD0012F0D32A5456B4007E6E92D72B1A4E9971223A42C1042819E4049C0C5801300C0013FA48F8944FBAE71DAFC27F1826FA2304ECDF3F6C10FF47D5C7E49748DDD687DE8E91C09394EE0682A4F84CFD6067EEDF43E67EA46CB2F4070160439245F00343D03BF25D7E2F26FC400A896DBF19FB8D4D0A66DA669C
310
3D608F9CD048A0533621B25690EE19D5D15248E390F042B12C682511B02BFE3E5700E4C9A9B2107A8F45248FA48234FD23005ED1F4EFE80D1320836F04003BF42856D478D1DCA3ABEEE3C68F9F30C3A16E5C238EA5DE3FF37DACC2F8B7980033F47FAC34421EF0418A045394802CE032D61C70023D788136788613887C0011
310
A4EA316E005718AE191F8D0D841B9C679CD2FC478442D005429166F5A24403B1E6ACF3298F388B6D0BA933D92339D48969A5C11F09B4FF017A9900A4F887010C474717E10F36468032FF33F4AD610517777104CD920C3CD15FC5F3B3A0C75BBCA3B00F2724863C10BCD4A0E00736C7981F2F72E4B001438B99714FCFAF713A
310
2603BC710376A1715FC602022202E06FDEBBC680A3DF1C4C095A12C50B554FE7623B50374FB2129DDEA4C392C9188077658C87F55FF92FFA507FF03FC8DFD3F31BDAB46DD51AEB03F7E1B38B8B87CFF47EA1479C3EBAD5C6B382C221C0F1B358B39D76D9D3142C4A20935F541E492E0EF081BA41B3620A8E172B584EA14856
310
32E22A8221CEDAC6110AFA4B6D43E2B76A18AB240BB24337721C9321D2C033B2D3E2641A55A400A28403C12D1DADE39AD23FC5FC08C47A64DC3FF6DFF76B5235124022D7E6D6D5F3CB870F9F31C96FE477FAFE54100068A3A87FA5908A2C08011CF31309C10025B089FEF9C510522B8DC07C30AA469841723A10C08E27F00F
310
7FBC181C083F2809EC3B2B328E294AEAD5A071B3A95C81D2DE3F930372D022C9C793535B92FDAD5426E90490C3C81D000017C6494441544698C416520C1C40C71FC204B22448FD9303782FBA67089A1A7D4CE38E89050FEF5F1E078A4DCCFADA058032C34C1CBC2E1202B1F8962B1A8024F0EB7A11F209E96FB369D4B64202
310
FE7BA230AD24C46413536EAE955B341B726C593B5D4630C0BE822480908522B0D85430230352618DCD4F7BA6D568BF4343801480006658EA3EDCBFFA9702B4FDE9022163C43F9B72B58001A23FCE6F0B3FF0E4E1DDFB9801A6FC42FD0132CC1F2224F89933107AD30B6C9131A53818AE944BE25A70810821C38F098411980E
310
46D108F483DC63F49B91B852351604091D60546702F58A3872A1716411B642C7629C267E64E77719F46B0548FD6BFFFC86A38DBFADFCDF700228C124C8664FAA02BFB1F92B09800876FCE4F2D1C3FB4FD0A44E0106A8DB8079751CBF0BD9340066C3D52BC64706467C05B5A54401BE4A1B0132A55EAC1CCCB10D378A3DFEB9
310
812022327745EF2102886A9142C812A1A2C9708027BB55B7006357459F9C2080E0BC34489FC629510F3017B62D5073E2A2C64048A0A42580E413BA9E08274091A398EA80B5BF31C87BF5ECF8F1C5DDFB4F22AAC181F070AAFDDAE5650C4000516440D8806786D874215149E69ABEC43FF0EFC820FEA112B0522003C84BE03F
310
B76623513B6D840820358B084119B0CEC8C00AE888826339A54091F5FCA513AFE147975BB1A86FC50618D9D74502F0C7C8815AA306602FEE3A5E79E0D7DED1B221001118B73182CD439A092FF801105D1AA14E1918EC282F6260869D55108065988BD67F68E5581720A708051F7C8070F582389C682BE53F2AFD85853F2A01
310
3D21564028E06E79B7A71E43212180A81541EBC88F451E02385100491AB0C4A3BC5309A95911E66D04C0B448366988ECD204C2FC930F8CEE8FA410EE4C25B58DD1B6EBAD83F6196670F7DE635282C0A56A851AB035831725F0471A10FE52097089C80495804100318405F0DFC2136004B4C40705EC9154315129205EC35793
310
0035688F61AC02188250CFA9A980233925F16A117A48CA54DAB6400221976B75D863330942E20EE3B00B08FBB71AA813B0E502FD2B023DF70114E0D7DF2E2EEEDE7B789504200112075478F2FBD6897835C91F0C20782401E801A2F9142700B74805703426023A81CC0BE88B537D0003E0C5181D29EB8D83050964DD258091
310
0A1E7A8138F76253DC01DC2F3824391AD748276C0B0CDF12366625D038603D0003E0266CB42704C8CE7FA7F11B4D59C0BF454A78F8FCF1E50513715D469607031272358F04E0003C90107223A581218F10008B10247CD20D860FF0BF48801040B361808148714764028EAC137E871501EFDD97C89B52107FF1235B0928C562
310
530082573CE137840EFEF82A0BDC602736C595912FBEC69E6A3A26903B3A300C5A098A9E3F1810CDFFBA019D97B4E7A7A075850F2E92569BD960CA7B8304995FD006FC4213BB1448A6F4BFBB3A9F9FC4962D0A1369129B10073771FEDA38B1737B663A71C088D8848027FC3008DAC4E4397A6F76271DFFFCF77D6BD7F1F67D
310
A51E0E08875A6BAFBD6BD7AE52CC04A0B4A2206F650EC412841A48258258E8662C3838FBE21E25172C2A15A4F78D82DCF68A005DCF07047C183E1CE47731BBCCB5469D9169E0D588945BEB637E87802A03D88FB82486210D28FB3B858D13DC7CE75F5E6F3B03C1744D30CC58C7C7A256146853A05243060B850072A7010CA4
310
7CFBF9A1E24F414037B8781E8E9F219A774B36481CB43E48A79819D638C8760D672FAC19FB9D3FC5EA9158DBD0159C27860409682E8FF2595652FE189D2CC2D7C023E944158355806FC320087CC74116030CC376C559C098B93A041C5DDA48AF33827D2327DC761D19C17CC62780D82A170E6CE7415A5E7FE825E053048F88
310
D2AC2A561CA4D4C60098DA28EF1A01382772484698F60C8DD24BF396EA76260542810A625978C03580A9CAB91D10249BE579B0377A3DD15749A45F24C4D81FF3D7D7996F6A1690288008C0FF6CC186DA9D5FC95BB09B1301004B016E707FDFED306A1BE8FA208828F00BF342186839839F1F6FA338DC5A0200FF383DE92614
310
C03A4508DA18F4D85F9354F7E867AA77A42FF49BBE6757A1A7454448D0BFC3C220714FE43A3D8F1547BE10F0BC5A05985AC3C28829A06FE24CD062700601F4AF12AF99099B08E7071DC4626A97C920C3FF96E190C9D1FD7CB6163E800D79E5F3F10A9306C02B799E80F1AB380E0571A584C0370A220C3125000B500900D96F
310
EA40409F980E2083E4EDF4D8D2480AE5667222E020BCDAD4EF19682120818FE18EC7FD6AAD67C03F7DF1955E697456F517AC4F24700C30171C67E9168B109A4F60AFA60F98BE30941BF776DBC7C70792A2FBE98AAA97224F8BEA39B47BFD14A8CD03320DA2B676E3AA397E652E30A42CE2987B7DA1EF7F75242413800A04C0
310
270C62A13372400B435ACD84B8B5009208F5AC73EB149FFF3508E21C2201E0338BE07E50EB47E7FF6D97724A601028C5519073E7978EC88834410450E074DD58AD13A4900103A6444A9CB99103229F0EF8C0C78161EBC68137240734CDCFC349807851E0EB46CE864D2E405ED341B71A390CF2DE20CF5193189E1901E866D0
310
230409684B193D17E2928534D04240937D3C84477494FC5E0FE0B448E35AFC19007926C1C6A6E622FDB8A12E30993C6710E070397C4B26304C0AE38218D19F01FFB15BAE1C0E7E74DF75F2406E373C414E848FF8E500EFAF3C1029C9C0ADAB2313A7426CA9B2C1B9E30032C84EF31A09A88A386F136E8C2F1D582EA0459207
310
015F10F1F001F0B1B7DF7222011EA2001F00BFD36BAEE0850928B08C077030FE3806C880EAA74BCE0863A952812E6008B3A89199C1EE918AF96AF583F1A073B0A355B9D861AF1460DCFB3BFC6B7EFDC834B09700CBED3510E48DC7129041C991F06BA5006CA6B5B34EE21501374E8DFC910042036111EC9C7CFA1C05D48A72
310
70F7F835BF04A4194DA4CF76CEC66718C84CD020D04C412AC848F03E3C61A1C8D50D0EA6838A00376054D3DF61A0E393E1F8B058A6C994093476D601A4A06F0CFD3C0A6BFA910E75CC10400A80FDA93AC9B5EA4303F6C0D188B559086091CC5910137772E14F2376D03181B5CFE74C0EA38440D0AC256D6C4D104CE05302FC
310
C00B60B9CD4D71E08BD40C144A025E60D4C1F45FE846A2105D717EEA84808A5DD90A168E133640311CF05DD870768683F5D2F1800F485AEBE5CABD8FFA3C0BEB33702493AEB551B1EB035EF5C8E5757FA7832141F88E8578A363802B560007AF93D7D470B478C4D00B412D634C9140C4F9275C00DCE8DFE3C7F8C0AFBC5B2C
310
E82E3C3BDF393D4375D50C43CD1C17E3777CD2C170725B7B42B41DF15BFC344DAD089C1E9118522B4A2C60B794E4E8F33081BB7C8CFCEEA0B2015E49D586429C6C78646180B7710E06018A3082243C275F077FBE412C17DE80D3E6B9462C5204C5D980D1DF84A864401C483CD01B143F4A4868087A0F780F37230200A4FBF6
310
AED325114C367C22512750A5C7C3E32D545CE20A0904183BA10015DCAD89864B3E1EE97EBAE8B204266A48E010511838E2FE413FB116E60880C2D8440AC3880DDA6DF6618C138CF1CB2A09637E18D00F80CB0DC05322E31EADB8081C29410903F06BFCDF5AB46024E4A75828056440503C707856EF0C037623DD4922A400E8
310
A6BD75E4D2800905F18450A00CEE88860C8964C7B3F90F56528BA18F71CFBBBCD2D05797E168FC37DB26DBE0DD2EAEF39686C18440820013C1444055402A541400DD362A0A402F1FE51246404E098249FEE30708C10CA0B54601053159480C00BAA9B1223A773234FE72FD5C3BD81804D8D196FE3D5315A0C981D88D04FA01
310
DFC185CA93F9120E1F480B08063364A0A318F08DF95056E4C91F1150D31B011200383502E079EE43CC18603AE2F88FD139C802A739F208E88D06DC78267C448C27C4113C19B0F51B0E9C1C021CF8F9167C6B1F2E10E461002910105D1042792D1CA303F469714C018C23D72179E165049C40E801CB96CF334562E5807291D1
310
E0C70FE6CAD91656715F0E5C5E70F8D7F83290549B1BAA6F781D25180EBCA93EC84E72A74081CE3020789B3790E1A9E478E658C099BECFF01E530E80EC5FE31204ACFF70AF8177A03059240CD074978A002A878BF883FEEC81DD684E406CA630ACFDE87292822A11953710F000885D6F68A67ED40CD772B0828359B753F7CE
310
23D9479AB9845771B389D6A77130F8C134EFC83947392029B10E4425440A84AF0E54825228FC1634D369874739C837A9DDC83C20D320C36042610ECDFA750303710224D01202488012CA847424F8D53F78AB6BECE9B3B35A7F32396AC6B7444566327DBB4DF06FD9616744F4D3A397EB3B0A3FBA8D763702883ED742FE5CD2
310
4146D8E353ACCF811C806AE09914D8446E93840FF4D6C963FF32BFB6AB015D1D3B0C9A0968776F021F21404B6260CF84A14F35180CE20B5E85BDA2EC91FD5A7DBA7E5705F4F0F97AF26CE18E3BA078138202400A62930FA6CC7882F911A92F33E547E64990B0F27323D73B6222863F86425153FA8009361C675554C25382CE
310
148420C8DCC47A20122806CA178A0918C14CBD33440289078A00EC6070184CA9907FD0A1270478E0B325B67C2193694EDB7DD0F3C238447C8A11485562FB4902134E6AC952FD5320A4F7C780882DA9684285CD81D278C0E8FF8DEC9F45D22DC3C2CA99C2728110888799575B6834BF22B0F01EDE72D7F21B672C40F0A97299
310
9E2200B7C91403F9BB3D09C01990819238CBAE5E7510D7D57450507E3DB04AAA0A3C280064E0775380C8C16EEA4834346A04BF0CE847B4B3AF760D06D24BBB267C32E2C9257DE5EB748AD101AF1FD33265E2B674EED8C01A0AC901392211011AC810560F77778E85B13BAFE3E25C95B70919A4862C15928BD8989664AD8638
310
101D009A80F00BDC41AF27602A4BDA0C077E550048E7F1011410F01405045E1C140B4D0E70E0F6E034171C3D6FD12004FCC1FA304312518910356628A4A326EC9ADF5DFFD1B2C0399503F14B4F8E3E0E4E39A06ABCB56A8014687E86E462BDDE5124615ECDB412B7314F62E6E0C76ADEC0F717B360E741960104CF1706CFA1
310
8E0605004B01AE007869B095ED92144A807841EFF2811C047889A04901C809062057192688C92346F97F279449F89B113500BAD282D1DA80A55C27EFFE02C8D4F395003F285B617BBF0831F49B055342DDDD414378E8888E92C16789F269A27C9A221FAA4A0DFDDB9F935B2ECC04DC51481558A69301E0460B02665AC4DD30
310
C03D480866C3409400051811876014C0F294C542821AB045011A3E3F09001FF304E3A0BED05CC11A811B865001769507FC01ADC611F400CF68C7B093606E30F3C7E0F00C1D10C31951C1E2D7252181DA00345842A19130715C736EC9ECE686A712FDB31E4D3E50AB336E5666D7B212C0113C4A4406029709B43D0228F3FBAF
310
49921B19CA0C82A2D5BC4A2079809240F37D3E10F9637607C3983F0458508A98B8B4EFC92AC13530180CF55359500080061DF59B98BB3FEACEE881DC8127F182A885A86FB12B43C590A4380504E32305E3148BBEEB2D2782029765428092545BA5C2C681FC5F8E869C0EE1034A822FF09A12C94084505AA868080303473F81
310
61F7AA0A6610745E280BE4427FB770106F8800EADABA19F453210435BDB2348471B13B65F2FCB554827632C4C44467333E4127095D22092ED492009930413251B5408345065065E415266E20279A40B3F520370BE2050C8360E6BB4601C1673B9BFE007EF5200B6483CD195400A783E6DEA0653515B0FCE8E86D1618FC1EFC
310
15C2E727F24F2A2DAB57326D8D0877D4E298894E7A0C3C7D9CE8A0E2D17AA2020FA1097D6372F2A9F955060FDD467AD0426368C24A8340FD0D6687A76316DEF5179ED9042005A2BF02A5DD810A4DEFA4A8F700EFC50FF4FB8C06410F0303C106ADF8852ACC6A2CA9046E9ED070739339857222CC009E206479886EA26227BF
310
7A341A15C351A8404A6C10080A2140FA4B4E8D9B9A11645899332363FD69887F436A660566964250FD752E787B64BCF8E6C8190DF8EA0C854C062D8A5A1346F810414313E606ECA0AC3A01D6928544029D5F42E202C0CB386F880F7842A31287061F32F3CBE09F2950783394F2F2B23D85386C6F51943E99DD10C8A0000BA9
310
569A14805693274BD0E4F4DC3F28E331EEA91C4F33ABE057889BFB92819187840A08E57A276A8BFCB75B0342668C70C565C8059996D209C2800941A21FB82B2F520BC2E6FE6F1A8827043DE17000DACC8193E78BBB8DF1467978C06F6AFE986123E3A95272CAC122046F4C65C4B88FED2F1CD1D918F7CDBF8903BF1A90057D
310
42F4DC133AF804ACBB58446A0DB78806FC053FA1E45D0AF1112613CC0DD976C5E70AD3282F42725C0D02AC8588DE451B1C01ABF063E7748A3882F0DD484BB78D037F9812240EB88B6034C0AD53E5116D4C6D920C6A89F084E6D0598AD7EB6930CC7B293E27A666E5CDFE9A3FA52FEB3C97976FDAAE9A60008FCA6B33099CF9
310
880D35D419FC687D424378E3099441E110C5B3C6DC311E6653514A67A530D863326C4D8430E0C28024803B5B069B0E60C10EDB6DF087034171DF01F1F3404B27B1056D8C0E56E7CA6056E7798147BE4C2F01CED5987E413AC6A724876DE3F599E0601CE7B9CEF3BEB3671E12DCE8AF9631B8031D3F360B6955DC2342B2A0E4
310
632A00264C0DA002220CFEC3E10D9BADC8904D88DC51928593AA16C91DF6FFF82B3234404C7214D0F8608E0052283EFB2B0563F1D072936C4017706010BCF1B16CDE0C1FA9C777E44E1F5259B0C9BBC8794A82A6C182A3AF56B16921405351FDDC91B5BAAA617860E8D76C97C377FE701A4EB4378FA97C2C8E3CC8950886C6
310
FD93AF70A1F5F676B7ED16CBC56AF5D09110EEB8607CC08A795882358280DDB98AFFE7087C6EB593D62F041CDB4018935238E73F1098100D0C8769818F777057F64C703C6530E142FDF5C837AE1CF66C94C4887D3A3726AB990DEA248F73B5D32C8E04F6714B1E67C53FC52040252E605B322407CBF8C7F05453462A295ABF
310
4D95592DDD76AC23512E9A2DF964715C80DD752CA8E263AC36F02C3C28A133EB22AC8D099BDEFDE28C3E8FFEE3815D5D00C17C00511058354D62443C1A546280E43572A9C661A34FA5891F8E7570608C8DF21DF51DF9D2A84D4501F41B8CD4F4C9DEB2F901E810C0E4CEB6EC08DFB06341C864CF8D0EEE779A606545E1E64A
310
AF30A4324C20FDD3BD558BD966BA994FA915CD162B1978642AD01694E533EC190368A68234657085B5F88E27A0805E04B8BB6A00A51646EE3C10A50FF007FF410F1963CA69BE2002F0F902E701AEC995FD41F83A3F0C3809A3288A083003A6CC2A20E6D703EE48E3777AC07ADD51EB6101603A9FCF17B3D5928F6D742EE7E4
310
CF38AE2B03C5FB39C81D7B2978FAFE85AF3D2710B0582C970F0FEB0E4D1103B8BE2B4D560CA10002FC8F334C891C07B44FE06B2E3ACE5E1E2D1FC32203110ABF9CA0E8381F68EC3C06701328E5A38278A5FCD944CEA5283DA933DF2A2448BD23F1C5D8BE04CC2DC3B43B3EEC29F8B5FF926D11D3E97EBF7FA1BD1E5E5F5FE6
310
D3D972F548547783146ECD84873F377C5820F7F9FCE5E07378D6CBCB7E036DF7F7104079A05B77C6942D1BA95D47424BFC3DB6411009A42E207871B7EE9B06614BBD20F22F7523FB985F3F7068E37600273A3ED0C1CCC380F6EC4AF01CC1CF95E4848B7BF950AD14C44F10460221E02D21D01DAE800F323704C00035DFE97C
310
B37F797D3D1C0E4FBF35EE1E5E9E0E879FBF3DF6F474780A01FB3DAF01FE0C0798218007C2090A3008BA7682A338F4A8804A06CBFE6A80CEC766F49853F15B2F45FCEA3F8250012841315016E75E797EFEEC4ACA6C79F515CF1738F7C36E2406071051043817C9E8C5888D49D0332E800062FF54FA562BF7446CC0BFDFBF86
310
03D1FEFCC9F7FFB5A7F000430755C2D3F72F2D02A022820897ABDD44594475BDCCA4A10AF34C06B08B4AB58BBFAE30999DC66C7CE903A83CF8EB006EEEAA063430F84B05F0ECF644825F5E95073870E72A0771AB89B080022A0C5A9FAF34C89286257FB7BEA000EC65B59750C68E0815B0D9834B15606328F80709DE09018A
310
C2A7817F83F96DB3D562C10A0A31300230CD4200B87F85808BAF64D04600254047F9C14DE93464009E7F5AABB4FDD6D55142A2C0BF1541FCE19C20C899BF4F76AB54B84CB97F88F48ECC029FD253F0C70DF4816B9AC94BCBD653B1A283C4001A0337955E4AFED3FB790B6B1F5EA0B5514074103A38D84280EE0F5F9BE974EA
310
B2D16AB1EA969684B6E4166CA28264B300474C7308D20013B204A65F82970718D05678B3315D442E1C0A327E2F56556040C005D2FAB1326A68A07507C9E46A3648555A7080F5F50219A00E6222E3E0862CE95B5680930530742F1D041805E69B788161F015944D041182B861A2C17F3AF01CF5BFDF6C343F9171F5B004BF59
310
C016719164B888EA206A02AD05E8464D06B48E4381A0E9345FD171625AC22198F57C003BEA5510F81FF78D31C9B033D0030000000049454E44AE426082504B03041400060808008A4A975C51464CB48900000043010000360000006662782F45433330434138372D423030462D343831452D383832352D3541394331344334
310
353245302F6469726563746F72792E786D6C9D8F310EC2300C45AF127987122606C71DD918B841D4B851A43646695A717C52A85029031293A5A76FBF6FACEF7DA7264E43906840EF0FA03836E242F406C6DCEE4EA06AC22492573150D1F66C60C640E8938CB705396EEDD86DE9B5042FE27813D640EA63BB001C722AF6E55C
310
B61E4863F58284D5D3F53DD715CE1C3985E63FD7F1B7EBDD617E9F1E504B03041400060808008A4A975CBC458F9E380700004B1C0000340000006662782F45433330434138372D423030462D343831452D383832352D3541394331344334353245302F6F626A656374732E786D6CDD59E96FE23814FF57A2ECE75C5C851130
310
6A815668D599D1A059EDB7C80443BD750ED9498FFDEBF7D9B1439C0648E790464BA5121CE7F9BDDFBB5FA61F5F626A3D61C6499ACCECC0F56D0B2751BA23C9616617F9DE19DBD6C7B93565699AD7F6D95682623CB3C5B23D9F1E585A646A6987F7A8A0CDD5DB9BBF2D1EE104DB564411E7339B470F38462E2AF27487F9A3BB
310
4339720FFB173770CB8D26D90343D943E3A80C319CE4C02AAC2740457110983F41246F3EF5C406635BBFDBB6DE996D9E14DC6494243C4749F486ABC671BD135C358EEB0783E5AA379C38C3C1A0EF0C46BDC0B9B9BD593AC155DF5F8C168BC9F56A625BF3E9364D69A5800C273BD0E2AB3D0FA69EB85389AF5068E33B4A9304
310
470ACDB60D3BACE812CC9B9818C00652B49A424A596B0BFD8EC29FD8D609148325036D2D9CFEAE5B6FBAFD0740E05DAC94712CAC9CE70C74ADB02FFDC19F7AE5AAA117C2AD18E59811442D4AB60C3150106C2D15649011DE2248590233A9454DAFCE2B18F6655F6AE3725F502AFCD79E4B4F0BC11F71CE2567E45FCC8EDCD7
310
4F039E40DA8224F958099BBF66406232F5E46279AFDF53374B20AD3D4507B01610536CEAF71A782D442C582FEDF99FB7DB978D880FED87672CCD30CB85E54967567EA73558332D30BE0EA094B89ABA3BA2F215A0FF04C857BC5853D01C232F839781969DA184EF531683762CDF727CF8E75BE2F2CDD5D4AB1E9E5B96112B4F
310
610A6EFB933035C430CEAE413A9F3E81D1A7ACAF84DB4488824DDF9344F839188A4553588278BFDFBED8F33504535884A71005E9E16FEA894B0BBE4A3A106F1A1A6A0BBF1D14A51DA6E967475DDD81CD301255AA32643C85EFF0A7E07BBDDCFCB929D81E45F85E39F612EF49427248A6ED0C19A01B2EFF6DFD497AE41D4DB7
310
881E9F36364570CC211571A3452D1BA5164BEA05381169B8D48C5CB927E0ED94A204A70557EB6D712A4A69CAC2ED6B58BA70EB597F691B280F5306D01ACB20B9478C6402137BAEB4550542B72628581862CA020FA556C36D1167218AD32211A1F6AD2936F98038232C11A84A6ADAB0B5D76AB23BB2DF171C82572BC98501A4
310
F2674DB8B4F001C4B1367E19DE330449344D420239189CA5F504E3800ABCF33C734CF721A1B488C33DA19047C2186527E87794A09EB91EF1EB73CA76AD044DCBD23EA96D4800AE80D520E96C55C67CA553869F882833653ED3D9C0D8A1EA507B3E38912E44A66801541BA334F351EF3658F9ABBEB382CAC919DC067D6772B5
310
9C38A341305C05A3ABF16A326EF2A9A3553DDF812A459963F85FFE50C4DB04110A3784D868977DF828B3E7CC83D0E8AD1650955D8FAF9C1BDFBF7506E360E58CC7BDA133BC9E2C82C16230ECAD7C8F619E162CC2DCEB797EA84D324B0EA7B8D2DCBD8DA150D65C4E765A5F4D61FEC731B499130C25FEAE41B48A5D2D0561D7
310
202A1E6D8650143D8A14154650F5B5BA4F238836F9688B73EF8CCBBEDBF7E52708263D7FD21B4F86C38E614F9EF4C391AE4D86083ACF220FD30C45246F4FA90D643AB2FCAEECE2F68361898DFEDFEB598057E7D58AA9F39949311592181D70B847A2AF6809A597246ECD7A079A724E12CC655FF8A65E6CD0F45D28BFCC2CDD
310
62B6848731CED1F758AC6C341A5E00D19C86D0C1E6628670B18EA85C40F52CA7288A7E1952BD94FF35E428CE68D91B5FC220E869087457D466A1826971C413D86788F2D0DF6139EAB844BD625F5714AD5A6B529F7C37F913F0E84AE817C2A38FE85E6CB9C360223E630843A361D01F5D55AAB884963E2C17BD1F2DA05B8D5E
310
C3674C0E0F9D8AD36E5AA9957965219EE3185A5F9417AC93C78E209A68DBD202A9C8D07089DA49EF2C2865CFA7BB3E384C367DA74AE2DA3150BB920466639D04792345AB114B5DC839A01877BDC3B3353617A9FE70C4FCE55576DDFD623930BA8C0354D8650856F1C7A8C35B2B75A386E2CF288F20946EE4B773031EB1C3BB
310
633367906B2BEB754D7BA9E25E8B901AC3941789487B2F2EE85704AA868E9B7B7765A1E795EB6B91DA5C18681FF9309836697DBEDB34A8C04AE7A7BF088CF07383825A5D880EFA0CA96FEBE39CA0414149F46D7DE6F1DFA20BD10AAC8DDE6082CC534A60908F77D601A790BF6154D1A1436131E6322F83F1AA20A5DF227478
310
FAA99CC3E6684BF5D3D10382613655FD5B11C1201572E6CC56EBD61F303A15D34B39D0721FA1755331CCB60A466636586C4EA04373B7300293034749BD31E204C746C94164FCF2A9EAF7F131810E44A5A35CD59E2EB828C90C6782523893EF16A0EE2B6FCCA7DF2FBA66C742395C6E8BBC12E6B870944681A05F2294C2C1A4
310
F051C1FB0225C579B90257EE3120E934CD3F6B0725552747EC2047F235BCAF975F3C314D5F7FB6325A1C843ACF75CC06254774EAB428275753300C2566864415B9F8E07D6129BC968AAD5B0246E02DD2384E13F5E35ABDD6B2360FF0926AE7E90121F7069E1C18A83700E11671ECA21D7F8405D02823628C5A226BE8BD0AA2
310
35BD6B450815C063C6FEF5D25245516D98528FB6021539FEB7C07FC46B1FE12DF50DB55925B80070256F1E2FF4C2D463302F9FFF07504B03041400060808008A4A975C6F849762E1000000550100003C0000006662782F45433330434138372D423030462D343831452D383832352D3541394331344334353245302F726573
310
6F75726365732F322F636E782E786D6C4D90DD4AC43010855FA50C78D934DB155149B32FE195374B4C6663D83653F223EEDB3B5923088109E77C0C678E3A7D6FEBF08529078A0B1C848401A32517A25FA096CBF80CC349AB4454FE613044B3E1024D06AD7CA2BA77C9E1C5D4B5A96B88D72ECAB3C78829D8F31E3D0C763539
310
2F90ED276E46985AC861BE0A678A11079130534D167945091BF61536A129E840CF727E1AE5E3381FDFE4CBEB2CF9BDABA9915A7D10AD9D0FB160A2FD619696F81B3991545303B4AA2974AA9DC1C65F3CC1F1D4C4B656B924EEA063E5B6331636E371BA23BFAE56533B92C7BD019EAD10FD03504B03041400060808008A4A97
310
5CFF15A4A45D000000800000003A0000006662782F45433330434138372D423030462D343831452D383832352D3541394331344334353245302F7265736F75726365732F636E782E786D6C4D8B3B0E80201005AF42B6F75B59F0390B113044D83508C6E30BC6C26AF226F3B8BA6360974DA7271430F523308B2B198F9B8092
310
5DB700539227A2FCCB80A18E5640D320F996A81C9F32D6E9129A0D1EF74FCE750E6D57BC7165FBCA07504B03041400060808008A4A975C98D17C114201000056050000300000006662782F45433330434138372D423030462D343831452D383832352D3541394331344334353245302F636E782E786D6CCD94C14AC4301086
310
5FA5043C36ED561195340B1E7C020FE22D4DC71AB74D4A3211F7ED9DACD95D45163D2CEC420E61F205FE7FF267C4F2631A8B77F0C138DBB205AF590156BBDED8A165115FCA1B562CA5F0CEE1378C15564DD0B25466520CDEC539977A7851714CD5D1D8552E2A446FBA881058A1471542CB827E85497115D1F51056BC57A8F8
310
827B082E7A0D741FCD04F9BEF6A0107A269BBAB92EEBABB2B97CAC6FEF9A9AD6B3A8122945E7DC98796311BC9B2F9A5A3BDA5A92538B2A0152446F32953C30B9D7C63B634545E75204D26B87CCE17A4EDC3C8F462BA446554E23604910A849545FB0145572FCC3F7C3FDD35E03ED7AE341A3F3EB93B56171A80D3B699C12F1
310
BF2E6CC0BFCCBBEE8D2C9FEEDD0F1ACEC28E66779BDC40D1FD9D04CA93B2C3788E1F6027EDF8F9A7C182469FA3E9ADB22379AE3623901E3E4D44F909504B03041400060808008A4A975C351FA6797D000000A30000000B0000006662782F636E782E786D6C4D8CD10AC22018465F45FE7B4B9792813A96D87B8CE686E4346C
310
468F9FC62EBAFAE0F09D23FBCF1AD0DBE5974F51013D10402EDED3E4E3A2A06C3316807A2D734ADBDF0D501C57A7A061D072C9A93C7734B9792CA1D1E0E36387D69C8819C4195F09B96126A8C542741CF3E16228338C779654E3D8943ABF5EDD96D75F504B03041400060808008A4A975CA6D797065F000000820000000700
310
0000636E782E786D6C4DCB3B0E80201045D1AD90E9FD7516806B51190811670C8A61F982B1B0BAC9C97B72CA7B1037C6D3332918DA1E04D2CAC69353902EDB8C20262D23F3F59B81A079470595414B17391D1F19B4730A5583A7ED43BBE4025D9592775E5ADFFA01504B03041400060808008A4A975CECFD112DA800000026
310
010000130000005B436F6E74656E745F54797065735D2E786D6C7D4F4B0EC22010BD0A61DF525D18634ABB506FE00510A79458060253536F2FD89D5197F3FED3F68B9BD80362B21E25DFD40D6780DADF2C1AC9671AAA3D677DD75E9E0112CB5A4C928F44E12044D22338956A1F003333F8E814E5331A1194BE2B0362DB343B
310
A13D122055543278D79E6050F344ECBC6478EDCD76CE8EABAE5449AE4298AC56946789C28AAFBEABC53F3EAF09A84A1441B91F0101CD4780756578C173A578FFDDBD00504B03041400060808008A4A975C3DEE336E64000000790000001B0000006175746F6465736B2D64657369676E2D7061636B6167652E786D6C35CBC1
310
0E83200C00D05F21DCA56CA76D41FC96062B120735B69A7DBE268BB7777961F8D5AF396893C2ADB70FE7ADA196782C2DF776D7A97B5933C430F15651E5469C55D70F80A4992A3ADC954792C525AE70A1E4D6AD9816CC044FEFDF01FE3FDE907802504B03041400060808008A4A975CA238819BF30000008E0100003D000000
310
6662782F45433330434138372D423030462D343831452D383832352D3541394331344334353245302F7265736F75726365732F322F636F72652E786D6C8550CB6EC32010FC156BEF608C1DD7A930919CE40F7AEA0D01715162B07854FDFC42EC4AEDA9D24ABB1A6666D961A7AFE5517D6A1F8CB323349840A5AD74CAD87984
310
146F6880EAC499772EFEA24165C5A247283070367B97D61D92CE466D0B6A9DD23B2842D0112AF9C8C308417EE84560916266843B5E85BC8B59E3066F3CCE52326A971A95DDCCCD680FBC9FC895BE743D6A2EED1175E7CB194D8766406D37F4033D4C537B25AC2E62CEA2597EB64BAF45D40A3825B447A443B47D23C7574A72
310
BDB3BA30390BD1E79BF7A5E5BA4C67F586FE714BABFADF2D191B5BBABB6D8A00BCC99F7B3E70569774727B46977B49927F03504B03041400060808008A4A975CFFEEA98EF8000000960100003B0000006662782F45433330434138372D423030462D343831452D383832352D3541394331344334353245302F7265736F7572
310
6365732F636F72652E786D6C8550CB6E833010FC15B47783318492CA381249FEA0A7DE2CB3A156828DFCA8FAF9B50395DA53254B6BCDCECCEE0E3F7D2D8FE2139DD7D60C5097140A34CA4EDACC03C470233D1427C19DB5E1170D0A23171C20C320F8EC6C5C77485913D064D4D80977507A8F010AF5489F01BCFAC045963286
310
C4F0F77295EA2E672CEB72E3091EA39E76A99E929BBE697420BA915ED94BDB91FAD21C497BBE9CC978A87BD2B47DD7B3C3383657CAAB2C163CE8E567BA7228034E2018651DA12D61CD1B3DBE329ADE3BAF3253701F5CBA791F9AAF03E1D0DBE8147A5E6DDD3FAE719DFE778DDA8486EDAE9BC283A8D392CF86E0554E299567
310
84A9E644C537504B03041400060808008A4A975CEDF87102F2000000B1010000310000006662782F45433330434138372D423030462D343831452D383832352D3541394331344334353245302F636F72652E786D6C8D504B6EC32014BC8AF5F6D818DBAD5361A2C4724FD0557708888B1283C527EAF10BB12BB5BB48480F0D
310
33CCBCA1C7EFE556DC95F3DA9A01EA1243A18CB0529B7980182EA887E2C8A8B336FCA14161F8A206C830303A3B1BD71D12D60465326AAC543BC8BD57010A714B9701BCF8520B2F790C89E1AFE5CAC595CFAAACCB8DC768D0CBAF5438C58392C008262F08B788341FF8F046703A9FB4CA4C4663D472B7D232B9EB8B560ED834
310
36783CF5AFE88CF13B6AFB7A427D4F3AD49D0E63DD8E6D47264CAB2C66D4079776DE3FC9DB3D2BDF84FF32C7553E91599BD090DD7053786075CAF37860B4CA05A6F16837CD5C36FB01504B03041400060808008A4A975C5E422EE052010000DD0200000C0000006662782F636F72652E786D6C8D52CB6E833010FC15E4BB79
310
184249651C89247FD0536F8E71A815B091B1513EBF360F510E4D2B10B66677667746E0D3B36B8391EB41285982248C41C02553B5904D09ACB9C302042782B552E6471B0824ED78093C0C086EB4B2FD0231250D971E95AAE60B4887811B10B0D65D4A30B02FDED1905AE33A8647D853F6A00D0F9370EE23D85A512F54513B35
310
71175C039257F115BD65394C2EE91166E7CB195687A4806956E4053A54557A8D71E4C9041BD1ADD399E6D4F01A1014A31CC61944E9477C7C47B17B3F71E43B091E8C769E97A1DE1D20F7DB134733BED3B37DFDB79E15D2A468D19B190320895B6F2A101CF97CDC3185B7CFD00D76F9197A6B570B0F078D9C19A53357A995DD
310
4A236D2D77D271303D389AAB4E7912F84D07BDD079ADE182A2B271AB51E3AE376BFCF4FD4E3DD77034CF402ADDD1765B6E5E71FB6E837696563A53ADD2FF61AF56D73023FF63926F504B03041400060808008A4A975C2953E60C07010000B201000008000000636F72652E786D6C8D50416EC32010FC0ADA3B0EC68EEB4498
310
484EF2839E7AA386B828365806A2F6F785984AEDAD12D2A2D9D999D965A7CF79420FB53A6D4D07654100293358A9CDD841F037DC023A71B65AEB7FD1001931AB0E120C9C8DAB0D4B86066BBC32093556AA0C0AE79407344CF1D3811B3ED42C0A117C64B87BB188E12E465594C5C6E3CCEBF967745895F04A02A7843698D498
310
56AFE470A424BE37B64B4CCE42D0325B6919DDF54DAB1578D3932B7DA91B5C5EAA03AECF9733EEF7658BABBA6D5ABAEFFBEA4AD82E0D73E6FC1A77CE2231A7474E3C922FDB6D2DCEDEAD9D32218692C89AE90B7854488D3FA1C322FF115A1B5FD12CB84D38E0650CF46C44E374C1589EE78D355D9B7F03504B010214001400
310
060808008A4A975C0000000000000000000000003700000000000000000000000000000000006662782F45433330434138372D423030462D343831452D383832352D3541394331344334353245302F617474726962757465732E62696E504B010214001400060808008A4A975C000000000000000000000000350000000000
310
0000000000000000550000006662782F45433330434138372D423030462D343831452D383832352D3541394331344334353245302F76657274696365732E62696E504B010214001400060808008A4A975CF270F13306000000040000003600000000000000000000000000A80000006662782F45433330434138372D423030
310
462D343831452D383832352D3541394331344334353245302F747269616E676C65732E62696E504B010214001400060808008A4A975CB5A795FFE3790000DE7900004200000000000000000000000000020100006662782F45433330434138372D423030462D343831452D383832352D3541394331344334353245302F7265
310
736F75726365732F322F305F67656E657269632E706E67504B010214001400060808008A4A975C51464CB489000000430100003600000000000000000000000000457B00006662782F45433330434138372D423030462D343831452D383832352D3541394331344334353245302F6469726563746F72792E786D6C504B0102
310
14001400060808008A4A975CBC458F9E380700004B1C00003400000000000000000000000000227C00006662782F45433330434138372D423030462D343831452D383832352D3541394331344334353245302F6F626A656374732E786D6C504B010214001400060808008A4A975C6F849762E1000000550100003C00000000
310
000000000000000000AC8300006662782F45433330434138372D423030462D343831452D383832352D3541394331344334353245302F7265736F75726365732F322F636E782E786D6C504B010214001400060808008A4A975CFF15A4A45D000000800000003A00000000000000000000000000E78400006662782F45433330
310
434138372D423030462D343831452D383832352D3541394331344334353245302F7265736F75726365732F636E782E786D6C504B010214001400060808008A4A975C98D17C11420100005605000030000000000000000000000000009C8500006662782F45433330434138372D423030462D343831452D383832352D354139
310
4331344334353245302F636E782E786D6C504B010214001400060808008A4A975C351FA6797D000000A30000000B000000000000000000000000002C8700006662782F636E782E786D6C504B010214001400060808008A4A975CA6D797065F000000820000000700000000000000000000000000D2870000636E782E786D6C
310
504B010214001400060808008A4A975CECFD112DA8000000260100001300000000000000000000000000568800005B436F6E74656E745F54797065735D2E786D6C504B010214001400060808008A4A975C3DEE336E64000000790000001B000000000000000000000000002F8900006175746F6465736B2D64657369676E2D
310
7061636B6167652E786D6C504B010214001400060808008A4A975CA238819BF30000008E0100003D00000000000000000000000000CC8900006662782F45433330434138372D423030462D343831452D383832352D3541394331344334353245302F7265736F75726365732F322F636F72652E786D6C504B01021400140006
310
0808008A4A975CFFEEA98EF8000000960100003B000000000000000000000000001A8B00006662782F45433330434138372D423030462D343831452D383832352D3541394331344334353245302F7265736F75726365732F636F72652E786D6C504B010214001400060808008A4A975CEDF87102F2000000B1010000310000
310
00000000000000000000006B8C00006662782F45433330434138372D423030462D343831452D383832352D3541394331344334353245302F636F72652E786D6C504B010214001400060808008A4A975C5E422EE052010000DD0200000C00000000000000000000000000AC8D00006662782F636F72652E786D6C504B010214
310
001400060808008A4A975C2953E60C07010000B20100000800000000000000000000000000288F0000636F72652E786D6C504B050600000000120012002D060000559000000000
  0
XRECORD
  5
642
102
{ACAD_REACTORS
330
63D
102
}
330
63D
100
AcDbXrecord
280
1
270
1
271
1
  0
XRECORD
  5
641
102
{ACAD_REACTORS
330
63D
102
}
330
63D
100
AcDbXrecord
280
1
270
1
271
1
  0
XRECORD
  5
643
102
{ACAD_REACTORS
330
63D
102
}
330
63D
100
AcDbXrecord
280
1
270
1
271
1
  0
XRECORD
  5
640
102
{ACAD_REACTORS
330
63D
102
}
330
63D
100
AcDbXrecord
280
1
270
1
271
1
  0
CELLSTYLEMAP
  5
868
102
{ACAD_REACTORS
330
867
102
}
330
867
100
AcDbCellStyleMap
 90
3
300
CELLSTYLE
  1
TABLEFORMAT_BEGIN
 90
5
170
1
 91
0
 92
32768
 62
257
 93
1
300
CONTENTFORMAT
  1
CONTENTFORMAT_BEGIN
 90
0
 91
0
 92
512
 93
0
300

 40
0.0
140
1.0
 94
5
 62
0
340
11
144
6.0
309
CONTENTFORMAT_END
171
1
301
MARGIN
  1
CELLMARGIN_BEGIN
 40
1.5
 40
1.5
 40
1.5
 40
1.5
 40
4.5
 40
4.5
309
CELLMARGIN_END
 94
6
 95
1
302
GRIDFORMAT
  1
GRIDFORMAT_BEGIN
 90
0
 91
1
 62
0
 92
-2
340
0
 93
0
 40
1.125
309
GRIDFORMAT_END
 95
2
302
GRIDFORMAT
  1
GRIDFORMAT_BEGIN
 90
0
 91
1
 62
0
 92
-2
340
0
 93
0
 40
1.125
309
GRIDFORMAT_END
 95
4
302
GRIDFORMAT
  1
GRIDFORMAT_BEGIN
 90
0
 91
1
 62
0
 92
-2
340
0
 93
0
 40
1.125
309
GRIDFORMAT_END
 95
8
302
GRIDFORMAT
  1
GRIDFORMAT_BEGIN
 90
0
 91
1
 62
0
 92
-2
340
0
 93
0
 40
1.125
309
GRIDFORMAT_END
 95
16
302
GRIDFORMAT
  1
GRIDFORMAT_BEGIN
 90
0
 91
1
 62
0
 92
-2
340
0
 93
0
 40
1.125
309
GRIDFORMAT_END
 95
32
302
GRIDFORMAT
  1
GRIDFORMAT_BEGIN
 90
0
 91
1
 62
0
 92
-2
340
0
 93
0
 40
1.125
309
GRIDFORMAT_END
309
TABLEFORMAT_END
  1
CELLSTYLE_BEGIN
 90
1
 91
1
300
_TITLE
309
CELLSTYLE_END
300
CELLSTYLE
  1
TABLEFORMAT_BEGIN
 90
5
170
1
 91
0
 92
0
 62
257
 93
1
300
CONTENTFORMAT
  1
CONTENTFORMAT_BEGIN
 90
0
 91
0
 92
512
 93
0
300

 40
0.0
140
1.0
 94
5
 62
0
340
11
144
4.5
309
CONTENTFORMAT_END
171
1
301
MARGIN
  1
CELLMARGIN_BEGIN
 40
1.5
 40
1.5
 40
1.5
 40
1.5
 40
4.5
 40
4.5
309
CELLMARGIN_END
 94
6
 95
1
302
GRIDFORMAT
  1
GRIDFORMAT_BEGIN
 90
0
 91
1
 62
0
 92
-2
340
0
 93
0
 40
1.125
309
GRIDFORMAT_END
 95
2
302
GRIDFORMAT
  1
GRIDFORMAT_BEGIN
 90
0
 91
1
 62
0
 92
-2
340
0
 93
0
 40
1.125
309
GRIDFORMAT_END
 95
4
302
GRIDFORMAT
  1
GRIDFORMAT_BEGIN
 90
0
 91
1
 62
0
 92
-2
340
0
 93
0
 40
1.125
309
GRIDFORMAT_END
 95
8
302
GRIDFORMAT
  1
GRIDFORMAT_BEGIN
 90
0
 91
1
 62
0
 92
-2
340
0
 93
0
 40
1.125
309
GRIDFORMAT_END
 95
16
302
GRIDFORMAT
  1
GRIDFORMAT_BEGIN
 90
0
 91
1
 62
0
 92
-2
340
0
 93
0
 40
1.125
309
GRIDFORMAT_END
 95
32
302
GRIDFORMAT
  1
GRIDFORMAT_BEGIN
 90
0
 91
1
 62
0
 92
-2
340
0
 93
0
 40
1.125
309
GRIDFORMAT_END
309
TABLEFORMAT_END
  1
CELLSTYLE_BEGIN
 90
2
 91
1
300
_HEADER
309
CELLSTYLE_END
300
CELLSTYLE
  1
TABLEFORMAT_BEGIN
 90
5
170
1
 91
0
 92
0
 62
257
 93
1
300
CONTENTFORMAT
  1
CONTENTFORMAT_BEGIN
 90
0
 91
0
 92
512
 93
0
300

 40
0.0
140
1.0
 94
2
 62
0
340
11
144
4.5
309
CONTENTFORMAT_END
171
1
301
MARGIN
  1
CELLMARGIN_BEGIN
 40
1.5
 40
1.5
 40
1.5
 40
1.5
 40
4.5
 40
4.5
309
CELLMARGIN_END
 94
6
 95
1
302
GRIDFORMAT
  1
GRIDFORMAT_BEGIN
 90
0
 91
1
 62
0
 92
-2
340
0
 93
0
 40
1.125
309
GRIDFORMAT_END
 95
2
302
GRIDFORMAT
  1
GRIDFORMAT_BEGIN
 90
0
 91
1
 62
0
 92
-2
340
0
 93
0
 40
1.125
309
GRIDFORMAT_END
 95
4
302
GRIDFORMAT
  1
GRIDFORMAT_BEGIN
 90
0
 91
1
 62
0
 92
-2
340
0
 93
0
 40
1.125
309
GRIDFORMAT_END
 95
8
302
GRIDFORMAT
  1
GRIDFORMAT_BEGIN
 90
0
 91
1
 62
0
 92
-2
340
0
 93
0
 40
1.125
309
GRIDFORMAT_END
 95
16
302
GRIDFORMAT
  1
GRIDFORMAT_BEGIN
 90
0
 91
1
 62
0
 92
-2
340
0
 93
0
 40
1.125
309
GRIDFORMAT_END
 95
32
302
GRIDFORMAT
  1
GRIDFORMAT_BEGIN
 90
0
 91
1
 62
0
 92
-2
340
0
 93
0
 40
1.125
309
GRIDFORMAT_END
309
TABLEFORMAT_END
  1
CELLSTYLE_BEGIN
 90
3
 91
2
300
_DATA
309
CELLSTYLE_END
  0
DICTIONARY
  5
8BF
330
C
100
AcDbDictionary
280
1
281
1
  3
WRITTEN_BY_EZDXF
350
8C0
  0
DICTIONARYVAR
  5
8C0
330
8BF
100
DictionaryVariables
280
0
  1
1.4.4 @ 2026-08-10T06:11:20.060837+00:00
  0
ENDSEC
  0
SECTION
  2
ACDSDATA
 70
2
 71
8
  0
ACDSSCHEMA
 90
0
  1
AcDb_Thumbnail_Schema
  2
AcDbDs::ID
280
10
 91
8
  2
Thumbnail_Data
280
15
 91
0
101
ACDSRECORD
 95
0
 90
1
  2
AcDbDs::TreatedAsObjectData
280
1
291
1
101
ACDSRECORD
 95
0
 90
2
  2
AcDbDs::Legacy
280
1
291
1
101
ACDSRECORD
  1
AcDbDs::ID
 90
3
  2
AcDs:Indexable
280
1
291
1
101
ACDSRECORD
  1
AcDbDs::ID
 90
4
  2
AcDbDs::HandleAttribute
280
7
282
1
  0
ACDSSCHEMA
 90
1
  1
AcDbDs::TreatedAsObjectDataSchema
  2
AcDbDs::TreatedAsObjectData
280
1
 91
0
  0
ACDSSCHEMA
 90
2
  1
AcDbDs::LegacySchema
  2
AcDbDs::Legacy
280
1
 91
0
  0
ACDSSCHEMA
 90
3
  1
AcDbDs::IndexedPropertySchema
  2
AcDs:Indexable
280
1
 91
0
  0
ACDSSCHEMA
 90
4
  1
AcDbDs::HandleAttributeSchema
  2
AcDbDs::HandleAttribute
280
7
 91
1
284
1
  0
ACDSRECORD
 90
0
  2
AcDbDs::ID
280
10
320
22
  2
Thumbnail_Data
280
15
 94
2059
310
89504E470D0A1A0A0000000D49484452000001000000007808030000002AAADC4C00000300504C5445212830FFFFFF2128300000000000000000000000000000000000000000000000000000330000660000990000CC0000FF0033000033330033660033990033CC0033FF0066000066330066660066990066CC0066FF0099
310
000099330099660099990099CC0099FF00CC0000CC3300CC6600CC9900CCCC00CCFF00FF0000FF3300FF6600FF9900FFCC00FFFF3300003300333300663300993300CC3300FF3333003333333333663333993333CC3333FF3366003366333366663366993366CC3366FF3399003399333399663399993399CC3399FF33CC00
310
33CC3333CC6633CC9933CCCC33CCFF33FF0033FF3333FF6633FF9933FFCC33FFFF6600006600336600666600996600CC6600FF6633006633336633666633996633CC6633FF6666006666336666666666996666CC6666FF6699006699336699666699996699CC6699FF66CC0066CC3366CC6666CC9966CCCC66CCFF66FF0066
310
FF3366FF6666FF9966FFCC66FFFF9900009900339900669900999900CC9900FF9933009933339933669933999933CC9933FF9966009966339966669966999966CC9966FF9999009999339999669999999999CC9999FF99CC0099CC3399CC6699CC9999CCCC99CCFF99FF0099FF3399FF6699FF9999FFCC99FFFFCC0000CC00
310
33CC0066CC0099CC00CCCC00FFCC3300CC3333CC3366CC3399CC33CCCC33FFCC6600CC6633CC6666CC6699CC66CCCC66FFCC9900CC9933CC9966CC9999CC99CCCC99FFCCCC00CCCC33CCCC66CCCC99CCCCCCCCCCFFCCFF00CCFF33CCFF66CCFF99CCFFCCCCFFFFFF0000FF0033FF0066FF0099FF00CCFF00FFFF3300FF3333
310
FF3366FF3399FF33CCFF33FFFF6600FF6633FF6666FF6699FF66CCFF66FFFF9900FF9933FF9966FF9999FF99CCFF99FFFFCC00FFCC33FFCC66FFCC99FFCCCCFFCCFFFFFF00FFFF33FFFF66FFFF99FFFFCCFFFFFF0000000D0D0D1A1A1A2828283535354343435050505D5D5D6B6B6B787878868686939393A1A1A1AEAEAEBB
310
BBBBC9C9C9D6D6D6E4E4E4F1F1F1FFFFFF0000000000000000000000000000000000000000000000000000000000002E4550F1000004C64944415478DAED9D5972E4300886B9FF81FA3E3AC4FF9E54DCDED102961092E39A9A87C974D27C621774888E0F48FC285ED2F941E25DFF03F8072096FBB51A80D76B00A604A0785E
310
A9018BD8030A5F0DC0B00EA00E000C1C046B00C0D069C07300982D11824CA3317A2A883D86AB000C9F0CEB01C402FF60E1B03E80E52BD2B7D12D8B6A014041C011806273CE00C03000D461107701D465C1880070309ADF371FFEFEE800F4ACA4D400B0BFF74D701D81BE61E321804DEE3F05B892F02FBE1EC057FE70D47DBA
310
69827BF1B500D60EC07AF89B1C2B875044C043CEA402B048B69DF6ED2BB433702EBE0A00E820FFE9EC0F02673DA1978C59A30158CD9F91B82C53725430E84C80918E11374AC053BDA475824BCCCBE4323C015FE5A2160073FE6529AEB76A591B0598E38FFED700C7CD021D80CF49E094BB5FF322B7BD12551458A2FF9A0CA5
310
CBFF3D51F2D92A5202D824CA677C2B2EA79D324D22B44B8C92DEC729579E00C039FF2B2270F283A303B8BAF57C03D0F7B5F10540BEA3B194BFC412E05BC45766CE00244EA7ACE1B9B362BED3F605B72AA03201B02AFEFBD7076CD29B643418804876CF99CD29550A611200746D819C084492DEFD35FE1CA24A03A2D5D1A13D
310
C2BDCAE32451250027D9A23632810660B3E6488724D615085EE3801C007B231EBB153B78FF8900802D770E4FD8B4DD7F32A8308154104C9AC1B426C06800133CC33C1A104D03B60B32BE2B6298DC0BAE666B84C18BEA173BCF890050EE1EC4AE1E6C0C80EE929C4A9E445388E6D08010120DE090EFA28D5E0E6726A3102FA0
310
AC35A07442416C022161E81FF4570013005139BBBBC0E700B283920961521709E41600C400C699822C72820A0041248E4E7E3533E11697625658EAD2152A430FD6D09E02C89BB4F0AA6B19A6D04B80D600F497A36D14E05B51E5728BAE00C2A7FC4CC5FA929B3C720040E2D6204B027033C8D621440F20144DC28A14809B22
310
508F9E17EAC1A32129141DBFE4FCF1DC899800D8162472072A3A7FE0A9C1D90128B8E4419DF3D7459DF600B204E46B1348A52ACDFCE0839599A42B14A731595DF2520E5F3DFCD221029BC896E7CCD941338700F69F15B66EF0E18E300499E1E6EA22892D9901208AAC4B495B2099772A1A33B405B00E82EEBB332859161129
310
C0970FBC3941867850022818346C1606EA7C880A70DE1E2302A19AFCEE0170E931341FC354B1A7D201C0EDB5A55B02053545C3F1B2E4A4E813EE1000C8E158E62DEACB9ECD66A9920AE4A27C06007CA6C2021590EC4FF22338EDD62D9A03C88E93835377660171400D2899A5BFC9CF59050D690265452C4A00B4DCB869A801
310
28C905C07D1215EC7C60BB3C00202D00CE2D0E06E03B332C2D03D7B1522E5A0F05405906F0FB856D2DA0A5135401B8BBBBC637237D01F083F5960AE00E00C1D405F6075092194FAD0165151BBD15406CF87A1E0005801ACF57B9D6008B2533F1EE70E59F8EAE0E8005E04703F00200D97AEAC51A60648797A2D5DA07007D0D
310
E0C987AAB60560A3FFDD0164C662DE0BC0200374D30F40427E0B02FD01202E3FCDAF0114D932B65BB1E89B0AD365C97C6D7F582E9A460158FDAA80CDE19DB68FED76ACBA033869BDADFA7B0140E7D573DB0DABEE3EE01AF8AC17CC7A47813B7AB27DDC00A04EBF9FC51300FA07302F00F87D8C005CBF25E23F08D97FAFE94C
310
8CC2E028007E0025B28497EDC8ECD20000000049454E44AE426082
  0
ENDSEC
  0
EOF
