  0
SECTION
  2
HEADER
  9
$ACADVER
  1
AC1032
  9
$ACADMAINTVER
 90
4
  9
$DWGCODEPAGE
  3
ANSI_936
  9
$LASTSAVEDBY
  1
23900
  9
$REQUIREDVERSIONS
160
0
  9
$INSBASE
 10
0.0
 20
0.0
 30
0.0
  9
$EXTMIN
 10
-8.165736421043466
 20
0.0
 30
0.0
  9
$EXTMAX
 10
297.0
 20
210.0
 30
0.0
  9
$LIMMIN
 10
0.0
 20
0.0
  9
$LIMMAX
 10
297.0
 20
210.0
  9
$ORTHOMODE
 70
0
  9
$REGENMODE
 70
1
  9
$FILLMODE
 70
1
  9
$QTEXTMODE
 70
0
  9
$MIRRTEXT
 70
1
  9
$LTSCALE
 40
1.0
  9
$ATTMODE
 70
1
  9
$TEXTSIZE
 40
3.5
  9
$TRACEWID
 40
1.0
  9
$TEXTSTYLE
  7
STANDARD
  9
$CLAYER
  8
0
  9
$CELTYPE
  6
ByLayer
  9
$CECOLOR
 62
256
  9
$CELTSCALE
 40
1.0
  9
$DISPSILH
 70
0
  9
$DIMSCALE
 40
1.0
  9
$DIMASZ
 40
4.08
  9
$DIMEXO
 40
0.0
  9
$DIMDLI
 40
3.75
  9
$DIMRND
 40
0.0
  9
$DIMDLE
 40
0.0
  9
$DIMEXE
 40
2.0
  9
$DIMTP
 40
0.0
  9
$DIMTM
 40
0.0
  9
$DIMTXT
 40
3.5
  9
$DIMCEN
 40
2.5
  9
$DIMTSZ
 40
0.0
  9
$DIMTOL
 70
0
  9
$DIMLIM
 70
0
  9
$DIMTIH
 70
1
  9
$DIMTOH
 70
1
  9
$DIMSE1
 70
0
  9
$DIMSE2
 70
0
  9
$DIMTAD
 70
1
  9
$DIMZIN
 70
0
  9
$DIMBLK
  1

  9
$DIMASO
 70
1
  9
$DIMSHO
 70
1
  9
$DIMPOST
  1

  9
$DIMAPOST
  1

  9
$DIMALT
 70
0
  9
$DIMALTD
 70
3
  9
$DIMALTF
 40
0.0393700787401575
  9
$DIMLFAC
 40
0.5
  9
$DIMTOFL
 70
1
  9
$DIMTVP
 40
0.0
  9
$DIMTIX
 70
0
  9
$DIMSOXD
 70
0
  9
$DIMSAH
 70
0
  9
$DIMBLK1
  1

  9
$DIMBLK2
  1

  9
$DIMSTYLE
  2
ISO-25
  9
$DIMCLRD
 70
0
  9
$DIMCLRE
 70
0
  9
$DIMCLRT
 70
0
  9
$DIMTFAC
 40
1.0
  9
$DIMGAP
 40
1.524
  9
$DIMJUST
 70
0
  9
$DIMSD1
 70
0
  9
$DIMSD2
 70
0
  9
$DIMTOLJ
 70
0
  9
$DIMTZIN
 70
0
  9
$DIMALTZ
 70
0
  9
$DIMALTTZ
 70
0
  9
$DIMUPT
 70
0
  9
$DIMDEC
 70
0
  9
$DIMTDEC
 70
0
  9
$DIMALTU
 70
2
  9
$DIMALTTD
 70
3
  9
$DIMTXSTY
  7
STANDARD
  9
$DIMAUNIT
 70
0
  9
$DIMADEC
 70
2
  9
$DIMALTRND
 40
0.0
  9
$DIMAZIN
 70
0
  9
$DIMDSEP
 70
44
  9
$DIMATFIT
 70
3
  9
$DIMFRAC
 70
0
  9
$DIMLDRBLK
  1

  9
$DIMLUNIT
 70
2
  9
$DIMLWD
 70
-2
  9
$DIMLWE
 70
-2
  9
$DIMTMOVE
 70
0
  9
$DIMFXL
 40
1.0
  9
$DIMFXLON
 70
0
  9
$DIMJOGANG
 40
0.7853981633974483
  9
$DIMTFILL
 70
0
  9
$DIMTFILLCLR
 70
0
  9
$DIMARCSYM
 70
0
  9
$DIMLTYPE
  6

  9
$DIMLTEX1
  6

  9
$DIMLTEX2
  6

  9
$DIMTXTDIRECTION
 70
0
  9
$LUNITS
 70
2
  9
$LUPREC
 70
2
  9
$SKETCHINC
 40
1.0
  9
$FILLETRAD
 40
0.0
  9
$AUNITS
 70
0
  9
$AUPREC
 70
2
  9
$MENU
  1
.
  9
$ELEVATION
 40
0.0
  9
$PELEVATION
 40
0.0
  9
$THICKNESS
 40
0.0
  9
$LIMCHECK
 70
0
  9
$CHAMFERA
 40
0.0
  9
$CHAMFERB
 40
0.0
  9
$CHAMFERC
 40
0.0
  9
$CHAMFERD
 40
0.0
  9
$SKPOLY
 70
0
  9
$TDCREATE
 40
2461263.5912152776
  9
$TDUCREATE
 40
2461147.063055173
  9
$TDUPDATE
 40
2461263.5912152776
  9
$TDUUPDATE
 40
2461154.139583334
  9
$TDINDWG
 40
0.1382754745
  9
$TDUSRTIMER
 40
0.1382754745
  9
$USRTIMER
 70
1
  9
$ANGBASE
 50
0.0
  9
$ANGDIR
 70
0
  9
$PDMODE
 70
0
  9
$PDSIZE
 40
-1.0
  9
$PLINEWID
 40
0.0
  9
$SPLFRAME
 70
0
  9
$SPLINETYPE
 70
6
  9
$SPLINESEGS
 70
8
  9
$HANDSEED
  5
70A
  9
$SURFTAB1
 70
6
  9
$SURFTAB2
 70
6
  9
$SURFTYPE
 70
6
  9
$SURFU
 70
6
  9
$SURFV
 70
6
  9
$UCSBASE
  2

  9
$UCSNAME
  2

  9
$UCSORG
 10
0.0
 20
0.0
 30
0.0
  9
$UCSXDIR
 10
1.0
 20
0.0
 30
0.0
  9
$UCSYDIR
 10
0.0
 20
1.0
 30
0.0
  9
$UCSORTHOREF
  2

  9
$UCSORTHOVIEW
 70
0
  9
$UCSORGTOP
 10
0.0
 20
0.0
 30
0.0
  9
$UCSORGBOTTOM
 10
0.0
 20
0.0
 30
0.0
  9
$UCSORGLEFT
 10
0.0
 20
0.0
 30
0.0
  9
$UCSORGRIGHT
 10
0.0
 20
0.0
 30
0.0
  9
$UCSORGFRONT
 10
0.0
 20
0.0
 30
0.0
  9
$UCSORGBACK
 10
0.0
 20
0.0
 30
0.0
  9
$PUCSBASE
  2

  9
$PUCSNAME
  2

  9
$PUCSORG
 10
0.0
 20
0.0
 30
0.0
  9
$PUCSXDIR
 10
1.0
 20
0.0
 30
0.0
  9
$PUCSYDIR
 10
0.0
 20
1.0
 30
0.0
  9
$PUCSORTHOREF
  2

  9
$PUCSORTHOVIEW
 70
0
  9
$PUCSORGTOP
 10
0.0
 20
0.0
 30
0.0
  9
$PUCSORGBOTTOM
 10
0.0
 20
0.0
 30
0.0
  9
$PUCSORGLEFT
 10
0.0
 20
0.0
 30
0.0
  9
$PUCSORGRIGHT
 10
0.0
 20
0.0
 30
0.0
  9
$PUCSORGFRONT
 10
0.0
 20
0.0
 30
0.0
  9
$PUCSORGBACK
 10
0.0
 20
0.0
 30
0.0
  9
$USERI1
 70
0
  9
$USERI2
 70
0
  9
$USERI3
 70
0
  9
$USERI4
 70
0
  9
$USERI5
 70
0
  9
$USERR1
 40
0.0
  9
$USERR2
 40
0.0
  9
$USERR3
 40
0.0
  9
$USERR4
 40
0.0
  9
$USERR5
 40
0.0
  9
$WORLDVIEW
 70
1
  9
$SHADEDGE
 70
3
  9
$SHADEDIF
 70
70
  9
$TILEMODE
 70
1
  9
$MAXACTVP
 70
64
  9
$PINSBASE
 10
0.0
 20
0.0
 30
0.0
  9
$PLIMCHECK
 70
0
  9
$PEXTMIN
 10
1e+20
 20
1e+20
 30
1e+20
  9
$PEXTMAX
 10
-1e+20
 20
-1e+20
 30
-1e+20
  9
$PLIMMIN
 10
0.0
 20
0.0
  9
$PLIMMAX
 10
420.0
 20
297.0
  9
$UNITMODE
 70
0
  9
$VISRETAIN
 70
1
  9
$PLINEGEN
 70
0
  9
$PSLTSCALE
 70
1
  9
$TREEDEPTH
 70
3020
  9
$CMLSTYLE
  2
Standard
  9
$CMLJUST
 70
0
  9
$CMLSCALE
 40
20.0
  9
$PROXYGRAPHICS
 70
1
  9
$MEASUREMENT
 70
1
  9
$CELWEIGHT
370
-3
  9
$ENDCAPS
280
0
  9
$JOINSTYLE
280
0
  9
$LWDISPLAY
290
1
  9
$INSUNITS
 70
4
  9
$HYPERLINKBASE
  1

  9
$STYLESHEET
  1

  9
$XEDIT
290
1
  9
$CEPSNTYPE
380
0
  9
$PSTYLEMODE
290
1
  9
$FINGERPRINTGUID
  2
{cbc02052-4163-45e5-ae0a-ab2d52e8b853}
  9
$VERSIONGUID
  2
{BC876A40-2D70-45AC-BD29-9646F1D5195D}
  9
$EXTNAMES
290
1
  9
$PSVPSCALE
 40
0.0
  9
$OLESTARTUP
290
0
  9
$SORTENTS
280
127
  9
$INDEXCTL
280
0
  9
$HIDETEXT
280
0
  9
$XCLIPFRAME
280
2
  9
$HALOGAP
280
0
  9
$OBSCOLOR
 70
257
  9
$OBSLTYPE
280
0
  9
$INTERSECTIONDISPLAY
280
0
  9
$INTERSECTIONCOLOR
 70
257
  9
$DIMASSOC
280
1
  9
$PROJECTNAME
  1

  9
$CAMERADISPLAY
290
0
  9
$LENSLENGTH
 40
50.0
  9
$CAMERAHEIGHT
 40
0.0
  9
$STEPSPERSEC
 40
2.0
  9
$STEPSIZE
 40
6.0
  9
$3DDWFPREC
 40
2.0
  9
$PSOLWIDTH
 40
0.25
  9
$PSOLHEIGHT
 40
4.0
  9
$LOFTANG1
 40
1.570796326794896
  9
$LOFTANG2
 40
1.570796326794896
  9
$LOFTMAG1
 40
0.0
  9
$LOFTMAG2
 40
0.0
  9
$LOFTPARAM
 70
7
  9
$LOFTNORMALS
280
1
  9
$LATITUDE
 40
37.795
  9
$LONGITUDE
 40
-122.394
  9
$NORTHDIRECTION
 40
0.0
  9
$TIMEZONE
 70
-8000
  9
$LIGHTGLYPHDISPLAY
280
1
  9
$TILEMODELIGHTSYNCH
280
1
  9
$CMATERIAL
347
19E
  9
$SOLIDHIST
280
0
  9
$SHOWHIST
280
1
  9
$DWFFRAME
280
2
  9
$DGNFRAME
280
0
  9
$REALWORLDSCALE
290
1
  9
$INTERFERECOLOR
 62
1
  9
$INTERFEREOBJVS
345
1C0
  9
$INTERFEREVPVS
346
1BD
  9
$CSHADOW
280
0
  9
$SHADOWPLANELOCATION
 40
0.0
  0
ENDSEC
  0
SECTION
  2
CLASSES
  0
CLASS
  1
ACDBDICTIONARYWDFLT
  2
AcDbDictionaryWithDefault
  3
ObjectDBX Classes
 90
0
 91
1
280
0
281
0
  0
CLASS
  1
VISUALSTYLE
  2
AcDbVisualStyle
  3
ObjectDBX Classes
 90
4095
 91
24
280
0
281
0
  0
CLASS
  1
MATERIAL
  2
AcDbMaterial
  3
ObjectDBX Classes
 90
1153
 91
3
280
0
281
0
  0
CLASS
  1
SCALE
  2
AcDbScale
  3
ObjectDBX Classes
 90
1153
 91
17
280
0
281
0
  0
CLASS
  1
TABLESTYLE
  2
AcDbTableStyle
  3
ObjectDBX Classes
 90
4095
 91
1
280
0
281
0
  0
CLASS
  1
MLEADERSTYLE
  2
AcDbMLeaderStyle
  3
ACDB_MLEADERSTYLE_CLASS
 90
4095
 91
1
280
0
281
0
  0
CLASS
  1
SUN
  2
AcDbSun
  3
SCENEOE
 90
1153
 91
0
280
0
281
0
  0
CLASS
  1
ACDBSECTIONVIEWSTYLE
  2
AcDbSectionViewStyle
  3
ObjectDBX Classes
 90
1025
 91
1
280
0
281
0
  0
CLASS
  1
ACDBDETAILVIEWSTYLE
  2
AcDbDetailViewStyle
  3
ObjectDBX Classes
 90
1025
 91
1
280
0
281
0
  0
CLASS
  1
DICTIONARYVAR
  2
AcDbDictionaryVar
  3
ObjectDBX Classes
 90
0
 91
9
280
0
281
0
  0
CLASS
  1
SORTENTSTABLE
  2
AcDbSortentsTable
  3
ObjectDBX Classes
 90
0
 91
1
280
0
281
0
  0
CLASS
  1
MULTILEADER
  2
AcDbMLeader
  3
ACDB_MLEADER_CLASS
 90
1025
 91
3
280
0
281
1
  0
CLASS
  1
CELLSTYLEMAP
  2
AcDbCellStyleMap
  3
ObjectDBX Classes
 90
1152
 91
1
280
0
281
0
  0
CLASS
  1
MENTALRAYRENDERSETTINGS
  2
AcDbMentalRayRenderSettings
  3
SCENEOE
 90
1024
 91
0
280
0
281
0
  0
CLASS
  1
RASTERVARIABLES
  2
AcDbRasterVariables
  3
ISM
 90
0
 91
0
280
0
281
0
  0
CLASS
  1
LAYOUT
  2
AcDbLayout
  3
ObjectDBX Classes
 90
0
 91
0
280
0
281
0
  0
CLASS
  1
ACDBPLACEHOLDER
  2
AcDbPlaceHolder
  3
ObjectDBX Classes
 90
0
 91
0
280
0
281
0
  0
ENDSEC
  0
SECTION
  2
TABLES
  0
TABLE
  2
VPORT
  5
8
330
0
100
AcDbSymbolTable
 70
1
  0
VPORT
  5
29
330
8
100
AcDbSymbolTableRecord
100
AcDbViewportTableRecord
  2
*Active
 70
0
 10
0.0
 20
0.0
 11
1.0
 21
1.0
 12
196.8937795880199
 22
132.6020872302215
 13
0.0
 23
0.0
 14
10.0
 24
10.0
 15
10.0
 25
10.0
 16
0.0
 26
0.0
 36
1.0
 17
0.0
 27
0.0
 37
0.0
 40
189.8083631260579
 41
1.765478424015009
 42
50.0
 43
0.0
 44
0.0
 50
0.0
 51
0.0
 71
0
 72
2000
 73
1
 74
3
 75
0
 76
0
 77
0
 78
0
281
0
 65
1
110
0.0
120
0.0
130
0.0
111
1.0
121
0.0
131
0.0
112
0.0
122
1.0
132
0.0
 79
0
146
0.0
 60
3
 61
5
348
1BC
292
1
282
1
141
0.0
142
0.0
 63
250
421
3355443
1001
ACAD_NAV_VCDISPLAY
1070
3
  0
ENDTAB
  0
TABLE
  2
LTYPE
  5
5
330
0
100
AcDbSymbolTable
 70
11
  0
LTYPE
  5
14
330
5
100
AcDbSymbolTableRecord
100
AcDbLinetypeTableRecord
  2
ByBlock
 70
0
  3

 72
65
 73
0
 40
0.0
  0
LTYPE
  5
15
330
5
100
AcDbSymbolTableRecord
100
AcDbLinetypeTableRecord
  2
ByLayer
 70
0
  3

 72
65
 73
0
 40
0.0
  0
LTYPE
  5
16
330
5
100
AcDbSymbolTableRecord
100
AcDbLinetypeTableRecord
  2
Continuous
 70
0
  3
Solid line
 72
65
 73
0
 40
0.0
  0
LTYPE
  5
5E
330
5
100
AcDbSymbolTableRecord
100
AcDbLinetypeTableRecord
  2
HIDDEN
 70
0
  3
Hidden __ __ __ __ __ __ __ __ __ __ __ __ __ __
 72
65
 73
2
 40
1.905
 49
1.27
 74
0
 49
-0.635
 74
0
  0
LTYPE
  5
5F
330
5
100
AcDbSymbolTableRecord
100
AcDbLinetypeTableRecord
  2
PHANTOM
 70
0
  3
Phantom ______  __  __  ______  __  __  ______
 72
65
 73
6
 40
12.7
 49
6.349999999999999
 74
0
 49
-1.27
 74
0
 49
1.27
 74
0
 49
-1.27
 74
0
 49
1.27
 74
0
 49
-1.27
 74
0
  0
LTYPE
  5
60
330
5
100
AcDbSymbolTableRecord
100
AcDbLinetypeTableRecord
  2
CENTER
 70
0
  3
Center ____ _ ____ _ ____ _ ____ _ ____ _ ____
 72
65
 73
4
 40
10.16
 49
6.349999999999999
 74
0
 49
-1.27
 74
0
 49
1.27
 74
0
 49
-1.27
 74
0
  0
LTYPE
  5
61
330
5
100
AcDbSymbolTableRecord
100
AcDbLinetypeTableRecord
  2
CENTERX2
 70
0
  3
Center (2x) ________  __  ________  __  _____
 72
65
 73
4
 40
20.32
 49
12.7
 74
0
 49
-2.54
 74
0
 49
2.54
 74
0
 49
-2.54
 74
0
  0
LTYPE
  5
62
330
5
100
AcDbSymbolTableRecord
100
AcDbLinetypeTableRecord
  2
DOT2
 70
0
  3
Dot (.5x) ........................................
 72
65
 73
2
 40
0.635
 49
0.0
 74
0
 49
-0.635
 74
0
  0
LTYPE
  5
1E2
330
5
100
AcDbSymbolTableRecord
100
AcDbLinetypeTableRecord
  2
ACAD_ISO02W100
 70
0
  3
ISO dash __ __ __ __ __ __ __ __ __ __ __ __ __
 72
65
 73
2
 40
15.0
 49
12.0
 74
0
 49
-3.0
 74
0
  0
LTYPE
  5
1F1
330
5
100
AcDbSymbolTableRecord
100
AcDbLinetypeTableRecord
  2
ACAD_ISO03W100
 70
0
  3
ISO dash space __    __    __    __    __    __
 72
65
 73
2
 40
30.0
 49
12.0
 74
0
 49
-18.0
 74
0
  0
LTYPE
  5
1FF
330
5
100
AcDbSymbolTableRecord
100
AcDbLinetypeTableRecord
  2
JIS_02_0.7
 70
0
  3
HIDDEN0.75 _ _ _ _ _ _ _ _ _ _ _ _ _ _ _ _ _
 72
65
 73
2
 40
1.35
 49
0.75
 74
0
 49
-0.6
 74
0
  0
ENDTAB
  0
TABLE
  2
LAYER
  5
2
102
{ACAD_XDICTIONARY
360
3CC
102
}
330
0
100
AcDbSymbolTable
 70
15
  0
LAYER
  5
10
102
{ACAD_XDICTIONARY
360
3AD
102
}
330
2
100
AcDbSymbolTableRecord
100
AcDbLayerTableRecord
  2
0
 70
0
 62
7
  6
Continuous
370
-3
390
F
347
1AE
348
0
  0
LAYER
  5
63
102
{ACAD_XDICTIONARY
360
3AF
102
}
330
2
100
AcDbSymbolTableRecord
100
AcDbLayerTableRecord
  2
粗实线层
 70
0
 62
7
  6
Continuous
370
25
390
F
347
1AE
348
0
  0
LAYER
  5
64
102
{ACAD_XDICTIONARY
360
3B1
102
}
330
2
100
AcDbSymbolTableRecord
100
AcDbLayerTableRecord
  2
细实线层
 70
0
 62
7
  6
Continuous
370
-3
390
F
347
1AE
348
0
  0
LAYER
  5
65
102
{ACAD_XDICTIONARY
360
3B3
102
}
330
2
100
AcDbSymbolTableRecord
100
AcDbLayerTableRecord
  2
中心线层
 70
0
 62
7
  6
CENTERX2
370
-3
390
F
347
1AE
348
0
  0
LAYER
  5
66
102
{ACAD_XDICTIONARY
360
3B5
102
}
330
2
100
AcDbSymbolTableRecord
100
AcDbLayerTableRecord
  2
虚线层
 70
0
 62
7
  6
HIDDEN
370
-3
390
F
347
1AE
348
0
  0
LAYER
  5
67
102
{ACAD_XDICTIONARY
360
3B7
102
}
330
2
100
AcDbSymbolTableRecord
100
AcDbLayerTableRecord
  2
双点划线层
 70
0
 62
7
  6
PHANTOM
370
-3
390
F
347
1AE
348
0
  0
LAYER
  5
68
102
{ACAD_XDICTIONARY
360
3B9
102
}
330
2
100
AcDbSymbolTableRecord
100
AcDbLayerTableRecord
  2
点划线层
 70
0
 62
7
  6
CENTER
370
-3
390
F
347
1AE
348
0
  0
LAYER
  5
69
102
{ACAD_XDICTIONARY
360
3BB
102
}
330
2
100
AcDbSymbolTableRecord
100
AcDbLayerTableRecord
  2
图框
 70
0
 62
7
  6
Continuous
370
-3
390
F
347
1AE
348
0
  0
LAYER
  5
6A
102
{ACAD_XDICTIONARY
360
3BD
102
}
330
2
100
AcDbSymbolTableRecord
100
AcDbLayerTableRecord
  2
轮廓实线层
 70
0
 62
7
  6
Continuous
370
50
390
F
347
1AE
348
0
  0
LAYER
  5
6B
102
{ACAD_XDICTIONARY
360
3BF
102
}
330
2
100
AcDbSymbolTableRecord
100
AcDbLayerTableRecord
  2
细线层
 70
0
 62
4
  6
Continuous
370
25
390
F
347
1AE
348
0
  0
LAYER
  5
6C
102
{ACAD_XDICTIONARY
360
3C1
102
}
330
2
100
AcDbSymbolTableRecord
100
AcDbLayerTableRecord
  2
剖面线层
 70
0
 62
2
  6
Continuous
370
25
390
F
347
1AE
348
0
  0
LAYER
  5
6D
102
{ACAD_XDICTIONARY
360
3C3
102
}
330
2
100
AcDbSymbolTableRecord
100
AcDbLayerTableRecord
  2
文字层
 70
0
 62
3
  6
Continuous
370
25
390
F
347
1AE
348
0
  0
LAYER
  5
6E
102
{ACAD_XDICTIONARY
360
3C5
102
}
330
2
100
AcDbSymbolTableRecord
100
AcDbLayerTableRecord
  2
标注层
 70
0
 62
4
  6
Continuous
370
25
390
F
347
1AE
348
0
  0
LAYER
  5
6F
102
{ACAD_XDICTIONARY
360
3C7
102
}
330
2
100
AcDbSymbolTableRecord
100
AcDbLayerTableRecord
  2
符号标注层
 70
0
 62
31
  6
Continuous
370
25
390
F
347
1AE
348
0
  0
LAYER
  5
21E
330
2
100
AcDbSymbolTableRecord
100
AcDbLayerTableRecord
  2
Defpoints
 70
0
 62
7
  6
Continuous
290
0
370
-3
390
F
347
1AE
348
0
  0
ENDTAB
  0
TABLE
  2
STYLE
  5
3
330
0
100
AcDbSymbolTable
 70
4
  0
STYLE
  5
11
330
3
100
AcDbSymbolTableRecord
100
AcDbTextStyleTableRecord
  2
STANDARD
 70
0
 40
0.0
 41
1.0
 50
0.0
 71
0
 42
3.5
  3
hyswlongfangsong.ttf
  4

1001
ACAD
1000
汉仪长仿宋体
1071
34306
  0
STYLE
  5
B3
330
3
100
AcDbSymbolTableRecord
100
AcDbTextStyleTableRecord
  2
SLDTEXTSTYLE0
 70
0
 40
0.0
 41
1.0
 50
0.0
 71
0
 42
3.5
  3
txt.shx
  4
bigfont
1001
ACAD
1000
长仿宋体
1071
256
  0
STYLE
  5
B5
330
3
100
AcDbSymbolTableRecord
100
AcDbTextStyleTableRecord
  2
SLDTEXTSTYLE1
 70
0
 40
0.0
 41
1.0
 50
0.0
 71
0
 42
3.5
  3
hyswlongfangsong.ttf
  4
bigfont
1001
ACAD
1000
汉仪长仿宋体
1071
258
  0
STYLE
  5
D2
330
3
100
AcDbSymbolTableRecord
100
AcDbTextStyleTableRecord
  2
SLDTEXTSTYLE2
 70
0
 40
0.0
 41
1.0
 50
0.0
 71
0
 42
3.5
  3
hyswlongfangsong.ttf
  4

1001
ACAD
1000
汉仪长仿宋体
1071
258
  0
STYLE
  5
1E1
330
3
100
AcDbSymbolTableRecord
100
AcDbTextStyleTableRecord
  2

 70
1
 40
0.0
 41
1.0
 50
0.0
 71
0
 42
3.5
  3
ltypeshp.shx
  4

  0
ENDTAB
  0
TABLE
  2
VIEW
  5
6
330
0
100
AcDbSymbolTable
 70
0
  0
ENDTAB
  0
TABLE
  2
UCS
  5
7
330
0
100
AcDbSymbolTable
 70
0
  0
ENDTAB
  0
TABLE
  2
APPID
  5
9
330
0
100
AcDbSymbolTable
 70
10
  0
APPID
  5
12
330
9
100
AcDbSymbolTableRecord
100
AcDbRegAppTableRecord
  2
ACAD
 70
0
  0
APPID
  5
1E3
330
9
100
AcDbSymbolTableRecord
100
AcDbRegAppTableRecord
  2
ACAD_EXEMPT_FROM_CAD_STANDARDS
 70
0
  0
APPID
  5
1F4
330
9
100
AcDbSymbolTableRecord
100
AcDbRegAppTableRecord
  2
ACAD_NAV_VCDISPLAY
 70
0
  0
APPID
  5
209
330
9
100
AcDbSymbolTableRecord
100
AcDbRegAppTableRecord
  2
Acad_TC
 70
0
  0
APPID
  5
21C
330
9
100
AcDbSymbolTableRecord
100
AcDbRegAppTableRecord
  2
ACAD_DSTYLE_DIMRADIAL_EXTENSION
 70
0
  0
APPID
  5
324
330
9
100
AcDbSymbolTableRecord
100
AcDbRegAppTableRecord
  2
AcadAnnoMonitorAlertIconDisabled
 70
0
  0
APPID
  5
4FF
330
9
100
AcDbSymbolTableRecord
100
AcDbRegAppTableRecord
  2
ACAD_DSTYLE_DIMJAG
 70
0
  0
APPID
  5
500
330
9
100
AcDbSymbolTableRecord
100
AcDbRegAppTableRecord
  2
ACAD_DSTYLE_DIMTALN
 70
0
  0
APPID
  5
706
330
9
100
AcDbSymbolTableRecord
100
AcDbRegAppTableRecord
  2
HATCHBACKGROUNDCOLOR
 70
0
  0
APPID
  5
707
330
9
100
AcDbSymbolTableRecord
100
AcDbRegAppTableRecord
  2
EZDXF
 70
0
  0
ENDTAB
  0
TABLE
  2
DIMSTYLE
  5
A
330
0
100
AcDbSymbolTable
 70
5
100
AcDbDimStyleTable
  0
DIMSTYLE
105
27
102
{ACAD_REACTORS
330
564
330
571
330
57E
330
58D
102
}
330
A
100
AcDbSymbolTableRecord
100
AcDbDimStyleTableRecord
  2
ISO-25
 70
0
 40
1.0
 41
2.5
 42
0.625
 43
3.75
 44
1.25
 45
0.0
 46
0.0
 47
0.0
 48
0.0
 49
2.5
140
2.5
141
2.5
142
0.0
143
0.03937007874016
144
1.0
145
0.0
146
1.0
147
0.625
148
0.0
 69
0
 70
0
 71
0
 72
0
 73
0
 74
0
 75
0
 76
0
 77
1
 78
8
 79
3
170
0
171
3
172
1
173
0
174
0
175
0
176
0
177
0
178
0
179
2
271
2
272
2
273
2
274
3
275
0
276
0
277
2
278
44
279
0
280
0
281
0
282
0
283
0
284
8
285
0
286
0
288
0
289
3
290
0
340
11
371
-2
372
-2
  0
DIMSTYLE
105
F1
330
A
100
AcDbSymbolTableRecord
100
AcDbDimStyleTableRecord
  2
SLDDIMSTYLE0
 70
0
 40
1.0
 41
4.08
 42
0.625
 43
3.75
 44
0.0
 45
1e-09
 46
0.0
 47
0.0
 48
0.0
 49
2.5
140
3.5
141
2.5
142
0.0
143
0.03937007874
144
0.5
145
0.0
146
1.0
147
0.875
148
0.0
 69
0
 70
0
 71
0
 72
0
 73
0
 74
0
 75
0
 76
0
 77
2
 78
4
 79
1
170
0
171
3
172
1
173
1
174
0
175
0
176
0
177
0
178
0
179
2
271
2
272
2
273
2
274
3
275
0
276
2
277
2
278
44
279
0
280
0
281
0
282
0
283
0
284
12
285
0
286
0
288
0
289
0
290
0
340
D2
371
-2
372
-2
  0
DIMSTYLE
105
FF
330
A
100
AcDbSymbolTableRecord
100
AcDbDimStyleTableRecord
  2
SLDDIMSTYLE1
 70
0
 40
1.0
 41
4.08
 42
0.625
 43
3.75
 44
0.0
 45
1e-09
 46
0.0
 47
0.0
 48
0.0
 49
2.5
140
3.5
141
2.5
142
0.0
143
0.03937007874
144
0.5
145
0.0
146
1.0
147
0.875
148
0.0
 69
0
 70
0
 71
0
 72
0
 73
0
 74
0
 75
0
 76
0
 77
2
 78
12
 79
3
170
0
171
3
172
1
173
1
174
0
175
0
176
0
177
0
178
0
179
2
271
2
272
2
273
2
274
3
275
0
276
2
277
2
278
44
279
0
280
0
281
0
282
0
283
0
284
12
285
0
286
0
288
0
289
0
290
0
340
D2
371
-2
372
-2
  0
DIMSTYLE
105
11A
330
A
100
AcDbSymbolTableRecord
100
AcDbDimStyleTableRecord
  2
SLDDIMSTYLE2
 70
0
 40
1.0
 41
4.08
 42
0.625
 43
3.75
 44
0.0
 45
1e-09
 46
0.0
 47
0.0
 48
0.0
 49
2.5
140
3.5
141
2.5
142
0.0
143
0.03937007874
144
0.5
145
0.0
146
1.0
147
0.875
148
0.0
 69
0
 70
0
 71
0
 72
0
 73
0
 74
0
 75
0
 76
0
 77
2
 78
12
 79
3
170
0
171
3
172
1
173
1
174
0
175
0
176
0
177
0
178
0
179
2
271
2
272
2
273
2
274
3
275
0
276
2
277
2
278
44
279
0
280
0
281
0
282
0
283
0
284
12
285
0
286
0
288
0
289
3
290
0
340
D2
371
-2
372
-2
  0
DIMSTYLE
105
6B8
330
A
100
AcDbSymbolTableRecord
100
AcDbDimStyleTableRecord
  2
Standard
 70
0
 40
1.0
 41
2.5
 42
0.625
 43
3.75
 44
1.25
 45
0.0
 46
0.0
 47
0.0
 48
0.0
 49
2.5
140
2.5
141
2.5
142
0.0
143
0.03937007874
144
1.0
145
0.0
146
1.0
147
0.625
148
0.0
 69
0
 70
0
 71
0
 72
0
 73
0
 74
0
 75
0
 76
0
 77
1
 78
8
 79
3
170
0
171
3
172
1
173
0
174
0
175
0
176
0
177
0
178
0
179
2
271
2
272
2
273
2
274
3
275
0
276
0
277
2
278
44
279
0
280
0
281
0
282
0
283
0
284
8
285
0
286
0
288
0
289
3
290
0
371
-2
372
-2
  0
ENDTAB
  0
TABLE
  2
BLOCK_RECORD
  5
1
330
0
100
AcDbSymbolTable
 70
18
  0
BLOCK_RECORD
  5
1F
102
{ACAD_XDICTIONARY
360
213
102
}
330
1
100
AcDbSymbolTableRecord
100
AcDbBlockTableRecord
  2
*Model_Space
340
22
 70
0
280
1
281
0
  0
BLOCK_RECORD
  5
1B
330
1
100
AcDbSymbolTableRecord
100
AcDbBlockTableRecord
  2
*Paper_Space
340
1E
 70
0
280
1
281
0
  0
BLOCK_RECORD
  5
23
330
1
100
AcDbSymbolTableRecord
100
AcDbBlockTableRecord
  2
*Paper_Space0
340
26
 70
0
280
1
281
0
  0
BLOCK_RECORD
  5
F2
330
1
100
AcDbSymbolTableRecord
100
AcDbBlockTableRecord
  2
_D
340
0
 70
0
280
1
281
0
  0
BLOCK_RECORD
  5
100
330
1
100
AcDbSymbolTableRecord
100
AcDbBlockTableRecord
  2
_D_1
340
0
 70
0
280
1
281
0
  0
BLOCK_RECORD
  5
10D
330
1
100
AcDbSymbolTableRecord
100
AcDbBlockTableRecord
  2
_D_2
340
0
 70
0
280
1
281
0
  0
BLOCK_RECORD
  5
11B
330
1
100
AcDbSymbolTableRecord
100
AcDbBlockTableRecord
  2
_D_3
340
0
 70
0
280
1
281
0
  0
BLOCK_RECORD
  5
125
330
1
100
AcDbSymbolTableRecord
100
AcDbBlockTableRecord
  2
SW_CENTERMARKSYMBOL_0
340
0
 70
0
280
1
281
0
  0
BLOCK_RECORD
  5
131
330
1
100
AcDbSymbolTableRecord
100
AcDbBlockTableRecord
  2
SW_CENTERMARKSYMBOL_1
340
0
 70
0
280
1
281
0
  0
BLOCK_RECORD
  5
13D
330
1
100
AcDbSymbolTableRecord
100
AcDbBlockTableRecord
  2
SW_CENTERMARKSYMBOL_2
340
0
 70
0
280
1
281
0
  0
BLOCK_RECORD
  5
149
330
1
100
AcDbSymbolTableRecord
100
AcDbBlockTableRecord
  2
SW_CENTERMARKSYMBOL_3
340
0
 70
0
280
1
281
0
  0
BLOCK_RECORD
  5
15D
330
1
100
AcDbSymbolTableRecord
100
AcDbBlockTableRecord
  2
_D_4
340
0
 70
0
280
1
281
0
  0
BLOCK_RECORD
  5
169
330
1
100
AcDbSymbolTableRecord
100
AcDbBlockTableRecord
  2
_D_5
340
0
 70
0
280
1
281
0
  0
BLOCK_RECORD
  5
565
330
1
100
AcDbSymbolTableRecord
100
AcDbBlockTableRecord
  2
*D18
340
0
 70
0
280
1
281
0
  0
BLOCK_RECORD
  5
572
330
1
100
AcDbSymbolTableRecord
100
AcDbBlockTableRecord
  2
*D19
340
0
 70
0
280
1
281
0
  0
BLOCK_RECORD
  5
57F
330
1
100
AcDbSymbolTableRecord
100
AcDbBlockTableRecord
  2
*D20
340
0
 70
0
280
1
281
0
  0
BLOCK_RECORD
  5
58E
330
1
100
AcDbSymbolTableRecord
100
AcDbBlockTableRecord
  2
*D21
340
0
 70
0
280
1
281
0
  0
BLOCK_RECORD
  5
6B9
330
1
100
AcDbSymbolTableRecord
100
AcDbBlockTableRecord
  2
HH_FRAME_A4
340
0
 70
0
280
1
281
0
  0
ENDTAB
  0
ENDSEC
  0
SECTION
  2
BLOCKS
  0
BLOCK
  5
20
330
1F
100
AcDbEntity
  8
0
100
AcDbBlockBegin
  2
*Model_Space
 70
0
 10
0.0
 20
0.0
 30
0.0
  3
*Model_Space
  1

  0
ENDBLK
  5
21
330
1F
100
AcDbEntity
  8
0
100
AcDbBlockEnd
  0
BLOCK
  5
1C
330
1B
100
AcDbEntity
 67
1
  8
0
100
AcDbBlockBegin
  2
*Paper_Space
 70
0
 10
0.0
 20
0.0
 30
0.0
  3
*Paper_Space
  1

  0
ENDBLK
  5
1D
330
1B
100
AcDbEntity
 67
1
  8
0
100
AcDbBlockEnd
  0
BLOCK
  5
24
330
23
100
AcDbEntity
 67
1
  8
0
100
AcDbBlockBegin
  2
*Paper_Space0
 70
0
 10
0.0
 20
0.0
 30
0.0
  3
*Paper_Space0
  1

  0
ENDBLK
  5
25
330
23
100
AcDbEntity
 67
1
  8
0
100
AcDbBlockEnd
  0
BLOCK
  5
F3
330
F2
100
AcDbEntity
  8
0
100
AcDbBlockBegin
  2
_D
 70
0
 10
0.0
 20
0.0
 30
0.0
  3
_D
  1

  0
SOLID
  5
F5
330
F2
100
AcDbEntity
  8
图框
440
16777216
100
AcDbTrace
 10
134.0098356904377
 20
148.7786397569133
 30
0.0
 11
134.5178356904377
 21
152.8586397569133
 31
0.0
 12
133.5018356904377
 22
152.8586397569133
 32
0.0
 13
133.5018356904377
 23
152.8586397569133
 33
0.0
  0
SOLID
  5
F6
330
F2
100
AcDbEntity
  8
图框
440
16777216
100
AcDbTrace
 10
134.0098356904377
 20
143.5786397569115
 30
0.0
 11
133.5018356904377
 21
139.4986397569115
 31
0.0
 12
134.5178356904377
 22
139.4986397569115
 32
0.0
 13
134.5178356904377
 23
139.4986397569115
 33
0.0
  0
LINE
  5
F7
330
F2
100
AcDbEntity
  8
图框
440
16777216
100
AcDbLine
 10
90.67706107284896
 20
148.7786397569133
 30
0.0
 11
136.0098356904377
 21
148.7786397569133
 31
0.0
  0
LINE
  5
F8
330
F2
100
AcDbEntity
  8
图框
440
16777216
100
AcDbLine
 10
90.67706107284896
 20
143.5786397569115
 30
0.0
 11
136.0098356904377
 21
143.5786397569115
 31
0.0
  0
LINE
  5
F9
330
F2
100
AcDbEntity
  8
图框
440
16777216
100
AcDbLine
 10
134.0098356904377
 20
148.7786397569133
 30
0.0
 11
134.0098356904377
 21
155.1286397569133
 31
0.0
  0
LINE
  5
FA
330
F2
100
AcDbEntity
  8
图框
440
16777216
100
AcDbLine
 10
134.0098356904377
 20
148.7786397569133
 30
0.0
 11
134.0098356904377
 21
143.5786397569115
 31
0.0
  0
LINE
  5
FB
330
F2
100
AcDbEntity
  8
图框
440
16777216
100
AcDbLine
 10
134.0098356904377
 20
143.5786397569115
 30
0.0
 11
134.0098356904377
 21
137.2286397569115
 31
0.0
  0
MTEXT
  5
FC
330
F2
100
AcDbEntity
  8
图框
440
16777216
100
AcDbMText
 10
129.483514846417
 20
141.3475912950702
 30
0.0
 40
3.5
 41
0.0
 46
0.0
 71
1
  1
%%c
  7
SLDTEXTSTYLE2
 11
-7e-15
 21
1.0
 31
0.0
  0
MTEXT
  5
FD
330
F2
100
AcDbEntity
  8
图框
440
16777216
100
AcDbMText
 10
129.4980981355745
 20
145.4622787378497
 30
0.0
 40
3.5
 41
0.0
 46
0.0
 71
1
  1
2.60
  7
SLDTEXTSTYLE2
 11
-7e-15
 21
1.0
 31
0.0
  0
ENDBLK
  5
F4
330
F2
100
AcDbEntity
  8
0
100
AcDbBlockEnd
  0
BLOCK
  5
101
330
100
100
AcDbEntity
  8
0
100
AcDbBlockBegin
  2
_D_1
 70
0
 10
0.0
 20
0.0
 30
0.0
  3
_D_1
  1

  0
SOLID
  5
103
330
100
100
AcDbEntity
  8
图框
440
16777216
100
AcDbTrace
 10
68.82065461229692
 20
94.17863975691185
 30
0.0
 11
64.74065461229692
 21
94.68663975691184
 31
0.0
 12
64.74065461229692
 22
93.67063975691185
 32
0.0
 13
64.74065461229692
 23
93.67063975691185
 33
0.0
  0
SOLID
  5
104
330
100
100
AcDbEntity
  8
图框
440
16777216
100
AcDbTrace
 10
84.82065461229693
 20
94.17863975691185
 30
0.0
 11
88.90065461229695
 21
93.67063975691185
 31
0.0
 12
88.90065461229695
 22
94.68663975691184
 32
0.0
 13
88.90065461229695
 23
94.68663975691184
 33
0.0
  0
LINE
  5
105
330
100
100
AcDbEntity
  8
图框
440
16777216
100
AcDbLine
 10
68.82065461229692
 20
154.1786397569118
 30
0.0
 11
68.82065461229692
 21
92.17863975691185
 31
0.0
  0
LINE
  5
106
330
100
100
AcDbEntity
  8
图框
440
16777216
100
AcDbLine
 10
84.82065461229693
 20
154.1786397569118
 30
0.0
 11
84.82065461229693
 21
92.17863975691185
 31
0.0
  0
LINE
  5
107
330
100
100
AcDbEntity
  8
图框
440
16777216
100
AcDbLine
 10
68.82065461229692
 20
94.17863975691185
 30
0.0
 11
62.47065461229691
 21
94.17863975691185
 31
0.0
  0
LINE
  5
108
330
100
100
AcDbEntity
  8
图框
440
16777216
100
AcDbLine
 10
68.82065461229692
 20
94.17863975691185
 30
0.0
 11
84.82065461229693
 21
94.17863975691185
 31
0.0
  0
LINE
  5
109
330
100
100
AcDbEntity
  8
图框
440
16777216
100
AcDbLine
 10
84.82065461229693
 20
94.17863975691185
 30
0.0
 11
91.17065461229691
 21
94.17863975691185
 31
0.0
  0
MTEXT
  5
10A
330
100
100
AcDbEntity
  8
图框
440
16777216
100
AcDbMText
 10
74.20048448359975
 20
98.70496013527134
 30
0.0
 40
3.5
 41
0.0
 46
0.0
 71
1
  1
%%c
  7
SLDTEXTSTYLE2
  0
MTEXT
  5
10B
330
100
100
AcDbEntity
  8
图框
440
16777216
100
AcDbMText
 10
78.31517192637929
 20
98.69037684611374
 30
0.0
 40
3.5
 41
0.0
 46
0.0
 71
1
  1
8
  7
SLDTEXTSTYLE2
  0
ENDBLK
  5
102
330
100
100
AcDbEntity
  8
0
100
AcDbBlockEnd
  0
BLOCK
  5
10E
330
10D
100
AcDbEntity
  8
0
100
AcDbBlockBegin
  2
_D_2
 70
0
 10
0.0
 20
0.0
 30
0.0
  3
_D_2
  1

  0
SOLID
  5
110
330
10D
100
AcDbEntity
  8
图框
440
16777216
100
AcDbTrace
 10
71.82065461229692
 20
106.1786397569118
 30
0.0
 11
67.74065461229692
 21
106.6866397569118
 31
0.0
 12
67.74065461229692
 22
105.6706397569118
 32
0.0
 13
67.74065461229692
 23
105.6706397569118
 33
0.0
  0
SOLID
  5
111
330
10D
100
AcDbEntity
  8
图框
440
16777216
100
AcDbTrace
 10
81.82065461229693
 20
106.1786397569118
 30
0.0
 11
85.90065461229693
 21
105.6706397569118
 31
0.0
 12
85.90065461229693
 22
106.6866397569118
 32
0.0
 13
85.90065461229693
 23
106.6866397569118
 33
0.0
  0
LINE
  5
112
330
10D
100
AcDbEntity
  8
图框
440
16777216
100
AcDbLine
 10
71.82065461229692
 20
154.1786397569118
 30
0.0
 11
71.82065461229692
 21
104.1786397569118
 31
0.0
  0
LINE
  5
113
330
10D
100
AcDbEntity
  8
图框
440
16777216
100
AcDbLine
 10
81.82065461229693
 20
154.1786397569118
 30
0.0
 11
81.82065461229693
 21
104.1786397569118
 31
0.0
  0
LINE
  5
114
330
10D
100
AcDbEntity
  8
图框
440
16777216
100
AcDbLine
 10
71.82065461229692
 20
106.1786397569118
 30
0.0
 11
65.47065461229693
 21
106.1786397569118
 31
0.0
  0
LINE
  5
115
330
10D
100
AcDbEntity
  8
图框
440
16777216
100
AcDbLine
 10
71.82065461229692
 20
106.1786397569118
 30
0.0
 11
81.82065461229693
 21
106.1786397569118
 31
0.0
  0
LINE
  5
116
330
10D
100
AcDbEntity
  8
图框
440
16777216
100
AcDbLine
 10
81.82065461229693
 20
106.1786397569118
 30
0.0
 11
88.17065461229693
 21
106.1786397569118
 31
0.0
  0
MTEXT
  5
117
330
10D
100
AcDbEntity
  8
图框
440
16777216
100
AcDbMText
 10
74.19805373168
 20
110.7049601352713
 30
0.0
 40
3.5
 41
0.0
 46
0.0
 71
1
  1
%%c
  7
SLDTEXTSTYLE2
  0
MTEXT
  5
118
330
10D
100
AcDbEntity
  8
图框
440
16777216
100
AcDbMText
 10
78.31274117445955
 20
110.6903768461137
 30
0.0
 40
3.5
 41
0.0
 46
0.0
 71
1
  1
5
  7
SLDTEXTSTYLE2
  0
ENDBLK
  5
10F
330
10D
100
AcDbEntity
  8
0
100
AcDbBlockEnd
  0
BLOCK
  5
11C
330
11B
100
AcDbEntity
  8
0
100
AcDbBlockBegin
  2
_D_3
 70
0
 10
0.0
 20
0.0
 30
0.0
  3
_D_3
  1

  0
SOLID
  5
11E
330
11B
100
AcDbEntity
  8
图框
440
16777216
100
AcDbTrace
 10
152.0589034775104
 20
174.1786397569118
 30
0.0
 11
151.5509034775105
 21
170.0986397569118
 31
0.0
 12
152.5669034775105
 22
170.0986397569118
 32
0.0
 13
152.5669034775105
 23
170.0986397569118
 33
0.0
  0
SOLID
  5
11F
330
11B
100
AcDbEntity
  8
图框
440
16777216
100
AcDbTrace
 10
152.0589034775104
 20
134.1786397569118
 30
0.0
 11
152.5669034775105
 21
138.2586397569118
 31
0.0
 12
151.5509034775105
 22
138.2586397569118
 32
0.0
 13
151.5509034775105
 23
138.2586397569118
 33
0.0
  0
LINE
  5
120
330
11B
100
AcDbEntity
  8
图框
440
16777216
100
AcDbLine
 10
76.82065461229692
 20
174.1786397569118
 30
0.0
 11
154.0589034775105
 21
174.1786397569118
 31
0.0
  0
LINE
  5
121
330
11B
100
AcDbEntity
  8
图框
440
16777216
100
AcDbLine
 10
76.82065461229692
 20
134.1786397569118
 30
0.0
 11
154.0589034775105
 21
134.1786397569118
 31
0.0
  0
LINE
  5
122
330
11B
100
AcDbEntity
  8
图框
440
16777216
100
AcDbLine
 10
152.0589034775104
 20
174.1786397569118
 30
0.0
 11
152.0589034775104
 21
134.1786397569118
 31
0.0
  0
MTEXT
  5
123
330
11B
100
AcDbEntity
  8
图框
440
16777216
100
AcDbMText
 10
147.5325826334897
 20
148.9627965724527
 30
0.0
 40
3.5
 41
0.0
 46
0.0
 71
1
  1
%%c
  7
SLDTEXTSTYLE2
 11
-7e-15
 21
1.0
 31
0.0
  0
MTEXT
  5
124
330
11B
100
AcDbEntity
  8
图框
440
16777216
100
AcDbMText
 10
147.5471659226473
 20
153.0774840152323
 30
0.0
 40
3.5
 41
0.0
 46
0.0
 71
1
  1
20
  7
SLDTEXTSTYLE2
 11
-7e-15
 21
1.0
 31
0.0
  0
ENDBLK
  5
11D
330
11B
100
AcDbEntity
  8
0
100
AcDbBlockEnd
  0
BLOCK
  5
126
330
125
100
AcDbEntity
  8
0
100
AcDbBlockBegin
  2
SW_CENTERMARKSYMBOL_0
 70
0
 10
0.0
 20
0.0
 30
0.0
  3
SW_CENTERMARKSYMBOL_0
  1

  0
LINE
  5
128
330
125
100
AcDbEntity
  8
图框
 62
0
100
AcDbLine
 10
0.0
 20
0.0
 30
0.0
 11
0.0
 21
5.000000000000004
 31
0.0
  0
LINE
  5
129
330
125
100
AcDbEntity
  8
图框
 62
0
100
AcDbLine
 10
0.0
 20
0.0
 30
0.0
 11
-5.000000000000004
 21
0.0
 31
0.0
  0
LINE
  5
12A
330
125
100
AcDbEntity
  8
图框
 62
0
100
AcDbLine
 10
0.0
 20
0.0
 30
0.0
 11
0.0
 21
-5.000000000000004
 31
0.0
  0
LINE
  5
12B
330
125
100
AcDbEntity
  8
图框
 62
0
100
AcDbLine
 10
0.0
 20
0.0
 30
0.0
 11
5.000000000000004
 21
0.0
 31
0.0
  0
LINE
  5
12C
330
125
100
AcDbEntity
  8
图框
 62
0
100
AcDbLine
 10
0.0
 20
10.00000000000001
 30
0.0
 11
0.0
 21
13.00000000000001
 31
0.0
  0
LINE
  5
12D
330
125
100
AcDbEntity
  8
图框
 62
0
100
AcDbLine
 10
-9.999999999999995
 20
0.0
 30
0.0
 11
-13.0
 21
0.0
 31
0.0
  0
LINE
  5
12E
330
125
100
AcDbEntity
  8
图框
 62
0
100
AcDbLine
 10
0.0
 20
-10.00000000000001
 30
0.0
 11
0.0
 21
-13.00000000000001
 31
0.0
  0
LINE
  5
12F
330
125
100
AcDbEntity
  8
图框
 62
0
100
AcDbLine
 10
9.999999999999995
 20
0.0
 30
0.0
 11
13.0
 21
0.0
 31
0.0
  0
ENDBLK
  5
127
330
125
100
AcDbEntity
  8
0
100
AcDbBlockEnd
  0
BLOCK
  5
132
330
131
100
AcDbEntity
  8
0
100
AcDbBlockBegin
  2
SW_CENTERMARKSYMBOL_1
 70
0
 10
0.0
 20
0.0
 30
0.0
  3
SW_CENTERMARKSYMBOL_1
  1

  0
LINE
  5
134
330
131
100
AcDbEntity
  8
图框
 62
0
100
AcDbLine
 10
0.0
 20
0.0
 30
0.0
 11
0.0
 21
5.000000000000004
 31
0.0
  0
LINE
  5
135
330
131
100
AcDbEntity
  8
图框
 62
0
100
AcDbLine
 10
0.0
 20
0.0
 30
0.0
 11
-5.000000000000004
 21
0.0
 31
0.0
  0
LINE
  5
136
330
131
100
AcDbEntity
  8
图框
 62
0
100
AcDbLine
 10
0.0
 20
0.0
 30
0.0
 11
0.0
 21
-4.999999999999976
 31
0.0
  0
LINE
  5
137
330
131
100
AcDbEntity
  8
图框
 62
0
100
AcDbLine
 10
0.0
 20
0.0
 30
0.0
 11
5.000000000000004
 21
0.0
 31
0.0
  0
LINE
  5
138
330
131
100
AcDbEntity
  8
图框
 62
0
100
AcDbLine
 10
0.0
 20
5.000000000000004
 30
0.0
 11
0.0
 21
7.600000000000023
 31
0.0
  0
LINE
  5
139
330
131
100
AcDbEntity
  8
图框
 62
0
100
AcDbLine
 10
-5.000000000000004
 20
0.0
 30
0.0
 11
-7.599999999999996
 21
0.0
 31
0.0
  0
LINE
  5
13A
330
131
100
AcDbEntity
  8
图框
 62
0
100
AcDbLine
 10
0.0
 20
-4.999999999999976
 30
0.0
 11
0.0
 21
-7.599999999999996
 31
0.0
  0
LINE
  5
13B
330
131
100
AcDbEntity
  8
图框
 62
0
100
AcDbLine
 10
5.000000000000004
 20
0.0
 30
0.0
 11
7.599999999999996
 21
0.0
 31
0.0
  0
ENDBLK
  5
133
330
131
100
AcDbEntity
  8
0
100
AcDbBlockEnd
  0
BLOCK
  5
13E
330
13D
100
AcDbEntity
  8
0
100
AcDbBlockBegin
  2
SW_CENTERMARKSYMBOL_2
 70
0
 10
0.0
 20
0.0
 30
0.0
  3
SW_CENTERMARKSYMBOL_2
  1

  0
LINE
  5
140
330
13D
100
AcDbEntity
  8
图框
 62
0
100
AcDbLine
 10
0.0
 20
0.0
 30
0.0
 11
0.0
 21
4.999999999999976
 31
0.0
  0
LINE
  5
141
330
13D
100
AcDbEntity
  8
图框
 62
0
100
AcDbLine
 10
0.0
 20
0.0
 30
0.0
 11
-5.000000000000004
 21
0.0
 31
0.0
  0
LINE
  5
142
330
13D
100
AcDbEntity
  8
图框
 62
0
100
AcDbLine
 10
0.0
 20
0.0
 30
0.0
 11
0.0
 21
-5.000000000000004
 31
0.0
  0
LINE
  5
143
330
13D
100
AcDbEntity
  8
图框
 62
0
100
AcDbLine
 10
0.0
 20
0.0
 30
0.0
 11
4.99999999999999
 21
0.0
 31
0.0
  0
LINE
  5
144
330
13D
100
AcDbEntity
  8
图框
 62
0
100
AcDbLine
 10
0.0
 20
4.999999999999976
 30
0.0
 11
0.0
 21
7.600000000000855
 31
0.0
  0
LINE
  5
145
330
13D
100
AcDbEntity
  8
图框
 62
0
100
AcDbLine
 10
-5.000000000000004
 20
0.0
 30
0.0
 11
-7.600000000000884
 21
0.0
 31
0.0
  0
LINE
  5
146
330
13D
100
AcDbEntity
  8
图框
 62
0
100
AcDbLine
 10
0.0
 20
-5.000000000000004
 30
0.0
 11
0.0
 21
-7.600000000000884
 31
0.0
  0
LINE
  5
147
330
13D
100
AcDbEntity
  8
图框
 62
0
100
AcDbLine
 10
4.99999999999999
 20
0.0
 30
0.0
 11
7.60000000000087
 21
0.0
 31
0.0
  0
ENDBLK
  5
13F
330
13D
100
AcDbEntity
  8
0
100
AcDbBlockEnd
  0
BLOCK
  5
14A
330
149
100
AcDbEntity
  8
0
100
AcDbBlockBegin
  2
SW_CENTERMARKSYMBOL_3
 70
0
 10
0.0
 20
0.0
 30
0.0
  3
SW_CENTERMARKSYMBOL_3
  1

  0
LINE
  5
14C
330
149
100
AcDbEntity
  8
图框
 62
0
100
AcDbLine
 10
0.0
 20
0.0
 30
0.0
 11
0.0
 21
5.000000000000004
 31
0.0
  0
LINE
  5
14D
330
149
100
AcDbEntity
  8
图框
 62
0
100
AcDbLine
 10
0.0
 20
0.0
 30
0.0
 11
-5.000000000000004
 21
0.0
 31
0.0
  0
LINE
  5
14E
330
149
100
AcDbEntity
  8
图框
 62
0
100
AcDbLine
 10
0.0
 20
0.0
 30
0.0
 11
0.0
 21
-5.000000000000004
 31
0.0
  0
LINE
  5
14F
330
149
100
AcDbEntity
  8
图框
 62
0
100
AcDbLine
 10
0.0
 20
0.0
 30
0.0
 11
5.000000000000004
 21
0.0
 31
0.0
  0
LINE
  5
150
330
149
100
AcDbEntity
  8
图框
 62
0
100
AcDbLine
 10
0.0
 20
5.000000000000004
 30
0.0
 11
0.0
 21
7.600000000001299
 31
0.0
  0
LINE
  5
151
330
149
100
AcDbEntity
  8
图框
 62
0
100
AcDbLine
 10
-5.000000000000004
 20
0.0
 30
0.0
 11
-7.600000000001286
 21
0.0
 31
0.0
  0
LINE
  5
152
330
149
100
AcDbEntity
  8
图框
 62
0
100
AcDbLine
 10
0.0
 20
-5.000000000000004
 30
0.0
 11
0.0
 21
-7.600000000001272
 31
0.0
  0
LINE
  5
153
330
149
100
AcDbEntity
  8
图框
 62
0
100
AcDbLine
 10
5.000000000000004
 20
0.0
 30
0.0
 11
7.600000000001286
 21
0.0
 31
0.0
  0
ENDBLK
  5
14B
330
149
100
AcDbEntity
  8
0
100
AcDbBlockEnd
  0
BLOCK
  5
15E
330
15D
100
AcDbEntity
  8
0
100
AcDbBlockBegin
  2
_D_4
 70
0
 10
0.0
 20
0.0
 30
0.0
  3
_D_4
  1

  0
SOLID
  5
160
330
15D
100
AcDbEntity
  8
图框
440
16777216
100
AcDbTrace
 10
194.0521885433469
 20
100.1786397569118
 30
0.0
 11
189.9721885433469
 21
100.6866397569118
 31
0.0
 12
189.9721885433469
 22
99.67063975691183
 32
0.0
 13
189.9721885433469
 23
99.67063975691183
 33
0.0
  0
SOLID
  5
161
330
15D
100
AcDbEntity
  8
图框
440
16777216
100
AcDbTrace
 10
204.0521885433469
 20
100.1786397569118
 30
0.0
 11
208.1321885433469
 21
99.67063975691183
 31
0.0
 12
208.1321885433469
 22
100.6866397569118
 32
0.0
 13
208.1321885433469
 23
100.6866397569118
 33
0.0
  0
LINE
  5
162
330
15D
100
AcDbEntity
  8
图框
440
16777216
100
AcDbLine
 10
194.0521885433469
 20
134.1786397569118
 30
0.0
 11
194.0521885433469
 21
98.17863975691182
 31
0.0
  0
LINE
  5
163
330
15D
100
AcDbEntity
  8
图框
440
16777216
100
AcDbLine
 10
204.0521885433469
 20
146.1786397569118
 30
0.0
 11
204.0521885433469
 21
98.17863975691182
 31
0.0
  0
LINE
  5
164
330
15D
100
AcDbEntity
  8
图框
440
16777216
100
AcDbLine
 10
194.0521885433469
 20
100.1786397569118
 30
0.0
 11
187.7021885433469
 21
100.1786397569118
 31
0.0
  0
LINE
  5
165
330
15D
100
AcDbEntity
  8
图框
440
16777216
100
AcDbLine
 10
194.0521885433469
 20
100.1786397569118
 30
0.0
 11
204.0521885433469
 21
100.1786397569118
 31
0.0
  0
LINE
  5
166
330
15D
100
AcDbEntity
  8
图框
440
16777216
100
AcDbLine
 10
204.0521885433469
 20
100.1786397569118
 30
0.0
 11
210.4021885433469
 21
100.1786397569118
 31
0.0
  0
MTEXT
  5
167
330
15D
100
AcDbEntity
  8
图框
440
16777216
100
AcDbMText
 10
198.9484988186879
 20
104.6903770789443
 30
0.0
 40
3.5
 41
0.0
 46
0.0
 71
1
  1
5
  7
SLDTEXTSTYLE2
  0
ENDBLK
  5
15F
330
15D
100
AcDbEntity
  8
0
100
AcDbBlockEnd
  0
BLOCK
  5
16A
330
169
100
AcDbEntity
  8
0
100
AcDbBlockBegin
  2
_D_5
 70
0
 10
0.0
 20
0.0
 30
0.0
  3
_D_5
  1

  0
SOLID
  5
16C
330
169
100
AcDbEntity
  8
图框
440
16777216
100
AcDbTrace
 10
186.0521885433469
 20
88.17863975691182
 30
0.0
 11
181.9721885433469
 21
88.68663975691182
 31
0.0
 12
181.9721885433469
 22
87.67063975691183
 32
0.0
 13
181.9721885433469
 23
87.67063975691183
 33
0.0
  0
SOLID
  5
16D
330
169
100
AcDbEntity
  8
图框
440
16777216
100
AcDbTrace
 10
194.0521885433469
 20
88.17863975691182
 30
0.0
 11
198.1321885433469
 21
87.67063975691183
 31
0.0
 12
198.1321885433469
 22
88.68663975691182
 32
0.0
 13
198.1321885433469
 23
88.68663975691182
 33
0.0
  0
LINE
  5
16E
330
169
100
AcDbEntity
  8
图框
440
16777216
100
AcDbLine
 10
186.0521885433469
 20
134.1786397569118
 30
0.0
 11
186.0521885433469
 21
86.1786397569118
 31
0.0
  0
LINE
  5
16F
330
169
100
AcDbEntity
  8
图框
440
16777216
100
AcDbLine
 10
194.0521885433469
 20
134.1786397569118
 30
0.0
 11
194.0521885433469
 21
86.1786397569118
 31
0.0
  0
LINE
  5
170
330
169
100
AcDbEntity
  8
图框
440
16777216
100
AcDbLine
 10
186.0521885433469
 20
88.17863975691182
 30
0.0
 11
179.7021885433469
 21
88.17863975691182
 31
0.0
  0
LINE
  5
171
330
169
100
AcDbEntity
  8
图框
440
16777216
100
AcDbLine
 10
186.0521885433469
 20
88.17863975691182
 30
0.0
 11
194.0521885433469
 21
88.17863975691182
 31
0.0
  0
LINE
  5
172
330
169
100
AcDbEntity
  8
图框
440
16777216
100
AcDbLine
 10
194.0521885433469
 20
88.17863975691182
 30
0.0
 11
200.4021885433469
 21
88.17863975691182
 31
0.0
  0
MTEXT
  5
173
330
169
100
AcDbEntity
  8
图框
440
16777216
100
AcDbMText
 10
187.1861849799213
 20
92.69037707894434
 30
0.0
 40
3.5
 41
0.0
 46
0.0
 71
1
  1
4
  7
SLDTEXTSTYLE2
  0
ENDBLK
  5
16B
330
169
100
AcDbEntity
  8
0
100
AcDbBlockEnd
  0
BLOCK
  5
566
330
565
100
AcDbEntity
  8
0
100
AcDbBlockBegin
  2
*D18
 70
1
 10
0.0
 20
0.0
 30
0.0
  3
*D18
  1

  0
LINE
  5
66D
330
565
100
AcDbEntity
  8
0
 62
0
370
-2
440
16777216
100
AcDbLine
 10
122.8178257391952
 20
183.0487073650754
 30
0.0
 11
117.1378816832512
 21
183.0487073650754
 31
0.0
  0
LINE
  5
66E
330
565
100
AcDbEntity
  8
0
 62
0
370
-2
440
16777216
100
AcDbLine
 10
117.1378816832512
 20
183.0487073650754
 30
0.0
 11
84.20310957570177
 21
159.4650145746201
 31
0.0
  0
LINE
  5
66F
330
565
100
AcDbEntity
  8
0
 62
0
370
-2
440
16777216
100
AcDbLine
 10
69.43819964889212
 20
148.8922649392035
 30
0.0
 11
66.12097318956489
 21
146.5168894704536
 31
0.0
  0
MTEXT
  5
670
330
565
100
AcDbEntity
  8
0
 62
0
440
16777216
100
AcDbMText
 10
120.7398537112232
 20
186.6996304419985
 30
0.0
 40
3.5
 41
0.0
 46
0.0
 71
5
  1
∅5
  0
LINE
  5
671
330
565
100
AcDbEntity
  8
0
 62
0
370
-2
440
16777216
100
AcDbLine
 10
72.75542610821941
 20
151.2676404079535
 30
0.0
 11
80.88588311637449
 21
157.0896391058701
 31
0.0
  0
SOLID
  5
672
330
565
100
AcDbEntity
  8
0
 62
0
370
-3
440
16777216
100
AcDbTrace
 10
69.0423037374338
 20
149.4451360157581
 30
0.0
 11
69.83409556035046
 21
148.339393862649
 31
0.0
 12
72.75542610821941
 22
151.2676404079535
 32
0.0
 13
72.75542610821941
 23
151.2676404079535
 33
0.0
  0
SOLID
  5
673
330
565
100
AcDbEntity
  8
0
 62
0
370
-3
440
16777216
100
AcDbTrace
 10
83.80721366424343
 20
160.0178856511746
 30
0.0
 11
84.5990054871601
 21
158.9121434980655
 31
0.0
 12
80.88588311637449
 22
157.0896391058701
 32
0.0
 13
80.88588311637449
 23
157.0896391058701
 33
0.0
  0
POINT
  5
674
330
565
100
AcDbEntity
  8
Defpoints
 62
0
370
-3
440
16777216
100
AcDbPoint
 10
80.88588311637449
 20
157.0896391058701
 30
0.0
  0
POINT
  5
675
330
565
100
AcDbEntity
  8
Defpoints
 62
0
370
-3
440
16777216
100
AcDbPoint
 10
72.75542610821941
 20
151.2676404079535
 30
0.0
  0
ENDBLK
  5
567
330
565
100
AcDbEntity
  8
0
100
AcDbBlockEnd
  0
BLOCK
  5
573
330
572
100
AcDbEntity
  8
0
100
AcDbBlockBegin
  2
*D19
 70
1
 10
0.0
 20
0.0
 30
0.0
  3
*D19
  1

  0
LINE
  5
676
330
572
100
AcDbEntity
  8
0
 62
0
370
-2
440
16777216
100
AcDbLine
 10
149.628512592642
 20
172.968807749938
 30
0.0
 11
142.1471699352994
 21
172.968807749938
 31
0.0
  0
LINE
  5
677
330
572
100
AcDbEntity
  8
0
 62
0
370
-2
440
16777216
100
AcDbLine
 10
142.1471699352994
 20
172.968807749938
 30
0.0
 11
99.96237593728276
 21
160.8350001826021
 31
0.0
  0
LINE
  5
678
330
572
100
AcDbEntity
  8
0
 62
0
370
-2
440
16777216
100
AcDbLine
 10
53.67893328731106
 20
147.5222793312216
 30
0.0
 11
49.75791073723041
 21
146.3944574650748
 31
0.0
  0
MTEXT
  5
679
330
572
100
AcDbEntity
  8
0
 62
0
440
16777216
100
AcDbMText
 10
146.6498412639707
 20
176.6197308268611
 30
0.0
 40
3.5
 41
0.0
 46
0.0
 71
5
  1
∅20
  0
LINE
  5
67A
330
572
100
AcDbEntity
  8
0
 62
0
370
-2
440
16777216
100
AcDbLine
 10
57.59995583739172
 20
148.6501011973684
 30
0.0
 11
96.04135338720207
 21
159.7071783164552
 31
0.0
  0
SOLID
  5
67B
330
572
100
AcDbEntity
  8
0
 62
0
370
-3
440
16777216
100
AcDbTrace
 10
53.49096297628658
 20
148.1757830895684
 30
0.0
 11
53.86690359833554
 21
146.8687755728748
 31
0.0
 12
57.59995583739172
 22
148.6501011973684
 32
0.0
 13
57.59995583739172
 23
148.6501011973684
 33
0.0
  0
SOLID
  5
67C
330
572
100
AcDbEntity
  8
0
 62
0
370
-3
440
16777216
100
AcDbTrace
 10
99.77440562625829
 20
161.4885039409488
 30
0.0
 11
100.1503462483072
 21
160.1814964242553
 31
0.0
 12
96.04135338720207
 22
159.7071783164552
 32
0.0
 13
96.04135338720207
 23
159.7071783164552
 33
0.0
  0
POINT
  5
67D
330
572
100
AcDbEntity
  8
Defpoints
 62
0
370
-3
440
16777216
100
AcDbPoint
 10
96.04135338720207
 20
159.7071783164552
 30
0.0
  0
POINT
  5
67E
330
572
100
AcDbEntity
  8
Defpoints
 62
0
370
-3
440
16777216
100
AcDbPoint
 10
57.59995583739172
 20
148.6501011973684
 30
0.0
  0
ENDBLK
  5
574
330
572
100
AcDbEntity
  8
0
100
AcDbBlockEnd
  0
BLOCK
  5
580
330
57F
100
AcDbEntity
  8
0
100
AcDbBlockBegin
  2
*D20
 70
1
 10
0.0
 20
0.0
 30
0.0
  3
*D20
  1

  0
LINE
  5
67F
330
57F
100
AcDbEntity
  8
0
 62
0
370
-2
440
16777216
100
AcDbLine
 10
194.0521885433469
 20
146.1786397569118
 30
0.0
 11
194.0521885433469
 21
105.2750730417612
 31
0.0
  0
LINE
  5
680
330
57F
100
AcDbEntity
  8
0
 62
0
370
-2
440
16777216
100
AcDbLine
 10
204.0521885433469
 20
146.1786397569118
 30
0.0
 11
204.0521885433469
 21
105.2750730417612
 31
0.0
  0
LINE
  5
681
330
57F
100
AcDbEntity
  8
0
 62
0
370
-2
440
16777216
100
AcDbLine
 10
189.9721885433469
 20
107.2750730417612
 30
0.0
 11
185.8921885433469
 21
107.2750730417612
 31
0.0
  0
LINE
  5
682
330
57F
100
AcDbEntity
  8
0
 62
0
370
-2
440
16777216
100
AcDbLine
 10
208.1321885433469
 20
107.2750730417612
 30
0.0
 11
212.2121885433469
 21
107.2750730417612
 31
0.0
  0
LINE
  5
683
330
57F
100
AcDbEntity
  8
0
 62
0
370
-2
440
16777216
100
AcDbLine
 10
194.0521885433469
 20
107.2750730417612
 30
0.0
 11
204.0521885433469
 21
107.2750730417612
 31
0.0
  0
SOLID
  5
684
330
57F
100
AcDbEntity
  8
0
 62
0
370
-3
440
16777216
100
AcDbTrace
 10
189.9721885433469
 20
107.9550730417611
 30
0.0
 11
189.9721885433469
 21
106.5950730417611
 31
0.0
 12
194.0521885433469
 22
107.2750730417612
 32
0.0
 13
194.0521885433469
 23
107.2750730417612
 33
0.0
  0
SOLID
  5
685
330
57F
100
AcDbEntity
  8
0
 62
0
370
-3
440
16777216
100
AcDbTrace
 10
208.1321885433469
 20
107.9550730417611
 30
0.0
 11
208.1321885433469
 21
106.5950730417611
 31
0.0
 12
204.0521885433469
 22
107.2750730417612
 32
0.0
 13
204.0521885433469
 23
107.2750730417612
 33
0.0
  0
MTEXT
  5
686
330
57F
100
AcDbEntity
  8
0
 62
0
440
16777216
100
AcDbMText
 10
199.0521885433469
 20
110.5490730417612
 30
0.0
 40
3.5
 41
0.0
 46
0.0
 71
5
  1
5
  0
POINT
  5
687
330
57F
100
AcDbEntity
  8
Defpoints
 62
0
370
-3
440
16777216
100
AcDbPoint
 10
194.0521885433469
 20
146.1786397569118
 30
0.0
  0
POINT
  5
688
330
57F
100
AcDbEntity
  8
Defpoints
 62
0
370
-3
440
16777216
100
AcDbPoint
 10
204.0521885433469
 20
146.1786397569118
 30
0.0
  0
POINT
  5
689
330
57F
100
AcDbEntity
  8
Defpoints
 62
0
370
-3
440
16777216
100
AcDbPoint
 10
204.0521885433469
 20
107.2750730417612
 30
0.0
  0
ENDBLK
  5
581
330
57F
100
AcDbEntity
  8
0
100
AcDbBlockEnd
  0
BLOCK
  5
58F
330
58E
100
AcDbEntity
  8
0
100
AcDbBlockBegin
  2
*D21
 70
1
 10
0.0
 20
0.0
 30
0.0
  3
*D21
  1

  0
LINE
  5
68A
330
58E
100
AcDbEntity
  8
0
 62
0
370
-2
440
16777216
100
AcDbLine
 10
186.0521885433469
 20
134.1786397569118
 30
0.0
 11
186.0521885433469
 21
187.621882782793
 31
0.0
  0
LINE
  5
68B
330
58E
100
AcDbEntity
  8
0
 62
0
370
-2
440
16777216
100
AcDbLine
 10
204.0521885433469
 20
146.1786397569118
 30
0.0
 11
204.0521885433469
 21
187.621882782793
 31
0.0
  0
LINE
  5
68C
330
58E
100
AcDbEntity
  8
0
 62
0
370
-2
440
16777216
100
AcDbLine
 10
190.1321885433469
 20
185.621882782793
 30
0.0
 11
199.9721885433469
 21
185.621882782793
 31
0.0
  0
SOLID
  5
68D
330
58E
100
AcDbEntity
  8
0
 62
0
370
-3
440
16777216
100
AcDbTrace
 10
190.1321885433469
 20
186.301882782793
 30
0.0
 11
190.1321885433469
 21
184.941882782793
 31
0.0
 12
186.0521885433469
 22
185.621882782793
 32
0.0
 13
186.0521885433469
 23
185.621882782793
 33
0.0
  0
SOLID
  5
68E
330
58E
100
AcDbEntity
  8
0
 62
0
370
-3
440
16777216
100
AcDbTrace
 10
199.9721885433469
 20
186.301882782793
 30
0.0
 11
199.9721885433469
 21
184.941882782793
 31
0.0
 12
204.0521885433469
 22
185.621882782793
 32
0.0
 13
204.0521885433469
 23
185.621882782793
 33
0.0
  0
MTEXT
  5
68F
330
58E
100
AcDbEntity
  8
0
 62
0
440
16777216
100
AcDbMText
 10
195.0521885433469
 20
188.895882782793
 30
0.0
 40
3.5
 41
0.0
 46
0.0
 71
5
  1
9
  0
POINT
  5
690
330
58E
100
AcDbEntity
  8
Defpoints
 62
0
370
-3
440
16777216
100
AcDbPoint
 10
186.0521885433469
 20
134.1786397569118
 30
0.0
  0
POINT
  5
691
330
58E
100
AcDbEntity
  8
Defpoints
 62
0
370
-3
440
16777216
100
AcDbPoint
 10
204.0521885433469
 20
146.1786397569118
 30
0.0
  0
POINT
  5
692
330
58E
100
AcDbEntity
  8
Defpoints
 62
0
370
-3
440
16777216
100
AcDbPoint
 10
204.0521885433469
 20
185.621882782793
 30
0.0
  0
ENDBLK
  5
590
330
58E
100
AcDbEntity
  8
0
100
AcDbBlockEnd
  0
BLOCK
  5
6BA
330
6B9
100
AcDbEntity
  8
0
100
AcDbBlockBegin
  2
HH_FRAME_A4
 70
2
 10
0.0
 20
0.0
 30
0.0
  3
HH_FRAME_A4
  1

  0
LWPOLYLINE
  5
6BC
330
6B9
100
AcDbEntity
  8
HH_TITLE
100
AcDbPolyline
 90
4
 70
1
 10
0.0
 20
1.0
 10
297.0
 20
1.0
 10
297.0
 20
211.0
 10
0.0
 20
211.0
  0
LWPOLYLINE
  5
6BD
330
6B9
100
AcDbEntity
  8
HH_TITLE
100
AcDbPolyline
 90
4
 70
1
 10
25.0
 20
6.0
 10
292.0
 20
6.0
 10
292.0
 20
206.0
 10
25.0
 20
206.0
  0
LWPOLYLINE
  5
6BE
330
6B9
100
AcDbEntity
  8
HH_TITLE
100
AcDbPolyline
 90
4
 70
1
 10
112.0
 20
6.0
 10
292.0
 20
6.0
 10
292.0
 20
62.0
 10
112.0
 20
62.0
  0
LINE
  5
6BF
330
6B9
100
AcDbEntity
  8
HH_TITLE
100
AcDbLine
 10
112.0
 20
18.0
 30
0.0
 11
292.0
 21
18.0
 31
0.0
  0
LINE
  5
6C0
330
6B9
100
AcDbEntity
  8
HH_TITLE
100
AcDbLine
 10
112.0
 20
28.0
 30
0.0
 11
292.0
 21
28.0
 31
0.0
  0
LINE
  5
6C1
330
6B9
100
AcDbEntity
  8
HH_TITLE
100
AcDbLine
 10
112.0
 20
50.0
 30
0.0
 11
292.0
 21
50.0
 31
0.0
  0
LINE
  5
6C2
330
6B9
100
AcDbEntity
  8
HH_TITLE
100
AcDbLine
 10
220.0
 20
28.0
 30
0.0
 11
220.0
 21
50.0
 31
0.0
  0
LINE
  5
6C3
330
6B9
100
AcDbEntity
  8
HH_TITLE
100
AcDbLine
 10
256.0
 20
28.0
 30
0.0
 11
256.0
 21
50.0
 31
0.0
  0
LINE
  5
6C4
330
6B9
100
AcDbEntity
  8
HH_TITLE
100
AcDbLine
 10
256.0
 20
39.0
 30
0.0
 11
292.0
 21
39.0
 31
0.0
  0
LINE
  5
6C5
330
6B9
100
AcDbEntity
  8
HH_TITLE
100
AcDbLine
 10
148.0
 20
6.0
 30
0.0
 11
148.0
 21
18.0
 31
0.0
  0
LINE
  5
6C6
330
6B9
100
AcDbEntity
  8
HH_TITLE
100
AcDbLine
 10
184.0
 20
6.0
 30
0.0
 11
184.0
 21
18.0
 31
0.0
  0
LINE
  5
6C7
330
6B9
100
AcDbEntity
  8
HH_TITLE
100
AcDbLine
 10
220.0
 20
6.0
 30
0.0
 11
220.0
 21
18.0
 31
0.0
  0
LINE
  5
6C8
330
6B9
100
AcDbEntity
  8
HH_TITLE
100
AcDbLine
 10
256.0
 20
6.0
 30
0.0
 11
256.0
 21
18.0
 31
0.0
  0
LINE
  5
6C9
330
6B9
100
AcDbEntity
  8
HH_TITLE
100
AcDbLine
 10
148.0
 20
18.0
 30
0.0
 11
148.0
 21
28.0
 31
0.0
  0
LINE
  5
6CA
330
6B9
100
AcDbEntity
  8
HH_TITLE
100
AcDbLine
 10
184.0
 20
18.0
 30
0.0
 11
184.0
 21
28.0
 31
0.0
  0
LINE
  5
6CB
330
6B9
100
AcDbEntity
  8
HH_TITLE
100
AcDbLine
 10
220.0
 20
18.0
 30
0.0
 11
220.0
 21
28.0
 31
0.0
  0
LINE
  5
6CC
330
6B9
100
AcDbEntity
  8
HH_TITLE
100
AcDbLine
 10
256.0
 20
18.0
 30
0.0
 11
256.0
 21
28.0
 31
0.0
  0
TEXT
  5
6CD
330
6B9
100
AcDbEntity
  8
HH_TITLE
100
AcDbText
 10
166.0449438202247
 20
53.5
 30
0.0
 40
5.0
  1
东方宏华 · 钻机电控
  7
HH_CHN
100
AcDbText
  0
TEXT
  5
6CE
330
6B9
100
AcDbEntity
  8
HH_TITLE
100
AcDbText
 10
160.6067415730337
 20
41.75
 30
0.0
 40
2.5
  1
图  名
  7
HH_CHN
100
AcDbText
  0
ATTDEF
  5
6CF
330
6B9
100
AcDbEntity
  8
HH_TITLE
100
AcDbText
 10
155.2134831460674
 20
32.5
 30
0.0
 40
5.0
  1

  7
HH_CHN
100
AcDbAttributeDefinition
  3

  2
TITLE
 70
0
 71
1
 72
0
  0
TEXT
  5
6D0
330
6B9
100
AcDbEntity
  8
HH_TITLE
100
AcDbText
 10
232.6067415730337
 20
41.75
 30
0.0
 40
2.5
  1
图  号
  7
HH_CHN
100
AcDbText
  0
ATTDEF
  5
6D1
330
6B9
100
AcDbEntity
  8
HH_TITLE
100
AcDbText
 10
230.4494382022472
 20
33.25
 30
0.0
 40
3.5
  1

  7
HH_CHN
100
AcDbAttributeDefinition
  3

  2
DWG_NO
 70
0
 71
1
 72
0
  0
TEXT
  5
6D2
330
6B9
100
AcDbEntity
  8
HH_TITLE
100
AcDbText
 10
268.6067415730337
 20
48.25
 30
0.0
 40
2.5
  1
比  例
  7
HH_CHN
100
AcDbText
  0
ATTDEF
  5
6D3
330
6B9
100
AcDbEntity
  8
HH_TITLE
100
AcDbText
 10
267.5280898876405
 20
43.0
 30
0.0
 40
3.0
  1

  7
HH_CHN
100
AcDbAttributeDefinition
  3

  2
SCALE
 70
0
 71
1
 72
0
  0
TEXT
  5
6D4
330
6B9
100
AcDbEntity
  8
HH_TITLE
100
AcDbText
 10
268.6067415730337
 20
37.25
 30
0.0
 40
2.5
  1
阶  段
  7
HH_CHN
100
AcDbText
  0
ATTDEF
  5
6D5
330
6B9
100
AcDbEntity
  8
HH_TITLE
100
AcDbText
 10
267.5280898876405
 20
32.0
 30
0.0
 40
3.0
  1

  7
HH_CHN
100
AcDbAttributeDefinition
  3

  2
STAGE
 70
0
 71
1
 72
0
  0
TEXT
  5
6D6
330
6B9
100
AcDbEntity
  8
HH_TITLE
100
AcDbText
 10
126.8359550561797
 20
24.4
 30
0.0
 40
2.2
  1
材料
  7
HH_CHN
100
AcDbText
  0
ATTDEF
  5
6D7
330
6B9
100
AcDbEntity
  8
HH_TITLE
100
AcDbText
 10
123.9595505617977
 20
19.1
 30
0.0
 40
2.799999999999999
  1

  7
HH_CHN
100
AcDbAttributeDefinition
  3

  2
MATERIAL
 70
0
 71
1
 72
0
  0
TEXT
  5
6D8
330
6B9
100
AcDbEntity
  8
HH_TITLE
100
AcDbText
 10
162.8359550561798
 20
24.4
 30
0.0
 40
2.2
  1
重量
  7
HH_CHN
100
AcDbText
  0
ATTDEF
  5
6D9
330
6B9
100
AcDbEntity
  8
HH_TITLE
100
AcDbText
 10
159.9595505617977
 20
19.1
 30
0.0
 40
2.799999999999999
  1

  7
HH_CHN
100
AcDbAttributeDefinition
  3

  2
WEIGHT
 70
0
 71
1
 72
0
  0
TEXT
  5
6DA
330
6B9
100
AcDbEntity
  8
HH_TITLE
100
AcDbText
 10
198.8359550561798
 20
24.4
 30
0.0
 40
2.2
  1
版本
  7
HH_CHN
100
AcDbText
  0
ATTDEF
  5
6DB
330
6B9
100
AcDbEntity
  8
HH_TITLE
100
AcDbText
 10
195.9595505617977
 20
19.1
 30
0.0
 40
2.799999999999999
  1

  7
HH_CHN
100
AcDbAttributeDefinition
  3

  2
VERSION
 70
0
 71
1
 72
0
  0
TEXT
  5
6DC
330
6B9
100
AcDbEntity
  8
HH_TITLE
100
AcDbText
 10
234.8359550561798
 20
24.4
 30
0.0
 40
2.2
  1
日期
  7
HH_CHN
100
AcDbText
  0
ATTDEF
  5
6DD
330
6B9
100
AcDbEntity
  8
HH_TITLE
100
AcDbText
 10
231.9595505617978
 20
19.1
 30
0.0
 40
2.799999999999999
  1

  7
HH_CHN
100
AcDbAttributeDefinition
  3

  2
DATE
 70
0
 71
1
 72
0
  0
TEXT
  5
6DE
330
6B9
100
AcDbEntity
  8
HH_TITLE
100
AcDbText
 10
270.8359550561798
 20
24.4
 30
0.0
 40
2.2
  1
图幅
  7
HH_CHN
100
AcDbText
  0
ATTDEF
  5
6DF
330
6B9
100
AcDbEntity
  8
HH_TITLE
100
AcDbText
 10
267.9595505617978
 20
19.1
 30
0.0
 40
2.799999999999999
  1

  7
HH_CHN
100
AcDbAttributeDefinition
  3

  2
SHEET
 70
0
 71
1
 72
0
  0
TEXT
  5
6E0
330
6B9
100
AcDbEntity
  8
HH_TITLE
100
AcDbText
 10
126.8359550561797
 20
13.4
 30
0.0
 40
2.2
  1
设计
  7
HH_CHN
100
AcDbText
  0
ATTDEF
  5
6E1
330
6B9
100
AcDbEntity
  8
HH_TITLE
100
AcDbText
 10
123.9595505617977
 20
8.099999999999998
 30
0.0
 40
2.799999999999999
  1

  7
HH_CHN
100
AcDbAttributeDefinition
  3

  2
DESIGN
 70
0
 71
1
 72
0
  0
TEXT
  5
6E2
330
6B9
100
AcDbEntity
  8
HH_TITLE
100
AcDbText
 10
162.8359550561798
 20
13.4
 30
0.0
 40
2.2
  1
校对
  7
HH_CHN
100
AcDbText
  0
ATTDEF
  5
6E3
330
6B9
100
AcDbEntity
  8
HH_TITLE
100
AcDbText
 10
159.9595505617977
 20
8.099999999999998
 30
0.0
 40
2.799999999999999
  1

  7
HH_CHN
100
AcDbAttributeDefinition
  3

  2
CHECKED
 70
0
 71
1
 72
0
  0
TEXT
  5
6E4
330
6B9
100
AcDbEntity
  8
HH_TITLE
100
AcDbText
 10
198.8359550561798
 20
13.4
 30
0.0
 40
2.2
  1
审核
  7
HH_CHN
100
AcDbText
  0
ATTDEF
  5
6E5
330
6B9
100
AcDbEntity
  8
HH_TITLE
100
AcDbText
 10
195.9595505617977
 20
8.099999999999998
 30
0.0
 40
2.799999999999999
  1

  7
HH_CHN
100
AcDbAttributeDefinition
  3

  2
REVIEWED
 70
0
 71
1
 72
0
  0
TEXT
  5
6E6
330
6B9
100
AcDbEntity
  8
HH_TITLE
100
AcDbText
 10
234.8359550561798
 20
13.4
 30
0.0
 40
2.2
  1
批准
  7
HH_CHN
100
AcDbText
  0
ATTDEF
  5
6E7
330
6B9
100
AcDbEntity
  8
HH_TITLE
100
AcDbText
 10
231.9595505617978
 20
8.099999999999998
 30
0.0
 40
2.799999999999999
  1

  7
HH_CHN
100
AcDbAttributeDefinition
  3

  2
APPROVED
 70
0
 71
1
 72
0
  0
TEXT
  5
6E8
330
6B9
100
AcDbEntity
  8
HH_TITLE
100
AcDbText
 10
270.8359550561798
 20
13.4
 30
0.0
 40
2.2
  1
会签
  7
HH_CHN
100
AcDbText
  0
ATTDEF
  5
6E9
330
6B9
100
AcDbEntity
  8
HH_TITLE
100
AcDbText
 10
267.9595505617978
 20
8.099999999999998
 30
0.0
 40
2.799999999999999
  1

  7
HH_CHN
100
AcDbAttributeDefinition
  3

  2
COUNTERSIGN
 70
0
 71
1
 72
0
  0
LINE
  5
6EA
330
6B9
100
AcDbEntity
  8
HH_TITLE
100
AcDbLine
 10
142.5
 20
6.0
 30
0.0
 11
154.5
 21
6.0
 31
0.0
  0
LINE
  5
6EB
330
6B9
100
AcDbEntity
  8
HH_TITLE
100
AcDbLine
 10
148.5
 20
0.0
 30
0.0
 11
148.5
 21
12.0
 31
0.0
  0
LINE
  5
6EC
330
6B9
100
AcDbEntity
  8
HH_TITLE
100
AcDbLine
 10
142.5
 20
206.0
 30
0.0
 11
154.5
 21
206.0
 31
0.0
  0
LINE
  5
6ED
330
6B9
100
AcDbEntity
  8
HH_TITLE
100
AcDbLine
 10
148.5
 20
200.0
 30
0.0
 11
148.5
 21
212.0
 31
0.0
  0
LINE
  5
6EE
330
6B9
100
AcDbEntity
  8
HH_TITLE
100
AcDbLine
 10
19.0
 20
106.0
 30
0.0
 11
31.0
 21
106.0
 31
0.0
  0
LINE
  5
6EF
330
6B9
100
AcDbEntity
  8
HH_TITLE
100
AcDbLine
 10
25.0
 20
100.0
 30
0.0
 11
25.0
 21
112.0
 31
0.0
  0
LINE
  5
6F0
330
6B9
100
AcDbEntity
  8
HH_TITLE
100
AcDbLine
 10
286.0
 20
106.0
 30
0.0
 11
298.0
 21
106.0
 31
0.0
  0
LINE
  5
6F1
330
6B9
100
AcDbEntity
  8
HH_TITLE
100
AcDbLine
 10
292.0
 20
100.0
 30
0.0
 11
292.0
 21
112.0
 31
0.0
  0
CIRCLE
  5
6F2
330
6B9
100
AcDbEntity
  8
HH_TITLE
100
AcDbCircle
 10
41.0
 20
190.0
 30
0.0
 40
6.0
  0
LINE
  5
6F3
330
6B9
100
AcDbEntity
  8
HH_TITLE
100
AcDbLine
 10
41.0
 20
184.0
 30
0.0
 11
41.0
 21
196.0
 31
0.0
  0
LINE
  5
6F4
330
6B9
100
AcDbEntity
  8
HH_TITLE
100
AcDbLine
 10
41.0
 20
190.0
 30
0.0
 11
38.0
 21
187.0
 31
0.0
  0
LINE
  5
6F5
330
6B9
100
AcDbEntity
  8
HH_TITLE
100
AcDbLine
 10
41.0
 20
190.0
 30
0.0
 11
44.0
 21
193.0
 31
0.0
  0
ENDBLK
  5
6BB
330
6B9
100
AcDbEntity
  8
0
100
AcDbBlockEnd
  0
ENDSEC
  0
SECTION
  2
ENTITIES
  0
LINE
  5
70
330
1F
100
AcDbEntity
  8
图框
100
AcDbLine
 10
1.39e-14
 20
66.22062153984083
 30
0.0
 11
25.00000000000002
 21
66.22062153984083
 31
0.0
  0
LINE
  5
71
330
1F
100
AcDbEntity
  8
图框
370
25
100
AcDbLine
 10
112.0
 20
60.99999999999999
 30
0.0
 11
112.0
 21
5.0
 31
0.0
  0
LINE
  5
75
330
1F
100
AcDbEntity
  8
图框
100
AcDbLine
 10
1.39e-14
 20
71.22062153984083
 30
0.0
 11
25.00000000000002
 21
71.22062153984083
 31
0.0
  0
LINE
  5
76
330
1F
100
AcDbEntity
  8
图框
100
AcDbLine
 10
0.0
 20
53.43002782288127
 30
0.0
 11
24.99999999999999
 21
53.43002782288127
 31
0.0
  0
LINE
  5
77
330
1F
100
AcDbEntity
  8
图框
100
AcDbLine
 10
0.0
 20
58.43002782288127
 30
0.0
 11
24.99999999999999
 21
58.43002782288127
 31
0.0
  0
LINE
  5
78
330
1F
100
AcDbEntity
  8
图框
100
AcDbLine
 10
0.0
 20
40.43002782288127
 30
0.0
 11
24.99999999999999
 21
40.43002782288127
 31
0.0
  0
LINE
  5
79
330
1F
100
AcDbEntity
  8
图框
100
AcDbLine
 10
0.0
 20
45.43002782288125
 30
0.0
 11
24.99999999999999
 21
45.43002782288125
 31
0.0
  0
LINE
  5
7A
330
1F
100
AcDbEntity
  8
图框
100
AcDbLine
 10
0.0
 20
27.43002782288126
 30
0.0
 11
24.99999999999999
 21
27.43002782288126
 31
0.0
  0
LINE
  5
7B
330
1F
100
AcDbEntity
  8
图框
100
AcDbLine
 10
0.0
 20
32.43002782288126
 30
0.0
 11
24.99999999999999
 21
32.43002782288126
 31
0.0
  0
LINE
  5
7C
330
1F
100
AcDbEntity
  8
图框
100
AcDbLine
 10
0.0
 20
19.43002782288128
 30
0.0
 11
24.99999999999999
 21
19.43002782288128
 31
0.0
  0
LINE
  5
7D
330
1F
100
AcDbEntity
  8
图框
100
AcDbLine
 10
0.0
 20
14.43002782288127
 30
0.0
 11
24.99999999999999
 21
14.43002782288127
 31
0.0
  0
LINE
  5
7E
330
1F
100
AcDbEntity
  8
图框
370
25
100
AcDbLine
 10
0.0
 20
105.0
 30
0.0
 11
30.0
 21
105.0
 31
0.0
  0
LINE
  5
7F
330
1F
100
AcDbEntity
  8
图框
100
AcDbLine
 10
1.39e-14
 20
84.22062153984079
 30
0.0
 11
25.00000000000002
 21
84.22062153984079
 31
0.0
  0
LINE
  5
80
330
1F
100
AcDbEntity
  8
图框
100
AcDbLine
 10
1.39e-14
 20
79.22062153984085
 30
0.0
 11
25.00000000000002
 21
79.22062153984085
 31
0.0
  0
LINE
  5
82
330
1F
100
AcDbEntity
  8
图框
100
AcDbLine
 10
58.49999999999997
 20
0.0
 30
0.0
 11
58.49999999999997
 21
5.0
 31
0.0
  0
LINE
  5
83
330
1F
100
AcDbEntity
  8
图框
370
25
100
AcDbLine
 10
297.0
 20
105.0
 30
0.0
 11
287.0
 21
105.0
 31
0.0
  0
LINE
  5
84
330
1F
100
AcDbEntity
  8
图框
100
AcDbLine
 10
108.4999999999999
 20
0.0
 30
0.0
 11
108.5
 21
5.0
 31
0.0
  0
LINE
  5
85
330
1F
100
AcDbEntity
  8
图框
100
AcDbLine
 10
0.0
 20
155.0
 30
0.0
 11
25.0
 21
155.0
 31
0.0
  0
LINE
  5
89
330
1F
100
AcDbEntity
  8
图框
100
AcDbLine
 10
258.4999999999999
 20
210.0
 30
0.0
 11
258.4999999999999
 21
205.0
 31
0.0
  0
LINE
  5
8A
330
1F
100
AcDbEntity
  8
粗实线层
100
AcDbLine
 10
25.0
 20
190.9999999999999
 30
0.0
 11
84.99999999999999
 21
190.9999999999999
 31
0.0
  0
LINE
  5
8B
330
1F
100
AcDbEntity
  8
粗实线层
100
AcDbLine
 10
84.99999999999999
 20
190.9999999999999
 30
0.0
 11
84.99999999999999
 21
205.0
 31
0.0
  0
LINE
  5
8C
330
1F
100
AcDbEntity
  8
图框
100
AcDbLine
 10
297.0
 20
155.0
 30
0.0
 11
292.0
 21
154.9999999999999
 31
0.0
  0
LINE
  5
8E
330
1F
100
AcDbEntity
  8
图框
100
AcDbLine
 10
208.5
 20
210.0
 30
0.0
 11
208.5
 21
205.0
 31
0.0
  0
LINE
  5
93
330
1F
100
AcDbEntity
  8
图框
370
25
100
AcDbLine
 10
158.4999999999999
 20
210.0
 30
0.0
 11
158.4999999999999
 21
200.0
 31
0.0
  0
LINE
  5
94
330
1F
100
AcDbEntity
  8
图框
100
AcDbLine
 10
108.5
 20
210.0
 30
0.0
 11
108.5
 21
205.0
 31
0.0
  0
LINE
  5
95
330
1F
100
AcDbEntity
  8
图框
100
AcDbLine
 10
58.49999999999997
 20
210.0
 30
0.0
 11
58.49999999999997
 21
205.0
 31
0.0
  0
LINE
  5
96
330
1F
100
AcDbEntity
  8
图框
370
25
100
AcDbLine
 10
192.0000170090906
 20
12.16608589739257
 30
0.0
 11
292.0000382704538
 21
12.16608589739257
 31
0.0
  0
LINE
  5
9D
330
1F
100
AcDbEntity
  8
图框
370
25
100
AcDbLine
 10
191.9798763676701
 20
43.05216099765696
 30
0.0
 11
291.9798763676702
 21
43.05216099765697
 31
0.0
  0
LINE
  5
9F
330
1F
100
AcDbEntity
  8
图框
370
25
100
AcDbLine
 10
192.0
 20
24.00000000000005
 30
0.0
 11
292.0
 21
24.00000000000005
 31
0.0
  0
LINE
  5
B1
330
1F
100
AcDbEntity
  8
图框
370
25
100
AcDbLine
 10
112.0
 20
60.99999999999999
 30
0.0
 11
292.0
 21
60.99999999999999
 31
0.0
  0
MTEXT
  5
CA
330
1F
100
AcDbEntity
  8
图框
100
AcDbMText
 10
1.42e-14
 20
84.22062153984079
 30
0.0
 40
3.5
 41
0.0
 46
0.0
 71
1
  1
零件代号
  7
SLDTEXTSTYLE1
  0
MTEXT
  5
CB
330
1F
100
AcDbEntity
  8
图框
100
AcDbMText
 10
1.38e-14
 20
71.22062153984083
 30
0.0
 40
3.5
 41
0.0
 46
0.0
 71
1
  1
借(通)用件登记
  7
SLDTEXTSTYLE1
  0
MTEXT
  5
CC
330
1F
100
AcDbEntity
  8
图框
100
AcDbMText
 10
0.0
 20
58.43002782288127
 30
0.0
 40
3.5
 41
0.0
 46
0.0
 71
1
  1
旧底图总号
  7
SLDTEXTSTYLE1
  0
MTEXT
  5
CD
330
1F
100
AcDbEntity
  8
图框
100
AcDbMText
 10
0.0
 20
45.43002782288125
 30
0.0
 40
3.5
 41
0.0
 46
0.0
 71
1
  1
底 图 总 号
  7
SLDTEXTSTYLE1
  0
MTEXT
  5
CE
330
1F
100
AcDbEntity
  8
图框
100
AcDbMText
 10
4.182028942085025
 20
19.43002782288128
 30
0.0
 40
3.5
 41
0.0
 46
0.0
 71
2
  1
  日    期
  7
SLDTEXTSTYLE1
  0
MTEXT
  5
D8
330
1F
100
AcDbEntity
  8
图框
100
AcDbMText
 10
13.32031252002326
 20
132.0097856006483
 30
0.0
 40
3.5
 41
0.0
 46
0.0
 71
2
  1
B
  7
SLDTEXTSTYLE2
  0
MTEXT
  5
D9
330
1F
100
AcDbEntity
  8
图框
100
AcDbMText
 10
13.32031252002326
 20
184.5097856006483
 30
0.0
 40
3.5
 41
0.0
 46
0.0
 71
2
  1
A
  7
SLDTEXTSTYLE2
  0
MTEXT
  5
DE
330
1F
100
AcDbEntity
  8
图框
100
AcDbMText
 10
5.225694948422642
 20
32.43002782288126
 30
0.0
 40
3.5
 41
0.0
 46
0.0
 71
2
  1
  签    字
  7
SLDTEXTSTYLE1
  0
CIRCLE
  5
EA
330
1F
100
AcDbEntity
  8
0
  6
Continuous
 62
7
370
30
100
AcDbCircle
 10
76.82065461229692
 20
154.1786397569118
 30
0.0
 40
5.000000000000014
  0
CIRCLE
  5
EB
330
1F
100
AcDbEntity
  8
0
  6
Continuous
 62
7
370
30
100
AcDbCircle
 10
76.82065461229692
 20
154.1786397569118
 30
0.0
 40
8.000000000000014
  0
CIRCLE
  5
EC
330
1F
100
AcDbEntity
  8
0
  6
Continuous
 62
7
370
30
100
AcDbCircle
 10
62.96424815174692
 20
146.1786397569112
 30
0.0
 40
2.60000000000128
  0
CIRCLE
  5
ED
330
1F
100
AcDbEntity
  8
0
  6
Continuous
 62
7
370
30
100
AcDbCircle
 10
76.82065461229692
 20
170.1786397569118
 30
0.0
 40
2.600000000000008
  0
CIRCLE
  5
EE
330
1F
100
AcDbEntity
  8
0
  6
Continuous
 62
7
370
30
100
AcDbCircle
 10
76.82065461229692
 20
154.1786397569118
 30
0.0
 40
20.00000000000001
  0
CIRCLE
  5
EF
330
1F
100
AcDbEntity
  8
0
  6
Continuous
 62
7
370
30
100
AcDbCircle
 10
90.67706107284896
 20
146.1786397569124
 30
0.0
 40
2.600000000000861
  0
INSERT
  5
130
330
1F
100
AcDbEntity
  8
图框
370
30
100
AcDbBlockReference
  2
SW_CENTERMARKSYMBOL_0
 10
76.82065461229692
 20
154.1786397569118
 30
0.0
  0
INSERT
  5
13C
330
1F
100
AcDbEntity
  8
图框
370
30
100
AcDbBlockReference
  2
SW_CENTERMARKSYMBOL_1
 10
76.82065461229692
 20
170.1786397569118
 30
0.0
  0
INSERT
  5
148
330
1F
100
AcDbEntity
  8
图框
370
30
100
AcDbBlockReference
  2
SW_CENTERMARKSYMBOL_2
 10
90.67706107284896
 20
146.1786397569124
 30
0.0
  0
INSERT
  5
154
330
1F
100
AcDbEntity
  8
图框
370
30
100
AcDbBlockReference
  2
SW_CENTERMARKSYMBOL_3
 10
62.96424815174692
 20
146.1786397569112
 30
0.0
  0
LINE
  5
155
330
1F
100
AcDbEntity
  8
0
  6
Continuous
 62
7
370
30
100
AcDbLine
 10
186.0521885433469
 20
134.1786397569118
 30
0.0
 11
194.0521885433469
 21
134.1786397569118
 31
0.0
  0
LINE
  5
156
330
1F
100
AcDbEntity
  8
0
  6
Continuous
 62
7
370
30
100
AcDbLine
 10
194.0521885433469
 20
174.1786397569118
 30
0.0
 11
186.0521885433469
 21
174.1786397569118
 31
0.0
  0
LINE
  5
157
330
1F
100
AcDbEntity
  8
0
  6
Continuous
 62
7
370
30
100
AcDbLine
 10
194.0521885433469
 20
146.1786397569118
 30
0.0
 11
204.0521885433469
 21
146.1786397569118
 31
0.0
  0
LINE
  5
158
330
1F
100
AcDbEntity
  8
0
  6
Continuous
 62
7
370
30
100
AcDbLine
 10
204.0521885433469
 20
162.1786397569118
 30
0.0
 11
194.0521885433469
 21
162.1786397569118
 31
0.0
  0
LINE
  5
159
330
1F
100
AcDbEntity
  8
0
  6
Continuous
 62
7
370
30
100
AcDbLine
 10
186.0521885433469
 20
174.1786397569118
 30
0.0
 11
186.0521885433469
 21
134.1786397569118
 31
0.0
  0
LINE
  5
15A
330
1F
100
AcDbEntity
  8
0
  6
Continuous
 62
7
370
30
100
AcDbLine
 10
194.0521885433469
 20
174.1786397569118
 30
0.0
 11
194.0521885433469
 21
134.1786397569118
 31
0.0
  0
LINE
  5
15B
330
1F
100
AcDbEntity
  8
0
  6
Continuous
 62
7
370
30
100
AcDbLine
 10
204.0521885433469
 20
162.1786397569118
 30
0.0
 11
204.0521885433469
 21
146.1786397569118
 31
0.0
  0
LINE
  5
174
330
1F
100
AcDbEntity
  8
0
  6
Continuous
 62
7
370
30
100
AcDbLine
 10
56.82065461229692
 20
80.842442885546
 30
0.0
 11
56.82065461229692
 21
72.84244288554606
 31
0.0
  0
LINE
  5
175
330
1F
100
AcDbEntity
  8
0
  6
Continuous
 62
7
370
30
100
AcDbLine
 10
96.82065461229693
 20
72.84244288554606
 30
0.0
 11
96.82065461229693
 21
80.842442885546
 31
0.0
  0
LINE
  5
176
330
1F
100
AcDbEntity
  8
0
  6
Continuous
 62
7
370
30
100
AcDbLine
 10
68.82065461229692
 20
72.842442885546
 30
0.0
 11
68.82065461229692
 21
62.84244288554602
 31
0.0
  0
SPLINE
  5
177
330
1F
100
AcDbEntity
  8
0
  6
Continuous
 62
7
370
30
100
AcDbSpline
 70
8
 71
3
 72
26
 73
22
 74
0
 42
1e-08
 40
0.0
 40
0.0
 40
0.0
 40
0.0
 40
0.1250000000000003
 40
0.1250000000000003
 40
0.2500000000000005
 40
0.2500000000000005
 40
0.3750000000000008
 40
0.3750000000000008
 40
0.4375000000000007
 40
0.4375000000000007
 40
0.5000000000000007
 40
0.5000000000000007
 40
0.5625000000000006
 40
0.5625000000000006
 40
0.6250000000000006
 40
0.6250000000000006
 40
0.7500000000000004
 40
0.7500000000000004
 40
0.8750000000000001
 40
0.8750000000000001
 40
1.0
 40
1.0
 40
1.0
 40
1.0
 10
81.09805946813738
 20
72.842442885546
 30
0.0
 10
81.26490724983638
 20
73.1680033016233
 30
0.0
 10
81.44468590303096
 20
73.48378143993793
 30
0.0
 10
81.83800443771565
 20
74.08952867587949
 30
0.0
 10
82.05109830044599
 20
74.37984155266821
 30
0.0
 10
82.53003773094753
 20
74.91987701077568
 30
0.0
 10
82.79528930855705
 20
75.16936917051223
 30
0.0
 10
83.24158381114626
 20
75.45965391018056
 30
0.0
 10
83.40077972821314
 20
75.54298679702431
 30
0.0
 10
83.72944274873252
 20
75.66131526308918
 30
0.0
 10
83.90353082927675
 20
75.69709549599891
 30
0.0
 10
84.24558756000434
 20
75.70410841257812
 30
0.0
 10
84.41777889829005
 20
75.67470795353962
 30
0.0
 10
84.74238059777517
 20
75.5635357630269
 30
0.0
 10
84.89478363778632
 20
75.48357842440672
 30
0.0
 10
85.32863639087186
 20
75.19303216966257
 30
0.0
 10
85.5727524034817
 20
74.94548004794498
 30
0.0
 10
86.0170716807008
 20
74.39777769482819
 30
0.0
 10
86.21051009359176
 20
74.10291251622223
 30
0.0
 10
86.56197205354307
 20
73.4898379813796
 30
0.0
 10
86.71975507650075
 20
73.17083118295754
 30
0.0
 10
86.8643034457138
 20
72.842442885546
 30
0.0
  0
LINE
  5
178
330
1F
100
AcDbEntity
  8
0
  6
Continuous
 62
7
370
30
100
AcDbLine
 10
81.09805946813741
 20
72.84244288554606
 30
0.0
 11
56.82065461229692
 21
72.842442885546
 31
0.0
  0
LINE
  5
179
330
1F
100
AcDbEntity
  8
0
  6
Continuous
 62
7
370
30
100
AcDbLine
 10
96.82065461229693
 20
72.842442885546
 30
0.0
 11
86.8643034457138
 21
72.842442885546
 31
0.0
  0
LINE
  5
17A
330
1F
100
AcDbEntity
  8
0
  6
Continuous
 62
7
370
30
100
AcDbLine
 10
96.82065461229693
 20
80.842442885546
 30
0.0
 11
56.82065461229692
 21
80.842442885546
 31
0.0
  0
LINE
  5
17B
330
1F
100
AcDbEntity
  8
0
  6
Continuous
 62
7
370
30
100
AcDbLine
 10
84.82065461229693
 20
62.84244288554599
 30
0.0
 11
84.82065461229693
 21
65.33482181988435
 31
0.0
  0
SPLINE
  5
17C
330
1F
100
AcDbEntity
  8
0
  6
Continuous
 62
7
370
30
100
AcDbSpline
 70
8
 71
3
 72
28
 73
24
 74
0
 42
1e-08
 40
0.0
 40
0.0
 40
0.0
 40
0.0
 40
0.0625000000000001
 40
0.0625000000000001
 40
0.1250000000000001
 40
0.1250000000000001
 40
0.2500000000000003
 40
0.2500000000000003
 40
0.3750000000000005
 40
0.3750000000000005
 40
0.5000000000000008
 40
0.5000000000000008
 40
0.5625000000000009
 40
0.5625000000000009
 40
0.6250000000000009
 40
0.6250000000000009
 40
0.7500000000000006
 40
0.7500000000000006
 40
0.8125000000000001
 40
0.8125000000000001
 40
0.8750000000000001
 40
0.8750000000000001
 40
1.0
 40
1.0
 40
1.0
 40
1.0
 10
84.82065461229693
 20
65.33482181988435
 30
0.0
 10
84.82065461229693
 20
65.33482181988435
 30
0.0
 10
84.81504967040134
 20
65.35192534181333
 30
0.0
 10
84.79371723773686
 20
65.4187277237555
 30
0.0
 10
84.77771832164495
 20
65.46930755249522
 30
0.0
 10
84.71830395962407
 20
65.66580085796284
 30
0.0
 10
84.66257800540308
 20
65.85892611745538
 30
0.0
 10
84.5501289486723
 20
66.33533628362498
 30
0.0
 10
84.49294541840973
 20
66.62335865768317
 30
0.0
 10
84.41115907544781
 20
67.24805590826574
 30
0.0
 10
84.38642390826644
 20
67.59174426097236
 30
0.0
 10
84.38633831407677
 20
68.10446606020948
 30
0.0
 10
84.39231167577158
 20
68.2780915325609
 30
0.0
 10
84.41483061105698
 20
68.61257731334678
 30
0.0
 10
84.43128871636472
 20
68.77525704003618
 30
0.0
 10
84.49336732686182
 20
69.2496754137621
 30
0.0
 10
84.55015057058894
 20
69.53457807104988
 30
0.0
 10
84.6349722478261
 20
69.89367050786812
 30
0.0
 10
84.66277014329798
 20
70.00048649277439
 30
0.0
 10
84.71445424133282
 20
70.18876661127241
 30
0.0
 10
84.73843844836087
 20
70.27044870179922
 30
0.0
 10
84.79752153882683
 20
70.4657928175682
 30
0.0
 10
84.82065461229693
 20
70.53482181988437
 30
0.0
 10
84.82065461229693
 20
70.53482181988437
 30
0.0
  0
LINE
  5
17D
330
1F
100
AcDbEntity
  8
0
  6
Continuous
 62
7
370
30
100
AcDbLine
 10
84.82065461229693
 20
70.53482181988437
 30
0.0
 11
84.82065461229693
 21
72.842442885546
 31
0.0
  0
LINE
  5
17E
330
1F
100
AcDbEntity
  8
0
  6
Continuous
 62
7
370
30
100
AcDbLine
 10
79.95962298278556
 20
62.84244288554602
 30
0.0
 11
68.82065461229692
 21
62.84244288554599
 31
0.0
  0
SPLINE
  5
17F
330
1F
100
AcDbEntity
  8
0
  6
Continuous
 62
7
370
30
100
AcDbSpline
 70
8
 71
3
 72
16
 73
12
 74
0
 42
1e-08
 40
0.0
 40
0.0
 40
0.0
 40
0.0
 40
0.1250000000000004
 40
0.1250000000000004
 40
0.2500000000000008
 40
0.2500000000000008
 40
0.5000000000000006
 40
0.5000000000000006
 40
0.7500000000000004
 40
0.7500000000000004
 40
1.0
 40
1.0
 40
1.0
 40
1.0
 10
79.95962298278558
 20
62.84244288554599
 30
0.0
 10
79.79022544084656
 20
63.24336615265796
 30
0.0
 10
79.67130684029028
 20
63.65747878919751
 30
0.0
 10
79.50186385855172
 20
64.50271200197098
 30
0.0
 10
79.45175412628613
 20
64.93522353330528
 30
0.0
 10
79.38209194802404
 20
66.24448221532526
 30
0.0
 10
79.44050816048338
 20
67.10620844993367
 30
0.0
 10
79.69271645414233
 20
68.81499355772165
 30
0.0
 10
79.8906956547471
 20
69.66700960122564
 30
0.0
 10
80.4016648831601
 20
71.3030010350471
 30
0.0
 10
80.71419509768101
 20
72.09343056491177
 30
0.0
 10
81.09805946813741
 20
72.842442885546
 30
0.0
  0
SPLINE
  5
180
330
1F
100
AcDbEntity
  8
0
  6
Continuous
 62
7
370
30
100
AcDbSpline
 70
8
 71
3
 72
26
 73
22
 74
0
 42
1e-08
 40
0.0
 40
0.0
 40
0.0
 40
0.0
 40
0.0625000000000002
 40
0.0625000000000002
 40
0.1250000000000004
 40
0.1250000000000004
 40
0.2500000000000008
 40
0.2500000000000008
 40
0.3750000000000011
 40
0.3750000000000011
 40
0.437500000000001
 40
0.437500000000001
 40
0.5000000000000009
 40
0.5000000000000009
 40
0.6250000000000008
 40
0.6250000000000008
 40
0.7500000000000006
 40
0.7500000000000006
 40
0.8750000000000001
 40
0.8750000000000001
 40
1.0
 40
1.0
 40
1.0
 40
1.0
 10
81.82065461229693
 20
70.53482181988437
 30
0.0
 10
81.82065461229693
 20
70.53482181988437
 30
0.0
 10
81.8114727371757
 20
70.51728616522409
 30
0.0
 10
81.7765461610064
 20
70.44912442337152
 30
0.0
 10
81.75033671541269
 20
70.39755998249986
 30
0.0
 10
81.65342435878324
 20
70.19953325886401
 30
0.0
 10
81.56257181001332
 20
70.00670165174247
 30
0.0
 10
81.37634524276991
 20
69.5352044142165
 30
0.0
 10
81.27973636672299
 20
69.2521016623827
 30
0.0
 10
81.17267672814627
 20
68.78514559324424
 30
0.0
 10
81.14265768811305
 20
68.61868509328497
 30
0.0
 10
81.10229745150718
 20
68.2818431332103
 30
0.0
 10
81.09160123624083
 20
68.11100792290559
 30
0.0
 10
81.09125805596956
 20
67.59090368080481
 30
0.0
 10
81.13620207514884
 20
67.24373282000951
 30
0.0
 10
81.28029968358847
 20
66.61493990716822
 30
0.0
 10
81.37705180132758
 20
66.33245167254012
 30
0.0
 10
81.56332090655096
 20
65.86124560388772
 30
0.0
 10
81.65424002719598
 20
65.66841462724692
 30
0.0
 10
81.78251107793083
 20
65.40636909434907
 30
0.0
 10
81.82065461229693
 20
65.33482181988435
 30
0.0
 10
81.82065461229693
 20
65.33482181988435
 30
0.0
  0
LINE
  5
181
330
1F
100
AcDbEntity
  8
0
  6
Continuous
 62
7
370
30
100
AcDbLine
 10
81.82065461229693
 20
65.33482181988435
 30
0.0
 11
81.82065461229693
 21
62.84244288554599
 31
0.0
  0
LINE
  5
182
330
1F
100
AcDbEntity
  8
0
  6
Continuous
 62
7
370
30
100
AcDbLine
 10
81.8206546223842
 20
74.05201454554168
 30
0.0
 11
81.82065461229713
 21
70.53482181988478
 31
0.0
  0
LINE
  5
183
330
1F
100
AcDbEntity
  8
0
  6
Continuous
 62
7
370
30
100
AcDbLine
 10
79.95962298278556
 20
62.84244288554599
 30
0.0
 11
81.82065461229693
 21
62.84244288554599
 31
0.0
  0
LINE
  5
184
330
1F
100
AcDbEntity
  8
0
  6
Continuous
 62
7
370
30
100
AcDbLine
 10
81.82065461229693
 20
65.33482181988435
 30
0.0
 11
84.82065461229693
 21
65.33482181988435
 31
0.0
  0
LINE
  5
185
330
1F
100
AcDbEntity
  8
0
  6
Continuous
 62
7
370
30
100
AcDbLine
 10
84.82065461229693
 20
70.53482181988437
 30
0.0
 11
81.82065461229713
 21
70.53482181988478
 31
0.0
  0
LINE
  5
186
330
1F
100
AcDbEntity
  8
0
  6
Continuous
 62
7
370
30
100
AcDbLine
 10
86.8643034447116
 20
72.84244288782274
 30
0.0
 11
84.82065461229693
 21
72.842442885546
 31
0.0
  0
LINE
  5
187
330
1F
100
AcDbEntity
  8
0
  6
Continuous
 62
7
370
30
100
AcDbLine
 10
84.82065461229693
 20
62.84244288554599
 30
0.0
 11
81.82065461229693
 21
62.84244288554599
 31
0.0
  0
HATCH
  5
188
330
1F
100
AcDbEntity
  8
图框
  6
Continuous
370
30
100
AcDbHatch
 10
0.0
 20
0.0
 30
0.0
210
0.0
220
0.0
230
1.0
  2
ANSI31
 70
0
 71
0
 91
1
 92
0
 93
4
 72
1
 10
84.82065461229693
 20
62.842442885546
 11
84.82065461229693
 21
65.33482181988435
 72
1
 10
84.82065461229693
 20
65.33482181988435
 11
81.82065461229693
 21
65.33482181988435
 72
1
 10
81.82065461229693
 20
65.33482181988435
 11
81.82065461229693
 21
62.842442885546
 72
1
 10
81.82065461229693
 20
62.842442885546
 11
84.82065461229693
 21
62.842442885546
 97
0
 75
0
 76
1
 52
0.0
 41
1.0
 77
0
 78
1
 53
45.0
 43
0.0
 44
0.0
 45
-2.245064030267288
 46
2.245064030267288
 79
0
 98
1
 10
0.0
 20
0.0
  0
HATCH
  5
189
330
1F
100
AcDbEntity
  8
图框
  6
Continuous
370
30
100
AcDbHatch
 10
0.0
 20
0.0
 30
0.0
210
0.0
220
0.0
230
1.0
  2
ANSI31
 70
0
 71
0
 91
1
 92
0
 93
5
 72
4
 94
3
 73
1
 74
0
 95
9
 96
5
 40
0.3031760116738557
 40
0.3031760116738557
 40
0.3031760116738557
 40
0.3031760116738557
 40
0.4333525249020416
 40
0.5378167572839951
 40
0.5378167572839951
 40
0.5378167572839951
 40
0.5378167572839951
 10
86.8643034447116
 20
72.84244288782274
 42
1.0
 10
86.14124847130176
 20
74.48509574382457
 42
1.0
 10
84.42982640940905
 20
76.55434250258888
 42
1.0
 10
82.56156743884416
 20
75.1045856588067
 42
1.0
 10
81.8206546223842
 20
74.05201454554168
 42
1.0
 97
0
 72
1
 10
81.8206546223842
 20
74.05201454554168
 11
81.82065461229713
 21
70.53482181988478
 72
1
 10
81.82065461229713
 20
70.53482181988478
 11
84.82065461229693
 21
70.53482181988439
 72
1
 10
84.82065461229693
 20
70.53482181988439
 11
84.82065461229693
 21
72.842442885546
 72
1
 10
84.82065461229693
 20
72.842442885546
 11
86.8643034447116
 21
72.84244288782274
 97
0
 75
0
 76
1
 52
0.0
 41
1.0
 77
0
 78
1
 53
45.0
 43
0.0
 44
0.0
 45
-2.245064030267288
 46
2.245064030267288
 79
0
 98
1
 10
0.0
 20
0.0
  0
LINE
  5
18A
330
1F
100
AcDbEntity
  8
0
  6
Continuous
 62
7
100
AcDbLine
 10
157.2681335391675
 20
111.8533905099514
 30
0.0
 11
151.6112792896751
 21
115.1190229572422
 31
0.0
  0
LINE
  5
18B
330
1F
100
AcDbEntity
  8
0
  6
Continuous
 62
7
100
AcDbLine
 10
131.6129046369539
 20
80.47706846201494
 30
0.0
 11
137.2697588864463
 21
77.2114360147241
 31
0.0
  0
LINE
  5
18C
330
1F
100
AcDbEntity
  8
0
  6
Continuous
 62
7
100
AcDbLine
 10
145.6117668938587
 20
104.726436608674
 30
0.0
 11
138.5406990819933
 21
108.8084771677876
 31
0.0
  0
LINE
  5
18D
330
1F
100
AcDbEntity
  8
0
  6
Continuous
 62
7
100
AcDbLine
 10
130.5413492209048
 20
94.95169536969667
 30
0.0
 11
137.6124170327703
 21
90.86965481058314
 31
0.0
  0
LWPOLYLINE
  5
18E
330
1F
100
AcDbEntity
  8
0
  6
Continuous
 62
7
100
AcDbPolyline
 90
47
 70
128
 10
133.6526106232685
 20
86.67080844235934
 10
133.6354869434015
 20
86.95000578051913
 10
133.5844348855574
 20
87.2042316205849
 10
133.5004054529795
 20
87.42875021617004
 10
133.384963955007
 20
87.61937921064425
 10
133.2402608483234
 20
87.77256754652437
 10
133.0689916780174
 20
87.88546161495647
 10
132.8743468646781
 20
87.9559584130494
 10
132.659952272896
 20
87.98274471883975
 10
132.4298016682656
 20
87.96532155413233
 10
132.1881823210897
 20
87.9040134795197
 10
131.9395951426448
 20
87.79996254843259
 10
131.6886708417203
 20
87.65510703284517
 10
131.4400836632753
 20
87.47214531693577
 10
131.1984643160994
 20
87.25448563129484
 10
130.9683137114691
 20
87.00618256403799
 10
130.7539191196869
 20
86.73186153150068
 10
130.5592743063477
 20
86.43663261548387
 10
130.3880051360416
 20
86.12599537209832
 10
130.243302029358
 20
85.80573638544008
 10
130.1278605313855
 20
85.48182147447731
 10
130.0438310988077
 20
85.16028456113072
 10
129.9927790409636
 20
84.84711526972475
 10
129.9756553610966
 20
84.54814735161924
 10
129.9927790409636
 20
84.26895001345945
 10
130.0438310988077
 20
84.01472417339367
 10
130.1278605313856
 20
83.79020557780854
 10
130.243302029358
 20
83.59957658333435
 10
130.3880051360417
 20
83.44638824745421
 10
130.5592743063477
 20
83.33349417902213
 10
130.7539191196869
 20
83.26299738092918
 10
130.9683137114691
 20
83.23621107513883
 10
131.1984643160995
 20
83.25363423984626
 10
131.4400836632754
 20
83.31494231445889
 10
131.6886708417203
 20
83.418993245546
 10
131.9395951426448
 20
83.56384876113341
 10
132.1881823210897
 20
83.74681047704283
 10
132.4298016682657
 20
83.96447016268377
 10
132.659952272896
 20
84.21277322994062
 10
132.8743468646782
 20
84.48709426247791
 10
133.0689916780175
 20
84.78232317849474
 10
133.2402608483234
 20
85.0929604218803
 10
133.384963955007
 20
85.41321940853852
 10
133.5004054529795
 20
85.7371343195013
 10
133.5844348855574
 20
86.05867123284789
 10
133.6354869434015
 20
86.37184052425386
 10
133.6526106232685
 20
86.67080844235934
  0
LWPOLYLINE
  5
18F
330
1F
100
AcDbEntity
  8
0
  6
Continuous
 62
7
100
AcDbPolyline
 90
47
 70
128
 10
143.4505695943995
 20
111.9240292451701
 10
143.4334459145326
 20
112.2032265833297
 10
143.3823938566885
 20
112.4574524233954
 10
143.2983644241107
 20
112.6819710189804
 10
143.1829229261382
 20
112.8726000134545
 10
143.0382198194547
 20
113.0257883493346
 10
142.8669506491488
 20
113.1386824177666
 10
142.6723058358096
 20
113.2091792158595
 10
142.4579112440275
 20
113.2359655216499
 10
142.2277606393973
 20
113.2185423569424
 10
141.9861412922215
 20
113.1572342823298
 10
141.7375541137767
 20
113.0531833512428
 10
141.4866298128523
 20
112.9083278356554
 10
141.2380426344075
 20
112.7253661197461
 10
140.9964232872317
 20
112.5077064341053
 10
140.7662726826015
 20
112.2594033668486
 10
140.5518780908194
 20
111.9850823343114
 10
140.3572332774802
 20
111.6898534182947
 10
140.1859641071744
 20
111.3792161749093
 10
140.0412610004908
 20
111.0589571882512
 10
139.9258195025184
 20
110.7350422772886
 10
139.8417900699405
 20
110.4135053639422
 10
139.7907380120964
 20
110.1003360725364
 10
139.7736143322295
 20
109.801368154431
 10
139.7907380120964
 20
109.5221708162714
 10
139.8417900699405
 20
109.2679449762057
 10
139.9258195025184
 20
109.0434263806207
 10
140.0412610004908
 20
108.8527973861466
 10
140.1859641071744
 20
108.6996090502665
 10
140.3572332774803
 20
108.5867149818345
 10
140.5518780908194
 20
108.5162181837416
 10
140.7662726826016
 20
108.4894318779513
 10
140.9964232872318
 20
108.5068550426587
 10
141.2380426344075
 20
108.5681631172713
 10
141.4866298128523
 20
108.6722140483584
 10
141.7375541137767
 20
108.8170695639457
 10
141.9861412922215
 20
109.000031279855
 10
142.2277606393973
 20
109.2176909654958
 10
142.4579112440276
 20
109.4659940327526
 10
142.6723058358096
 20
109.7403150652897
 10
142.8669506491488
 20
110.0355439813064
 10
143.0382198194547
 20
110.3461812246918
 10
143.1829229261382
 20
110.6664402113499
 10
143.2983644241107
 20
110.9903551223125
 10
143.3823938566885
 20
111.3118920356589
 10
143.4334459145326
 20
111.6250613270648
 10
143.4505695943995
 20
111.9240292451701
  0
LWPOLYLINE
  5
190
330
1F
100
AcDbEntity
  8
0
  6
Continuous
 62
7
100
AcDbPolyline
 90
43
 70
128
 10
155.7542275870454
 20
105.9621268278557
 10
155.7371927653343
 20
106.7536080072573
 10
155.6861293385783
 20
107.5235144526694
 10
155.6011603230453
 20
108.2699913920291
 10
155.482490416536
 20
108.9912404970057
 10
155.3304055052494
 20
109.6855242153315
 10
155.145271975058
 20
110.3511699567168
 10
154.9275358288517
 20
110.9865741222672
 10
154.6777216120782
 20
111.5902059676928
 10
154.3964311490669
 20
112.1606112910062
 10
154.0843420931812
 20
112.6964159358218
 10
153.7422062942926
 20
113.1963291018195
 10
153.3708479875081
 20
113.659146454395
 10
152.9711618075159
 20
114.0837530260081
 10
152.5441106333321
 20
114.4691259022365
 10
152.0907232686404
 20
114.8143366860667
 10
151.6120919633145
 20
115.1185537344837
 10
151.109369782092
 20
115.3810441619714
 10
150.5837678267408
 20
115.6011756060987
 10
150.0365523184087
 20
115.7784177509354
 10
149.4690415471855
 20
115.9123436046299
 10
148.8826026962273
 20
116.0026305280704
 10
148.278648548092
 20
116.0490610121498
 10
147.6586340812225
 20
116.0515232017654
 10
147.0240529647765
 20
116.0100111652866
 10
146.3764339602461
 20
115.9246249088454
 10
145.7173372385381
 20
115.7955701354124
 10
145.048350621385
 20
115.6231577492407
 10
144.3710857561439
 20
115.4078031068702
 10
143.6871742331966
 20
115.1500250164972
 10
142.9982636553054
 20
114.85044448812
 10
142.3060136683939
 20
114.5097832374717
 10
141.6120919633145
 20
114.1288619473435
 10
140.918170258235
 20
113.7085982904881
 10
140.2259202713236
 20
113.2500047188656
 10
139.5370096934323
 20
112.7541860245581
 10
138.853098170485
 20
112.2223366782288
 10
138.175833305244
 20
111.6557379515374
 10
137.5068466880909
 20
111.0557548304447
 10
136.8477499663828
 20
110.4238327268419
 10
136.2001309618525
 20
109.7614939964262
 10
135.5655498454064
 20
109.0703342712133
 10
135.3319302774239
 20
108.8048314458224
  0
LWPOLYLINE
  5
191
330
1F
100
AcDbEntity
  8
0
  6
Continuous
 62
7
100
AcDbPolyline
 90
76
 70
128
 10
128.939861177803
 20
97.73224326179778
 10
128.8277527775621
 20
97.40012745286892
 10
128.5464623145507
 20
96.50495107390891
 10
128.2966480977773
 20
95.61288987318807
 10
128.078911951571
 20
94.72609290427425
 10
127.8937784213796
 20
93.84669653873983
 10
127.741693510093
 20
92.97681931945542
 10
127.6230236035837
 20
92.11855685683445
 10
127.5380545880507
 20
91.27397678032435
 10
127.4869911612947
 20
90.4451137573059
 10
127.4699563395836
 20
89.63396459140135
 10
127.4869911612948
 20
88.8424834119997
 10
127.5380545880507
 20
88.0725769665876
 10
127.6230236035837
 20
87.32610002722797
 10
127.7416935100931
 20
86.60485092225134
 10
127.8937784213796
 20
85.91056720392558
 10
128.078911951571
 20
85.2449214625402
 10
128.2966480977773
 20
84.60951729698988
 10
128.5464623145508
 20
84.00588545156427
 10
128.8277527775621
 20
83.4354801282509
 10
129.1398418334478
 20
82.89967548343525
 10
129.4819776323365
 20
82.39976231743758
 10
129.853335939121
 20
81.93694496486205
 10
130.2530221191132
 20
81.512338393249
 10
130.680073293297
 20
81.12696551702061
 10
131.1334606579887
 20
80.78175473319035
 10
131.6120919633146
 20
80.47753768477342
 10
132.1148141445371
 20
80.21504725728568
 10
132.6404160998883
 20
79.9949158131584
 10
133.1876316082204
 20
79.81767366832173
 10
133.7551423794436
 20
79.68374781462717
 10
134.3415812304018
 20
79.59346089118677
 10
134.9455353785372
 20
79.5470304071073
 10
135.5655498454066
 20
79.54456821749174
 10
136.2001309618527
 20
79.58608025397054
 10
136.847749966383
 20
79.67146651041179
 10
137.5068466880911
 20
79.80052128384477
 10
138.1758333052441
 20
79.97293367001645
 10
138.8530981704852
 20
80.18828831238694
 10
139.5370096934325
 20
80.44606640276
 10
140.2259202713238
 20
80.74564693113717
 10
140.9181702582352
 20
81.08630818178545
 10
141.6120919633147
 20
81.46722947191365
 10
142.3060136683941
 20
81.88749312876907
 10
142.9982636553056
 20
82.34608670039157
 10
143.6871742331968
 20
82.8419053946991
 10
144.3710857561441
 20
83.37375474102846
 10
145.0483506213852
 20
83.94035346771985
 10
145.7173372385383
 20
84.5403365888125
 10
146.3764339602463
 20
85.17225869241537
 10
147.0240529647766
 20
85.83459742283102
 10
147.6586340812227
 20
86.5257571480439
 10
148.2786485480922
 20
87.24407280373748
 10
148.8826026962275
 20
87.98781390458021
 10
149.4690415471857
 20
88.75518871311613
 10
150.0365523184088
 20
89.54434855621736
 10
150.583767826741
 20
90.35339227869966
 10
151.1093697820922
 20
91.18037082337169
 10
151.6120919633146
 20
92.02329192648457
 10
152.0907232686405
 20
92.88012491726973
 10
152.5441106333322
 20
93.74880561000269
 10
152.971161807516
 20
94.62724127680718
 10
153.3708479875082
 20
95.51331568922002
 10
153.7422062942927
 20
96.40489421637072
 10
154.0843420931813
 20
97.29982896749434
 10
154.396431149067
 20
98.19596396638839
 10
154.6777216120784
 20
99.09114034534839
 10
154.9275358288519
 20
99.98320154606924
 10
155.1452719750581
 20
100.869998514983
 10
155.3304055052495
 20
101.7493948805174
 10
155.482490416536
 20
102.6192720998019
 10
155.6011603230453
 20
103.4775345624228
 10
155.6861293385784
 20
104.3221146389329
 10
155.7371927653343
 20
105.1509776619514
 10
155.7542275870454
 20
105.9621268278557
 10
155.7542275870454
 20
105.9621268278557
  0
LWPOLYLINE
  5
192
330
1F
100
AcDbEntity
  8
0
  6
Continuous
 62
7
100
AcDbPolyline
 90
47
 70
128
 10
153.2485285655335
 20
97.9832910774666
 10
153.2314048856667
 20
98.26248841562636
 10
153.1803528278225
 20
98.5167142556921
 10
153.0963233952446
 20
98.74123285127718
 10
152.9808818972722
 20
98.93186184575136
 10
152.8361787905886
 20
99.08505018163147
 10
152.6649096202826
 20
99.19794425006353
 10
152.4702648069434
 20
99.26844104815646
 10
152.2558702151612
 20
99.29522735394681
 10
152.0257196105309
 20
99.27780418923939
 10
151.7841002633551
 20
99.21649611462676
 10
151.5355130849102
 20
99.11244518353968
 10
151.2845887839857
 20
98.96758966795228
 10
151.0360016055408
 20
98.7846279520429
 10
150.7943822583649
 20
98.56696826640201
 10
150.5642316537346
 20
98.31866519914519
 10
150.3498370619525
 20
98.04434416660796
 10
150.1551922486133
 20
97.74911525059117
 10
149.9839230783073
 20
97.43847800720565
 10
149.8392199716237
 20
97.11821902054747
 10
149.7237784736512
 20
96.79430410958476
 10
149.6397490410733
 20
96.47276719623822
 10
149.5886969832292
 20
96.15959790483231
 10
149.5715733033623
 20
95.86062998672683
 10
149.5886969832292
 20
95.58143264856707
 10
149.6397490410733
 20
95.32720680850134
 10
149.7237784736512
 20
95.10268821291626
 10
149.8392199716237
 20
94.9120592184421
 10
149.9839230783073
 20
94.75887088256198
 10
150.1551922486133
 20
94.64597681412991
 10
150.3498370619525
 20
94.57548001603698
 10
150.5642316537347
 20
94.54869371024662
 10
150.794382258365
 20
94.56611687495406
 10
151.0360016055408
 20
94.62742494956667
 10
151.2845887839857
 20
94.73147588065378
 10
151.5355130849102
 20
94.87633139624116
 10
151.7841002633551
 20
95.05929311215056
 10
152.0257196105309
 20
95.27695279779142
 10
152.2558702151612
 20
95.52525586504827
 10
152.4702648069434
 20
95.79957689758552
 10
152.6649096202827
 20
96.0948058136023
 10
152.8361787905886
 20
96.4054430569878
 10
152.9808818972722
 20
96.725702043646
 10
153.0963233952447
 20
97.04961695460871
 10
153.1803528278225
 20
97.37115386795524
 10
153.2314048856667
 20
97.68432315936117
 10
153.2485285655335
 20
97.9832910774666
  0
ARC
  5
193
330
1F
100
AcDbEntity
  8
0
  6
Continuous
 62
7
100
AcDbCircle
 10
143.3880632058867
 20
101.5140770431493
 30
0.0
 40
3.906931285563997
100
AcDbArc
 50
353.3801088629945
 51
55.30771074363139
  0
LWPOLYLINE
  5
194
330
1F
100
AcDbEntity
  8
0
  6
Continuous
 62
7
100
AcDbPolyline
 90
32
 70
128
 10
137.6124170327703
 20
90.86965481058314
 10
137.7301230379582
 20
90.8055906396476
 10
138.0606502779804
 20
90.6633083274893
 10
138.4125363061764
 20
90.56393516545188
 10
138.7836648385684
 20
90.50806879542453
 10
139.1718038644938
 20
90.49604520433009
 10
139.5746190701806
 20
90.52793670346011
 10
139.9896878775847
 20
90.6035514935864
 10
140.4145140140596
 20
90.7224348184639
 10
140.8465425252337
 20
90.88387169978849
 10
141.2831751408063
 20
91.0868912371605
 10
141.7217859008513
 20
91.330272447194
 10
142.1597369486489
 20
91.61255160665456
 10
142.5943943950664
 20
91.93203105546294
 10
143.0231441590772
 20
92.28678940662267
 10
143.4434076891521
 20
92.67469310166744
 10
143.8526574709711
 20
93.09340924213278
 10
144.2484322281923
 20
93.54041961988192
 10
144.628351724857
 20
94.0130358619059
 10
144.9901310804093
 20
94.50841559851506
 10
145.3315945112365
 20
95.02357955768485
 10
145.6506884160873
 20
95.55542948274837
 10
145.9454937266722
 20
96.1007667656765
 10
146.2142374491649
 20
96.65631168388288
 10
146.455303327197
 20
97.21872312486153
 10
146.6672415622131
 20
97.78461868003065
 10
146.8487775327302
 20
98.35059498693568
 10
146.9988194600613
 20
98.91324819747155
 10
147.1164649744008
 20
99.4691944490259
 10
147.2010065417827
 20
100.0150902154268
 10
147.2519357192734
 20
100.5476524153025
 10
147.2689462128069
 20
101.0636781569194
  0
ARC
  5
195
330
1F
100
AcDbEntity
  8
0
  6
Continuous
 62
7
100
AcDbCircle
 10
151.5366468397548
 20
103.7445689537068
 30
0.0
 40
9.92990064484843
100
AcDbArc
 50
353.9412980869017
 51
54.74652151972417
  0
LWPOLYLINE
  5
196
330
1F
100
AcDbEntity
  8
0
  6
Continuous
 62
7
100
AcDbPolyline
 90
49
 70
128
 10
137.2697588864463
 20
77.2114360147241
 10
137.7716683940295
 20
76.94941480999485
 10
138.2972703493806
 20
76.72928336586759
 10
138.8444858577128
 20
76.5520412210309
 10
139.411996628936
 20
76.41811536733634
 10
139.9984354798942
 20
76.32782844389594
 10
140.6023896280296
 20
76.28139795981647
 10
141.222404094899
 20
76.2789357702009
 10
141.8569852113451
 20
76.32044780667971
 10
142.5046042158754
 20
76.40583406312096
 10
143.1637009375835
 20
76.53488883655396
 10
143.8326875547365
 20
76.70730122272562
 10
144.5099524199776
 20
76.92265586509613
 10
145.1938639429249
 20
77.18043395546916
 10
145.8827745208161
 20
77.48001448384633
 10
146.5750245077277
 20
77.82067573449463
 10
147.2689462128071
 20
78.20159702462281
 10
147.9628679178865
 20
78.62186068147822
 10
148.6551179047979
 20
79.08045425310074
 10
149.3440284826892
 20
79.57627294740827
 10
150.0279400056365
 20
80.10812229373764
 10
150.7052048708775
 20
80.67472102042905
 10
151.3741914880307
 20
81.2747041415217
 10
152.0332882097387
 20
81.90662624512453
 10
152.680907214269
 20
82.5689649755402
 10
153.3154883307151
 20
83.26012470075305
 10
153.9355027975845
 20
83.97844035644665
 10
154.5394569457199
 20
84.72218145728938
 10
155.1258957966781
 20
85.48955626582531
 10
155.6934065679012
 20
86.27871610892655
 10
156.2406220762334
 20
87.08775983140883
 10
156.7662240315846
 20
87.91473837608085
 10
157.268946212807
 20
88.75765947919373
 10
157.7475775181329
 20
89.61449246997891
 10
158.2009648828246
 20
90.48317316271186
 10
158.6280160570085
 20
91.36160882951636
 10
159.0277022370006
 20
92.24768324192918
 10
159.3990605437851
 20
93.1392617690799
 10
159.7411963426737
 20
94.03419652020351
 10
160.0532853985594
 20
94.93033151909756
 10
160.3345758615708
 20
95.82550789805757
 10
160.5843900783442
 20
96.71756909877843
 10
160.8021262245505
 20
97.60436606769221
 10
160.9872597547419
 20
98.48376243322664
 10
161.1393446660285
 20
99.35363965251106
 10
161.2580145725377
 20
100.211902115132
 10
161.3429835880707
 20
101.0564821916421
 10
161.3940470148267
 20
101.8853452146606
 10
161.4110818365378
 20
102.6964943805648
  0
SPLINE
  5
197
330
1F
100
AcDbEntity
  8
0
  6
Continuous
 62
7
100
AcDbSpline
 70
9
 71
3
 72
50
 73
46
 74
0
 42
1e-08
 40
0.0
 40
0.0
 40
0.0
 40
0.0
 40
0.03125
 40
0.03125
 40
0.0625
 40
0.0625
 40
0.1250000000000001
 40
0.1250000000000001
 40
0.1875000000000002
 40
0.1875000000000002
 40
0.2500000000000003
 40
0.2500000000000003
 40
0.2812500000000004
 40
0.2812500000000004
 40
0.3125000000000004
 40
0.3125000000000004
 40
0.3750000000000006
 40
0.3750000000000006
 40
0.4062500000000006
 40
0.4062500000000006
 40
0.4375000000000006
 40
0.4375000000000006
 40
0.5000000000000004
 40
0.5000000000000004
 40
0.5625000000000001
 40
0.5625000000000001
 40
0.5937500000000001
 40
0.5937500000000001
 40
0.6250000000000001
 40
0.6250000000000001
 40
0.6875000000000004
 40
0.6875000000000004
 40
0.7187500000000006
 40
0.7187500000000006
 40
0.7500000000000006
 40
0.7500000000000006
 40
0.8125000000000003
 40
0.8125000000000003
 40
0.8750000000000003
 40
0.8750000000000003
 40
0.9375000000000001
 40
0.9375000000000001
 40
0.9687500000000001
 40
0.9687500000000001
 40
1.0
 40
1.0
 40
1.0
 40
1.0
 10
141.9602564466985
 20
104.128319526168
 30
0.0
 10
141.9602564466985
 20
103.9870310896782
 30
0.0
 10
141.9683850874303
 20
103.8390205211297
 30
0.0
 10
142.000528833999
 20
103.530392811838
 30
0.0
 10
142.0249747167026
 20
103.3678541169404
 30
0.0
 10
142.1218795062333
 20
102.8783707593261
 30
0.0
 10
142.2190098770014
 20
102.5425689351126
 30
0.0
 10
142.4763031295753
 20
101.9135789366956
 30
0.0
 10
142.6394886754498
 20
101.6150148142284
 30
0.0
 10
143.0232868878727
 20
101.1143057355795
 30
0.0
 10
143.2487700172296
 20
100.9071738871742
 30
0.0
 10
143.6111796882813
 20
100.6975707607901
 30
0.0
 10
143.7381528966367
 20
100.6431514778409
 30
0.0
 10
143.9905585975165
 20
100.5704265341491
 30
0.0
 10
144.1172112327311
 20
100.5511369049049
 30
0.0
 10
144.496524536463
 20
100.543825774946
 30
0.0
 10
144.7381356745696
 20
100.6070979688846
 30
0.0
 10
145.0520787595557
 20
100.7884173976543
 30
0.0
 10
145.1472842519576
 20
100.8623071314549
 30
0.0
 10
145.3170130423189
 20
101.0358303036569
 30
0.0
 10
145.3917661884553
 20
101.136509240592
 30
0.0
 10
145.5718010755853
 20
101.4643588774305
 30
0.0
 10
145.6370809052943
 20
101.7264472938404
 30
0.0
 10
145.637342105219
 20
102.2831336526031
 30
0.0
 10
145.5723429486338
 20
102.5828883938953
 30
0.0
 10
145.3922146213937
 20
103.0228394329328
 30
0.0
 10
145.3175173476037
 20
103.1706275566279
 30
0.0
 10
145.147847658808
 20
103.4557968858322
 30
0.0
 10
145.0525644077308
 20
103.5944243947577
 30
0.0
 10
144.7378693693928
 20
104.0007687173793
 30
0.0
 10
144.4974373315974
 20
104.2490319213153
 30
0.0
 10
144.1181669780711
 20
104.5784826585345
 30
0.0
 10
143.9916762989813
 20
104.6784797234142
 30
0.0
 10
143.7398845813642
 20
104.860142629738
 30
0.0
 10
143.6130763799119
 20
104.9426040798193
 30
0.0
 10
143.2495523134786
 20
105.1525003492869
 30
0.0
 10
143.0244135158014
 20
105.2460991674557
 30
0.0
 10
142.6395412167428
 20
105.322487298276
 30
0.0
 10
142.4764610225842
 20
105.3056949769882
 30
0.0
 10
142.2188843554895
 20
105.1572031177194
 30
0.0
 10
142.1219459786201
 20
105.0246517491004
 30
0.0
 10
142.025063286569
 20
104.7442915070008
 30
0.0
 10
142.0005708432432
 20
104.6360161068184
 30
0.0
 10
141.9683904466887
 20
104.3991926772186
 30
0.0
 10
141.9602564466985
 20
104.2696079626579
 30
0.0
 10
141.9602564466985
 20
104.128319526168
 30
0.0
  0
LWPOLYLINE
  5
198
330
1F
100
AcDbEntity
  8
0
  6
Continuous
 62
7
100
AcDbPolyline
 90
82
 70
128
 10
140.1978784009414
 20
105.1457187160329
 10
140.1808679074079
 20
105.6421045598632
 10
140.1299387299173
 20
106.1158651830349
 10
140.0453971625353
 20
106.5641513334157
 10
139.9277516481958
 20
106.9842669653497
 10
139.7777097208647
 20
107.3736854539939
 10
139.5961737503476
 20
107.7300647907368
 10
139.3842355153315
 20
108.0512616683142
 10
139.1431696372994
 20
108.3353443709107
 10
138.8744259148066
 20
108.5806043917267
 10
138.5796206042218
 20
108.7855667081384
 10
138.260526699371
 20
108.9489986526584
 10
137.9190632685438
 20
109.069917326342
 10
137.5572839129914
 20
109.1475955100579
 10
137.1773644163267
 20
109.1815660380693
 10
136.7815896591056
 20
109.1716246076237
 10
136.3723398772865
 20
109.1178310076534
 10
135.9520763472116
 20
109.0205087591983
 10
135.5233265832008
 20
108.8802431697119
 10
135.0886691367833
 20
108.6978778129537
 10
134.6507180889858
 20
108.4745094556372
 10
134.2121073289408
 20
108.2114814613458
 10
133.7754747133681
 20
107.9103757113861
 10
133.3434462021941
 20
107.5730030911679
 10
132.9186200657191
 20
107.2013925993258
 10
132.503551258315
 20
106.7977791450833
 10
132.1007360526282
 20
106.3645901072449
 10
131.7125970267028
 20
105.9044307356553
 10
131.3414684943108
 20
105.4200684829195
 10
130.9895824661148
 20
104.9144163606177
 10
130.6590552260926
 20
104.3905154201107
 10
130.3518746039572
 20
103.8515164632992
 10
130.0698880201142
 20
103.3006610933305
 10
129.8147913750587
 20
102.7412622192155
 10
129.5881188500297
 20
102.1766841316047
 10
129.3912336802643
 20
101.6103222695476
 10
129.2253199563396
 20
101.0455827999232
 10
129.0913755029136
 20
100.4858621323517
 10
128.9902058776896
 20
99.93452649278706
 10
128.9224195266977
 20
99.3948916786381
 10
128.8884241250289
 20
98.87020311717303
 10
128.8884241250289
 20
98.36361634713764
 10
128.9224195266977
 20
97.87817804097413
 10
128.9902058776896
 20
97.41680768177467
 10
129.0913755029136
 20
96.98228000516625
 10
129.2253199563397
 20
96.57720831172449
 10
129.3912336802643
 20
96.2040287502763
 10
129.5881188500298
 20
95.86498566661413
 10
129.8147913750587
 20
95.56211810573645
 10
130.0698880201142
 20
95.29724754879113
 10
130.3518746039572
 20
95.0719669584735
 10
130.6590552260927
 20
94.88763119876116
 10
130.9895824661149
 20
94.74534888660286
 10
131.3414684943109
 20
94.64597572456543
 10
131.7125970267029
 20
94.59010935453809
 10
132.1007360526283
 20
94.57808576344364
 10
132.5035512583151
 20
94.60997726257366
 10
132.9186200657192
 20
94.68559205269993
 10
133.3434462021942
 20
94.80447537757743
 10
133.7754747133682
 20
94.96591225890202
 10
134.2121073289408
 20
95.16893179627404
 10
134.6507180889858
 20
95.41231300630756
 10
135.0886691367834
 20
95.69459216576809
 10
135.5233265832008
 20
96.0140716145765
 10
135.9520763472117
 20
96.36882996573621
 10
136.3723398772866
 20
96.756733660781
 10
136.7815896591056
 20
97.1754498012463
 10
137.1773644163268
 20
97.62246017899547
 10
137.5572839129915
 20
98.09507642101943
 10
137.9190632685439
 20
98.5904561576286
 10
138.260526699371
 20
99.10562011679838
 10
138.5796206042219
 20
99.6374700418619
 10
138.8744259148067
 20
100.18280732479
 10
139.1431696372995
 20
100.7383522429964
 10
139.3842355153315
 20
101.300763683975
 10
139.5961737503476
 20
101.8666592391441
 10
139.7777097208647
 20
102.4326355460492
 10
139.9277516481958
 20
102.9952887565851
 10
140.0453971625353
 20
103.5512350081394
 10
140.1299387299173
 20
104.0971307745403
 10
140.1808679074079
 20
104.6296929744161
 10
140.1978784009414
 20
105.1457187160329
  0
LWPOLYLINE
  5
199
330
1F
100
AcDbEntity
  8
0
  6
Continuous
 62
7
100
AcDbPolyline
 90
65
 70
128
 10
138.0765580573818
 20
103.9211065482989
 10
138.059533495265
 20
104.3114534545023
 10
138.0086237647544
 20
104.6783849655864
 10
137.9243191543849
 20
105.0183673305142
 10
137.8074315636399
 20
105.3281263332582
 10
137.6590866839157
 20
105.6046788252904
 10
137.4807131574974
 20
105.8453614549337
 10
137.2740288189534
 20
106.0478563168941
 10
137.041024151449
 20
106.2102132749559
 10
136.7839431173056
 20
106.3308687428596
 10
136.5052615474168
 20
106.4086607424924
 10
136.2076632976434
 20
106.4428400943724
 10
135.8940144018145
 20
106.4330776326566
 10
135.5673354702549
 20
106.3794673751881
 10
135.2307725996564
 20
106.2825256180525
 10
134.8875670744467
 20
106.143185963365
 10
134.541024151449
 20
105.9627903281708
 10
134.1944812284513
 20
105.7430760210514
 10
133.8512757032416
 20
105.4861590108921
 10
133.5147128326432
 20
105.1945135489461
 10
133.1880339010835
 20
104.8709483404415
 10
132.8743850052547
 20
104.5185794952149
 10
132.5767867554813
 20
104.1408005178702
 10
132.2981051855924
 20
103.7412496264744
 10
132.041024151449
 20
103.3237747145282
 10
131.8080194839446
 20
102.8923962936486
 10
131.6013351454006
 20
102.4512687738443
 10
131.4229616189823
 20
102.0046404542757
 10
131.2746167392581
 20
101.5568126098122
 10
131.1577291485132
 20
101.1120980674035
 10
131.0734245381437
 20
100.6747796711988
 10
131.0225148076331
 20
100.2490690364161
 10
131.0054902455163
 20
99.83906598918531
 10
131.0225148076331
 20
99.4487190829819
 10
131.0734245381437
 20
99.08178757189782
 10
131.1577291485132
 20
98.74180520697004
 10
131.2746167392581
 20
98.43204620422607
 10
131.4229616189824
 20
98.15549371219382
 10
131.6013351454006
 20
97.91481108255051
 10
131.8080194839447
 20
97.71231622059015
 10
132.041024151449
 20
97.54995926252835
 10
132.2981051855925
 20
97.4293037946246
 10
132.5767867554813
 20
97.3515117949918
 10
132.8743850052547
 20
97.31733244311184
 10
133.1880339010836
 20
97.32709490482763
 10
133.5147128326432
 20
97.38070516229621
 10
133.8512757032417
 20
97.47764691943173
 10
134.1944812284513
 20
97.6169865741193
 10
134.5410241514491
 20
97.79738220931343
 10
134.8875670744468
 20
98.01709651643291
 10
135.2307725996564
 20
98.27401352659213
 10
135.567335470255
 20
98.56565898853815
 10
135.8940144018146
 20
98.88922419704275
 10
136.2076632976434
 20
99.24159304226939
 10
136.5052615474168
 20
99.61937201961403
 10
136.7839431173056
 20
100.0189229110099
 10
137.041024151449
 20
100.4363978229561
 10
137.2740288189534
 20
100.8677762438356
 10
137.4807131574974
 20
101.30890376364
 10
137.6590866839157
 20
101.7555320832085
 10
137.80743156364
 20
102.2033599276721
 10
137.9243191543849
 20
102.6480744700807
 10
138.0086237647544
 20
103.0853928662854
 10
138.059533495265
 20
103.5111035010682
 10
138.0765580573818
 20
103.9211065482989
  0
SPLINE
  5
19A
330
1F
100
AcDbEntity
  8
0
  6
Continuous
 62
7
100
AcDbSpline
 70
8
 71
3
 72
14
 73
10
 74
0
 42
1e-08
 40
0.0
 40
0.0
 40
0.0
 40
0.0
 40
0.096149773164537
 40
0.2333413242156728
 40
0.3891638005026056
 40
0.5449348385659752
 40
0.703215234872054
 40
0.8613887583961762
 40
1.0
 40
1.0
 40
1.0
 40
1.0
 10
142.0976896439245
 20
103.0262766453912
 30
0.0
 10
142.1708534216971
 20
102.967892723059
 30
0.0
 10
142.3484111238965
 20
102.8262035510359
 30
0.0
 10
142.6275785170553
 20
102.5647955841363
 30
0.0
 10
142.9198790513867
 20
102.2439895986865
 30
0.0
 10
143.1789458466966
 20
101.8855332741166
 30
0.0
 10
143.3736347400539
 20
101.5074470505731
 30
0.0
 10
143.4950173430982
 20
101.1331162109322
 30
0.0
 10
143.5092459802089
 20
100.8931300976083
 30
0.0
 10
143.5158913653094
 20
100.7810462676949
 30
0.0
  0
LINE
  5
200
330
1F
100
AcDbEntity
  8
0
  6
JIS_02_0.7
100
AcDbLine
 10
60.36424815174562
 20
80.842442885546
 30
0.0
 11
60.36424815174562
 21
72.84244288554602
 31
0.0
  0
LINE
  5
201
330
1F
100
AcDbEntity
  8
0
  6
JIS_02_0.7
100
AcDbLine
 10
65.56424815174819
 20
80.842442885546
 30
0.0
 11
65.56424815174819
 21
72.842442885546
 31
0.0
  0
LINE
  5
202
330
1F
100
AcDbEntity
  8
0
  6
JIS_02_0.7
100
AcDbLine
 10
88.0770610728481
 20
80.842442885546
 30
0.0
 11
88.0770610728481
 21
72.842442885546
 31
0.0
  0
LINE
  5
203
330
1F
100
AcDbEntity
  8
0
  6
JIS_02_0.7
100
AcDbLine
 10
93.2770610728498
 20
80.842442885546
 30
0.0
 11
93.2770610728498
 21
72.842442885546
 31
0.0
  0
LINE
  5
204
330
1F
100
AcDbEntity
  8
0
  6
CENTER
100
AcDbLine
 10
62.96424815174692
 20
82.69827730040821
 30
0.0
 11
62.96424815174692
 21
70.89394463542266
 31
0.0
  0
LINE
  5
205
330
1F
100
AcDbEntity
  8
0
  6
CENTER
100
AcDbLine
 10
90.67706107284896
 20
82.8128824339367
 30
0.0
 11
90.67706107284896
 21
70.89394463542266
 31
0.0
  0
LINE
  5
206
330
1F
100
AcDbEntity
  8
0
  6
CENTER
100
AcDbLine
 10
76.82065461229692
 20
84.53195992580783
 30
0.0
 11
76.82065461229692
 21
51.24872627551525
 31
0.0
  0
LINE
  5
207
330
1F
100
AcDbEntity
  8
0
  6
JIS_02_0.7
100
AcDbLine
 10
71.8206546122969
 20
80.842442885546
 30
0.0
 11
71.8206546122969
 21
72.842442885546
 31
0.0
  0
LINE
  5
208
330
1F
100
AcDbEntity
  8
0
  6
JIS_02_0.7
100
AcDbLine
 10
81.8206546122969
 20
80.842442885546
 30
0.0
 11
81.8206546223842
 21
74.05201454554168
 31
0.0
  0
LINE
  5
20B
330
1F
100
AcDbEntity
  8
0
  6
JIS_02_0.7
100
AcDbLine
 10
186.0521885433469
 20
167.1786397569118
 30
0.0
 11
194.0521885433469
 21
167.1786397569118
 31
0.0
  0
LINE
  5
20C
330
1F
100
AcDbEntity
  8
0
  6
JIS_02_0.7
100
AcDbLine
 10
186.0521885433469
 20
148.7786397569133
 30
0.0
 11
194.0521885433469
 21
148.7786397569133
 31
0.0
  0
LINE
  5
20D
330
1F
100
AcDbEntity
  8
0
  6
JIS_02_0.7
100
AcDbLine
 10
186.0521885433469
 20
143.5786397569115
 30
0.0
 11
194.0521885433469
 21
143.5786397569115
 31
0.0
  0
LINE
  5
20E
330
1F
100
AcDbEntity
  8
0
  6
JIS_02_0.7
100
AcDbLine
 10
186.0521885433469
 20
172.7786397569118
 30
0.0
 11
194.0521885433469
 21
172.7786397569118
 31
0.0
  0
CIRCLE
  5
210
330
1F
100
AcDbEntity
  8
0
370
30
100
AcDbCircle
 10
199.7830065099319
 20
154.1786397569118
 30
0.0
 40
2.6
  0
LINE
  5
212
330
1F
100
AcDbEntity
  8
0
  6
JIS_02_0.7
100
AcDbLine
 10
186.0521885433469
 20
159.1786397569118
 30
0.0
 11
194.0521885433469
 21
159.1786397569118
 31
0.0
  0
LINE
  5
216
330
1F
100
AcDbEntity
  8
0
  6
JIS_02_0.7
100
AcDbLine
 10
186.0521885433469
 20
149.1786397569118
 30
0.0
 11
194.0521885433469
 21
149.1786397569118
 31
0.0
  0
LINE
  5
218
330
1F
100
AcDbEntity
  8
0
  6
JIS_02_0.7
100
AcDbLine
 10
194.0521885433469
 20
159.1786397569118
 30
0.0
 11
204.0521885433469
 21
159.1786397569118
 31
0.0
  0
LINE
  5
219
330
1F
100
AcDbEntity
  8
0
  6
JIS_02_0.7
100
AcDbLine
 10
194.0521885433469
 20
149.1786397569118
 30
0.0
 11
204.0521885433469
 21
149.1786397569118
 31
0.0
  0
LINE
  5
2B7
330
1F
100
AcDbEntity
  8
0
  6
CENTERX2
100
AcDbLine
 10
177.0689223725337
 20
170.1786397569118
 30
0.0
 11
205.0986309386487
 21
170.1502397401728
 31
0.0
  0
LINE
  5
2B8
330
1F
100
AcDbEntity
  8
0
  6
CENTERX2
100
AcDbLine
 10
176.5083279926007
 20
146.1786397569124
 30
0.0
 11
199.4926892254257
 21
146.1786397569118
 31
0.0
  0
MULTILEADER
  5
393
330
1F
100
AcDbEntity
  8
0
160
452
310
C4010000170000000C00000016000000000000C00C00000033000000000000000C00000013000000993A00000C00000033000000000000000C00000010000000000000000C00000016000000000000C00C00000012000000FF7F00000C00000013000000010000000C00000014000000010000005400000007000000030000
310
00D9F53C0AB2586940B84CFB016C9D63400000000000000000D016AB630EF968407536B96AB74563400000000000000000704395AD14376940AA4E65FFB2B7634000000000000000000C00000014000000010000000C00000013000000891300003C0000000600000002000000A41CE95BE3476940B14DB0808FAA63400000
310
000000000000D03D0C983C926A40A28410F02651654000000000000000000C00000013000000112700003C0000000600000002000000D03D0C983C926A40A28410F0265165400000000000000000BC8FC4B6C19D6A40A28410F02651654000000000000000000C00000016000000000000C00C00000012000000FF7F00000C
310
00000017000000000000000C000000130000009A3A00000C00000016000000000000C00C00000012000000FF7F00000C00000017000000FFFFFFFF0C0000003300000000000000
100
AcDbMLeader
270
2
300
CONTEXT_DATA{
 40
1.0
 10
212.9298967207995
 20
170.5360031435603
 30
0.0
 41
4.0
140
4.0
145
2.0
174
1
175
6
176
0
177
0
290
1
304

 11
0.0
 21
0.0
 31
1.0
340
11
 12
214.9298967207995
 22
172.5360031435603
 32
0.0
 13
1.0
 23
0.0
 33
0.0
 42
0.0
 43
0.0
 44
0.0
 45
1.0
170
1
 90
-1073741824
171
1
172
5
 91
-1073741824
141
0.0
 92
0
291
0
292
0
173
0
293
0
142
0.0
143
0.0
294
0
295
0
296
0
110
199.7830065099319
120
154.1786397569118
130
0.0
111
1.0
121
0.0
131
0.0
112
0.0
122
1.0
132
0.0
297
0
302
LEADER{
290
1
291
1
 10
212.5698967207995
 20
170.5360031435603
 30
0.0
 11
1.0
 21
0.0
 31
0.0
 90
0
 40
0.36
304
LEADER_LINE{
 10
199.7830065099319
 20
154.1786397569118
 30
0.0
 91
0
 92
-1056964608
305
}
271
0
303
}
272
9
273
9
301
}
340
1D3
 90
279552
170
1
 91
-1056964608
341
14
171
-2
290
1
291
1
 41
0.36
 42
4.0
172
2
343
11
173
1
 95
6
174
1
175
0
 92
-1056964608
292
0
 93
-1056964608
 10
1.0
 20
1.0
 30
1.0
 43
0.0
176
0
293
0
294
0
178
0
179
1
 45
1.0
271
0
272
9
273
9
295
1
  0
LINE
  5
394
330
1F
100
AcDbEntity
  8
0
100
AcDbLine
 10
212.9298967207995
 20
170.5360031435603
 30
0.0
 11
215.4951437094876
 21
170.5360031435603
 31
0.0
  0
MTEXT
  5
395
330
1F
100
AcDbEntity
  8
0
370
30
100
AcDbMText
 10
212.9355527247672
 20
174.8000878163615
 30
0.0
 40
3.5
 41
7.678771911107332
 46
0.0
 71
1
 72
5
  1
M3
101
Embedded Object
 70
1
 10
1.0
 20
0.0
 30
0.0
 11
212.9355527247672
 21
174.8000878163615
 31
0.0
 40
7.678771911107332
 41
0.0
 42
6.333333333333333
 43
3.5
 71
2
 72
1
 44
7.678771911107332
 45
17.5
 73
0
 74
0
 46
0.0
  0
MULTILEADER
  5
437
330
1F
100
AcDbEntity
  8
0
160
452
310
C4010000170000000C00000016000000000000C00C00000033000000000000000C00000013000000993A00000C00000033000000000000000C00000010000000000000000C00000016000000000000C00C00000012000000FF7F00000C00000013000000010000000C00000014000000010000005400000007000000030000
310
00BFA1C8D8DA94534080564BA338CD624000000000000000001048EC9A853453407536B96AB74563400000000000000000AE573B87CEDD53409CF4CE265BE3624000000000000000000C00000014000000010000000C00000013000000891300003C0000000600000002000000B7FC01B054B953408E250DE549D862400000
310
00000000000000658D8829E4584090359F61AF2C5D4000000000000000000C00000013000000112700003C000000060000000200000000658D8829E4584090359F61AF2C5D400000000000000000D708FEC533FB584090359F61AF2C5D4000000000000000000C00000016000000000000C00C00000012000000FF7F00000C
310
00000017000000000000000C000000130000009A3A00000C00000016000000000000C00C00000012000000FF7F00000C00000017000000FFFFFFFF0C0000003300000000000000
100
AcDbMLeader
270
2
300
CONTEXT_DATA{
 40
1.0
 10
99.92503499801693
 20
116.698204427221
 30
0.0
 41
4.0
140
4.0
145
2.0
174
1
175
6
176
0
177
0
290
1
304

 11
0.0
 21
0.0
 31
1.0
340
11
 12
101.9250349980169
 22
118.698204427221
 32
0.0
 13
1.0
 23
0.0
 33
0.0
 42
0.0
 43
0.0
 44
0.0
 45
1.0
170
1
 90
-1073741824
171
1
172
5
 91
-1073741824
141
0.0
 92
0
291
0
292
0
173
0
293
0
142
0.0
143
0.0
294
0
295
0
296
0
110
76.82065461229672
120
154.1786397569118
130
0.0
111
1.0
121
0.0
131
0.0
112
0.0
122
1.0
132
0.0
297
0
302
LEADER{
290
1
291
1
 10
99.56503499801693
 20
116.698204427221
 30
0.0
 11
1.0
 21
0.0
 31
0.0
 90
0
 40
0.36
304
LEADER_LINE{
 10
76.82065461229672
 20
154.1786397569118
 30
0.0
 91
0
 92
-1056964608
305
}
271
0
303
}
272
9
273
9
301
}
340
1D3
 90
279552
170
1
 91
-1056964608
341
14
171
-2
290
1
291
1
 41
0.36
 42
4.0
172
2
343
11
173
1
 95
6
174
1
175
0
 92
-1056964608
292
0
 93
-1056964608
 10
1.0
 20
1.0
 30
1.0
 43
0.0
176
0
293
0
294
0
178
0
179
1
 45
1.0
271
0
272
9
273
9
295
1
  0
LINE
  5
43F
330
1F
100
AcDbEntity
  8
0
100
AcDbLine
 10
99.56503499801693
 20
116.698204427221
 30
0.0
 11
107.2647644672911
 21
116.698204427221
 31
0.0
  0
MTEXT
  5
440
330
1F
100
AcDbEntity
  8
0
370
30
100
AcDbMText
 10
101.3616392727615
 20
122.2138861991828
 30
0.0
 40
3.5
 41
12.19123668917496
 46
0.0
 71
1
 72
5
  1
∅11
101
Embedded Object
 70
1
 10
1.0
 20
0.0
 30
0.0
 11
101.3616392727615
 21
122.2138861991828
 31
0.0
 40
12.19123668917496
 41
0.0
 42
6.666666666666666
 43
3.5
 71
2
 72
1
 44
12.19123668917496
 45
17.5
 73
0
 74
0
 46
0.0
  0
MULTILEADER
  5
48F
330
1F
100
AcDbEntity
  8
0
160
452
310
C4010000170000000C00000016000000000000C00C00000033000000000000000C00000013000000993A00000C00000033000000000000000C00000010000000000000000C00000016000000000000C00C00000012000000FF7F00000C00000013000000010000000C00000014000000010000005400000007000000030000
310
00D201A5C6B97E5740CA7175656FFA61400000000000000000FC51F7F754AB56408A36B96AB74562400000000000000000425C2F5021A45740F7EB5DD3C820624000000000000000000C00000014000000010000000C00000013000000891300003C00000006000000020000000A2F6A8B6D915740E1AE691C9C0D62400000
310
00000000000020753CFBC04B5D40604FD17F0FA8604000000000000000000C00000013000000112700003C000000060000000200000020753CFBC04B5D40604FD17F0FA860400000000000000000F718AD38CB625D40604FD17F0FA8604000000000000000000C00000016000000000000C00C00000012000000FF7F00000C
310
00000017000000000000000C000000130000009A3A00000C00000016000000000000C00C00000012000000FF7F00000C00000017000000FFFFFFFF0C0000003300000000000000
100
AcDbMLeader
270
2
300
CONTEXT_DATA{
 40
1.0
 10
117.5436536493688
 20
133.2518920028769
 30
0.0
 41
4.0
140
4.0
145
2.0
174
1
175
6
176
0
177
0
290
1
304

 11
0.0
 21
0.0
 31
1.0
340
11
 12
119.5436536493688
 22
135.2518920028769
 32
0.0
 13
1.0
 23
0.0
 33
0.0
 42
0.0
 43
0.0
 44
0.0
 45
1.0
170
1
 90
-1073741824
171
1
172
5
 91
-1073741824
141
0.0
 92
0
291
0
292
0
173
0
293
0
142
0.0
143
0.0
294
0
295
0
296
0
110
90.67706107284896
120
146.1786397569124
130
0.0
111
1.0
121
0.0
131
0.0
112
0.0
122
1.0
132
0.0
297
0
302
LEADER{
290
1
291
1
 10
117.1836536493688
 20
133.2518920028769
 30
0.0
 11
1.0
 21
0.0
 31
0.0
 90
0
 40
0.36
304
LEADER_LINE{
 10
90.67706107284896
 20
146.1786397569124
 30
0.0
 91
0
 92
-1056964608
305
}
271
0
303
}
272
9
273
9
301
}
340
1D3
 90
279552
170
1
 91
-1056964608
341
14
171
-2
290
1
291
1
 41
0.36
 42
4.0
172
2
343
11
173
1
 95
6
174
1
175
0
 92
-1056964608
292
0
 93
-1056964608
 10
1.0
 20
1.0
 30
1.0
 43
0.0
176
0
293
0
294
0
178
0
179
1
 45
1.0
271
0
272
9
273
9
295
1
  0
LINE
  5
490
330
1F
100
AcDbEntity
  8
0
100
AcDbLine
 10
117.1836536493688
 20
133.2518920028769
 30
0.0
 11
132.4685156806997
 21
133.2518920028769
 31
0.0
  0
MTEXT
  5
491
330
1F
100
AcDbEntity
  8
0
370
30
100
AcDbMText
 10
119.5704108478251
 20
137.9461155589412
 30
0.0
 40
3.5
 41
17.61272250745992
 46
0.0
 71
1
 72
5
  1
3*∅3
101
Embedded Object
 70
1
 10
1.0
 20
0.0
 30
0.0
 11
119.5704108478251
 21
137.9461155589412
 31
0.0
 40
17.61272250745992
 41
0.0
 42
11.5
 43
3.5
 71
2
 72
1
 44
17.61272250745992
 45
17.5
 73
0
 74
0
 46
0.0
  0
DIMENSION
  5
564
330
1F
100
AcDbEntity
  8
0
100
AcDbDimension
280
0
  2
*D18
  3
ISO-25
 10
72.75542610821941
 20
151.2676404079535
 30
0.0
 11
120.7398537112232
 21
183.0487073650754
 31
0.0
 70
163
 71
5
 42
5.000000000000028
 73
0
 74
0
 75
0
100
AcDbDiametricDimension
 15
80.88588311637449
 25
157.0896391058701
 35
0.0
 40
0.0
1001
ACAD
1000
DSTYLE
1002
{
1070
41
1040
4.08
1070
42
1040
0.0
1070
44
1040
2.0
1070
73
1070
1
1070
74
1070
1
1070
78
1070
0
1070
140
1040
3.5
1070
143
1040
0.0393700787401575
1070
144
1040
0.5
1070
147
1040
1.524
1070
179
1070
2
1070
271
1070
0
1070
272
1070
0
1070
284
1070
0
1002
}
1001
ACAD_DSTYLE_DIMRADIAL_EXTENSION
1070
387
1070
1
1070
388
1040
0.0
1070
390
1040
0.0
  0
DIMENSION
  5
571
330
1F
100
AcDbEntity
  8
0
100
AcDbDimension
280
0
  2
*D19
  3
ISO-25
 10
57.59995583739172
 20
148.6501011973684
 30
0.0
 11
146.6498412639707
 21
172.968807749938
 31
0.0
 70
163
 71
5
 42
19.99999999999998
 73
0
 74
0
 75
0
100
AcDbDiametricDimension
 15
96.04135338720207
 25
159.7071783164552
 35
0.0
 40
0.0
1001
ACAD
1000
DSTYLE
1002
{
1070
41
1040
4.08
1070
42
1040
0.0
1070
44
1040
2.0
1070
73
1070
1
1070
74
1070
1
1070
78
1070
0
1070
140
1040
3.5
1070
143
1040
0.0393700787401575
1070
144
1040
0.5
1070
147
1040
1.524
1070
179
1070
2
1070
271
1070
0
1070
272
1070
0
1070
284
1070
0
1002
}
1001
ACAD_DSTYLE_DIMRADIAL_EXTENSION
1070
387
1070
1
1070
388
1040
0.0
1070
390
1040
0.0
  0
DIMENSION
  5
57E
330
1F
100
AcDbEntity
  8
0
100
AcDbDimension
280
0
  2
*D20
  3
ISO-25
 10
204.0521885433469
 20
107.2750730417612
 30
0.0
 11
199.0521885433469
 21
110.5490730417612
 31
0.0
 70
32
 71
5
 42
5.0
 73
0
 74
0
 75
0
100
AcDbAlignedDimension
 13
194.0521885433469
 23
146.1786397569118
 33
0.0
 14
204.0521885433469
 24
146.1786397569118
 34
0.0
 50
0.0
100
AcDbRotatedDimension
1001
ACAD
1000
DSTYLE
1002
{
1070
41
1040
4.08
1070
42
1040
0.0
1070
44
1040
2.0
1070
73
1070
1
1070
74
1070
1
1070
78
1070
0
1070
140
1040
3.5
1070
143
1040
0.0393700787401575
1070
144
1040
0.5
1070
147
1040
1.524
1070
179
1070
2
1070
271
1070
0
1070
272
1070
0
1070
284
1070
0
1002
}
  0
DIMENSION
  5
58D
330
1F
100
AcDbEntity
  8
0
100
AcDbDimension
280
0
  2
*D21
  3
ISO-25
 10
204.0521885433469
 20
185.621882782793
 30
0.0
 11
195.0521885433469
 21
188.895882782793
 31
0.0
 70
32
 71
5
 42
9.0
 73
0
 74
0
 75
0
100
AcDbAlignedDimension
 13
186.0521885433469
 23
134.1786397569118
 33
0.0
 14
204.0521885433469
 24
146.1786397569118
 34
0.0
 50
0.0
100
AcDbRotatedDimension
1001
ACAD
1000
DSTYLE
1002
{
1070
41
1040
4.08
1070
42
1040
0.0
1070
44
1040
2.0
1070
73
1070
1
1070
74
1070
1
1070
78
1070
0
1070
140
1040
3.5
1070
143
1040
0.0393700787401575
1070
144
1040
0.5
1070
147
1040
1.524
1070
179
1070
2
1070
271
1070
0
1070
272
1070
0
1070
284
1070
0
1002
}
  0
INSERT
  5
6F6
330
1F
100
AcDbEntity
  8
0
100
AcDbBlockReference
 66
1
  2
HH_FRAME_A4
 10
0.0
 20
-0.6442953020134183
 30
0.0
 41
0.9966442953020134
 42
0.9966442953020134
  0
ATTRIB
  5
6F8
330
1F
100
AcDbEntity
  8
HH_TITLE
100
AcDbText
 10
154.69263253148327
 20
31.74664429530202
 30
0.0
 40
4.983221476510067
  1
法兰
  7
HH_CHN
 11
154.69263253148327
 21
31.74664429530202
 31
0.0
100
AcDbAttribute
  2
TITLE
 70
0
 71
1
 72
0
 11
154.69263253148327
 21
31.74664429530202
 31
0.0
  0
ATTRIB
  5
6F9
330
1F
100
AcDbEntity
  8
HH_TITLE
100
AcDbText
 10
229.67611793982354
 20
32.494127516778526
 30
0.0
 40
3.4882550335570466
  1

  7
HH_CHN
 11
229.67611793982354
 21
32.494127516778526
 31
0.0
100
AcDbAttribute
  2
DWG_NO
 70
0
 71
1
 72
0
 11
229.67611793982354
 21
32.494127516778526
 31
0.0
  0
ATTRIB
  5
6FA
330
1F
100
AcDbEntity
  8
HH_TITLE
100
AcDbText
 10
266.63034461956113
 20
42.211409395973156
 30
0.0
 40
2.98993288590604
  1
2:1
  7
HH_CHN
 11
266.63034461956113
 21
42.211409395973156
 31
0.0
100
AcDbAttribute
  2
SCALE
 70
0
 71
1
 72
0
 11
266.63034461956113
 21
42.211409395973156
 31
0.0
  0
ATTRIB
  5
6FB
330
1F
100
AcDbEntity
  8
HH_TITLE
100
AcDbText
 10
266.63034461956113
 20
31.24832214765101
 30
0.0
 40
2.98993288590604
  1

  7
HH_CHN
 11
266.63034461956113
 21
31.24832214765101
 31
0.0
100
AcDbAttribute
  2
STAGE
 70
0
 71
1
 72
0
 11
266.63034461956113
 21
31.24832214765101
 31
0.0
  0
ATTRIB
  5
6FC
330
1F
100
AcDbEntity
  8
HH_TITLE
100
AcDbText
 10
123.54357891561716
 20
18.39161073825504
 30
0.0
 40
2.7906040268456365
  1
PLA
  7
HH_CHN
 11
123.54357891561716
 21
18.39161073825504
 31
0.0
100
AcDbAttribute
  2
MATERIAL
 70
0
 71
1
 72
0
 11
123.54357891561716
 21
18.39161073825504
 31
0.0
  0
ATTRIB
  5
6FD
330
1F
100
AcDbEntity
  8
HH_TITLE
100
AcDbText
 10
159.42277354648965
 20
18.39161073825504
 30
0.0
 40
2.7906040268456365
  1

  7
HH_CHN
 11
159.42277354648965
 21
18.39161073825504
 31
0.0
100
AcDbAttribute
  2
WEIGHT
 70
0
 71
1
 72
0
 11
159.42277354648965
 21
18.39161073825504
 31
0.0
  0
ATTRIB
  5
6FE
330
1F
100
AcDbEntity
  8
HH_TITLE
100
AcDbText
 10
195.3019681773621
 20
18.39161073825504
 30
0.0
 40
2.7906040268456365
  1
0.001
  7
HH_CHN
 11
195.3019681773621
 21
18.39161073825504
 31
0.0
100
AcDbAttribute
  2
VERSION
 70
0
 71
1
 72
0
 11
195.3019681773621
 21
18.39161073825504
 31
0.0
  0
ATTRIB
  5
6FF
330
1F
100
AcDbEntity
  8
HH_TITLE
100
AcDbText
 10
231.18116280823472
 20
18.39161073825504
 30
0.0
 40
2.7906040268456365
  1

  7
HH_CHN
 11
231.18116280823472
 21
18.39161073825504
 31
0.0
100
AcDbAttribute
  2
DATE
 70
0
 71
1
 72
0
 11
231.18116280823472
 21
18.39161073825504
 31
0.0
  0
ATTRIB
  5
700
330
1F
100
AcDbEntity
  8
HH_TITLE
100
AcDbText
 10
267.0603574391072
 20
18.39161073825504
 30
0.0
 40
2.7906040268456365
  1

  7
HH_CHN
 11
267.0603574391072
 21
18.39161073825504
 31
0.0
100
AcDbAttribute
  2
SHEET
 70
0
 71
1
 72
0
 11
267.0603574391072
 21
18.39161073825504
 31
0.0
  0
ATTRIB
  5
701
330
1F
100
AcDbEntity
  8
HH_TITLE
100
AcDbText
 10
123.54357891561716
 20
7.428523489932887
 30
0.0
 40
2.7906040268456365
  1

  7
HH_CHN
 11
123.54357891561716
 21
7.428523489932887
 31
0.0
100
AcDbAttribute
  2
DESIGN
 70
0
 71
1
 72
0
 11
123.54357891561716
 21
7.428523489932887
 31
0.0
  0
ATTRIB
  5
702
330
1F
100
AcDbEntity
  8
HH_TITLE
100
AcDbText
 10
159.42277354648965
 20
7.428523489932887
 30
0.0
 40
2.7906040268456365
  1

  7
HH_CHN
 11
159.42277354648965
 21
7.428523489932887
 31
0.0
100
AcDbAttribute
  2
CHECKED
 70
0
 71
1
 72
0
 11
159.42277354648965
 21
7.428523489932887
 31
0.0
  0
ATTRIB
  5
703
330
1F
100
AcDbEntity
  8
HH_TITLE
100
AcDbText
 10
195.3019681773621
 20
7.428523489932887
 30
0.0
 40
2.7906040268456365
  1

  7
HH_CHN
 11
195.3019681773621
 21
7.428523489932887
 31
0.0
100
AcDbAttribute
  2
REVIEWED
 70
0
 71
1
 72
0
 11
195.3019681773621
 21
7.428523489932887
 31
0.0
  0
ATTRIB
  5
704
330
1F
100
AcDbEntity
  8
HH_TITLE
100
AcDbText
 10
231.18116280823472
 20
7.428523489932887
 30
0.0
 40
2.7906040268456365
  1

  7
HH_CHN
 11
231.18116280823472
 21
7.428523489932887
 31
0.0
100
AcDbAttribute
  2
APPROVED
 70
0
 71
1
 72
0
 11
231.18116280823472
 21
7.428523489932887
 31
0.0
  0
ATTRIB
  5
705
330
1F
100
AcDbEntity
  8
HH_TITLE
100
AcDbText
 10
267.0603574391072
 20
7.428523489932887
 30
0.0
 40
2.7906040268456365
  1

  7
HH_CHN
 11
267.0603574391072
 21
7.428523489932887
 31
0.0
100
AcDbAttribute
  2
COUNTERSIGN
 70
0
 71
1
 72
0
 11
267.0603574391072
 21
7.428523489932887
 31
0.0
  0
SEQEND
  5
6F7
330
6F6
100
AcDbEntity
  8
0
  0
ENDSEC
  0
SECTION
  2
OBJECTS
  0
DICTIONARY
  5
C
330
0
100
AcDbDictionary
281
1
  3
ACAD_CIP_PREVIOUS_PRODUCT_INFO
350
1DD
  3
ACAD_COLOR
350
1CF
  3
ACAD_DETAILVIEWSTYLE
350
1D6
  3
ACAD_GROUP
350
D
  3
ACAD_LAST_SAVED_VERSION_INFO
350
3AC
  3
ACAD_LAYOUT
350
1A
  3
ACAD_MATERIAL
350
19D
  3
ACAD_MLEADERSTYLE
350
1D2
  3
ACAD_MLINESTYLE
350
17
  3
ACAD_PLOTSETTINGS
350
19
  3
ACAD_PLOTSTYLENAME
350
E
  3
ACAD_SCALELIST
350
47
  3
ACAD_SECTIONVIEWSTYLE
350
1D4
  3
ACAD_TABLESTYLE
350
1D0
  3
ACAD_VISUALSTYLE
350
1B6
  3
ACDB_RECOMPOSE_DATA
350
6B3
  3
AcDbVariableDictionary
350
1DE
  3
EZDXF_META
350
708
  0
DICTIONARY
  5
3CC
330
2
100
AcDbDictionary
280
1
281
1
  3
ACAD_LAYERSTATES
360
3CD
  0
DICTIONARY
  5
3AD
330
10
100
AcDbDictionary
280
1
281
1
  3
ADSK_XREC_LAYER_RECONCILED
360
3AE
  0
DICTIONARY
  5
3AF
330
63
100
AcDbDictionary
280
1
281
1
  3
ADSK_XREC_LAYER_RECONCILED
360
3B0
  0
DICTIONARY
  5
3B1
330
64
100
AcDbDictionary
280
1
281
1
  3
ADSK_XREC_LAYER_RECONCILED
360
3B2
  0
DICTIONARY
  5
3B3
330
65
100
AcDbDictionary
280
1
281
1
  3
ADSK_XREC_LAYER_RECONCILED
360
3B4
  0
DICTIONARY
  5
3B5
330
66
100
AcDbDictionary
280
1
281
1
  3
ADSK_XREC_LAYER_RECONCILED
360
3B6
  0
DICTIONARY
  5
3B7
330
67
100
AcDbDictionary
280
1
281
1
  3
ADSK_XREC_LAYER_RECONCILED
360
3B8
  0
DICTIONARY
  5
3B9
330
68
100
AcDbDictionary
280
1
281
1
  3
ADSK_XREC_LAYER_RECONCILED
360
3BA
  0
DICTIONARY
  5
3BB
330
69
100
AcDbDictionary
280
1
281
1
  3
ADSK_XREC_LAYER_RECONCILED
360
3BC
  0
DICTIONARY
  5
3BD
330
6A
100
AcDbDictionary
280
1
281
1
  3
ADSK_XREC_LAYER_RECONCILED
360
3BE
  0
DICTIONARY
  5
3BF
330
6B
100
AcDbDictionary
280
1
281
1
  3
ADSK_XREC_LAYER_RECONCILED
360
3C0
  0
DICTIONARY
  5
3C1
330
6C
100
AcDbDictionary
280
1
281
1
  3
ADSK_XREC_LAYER_RECONCILED
360
3C2
  0
DICTIONARY
  5
3C3
330
6D
100
AcDbDictionary
280
1
281
1
  3
ADSK_XREC_LAYER_RECONCILED
360
3C4
  0
DICTIONARY
  5
3C5
330
6E
100
AcDbDictionary
280
1
281
1
  3
ADSK_XREC_LAYER_RECONCILED
360
3C6
  0
DICTIONARY
  5
3C7
330
6F
100
AcDbDictionary
280
1
281
1
  3
ADSK_XREC_LAYER_RECONCILED
360
3C8
  0
DICTIONARY
  5
213
330
1F
100
AcDbDictionary
280
1
281
1
  3
ACAD_SORTENTS
360
214
  0
XRECORD
  5
1DD
102
{ACAD_REACTORS
330
C
102
}
330
C
100
AcDbXrecord
280
1
300

300

300

  0
DICTIONARY
  5
1CF
102
{ACAD_REACTORS
330
C
102
}
330
C
100
AcDbDictionary
281
1
  0
DICTIONARY
  5
1D6
102
{ACAD_REACTORS
330
C
102
}
330
C
100
AcDbDictionary
281
1
  3
Metric50
350
1D7
  0
DICTIONARY
  5
D
102
{ACAD_REACTORS
330
C
102
}
330
C
100
AcDbDictionary
281
1
  0
XRECORD
  5
3AC
102
{ACAD_REACTORS
330
C
102
}
330
C
100
AcDbXrecord
280
1
300
{8D6FE488-3047-8E49-867E-4E1EDAB0B64A}
301
{25DA53D0-CF5F-EA4D-93A8-0E1FB8F8F465}
302
{8D6FE488-3047-8E49-867E-4E1EDAB0B64A}
303
D:\sw1\工程训练\cad\法兰.DWG
  0
DICTIONARY
  5
1A
102
{ACAD_REACTORS
330
C
102
}
330
C
100
AcDbDictionary
281
1
  3
Layout1
350
1E
  3
Layout2
350
26
  3
Model
350
22
  0
DICTIONARY
  5
19D
102
{ACAD_REACTORS
330
C
102
}
330
C
100
AcDbDictionary
281
1
  3
ByBlock
350
1A6
  3
ByLayer
350
19E
  3
Global
350
1AE
  0
DICTIONARY
  5
1D2
102
{ACAD_REACTORS
330
C
102
}
330
C
100
AcDbDictionary
281
1
  3
Standard
350
1D3
  0
DICTIONARY
  5
17
102
{ACAD_REACTORS
330
C
102
}
330
C
100
AcDbDictionary
281
1
  3
Standard
350
18
  0
DICTIONARY
  5
19
102
{ACAD_REACTORS
330
C
102
}
330
C
100
AcDbDictionary
281
1
  0
ACDBDICTIONARYWDFLT
  5
E
102
{ACAD_REACTORS
330
C
102
}
330
C
100
AcDbDictionary
281
1
  3
Normal
350
F
100
AcDbDictionaryWithDefault
340
F
  0
DICTIONARY
  5
47
102
{ACAD_REACTORS
330
C
102
}
330
C
100
AcDbDictionary
281
1
  3
A0
350
48
  3
A1
350
49
  3
A2
350
4A
  3
A3
350
4B
  3
A4
350
4C
  3
A5
350
4D
  3
A6
350
4E
  3
A7
350
4F
  3
A8
350
50
  3
A9
350
51
  3
B0
350
52
  3
B1
350
53
  3
B2
350
54
  3
B3
350
55
  3
B4
350
56
  3
B5
350
57
  3
B6
350
58
  0
DICTIONARY
  5
1D4
102
{ACAD_REACTORS
330
C
102
}
330
C
100
AcDbDictionary
281
1
  3
Metric50
350
1D5
  0
DICTIONARY
  5
1D0
102
{ACAD_REACTORS
330
C
102
}
330
C
100
AcDbDictionary
281
1
  3
Standard
350
1D1
  0
DICTIONARY
  5
1B6
102
{ACAD_REACTORS
330
C
102
}
330
C
100
AcDbDictionary
281
1
  3
2dWireframe
350
1BC
  3
Basic
350
1BB
  3
Brighten
350
1C2
  3
ColorChange
350
1C6
  3
Conceptual
350
1BF
  3
Dim
350
1C1
  3
EdgeColorOff
350
1CE
  3
Facepattern
350
1C5
  3
Flat
350
1B7
  3
FlatWithEdges
350
1B8
  3
Gouraud
350
1B9
  3
GouraudWithEdges
350
1BA
  3
Hidden
350
1BE
  3
JitterOff
350
1CC
  3
Linepattern
350
1C4
  3
OverhangOff
350
1CD
  3
Realistic
350
1C0
  3
Shaded
350
1CB
  3
Shaded with edges
350
1CA
  3
Shades of Gray
350
1C7
  3
Sketchy
350
1C8
  3
Thicken
350
1C3
  3
Wireframe
350
1BD
  3
X-Ray
350
1C9
  0
XRECORD
  5
6B3
102
{ACAD_REACTORS
330
C
102
}
330
C
100
AcDbXrecord
280
1
 90
1
330
1D1
  0
DICTIONARY
  5
1DE
102
{ACAD_REACTORS
330
C
102
}
330
C
100
AcDbDictionary
281
1
  3
CANNOSCALE
350
2CB
  3
CMLEADERSTYLE
350
2C7
  3
CTABLESTYLE
350
2C6
  3
CVIEWDETAILSTYLE
350
2C8
  3
CVIEWSECTIONSTYLE
350
2C9
  3
LAYEREVAL
350
2CD
  3
LAYERNOTIFY
350
2CE
  3
LIGHTINGUNITS
350
2CC
  3
MSLTSCALE
350
2CA
  0
DICTIONARY
  5
3CD
102
{ACAD_REACTORS
330
3CC
102
}
330
3CC
100
AcDbDictionary
281
1
  0
XRECORD
  5
3AE
102
{ACAD_REACTORS
330
3AD
102
}
330
3AD
100
AcDbXrecord
280
1
290
1
  0
XRECORD
  5
3B0
102
{ACAD_REACTORS
330
3AF
102
}
330
3AF
100
AcDbXrecord
280
1
290
1
  0
XRECORD
  5
3B2
102
{ACAD_REACTORS
330
3B1
102
}
330
3B1
100
AcDbXrecord
280
1
290
1
  0
XRECORD
  5
3B4
102
{ACAD_REACTORS
330
3B3
102
}
330
3B3
100
AcDbXrecord
280
1
290
1
  0
XRECORD
  5
3B6
102
{ACAD_REACTORS
330
3B5
102
}
330
3B5
100
AcDbXrecord
280
1
290
1
  0
XRECORD
  5
3B8
102
{ACAD_REACTORS
330
3B7
102
}
330
3B7
100
AcDbXrecord
280
1
290
1
  0
XRECORD
  5
3BA
102
{ACAD_REACTORS
330
3B9
102
}
330
3B9
100
AcDbXrecord
280
1
290
1
  0
XRECORD
  5
3BC
102
{ACAD_REACTORS
330
3BB
102
}
330
3BB
100
AcDbXrecord
280
1
290
1
  0
XRECORD
  5
3BE
102
{ACAD_REACTORS
330
3BD
102
}
330
3BD
100
AcDbXrecord
280
1
290
1
  0
XRECORD
  5
3C0
102
{ACAD_REACTORS
330
3BF
102
}
330
3BF
100
AcDbXrecord
280
1
290
1
  0
XRECORD
  5
3C2
102
{ACAD_REACTORS
330
3C1
102
}
330
3C1
100
AcDbXrecord
280
1
290
1
  0
XRECORD
  5
3C4
102
{ACAD_REACTORS
330
3C3
102
}
330
3C3
100
AcDbXrecord
280
1
290
1
  0
XRECORD
  5
3C6
102
{ACAD_REACTORS
330
3C5
102
}
330
3C5
100
AcDbXrecord
280
1
290
1
  0
XRECORD
  5
3C8
102
{ACAD_REACTORS
330
3C7
102
}
330
3C7
100
AcDbXrecord
280
1
290
1
  0
SORTENTSTABLE
  5
214
102
{ACAD_REACTORS
330
213
102
}
330
213
100
AcDbSortentsTable
330
1F
331
216
  5
217
  0
ACDBDETAILVIEWSTYLE
  5
1D7
102
{ACAD_REACTORS
330
1D6
102
}
330
1D6
100
AcDbModelDocViewStyle
 70
0
  3
Metric50
290
1
300
Metric50
 90
0
100
AcDbDetailViewStyle
 70
0
 71
0
 90
3
 71
1
340
11
 62
256
 40
5.0
340
0
 62
256
 40
5.0
300

 40
0.0
280
1
 71
2
340
16
 90
25
 62
256
 71
3
340
11
 62
256
 40
5.0
 90
0
 40
15.0
 90
1
300
%<\AcVar ViewDetailId>% (%<\AcVar ViewScale \f "%sn">%)
 71
4
340
16
 90
25
 62
256
340
16
 90
25
 62
256
280
0
  0
LAYOUT
  5
1E
102
{ACAD_REACTORS
330
1A
102
}
330
1A
100
AcDbPlotSettings
  1

  2
none_device
  4

  6

 40
0.0
 41
0.0
 42
0.0
 43
0.0
 44
0.0
 45
0.0
 46
0.0
 47
0.0
 48
0.0
 49
0.0
140
0.0
141
0.0
142
1.0
143
1.0
 70
688
 72
1
 73
0
 74
5
  7

 75
16
 76
0
 77
2
 78
300
147
1.0
148
0.0
149
0.0
100
AcDbLayout
  1
Layout1
 70
1
 71
1
 10
0.0
 20
0.0
 11
420.0
 21
297.0
 12
0.0
 22
0.0
 32
0.0
 14
1e+20
 24
1e+20
 34
1e+20
 15
-1e+20
 25
-1e+20
 35
-1e+20
146
0.0
 13
0.0
 23
0.0
 33
0.0
 16
1.0
 26
0.0
 36
0.0
 17
0.0
 27
1.0
 37
0.0
 76
0
330
1B
  0
LAYOUT
  5
26
102
{ACAD_REACTORS
330
1A
102
}
330
1A
100
AcDbPlotSettings
  1

  2
none_device
  4

  6

 40
0.0
 41
0.0
 42
0.0
 43
0.0
 44
0.0
 45
0.0
 46
0.0
 47
0.0
 48
0.0
 49
0.0
140
0.0
141
0.0
142
1.0
143
1.0
 70
688
 72
1
 73
0
 74
5
  7

 75
16
 76
0
 77
2
 78
300
147
1.0
148
0.0
149
0.0
100
AcDbLayout
  1
Layout2
 70
1
 71
2
 10
0.0
 20
0.0
 11
0.0
 21
0.0
 12
0.0
 22
0.0
 32
0.0
 14
0.0
 24
0.0
 34
0.0
 15
0.0
 25
0.0
 35
0.0
146
0.0
 13
0.0
 23
0.0
 33
0.0
 16
1.0
 26
0.0
 36
0.0
 17
0.0
 27
1.0
 37
0.0
 76
0
330
23
  0
LAYOUT
  5
22
102
{ACAD_REACTORS
330
1A
102
}
330
1A
100
AcDbPlotSettings
  1

  2
none_device
  4
Letter_(8.50_x_11.00_Inches)
  6

 40
6.349999999999999
 41
6.349999999999999
 42
6.350005079999999
 43
6.350005079999999
 44
215.9
 45
279.4
 46
0.0
 47
0.0
 48
0.0
 49
0.0
140
0.0
141
0.0
142
1.0
143
1.0
 70
1712
 72
1
 73
0
 74
0
  7

 75
0
 76
0
 77
2
 78
300
147
1.0
148
0.0
149
0.0
100
AcDbLayout
  1
Model
 70
1
 71
0
 10
0.0
 20
0.0
 11
297.0
 21
210.0
 12
0.0
 22
0.0
 32
0.0
 14
0.0
 24
0.0
 34
0.0
 15
297.0
 25
210.0
 35
0.0
146
0.0
 13
0.0
 23
0.0
 33
0.0
 16
1.0
 26
0.0
 36
0.0
 17
0.0
 27
1.0
 37
0.0
 76
0
330
1F
331
29
  0
MATERIAL
  5
1A6
102
{ACAD_XDICTIONARY
360
1A7
102
}
102
{ACAD_REACTORS
330
19D
102
}
330
19D
100
AcDbMaterial
  1
ByBlock
  2

 70
0
 40
1.0
 71
0
 41
1.0
 91
-1023410177
 42
1.0
 72
0
  3

 73
1
 74
1
 75
1
 43
0.0008202099737533
 43
0.0
 43
0.0
 43
0.0
 43
0.0
 43
0.0008202099737533
 43
0.0
 43
0.0
 43
0.0
 43
0.0
 43
1.0
 43
0.0
 43
0.0
 43
0.0
 43
0.0
 43
1.0
 44
0.5
 73
0
 45
1.0
 46
1.0
 77
0
  4

 78
1
 79
1
170
1
 47
0.0008202099737533
 47
0.0
 47
0.0
 47
0.0
 47
0.0
 47
0.0008202099737533
 47
0.0
 47
0.0
 47
0.0
 47
0.0
 47
1.0
 47
0.0
 47
0.0
 47
0.0
 47
0.0
 47
1.0
 48
1.0
171
0
  6

172
1
173
1
174
1
 49
0.0008202099737533
 49
0.0
 49
0.0
 49
0.0
 49
0.0
 49
0.0008202099737533
 49
0.0
 49
0.0
 49
0.0
 49
0.0
 49
1.0
 49
0.0
 49
0.0
 49
0.0
 49
0.0
 49
1.0
140
1.0
141
1.0
175
0
  7

176
1
177
1
178
1
142
0.0008202099737533
142
0.0
142
0.0
142
0.0
142
0.0
142
0.0008202099737533
142
0.0
142
0.0
142
0.0
142
0.0
142
1.0
142
0.0
142
0.0
142
0.0
142
0.0
142
1.0
143
1.0
179
0
  8

270
1
271
1
272
1
144
0.0008202099737533
144
0.0
144
0.0
144
0.0
144
0.0
144
0.0008202099737533
144
0.0
144
0.0
144
0.0
144
0.0
144
1.0
144
0.0
144
0.0
144
0.0
144
0.0
144
1.0
145
1.0
146
1.0
273
1
  9

274
1
275
1
276
1
147
0.0008202099737533
147
0.0
147
0.0
147
0.0
147
0.0
147
0.0008202099737533
147
0.0
147
0.0
147
0.0
147
0.0
147
1.0
147
0.0
147
0.0
147
0.0
147
0.0
147
1.0
 42
1.0
 72
1
  3

 73
1
 74
1
 75
1
 94
63
  0
MATERIAL
  5
19E
102
{ACAD_XDICTIONARY
360
19F
102
}
102
{ACAD_REACTORS
330
19D
102
}
330
19D
100
AcDbMaterial
  1
ByLayer
  2

 70
0
 40
1.0
 71
0
 41
1.0
 91
-1023410177
 42
1.0
 72
0
  3

 73
1
 74
1
 75
1
 43
0.0008202099737533
 43
0.0
 43
0.0
 43
0.0
 43
0.0
 43
0.0008202099737533
 43
0.0
 43
0.0
 43
0.0
 43
0.0
 43
1.0
 43
0.0
 43
0.0
 43
0.0
 43
0.0
 43
1.0
 44
0.5
 73
0
 45
1.0
 46
1.0
 77
0
  4

 78
1
 79
1
170
1
 47
0.0008202099737533
 47
0.0
 47
0.0
 47
0.0
 47
0.0
 47
0.0008202099737533
 47
0.0
 47
0.0
 47
0.0
 47
0.0
 47
1.0
 47
0.0
 47
0.0
 47
0.0
 47
0.0
 47
1.0
 48
1.0
171
0
  6

172
1
173
1
174
1
 49
0.0008202099737533
 49
0.0
 49
0.0
 49
0.0
 49
0.0
 49
0.0008202099737533
 49
0.0
 49
0.0
 49
0.0
 49
0.0
 49
1.0
 49
0.0
 49
0.0
 49
0.0
 49
0.0
 49
1.0
140
1.0
141
1.0
175
0
  7

176
1
177
1
178
1
142
0.0008202099737533
142
0.0
142
0.0
142
0.0
142
0.0
142
0.0008202099737533
142
0.0
142
0.0
142
0.0
142
0.0
142
1.0
142
0.0
142
0.0
142
0.0
142
0.0
142
1.0
143
1.0
179
0
  8

270
1
271
1
272
1
144
0.0008202099737533
144
0.0
144
0.0
144
0.0
144
0.0
144
0.0008202099737533
144
0.0
144
0.0
144
0.0
144
0.0
144
1.0
144
0.0
144
0.0
144
0.0
144
0.0
144
1.0
145
1.0
146
1.0
273
1
  9

274
1
275
1
276
1
147
0.0008202099737533
147
0.0
147
0.0
147
0.0
147
0.0
147
0.0008202099737533
147
0.0
147
0.0
147
0.0
147
0.0
147
1.0
147
0.0
147
0.0
147
0.0
147
0.0
147
1.0
 42
1.0
 72
1
  3

 73
1
 74
1
 75
1
 94
63
  0
MATERIAL
  5
1AE
102
{ACAD_XDICTIONARY
360
1AF
102
}
102
{ACAD_REACTORS
330
19D
102
}
330
19D
100
AcDbMaterial
  1
Global
  2

 70
0
 40
1.0
 71
0
 41
1.0
 91
-1023410177
 42
1.0
 72
0
  3

 73
1
 74
1
 75
1
 43
0.0008202099737533
 43
0.0
 43
0.0
 43
0.0
 43
0.0
 43
0.0008202099737533
 43
0.0
 43
0.0
 43
0.0
 43
0.0
 43
1.0
 43
0.0
 43
0.0
 43
0.0
 43
0.0
 43
1.0
 44
0.5
 73
0
 45
1.0
 46
1.0
 77
0
  4

 78
1
 79
1
170
1
 47
0.0008202099737533
 47
0.0
 47
0.0
 47
0.0
 47
0.0
 47
0.0008202099737533
 47
0.0
 47
0.0
 47
0.0
 47
0.0
 47
1.0
 47
0.0
 47
0.0
 47
0.0
 47
0.0
 47
1.0
 48
1.0
171
0
  6

172
1
173
1
174
1
 49
0.0008202099737533
 49
0.0
 49
0.0
 49
0.0
 49
0.0
 49
0.0008202099737533
 49
0.0
 49
0.0
 49
0.0
 49
0.0
 49
1.0
 49
0.0
 49
0.0
 49
0.0
 49
0.0
 49
1.0
140
1.0
141
1.0
175
0
  7

176
1
177
1
178
1
142
0.0008202099737533
142
0.0
142
0.0
142
0.0
142
0.0
142
0.0008202099737533
142
0.0
142
0.0
142
0.0
142
0.0
142
1.0
142
0.0
142
0.0
142
0.0
142
0.0
142
1.0
143
1.0
179
0
  8

270
1
271
1
272
1
144
0.0008202099737533
144
0.0
144
0.0
144
0.0
144
0.0
144
0.0008202099737533
144
0.0
144
0.0
144
0.0
144
0.0
144
1.0
144
0.0
144
0.0
144
0.0
144
0.0
144
1.0
145
1.0
146
1.0
273
1
  9

274
1
275
1
276
1
147
0.0008202099737533
147
0.0
147
0.0
147
0.0
147
0.0
147
0.0008202099737533
147
0.0
147
0.0
147
0.0
147
0.0
147
1.0
147
0.0
147
0.0
147
0.0
147
0.0
147
1.0
 42
1.0
 72
1
  3

 73
1
 74
1
 75
1
 94
63
  0
MLEADERSTYLE
  5
1D3
102
{ACAD_REACTORS
330
1D2
330
393
330
437
330
48F
102
}
330
1D2
100
AcDbMLeaderStyle
179
2
170
2
171
1
172
0
 90
2
 40
0.0
 41
0.0
173
1
 91
-1056964608
340
14
 92
-2
290
1
 42
2.0
291
1
 43
0.36
  3
Standard
 44
4.0
300

342
11
174
1
175
1
176
0
178
6
 93
-1056964608
 45
4.0
292
0
297
0
 46
4.0
293
1
 94
-1056964608
 47
1.0
 49
1.0
140
1.0
294
1
141
0.0
177
0
142
1.0
295
0
296
0
143
0.125
271
0
272
9
273
9
298
1
  0
MLINESTYLE
  5
18
102
{ACAD_REACTORS
330
17
102
}
330
17
100
AcDbMlineStyle
  2
STANDARD
 70
0
  3

 62
256
 51
90.0
 52
90.0
 71
2
 49
0.5
 62
256
  6
BYLAYER
 49
-0.5
 62
256
  6
BYLAYER
  0
ACDBPLACEHOLDER
  5
F
102
{ACAD_REACTORS
330
E
102
}
330
E
  0
SCALE
  5
48
102
{ACAD_REACTORS
330
47
102
}
330
47
100
AcDbScale
 70
0
300
1:1
140
1.0
141
1.0
290
1
  0
SCALE
  5
49
102
{ACAD_REACTORS
330
47
102
}
330
47
100
AcDbScale
 70
0
300
1:2
140
1.0
141
2.0
290
0
  0
SCALE
  5
4A
102
{ACAD_REACTORS
330
47
102
}
330
47
100
AcDbScale
 70
0
300
1:4
140
1.0
141
4.0
290
0
  0
SCALE
  5
4B
102
{ACAD_REACTORS
330
47
102
}
330
47
100
AcDbScale
 70
0
300
1:5
140
1.0
141
5.0
290
0
  0
SCALE
  5
4C
102
{ACAD_REACTORS
330
47
102
}
330
47
100
AcDbScale
 70
0
300
1:8
140
1.0
141
8.0
290
0
  0
SCALE
  5
4D
102
{ACAD_REACTORS
330
47
102
}
330
47
100
AcDbScale
 70
0
300
1:10
140
1.0
141
10.0
290
0
  0
SCALE
  5
4E
102
{ACAD_REACTORS
330
47
102
}
330
47
100
AcDbScale
 70
0
300
1:16
140
1.0
141
16.0
290
0
  0
SCALE
  5
4F
102
{ACAD_REACTORS
330
47
102
}
330
47
100
AcDbScale
 70
0
300
1:20
140
1.0
141
20.0
290
0
  0
SCALE
  5
50
102
{ACAD_REACTORS
330
47
102
}
330
47
100
AcDbScale
 70
0
300
1:30
140
1.0
141
30.0
290
0
  0
SCALE
  5
51
102
{ACAD_REACTORS
330
47
102
}
330
47
100
AcDbScale
 70
0
300
1:40
140
1.0
141
40.0
290
0
  0
SCALE
  5
52
102
{ACAD_REACTORS
330
47
102
}
330
47
100
AcDbScale
 70
0
300
1:50
140
1.0
141
50.0
290
0
  0
SCALE
  5
53
102
{ACAD_REACTORS
330
47
102
}
330
47
100
AcDbScale
 70
0
300
1:100
140
1.0
141
100.0
290
0
  0
SCALE
  5
54
102
{ACAD_REACTORS
330
47
102
}
330
47
100
AcDbScale
 70
0
300
2:1
140
2.0
141
1.0
290
0
  0
SCALE
  5
55
102
{ACAD_REACTORS
330
47
102
}
330
47
100
AcDbScale
 70
0
300
4:1
140
4.0
141
1.0
290
0
  0
SCALE
  5
56
102
{ACAD_REACTORS
330
47
102
}
330
47
100
AcDbScale
 70
0
300
8:1
140
8.0
141
1.0
290
0
  0
SCALE
  5
57
102
{ACAD_REACTORS
330
47
102
}
330
47
100
AcDbScale
 70
0
300
10:1
140
10.0
141
1.0
290
0
  0
SCALE
  5
58
102
{ACAD_REACTORS
330
47
102
}
330
47
100
AcDbScale
 70
0
300
100:1
140
100.0
141
1.0
290
0
  0
ACDBSECTIONVIEWSTYLE
  5
1D5
102
{ACAD_REACTORS
330
1D4
102
}
330
1D4
100
AcDbModelDocViewStyle
 70
0
  3
Metric50
290
1
300
Metric50
 90
0
100
AcDbSectionViewStyle
 70
0
 71
0
 90
102
 71
1
340
11
 62
256
 40
5.0
340
0
340
0
 62
256
 40
5.0
300
I, O, Q, S, X, Z
 40
10.0
 90
0
 40
2.5
 90
0
 71
2
340
16
 90
25
 62
256
340
16
 90
50
 62
256
 40
5.0
 40
2.5
 40
5.0
 71
3
340
11
 62
256
 40
5.0
 90
0
 40
15.0
 90
1
300
%<\AcVar ViewSectionStartId>%-%<\AcVar ViewSectionEndId>% (%<\AcVar ViewScale \f "%sn">%)
 71
4
 62
256
 62
257
300
ANSI31
 40
1.0
 90
0
290
0
290
0
 90
6
 40
0.0
 40
1.570796326794896
 40
0.2617993877991494
 40
1.308996938995747
 40
-0.2617993877991494
 40
1.832595714594046
  0
TABLESTYLE
  5
1D1
102
{ACAD_XDICTIONARY
360
6B1
102
}
102
{ACAD_REACTORS
330
1D0
102
}
330
1D0
100
AcDbTableStyle
280
0
  3
Standard
 70
0
 71
0
 40
1.5
 41
1.5
280
0
281
0
  7
STANDARD
140
4.5
170
2
 62
0
 63
7
283
0
 90
512
 91
0
  1

274
-2
284
1
 64
0
275
-2
285
1
 65
0
276
-2
286
1
 66
0
277
-2
287
1
 67
0
278
-2
288
1
 68
0
279
-2
289
1
 69
0
  7
STANDARD
140
6.0
170
5
 62
0
 63
7
283
0
 90
512
 91
0
  1

274
-2
284
1
 64
0
275
-2
285
1
 65
0
276
-2
286
1
 66
0
277
-2
287
1
 67
0
278
-2
288
1
 68
0
279
-2
289
1
 69
0
  7
STANDARD
140
4.5
170
5
 62
0
 63
7
283
0
 90
512
 91
0
  1

274
-2
284
1
 64
0
275
-2
285
1
 65
0
276
-2
286
1
 66
0
277
-2
287
1
 67
0
278
-2
288
1
 68
0
279
-2
289
1
 69
0
  0
VISUALSTYLE
  5
1BC
102
{ACAD_REACTORS
330
1B6
102
}
330
1B6
100
AcDbVisualStyle
  2
2dWireframe
 70
4
177
3
291
0
 70
58
 90
0
176
1
 90
2
176
1
 90
0
176
1
 90
0
176
1
 40
0.6
176
1
 40
30.0
176
1
 62
7
420
16777215
176
1
 90
1
176
1
 90
4
176
1
 62
7
176
1
 62
257
176
1
 90
1
176
1
 90
1
176
1
 40
1.0
176
1
 90
0
176
1
 62
257
176
1
 40
1.0
176
1
 90
1
176
1
 90
6
176
1
 90
2
176
1
 62
7
176
1
 90
5
176
1
 90
0
176
1
 90
0
176
1
290
0
176
1
 90
1
176
1
 40
0.0
176
1
 90
0
176
1
290
1
176
1
290
1
176
1
290
0
176
1
290
0
176
1
290
0
176
1
290
0
176
1
290
0
176
1
290
0
176
1
290
0
176
1
 90
50
176
1
 40
0.0
176
1
 40
1.0
176
1
 90
0
176
1
 62
18
420
0
176
1
 90
50
176
1
 90
3
176
1
 62
5
420
255
176
1
290
0
176
1
 90
50
176
1
 90
50
176
1
 90
50
176
1
290
0
176
1
 90
50
176
1
 62
256
176
0
 40
1.0
176
0
 90
2
176
1
  1
strokes_ogs.tif
176
1
290
0
176
1
 40
1.0
176
1
 40
1.0
176
1
  0
VISUALSTYLE
  5
1BB
102
{ACAD_REACTORS
330
1B6
102
}
330
1B6
100
AcDbVisualStyle
  2
Basic
 70
7
177
3
291
1
 70
58
 90
1
176
1
 90
0
176
1
 90
1
176
1
 90
0
176
1
 40
0.6
176
1
 40
30.0
176
1
 62
7
420
16777215
176
1
 90
0
176
1
 90
4
176
1
 62
7
176
1
 62
257
176
1
 90
1
176
1
 90
1
176
1
 40
1.0
176
1
 90
8
176
1
 62
7
176
1
 40
1.0
176
1
 90
1
176
1
 90
6
176
1
 90
2
176
1
 62
7
176
1
 90
5
176
1
 90
0
176
1
 90
0
176
1
290
0
176
1
 90
1
176
1
 40
0.0
176
1
 90
0
176
1
290
0
176
1
290
1
176
1
290
1
176
1
290
0
176
1
290
0
176
1
290
0
176
1
290
0
176
1
290
0
176
1
290
0
176
1
 90
50
176
1
 40
0.0
176
1
 40
1.0
176
1
 90
0
176
1
 62
18
420
0
176
1
 90
50
176
1
 90
3
176
1
 62
5
420
255
176
1
290
0
176
1
 90
50
176
1
 90
50
176
1
 90
50
176
1
290
0
176
1
 90
50
176
1
 62
256
176
0
 40
1.0
176
0
 90
2
176
1
  1
strokes_ogs.tif
176
1
290
0
176
1
 40
1.0
176
1
 40
1.0
176
1
  0
VISUALSTYLE
  5
1C2
102
{ACAD_REACTORS
330
1B6
102
}
330
1B6
100
AcDbVisualStyle
  2
Brighten
 70
12
177
3
291
1
 70
58
 90
2
176
1
 90
2
176
1
 90
0
176
1
 90
0
176
1
 40
0.6
176
1
 40
30.0
176
1
 62
7
420
16777215
176
1
 90
1
176
1
 90
4
176
1
 62
7
176
1
 62
257
176
1
 90
1
176
1
 90
1
176
1
 40
1.0
176
1
 90
8
176
1
 62
7
176
1
 40
1.0
176
1
 90
1
176
1
 90
6
176
1
 90
2
176
1
 62
7
176
1
 90
5
176
1
 90
0
176
1
 90
0
176
1
290
0
176
1
 90
1
176
1
 40
50.0
176
1
 90
0
176
1
290
0
176
1
290
1
176
1
290
1
176
1
290
0
176
1
290
0
176
1
290
0
176
1
290
0
176
1
290
0
176
1
290
0
176
1
 90
50
176
1
 40
0.0
176
1
 40
1.0
176
1
 90
0
176
1
 62
18
420
0
176
1
 90
50
176
1
 90
3
176
1
 62
5
420
255
176
1
290
0
176
1
 90
50
176
1
 90
50
176
1
 90
50
176
1
290
0
176
1
 90
50
176
1
 62
256
176
0
 40
1.0
176
0
 90
2
176
1
  1
strokes_ogs.tif
176
1
290
0
176
1
 40
1.0
176
1
 40
1.0
176
1
  0
VISUALSTYLE
  5
1C6
102
{ACAD_REACTORS
330
1B6
102
}
330
1B6
100
AcDbVisualStyle
  2
ColorChange
 70
16
177
3
291
1
 70
58
 90
2
176
1
 90
2
176
1
 90
3
176
1
 90
0
176
1
 40
0.6
176
1
 40
30.0
176
1
 62
8
420
8421504
176
1
 90
1
176
1
 90
4
176
1
 62
7
176
1
 62
257
176
1
 90
1
176
1
 90
1
176
1
 40
1.0
176
1
 90
8
176
1
 62
8
420
8421504
176
1
 40
1.0
176
1
 90
1
176
1
 90
6
176
1
 90
2
176
1
 62
7
176
1
 90
5
176
1
 90
0
176
1
 90
0
176
1
290
0
176
1
 90
1
176
1
 40
0.0
176
1
 90
0
176
1
290
0
176
1
290
1
176
1
290
1
176
1
290
0
176
1
290
0
176
1
290
0
176
1
290
0
176
1
290
0
176
1
290
0
176
1
 90
50
176
1
 40
0.0
176
1
 40
1.0
176
1
 90
0
176
1
 62
18
420
0
176
1
 90
50
176
1
 90
3
176
1
 62
5
420
255
176
1
290
0
176
1
 90
50
176
1
 90
50
176
1
 90
50
176
1
290
0
176
1
 90
50
176
1
 62
256
176
0
 40
1.0
176
0
 90
2
176
1
  1
strokes_ogs.tif
176
1
290
0
176
1
 40
1.0
176
1
 40
1.0
176
1
  0
VISUALSTYLE
  5
1BF
102
{ACAD_REACTORS
330
1B6
102
}
330
1B6
100
AcDbVisualStyle
  2
Conceptual
 70
9
177
3
291
0
 70
58
 90
3
176
1
 90
2
176
1
 90
0
176
1
 90
0
176
1
 40
0.6
176
1
 40
30.0
176
1
 62
7
420
16777215
176
1
 90
2
176
1
 90
2
176
1
 62
7
176
1
 62
257
176
1
 90
1
176
1
 90
1
176
1
 40
179.0
176
1
 90
8
176
1
 62
7
176
1
 40
1.0
176
1
 90
1
176
1
 90
6
176
1
 90
2
176
1
 62
7
176
1
 90
3
176
1
 90
0
176
1
 90
0
176
1
290
0
176
1
 90
1
176
1
 40
0.0
176
1
 90
0
176
1
290
0
176
1
290
1
176
1
290
1
176
1
290
0
176
1
290
0
176
1
290
0
176
1
290
0
176
1
290
0
176
1
290
0
176
1
 90
50
176
1
 40
0.0
176
1
 40
1.0
176
1
 90
0
176
1
 62
18
420
0
176
1
 90
50
176
1
 90
3
176
1
 62
5
420
255
176
1
290
0
176
1
 90
50
176
1
 90
50
176
1
 90
50
176
1
290
0
176
1
 90
50
176
1
 62
256
176
0
 40
1.0
176
0
 90
2
176
1
  1
strokes_ogs.tif
176
1
290
0
176
1
 40
1.0
176
1
 40
1.0
176
1
  0
VISUALSTYLE
  5
1C1
102
{ACAD_REACTORS
330
1B6
102
}
330
1B6
100
AcDbVisualStyle
  2
Dim
 70
11
177
3
291
1
 70
58
 90
2
176
1
 90
2
176
1
 90
0
176
1
 90
0
176
1
 40
0.6
176
1
 40
30.0
176
1
 62
7
420
16777215
176
1
 90
1
176
1
 90
4
176
1
 62
7
176
1
 62
257
176
1
 90
1
176
1
 90
1
176
1
 40
1.0
176
1
 90
8
176
1
 62
7
176
1
 40
1.0
176
1
 90
1
176
1
 90
6
176
1
 90
2
176
1
 62
7
176
1
 90
5
176
1
 90
0
176
1
 90
0
176
1
290
0
176
1
 90
1
176
1
 40
-50.0
176
1
 90
0
176
1
290
0
176
1
290
1
176
1
290
1
176
1
290
0
176
1
290
0
176
1
290
0
176
1
290
0
176
1
290
0
176
1
290
0
176
1
 90
50
176
1
 40
0.0
176
1
 40
1.0
176
1
 90
0
176
1
 62
18
420
0
176
1
 90
50
176
1
 90
3
176
1
 62
5
420
255
176
1
290
0
176
1
 90
50
176
1
 90
50
176
1
 90
50
176
1
290
0
176
1
 90
50
176
1
 62
256
176
0
 40
1.0
176
0
 90
2
176
1
  1
strokes_ogs.tif
176
1
290
0
176
1
 40
1.0
176
1
 40
1.0
176
1
  0
VISUALSTYLE
  5
1CE
102
{ACAD_REACTORS
330
1B6
102
}
330
1B6
100
AcDbVisualStyle
  2
EdgeColorOff
 70
22
177
3
291
1
 70
58
 90
2
176
0
 90
2
176
0
 90
0
176
0
 90
0
176
0
 40
0.6
176
0
 40
30.0
176
0
 62
7
420
16777215
176
0
 90
1
176
0
 90
4
176
0
 62
7
176
0
 62
257
176
0
 90
1
176
0
 90
1
176
0
 40
1.0
176
0
 90
8
176
2
 62
7
176
0
 40
1.0
176
0
 90
1
176
0
 90
6
176
0
 90
2
176
0
 62
7
176
0
 90
5
176
0
 90
0
176
0
 90
0
176
0
290
0
176
0
 90
1
176
0
 40
0.0
176
0
 90
0
176
0
290
0
176
0
290
1
176
0
290
1
176
0
290
0
176
0
290
0
176
0
290
0
176
0
290
0
176
0
290
0
176
0
290
0
176
0
 90
50
176
0
 40
0.0
176
0
 40
1.0
176
0
 90
0
176
0
 62
18
420
0
176
0
 90
50
176
0
 90
3
176
0
 62
5
420
255
176
0
290
0
176
0
 90
50
176
0
 90
50
176
0
 90
50
176
0
290
0
176
0
 90
50
176
0
 62
256
176
0
 40
1.0
176
0
 90
2
176
0
  1
strokes_ogs.tif
176
0
290
0
176
0
 40
1.0
176
0
 40
1.0
176
0
  0
VISUALSTYLE
  5
1C5
102
{ACAD_REACTORS
330
1B6
102
}
330
1B6
100
AcDbVisualStyle
  2
Facepattern
 70
15
177
3
291
1
 70
58
 90
2
176
1
 90
2
176
1
 90
0
176
1
 90
0
176
1
 40
0.6
176
1
 40
30.0
176
1
 62
7
420
16777215
176
1
 90
1
176
1
 90
4
176
1
 62
7
176
1
 62
257
176
1
 90
1
176
1
 90
1
176
1
 40
1.0
176
1
 90
8
176
1
 62
7
176
1
 40
1.0
176
1
 90
1
176
1
 90
6
176
1
 90
2
176
1
 62
7
176
1
 90
5
176
1
 90
0
176
1
 90
0
176
1
290
0
176
1
 90
1
176
1
 40
0.0
176
1
 90
0
176
1
290
0
176
1
290
1
176
1
290
1
176
1
290
0
176
1
290
0
176
1
290
0
176
1
290
0
176
1
290
0
176
1
290
0
176
1
 90
50
176
1
 40
0.0
176
1
 40
1.0
176
1
 90
0
176
1
 62
18
420
0
176
1
 90
50
176
1
 90
3
176
1
 62
5
420
255
176
1
290
0
176
1
 90
50
176
1
 90
50
176
1
 90
50
176
1
290
0
176
1
 90
50
176
1
 62
256
176
0
 40
1.0
176
0
 90
2
176
1
  1
strokes_ogs.tif
176
1
290
0
176
1
 40
1.0
176
1
 40
1.0
176
1
  0
VISUALSTYLE
  5
1B7
102
{ACAD_REACTORS
330
1B6
102
}
330
1B6
100
AcDbVisualStyle
  2
Flat
 70
0
177
3
291
1
 70
58
 90
2
176
1
 90
1
176
1
 90
1
176
1
 90
2
176
1
 40
0.6
176
1
 40
30.0
176
1
 62
7
420
16777215
176
1
 90
0
176
1
 90
0
176
1
 62
7
176
1
 62
257
176
1
 90
1
176
1
 90
1
176
1
 40
1.0
176
1
 90
8
176
1
 62
7
176
1
 40
1.0
176
1
 90
1
176
1
 90
6
176
1
 90
2
176
1
 62
7
176
1
 90
5
176
1
 90
0
176
1
 90
0
176
1
290
0
176
1
 90
13
176
1
 40
0.0
176
1
 90
0
176
1
290
0
176
1
290
1
176
1
290
1
176
1
290
0
176
1
290
0
176
1
290
0
176
1
290
0
176
1
290
0
176
1
290
0
176
1
 90
50
176
1
 40
0.0
176
1
 40
1.0
176
1
 90
0
176
1
 62
18
420
0
176
1
 90
50
176
1
 90
3
176
1
 62
5
420
255
176
1
290
0
176
1
 90
50
176
1
 90
50
176
1
 90
50
176
1
290
0
176
1
 90
50
176
1
 62
256
176
0
 40
1.0
176
0
 90
2
176
1
  1
strokes_ogs.tif
176
1
290
0
176
1
 40
1.0
176
1
 40
1.0
176
1
  0
VISUALSTYLE
  5
1B8
102
{ACAD_REACTORS
330
1B6
102
}
330
1B6
100
AcDbVisualStyle
  2
FlatWithEdges
 70
1
177
3
291
1
 70
58
 90
2
176
1
 90
1
176
1
 90
1
176
1
 90
2
176
1
 40
0.6
176
1
 40
30.0
176
1
 62
7
420
16777215
176
1
 90
1
176
1
 90
0
176
1
 62
7
176
1
 62
257
176
1
 90
1
176
1
 90
1
176
1
 40
1.0
176
1
 90
0
176
1
 62
257
176
1
 40
1.0
176
1
 90
1
176
1
 90
6
176
1
 90
2
176
1
 62
7
176
1
 90
5
176
1
 90
0
176
1
 90
0
176
1
290
0
176
1
 90
13
176
1
 40
0.0
176
1
 90
0
176
1
290
0
176
1
290
1
176
1
290
1
176
1
290
0
176
1
290
0
176
1
290
0
176
1
290
0
176
1
290
0
176
1
290
0
176
1
 90
50
176
1
 40
0.0
176
1
 40
1.0
176
1
 90
0
176
1
 62
18
420
0
176
1
 90
50
176
1
 90
3
176
1
 62
5
420
255
176
1
290
0
176
1
 90
50
176
1
 90
50
176
1
 90
50
176
1
290
0
176
1
 90
50
176
1
 62
256
176
0
 40
1.0
176
0
 90
2
176
1
  1
strokes_ogs.tif
176
1
290
0
176
1
 40
1.0
176
1
 40
1.0
176
1
  0
VISUALSTYLE
  5
1B9
102
{ACAD_REACTORS
330
1B6
102
}
330
1B6
100
AcDbVisualStyle
  2
Gouraud
 70
2
177
3
291
1
 70
58
 90
2
176
1
 90
2
176
1
 90
1
176
1
 90
2
176
1
 40
0.6
176
1
 40
30.0
176
1
 62
7
420
16777215
176
1
 90
0
176
1
 90
0
176
1
 62
7
176
1
 62
257
176
1
 90
1
176
1
 90
1
176
1
 40
1.0
176
1
 90
0
176
1
 62
7
176
1
 40
1.0
176
1
 90
1
176
1
 90
6
176
1
 90
2
176
1
 62
7
176
1
 90
5
176
1
 90
0
176
1
 90
0
176
1
290
0
176
1
 90
13
176
1
 40
0.0
176
1
 90
0
176
1
290
0
176
1
290
1
176
1
290
1
176
1
290
0
176
1
290
0
176
1
290
0
176
1
290
0
176
1
290
0
176
1
290
0
176
1
 90
50
176
1
 40
0.0
176
1
 40
1.0
176
1
 90
0
176
1
 62
18
420
0
176
1
 90
50
176
1
 90
3
176
1
 62
5
420
255
176
1
290
0
176
1
 90
50
176
1
 90
50
176
1
 90
50
176
1
290
0
176
1
 90
50
176
1
 62
256
176
0
 40
1.0
176
0
 90
2
176
1
  1
strokes_ogs.tif
176
1
290
0
176
1
 40
1.0
176
1
 40
1.0
176
1
  0
VISUALSTYLE
  5
1BA
102
{ACAD_REACTORS
330
1B6
102
}
330
1B6
100
AcDbVisualStyle
  2
GouraudWithEdges
 70
3
177
3
291
1
 70
58
 90
2
176
1
 90
2
176
1
 90
1
176
1
 90
2
176
1
 40
0.6
176
1
 40
30.0
176
1
 62
7
420
16777215
176
1
 90
1
176
1
 90
0
176
1
 62
7
176
1
 62
257
176
1
 90
1
176
1
 90
1
176
1
 40
1.0
176
1
 90
0
176
1
 62
257
176
1
 40
1.0
176
1
 90
1
176
1
 90
6
176
1
 90
2
176
1
 62
7
176
1
 90
5
176
1
 90
0
176
1
 90
0
176
1
290
0
176
1
 90
13
176
1
 40
0.0
176
1
 90
0
176
1
290
0
176
1
290
1
176
1
290
1
176
1
290
0
176
1
290
0
176
1
290
0
176
1
290
0
176
1
290
0
176
1
290
0
176
1
 90
50
176
1
 40
0.0
176
1
 40
1.0
176
1
 90
0
176
1
 62
18
420
0
176
1
 90
50
176
1
 90
3
176
1
 62
5
420
255
176
1
290
0
176
1
 90
50
176
1
 90
50
176
1
 90
50
176
1
290
0
176
1
 90
50
176
1
 62
256
176
0
 40
1.0
176
0
 90
2
176
1
  1
strokes_ogs.tif
176
1
290
0
176
1
 40
1.0
176
1
 40
1.0
176
1
  0
VISUALSTYLE
  5
1BE
102
{ACAD_REACTORS
330
1B6
102
}
330
1B6
100
AcDbVisualStyle
  2
Hidden
 70
6
177
3
291
0
 70
58
 90
1
176
1
 90
2
176
1
 90
2
176
1
 90
0
176
1
 40
0.6
176
1
 40
30.0
176
1
 62
7
420
16777215
176
1
 90
2
176
1
 90
2
176
1
 62
7
176
1
 62
257
176
1
 90
2
176
1
 90
1
176
1
 40
40.0
176
1
 90
0
176
1
 62
257
176
1
 40
1.0
176
1
 90
1
176
1
 90
6
176
1
 90
2
176
1
 62
7
176
1
 90
3
176
1
 90
0
176
1
 90
0
176
1
290
0
176
1
 90
1
176
1
 40
0.0
176
1
 90
0
176
1
290
0
176
1
290
1
176
1
290
1
176
1
290
0
176
1
290
0
176
1
290
0
176
1
290
0
176
1
290
0
176
1
290
0
176
1
 90
50
176
1
 40
0.0
176
1
 40
1.0
176
1
 90
0
176
1
 62
18
420
0
176
1
 90
50
176
1
 90
3
176
1
 62
5
420
255
176
1
290
0
176
1
 90
50
176
1
 90
50
176
1
 90
50
176
1
290
0
176
1
 90
50
176
1
 62
256
176
0
 40
1.0
176
0
 90
2
176
1
  1
strokes_ogs.tif
176
1
290
0
176
1
 40
1.0
176
1
 40
1.0
176
1
  0
VISUALSTYLE
  5
1CC
102
{ACAD_REACTORS
330
1B6
102
}
330
1B6
100
AcDbVisualStyle
  2
JitterOff
 70
20
177
3
291
1
 70
58
 90
2
176
0
 90
2
176
0
 90
0
176
0
 90
0
176
0
 40
0.6
176
0
 40
30.0
176
0
 62
7
420
16777215
176
0
 90
1
176
0
 90
4
176
0
 62
7
176
0
 62
257
176
0
 90
1
176
0
 90
1
176
0
 40
1.0
176
0
 90
10
176
2
 62
7
176
0
 40
1.0
176
0
 90
1
176
0
 90
6
176
0
 90
2
176
0
 62
7
176
0
 90
5
176
0
 90
0
176
0
 90
0
176
0
290
0
176
0
 90
1
176
0
 40
0.0
176
0
 90
0
176
0
290
0
176
0
290
1
176
0
290
1
176
0
290
0
176
0
290
0
176
0
290
0
176
0
290
0
176
0
290
0
176
0
290
0
176
0
 90
50
176
0
 40
0.0
176
0
 40
1.0
176
0
 90
0
176
0
 62
18
420
0
176
0
 90
50
176
0
 90
3
176
0
 62
5
420
255
176
0
290
0
176
0
 90
50
176
0
 90
50
176
0
 90
50
176
0
290
0
176
0
 90
50
176
0
 62
256
176
0
 40
1.0
176
0
 90
2
176
0
  1
strokes_ogs.tif
176
0
290
0
176
0
 40
1.0
176
0
 40
1.0
176
0
  0
VISUALSTYLE
  5
1C4
102
{ACAD_REACTORS
330
1B6
102
}
330
1B6
100
AcDbVisualStyle
  2
Linepattern
 70
14
177
3
291
1
 70
58
 90
2
176
1
 90
2
176
1
 90
0
176
1
 90
0
176
1
 40
0.6
176
1
 40
30.0
176
1
 62
7
420
16777215
176
1
 90
1
176
1
 90
4
176
1
 62
7
176
1
 62
257
176
1
 90
7
176
1
 90
7
176
1
 40
1.0
176
1
 90
8
176
1
 62
7
176
1
 40
1.0
176
1
 90
1
176
1
 90
6
176
1
 90
2
176
1
 62
7
176
1
 90
5
176
1
 90
0
176
1
 90
0
176
1
290
0
176
1
 90
1
176
1
 40
0.0
176
1
 90
0
176
1
290
0
176
1
290
1
176
1
290
1
176
1
290
0
176
1
290
0
176
1
290
0
176
1
290
0
176
1
290
0
176
1
290
0
176
1
 90
50
176
1
 40
0.0
176
1
 40
1.0
176
1
 90
0
176
1
 62
18
420
0
176
1
 90
50
176
1
 90
3
176
1
 62
5
420
255
176
1
290
0
176
1
 90
50
176
1
 90
50
176
1
 90
50
176
1
290
0
176
1
 90
50
176
1
 62
256
176
0
 40
1.0
176
0
 90
2
176
1
  1
strokes_ogs.tif
176
1
290
0
176
1
 40
1.0
176
1
 40
1.0
176
1
  0
VISUALSTYLE
  5
1CD
102
{ACAD_REACTORS
330
1B6
102
}
330
1B6
100
AcDbVisualStyle
  2
OverhangOff
 70
21
177
3
291
1
 70
58
 90
2
176
0
 90
2
176
0
 90
0
176
0
 90
0
176
0
 40
0.6
176
0
 40
30.0
176
0
 62
7
420
16777215
176
0
 90
1
176
0
 90
4
176
0
 62
7
176
0
 62
257
176
0
 90
1
176
0
 90
1
176
0
 40
1.0
176
0
 90
9
176
2
 62
7
176
0
 40
1.0
176
0
 90
1
176
0
 90
6
176
0
 90
2
176
0
 62
7
176
0
 90
5
176
0
 90
0
176
0
 90
0
176
0
290
0
176
0
 90
1
176
0
 40
0.0
176
0
 90
0
176
0
290
0
176
0
290
1
176
0
290
1
176
0
290
0
176
0
290
0
176
0
290
0
176
0
290
0
176
0
290
0
176
0
290
0
176
0
 90
50
176
0
 40
0.0
176
0
 40
1.0
176
0
 90
0
176
0
 62
18
420
0
176
0
 90
50
176
0
 90
3
176
0
 62
5
420
255
176
0
290
0
176
0
 90
50
176
0
 90
50
176
0
 90
50
176
0
290
0
176
0
 90
50
176
0
 62
256
176
0
 40
1.0
176
0
 90
2
176
0
  1
strokes_ogs.tif
176
0
290
0
176
0
 40
1.0
176
0
 40
1.0
176
0
  0
VISUALSTYLE
  5
1C0
102
{ACAD_REACTORS
330
1B6
102
}
330
1B6
100
AcDbVisualStyle
  2
Realistic
 70
8
177
3
291
0
 70
58
 90
2
176
1
 90
3
176
1
 90
0
176
1
 90
2
176
1
 40
0.6
176
1
 40
30.0
176
1
 62
7
420
16777215
176
1
 90
0
176
1
 90
0
176
1
 62
7
176
1
 62
257
176
1
 90
1
176
1
 90
1
176
1
 40
1.0
176
1
 90
8
176
1
 62
257
176
1
 40
1.0
176
1
 90
1
176
1
 90
6
176
1
 90
2
176
1
 62
7
176
1
 90
3
176
1
 90
0
176
1
 90
0
176
1
290
0
176
1
 90
13
176
1
 40
0.0
176
1
 90
0
176
1
290
0
176
1
290
1
176
1
290
1
176
1
290
0
176
1
290
0
176
1
290
0
176
1
290
0
176
1
290
0
176
1
290
0
176
1
 90
50
176
1
 40
0.0
176
1
 40
1.0
176
1
 90
0
176
1
 62
18
420
0
176
1
 90
50
176
1
 90
3
176
1
 62
5
420
255
176
1
290
0
176
1
 90
50
176
1
 90
50
176
1
 90
50
176
1
290
0
176
1
 90
50
176
1
 62
256
176
0
 40
1.0
176
0
 90
2
176
1
  1
strokes_ogs.tif
176
1
290
0
176
1
 40
1.0
176
1
 40
1.0
176
1
  0
VISUALSTYLE
  5
1CB
102
{ACAD_REACTORS
330
1B6
102
}
330
1B6
100
AcDbVisualStyle
  2
Shaded
 70
27
177
3
291
0
 70
58
 90
2
176
1
 90
2
176
1
 90
1
176
1
 90
2
176
1
 40
0.6
176
1
 40
30.0
176
1
 62
7
420
16777215
176
1
 90
0
176
1
 90
4
176
1
 62
7
176
1
 62
257
176
1
 90
1
176
1
 90
1
176
1
 40
1.0
176
1
 90
8
176
1
 62
257
176
1
 40
1.0
176
1
 90
1
176
1
 90
6
176
1
 90
2
176
1
 62
8
420
7895160
176
1
 90
3
176
1
 90
0
176
1
 90
0
176
1
290
0
176
1
 90
5
176
1
 40
0.0
176
1
 90
0
176
1
290
0
176
1
290
1
176
1
290
1
176
1
290
0
176
1
290
0
176
1
290
0
176
1
290
0
176
1
290
0
176
1
290
0
176
1
 90
50
176
1
 40
0.0
176
1
 40
1.0
176
1
 90
0
176
1
 62
18
420
0
176
1
 90
50
176
1
 90
3
176
1
 62
5
420
255
176
1
290
0
176
1
 90
50
176
1
 90
50
176
1
 90
50
176
1
290
0
176
1
 90
50
176
1
 62
256
176
0
 40
1.0
176
0
 90
2
176
1
  1
strokes_ogs.tif
176
1
290
0
176
1
 40
1.0
176
1
 40
1.0
176
1
  0
VISUALSTYLE
  5
1CA
102
{ACAD_REACTORS
330
1B6
102
}
330
1B6
100
AcDbVisualStyle
  2
Shaded with edges
 70
26
177
3
291
0
 70
58
 90
2
176
1
 90
2
176
1
 90
1
176
1
 90
2
176
1
 40
0.6
176
1
 40
30.0
176
1
 62
7
420
16777215
176
1
 90
1
176
1
 90
2
176
1
 62
7
176
1
 62
257
176
1
 90
2
176
1
 90
1
176
1
 40
1.0
176
1
 90
8
176
1
 62
257
176
1
 40
1.0
176
1
 90
1
176
1
 90
6
176
1
 90
2
176
1
 62
7
176
1
 90
3
176
1
 90
0
176
1
 90
0
176
1
290
0
176
1
 90
5
176
1
 40
0.0
176
1
 90
0
176
1
290
0
176
1
290
1
176
1
290
1
176
1
290
0
176
1
290
0
176
1
290
0
176
1
290
0
176
1
290
0
176
1
290
0
176
1
 90
50
176
1
 40
0.0
176
1
 40
1.0
176
1
 90
0
176
1
 62
18
420
0
176
1
 90
50
176
1
 90
3
176
1
 62
5
420
255
176
1
290
0
176
1
 90
50
176
1
 90
50
176
1
 90
50
176
1
290
0
176
1
 90
50
176
1
 62
256
176
0
 40
1.0
176
0
 90
2
176
1
  1
strokes_ogs.tif
176
1
290
0
176
1
 40
1.0
176
1
 40
1.0
176
1
  0
VISUALSTYLE
  5
1C7
102
{ACAD_REACTORS
330
1B6
102
}
330
1B6
100
AcDbVisualStyle
  2
Shades of Gray
 70
23
177
3
291
0
 70
58
 90
2
176
1
 90
2
176
1
 90
3
176
1
 90
0
176
1
 40
0.6
176
1
 40
30.0
176
1
 62
7
420
16777215
176
1
 90
2
176
1
 90
2
176
1
 62
7
176
1
 62
7
176
1
 90
1
176
1
 90
1
176
1
 40
40.0
176
1
 90
8
176
1
 62
7
176
1
 40
1.0
176
1
 90
1
176
1
 90
6
176
1
 90
2
176
1
 62
7
176
1
 90
3
176
1
 90
0
176
1
 90
0
176
1
290
0
176
1
 90
1
176
1
 40
0.0
176
1
 90
0
176
1
290
0
176
1
290
1
176
1
290
1
176
1
290
0
176
1
290
0
176
1
290
0
176
1
290
0
176
1
290
0
176
1
290
0
176
1
 90
50
176
1
 40
0.0
176
1
 40
1.0
176
1
 90
0
176
1
 62
18
420
0
176
1
 90
50
176
1
 90
3
176
1
 62
5
420
255
176
1
290
0
176
1
 90
50
176
1
 90
50
176
1
 90
50
176
1
290
0
176
1
 90
50
176
1
 62
256
176
0
 40
1.0
176
0
 90
2
176
1
  1
strokes_ogs.tif
176
1
290
0
176
1
 40
1.0
176
1
 40
1.0
176
1
  0
VISUALSTYLE
  5
1C8
102
{ACAD_REACTORS
330
1B6
102
}
330
1B6
100
AcDbVisualStyle
  2
Sketchy
 70
24
177
3
291
0
 70
58
 90
1
176
1
 90
2
176
1
 90
2
176
1
 90
0
176
1
 40
0.6
176
1
 40
30.0
176
1
 62
7
420
16777215
176
1
 90
2
176
1
 90
2
176
1
 62
7
176
1
 62
7
176
1
 90
1
176
1
 90
1
176
1
 40
40.0
176
1
 90
11
176
1
 62
7
176
1
 40
1.0
176
1
 90
1
176
1
 90
6
176
1
 90
2
176
1
 62
7
176
1
 90
6
176
1
 90
0
176
1
 90
0
176
1
290
0
176
1
 90
1
176
1
 40
0.0
176
1
 90
0
176
1
290
0
176
1
290
1
176
1
290
1
176
1
290
0
176
1
290
0
176
1
290
0
176
1
290
0
176
1
290
0
176
1
290
0
176
1
 90
50
176
1
 40
0.0
176
1
 40
1.0
176
1
 90
0
176
1
 62
18
420
0
176
1
 90
50
176
1
 90
3
176
1
 62
5
420
255
176
1
290
0
176
1
 90
50
176
1
 90
50
176
1
 90
50
176
1
290
0
176
1
 90
50
176
1
 62
256
176
0
 40
1.0
176
0
 90
2
176
1
  1
strokes_ogs.tif
176
1
290
0
176
1
 40
1.0
176
1
 40
1.0
176
1
  0
VISUALSTYLE
  5
1C3
102
{ACAD_REACTORS
330
1B6
102
}
330
1B6
100
AcDbVisualStyle
  2
Thicken
 70
13
177
3
291
1
 70
58
 90
2
176
1
 90
2
176
1
 90
0
176
1
 90
0
176
1
 40
0.6
176
1
 40
30.0
176
1
 62
7
420
16777215
176
1
 90
1
176
1
 90
4
176
1
 62
7
176
1
 62
257
176
1
 90
1
176
1
 90
1
176
1
 40
1.0
176
1
 90
12
176
1
 62
7
176
1
 40
1.0
176
1
 90
1
176
1
 90
6
176
1
 90
2
176
1
 62
7
176
1
 90
5
176
1
 90
0
176
1
 90
0
176
1
290
0
176
1
 90
1
176
1
 40
0.0
176
1
 90
0
176
1
290
0
176
1
290
1
176
1
290
1
176
1
290
0
176
1
290
0
176
1
290
0
176
1
290
0
176
1
290
0
176
1
290
0
176
1
 90
50
176
1
 40
0.0
176
1
 40
1.0
176
1
 90
0
176
1
 62
18
420
0
176
1
 90
50
176
1
 90
3
176
1
 62
5
420
255
176
1
290
0
176
1
 90
50
176
1
 90
50
176
1
 90
50
176
1
290
0
176
1
 90
50
176
1
 62
256
176
0
 40
1.0
176
0
 90
2
176
1
  1
strokes_ogs.tif
176
1
290
0
176
1
 40
1.0
176
1
 40
1.0
176
1
  0
VISUALSTYLE
  5
1BD
102
{ACAD_REACTORS
330
1B6
102
}
330
1B6
100
AcDbVisualStyle
  2
Wireframe
 70
5
177
3
291
0
 70
58
 90
0
176
1
 90
2
176
1
 90
0
176
1
 90
0
176
1
 40
0.6
176
1
 40
30.0
176
1
 62
7
420
16777215
176
1
 90
1
176
1
 90
4
176
1
 62
7
176
1
 62
257
176
1
 90
1
176
1
 90
1
176
1
 40
1.0
176
1
 90
0
176
1
 62
257
176
1
 40
1.0
176
1
 90
1
176
1
 90
6
176
1
 90
2
176
1
 62
7
176
1
 90
3
176
1
 90
0
176
1
 90
0
176
1
290
0
176
1
 90
1
176
1
 40
0.0
176
1
 90
0
176
1
290
0
176
1
290
1
176
1
290
1
176
1
290
0
176
1
290
0
176
1
290
0
176
1
290
0
176
1
290
0
176
1
290
0
176
1
 90
50
176
1
 40
0.0
176
1
 40
1.0
176
1
 90
0
176
1
 62
18
420
0
176
1
 90
50
176
1
 90
3
176
1
 62
5
420
255
176
1
290
0
176
1
 90
50
176
1
 90
50
176
1
 90
50
176
1
290
0
176
1
 90
50
176
1
 62
256
176
0
 40
1.0
176
0
 90
2
176
1
  1
strokes_ogs.tif
176
1
290
0
176
1
 40
1.0
176
1
 40
1.0
176
1
  0
VISUALSTYLE
  5
1C9
102
{ACAD_REACTORS
330
1B6
102
}
330
1B6
100
AcDbVisualStyle
  2
X-Ray
 70
25
177
3
291
0
 70
58
 90
2
176
1
 90
2
176
1
 90
1
176
1
 90
1
176
1
 40
0.5
176
1
 40
30.0
176
1
 62
7
420
16777215
176
1
 90
1
176
1
 90
0
176
1
 62
7
176
1
 62
257
176
1
 90
1
176
1
 90
1
176
1
 40
1.0
176
1
 90
8
176
1
 62
7
176
1
 40
1.0
176
1
 90
1
176
1
 90
6
176
1
 90
2
176
1
 62
7
176
1
 90
3
176
1
 90
0
176
1
 90
0
176
1
290
0
176
1
 90
13
176
1
 40
0.0
176
1
 90
0
176
1
290
0
176
1
290
1
176
1
290
1
176
1
290
0
176
1
290
0
176
1
290
0
176
1
290
0
176
1
290
0
176
1
290
0
176
1
 90
50
176
1
 40
0.0
176
1
 40
1.0
176
1
 90
0
176
1
 62
18
420
0
176
1
 90
50
176
1
 90
3
176
1
 62
5
420
255
176
1
290
0
176
1
 90
50
176
1
 90
50
176
1
 90
50
176
1
290
0
176
1
 90
50
176
1
 62
256
176
0
 40
1.0
176
0
 90
2
176
1
  1
strokes_ogs.tif
176
1
290
0
176
1
 40
1.0
176
1
 40
1.0
176
1
  0
DICTIONARYVAR
  5
2CB
102
{ACAD_REACTORS
330
1DE
102
}
330
1DE
100
DictionaryVariables
280
0
  1
1:1
  0
DICTIONARYVAR
  5
2C7
102
{ACAD_REACTORS
330
1DE
102
}
330
1DE
100
DictionaryVariables
280
0
  1
STANDARD
  0
DICTIONARYVAR
  5
2C6
102
{ACAD_REACTORS
330
1DE
102
}
330
1DE
100
DictionaryVariables
280
0
  1
STANDARD
  0
DICTIONARYVAR
  5
2C8
102
{ACAD_REACTORS
330
1DE
102
}
330
1DE
100
DictionaryVariables
280
0
  1
Metric50
  0
DICTIONARYVAR
  5
2C9
102
{ACAD_REACTORS
330
1DE
102
}
330
1DE
100
DictionaryVariables
280
0
  1
Metric50
  0
DICTIONARYVAR
  5
2CD
102
{ACAD_REACTORS
330
1DE
102
}
330
1DE
100
DictionaryVariables
280
0
  1
1
  0
DICTIONARYVAR
  5
2CE
102
{ACAD_REACTORS
330
1DE
102
}
330
1DE
100
DictionaryVariables
280
0
  1
15
  0
DICTIONARYVAR
  5
2CC
102
{ACAD_REACTORS
330
1DE
102
}
330
1DE
100
DictionaryVariables
280
0
  1
0
  0
DICTIONARYVAR
  5
2CA
102
{ACAD_REACTORS
330
1DE
102
}
330
1DE
100
DictionaryVariables
280
0
  1
0
  0
DICTIONARY
  5
1A7
330
1A6
100
AcDbDictionary
280
1
281
1
  3
BUMPTILE
360
1A9
  3
DIFFUSETILE
360
1A8
  3
OPACITYTILE
360
1AC
  3
REFLECTIONTILE
360
1AB
  3
REFRACTIONTILE
360
1AD
  3
SPECULARTILE
360
1AA
  0
DICTIONARY
  5
19F
330
19E
100
AcDbDictionary
280
1
281
1
  3
BUMPTILE
360
1A1
  3
DIFFUSETILE
360
1A0
  3
OPACITYTILE
360
1A4
  3
REFLECTIONTILE
360
1A3
  3
REFRACTIONTILE
360
1A5
  3
SPECULARTILE
360
1A2
  0
DICTIONARY
  5
1AF
330
1AE
100
AcDbDictionary
280
1
281
1
  3
BUMPTILE
360
1B1
  3
DIFFUSETILE
360
1B0
  3
FBXASSET
360
4FE
  3
OPACITYTILE
360
1B4
  3
REFLECTIONTILE
360
1B3
  3
REFRACTIONTILE
360
1B5
  3
SPECULARTILE
360
1B2
  0
DICTIONARY
  5
6B1
330
1D1
100
AcDbDictionary
280
1
281
1
  3
ACAD_ROUNDTRIP_2008_TABLESTYLE_CELLSTYLEMAP
360
6B2
  0
XRECORD
  5
1A9
102
{ACAD_REACTORS
330
1A7
102
}
330
1A7
100
AcDbXrecord
280
1
270
1
271
1
  0
XRECORD
  5
1A8
102
{ACAD_REACTORS
330
1A7
102
}
330
1A7
100
AcDbXrecord
280
1
270
1
271
1
  0
XRECORD
  5
1AC
102
{ACAD_REACTORS
330
1A7
102
}
330
1A7
100
AcDbXrecord
280
1
270
1
271
1
  0
XRECORD
  5
1AB
102
{ACAD_REACTORS
330
1A7
102
}
330
1A7
100
AcDbXrecord
280
1
270
1
271
1
  0
XRECORD
  5
1AD
102
{ACAD_REACTORS
330
1A7
102
}
330
1A7
100
AcDbXrecord
280
1
270
1
271
1
  0
XRECORD
  5
1AA
102
{ACAD_REACTORS
330
1A7
102
}
330
1A7
100
AcDbXrecord
280
1
270
1
271
1
  0
XRECORD
  5
1A1
102
{ACAD_REACTORS
330
19F
102
}
330
19F
100
AcDbXrecord
280
1
270
1
271
1
  0
XRECORD
  5
1A0
102
{ACAD_REACTORS
330
19F
102
}
330
19F
100
AcDbXrecord
280
1
270
1
271
1
  0
XRECORD
  5
1A4
102
{ACAD_REACTORS
330
19F
102
}
330
19F
100
AcDbXrecord
280
1
270
1
271
1
  0
XRECORD
  5
1A3
102
{ACAD_REACTORS
330
19F
102
}
330
19F
100
AcDbXrecord
280
1
270
1
271
1
  0
XRECORD
  5
1A5
102
{ACAD_REACTORS
330
19F
102
}
330
19F
100
AcDbXrecord
280
1
270
1
271
1
  0
XRECORD
  5
1A2
102
{ACAD_REACTORS
330
19F
102
}
330
19F
100
AcDbXrecord
280
1
270
1
271
1
  0
XRECORD
  5
1B1
102
{ACAD_REACTORS
330
1AF
102
}
330
1AF
100
AcDbXrecord
280
1
270
1
271
1
  0
XRECORD
  5
1B0
102
{ACAD_REACTORS
330
1AF
102
}
330
1AF
100
AcDbXrecord
280
1
270
1
271
1
  0
XRECORD
  5
4FE
102
{ACAD_REACTORS
330
1AF
102
}
330
1AF
100
AcDbXrecord
280
1
 70
1
 90
-1506045146
 71
1
  1
F7FFAE39-4710-491D-B17A-6202359DC7F5
311
504B0304140006080800E049975C7F141FADF8000000A80100004F00000033434338423833352D363341332D344636362D393837422D3734383138464346414342302F4173736574446174612F446566696E6974696F6E4974657261746F7250726F706572746965732E62696EBD90BF4EC33010C60D03888101890760603D
311
9CC489FF2021143B31134BFB00C80DA68DE426559D88B5236F0D67115E81933EDFE9B37DF7B3BF0821DF4B6049CE50275CAF31BFF8C11FFB6EDDEDFCDE918BE48471E3C23D56AD56C2EACA42666C0D655B3150BC355017AA31A661CC58718EE72E518DFF70739852CBD73E763E0437F8718E37682C33EEF66EC2592E3CA44B
311
5784A4744291BF8D983A6D7F8912E427CABD1F1E9F5D8C7E7AA2CC18A925AB80B39A4169390725850651CA5C5A84343AA32B1FC7F9D8F948ADB0B66E998252E419942A6F40E7A2065E6405ABF00DC25674DACDE96B6E13C666707DA0195D10DE0EC316ED7F8B1F504B0304140006080800E049975C22EE3146F50000003002
311
00004500000033434338423833352D363341332D344636362D393837422D3734383138464346414342302F4173736574446174612F496E7374616E636550726F706572746965732E62696EEB606060F80F0540260323103700495E20ED9E9A975A94991C9C9C919A9BA8021470337773737435B6D435313734D035B13474D1
311
75323477D4353332303236B57471367733654768046931363471713532B5D435353131D635313332D475727372D13534373670367376B67474B5042A03DBCBA019D37FE8ABC6157B20CD04146B0062181F4C03F940F0C11E2409D1C1C020E0C02000E242808A038C8583FE600F9580337028045AC300B4871928DD805002D3
311
F5006A0C0F420A89050A4F840C4C0F9202283365A703A620B208C40D2011909126C85248EC0FF62C401E28E6F88038B83CB1243943D7A928312F25350524434D0000504B0304140006080800E049975CB5A795FFE3790000DE7900006B00000033434338423833352D363341332D344636362D393837422D37343831384643
311
46414342302F5265736F75726365732F46374646414533392D343731302D343931442D423137412D3632303233353944433746352F7468756D626E61696C2F302F67656E657269635F706E6701DE79218689504E470D0A1A0A0000000D49484452000001000000010008030000006BAC58540000000467414D410000B18F0B
311
FC6105000000017352474200AECE1CE900000192504C5445818181B3B3B35A5A5A4848486060605C5C5C6464648383835E5E5E6262624E4E4EAFAFAF4A4A4AB5B5B54C4C4CB1B1B1858585B7B7B7585858ADADAD7C7C7C464646787878ABABAB747474A7A7A7686868707070B9B9B96E6E6E6A6A6A8B8B8B66666654545456
311
5656A5A5A5505050A1A1A1BBBBBB8F8F8F9F9F9F4242425252527676764040403E3E3E9B9B9B7A7A7A8989897E7E7E9393939797974444448787873C3C3C727272BDBDBD3A3A3A6C6C6CA9A9A9A3A3A32020209D9D9DBFBFBF8D8D8D9595959191912626269999992222222424241E1E1EC1C1C1282828C3C3C32C2C2C2A2A
311
2A2E2E2E303030C5C5C53232321C1C1C363636383838343434C7C7C71A1A1A0E0E0E121212484A484C4E4C1616160A0A0A4A4C4A787A781414147C7E7C9193915E605E464846838583878987B1B3B18587856668665A5C5A626462818381A7A7A5A3A3A1B1B1AFADAFAD7072705C5E5C9D9D9BABADAB7E817EB7B9B7585A58
311
BBBDBB4C4C4A8D8F8D747674B5B5B3B7B7B59FA19F606260ABABA9A5A5A39B9B99A9A9A78F8F8D6C6C6AC7C7C5451AD12700002000494441547801DCBD89771BD7B5A70B8EE04C702641712605CE034890E220088028C93245451215B713AF388E7DFD9EEDB8DDCE6ABFF4B57D97137BE50FEFEFDBA74049B6AEED74869B7E
311
87404D2814EBB7F76F0F67A8835CEEBFA0E42B854AA5B2BB5B6BCC951A8D52A93657A914FE0BEEE39FFE2FF395B9B9C6CAD2D4C4606F4B7FFF8D1B37EEDCB97587F7CD9B4343BD134BABE7DB48E3FFA7A228ECD6F6574E4786C0FC8B5FFCE2CD5FFCE297BF7CF3CD5FFC92B52FFE58BFF9E69B776E0EF5F79E55CBBBF9FC3F
311
5D3DFFB07F5898ABAF7CDA3B74E74EC0CE20230561BF096E97E05712BFFCC59BC80539DCE83DDD6E54FE61B7747DE17FB8980BBBFB2BBD4337DF487881AAE6C5ACC6AF25207877B2B527BFF1CB3B77FA47561ABBD7F7FA7FE146A5B6BD74E3164C7F51449AE95DB412200EC539418717E7F2F11B376FF62E95FEAF1442BED0
311
581DBCA1BD2780D23F506AFA16E1A7AD974EF17876F00DD7BCB187A1A97AE51FCED5BF2BC1F2BBE5B3C19BE27B43CF26DE00933658FE129B109C2FFF922CC22C4260FA01BEFB462A77DEBC35F42F600C3F5B0795D2E9E02DAD5E650B4438A92801B65C35CBAB7B1EE5041CE69D3B6F1822DFB873EBD6AD3B6FBC71EBC6C86A
311
E967DFC2DFA4CEBFF1BF54F6276EBC114E2F43FEC60B01A0D440A868B2920E5C4BC10D60931ADCB871F3268B21D3851B08E1D6AD9BFD4BF57F7577909FAB86F29B982571136AF01DF5FE32AC3BD9406CAAF2440A54CF176EDD01FBADA1FEFEFE21FE4C9858DFF4183458A9FD2B6708A5A5A137E0EE1D11A9EC0C7C58B2C73C
311
0AD6B479BD76B7790CF899E287FA5B06FB7B07C9195B7851FA8794031EF1FC5F9406BBFB23375420286399B631E93B08022A785C4DBF9996EC3551874094D71B6F487E80F6837E50F483BDBDBD83232323AC420A18C68DA196EDDADF68A77F938F78FD972BABBDB7B87FB164AC6FC2CB760365821ACB74AED44FFAD7E7431E
311
CD7E08AC421F391D199998989A383D9D98E8E56F84A318C58D9BFD2DAB73FF5222C8EFAEF4DE7AF30D756E5108683DA471E70D0502099A7240F19E4089D3FD203E620F1B47BF43501E85031AE44B4B9F2E4D2D9D4D51D8970983FA861B3706FF950CA170DE82F6B312CC4F42C8966295F7D725ED29882415DC055F36DEA1FE
311
96FEC141493F05FAA9A9A5A595B333DED5B3D5A533F62183323032F46EFF13EA0AAFA5FBF7C8976F8C10F7280A014832593B90004D52341980D907EAEB73411EB2F1EBC9F507F92746C40E7AE0AFAE54292BAB2BAB67CAE0746264A277B06508168C94BF772BE9765F7BF0B548FE1E07F3B5A521340A5CB5297C4B12811B89
311
E82191ECF3E41B3259C529F135E23CF4C7F961FB13537F5A02ECCAEA76B5BA5D3D3FDF3F2FEFEFB3AA22053E5008833428DC6C59FA2F770595F311F235D427F379BB8A121BD901B96076A388DC4C3C61C7933CCCD770FF375A6E0CE9F535FE2534BF5ADD3E3FAFD71BF57AA951B6D4CFEBFB8864758A26154430080B06ABFF
311
557610ECC93726224F155D1471041E0D42F82F4891C926C1355B0831649FF365F46FF05300A7A790BD8ADEEB0D4AA9569A9BDBADCCD56AA55AE377F5F3F3EA2A34983A1DE91D810543138D7F28E57FF4E2B5335A3928B76EA1CB9B00BF158C8F63A2E788826896D0B5E7C461949ECE089144F8EBEFC7FB4D8C9C4E9DAD60F7
311
FBE572B416C2F2423ECF8B86C439E450DA970634ACFDA977629098D0B2FAF313A36B3869E37AF7853378CDA1171FBEBA95DF1E44FD5144A420588641B0055A79ED91CC0DC41E27064512FB33F1F04D09D0D2DF0203A646A6CECE80DF28356A348CED8C4F1EF137B9319E1BCD29867CA556AA97F7B757567006A447FD375A26
311
CAAFDED9CFDCFB2BB0BEEE8AA5911BC2C7F85DF88A3775389990AA72219D582409210F85A4E66F2987D875C30848023088FDF77E87F96FD7CBA5B9DCCEF4F4C9FC7C676777577B7B7B67E7ECCCE4E8DEE85E81A6D55AA3BC7FBEB242589CE8ED4770E785D7DDE23FF2587EBF57F50B9E820527316488E5C32D50F979BCA582
311
07297E2B6D658702FFCD211840FE43FC9F3A5BAD9E97E6F21B9FCF16BBBB3A3A5A175B5B1787875B5B3B86DFEFFC687A72674F19D46A8DFDF3EACA59E405375ACE76FFA922C817CE86A89BDD92F400F2C55B7462F610459837D3A61ACF50C7471C8F2F2A9D38C3DA2F068007F80EFCDBFBE5DCC674B1D83EBCBEB8BCBCBC3E
311
D0D3D333D0B3DE33BCBEB0D8DA35FBF9F8CECE68AE020BCE61C112A4C1138CD47F9AD13F7DC6AB9CF9CFCFAF9D0E01FFE6CD503F5B91C5218E2899CA15098714848B04FCE5654884ABF0E554F11F6C21D73D5D5AADD64B7B9327DDAD8B0B7D7D6D6D07070763BC0F3E38E8EB4310EBEB8BC3DDB347E3E37B5842B97C4E44A0
311
C630427E5CFDFB71E03F471E12CA9FF70E055AE141042DD81234B879EB4606361D9328149037D7D76A571A7E974FA20AD0323832713AB5BA7ABE3B3E3D3FBC30307070B0B9B645D93C3CDC3CDCA41CFC6AAC2D64D0D579B4B1B397A7C1BDBEBD7D36657A3CD4B2F44F4909F2B9CA597F4245C59DEC354316F0587020D0C661
311
742BC02869435FD12CF195C422DB3C5A3E2305C000CE6B7B27ED8B7D63079B5B5B878787C787C7C7C757C76C51B60ED60EDAFA06D67B965B3B672677080BB5329E60E9B477847AE2E9EB53E35779FD37EFCD2D0DDD68AA355B6B0D81860502B8B68C801F5C697E9AD62F4B406244CB975560BAC756AAA577675B07C6D03778
311
C17E7C95CAF1B3ABABE3E3ADADE3CDB1B1B6B681014470343EBA979F8B90383545727C63E43549D14FD0F927E5F1FDEFD7263058FE02EBCD1BDCBCA053496BD58E69BC44F9F854D4D979AE9ADB908824382AC1D4014E9756EAF9CE85B6B54DB01F02F8EA5908E0D9D5F1B3E72188C3C3AB67879B07C8A0A767B8B831FE5E7E
311
B754DEAE5261460243FFF07858D8EF0D658BDC563A2C5EF5833C13C90B69248C4DD97842B61DFA7F210A2F6108A0F96B62E2D3B3F3DD939EA47E30ABF5AB2B903F4BE5F9B36757CF65021E616DAC6F60A1FB647274B4B05B2E5341B082D43278F67D8DFDA48AFF9A13F22B34C7586C9992BA6E66CABC190E313E7C811AA573
311
04B421A75B289B9D174CC868C24548823E230B9A5A2DCD2CAFE1F98E61C015CA7E96B083FC59F3ED06EE60F360B3AD6F79787ED278D0A86FAFE00BA9220EAEFE1D5DE1F7855939C3FCC1332426B377F692406E022C010DB437EF009803F0DCFD3B7C94440571D8F2C328F115F47FD324802070BAB43FBA80EFDB92FCA1F7E7
311
CF9FA875CBB327CF9EB08C4DE4815BC4210E2CB7CF1CEDECEDCED5B757490968286899FAF95583BF46F9393CEE6A86D6F618CAAD9BFF0BE22B042412C5CFB50556815CC5BBE33E9F61ECEC26A9BCB8145FD10590078F9C9E953B513FAE1FE387FAC246E14F9E3CE7F5F8194BD6594140876B6B84C5D6799C61A16434201E52
311
37582AFD75C07EEED9863F463284E2E13425A036BD41061259289B6BDC1ED656FC8B8592C9D00701E27CEA749F0D8EF44EAD8C1F80FFF8F8F9D513191F6803384C800097F24069C407CFAE88136B7DCB3D5D4A60B711F19070D83235F77331FD35E715966889038E2E0B346EAB7936C4162043E1A1F144093695443A570144
311
898BC4079CEF1912809A3035A1D3F361235F90FFF1E3E0FB93C7E2750719F88E7D8E68123883ADB5B18185AE99F1D11C1238A792DC4BEDE8EC6FF503DF377E0445F68FAF4E08D43082D02170F30131A154206CC559A8D9CFDD762B31273E4947A581E0D9BB71E33FFA07CD02CE2A6BE1EC80167497F2A81CFA3F7EFE58D0CF
311
5D5D170DE4F89070B0BC4040CC17BEAC6B0586C3D3FF0309BC06F44B04A1E13729929B4DF73C44070692C810B08AC3012E8EE9EAE22067796288C193B2139B970B86F47FAD0F98382B1E035D9C32FD318A4FAFCB274F2E1FA772F94411B0CD42493C23393A685B5FEF3E1ACF554AF5F3552A478383374E6B2FDDFC4F6DFE38
311
F4F4ED7A7FE838F488EA852482F412D3CB07E293D02C9F074F12E84C5AAC423271450572A385449844706475FD38DC3C22486A0639E5F1E38B0CFE93CB4B25910EF309A2224BD8DAD40C682C28341AD69047E8539A6AFC14EC573F7FAD10AE0FE6EB13E87B28E093B513B5803514DE408809BC12A14876DE0A25F643009E91
311
76D9F0C330164285A7444DC8CAF0E9FE41429EE0A2F6A6DE91C0856C501272404A8468822E24C807030B1D33D40D4AFBDBABB411D093D88C86D7205E05FC57EDD1F805FA4CED5920F0CED39157E007CE21757C5DE440ECBCB46CD283E378029B43FB077B4F47E60E9F61E8D01BE017D7E843EB49F50A2028F1E442FCC90C9E
311
E308E4C0C2C94EAE30B75FAD3A0EAFA57FE9EF960F14BE15638840EAF3BA490BB6850EDB38EECAFD21A0C746D0C4234DBD035EFC7EDD121FA585FAB73DB89FE6A03CF833AB0730E5E2F1A36CE3F202A128934B44E396961121E1F2C9F32BFCC0C140CFE22C1CA8E109B182919696BFB98120234F61B59F7BF46EC30CF067B2
311
1A33B0FB3E402448EE266CCD93135A8E823DB31F85E677434E608F53F8100BC0098EA2FD6BC01770E0F2F2D1E5452A711C4BB8486248FAD756D852026B6DC90A2AA5C6B69E9068B8F27AFABFFEE8AB36F1D23985D5960014FD711940800B560250D2272CC54FF1D3A660B275AC3881E349689C1616E1E9044129D032313509
311
DE4700BC867C71F128C400159407C761022BA8A040F40A244788808C60B3AD67A17576279F6F946923191921B0545FC2F12AC0EFEFBD7262B6935679FC7F80629160ABFAEC88E8430E76D82A8DE62ACE50BD4A42FBF03B387B37FD321B37E31C3F063D99703F5160E6C9E5A300CF32A91E0A085A29C0FC507F6C21012303C6
311
104B82C1F1E156DB3229D1A855A32A8352C9077AF733A0AFE0FB3EF81FDF2F0F82C21B0EB06998866878B103305E31EC17F4FD43831E570A2118D1667632D4FFFFB125782F96168A833DBE78C3F11F8383A79D49F58F1E3DBC780417AE6581381E8610604888E2913E12492881274822C221AD04CB0B1D273B854283746089
311
8C686864FF6F801E8269F40AD0481DFAF5E6E9C1F3BE391C325004DF0746A4E4448F7B52C0D5EAD39EC46896B888C4210D68E99DFA2820DF7FF850EC407EB55C3EBC5028611409BFCB8889C90F1C52355AEF98B18100094C9D0EF6F64FD47E5CBF3FF5293DDFB4B50DDD54F351446FA1F14580DC3902C085F593CB24ACC917
311
B213BBC11B3F0A61042FD8B24F4FB9C4556D0CB9E1A880DE89934CE9607F18F81FDD950DD0E1D143F41D56110E227C250621FF098838042BC85B5B6BCBCBC31DD37B34966E9FFD9936A2FEFEA9EBA4182E5CD3E17AE35501FCE0707E5525A7DBC64DFD077825BE37CE0BBE1BBEC061410C660B6E49912665E2B3749C7C9F93
311
834022F74CDE6CA5EB501D9CBC04B768292C5CCB84478F3CA83074092C6082169015E5800D5839DC6C1B58EFE83ECA513BDE3EFB8EF1242D2D4B3FD55AFE03D42F8492AF8A3F21444FA2FA9ABBF525EAF84C09F0168527B0138A85D1EC0443C467B28BF844EAF76323BE13D7C11F72FED783837B970FEFDE7D7817E077C17E
311
F7E2A1C2C0FE851FE4C008388C15E818958746129E1009D054B67530D6B3D8DA3D59D82D9D57CF70039FF50FFE0DE94089DB269C3655A4F25B38C49D0BD48E59F1526887C18FC5272197F85CA72862A593A4843CD25F920487DDF7AA0441A2C0600D062001F103FCEEA3D8560CEC3EBACB01CAE5A51E420349F602191E5F90
311
1893142381351CE17047E764BE50DEAF9E4D8C38B6ECFFACEB141E54A6865A88A60133EE9CBB4C256930B0B168C1C3AB59FE1743FB422C7166082E934AFA5EFA3E4BCE0B69362FA7041818B7FDECE1DDFB4D022007CA23E521F0700AAEB5888BBBF08023E128B4045381542FA256B0D04E28A0C3804E233A1BFB476A2F48FD
311
135BAF9843BEDA3264EB42BA499601F16B566E72C7EA35908ABCB9176BBED43204C696AFD3D7B24B08D3AFA44BE243D88A6D9D0B6562B52F741E1610C0EFBBAF2B0829289A640EC4C8A4FF66A24430786CEBE1E1E61AF9507BFB496EAEB64F8F49B4129EBDEC065EC1F8A3F228A3CD0950883B41BEC6D1944AE06147289600
311
A7726313AC69A3F91197F1438BCB743E76F01F6EF1D1C854071670FFFE43FF1EDED702EE5A14C85D0C42DF90B86068800659AC88981855E3E774A71C0CAC2F76754EE7CC87C808D1E1E0F6CF47FD4224731337BE1E39C5010823EE997B1491BBD99FC8D8EF77482BEB5EB2CF66499A8E0F7511B19B3EFBDACB6507BC78731B
311
1B383D02FFDD7BE8DD9256F7D0BA7B46015941097B80018F700FFA024CC08078F51806100ADBFA163ABA8A3B95B9D2F92AC30BC908ED31FABE0CBEBFFF0279B675868F9AA24E9530B08C174055B7F48E4F58002F3E82F0BDFA003E8B431EB6C4A91E4D9B5FFB791265BA8827BBE5F1BCFA7F789F72F75EC800F8AE43FFAEC4
311
2F13009FB905A9A0132015D0068ED7682AC608BA6771038DEDB3B33082891FAB1ABF5614F93238079726B833958796B845B731FCB86316713C1DC581B1E19B424EE32674093F80776F7E27C6FBFAC85C536CD955B96EDA2A3FBF770FF4BE11845470EB3E42D022000E0FE07D161811020742162444668308801E133A4C163B
311
E68F6826A5523071CA78B2FED51F28F8C70FE4190073A3E5D3259D7A288CD19BDE623F10021BAB0C6E327FD507B2741627727EA00D31856492F9F009D7F152D930704E642795C1C1B336E0DEBB7F0FDCB79318543B25341F36802D64A981A690B94259607DE0B19D466BF8C1C5E1CEF9A3FC5C639FD6117B4BAEAB453F8EFB
311
DA500A67E8BAF76C8A06566E36EE1184E8329419161F83D843D5DE7D8221163E145F56921C3EE383978072129E290A9B7166E63D26BAB1FCDBF710009E4051842390031845F20077CD079407C575F20364C4910ED2A574BC357630B0BCD8DE39335EB175646A698458F6A346F003A93002E846FFE0C459B8006E506D79BF90
311
2908A0AA05CB5E73530E33BA1D3C2EF99C712B7C8B41DF4D2A7830BE8707485FCFAEEB85A09AB6D39BBF7B4F23E00509C20DB04E240822A4B810E04D8D53D10D504C059ED86BB8697F514777717A8F8144D48A4C89077F7EDB00E2D89DC02A7B975640A282C49A4AA84B70B12BFED8EA6584860DFB7EE23FCB00C6BAF7332F
311
F259FA3C9346508813E372F1DDE425065BB61FDF8300F7EEDDBE8D0C6EDF46F7D8823478590AE23759D60DA6B7A9F125EDE8F4A5D2B37470D0B63C30DCDE3D3D59A8D1501EB1B0A5377517BDD6E301F995E3F955F0F58FAC2E81CE172A8344AC03DC6781939D2484B8FFC15E8F3ACCD3954CE19576B942D0A029188EC7013F
311
E59AE90B71292DE774F1F63D60230180B30A2EDC65291B6211B4081128856001A680015CE000708254891851D4B3BED0FA4D7166B466BFF1D2A924885AD12B387FC0FCE6819AC3AE06A7AA4B715F0927B74D119D4A668FB54B8A8C268D8B038A207D10A7B1E95E42195B695BE0240F7408B311257C23F581E987C180140C58
311
4A02B1670CB817CEC0A080F259F1360E58452013200E3EC107AC1DF4FD7B0F6D23F33347F9527D9F51E6138E31AF35F1BDAAEEEBA3D71BB402E2FB47CECEE96B4DB85536772B07C82A34F3E66D0BCEC207FEB9E70643761276F7B50D5EE963CFF80C7AF4A2130F5BF8C4EBFB5F07B709840480DBD8007FB7EF3F90104908BA
311
457D43AA2A6A02C91422285E5AAC143F3313A0CB74D9D164933B86C25587134E8D342B453FC982860D09FD13ABE72055ED020E85D3E312F74C25CB0293D978A1C4001927C80B86FD06349126EC219F0C735C8053D8F5F310817EA01F1B7851F406144C211C6362C27DD51F1E310C0102280ADB891E9B085CC528A2B1369A46
311
BA195B9A2B351862CE43174BA73FB7CBB430A5798F4C54B7333B96C3224A9863AD02B9FBD8E63092191924E77C199D92887DA594B6DCF0112857162FD0949FE6A441F5E62E42FB2105BC405A2301A3424601DC807912CB2C39C604A27908021CDA30C4C8C2019A883B3A8BD393BB3546136EAF561980FB63E9E035FF73B96D
311
09A905ACB2C11D79571C5159026227DDBDB81396EB03F14100BEB66DE1FA9EF82C3ECCBE318119C4269FD014E66361FC8BB0B4EA9A98EF3D8848A01360430284335004C183CC25BCA82D2302EB03B8419241C64DF4F5ADAF77B533BE786334BFCBB8DA72BDBEFFC36103AFB30608A0B39B58D93F0BF42180841DD26BDC22CF
311
0A770E90240006BAC65197D90920131C7B2EB3CFD3C71C6378A305EE8488FC1FF8D391E2BDDB0F6E3F45E7C8207C419800DB410073A3173942CA8D5242642A74496FF115832A6314D9FA4257577BF7FCF8F8E8CEE8DEDE5EBE76DD3CF892BA7FB8B90F629431B5525E92A15A3A4A6FEA3FDD73136172060959206591F4C927
311
196CF645AA285CF3014630121754261C0D31E1A7E3DA2DBDB54B04703BDE3A4209F02045C4BB0F529A14BED07098A2A1CD47513DA64B512F409BC01663090796D787173B5AA141B1B39BB470EEBCF1E30F9D263ACC4D05110797CEF7B923B027F089F74D1D06F0A4D8C0CDA6604023FCA45B76C5CDE0BF3845ECBE13E0C0ED
311
73700A8A753C1AC8AEFFF1B407FC8A20F42F0D94019121DE304077A027D4112283BB8FF0072444D68AAD111D6F591BC0061854BBC048EBBE9E81F6A33A95C21BFD13AF3C7E7DCDFFEB0DE8903F77B41DF178E99C289895B0EA8CD640549D68935BA7C5294E0A1D66DA0CC419BD398E6265789CA1241441AC94532A3C19C953
311
40BEFC68703077EFC1D307B71F3C500859C11494838E902203A2BE90EACC5135B80B078804340C920C2300BCC06F7A1C71B875DC572C9BD1D84BD5FB9363CA6BA7D03E5C40FDFC54FC23C9B4B9DDD028787D89219038523BF64E638BB37CC25335937A00DFD32869C5B390C8C32FF25C8C47A7181B4A599A224A9DADB0E040
311
6FEFF9F183B7448F081E3C55024FB33828784AB61704482CD0160C04174F9E33BA9291D58C2F1F1B1B3B5863B0D9F3E51C35C253D54A23E560E2C0CB3A6F7A81382601C2079CAE96B7B1560D20A341E85A928A4E01083256420576C2ED477E2E565FD9223BCC691CF394D3D8E281501E0EE5C1C8159E92585D255CF30CC854
311
C75318006EA4A01028EC853F9407C6053910BE105348324002260254886C156260F9189EE0F8C9A3CBAE9D5A992184568A69D5183A7DB97DB089FDC57AEE54F858FE54F577DBA85309640290F2D220952620750C5811FB772A7876D1E4040FBFC6474D51246D8B3FB378283FB514F8AB3C20B8BF7DBE5DE541C9A5D3D38DDB
311
30E00151E02523081BC89C2214103E0BC1B3D0199A08E002681A2613A2616CEDF0F0F9C5DDC75DA395C25C0309C03DEC8091A4AFD3FEB504AAC6633930556DAC86EE3561941E862C4A75DD6B6BB3A0C59BE153DFA73EDFCBC3CE2188D3D378FC976D0EF9A95B7C8532F527CE3CF539581E0FE501291E9139FFB65EFF5DBD8E
311
0C18DE3077170A64E033FD278F18068028802F156C3809FDEB11B1019C208D020C9BA2870457F0F8E1FDC7EDD393E3B9FC9C4308E9315704233F960E554802C14716B0B45DAB5EAB5E25AB7830EBB8D25E6CA94E4AA01794FB1EE164FE9F040FE82C940A4BCEF913075D087E85A7237D3CF29C47E4E676777779528C478176
311
1F0BFBC1D3A77880E40C9A2E5109180D5255317890394229F0F082010354082D574F1E3FBAB7D6553C2113DACB97BEB5526C7C6F69F9310A94C46CD89FF8F379AD1AA035FD00FF3F320180F01417A6F255A3A8D86319FE0C0B0E06A0DCD33F79841339C01E5BBE1911AFCFF7C1E0A540BFBDBFCF2372352686D863F83F59CB
311
6865F43104007EE06F52406F680341102048A01BB048823082CBCB0B6AC48C313F3E7CFEF8F2D1FDC3D6F6F9F9D9E98D9D7CAE5EADE2A6512FAD7AB526E17F600C85550DDE9ACFE9D97E694513103BC69F8A2813176032C890C1E9C49FC09C61670FF8705B1D7386260E7C8E7122C7F8208A55139E8C8D4763F7EBF5728DF9
311
C34677364E3A3F9AEFDEC9CD95470788834F9FBEC512379890B38C94205B2557987C4186DF5C0837608DF0F9F3CB87B7EF6E920475752A01460E556919B2B64296FB9FB70DD5F47232A0F77465BF140CD001F00ADCA175090E2665A14E6329B62660E02A1CB50C6025E3DA252A670B3F0FFAA5EAD94A509FE7036B159E0D1D
311
9F2E76B7AE1FD5A606198D3A747AF450023CBDFD162278B9446688111009B4029B0F2180AE20A542D40610C073B47FEFE1416B2B12200F3C991C2F54EC2491027A816B0A34A9D05C6F437AC23462385DADD75642EDDA738AF1600DBE07EE8437804D2D011A94DF71C2085EDD40266A407FFA1D1C00B0C03927E60338E3B9D8
311
C47D1F8CAED578E06F7CFAA4BB63B175FA7C301B747CB377F45192003CB8FD34B12009224543D8604494011A80C1903CE0518C986208E1C5FDDB8FDA161686873BBABABAE74FA637BEA894A44078C19696F326E057D7F95D061A6B0394A9D5F2DCAAFE4C2388D8A6E9AB7695CB0BDD0A332430F1A9333DA41D1FFB97FA09AE
311
84E738C75C407C260408F8DBD5EDED7DE1570A7BE333C54F16963B46AB0C2B71208EA3D16EF4EEDCD7005241166C005A73C03164792151205C007288AE337B4D7103741BDE7B7AC913350B348B2D767515674EC6F72A0402BBCB41C81305AFCF05F2758D3ECAC8D26AB97606DB9581A4B7A8FFB068CD5C0604E6849046B70C
311
2B60FF0CDDF93C13822B4E82FA0479A68220E66D9FD775FB3C1A9CDBDB9829B6AF2F77EC9E0678FB20ED8D1B1A1A39D10F9812E20D6281F5673121AACAA9C53424000DAC173F7E18C3052EEE3E78E7F1160F5AAEAFB70E0F7775CFCE4EF384DDEEBEB9C0889D5243BDF557559FEDE5F17AB21E118C4C31A3DF6A96B56AC621
311
80293910ECD6B721047664BCFCC6B2DD3C65CA0F0C823DFEF84083C7ECCDF05898EEF158F4FEF97EB9C123F1B9D1D1A3D9F9AEC5F5CEDA84A3C96C14A55584D62893D6A54D8D2028D05C8B1F124884543F3223B29D208B04910D3FC43F5C52196AEB5B5F5E58E8E82610F08C21BD443801233C0CE8BD1E40F84A1CA8600199
311
0048031ABBAB11EF83F9283EA89F181F2A0D9A9F62D94B7F625FD727E6A93F63F200F614F7CF100D4511C07DB45FC5F0CB4CA359ABE4774631FDAE85E599EA0878A3C33D5AD6430CF4C055EE5FDB80629000D7855DED3F436F3B61B3DC7FFACEFD2B1BC6FB0696312CFA477CE87A87070C7998E04FBA78AE3F915A065E819F
311
CF35B410321D9ABB308146A11AD5196CDDD7C477A171C8AFC74B45CBC6F641AB53C8D4ADA5870C02379BC0470CF83DB55F073E29CF5CE5F7A3F8FD62EB7AEB1774C2C6780B9523F9287193FD23DDB79FBEA513B45200E2E0C1B51350163AC19043C600F2C1DBF7DEBA7BB9B5457BC0D840CF325EB0BBABBB786D3014370000
311
20004944415472B491ABCCEDAFC0591201CAC8EBFACBF367FE7B6E40E69F551BBBE7123E3C00AC560CE20C62436E8C3C54CC225EE08C0D74CE26148877689EDD004FB2BFBFFFBB984035373A7954EC5EE8591FE531348654514DB1D1C56411DFA2A7C212BE5ED91278F2851A432244C6822C29C85A8B320ADCBDFDD63BF71F
311
D32648E7D098CD018BC35D7FE89E250EF2AC75F96C15271602687965C844B8807C6E7729D93F22E81D39ABD62A0820C1FE9F11CFA7208125D33E96FD69E83AF6052DD32D49FF0802CD9F9DFD39260389A950887A647CCC99BAB17132DFB5DED35138FB3A060F6295AA5E195BF0BB56495A5A4A8FA440026E46A047D40ED252
311
0A441C302D240F201FB8F7E0EDDB0E12A04D8816215A0579E8FE1B1281E9F19C9900DE79842E2A7CCD48E9876EB01C75DBA0E0C8D44AB5512947A00BE7CF5DE9E1A6A6BE43CF1A78783DFD5A404E4477336C1ED8B18908B2A847B2AFE9839E891137A6673BBB96FBBA2A4B8E9373B001F08369BA11BE8ABC4302FD2345FD60
311
14A127068427D007BE28B41D9B0D40FFB7EE531FA673C8870A69135B1CEEE8D009C08042A5B4EDA314920B635BF941E7487E45256439DFE9D276295F87E698389CD49FB394FE19720412DEDDC40E9CE9C6DD605E0B719FADC416CB15AB3A61F9B5B9B9426E54F81D8B03DD950946D432B40CEDAB7BB5AF11213CBA73C9BCCC
311
DAFBCF06127C7980FE6D1DC9B4DF14832D6568FEAEEBA76FBF438300B541064ED33F3AC0B0D10505306FD370AED02859234402F6C3FED006766DDED2034D90D119057225EEE3DAF787EBF30EC51ACB4F551678BD6728E1944730C095F13E4D81A4DFFBF67C5BEE37E62A85FCCEC6CC6C7BC77A5B477E22223ECA4FCC0F87E2
311
A5E3EB782BDB25B8CFC6736A044DE5A7CDA604526361D650484FE283B77EFBD65D52C1C73C4F48E7D0D81ACF572F2E2280F98FB230508FA906B42DE240ED651B301CEC83DE1790C9FD96B6CBF986BECF3BD332C18EF627A0B6EECD5B152E02088D03D828AFFAD26B05BF671B4F9A09A8CE0CD2707F67F2A4B3BB75B9ADA331
311
C1305BBAC182FB4A79820B7EEAF73199B8404C0B81231CDCBB871B80FC41FF5860E8E108222A1A076C29E6E03B6F3FBD4F1F295DC457573C7ADED636D6B7B8C88413DDF3B327E1046AA51040B40CB50C7E3F1D2E44DAD34CFA604029BFFBE714DF0C069908027EB275F1F366C132E1A7450B04011CF82B2B647CE754F650FF
311
6E25BF37AAF65B7BDA16CAA791F1D09F6CAB989EC5AB7809BE145FA459E8D3E4B0FB47DAEF093B946FED585B80FE1A0305FD5330FEDB4FDF79FBF6BDE81D8300CF6815E5F9896552412A03F31FCDCC7CB5E32365550CD9365FDCCEC8752E943161D78047336F8AF6539840A1F2E764FDA2970999F205CD2BD1F5CF496571F7
311
6EAEFA0E1CF8FD2A55FD06391F9EEF8B9DC9994E72BEBEE1FC928E2F223EBA0FBFBFB4F2DF137BC894B8087643D64ADE6EDED67F7680FAC9060239E845FC94AE93D880F994FBF71FBCF5F66F9F32C292EA900F9C1E6F1105E81C5B5F58A067A448143842008D7275EA3BBA3D2516FDF02FF79260020D6B3C714711F3CFB61B
311
FF56A826E627E82256F7400FB387FEF23C1C1E77FD6A21EBB1B2B35F2F95E7760BE1FA3ABB3A981423477517EEE36FF96F122B942F6FB64D9502BD1B9089162532A2FEFED255028FE653C9F46FA321E0B588B7DE79FBED07C44106CC85133CA65190543004D01D02D8181DDDA5A9C91A7110805B7875B689FC3902200FB192
311
E7DFD936B37B57D9C338BD49E99E181F4E5FCAB2ABC1CA7AAB382CBC7D515457CFABE6FBC63D525E5CDF74B16378B9AD6774A58531912D232DF01BAA913DFB7D3AAFF912984302B84D0500077800D26C60A4742101DE420C610C2E92FA93056022EFBCFD5BB6B38651470CD33BD87630C05831BA864C85997B8754B05167F0
311
706499DC442FCD22592AEC2ABF3FF13F950039BF159FA9B36ABDB2778EFF83F70972B83BFD3F4899E64DD8346AA495CB155A7499F2CE39B0AAE755125EB84FD8CF8D8E4F4E9FB4B72E8F1DBCCB98B31BC4607C2CFF21C8145FB48EA0F2159F86A3098415609554DEFA7B27EF1301033DD06D274BAF6821D220DEF96FA4CBB6
311
0B3CA241C021D38E1AA76B4406B4767576166766A6C7F77273F5F395291BBA19F64F2E3095C14F3E60371827741CB27E89543857D6D96BF9A47C6A9A26057840332EB843717AAD171880217B71FCCC0355AED3D4819911F79D0EA8AD6DA31A83E36C5DC2D470295C011302387069158F6C9966022367ECF1D00BA9BB95C389
311
AE7B6105A1FB640689033A7FCCFFEDB762189103A61C3A4FEFE0D6A6B5A19EC5755A443AE78BC5E9235B047890A65919A0D2F96AA3C01CEE913BB3ED239C3E0CD8DDAB99E4348BF3F8B977B6C43DEBEFBD7721A839A63B94C06A10DB87FCBFA3C2932F8C26F88B6D6BB30C3C4E09AFE40FAB52EFAA1EC0316920E031A46D65
311
A0FFE45A673432E907FBCF86717AC04F2CD0EF512D665FF53F05BFCDC43489F150890C60A8E0314E70A06F619D30D841189CA15D3417F3CD50191AE4396543F0C42BCFD696C58DF163F5B46D708BD5FDDA5E5E5FDF9401BC4F7E00E8A17520833D1CBFF495B5D1CE037C664123EEE74737268B5D1D3DBFDA6AAD8C08DF2C0B
311
C7A737E10AAB2A7B958990CEBF556CDBEE823CB09FB344143463C630CFFF585D330CF0320E921744A7918280FEEF981161008E9FBC78C830217A07B7D6985E83F9A79884ABB5AB383B4D7D788F9FB3D867A2112A43F19042B33A108690CF6F472F8661CFAC971478757F6E6F2F7AEB82FEA85E5715941778B278281F28C268
311
AB24BDB470EF3303E09C359E9DF1CF990D8A096106E6A66C8620DDE7D281DF0B2831F20439A30D68386CE13E002F7EDA8D7806162B205D6A19AA1FABFD6B1B400EC2BFFDD66FDF7E8755B4883C043F43046C1326136680404F1F934EBDDFDD39CB58A98DF1BD7880E0532E671FA1435E9D6EA5E9071000BE8F262E7C4044FD
311
95D5FD526EB40A05A634775F32205C3D779FDC168CD5E56BF982508BF572BDA4F6F57D3304BE9EB18149461B12F760D7485891CA47CFC44909136FBF4931716A2E100123FC6CCAA6A644F25EDF4AC980B14039009BECE8B798BF69A05DC5B6885CD23F8E13A46FF0C0A986D617F001C52241801E87C2974C31411DA3A5D7B6
311
175472763D637D3E57C33B908F867F4A59CFCA7923375E5F027A983E18BD7BD4E6FDDBB2250C1529F4202EFAAF979DFFB1F2612E87EBEFEC58581EDB9AA95AD1D7C1905F7305BF8182D5BBB524D47C4E3B81CD843220DE1E6536497C0962C225F75A2D6A998303B23FC501F0B3F736EE1FF01200FC8C99F5515207C9C40081
311
DF304C0A17D06E26CCBC5B3C47459308178301FA8057C2C0AE9D99B05F038828B08400F2E3251254DD7EB8BC4853B101F99AB48E387457C96951E5DB670648BAB70A7B04FE93EEC5F5B183F9739C98952C6845C380D401B8FC86E70A20744EC720E09D35955D96A9041720196D183AC2CFE6AEA816652D0234883D788BEC8F
311
5DF2615261DB031C2381092401B48D8D2D870FECEA9C3D99DDB036C8A051058030E32190976718C89F031DFBFF2EEA3D88606A8A19BD0AE305BDFD12BA4FF46F1A0002B07137989C748936E9DB2C91F43B07E4E4D16C3779CF5A4FFE8CC981F07C29E34B7C012AF0054FAEA4A6A3D49D3A16D2B3CF220A029003366663053C
311
89B3FB1827080DEC2780076FBFFD8E39810CB0593CC68B5D9009F2D400418028B0BC6CC74067E7C9CC0C2690FBB084AA5254A12AF63543B35EB40D17B693F7E3464D5094C00AA9E04E0E0524F5C35C5EC6BA94B21AAF2440725E2A9FF94FE7A8F0E769EB83FDEB039B631B18BF396F5C13CF89ACC02C387DA56DC3B1CD84B9
311
6CFAAA37B55FE723B611062258257D331F186AC93D8AD600B4FEF4AD777E4BF68F2168FF08C081A37AC13446C859964803961928476D78F68419390D830C1935B5C2A0A22A3AB17D3D6428BF12DC373B8D464E04C0A496BB3B3B75639DCC2500E0F0B15FB6F47B5A7ED0183A87CAE8D535F2EDBD4B3B7FC762DFE65A07C30B
311
2851DB890082ADC07131EEEFA3DB7DD5CD32C0860CA83CD4B7993A175F422A8149B1C1D94C1145059D9C78A8A572A90B7C8B1E3392FF77A80C50220880FF3669004E90F101740D2B808181455A044904674E7482CC3EC85C4BCE339404C0B0BF6A5611E4F9B8157BAB6DE327EC9BFBA1B4557ECB609C1F45326499EFB90EE7
311
8F18227F09E563C9E63D847EDB3B68EB9C39E95AC4F7ADCF7D87F6752BB6912040281E4A0D8A8314E80D60470999B8A51FB1488A66A9F3F81FFA61C83F4FA6969E472288FADFD61B005E0EA4284822E018911828E868614DA0C36E11F3A051070BF2F0840E35F200E2C0C80A776CC9E7E6841C0503D0EDF15ED9AFE527E798
311
D23BEE5F0604E58DFB7099D739BF0BA5D332EF29F1535995BDBD0DE681C4F71DFE6A7AC5A13554AE6910963E9ABC9A0DB5B202225545F5CFACC942B5B93C207352B6E5310BF349AF200175D7DFDF78F6D683B7C87E087FA9B35812C4F8F13452CED610A2207541E6D659A739441F3833CD0C9C3C3DC2B0712F62333C4FA932
311
7C9CA1124904B4FDE0FE21C119776CB0C212AAFBA5CAF80EB43772ADFE77CD9FA8A4144C54C2FB2304C65F62FC3678E4F6C68F30FEE1BE8383CE7DB86F58B1AE0C51F0F055E188D02F00911DDB0991832228B3172B3E623E513FF1734FF414A611A603163F401BEA790FC9FF7FC3FD3DB02DC00184145B850D01D120424DC0
311
3C00FCEB7880EEEE939399F1F18DBD4AA54C939899304D913CC2D5CFBC55E50C7FBE4C0E14AEEF53D6843DFF56BE2D554637EA047D3C210E2C61077875FB5B40E19F43AB7470CAFE1C0D3ED3B3B4778D1DF6D4F837C08747180FE8394F2CA1E0A46B6DA62CE2B2DABEDE0B1924098580FC16B369730E9E90541D3730D47FDE
311
16EE1FFAD3419CDA05ED1F2715C607F2E81893AFC5936303F40EB776F1D808BDE393A3FA401E1C706E154C892860AD74A2949C409E28A8FB3349C764D13E4D1D3468952B7B1B35001BF41142CAD58D6011C8B78961EACAB66E9AFBC627673B61FFDA4167950A274145BF11EA17BA9AA60815C2C43AE1F648E3772E53C94E63
311
64AF826019E723069A8AA353A3BF7FB5359281700061FF64C28C10B9AF0B70B0B0D30A31CD1CFD22F68C76DA1E44558869257892363C091D313EFA46B57C3BEB252E9C6BF5B4799EC58F1910F469E25AA17B343799DB3E33CF410061F96C6D63FA91B1000CEBB7D2971BDD39A2A76361E000F5DBC1688D47CB812DD60F8001
311
AF25B328D173A9E4BAC18CE9F1F628704330741B2649B92E9714447C68559C6CD2F681919367E4811100750058809D0230C087A89FF3C80C23C4C60882E481F48D531764BABD5CCECA308DE2F63D3BB50373D630796126803C2D1FBAC148F7592881B395ED7D26B7DD38D7096AF98841CB37592561D9C6565317AFBE9FC4AF
311
7371E060736C7635E0CBA1809FC80F544DBAA1F2F9393D970D44C0615A0C6930E758B9E63AE690F73045F0C8C0731DE9CD80F718E94652383458799E02C06D328010011C7090D8C5E5336A83D4059953877EA1E1D66FBE994F04608C4C991917230FB61F9AEE183A40AB9108D032449FD1A7283DD25ED15360EF7EA9303EDD
311
C0043403531EDEAB10DFF87F5E2FD56DF0F1B701A9F614DB17FA0E0EDF6FD0B1622A81FA3D1DE5A33F551930335C353A87F9AB05C60455193448246944A232C5D07636D864CDD7A50D0B4440CDCC465D1C418321F50E1648D500294065D869559EF3C40C8FCC6C323E989AD0F0C73142480B200842802C061008B480A9954A
311
F282052B3AF67350FD0DD30D1F4075AC303A5D490250F5400ACF479656861E4C77AFF327F3EBECA4B57B6B6C8FF62602BF150744656A87DABD7BC6BED50527B2120C001A0B3718C74F0C65CD34F275164D7968148DDF259AB8AD6CA81CDA4E8819509B996A7F642D987A401A2B04018C01E6C169A8700F9DE3B489DB2BC49C
311
9B7B858A4F50D22AE15428FCA4A1EDB20C83492690CFE361CC7F8C8066FFD0D77AEE797977F468A36E0B0DFC87F90EE6348BC748F7CB73B5B9DD5C6EE7AB19ADBF6DF359F1DC2A0F9E44F213F8041F64274C0859A2AB7C37440FEDDD2F95BE44065F22067E3EA0CC3BD8C0D8194EAB291CCEE20B9CD8E02950AD806080047A
311
279F19024C837C848816719AC4A34DF8F0706CED904E8185753A458A27E4C1E37B5F30A104932BE140E0BF4E400160F320B054A8705042FFC47B4940810173F9C9E97240C7FCC3F3813EA239B745DE9F1B1F3FC2F9330374DBD1A7B475923F9A2ED81716D18D1B577DAAB9D1A0458655AD3CA7E211867AE7C702DCACCD291E
311
0F798013DC01BC326087775C0833E04EA3778FBCB8DA4687A0255CA0AD210C15661E4E92001A4449031D1DD27D327334BE830B64DAD90CBF537A45FBD4E94A7A88888E715B7E74FCD040E818BDC1BF5AC609CCCC015DED23877080FCDC47BD8EF3A7B783A17D33F3ADEB6D6BC7AD75EA7C7852C5B6FDADA6AFEFC2D181C03F
311
8C40DD8A4AB5024F0B72E34B57BC1182472DC80946789AFB711DB7F1193C03C893B0345F420246114D3EA71D04FBA731C0DAB0D3CD311B218F0D5A15ECC105D02F3AC32F13600084731A83220040019B03180634B5923D438300B05BAC80881F061095FED5D572A3323ABD83F1D37A2301A8C930AB3F66ADF7CBEFED30BAAD
311
7D78A06DEB6A87F15491F5AB7E25842B6B34BEFC12C8A159F187C64B3CBD2356DE5FBAB98BBE9583F0E3280C0076DA15BF34C15238145742B07080B1EFB83382F9FEF2239D003541041083C5AF9EF3C8944DC2030BC3ADEDDD9D27475800693049E05413BFB3FEB4308731512F13400D06F813368A0101D8D863EB3E75FCCA
311
DED124F532AD3F123F131AB46A93DF1ECE7F96CE9EB6C365C6D6A07EEC461FC919FE288AF7AE1A7D012D291EB073735FF26BBB1C99FB706E972192819B7A34BF22424BEA1CC7958AC2E04BFC8E02DB90A4A1DD04811ACDBC181037864672C78F6C0EC3073A40CC49D5E813593B7002763BC6A909D31AC86F3F6E335C9E1C30
311
9BC58F16418642E2AF6B290A34FEDC0CFEE08FCA0F56700699CB73B9C99302AA17BD516D7F1FD755A2B32B3FBE7134D3BEC813195BD355020A7DBB541539CD2C06E45F46FC0EE08293E6C0E1972176D9B678340AA1A4823404EF79B1E2347E47C35D0A2260730E0B513025DC0BD1C07E3366E9B9D17F767405FB5310707000
311
35618606F0B40C73C974CFD321B0C174A80C0F3AA54945FFEF348F5488895713E89B5C98DA501E06D8D24FF04FF0CD7ECD7BAA755A854EC6A180AD13BE094E8D5D63BFD6DFA5F5D3E4DB1BA18FD8473DC6E17FFC9832B71A2A94D96E808BB53F9192955D62C82E282B05168AA0927D54AB20A20A74800B7CC9655C8B15F623
311
77CA4C91641F9F4D0478F4FEFDCE273A002CC0A725EC165CE3A149F0333E8E9600B2C05A7D15FD831F0938DBE5D0FF13E3C0F0765965A0961C3FA86DEEB0E28304747BFBA5FCDEE44C23544F7BB7BF7A132DDE34F99E44EC3FEEAE92F667A10F7E90B0E8C6442DF5A5318B0F816311DB2E6DC6F172C363FC800EE09186BB9E
311
C82A24C0117700CD884AA42023B81EA6E0CF8B3056411110D78606EBC5AD5417B45BCC8E61EA01C4006AC233933E35D860BC1B6CB9C9CCCE7840D2E0C1C1FFC11CCE54D59300F2B47D66A10F09D8E24B71B9BDDF98FB62A3B897C53EC88D16D1FFE8C649B17BB8E760EB20B784F52F992544753F2CBF642CD3C9C70D8722C1
311
97142C567E74FB431EE248A8F3FC00377F5142144A82FFC28AC2970A780C85A7EE9146FA4B2981F3C93BCB0F3FBCB6DD3DE69C72B6073B99140DE28B8E919D9D9E7C2F5FA99FC1FFD07E9AC0965CDAEA0A945FADE52C791EA989E8E7A21A355FB37E44405D171B98A6E946DB26AE71DBD01FEF07FD378F5B4B518724481820
311
890E7486E3FCE61A60E096D577701890EE07CA5D7F2B086040749FCEF3F81972E510A86359C9BB579883035887542090614E5C4461705D7CA1CF84DB564838606CF1597E8119790D021080C935A908324EDE9F60A04B7830A33F0670CB08605B8D01BF9A3D435693FAB4FD84EF6754930640C1F9D74B052A7ABBA9F502B39D
311
A3BF6BC7514EA4BEC71D752BFDC198EDA8DFE8F32B3EF811E4576B0A2074B99B070A069F60173E7427BDF285024E35A4418B7A412914F2800F1965C4F1120A2D5D2C64400563D5942044807BE7C738EBF3034C4A6F4D70C04ED1F97673C039FABC4CFF18866E08200BB66BDC9CCDCC3FFD1E43BEFC52C317F0F5E64900FBFC
311
DA4DEE68768FFF46350E0EDADB7B34DBBEDE3776BC55599AF84E312229F931E700D04478D66A0D88D09B2276141AF0F8811C5F8067DC04C0F90929F7F1AC9CCD368488AFB965C97B855A3E2E93AE5B4866502E55991B82D4388614F2C36B8484A5FA06E3EFFA984A6AF17D5C2073299D9F12FD63826F67FC460E5403098168
311
4E9FBFC22009A3006962285FDF4FC84B699FB5BEF3736C6072F6844C15EDF25883037DE6BB7AFAD6AE164B367812FA8CFCA6FA25725D99AEC5C6EDEEC64ADDA2BE0056002032E1D7A20A54CF444E360D520A5B69816C0A953CE0434A8A898BF18E2B704588C01BDB2133342F5404FEE698957C200EF54E31BE6DF4E888C9C6
311
7F5F3F1B41F922777E7FA6332677C20098C59F762F5DFE4A23F9801A3BB6F8A4F66E0D40EC867E92DEFCE84C714FC7CE8DD3DD3BDBF9C781B1C3B549FAD2C89D711808CAB100E09700BB85240374A7209212F320CA577222A7020E7824500179FC7096C714884BDFD9499E027ABEB3CB0226CD293CAE6E0C41A6788F396606
311
A073E28CBE5CC67D584D36CA39D37974FE1023253E3FFB007A26F657FFC901D851130DDC2BF54884F20D5D40A0B7E5C7BCC7CC87B84F2ED820192CCE1AABA1FF24ADBE1D03635B5B3B53D4A5F84120125FADC36A0E792D3AD7E255792CD5241A4C84171F1104090017DA493D0A7790A7BDE6DF326180398E4B0DEADA5C2763
311
825E43E05C388E184678C88CE6422606C017F030366981353DF03A753DBF6370879F79889DD0BF75408724DB53C5B0063AB6568D02DC47AE4627B58D7E367A6000267E7840C23A0940B992DB98ED1C4731B4FB4DCFB6D3EAFB6CAC7646F0335C5031888CD74E2103380260AD47176D703960230370FBBF28813524C17FFFBD
311
6288BB28E4F905ADB4A788B40B4A6201C1878BED224DE9906C4C79EF32EE679B9F5D3B5DFA137327320643909A823F62106CB8F9BFE4BFEAFF0FC7A6393EC7F64A698EFF8ACE31BA05ECE6DAB6DF124118D1D13F892F3D3530602E3F3ED3D59DFB821ECFA3D9AE85B1ADAB9E328DE738BF55D5DFD039445AE76D0194180F57
311
B15BEE5F09C07F952F9A10372BC894CF7DA12CF6507E2A8916E0DF430C519485C55D61EFE209912D8C32866214E121611E22A0B1238DB18E86636A3BFAFD5B4EE02FF1E505F902BDF424D0516907BFC95EF3A76B6B3872769D67E25B548F0DA46E2B93DFDFD5F2B9E9EEE1EE1DCC7FBE6380DFBF38A165CAC73DF912AD76A4
311
690D2B766A3EB4AFA2D05BE543EA20B095FB17AE3F1928D84482049B659E671A4763CFA567C08824913D37F2F92F841FC244085C1681225C04AD6DE1684831682CE0D6096B56101C0D4FB3A1BD3F11FC1105AECF5660BD3FEEDF162B0D9DEC6DB55AF27FC98050BDDEDFF63ED14B01336053A19DE9AEF5F5D9E9D9F9E19ECD
311
ADCD497BCC57681922F327EB41FF681E17C1921B04FBAE371AC69E53F98183E91B84897A5DB164158BD1D12FF6F6BEF0E02847727BF2628F9FD48B6FB11DF6928C868B29590A0606F92140D0C08850DAA7DD8A5FE8A50389F61288AEB743E9C801BB67DBE0A7F64F63BC87770FDF57AA73FE1F5A84F8DD3AADDFC32087FBC0
311
A7D645C327B97D65E7A8BBA76DFD9BCEE1B1CDE3F5F7CE4E6DF4013ECD7CB60BD1239E8A4E9A5722AD9C4FAC8F7FF17B214AF8801950430639A08E3ABD05A0D94E253BD5951C885B0CE750309070555FF21F2EF83FF53F4E15038B8D8A244740A5C9CBC120043DA0B323FB1DA0A4EDA268C05A304619505000BE10415DE898
311
809DB6B66896E60AE347ED3D6DC707CB7D5B5BC374A158EDC343D0EA61C217D4878CBBDC1D85686782C3CF4272E7DCFB5E9EF628F5A95AC1AC0C6848F5771329EF8DF2BB79EFEDEC8DBEC72EB7F245287FD4B31008AB38EA4D52F2BF57167159E3004CD8950E217DDD6F699FC763E9D1A0AECC701F7BD4430A3E0303740669
311
38F883C01DE40E7DAFD609345E33570F4CE6BE467FBD7F793B5AF2A9D331D86DBA7BF98067918F9FCDD609A0384B523F4413B574B818C6889FAEFC5E7B8F90CEFD62BC2C85B2478D54DD076635BE434FCADE68B3ECF1C8708E27863DBEC352D87BCC7A92A8E135700CDE65BC114026DE5DB68275E656D2C0D4087293D43BB4
311
C9C14EA83C0D806783B40DD7CD4F19EE9F33801F55A3F1FD600017A6CD5DE607783D5F74E34680E7DAB98D99F6E5B5ABC7F7DF19D8278322F6A97FDB2FADE1539BD945DDF868EE2B8B70D9EDAA45D1BB0A5801198CF1DA891540474745BF0317F8A3703E02510AE94B084221F887FE950272D62D4232781054A87C58D015CD
311
45EBF9B70E60820A2056E9D4D619E8494BBFA68B61EBDD8CF52CCBA124BACD4A4077E8420A7F36FCDAF661E577B792A7E1B7E337C7CF1FDEBB3B49F501F3C7366C1730E793F51FA20A9C3D2E9F18E63DC277449054CEADA36DA0807467D45F8A744E1BDED725A033868703F1392BBE221158220588F30574A0B0893D0515B0
311
B7C404AD0E7F40C11D504C49BD7DA39A85A19CD7357DFC966E5D92272FF06D59CA5A6A1C8AE30E52F1247C1F1D78F81887F9F3E387075B170F9F5EEE4A7F5BFC69DF02FD8795FCFFAB472E7C88D563DA514861B85BD41594A75F5E866BE69471110A9F75C8609C7E6BF6C7C727431EE3E9E3773D2378C25226E82C08104A57
311
ED273FE0921D6990E02B006BD038263BA360355E8DC446A380F0BA35FA9945A80CF60DFD54054202F91897C241C147D59F8E0FC67CD0F2BF377A3463F8BBBABCFBD6833C57E214AC3F5AE9C2FDE88852968F20337972C7E04EE5658223008AE82D93BC37D8DDD900BD6B16EF221F0D4149045D740A8A215D4FC186C658E019
311
94B8CCD317465828704BB630DA2243B3B4ADD3EA554A97408454148C04A1A0CAAC2E04033C04073851F54380E0BF2DFFA43FAD3D6B574F2E1E5EF6E5F4FEFBD1CA87C161FCBCF5C7AAE2F726F814027BAE10F79BC3D765D61D1803952210A9AA07F8C6BB2105B61145B324F96014EF223D4A9261080239F03FF6F4DD4975C1
311
83B887E081F7A467A25EAA0C94028FEB808637768B07400A8235D4EF33143253198900E079E3FACB0C59B00F827A5785A6FFE2FCF0C0E6F1714F11CDE5140D931D707950631F3DE877F300002000494441540ADFB08704E252AADE1BD4E8DF55796A32B9B6F17737C67702E5C638682737286CB0E0A89B624D5BF282224328
311
48C9AB8C07170C97B814FF492A61072407D638006F7C8400860444C01B1930A522788045633DFA9507267A3A42BA05925BAD705CDD3792FA23C1075C6EE768A673919EB6C3FCFE7629B7310AA794CC9C0D14A1FB88F95C845BF22543F57996E0B26C9E4C2ADF187F979F8A55F11B47BC26594C52588518D25E6C2B1CCED231
311
EA1B748F093E5726A21A54C91EF95789041030C20FD5AD68613432E19A4D0DA2505B6BD843516E10BB00AF9AC315EE9FDB39CC1F9EA59CD88F9CD071D470C86C4647FDEDDBB1CDAB81DA94034747A779F4CED497CFF817348F69F52E55490840E48840BA72DB71F3E84F6DA2F4717AA928F153DA6E4C7E8E00363CEC9A2E1C
311
8E65F298FC4A52F087FCDEE5CBA38A80CBE11FF7BC2AFF249203FFAB77A128A001B1987BD334AD9B901890A8C2005B6B248196AD09C0025ED841325B31845032E327C531C839E66DBAB39566B631C2FF0A1DA5A3CC47E665AD8751B47CFE33899DF047C9F3C365E3B11278D49DF939298E09002F6430F9958803309827A7C7
311
91048CA070061B7E9A64C557D235F83EE24822E5EAB805F9862F20FC58F483DC0EF02181F572930205107E00E523861895A2811309808F2B6C14B2AA579E893753C155D2F54302007E9FF36AC5FEDBCAD47E182D91A73920CFA5C18E01F8FFF4C3F1FF553BCAD0E58DEF85DD63B91BE38ECE1A9FFC4AD4A1FBA30D462C328C
311
5A0340DFD393D3D3D3C0659195C96990F391EFF4175213BC74C020922D4830FE215E76940962BC0713A3B82784C0CB6623DC40D6E1485BAD454F6892200B225096127FBD82D2B12006BAE2E329C771E25FEBC0DAB3B5395289D56D7A8A89081B34EE06F80F819EFE75C67DEEE95D227E283FE98A7B9F1C97D2D05B4D07A469
311
153C3DA3048EA68FA667A6D90E291C7D7E2D063E4D044964D055F2DBF3E31BB851AE9F78A0A7314F0AD24901F581D74A6929142039C65AF5830D1C809536CDC05E4BA51038F79D713DA930CF18BA3010E385351CF47F74D439BCBC793556A1F99814926AF12835E251C59BEA3C083EC2B2760FEBDF4304C9EB87B35769E1EB
311
24B648542CFA4EBA9EF93CD42F03C08F249A2C98897D8E2225E90077823F4A52171A61219998CED6FA050992B6B0A74A2220ED12123004FB977084208F8E2AFC80F456CB110BCA647A3A0F854085D84FE0052BE31FFE7F925610BAFEC06FC33F9931BF063F39DB3D1BB20EE357F594045F4226131578582CB055A59A073AE0
311
413989D215019B6EB8A21CF154D71164E0D8F4E730C2CD382D098DA5261456A425643686BC8301710F2C50665881399156AA2B4C3191BC555728384800CE10040F746A3D8A80A5F0E500A93456FEC52833BBB45203DACCA37FE1D3EE4B9BF0EC27ED47D89B8266F11EA2DB8B5A8BB93EAEDF0C06B7AD0402B9EAC6E7873655
311
35AF19F15158308A9D9785C1BC1C01377F8C6B4D07B50DAD25649764A91DC9812C7B34CA98184084F7C01055466B48058CD44085AF26648520C85C41C67805462D8425680425559F4440F3ABBE1F3F81B1EC72708767DDC8FFB6465796C8FE310FEABE0C9B242A74137EC3E0427091967023299BE5D6D4D0C6D15747DC2AEA
311
4ECC57C72856E827D33CBD319D70FF854369EB841282F84B7CA4881447ACFCB257E252E00FBB3272120A75B99119840858486615636E0E0334031AAA8C08A62E080053A0AAA4158431EC727A084021D41CF5D630C94184F6FE7432E8F5F9A4FCDF3EA7CF136FC2988093F98ED622E38E4976E1BF0CF49D2889E6DF3566719F
311
E1F9B47A2D3BF89C69155DCF24F88C609EE551160F0415900B4C48FB013D8900A9192A700748002924771A3686A0A580FE4009E00ACC090253E280B90AC15048E047020483A038A60ED232831F2CC90498648690D960C48E439F18F4DDBEB0B6F5AC7B7B89F6230243B4FA160A7B9327F3AD5D937C8BFFE5FF8B3A5E64283B
311
EF8EAB9F71159514CFED62DBC880614AA1F7994CCFAE7D8C87057F451733699B8DF87056E1F0654B5021E38097E4E23221B810DE20559AD183A61C2C88A648DB096081E9801CA00BC1DA0124E08DAAC15FD2936905CA8DA1C40E42B13F1764E0C4015EAD7F8BFEC99A310B1B7C0BCC7746D3C0702759C89EAD57122092122D
311
1F857067684A578F1DAB7EAC400841F493A468113282FFE42316CC74C756B1C880FE78795C692813CF4644480EE9B02991BCA257A71861F00666D9410288487618D120D0E80D7773E2B7DD180E100EC98B221C94BFC4FF531A09B986230F1CD08378A8E4D0FDD7D9B1BC75F5C12EAD7FF83F3ED19EB018620303C217A6A35D
311
826E72ABF2D8E2BB1B783F6E48D2E3F360806E1D192085D022103473A10375B63853EC54F500B5B064DBC20945B88160DCF7E4F83A0200BF6FAEAC88E9F54D22D898E43F378D20B51B5D6B1457000922202800DD401A9266483029C0D6D57ED80D42A0E6E08835F0F3AC73D7FAE6D56185F04FC44472B854EB7D9CBF7134DF
311
3DDC35A9F6B38417DD6F508B37C1A718B0D054124176F7222F62DFB327F34D451799D56216880193254FF782D7DDE26C271BF38C6E422E271CE4AB8823C9510F021126A7A944E00DB4031D013C88EA0746C96D4574069BD5439C4110403B40020C30B07A604F1E41D19C21A93FD9002DFC35F23B1E7B98E95E38387E3603FE
311
7393680410D702FF9ED5A3C5E5CE68B5827D721FA78F3A9A0C08A79722D9C9B418F46C0057BB1640C70AA4A03D29CECF33987596D53CFB27B32C3BE304C540E14BF8464E080918268D254838C91A01F0FFB99154FD8A9C0495EAA6534A6C464440B4A71E16100E7405088122A35F7A511DC003D002E6C8E7E15F6D1D2FD090
311
14139EC11FDC89394621F77B9F88EB5A583C41E2FEDBC8F82334494C0BFA97FF3C3A34ADE60385B60E5A30CF036E5E75370BE3B83AE73B3B7DC0BB337DA0045299ED0C66681E4AE223D01B1BC3BD4C921E2005FEB5114739040758189BA8A320067B62A3995E4720055065AC2B4A8006BF8CFCC907C0063EACE41813C5F017
311
065AD46CFDC6FF1BFEE052932CA3478C8E5A6F25DC8503D40F61FC1B047E4DFFE8E84407C81F1AC7B5C79DA358551CD0D13785A9AEB38D6EB68A0A8087FC6543E7471082873CDCE5CBEA1EFC5CC0579469E225428E9A43D6A6000B4219DE52E8DF00A55F4BF5035960661C2DB88AC1F67C2890A93FC420193C8326409E7B59
311
5FBBBA9AE1D1511B3F6D65B09AC10A71C2317201A603E88C56CC68C91279E83F5C147787EFE6C675F00941D23EF092920330982DF38C65EDFCA89DA98E8ADDECCD77CB86D85118F3DD9884820B1128010D02F1060F582871CC8FF42024C02239273A1CC3BF71E770DFB7E96081682803188118B50310BD620234F230B12711
311
B063E0F0490FCDA9248B580D3D3DE944A30CFCF2A1E0F6E59E8FBEA289CCCC943785BB8880ADA9C2FD70F6A13F5418444E3A669273C006C4B4EEEC067827539FFBEA9CFF04D84E7F170480037005AAC8829084329899F90B5E013927F8E646514B4824B01D11F72C012CEACD163B6358A4454A4221D06E68A71062520649BF
311
9E9127D0772D6E5EADED52FF216BC2FC513C7D3C5CC4C8AF009811826AE20203B076A2AA66D8D32E317DEE0EFC000FCE16D9E0BEB17C74AB009256C5D8AD1CBABBDA61402612C675FBD72D07E633B1A42F2421208CE01397560811204306617A5141706105C9F4984C459F2D0F6C392FA05BED808512B0B9A8A9FC6CED8964
311
0EA347D31F0DF76D3D9E61E800FE9F7601BE4C9614A1C58E6C839F13A12D0EB426DE6386B82369A9E6A7F1F9146EB578A2EF4289AA109B4F6CEFEC0463E0072A05CC9DEDEDFE08407B173B8AA65399C80B2911252E6290C82CC1B8909140C11B7AE161B42B93905045D017E00CED6D27AAA15F2C2179F1E83D411A7020B940
311
8D202381E7E5DEE5A9E7E5CDE3B186433F488AC81554BEC09BC579018ADD1DCB3D9D70F02B14BF9159A4DA376225FE43DA224FED327941705DA582B2FD1BB5DC0540667B650BECDD1D5DDFB0C7F36DEE2B94F6EE2EE4E426F20A1174C31DF153321A24114C4FFF25E505475F6906D4149B21F1BD9D9DF7B059F8E0FD83323C
311
B97991FE80EE131A9003B81C491B218B1D42C0C0D593D9D548003839DC29A740298B0C23F0CE14BB167BD61989AEF0B985C8FAC8F923A73F31953989F0F6C96CA6C4D0A9A88184BEDBBBDA3BBADE77CD8E2FFEDEEF46184A86671D7DDC51417477BE9F04804F305AC82C2D018A21EA903866A0F959FBD4139916D036635EE0
311
3DDB7408BCF0627A03027AD314C09B0A27F0A79490D53839D0DAF1416995CAB24101FA63F75029D57A4CBBA9FB4D120ADB17FB5A999FC9420DFE04FA670430B90FE7F589F7FE8D50A4B5F004CE5F07EB4EA007F8AEAE8E8EF7DB3BE2F81F42166C7246FA9E62D02C8209BA1024414C483498B50229FD923F2414040B208139
311
0AAC353B5283EADA12A30B1080866D746B9ABF5BC107F33C2A015B275480759334B83AB02175EFD0DEC785DFC505E0064F4EBA5A97073A74C5C9FEC97BD25D819E28AEE661FD2732B8BBFB1BF13441B3C1F45E8AC1752BBF80C113DE960E0AC7D9D02C58C80505A19BA0E84B14402601A590A4AE00A825E98C3212342302EE
311
10FC5100681F86834A2804BC409D70270A2091DCE874B16BE0706C974EB3D26EFEDFFCA6C4579AA4DB781708469F055532A7046C6BEB0CF39F3ED2EC4FBCA3D00EA91CA68FD2B87B5C191E0EB2C300F00A1C9881F263571C6CFD83D079D09F176FAD839340CF030F70458F81F09AEE1329505150CA0A00576B56C06D58070B
311
23086F685E44232D9D53DE3FC3731044F286D19F459351863F749F1104198D6E14BBC68E17CAE70D7AFD958E350BEBBC70C9C4DFBA075240DA27D40AD7DB063A097DD3F041EDB3E4B682A7A12A548F3393DB01945547175879989302521EEB1431B08759B632B174E0F700E774FCA1BB83F95029ED1A084288C8893520E494
311
15E00DA080AE8027C34206D35491D050A4C6B080F6A20889A2FF82379AB6234F6710C05F9080ADF002B9C9F9C583AB220F45D618D7E7F7547FB27CED8A8B7A7D24EDA4988B0C1C2A1AFB53FDC61BF3DE50D63C560F0120B0372F0839DDDAF13E583B868717C1CB8CC71D1D7F440CC82184803144196EFD58BBE00B7EE77DE8
311
C015942357FB06FC906A5E2B8882CCF9FFE184B0035A5CF186A962A63F84B3AAEE3D5A2C830008807568B6A9F424086D2095A3E262DBF124350082C4B5DF4704A9D2C93553DE47BD6766B69349610716999FA25854F759CA9792599D3837ACF6247CE8597B0F960FA3EC45B61715050260C5844FCCFEC9666BC71F875B17E3
311
BCB4CB151405D7D08F846B4CB952248B4603CC402B609E90F0044A007FA800EC46D07A51232B00E5683C55D5096E1374DA4FCBBDE2C25A5B8D26008227CA7758033D7D70DF12CAF7F247939F93F1CC63047D63ADA0B7CC8771B234D8095FCDB577B586D1834062035670E204B245EC093FCBE15626C10D210CB38A13F50E10
311
A0D5C0814B0C4B30AA9858516001669002229618F100767AA3D6D2528595FE7A398C2D2300ED0013A0AE60B91644A057327BD3C36BEBF48C91279B45F8BD145494674AFB211A91977CB838DF35DCB3D6D6AA2FB2784B591ED785DFD7DB77747DAC9D2F7674810EFC2895F9ED8007EC7885101679C06F21E4B1C8A6120956F8
311
0518D1DAF1717BEBFB5803E20C6F2A11B2E48AFF4AD2810A70054623E341B3D1ACD92DA91150DE631EEB2C28882D092049C0DD38E262A7BD6F98549930C9D44B7C37028AEA9F8C5628A2BEF5704C0DCB2B428181B1BE766F43014498D2E57791E4C8DA6BD2ABF5003F0C40202E2E32EDFB02852D16C30B7F646B98FDF86C78
311
91690043128B0A0DE6B4EA27F08C30CA34C9D0AA0852A5997F8D11A6EE84E040B20472020256F4AFEBBB74E6705A12083B249089218E6452C8E5A69717E904A3F5EF3D5D08EC1F4D4E85086B238CFFC11AB9AE972CB775616C6D1DE04DDF073B4DE3747C41FBAE6072901CAD0237100670C5A00C2C3CE063610ED824826C1F
311
6650700E88C00B62468903A0D71D3A390255AD7040048348C56C4647413C2C2561216E0C469203EF06A5B101AD40D0E207F78B124747DB5B4BBB4E88B1C373C114E0470B345156EDDBCE1B4DBDF81DBC400746B0B54E05F693707B89A5E430982C2AC7D10DFF11D5B102B9505034B35D07E8E5F585757F088B390F2D4C85CF
311
7218E8418BB4F25B885053D07D5A908326809F31D6CC6B77CC948413B28664484439D118DBAC27DB5AC40C1AD166F25E6A2F0AE82100C0BF220405323E1FF80DFC518CACA8DE1003F3C9FAE9C7B2D60703A0004F8EAEAD2DE0F5485452D15B77B4B67F4C2403B8D8F9C533558ADE058A9E177A1698F75DC0EB4C800F74C027
311
0178C8579C1FACD025F0560844502D2BBC01E620030CB93636C1041636A693949CD80139FD15BE107F905590A292840F8860706D07E2970A2F15E5B13B87C3143CB2930374CC46A6F9B9D7A5CCCC14E11B9E879A49FBE27ADBD6DA82410FBB94FAA8487D61B51F4BE0A03FD08743C31020D6628ED20305A22C2C2FAFA7ED1E
311
7881C438AA5B9035F20759E243C51F34D0D5F02F11403B9E204CC1686C0B6C9000470561519CBE1B0E4FBEAB37A39EE4B84C05F023858779341991F36D9D9F351E7BB3B5ADF00148D9D05784F9AD8B037D48C01BFA83D4247F03BB768BEEF973A14E610090D4B96B1EEC5C5E66928F28EBEB6CF578B067DD83086081579848
311
E60DFC7684044D8174993C39F886043481F6A2B743B18749E52447CD4D230513032D20D20206E536E15BCF7B7D211634F98FF9986287F33F9A94615A5A0A7CACF8DF5DCC1AC6EF9AF1945EB78E0A2FED1DA2ACC00EF983F9A012260BD722EF61C9DBCDD8719703ECF839029010CA0B9F100B1D2842153E01A1A3837AB57951
311
6A31982FD2908A09100DAE591016CBCD4B011A2F4DE299E1338CE065DC4841BF9895D8C81714800CD08F5AD39601BC929B55D291F6CDCEF2AB40DD5D98F4E6F107C47AEE4A09A079C05316F479DAF4C2BAB83221BCC0CE23FE3D3D4C7BC9AB673D89A3677D6020F6E182332028012FA0FBE0B2668FB85485902A8E7FA0BA21
311
05C213E20BC2169211A4BABA7D693C3F1DA961F203694853137073AD5CD25F1C017DE0477626D7BA55B88F83B5EE513C41D814639FD1BF759171F4577D3CAB0C3DFF68B2D3B1F8478C18F67BEBB2598FA76A4545E9E961BACF657E0791D2373030E0EC9FAEDD17BEA7703A738185D08236C407448A4CB504CBF01FF43859D3
311
115488EA01B55078000DF085911805790DE1B41B6F8CB2889C3834FE02AFE07D85143C6C008438A944EA63E047023A7EF37E13B0903AFEA7BBAB9579330FAFDAACD540022980B65A75FBA17D388F1E6576405CCE7032D95BDA420E7DC0EFA320879E5F8B3B04C1D2D9C1114210C19FCC49DC6A855E12010184DB8968109ED0
311
16E4683CD552A36B3AFA13BFC2114068935A7E774CD2C7225642B73325938052D8634ABC18DC9442BF9E0402E85B42F9F3273672DA8E8F1070405D1DC3248487574CD98092B8B956E6AFE1566530B78FAE05B4A0DE51FBAF85DD075C7E11939F80E015A58D1F87E400CFFD2306C4D1D3C634380A201545A92BE01F445800BE
311
12302AB477BD6F62600D211232EB061448A0D2B877BB940D63D059C37E0569A83DE93E214F4BD86209FF6F479C640AFF8AF6D1BFD987D029A94DB7C329B4184D4BB013BF912FB88FEEF913071A8D82B651BC10DB067A7EC52FE1B421883144C00F64FA23A11CF708BF16CA59F18D4C04B8085964B2D8DA4A855187000BE440
311
BC816FFB13374640B0EB1D0998AF38A1AEF503F14302E2811081FC12EA6CD38A63B33035125F40F170C0B0AA45E9FCA38FC6D688D48563B5C4B4B7C359D3C7AE0EFB16ACD5E2FAA47EF8307044B4EBE1C71E84E742D81431FB06B90B600B9C239E277A57C94C427EE10E7826980C0136600D916A06058CBE8604DB4D314FBC
311
014EDAACD0820F14BF75449B70339490FE5A0491221BF95F949DF1235380E969AABDBE2D32EB4403D3FDF17F42F9A0A7C28ED75BE86BDB7C7EC80C76F86B8800F77B305EB88F00A4352E0F8089EF811EA02A3DF08F7DA008F803BE4B4EF5F41E56087099E920708C3D720916444440FDFA013D4E1201414123A09290F5BD7A
311
B729298209C4306D007BB0829FD4EC3A6D7E4F00B67DF38CA0764F832F0448E58439B952CB4F70DF964AFA74CCFDBABBDF273E2FF4F56D3DBFF2A78D42FFF2755DF307066497F44062AADFC0CC546F6DCCFECECFA232E14F408F05477D311B683A35BC245FCF8A5CD2AF20022C21022266905A5BCC8B20235D6FF04019CC04
311
058AC80023662E25F342063165956320BE50370F2A657BACC817DDA3DDD3EFE04028645780A768FE38DBA88BF2EF3ADADFC7FEACA952E5A77568ECF0C971DF32BF1D24F8486B22A649EC81B1B60315CBEFC026091CA45F858D7D04C1B437079431E63E38F880758842E780A9E03791C0FAAFE10012588C3C592FE35461A604
311
7802BA18686887023A422A49599399893103942CF6DA53A8E387825FA0678B261F139F801E2B17C901D0F5217E07AC2401A87D0480F753FBED44FE949C93A1D042B879FCE499B3D861AEB23F9C1F372F0C24D0B7D6E70FE1AAF60F84BAE642D82F0A9F53E22783915518494FDBC0AFAE7DA282E5050B703570E06319A015E0
311
0D693A6BEFFAE493941C3B08C13B96BD20D0115A9565701DC58568A3009DA13E965765C03091F0FF339F7309D44F6E61F837F1B1FF920450EB8FC48F9B40158BE89C81A597CFB0DAF5F5755D3886DC13D4479599B583758CBF35663AA234F133F91D3BCCFCE0A794367F385C59B19431780F1C099131384056616E15A1563B
311
50021D369C593FB292685A68A8B2A50A0A2085CF05434617E05FC24A6B077B990014421A68401AC4D65788EE25F737EB780D08A6E38F060F2ABD889E1B889C44852C2FF368C1E3E710D73B6589EA83F7417B341ADA1F639A23D15298F087AD0326410E116C3A1B325218433C71AE62C07C1480F1C045629724A076A4BB8D62
311
2D24690486727F56108D07046DAB065000678E04C4F8C342DE27F4AC102D854F2D08D59B4ED0E4F697B0FF62F113646BC5B7F3131D4EA8BF8B265EA3F2026E7061B96F6DF3D993276B2180B8E57067587428579460551049049B074CF8B1066C7E14C705F0B39298C0997C17F701097023BAC31081390196801FB0C2A12380
311
042927503D5A01CA127F9841B460310639C674BC8CDF1A320501448E0068905B07F6E5602F8C1F07786253438CEC51AE61FDB25FF71B09893AC026A9EAE3F30F369F5D5EAEA5801FBAD3C98B38C13EE017B054F81A56F05259DBDA64FE270B1FC4C77200FE276FE814B916E222575ED717A62A92956504605268408CFE13FD
311
61F84252228376060206802B9550F00B9D47E6AF1022538A752CF4FFF1F5931384A9FF8700EDD4FFA2B93FCBFABB3EA6C607FF714B0B8B04EBBE83B52B246092AB018C0D0002FC490849F1E214AE6FC42009D6D86616C835B65DB9862EFC4480C14137603C3089D0A5588FA27E693DD184131BA4E88C35045ACEF1CDE1A823
311
23C20B842F2419604821196EE8185BC834AD44F8E9B7549A32900196E9ECBBE20FFB4706861AACADBBFD9B56A23FFD3AB8BFACC18B1B5AC0ECD7B6AE2E2E9CCD2BE8AF1B1BC3A813B94107E82DE67A42E7CC7D4A6116700B5B2EE3C338A09B840F07C40A64800D7C605AC42B72227C4C7020AB1F20056E26F542717F565342
311
61DE3766AC10A6ED2D006DD03BA9DBA507AE0510A8B385C92363B9154167F1230C40D76AF6F3BE0CA08F8BA2FFBBCEFB09D0986550E0F0EAE2F2780CDF850CB0F88CFC2815FE87BD83909F474F45DD47F1C821DB2107A8817FD45384F57891B65F2543D0C1E20A89B4A8DF806862AC27C60F6A054627FD344250718AC0FA21
311
CDC4E28DBF2650D1B39D8B8A420C348A4F846E2BE824BF8C45E1DB8EEB52F576F47A75FF95F90FCE0FD3A7A08D48D5B9AFBE3EA658E1676FE3372FB57F0AD8D70ED4AEBA3D4C2BE0AAF1C3AD63A6004D12900CFC481A47430C9EACB390038642C8C41B13303166614210592736B8603AD4FAB17189DBB32F3915F0C380795A
311
089A15228460BDE8E52203527D41B5470901B088D84FF8B3FE2BA7F4FD30ACAB3DE0B7E2FF95807AB0010FFDE3A048F7360F9F3FB9380EE537F16F8673131325D3351A3F664022020811A0FE8C019CA17370725CBFF64132025DA1BE2555102212E80A907FB43ED80A991A8AAC183932C19AE17524B06590B6AD286EB99BAD
311
18FF4BD64BAB519202F992A963648ED30E7521F909F090C0213E367A77D8836BEB6F34D92EDA624183070248351F1A079E5D3E7A9EE81F2CE6678F92E299EE312B6C0572C0A7B5EEE07853612403813152C7125E2022A20C18F855DBAFA399817FC97FB6E1CDCA31D348434ACD0012F0D32A5456B4007E6E92D72B1A4E9971
311
223A42C1042819E4049C0C5801300C0013FA48F8944FBAE71DAFC27F1826FA2304ECDF3F6C10FF47D5C7E49748DDD687DE8E91C09394EE0682A4F84CFD6067EEDF43E67EA46CB2F4070160439245F00343D03BF25D7E2F26FC400A896DBF19FB8D4D0A66DA669C3D608F9CD048A0533621B25690EE19D5D15248E390F042B1
311
2C682511B02BFE3E5700E4C9A9B2107A8F45248FA48234FD23005ED1F4EFE80D1320836F04003BF42856D478D1DCA3ABEEE3C68F9F30C3A16E5C238EA5DE3FF37DACC2F8B7980033F47FAC34421EF0418A045394802CE032D61C70023D788136788613887C0011A4EA316E005718AE191F8D0D841B9C679CD2FC478442D005
311
429166F5A24403B1E6ACF3298F388B6D0BA933D92339D48969A5C11F09B4FF017A9900A4F887010C474717E10F36468032FF33F4AD610517777104CD920C3CD15FC5F3B3A0C75BBCA3B00F2724863C10BCD4A0E00736C7981F2F72E4B001438B99714FCFAF713A2603BC710376A1715FC602022202E06FDEBBC680A3DF1C4C
311
095A12C50B554FE7623B50374FB2129DDEA4C392C9188077658C87F55FF92FFA507FF03FC8DFD3F31BDAB46DD51AEB03F7E1B38B8B87CFF47EA1479C3EBAD5C6B382C221C0F1B358B39D76D9D3142C4A20935F541E492E0EF081BA41B3620A8E172B584EA1485632E22A8221CEDAC6110AFA4B6D43E2B76A18AB240BB24337
311
721C9321D2C033B2D3E2641A55A400A28403C12D1DADE39AD23FC5FC08C47A64DC3FF6DFF76B5235124022D7E6D6D5F3CB870F9F31C96FE477FAFE54100068A3A87FA5908A2C08011CF31309C10025B089FEF9C510522B8DC07C30AA469841723A10C08E27F00F7FBC181C083F2809EC3B2B328E294AEAD5A071B3A95C81D2
311
DE3F930372D022C9C793535B92FDAD5426E90490C3C81D000017C6494441544698C416520C1C40C71FC204B22448FD9303782FBA67089A1A7D4CE38E89050FEF5F1E078A4DCCFADA058032C34C1CBC2E1202B1F8962B1A8024F0EB7A11F209E96FB369D4B64202FE7BA230AD24C46413536EAE955B341B726C593B5D4630C0
311
BE822480908522B0D85430230352618DCD4F7BA6D568BF4343801480006658EA3EDCBFFA9702B4FDE9022163C43F9B72B58001A23FCE6F0B3FF0E4E1DDFB9801A6FC42FD0132CC1F2224F89933107AD30B6C9131A53818AE944BE25A70810821C38F098411980E46D108F483DC63F49B91B852351604091D60546702F58A38
311
72A1716411B642C7629C267E64E77719F46B0548FD6BFFFC86A38DBFADFCDF700228C124C8664FAA02BFB1F92B09800876FCE4F2D1C3FB4FD0A44E0106A8DB8079751CBF0BD9340066C3D52BC64706467C05B5A54401BE4A1B0132A55EAC1CCCB10D378A3DFEB9812022327745EF2102886A9142C812A1A2C9708027BB55B7
311
006357459F9C2080E0BC34489FC629510F3017B62D5073E2A2C64048A0A42580E413BA9E08274091A398EA80B5BF31C87BF5ECF8F1C5DDFB4F22AAC181F070AAFDDAE5650C4000516440D8806786D874215149E69ABEC43FF0EFC820FEA112B0522003C84BE03FB76623513B6D840820358B084119B0CEC8C00AE888826339
311
A54091F5FCA513AFE147975BB1A86FC50618D9D74502F0C7C8815AA306602FEE3A5E79E0D7DED1B221001118B73182CD439A092FF801105D1AA14E1918EC282F6260869D55108065988BD67F68E5581720A708051F7C8070F582389C682BE53F2AFD85853F2A013D21564028E06E79B7A71E43212180A81541EBC88F451E02
311
385100491AB0C4A3BC5309A95911E66D04C0B448366988ECD204C2FC930F8CEE8FA410EE4C25B58DD1B6EBAD83F6196670F7DE635282C0A56A851AB035831725F0471A10FE52097089C80495804100318405F0DFC2136004B4C40705EC9154315129205EC357930035688F61AC02188250CFA9A980233925F16A117A48CA54
311
DAB6400221976B75D863330942E20EE3B00B08FBB71AA813B0E502FD2B023DF70114E0D7DF2E2EEEDE7B789504200112075478F2FBD6897835C91F0C20782401E801A2F9142700B74805703426023A81CC0BE88B537D0003E0C5181D29EB8D83050964DD2580910A1E7A8138F76253DC01DC2F3824391AD748276C0B0CDF12
311
366625D038603D0003E0266CB42704C8CE7FA7F11B4D59C0BF454A78F8FCF1E50513715D469607031272358F04E0003C90107223A581218F10008B10247CD20D860FF0BF48801040B361808148714764028EAC137E871501EFDD97C89B52107FF1235B0928C562530082573CE137840EFEF82A0BDC602736C595912FBEC69E
311
6A3A26903B3A300C5A098A9E3F1810CDFFBA019D97B4E7A7A075850F2E92569BD960CA7B8304995FD006FC4213BB1448A6F4BFBB3A9F9FC4962D0A1369129B10073771FEDA38B1737B663A71C088D8848027FC3008DAC4E4397A6F76271DFFFCF77D6BD7F1F67DA51E0E08875A6BAFBD6BD7AE52CC04A0B4A2206F650EC412
311
841A48258258E8662C3838FBE21E25172C2A15A4F78D82DCF68A005DCF07047C183E1CE47731BBCCB5469D9169E0D588945BEB637E87802A03D88FB82486210D28FB3B858D13DC7CE75F5E6F3B03C1744D30CC58C7C7A256146853A05243060B850072A7010CA47CFBF9A1E24F414037B8781E8E9F219A774B36481CB43E48
311
A79819D638C8760D672FAC19FB9D3FC5EA9158DBD0159C27860409682E8FF2595652FE189D2CC2D7C023E944158355806FC320087CC74116030CC376C559C098B93A041C5DDA48AF33827D2327DC761D19C17CC62780D82A170E6CE7415A5E7FE825E053048F88D2AC2A561CA4D4C60098DA28EF1A01382772484698F60C8D
311
D24BF396EA76260542810A625978C03580A9CAB91D10249BE579B0377A3DD15749A45F24C4D81FF3D7D7996F6A1690288008C0FF6CC186DA9D5FC95BB09B1301004B016E707FDFED306A1BE8FA208828F00BF342186839839F1F6FA338DC5A0200FF383DE92614C03A4508DA18F4D85F9354F7E867AA77A42FF49BBE6757A1
311
A7454448D0BFC3C220714FE43A3D8F1547BE10F0BC5A05985AC3C28829A06FE24CD062700601F4AF12AF99099B08E7071DC4626A97C920C3FF96E190C9D1FD7CB6163E800D79E5F3F10A9306C02B799E80F1AB380E0571A584C0370A220C3125000B500900D96FEA40409F980E2083E4EDF4D8D2480AE5667222E020BCDAD4
311
EF19682120818FE18EC7FD6AAD67C03F7DF1955E697456F517AC4F24700C30171C67E9168B109A4F60AFA60F98BE30941BF776DBC7C70792A2FBE98AAA97224F8BEA39B47BFD14A8CD03320DA2B676E3AA397E652E30A42CE2987B7DA1EF7F75242413800A04C0270C62A13372400B435ACD84B8B5009208F5AC73EB149FFF
311
3508E21C2201E0338BE07E50EB47E7FF6D97724A601028C5519073E7978EC88834410450E074DD58AD13A4900103A6444A9CB99103229F0EF8C0C78161EBC68137240734CDCFC349807851E0EB46CE864D2E405ED341B71A390CF2DE20CF5193189E1901E866D0230409684B193D17E2928534D04240937D3C84477494FC5E
311
0FE0B448E35AFC19007926C1C6A6E622FDB8A12E30993C6710E070397C4B26304C0AE38218D19F01FFB15BAE1C0E7E74DF75F2406E373C414E848FF8E500EFAF3C1029C9C0ADAB2313A7426CA9B2C1B9E30032C84EF31A09A88A386F136E8C2F1D582EA0459207015F10F1F001F0B1B7DF7222011EA2001F00BFD36BAEE085
311
0928B08C077030FE3806C880EAA74BCE0863A952812E6008B3A89199C1EE918AF96AF583F1A073B0A355B9D861AF1460DCFB3BFC6B7EFDC834B09700CBED3510E48DC7129041C991F06BA5006CA6B5B34EE21501374E8DFC910042036111EC9C7CFA1C05D48A7270F7F835BF04A4194DA4CF76CEC66718C84CD020D04C412A
311
C848F03E3C61A1C8D50D0EA6838A00376054D3DF61A0E393E1F8B058A6C994093476D601A4A06F0CFD3C0A6BFA910E75CC10400A80FDA93AC9B5EA4303F6C0D188B559086091CC5910137772E14F2376D03181B5CFE74C0EA38440D0AC256D6C4D104CE05302FCC00B60B9CD4D71E08BD40C144A025E60D4C1F45FE846A210
311
5D717EEA84808A5DD90A168E133640311CF05DD870768683F5D2F1800F485AEBE5CABD8FFA3C0BEB33702493AEB551B1EB035EF5C8E5757FA7832141F88E8578A363802B560007AF93D7D470B478C4D00B412D634C9140C4F9275C00DCE8DFE3C7F8C0AFBC5B2CE82E3C3BDF393D4375D50C43CD1C17E3777CD2C170725B7B
311
42B41DF15BFC344DAD089C1E9118522B4A2C60B794E4E8F33081BB7C8CFCEEA0B2015E49D586429C6C78646180B7710E06018A3082243C275F077FBE412C17DE80D3E6B9462C5204C5D980D1DF84A864401C483CD01B143F4A4868087A0F780F37230200A4FBF6AED325114C367C22512750A5C7C3E32D545CE20A0904183B
311
A10015DCAD89864B3E1EE97EBAE8B204266A48E010511838E2FE413FB116E60880C2D8440AC3880DDA6DF6618C138CF1CB2A09637E18D00F80CB0DC05322E31EADB8081C29410903F06BFCDF5AB46024E4A75828056440503C707856EF0C037623DD4922A400E8A6BD75E4D2800905F18450A00CEE88860C8964C7B3F90F56
311
528BA18F71CFBBBCD2D05797E168FC37DB26DBE0DD2EAEF39686C18440820013C1444055402A541400DD362A0A402F1FE51246404E098249FEE30708C10CA0B54601053159480C00BAA9B1223A773234FE72FD5C3BD81804D8D196FE3D5315A0C981D88D04FA01DFC185CA93F9120E1F480B08063364A0A318F08DF95056E4
311
C91F1150D31B011200383502E079EE43CC18603AE2F88FD139C802A739F208E88D06DC78267C448C27C4113C19B0F51B0E9C1C021CF8F9167C6B1F2E10E461002910105D1042792D1CA303F469714C018C23D72179E165049C40E801CB96CF334562E5807291D1E0C70FE6CAD91656715F0E5C5E70F8D7F83290549B1BAA6F
311
781D25180EBCA93EC84E72A74081CE3020789B3790E1A9E478E658C099BECFF01E530E80EC5FE31204ACFF70AF8177A03059240CD074978A002A878BF883FEEC81DD684E406CA630ACFDE87292822A11953710F000885D6F68A67ED40CD772B0828359B753F7CE23D9479AB9845771B389D6A77130F8C134EFC83947392029
311
B10E4425440A84AF0E54825228FC1634D369874739C837A9DDC83C20D320C36042610ECDFA750303710224D01202488012CA847424F8D53F78AB6BECE9B3B35A7F32396AC6B7444566327DBB4DF06FD9616744F4D3A397EB3B0A3FBA8D763702883ED742FE5CD24146D8E353ACCF811C806AE09914D8446E93840FF4D6C963
311
FF32BFB6AB015D1D3B0C9A0968776F021F21404B6260CF84A14F35180CE20B5E85BDA2EC91FD5A7DBA7E5705F4F0F97AF26CE18E3BA078138202400A62930FA6CC7882F911A92F33E547E64990B0F27323D73B6222863F86425153FA8009361C675554C25382CE148420C8DCC47A20122806CA178A0918C14CBD3344028907
311
8A00EC6070184CA9907FD0A1270478E0B325B67C2193694EDB7DD0F3C238447C8A11485562FB4902134E6AC952FD5320A4F7C780882DA9684285CD81D278C0E8FF8DEC9F45D22DC3C2CA99C2728110888799575B6834BF22B0F01EDE72D7F21B672C40F0A972999E2200B7C91403F9BB3D09C01990819238CBAE5E7510D7D5
311
7450507E3DB04AAA0A3C280064E0775380C8C16EEA4834346A04BF0CE847B4B3AF760D06D24BBB267C32E2C9257DE5EB748AD101AF1FD33265E2B674EED8C01A0AC901392211011AC810560F77778E85B13BAFE3E25C95B70919A4862C15928BD8989664AD8638101D009A80F00BDC41AF27602A4BDA0C077E550048E7F101
311
1410F01405045E1C140B4D0E70E0F6E034171C3D6FD12004FCC1FA304312518910356628A4A326EC9ADF5DFFD1B2C0399503F14B4F8E3E0E4E39A06ABCB56A8014687E86E462BDDE5124615ECDB412B7314F62E6E0C76ADEC0F717B360E741960104CF1706CFA18E0605004B01AE007869B095ED92144A807841EFF2811C04
311
7889A04901C809062057192688C92346F97F279449F89B113500BAD282D1DA80A55C27EFFE02C8D4F395003F285B617BBF0831F49B055342DDDD414378E8888E92C16789F269A27C9A221FAA4A0DFDDB9F935B2ECC04DC51481558A69301E0460B02665AC4DD30C03D480866C3409400051811876014C0F294C542821AB045
311
011A3E3F09001FF304E3A0BED05CC11A811B865001769507FC01ADC611F400CF68C7B093606E30F3C7E0F00C1D10C31951C1E2D7252181DA00345842A19130715C736EC9ECE686A712FDB31E4D3E50AB336E5666D7B212C0113C4A4406029709B43D0228F3FBAF49921B19CA0C82A2D5BC4A2079809240F37D3E10F9637607
311
C3983F0458508A98B8B4EFC92AC13530180CF55359500080061DF59B98BB3FEACEE881DC8127F182A885A86FB12B43C590A4380504E32305E3148BBEEB2D2782029765428092545BA5C2C681FC5F8E869C0EE1034A822FF09A12C94084505AA868080303473F8161F7AA0A6610745E280BE4427FB770106F8800EADABA19F4
311
53210435BDB2348471B13B65F2FCB554827632C4C44467333E4127095D22092ED492009930413251B5408345065065E415266E20279A40B3F520370BE2050C8360E6BB4601C1673B9BFE007EF5200B6483CD195400A783E6DEA0653515B0FCE8E86D1618FC1EFC15C2E727F24F2A2DAB57326D8D0877D4E298894E7A0C3C7D
311
9CE8A0E2D17AA2020FA1097D6372F2A9F955060FDD467AD0426368C24A8340FD0D6687A76316DEF5179ED9042005A2BF02A5DD810A4DEFA4A8F700EFC50FF4FB8C06410F0303C106ADF8852ACC6A2CA9046E9ED070739339857222CC009E206479886EA26227BF7A341A15C351A8404A6C10080A2140FA4B4E8D9B9A116458
311
99332363FD69887F436A660566964250FD752E787B64BCF8E6C8190DF8EA0C854C062D8A5A1346F810414313E606ECA0AC3A01D6928544029D5F42E202C0CB386F880F7842A31287061F32F3CBE09F2950783394F2F2B23D85386C6F51943E99DD10C8A0000BA9569A14805693274BD0E4F4DC3F28E331EEA91C4F33ABE057
311
889BFB92819187840A08E57A276A8BFCB75B0342668C70C565C8059996D209C2800941A21FB82B2F520BC2E6FE6F1A8827043DE17000DACC8193E78BBB8DF1467978C06F6AFE986123E3A95272CAC122046F4C65C4B88FED2F1CD1D918F7CDBF8903BF1A90057D42F4DC133AF804ACBB58446A0DB78806FC053FA1E45D0AF1
311
112613CC0DD976C5E70AD3282F42725C0D02AC8588DE451B1C01ABF063E7748A3882F0DD484BB78D037F9812240EB88B6034C0AD53E5116D4C6D920C6A89F084E6D0598AD7EB6930CC7B293E27A666E5CDFE9A3FA52FEB3C97976FDAAE9A60008FCA6B33099CF9880D35D419FC687D424378E3099441E110C5B3C6DC311E66
311
53514A67A530D863326C4D8430E0C28024803B5B069B0E60C10EDB6DF087034171DF01F1F3404B27B1056D8C0E56E7CA6056E7798147BE4C2F01CED5987E413AC6A724876DE3F599E0601CE7B9CEF3BEB3671E12DCE8AF9631B8031D3F360B6955DC2342B2A0E4632A00264C0DA002220CFEC3E10D9BADC8904D88DC519285
311
93AA16C91DF6FFF82B3234404C7214D0F8608E0052283EFB2B0563F1D072936C4017706010BCF1B16CDE0C1FA9C777E44E1F5259B0C9BBC8794A82A6C182A3AF56B16921405351FDDC91B5BAAA617860E8D76C97C377FE701A4EB4378FA97C2C8E3CC8950886C6FD93AF70A1F5F676B7ED16CBC56AF5D09110EEB8607CC08A
311
795882358280DDB98AFFE7087C6EB593D62F041CDB4018935238E73F1098100D0C8769818F777057F64C703C6530E142FDF5C837AE1CF66C94C4887D3A3726AB990DEA248F73B5D32C8E04F6714B1E67C53FC52040252E605B322407CBF8C7F05453462A295ABF4D95592DDD76AC23512E9A2DF964715C80DD752CA8E263AC
311
36F02C3C28A133EB22AC8D099BDEFDE28C3E8FFEE3815D5D00C17C00511058354D62443C1A546280E43572A9C661A34FA5891F8E7570608C8DF21DF51DF9D2A84D4501F41B8CD4F4C9DEB2F901E810C0E4CEB6EC08DFB06341C864CF8D0EEE779A606545E1E64AAF30A4324C20FDD3BD558BD966BA994FA915CD162B197864
311
2AD01694E533EC190368A68234657085B5F88E27A0805E04B8BB6A00A51646EE3C10A50FF007FF410F1963CA69BE2002F0F902E701AEC995FD41F83A3F0C3809A3288A083003A6CC2A20E6D703EE48E3777AC07ADD51EB6101603A9FCF17B3D5928F6D742EE7E4CF38AE2B03C5FB39C81D7B2978FAFE85AF3D2710B0582C97
311
0F0FEB0E4D1103B8BE2B4D560CA10002FC8F334C891C07B44FE06B2E3ACE5E1E2D1FC32203110ABF9CA0E8381F68EC3C06701328E5A38278A5FCD944CEA5283DA933DF2A2448BD23F1C5D8BE04CC2DC3B43B3EEC29F8B5FF926D11D3E97EBF7FA1BD1E5E5F5FE6D3D972F548547783146ECD84873F377C5820F7F9FCE5E073
311
78D6CBCB7E036DF7F7104079A05B77C6942D1BA95D47424BFC3DB6411009A42E207871B7EE9B06614BBD20F22F7523FB985F3F7068E37600273A3ED0C1CCC380F6EC4AF01CC1CF95E4848B7BF950AD14C44F10460221E02D21D01DAE800F323704C00035DFE97CB37F797D3D1C0E4FBF35EE1E5E9E0E879FBF3DF6F474780A
311
01FB3DAF01FE0C0798218007C2090A3008BA7682A338F4A8804A06CBFE6A80CEC766F49853F15B2F45FCEA3F8250012841315016E75E797EFEEC4ACA6C79F515CF1738F7C36E2406071051043817C9E8C5888D49D0332E800062FF54FA562BF7446CC0BFDFBF8603D1FEFCC9F7FFB5A7F000430755C2D3F72F2D02A0228208
311
97ABDD44594475BDCCA4A10AF34C06B08B4AB58BBFAE30999DC66C7CE903A83CF8EB006EEEAA063430F84B05F0ECF644825F5E95073870E72A0771AB89B080022A0C5A9FAF34C89286257FB7BEA000EC65B59750C68E0815B0D9834B15606328F80709DE09018AC2A7817F83F96DB3D562C10A0A31300230CD4200B87F8580
311
8BAF64D04600254047F9C14DE93464009E7F5AABB4FDD6D55142A2C0BF1541FCE19C20C899BF4F76AB54B84CB97F88F48ECC029FD253F0C70DF4816B9AC94BCBD653B1A283C4001A0337955E4AFED3FB790B6B1F5EA0B5514074103A38D84280EE0F5F9BE974EAB2D16AB1EA969684B6E4166CA28264B300474C7308D20013
311
B204A65F82970718D05678B3315D442E1C0A327E2F56556040C005D2FAB1326A68A07507C9E46A3648555A7080F5F50219A00E6222E3E0862CE95B5680930530742F1D041805E69B788161F015944D041182B861A2C17F3AF01CF5BFDF6C343F9171F5B004BF59C016719164B888EA206A02AD05E8464D06B48E4381A0E934
311
5FD171625AC22198F57C003BEA5510F81FF78D31C9B033D0030000000049454E44AE426082504B0304140006080800E049975C28BB58AF800100009E0500003D00000033434338423833352D363341332D344636362D393837422D3734383138464346414342302F536368656D61732F436F6D6D6F6E536368656D612E786D
311
6CBD544D4FC23018BEFB2B96DE15493C78601010A34B880709DEDFB52FD0D8B54BD70DF6EFED3AC0B12E6442E2716BFB3CEFF3D18E26FB440405EA8C2B1992E1C323095052C5B8DC842437EBFB673219DF8DA659866649B798C078B48AE6410122242F2A4994AC7F93815DF85C049C8564CA0A901499DD886B2EB9B1E02448
311
F358701A9235880C49A0119892A20C89D1B9FD768815CAD268CB5E0355B40B1E47F3E37A2020464BED06AA57CE8FCC20C3C3446D46761A2632A8C1283D07031EFF2AE7CCB1BFEEE916E406DFAC8E36FFD99A9D60A6944090EEDC3B670C7DC13DE86B6B2C5C240D6E503BB85ACD579D513F1B9F9A69DC9CC22AFA80C426D40A
311
F0B21EA168559156B6276F0F726A6BFF04DCD513A87A62CAD41FB24FCB2858B3952E3D852084DA25B9303C15687973CC8E8AAE11DF2836C38C6A9E765E8C1BA1BFB1DC29CDFE518C8B5A7655A4ED7E77291ABEB80DBD82EC866ADE1B8D05AF9E35CF09D7A061F38A986D9EC412B8F0F65E5D81534D9B231D1E5A8FE577A241
311
F3A5FD01504B0304140006080800E049975C1004A04F380500005C1700003E00000033434338423833352D363341332D344636362D393837422D3734383138464346414342302F536368656D61732F47656E65726963536368656D612E786D6CED585B6FDB36147EDFAF20F41EC7F69A2005E214768278069665709ABE0A34
311
45D9DCA80B44CA89F7EB7B0E2FBAC4B2A32643D10E33505411A9C373BEF39D1B2F3F3D27926C79A144964E82D16018109EB22C12E97A12943A3EB9083E5DFD7239558AEB07B6E109BDBA7C5CDC902D959360CE535E0866DF07A7579733AAB85D5AF234E2C51DD5B081CA7A87DEE56E47E2D6689E735AD0947194500A22A249
311
308DB6F82682A3782C52A141BD80E4E54A0A3609622A150F48C16994A57237097451C2DF462738529D3AC5FCFFB5B401988BC78824973CE1A9A628D91CB968BDBAC335B9A4BB379C6ABF5D2474CD7B9F773F7F78C349F055EF13FE2CF856F0A7379CE2BEBCCE6456F8E316A9E66B5E18E4AC77BF5812F5937FDEF0F5BFE3E3
311
C785576D96659253EB54863A87AB5D98ADFEE24C3B8E38FE48BAE2C062631799EDC8BDDD833C6E88585B9287340B23AEA990CA49B1A473421E81F856D06D9125E45E6F001C4F7F85D6DECA8C6A835753A250DA50DF92F743409CBC3BFA4C6EFCE2618D302A0CEDDB264D93950002937BC66489A18D0A345DD650415124BE37
311
6A745EA9F0E016108E328D14C979C1302CD6BC0A4191B2C2C49112FFC0DB51401288D6A44C26C1B87A160AB6A11E5BD862514BE8B3DB750607BABFF6F781D6A74EED6EA7AC28FB3BA68C87AC94B2138A99DB41AE7147A71F56659287340123812054CAEC8965690A74E111C5BCA7260158B0963EC50C07E38FEDDFC5C5C70A
311
B6A915F446D44E46C321E46087E23E221E2BC0DA6EB440EE6F44E80CE5AE2E2D2F31AD7AB71B8B139AF730773909401FE0D8DC3FCCFCC3D438DC1176062076C3CB4A9D953ACC72CA84867CDA0361E0910F4EF3B109A07D332211C72556825745A215835F47678059E337068E3ACB0E2EA2B507175B0818FD1082EB4D26186F
311
85BAD33464988F1420E1B9E43D522F8452A450106B04F01362BFF1B2BF5059B60F687C9F663A54396722163C7231012E7480FE916910E6572B6D8F4A54CBF92C5CD324A163C8508058D3F16A399B13B348C6830FB5FD47257A1B8D2CF08253EE776B3A72D782D895363D96020B6C18D3C86359B3C6D45E728B4B9D716893D0
311
91E4D533045F495D2EFEF633FF5A660A520A5790765FE52E12F0AC82685E7FFA0398D65528850A132894DDE9F837B1DE48F8A74D487795A482C7122A6DAE377BDC5DC212A465ECD8B03E7E2E208EC88DD9DA89456CFBC477FB798C74389668AB1A75C820AB7568FCBE0B5F94DC9AFF0D038D9F77E49D45B8278FC7177D0DDC
311
E732FA0BCDDB42720FA90E87115FF76375C5696F368AF83103F6A5911FFF03561EE06AD10ABE933AA9DEC398588888137017449E09C377051FCAEED1E8BC3BFA9CB27DA2CFDBF533459F374FC0C4FDECCBF3E06CDC6874E0710421EEAA6CEDBFEE60EB913607436C3F5BBF713F6F42253B9A4A0FD64C08416FA986EB02254B
311
1846D82E7CE2584EBE31E340E9A8247483F07D5B84AE3A5AE0D4C5B202EE585468BA84105B1F5EC00C16FADB133FB7399F390FCF245CBF9027A137FD26D1D651058D44D9B331A93985CAC2046CB4ED9E0314977128A42C13DB06879A273052525D16BE833B8706BD1269FA69F2B9B109BB55D30D37679986D85848B86F026C
311
F21E74809100180B0D280C36F6015A7DFBD06AEB6F8D503BDCD7DD6DABBBEF54E1FF5EDF0E3AD53C03509B5B816FE9F51BC8026F44DAB82BA989F200C4220B24166C3037854094FD46C5648D9C42F8B07E53687D824917FED3CE56F3FBA68BE3C6853FCD64F4A00BB85831B1243346654A134805AF5CF39A9DFE22C9906A6E
311
AFE8303A5F4AC4FBE637489CB62EA59B9D529255F326CCC28ECB77F812A7D6E63DF957504B0304140006080800E049975CF702076DC3010000E60400004500000033434338423833352D363341332D344636362D393837422D3734383138464346414342302F536368656D61732F52656E6465724D6174657269616C536368
311
656D612E786D6CA554CB4EC33010BCF31596EFF405481C9AA2A64851255E4A816BB438DBD4926347B15BE0EFF1236982021512B925E39D9D9D59677EF3510A72C05A7325233A1D4D2841C954CE6511D1BDD99E5FD39BC5D97CA9359A0DDB61098BF9CBFA961C4044344599637D0F066B0E22C074BC98C7A0319C58A9B254B2
311
435ED23BC2F388AECB4A6089D280B18D139496815152EDDF046711DD82D048498D902B293E236AEABD7DF74D5D839F69EE1D9F48E1F3BF448FC9E6BF144F351E38BEFF9D662D0D16587B77825FAF2195BF515C395B563BC5197A0AE68DCF363BA831CF7C7C8D7F0DA23D42898037B451BA833673DA92BC82D87F636ACFFB0C
311
EC96F4EA30EF9A0FEAB85D91CAED89348D80E9B178DDC3ACFC71D06F2528A182138DD8672E4DC6DC57CF91467432BA985E4DBE3DB399079353607C0A5CDA0B70D4E65A122FA41BAEEF6C272908D315B076451BD55EB0FF9E092E11ACF8C6B5306028F9D5F15EB95426D31532BEE5D6EC700FBA0C1E94211D7ADC8341143D42
311
9D2671564059C2EC72108B4EE3847890CC4697DDF8A708DB01FD7AD8209A41EFC2DCFD7063A504821C7869545188D6C16DF801342CCE6B276363DC8EFA4AFD0E86ED0677C3B77747C7FD3FD617504B0304140006080800E049975C5B58BF7E51000000570000004700000033434338423833352D363341332D344636362D39
311
3837422D3734383138464346414342302F4173736574446174612F41737365745461626C654F66436F6E74656E74732E62696E5361606070337773737435B6D435313734D035B13474D175323477D4353332303236B574713677331502AACB4D2C492DCA4CCC492C28484D2C4ACC4B4E050A82012F90744FCD03CA26072767
311
A4E6260200504B0304140006080800E049975CC55C663656000000680000004500000033434338423833352D363341332D344636362D393837422D3734383138464346414342302F4173736574446174612F53747265616D56657273696F6E5461626C652E696E665D8CBD0A80300C06F73E4B29FE6CDD8A2E82A083B8B7F2
311
09014925C9FBA3AEAEC7DD2555D896CB85E51C2A1BD834F6A1F56EC4494C4695278364ABB24ABD2146F88CCEBB89D5321FF8F3F43D672A3B44DF3CB6A1710F504B0304140006080800E049975C1161E9D238010000A20400003600000033434338423833352D363341332D344636362D393837422D37343831384643464143
311
42302F4173736574446174612F636E782E786D6CCD943F4FC33010C5BF4A6489318E13FE082AC71582A51348540C6C57E752AC3A76645F107C7BEC3603A888A943D7D3EFEE9E9FFC4E2E3F075B7C6088C6BB96D55CB0029DF69D71DB964DD497B7AC582A19BCA71F182B1C0CD8B25C664A6E839FC6B9D4610F93CD556BDC6E
311
2EDEC788B4868DC5A7FEC13B42479115DA428C2D8BFA1D07E03091EF30EE780704BCE601A39F82C63489CC80F3241D10083BA61AD1DC94E2AA6C2ED7E26E515F2F44FD26AB4C2AB9F1DECEBC49CB821F2F1AA10F7B9912B2CA8092533033955FC3D45F2AF9C638592552C94821B93277D0D7983A601CADD140C9BCCA6B422A
311
138430C8EA002B5965177E79F188BD7126B7AC9234201F9E93400C64F00C3DF94FEDE9BD59B948E0349EB323C71A4FEFC3CBFE17BD1E62B9CFCDF9A5E5582337AE3F4156AAFD3949D1C9D7457D03504B0304140006080800E049975C75EF009BE7000000600100006700000033434338423833352D363341332D344636362D
311
393837422D3734383138464346414342302F5265736F75726365732F46374646414533392D343731302D343931442D423137412D3632303233353944433746352F7468756D626E61696C2F302F636E782E786D6C4D90CD6EC4200C845F2542EA3181A43F6A570EFB123DF55251E24DD1128CC054EDDB175A0E7B1A6BFCC9F2
311
0C9CBF0F3F7C61CA8EC22AE649890183A5CD857D15852FE3B318CE1A1211DF606208E6C055345B68D81395D8AD0D2FA6F8E67A17AEDDDC316072F63D865D0CD69B9C5791ED271E66328569C37C9D36C3669AA784994AB2580FB03BB01FB0090DE326F4A296A7513D8CCBFDAB7A39CD8F2735BF816CA4860F22DF79171813C5
311
BB4559AA63A8FF28900DD05092EB540B21F4CD7320EB5243E654F377887F62854C8CDE59C3B526499691C70AA13940FEC31A64CB5BE5AF8CAAAD1BFD0B504B0304140006080800E049975CA233C2345D000000800000006500000033434338423833352D363341332D344636362D393837422D373438313846434641434230
311
2F5265736F75726365732F46374646414533392D343731302D343931442D423137412D3632303233353944433746352F7468756D626E61696C2F636E782E786D6C4D8B490E80201004BF42E6EE76F3C0F216234B883063108CCF170C074F95AE5473F5C4C06E932E4F28601967600677D21E9D8092EDB002539227A2FCCB80
311
E1168D80A6417297A89C5D6963B7129A0D1E8F2EE73AA7B62BBEB8B27DE50B504B0304140006080800E049975CBE89762363000000880000005B00000033434338423833352D363341332D344636362D393837422D3734383138464346414342302F5265736F75726365732F46374646414533392D343731302D343931442D
311
423137412D3632303233353944433746352F636E782E786D6C4DCC3B0E80201004D0AB90EDFD75167CCE820A4A845D83603CBE602CAC26799919AEEEE0D965E2E908050C6D0FCCE04C8BC355404EB6198129C92351FAD580A10E464065907C8D948F8F166375F655BDC3FDC3B4E530A176BE7057BDC43B2A593FE403504B03
311
04140006080800E049975CCDAE7F747F000000A30000003600000033434338423833352D363341332D344636362D393837422D3734383138464346414342302F5265736F75726365732F636E782E786D6C4D8C4D0EC2201805AF42BE3D0AFD114980A65AB947636943A460B0188F2F982E5CBD64F26644F7591D7A9BF8B2C1
311
4BA00702C8F87B98AC5F24A46DC667409D123184EDEF06C88FAB91503028B1C4909E3B9ACC3C2657A8B3FEB143CDB4EE6F35C70DA304379C0EF842598F4F15A9EA960F57A6DB6C1C8B92E7D7CB5BF2EA0B504B0304140006080800E049975CA18020DE0B010000550300003400000033434338423833352D363341332D3446
311
36362D393837422D3734383138464346414342302F536368656D61732F636E782E786D6CCD933B4F04211485FFCA84C47280191FD10DC3161656366A6587CCDD952C70273C8CFE7B61A4D84DECB4D80E4EBEDC9C73E08AEDA7B3DD078468D04F64A09C74E035CEC6EF2792D3AEBF25DD568A80988E30D279E56022552652EC
311
03E6A54933EC54B655B5C61F9A788FCEA17FD6EFE014E9B455314E24AE57AA72C219E281CE2A293AD0001173D0502624E3A04DD001548299C8918F373DBFEAC7CB177EB719AE377C7815AC9252BC21DAC61B9F20E07231728DE5E88B212E5805A4C8C134AAA620F2D81D2D7D08560829620AA58546A6AFA5906A59ACD12A95
311
B2D80AFE3052B01AF624F2037808469F6BE6137BFF16FA09FC0CE1B1BC5430CA9E6BF6DF5CFEAD02B66E40F9067521E437504B0304140006080800E049975CE3603EBE7A000000C20000002C00000033434338423833352D363341332D344636362D393837422D3734383138464346414342302F636E782E786D6C6DCD410E
311
C2201085E1AB90D9DBEACE05D09878023D01A1D34A8419C380F1F82DA68B9AB8FDFEC93C3D7C52546FCC12980C9CBA232824CF63A0D9402DD3E10C6AB03A3397DD192872090D3406ABE7CCF5B5D18893ABB1690CF4DCF02282E5EA8A5BB96FFE536F285CB347F95BEFFE81C9ED5AFF9D5B1FB575BB00504B03041400060808
311
00E049975C03FB6B037D000000A300000007000000636E782E786D6C4D8CD10A832018465F45FE7BB7C2660ED448C1F7886521330D97638F3F1D5DECEA83C3770E1F3E9B476F9B5E2E0601EDA50164C323CE2EAC02F2B1600668903CC578FCDD008569B3022A06C9D714F37EA2D92E53F6957A179E27245A33C5C80D533212
311
DC194AF19DF50AF71D6B99D166D4AA29C6B52A657EBDB2352FBF504B0304140006080800E049975CCA1DF9C9A900000073010000130000005B436F6E74656E745F54797065735D2E786D6CA590410EC2300C04BF12E5DEBA70400835E500FC800F84E0B411AD13252E2ABF27A55740421CEDDDD9B55CEFA7A117778CC97952
311
7255565220197F75D42A39B22DB652EC9BFAFC089844F65252B2630E3B80643A1C742A7D40CA8AF571D09CC7D842D0E6A65B8475556DC07862242E78CE904D7D44ABC79EC569CAEBA537E3521C16DF5CA5A40EA17746733E0B6615DE7217475F386F18B9481C510F1F021CD9FF027EA0E1F5C4E609504B0304140006080800
311
E049975C3DEE336E64000000790000001B0000006175746F6465736B2D64657369676E2D7061636B6167652E786D6C35CBC10E83200C00D05F21DCA56CA76D41FC96062B120735B69A7DBE268BB7777961F8D5AF396893C2ADB70FE7ADA196782C2DF776D7A97B5933C430F15651E5469C55D70F80A4992A3ADC954792C525
311
AE70A1E4D6AD9816CC044FEFDF01FE3FDE907802504B0304140006080800E049975CF263CA82F9000000960100003700000033434338423833352D363341332D344636362D393837422D3734383138464346414342302F4173736574446174612F636F72652E786D6C8550CB6E833010FC15B4770376803491714413F2053D
311
F566D90EB5126CE447D5CFAF1DA8D49E7ADAD5ECCCECEED0D3D7FC283E95F3DA9A1E705943A18CB0529BA987186EE8058A13A3CEDAF08B0685E1B3EA21C3C0E8E46C5C3648581394C9A8B1526D20F75E0528C423353D78F1A1665EF21812C3DFCB858B3B9F5489CB95C7688C5A6E522D939BBE69E580758761ECAED70E9166
311
685083C711BD127C41E784E2FDFED29EDB915659CC68D0F3CF76E1140F4A022335E950DD20B27BAB0F47DC1E6BFC4EABCC64D407977EDE96E6EF800DF9EA0B0F9C56EBF48F6B5CE4FFAE519BB0239BEBAAF0C0703AF23960B4CA29A5F28C30D59C28FB06504B0304140006080800E049975C1D5C85A0F40000008E01000068
311
00000033434338423833352D363341332D344636362D393837422D3734383138464346414342302F5265736F75726365732F46374646414533392D343731302D343931442D423137412D3632303233353944433746352F7468756D626E61696C2F302F636F72652E786D6C85904D6EC3201085AF62CD1E1B88E33411264A13
311
E7045D758780B8283158FC543D7E2176A576D5D5A08F376F661E3B7E4D8FEA53FB609CED81D4182A6DA553C68E3DA478432F501D39F3CEC55F32A8AC98740F050367A377695E9174366A5BA8754AAF5084A02354F2911F3D04F9A127518B14B322DCEB59C8BB18754DEA45C7594A46ADAD4665377333DA03EFF6A7A1BB5E3B
311
44DB538B5A320CE895920B3A674A76BBCBF6BC1D58539A398B66FA992EBD16512BE014D30EE116D1CD1BDE1FC8F680C93B6B8A92B3107DBE791D5AAE038E59B3D03F6E6956FFBB2563E386AE6E4B47004EF272CF0FCE9A924E2ECFE8722D49F26F504B0304140006080800E049975C92ADFB80FA0000009601000066000000
311
33434338423833352D363341332D344636362D393837422D3734383138464346414342302F5265736F75726365732F46374646414533392D343731302D343931442D423137412D3632303233353944433746352F7468756D626E61696C2F636F72652E786D6C8550CB6EC32010FC156BEFD886D84E1361A23471BEA0A7DE28
311
1007C5068B47D5CF2F24AED49E7ADAD5ECCCECEED0C3D73C159FCA796D4D0FB8ACA1504658A9CDD8430C57F402C58151676DF84583C2F059F59061607474362E2B24AC09CA64D458A956907BAF0214624A4D0F5EDCD4CC4B1E4362F87BB97071E7A32A71F9E4311AA396AB54CBE4A6AF5A3960DDEE3874974B8748736C5083
311
8701BD127C46A784E2EDF6DC9EDA815659CC68D0F3CF76E1140F4A022335E950DD20B279AB777BDCEE6BFC4EABCC64D407977E5E97E6EF80855B9C3F0CD713AD9ED33FAE7191FFBB466DC286ACAE4F850786D3918F01A3554E29954784A9E644D937504B0304140006080800E049975CDD5CF6150E010000B10100005C0000
311
0033434338423833352D363341332D344636362D393837422D3734383138464346414342302F5265736F75726365732F46374646414533392D343731302D343931442D423137412D3632303233353944433746352F636F72652E786D6C8590CB6EC32010457FC59A3DB6C1AF3AC2448E1F5FD05577C8260E4A0C9681AA9F5F
311
485CA95D7535E872EF9C99A1E7AFF5117D8ADD48AD1AC0710A9150939EA55A1A70F68ADE203A33BA6B6D7FD920527C150D0419185D76EDB6439AB4B2420555E9591C2237465888A6877F3460A69B5879CC9DF50E738F373EDDF922621CBF7C8C3A27E7232A67DF4D5EA5D88195753B94E3582292B739CAF130A00BC13DEABC
311
8AABAA2FBA62A04908336AE5FA439F76C1AD988191949428CD11C9DED3FA848B538A3F68129C8C1ABBFB9D0F68D80ED8588D633B6435CA2B9CA2BCF6A40BAE5A54FA3E5951F75D3516347905FF00DD36FF0F7452D98C1CC057C200C37EFEE707A34938A02FCFEBFA1A8ECDBE01504B0304140006080800E049975C663FADDF
311
FA000000960100003700000033434338423833352D363341332D344636362D393837422D3734383138464346414342302F5265736F75726365732F636F72652E786D6C8550CB6E833010FC15B4770326409AC8384A13F201554FBD596643AC041BF951F5F36B072AB5A79E76353B33BB3BECF0353DB24FB44E19DD01CD4BC8
311
504B33283D7610FC95BC4076E0CC1AE37FD120D362C20E120C9C8DD6847985A4D11E7542B51970058573E821938FD874E0E40D27918BE023C3DDF359C8BB1831A7F9C2E32C0435AC5235443775556881B7BB63DF5E2E2DA9EA634D6ADAF7E4B5A267728A28DD6ECFCDA9E95991C49C7935FD6C971685C7017855562D296B52
311
6DDECBDD9E36FB927EB022313973DEC69FD7A5E93BE06FE84CB0121D2B96E91FD7300FFFBB06A5FDA65A5D1785034EE391CF0167454A29966784B1A644F937504B0304140006080800E049975C0426E28FF8000000940100003500000033434338423833352D363341332D344636362D393837422D37343831384643464143
311
42302F536368656D61732F636F72652E786D6C8550CB6EC32010FC156BEFD886D84E1361A234717EA03DF58680382831583CAA7E7EC171A5F6D4D3AE66676677871EBEA647F1A99CD7D6F480CB1A0A658495DA8C3DC470452F501C1875D6865F34280C9F540F1906464767E3BC42C29AA04C468D956A05B9F72A40211EA9E9
311
C18B9B9A78C963480C7F2F672EEE7C54252E9F3C4663D472956A99DCF4552B07ACDB1D87EE72E910698E0D6AF030A05782CFE89450BCDD9EDB533BD02A8B190D7AFAD92E9CE2414960A4261DAA1B4436EFF56E8FDB7D8D3F6895998CFAE0D2CFEBD2FC1DB0B7E54E4FABE7EC8F679CE5FF9E519BB021ABE753E181E174E232
311
60B4CA19A5B204986ACE937D03504B0304140006080800E049975C780067CE03010000D80100002D00000033434338423833352D363341332D344636362D393837422D3734383138464346414342302F636F72652E786D6C9591C16E842010865F85CC1D4551D7DD209BD5649FA0A7DEA8CC5AB22B18C1A68F5FAC366D6FED
311
09F2F3FD33FC33E2FC3E3EC81BCEDE38DB40963020687BA78D1D1A58C28DD640CE52CCCE851F1810AB466C6095418A6176CBB44BBDB301EDAA5AA7711795F71880F48F7869C0F7AF38AA442D2112FE9E4CAABFAB01932CD938298219BFACFD8C2AA00699B3BCA2ACA0397F62C753569E58F62CD29594623136F07C6F86E30B
311
6AE2A61023812CB948B7E7882D46EF90D1F193E6667006C9BBAE6E6B5ED28A5F382DAE55458FF5A1A587A2CEEA6B77BD742D8B45A2590A1FE6389ABDC83A84BFDA37E3AF68CBA4FF196D737890D977A8749DB314E9E712E2B9EE447E00504B0304140006080800E049975CCAF4A3B108010000B201000008000000636F7265
311
2E786D6C8D50CB6EC32010FC15B4776CE3D84E1361A23471BEA0A7DEA8210E8A0D168FA8FDFB42EC4AEDADA74533B33BC3D0C3E734A287B44E19DD02C90A4052F746283DB410FC15BF003A306A8DF1BF6480349F640B090646076BC2BC42BDD15EEA846A23E40A72E7A407D48FF1D182EB6F72E2190F3E2ADC3D9B797FE783
311
CC48B6E818F56AFA59EDADE45E0A60655136B8A870B9792B767B52EF0BF24EF3A464340425562B25A2BBBA2A698135BB63D75C2E0D2EAB63852BD275F8B524677C8A28D96ECFF5A9EE689E961975DEC63FAF47624E8F1C7F245F9A2F14A31FC68CAB208612C8E8F10B5841F344FC091D66F18FD04AFB4DB91E5C361C301203
311
3D89689C1A8CE3596F9CA96DF60D504B01021400140006080800E049975C7F141FADF8000000A80100004F000000000000000000000000000000000033434338423833352D363341332D344636362D393837422D3734383138464346414342302F4173736574446174612F446566696E6974696F6E4974657261746F725072
311
6F706572746965732E62696E504B01021400140006080800E049975C22EE3146F50000003002000045000000000000000000000000006501000033434338423833352D363341332D344636362D393837422D3734383138464346414342302F4173736574446174612F496E7374616E636550726F706572746965732E62696E
311
504B01021400140006080800E049975CB5A795FFE3790000DE7900006B00000000000000000000000000BD02000033434338423833352D363341332D344636362D393837422D3734383138464346414342302F5265736F75726365732F46374646414533392D343731302D343931442D423137412D36323032333539444337
311
46352F7468756D626E61696C2F302F67656E657269635F706E67504B01021400140006080800E049975C28BB58AF800100009E0500003D00000000000000000000000000297D000033434338423833352D363341332D344636362D393837422D3734383138464346414342302F536368656D61732F436F6D6D6F6E53636865
311
6D612E786D6C504B01021400140006080800E049975C1004A04F380500005C1700003E00000000000000000000000000047F000033434338423833352D363341332D344636362D393837422D3734383138464346414342302F536368656D61732F47656E65726963536368656D612E786D6C504B01021400140006080800E0
311
49975CF702076DC3010000E604000045000000000000000000000000009884000033434338423833352D363341332D344636362D393837422D3734383138464346414342302F536368656D61732F52656E6465724D6174657269616C536368656D612E786D6C504B01021400140006080800E049975C5B58BF7E5100000057
311
0000004700000000000000000000000000BE86000033434338423833352D363341332D344636362D393837422D3734383138464346414342302F4173736574446174612F41737365745461626C654F66436F6E74656E74732E62696E504B01021400140006080800E049975CC55C6636560000006800000045000000000000
311
000000000000007487000033434338423833352D363341332D344636362D393837422D3734383138464346414342302F4173736574446174612F53747265616D56657273696F6E5461626C652E696E66504B01021400140006080800E049975C1161E9D238010000A204000036000000000000000000000000002D88000033
311
434338423833352D363341332D344636362D393837422D3734383138464346414342302F4173736574446174612F636E782E786D6C504B01021400140006080800E049975C75EF009BE7000000600100006700000000000000000000000000B989000033434338423833352D363341332D344636362D393837422D37343831
311
38464346414342302F5265736F75726365732F46374646414533392D343731302D343931442D423137412D3632303233353944433746352F7468756D626E61696C2F302F636E782E786D6C504B01021400140006080800E049975CA233C2345D000000800000006500000000000000000000000000258B0000334343384238
311
33352D363341332D344636362D393837422D3734383138464346414342302F5265736F75726365732F46374646414533392D343731302D343931442D423137412D3632303233353944433746352F7468756D626E61696C2F636E782E786D6C504B01021400140006080800E049975CBE89762363000000880000005B000000
311
00000000000000000000058C000033434338423833352D363341332D344636362D393837422D3734383138464346414342302F5265736F75726365732F46374646414533392D343731302D343931442D423137412D3632303233353944433746352F636E782E786D6C504B01021400140006080800E049975CCDAE7F747F00
311
0000A30000003600000000000000000000000000E18C000033434338423833352D363341332D344636362D393837422D3734383138464346414342302F5265736F75726365732F636E782E786D6C504B01021400140006080800E049975CA18020DE0B010000550300003400000000000000000000000000B48D0000334343
311
38423833352D363341332D344636362D393837422D3734383138464346414342302F536368656D61732F636E782E786D6C504B01021400140006080800E049975CE3603EBE7A000000C20000002C00000000000000000000000000118F000033434338423833352D363341332D344636362D393837422D3734383138464346
311
414342302F636E782E786D6C504B01021400140006080800E049975C03FB6B037D000000A30000000700000000000000000000000000D58F0000636E782E786D6C504B01021400140006080800E049975CCA1DF9C9A9000000730100001300000000000000000000000000779000005B436F6E74656E745F54797065735D2E
311
786D6C504B01021400140006080800E049975C3DEE336E64000000790000001B00000000000000000000000000519100006175746F6465736B2D64657369676E2D7061636B6167652E786D6C504B01021400140006080800E049975CF263CA82F9000000960100003700000000000000000000000000EE9100003343433842
311
3833352D363341332D344636362D393837422D3734383138464346414342302F4173736574446174612F636F72652E786D6C504B01021400140006080800E049975C1D5C85A0F40000008E01000068000000000000000000000000003C93000033434338423833352D363341332D344636362D393837422D37343831384643
311
46414342302F5265736F75726365732F46374646414533392D343731302D343931442D423137412D3632303233353944433746352F7468756D626E61696C2F302F636F72652E786D6C504B01021400140006080800E049975C92ADFB80FA000000960100006600000000000000000000000000B69400003343433842383335
311
2D363341332D344636362D393837422D3734383138464346414342302F5265736F75726365732F46374646414533392D343731302D343931442D423137412D3632303233353944433746352F7468756D626E61696C2F636F72652E786D6C504B01021400140006080800E049975CDD5CF6150E010000B10100005C00000000
311
0000000000000000003496000033434338423833352D363341332D344636362D393837422D3734383138464346414342302F5265736F75726365732F46374646414533392D343731302D343931442D423137412D3632303233353944433746352F636F72652E786D6C504B01021400140006080800E049975C663FADDFFA00
311
0000960100003700000000000000000000000000BC97000033434338423833352D363341332D344636362D393837422D3734383138464346414342302F5265736F75726365732F636F72652E786D6C504B01021400140006080800E049975C0426E28FF80000009401000035000000000000000000000000000B9900003343
311
4338423833352D363341332D344636362D393837422D3734383138464346414342302F536368656D61732F636F72652E786D6C504B01021400140006080800E049975C780067CE03010000D80100002D00000000000000000000000000569A000033434338423833352D363341332D344636362D393837422D373438313846
311
4346414342302F636F72652E786D6C504B01021400140006080800E049975CCAF4A3B108010000B20100000800000000000000000000000000A49B0000636F72652E786D6C504B0506000000001A001A00210B0000D29C00000000
310
504B0304140006080800E049975C000000000000000000000000370000006662782F37373839464436392D313032372D344539452D424635392D3735464133323245303041332F617474726962757465732E62696E504B0304140006080800E049975C000000000000000000000000350000006662782F3737383946443639
310
2D313032372D344539452D424635392D3735464133323245303041332F76657274696365732E62696E504B0304140006080800E049975CF270F1330600000004000000360000006662782F37373839464436392D313032372D344539452D424635392D3735464133323245303041332F747269616E676C65732E62696E6366
310
60600000504B0304140006080800E049975CB5A795FFE3790000DE790000420000006662782F37373839464436392D313032372D344539452D424635392D3735464133323245303041332F7265736F75726365732F322F305F67656E657269632E706E6701DE79218689504E470D0A1A0A0000000D49484452000001000000
310
010008030000006BAC58540000000467414D410000B18F0BFC6105000000017352474200AECE1CE900000192504C5445818181B3B3B35A5A5A4848486060605C5C5C6464648383835E5E5E6262624E4E4EAFAFAF4A4A4AB5B5B54C4C4CB1B1B1858585B7B7B7585858ADADAD7C7C7C464646787878ABABAB747474A7A7A768
310
6868707070B9B9B96E6E6E6A6A6A8B8B8B666666545454565656A5A5A5505050A1A1A1BBBBBB8F8F8F9F9F9F4242425252527676764040403E3E3E9B9B9B7A7A7A8989897E7E7E9393939797974444448787873C3C3C727272BDBDBD3A3A3A6C6C6CA9A9A9A3A3A32020209D9D9DBFBFBF8D8D8D9595959191912626269999
310
992222222424241E1E1EC1C1C1282828C3C3C32C2C2C2A2A2A2E2E2E303030C5C5C53232321C1C1C363636383838343434C7C7C71A1A1A0E0E0E121212484A484C4E4C1616160A0A0A4A4C4A787A781414147C7E7C9193915E605E464846838583878987B1B3B18587856668665A5C5A626462818381A7A7A5A3A3A1B1B1AF
310
ADAFAD7072705C5E5C9D9D9BABADAB7E817EB7B9B7585A58BBBDBB4C4C4A8D8F8D747674B5B5B3B7B7B59FA19F606260ABABA9A5A5A39B9B99A9A9A78F8F8D6C6C6AC7C7C5451AD12700002000494441547801DCBD89771BD7B5A70B8EE04C702641712605CE034890E220088028C93245451215B713AF388E7DFD9EEDB8DD
310
CE6ABFF4B57D97137BE50FEFEFDBA74049B6AEED74869B7E87404D2814EBB7F76F0F67A8835CEEBFA0E42B854AA5B2BB5B6BCC951A8D52A93657A914FE0BEEE39FFE2FF395B9B9C6CAD2D4C4606F4B7FFF8D1B37EEDCB97587F7CD9B4343BD134BABE7DB48E3FFA7A228ECD6F6574E4786C0FC8B5FFCE2CD5FFCE297BF7CF3
310
CD5FFC92B52FFE58BFF9E69B776E0EF5F79E55CBBBF9FC3F5D3DFFB07F5898ABAF7CDA3B74E74EC0CE20230561BF096E97E05712BFFCC59BC80539DCE83DDD6E54FE61B7747DE17FB8980BBBFB2BBD4337DF487881AAE6C5ACC6AF25207877B2B527BFF1CB3B77FA47561ABBD7F7FA7FE146A5B6BD74E3164C7F51449AE95D
310
B412200EC539418717E7F2F11B376FF62E95FEAF1442BED0581DBCA1BD2780D23F506AFA16E1A7AD974EF17876F00DD7BCB187A1A97AE51FCED5BF2BC1F2BBE5B3C19BE27B43CF26DE00933658FE129B109C2FFF922CC22C4260FA01BEFB462A77DEBC35F42F600C3F5B0795D2E9E02DAD5E650B4438A92801B65C35CBAB7B
310
1EE5041CE69D3B6F1822DFB873EBD6AD3B6FBC71EBC6C86AE967DFC2DFA4CEBFF1BF54F6276EBC114E2F43FEC60B01A0D440A868B2920E5C4BC10D60931ADCB871F3268B21D3851B08E1D6AD9BFD4BF57F7577909FAB86F29B982571136AF01DF5FE32AC3BD9406CAAF2440A54CF176EDD01FBADA1FEFEFE21FE4C9858DFF4
310
183458A9FD2B6708A5A5A137E0EE1D11A9EC0C7C58B2C73C0AD6B479BD76B7790CF899E287FA5B06FB7B07C9195B7851FA8794031EF1FC5F9406BBFB23375420286399B631E93B08022A785C4DBF9996EC3551874094D71B6F487E80F6837E50F483BDBDBD83232323AC420A18C68DA196EDDADF68A77F938F78FD972BABBD
310
B7B87FB164AC6FC2CB760365821ACB74AED44FFAD7E7431ECD7E08AC421F391D199998989A383D9D98E8E56F84A318C58D9BFD2DAB73FF5222C8EFAEF4DE7AF30D756E5108683DA471E70D0502099A7240F19E4089D3FD203E620F1B47BF43501E85031AE44B4B9F2E4D2D9D4D51D8970983FA861B3706FF950CA170DE82F6
310
B312CC4F42C8966295F7D725ED29882415DC055F36DEA1FE96FEC141493F05FAA9A9A5A595B333DED5B3D5A533F62183323032F46EFF13EA0AAFA5FBF7C8976F8C10F7280A014832593B90004D52341980D907EAEB73411EB2F1EBC9F507F92746C40E7AE0AFAE54292BAB2BAB67CAE0746264A277B06508168C94BF772BE9
310
765F7BF0B548FE1E07F3B5A521340A5CB5297C4B12811B89E82191ECF3E41B3259C529F135E23CF4C7F961FB13537F5A02ECCAEA76B5BA5D3D3FDF3F2FEFEFB3AA22053E5008833428DC6C59FA2F770595F311F235D427F379BB8A121BD901B96076A388DC4C3C61C7933CCCD770FF375A6E0CE9F535FE2534BF5ADD3E3FAF
310
D71BF57AA951B6D4CFEBFB8864758A26154430080B06ABFF557610ECC93726224F155D1471041E0D42F82F4891C926C1355B0831649FF365F46FF05300A7A790BD8ADEEB0D4AA9569A9BDBADCCD56AA55AE377F5F3F3EA2A34983A1DE91D810543138D7F28E57FF4E2B5335A3928B76EA1CB9B00BF158C8F63A2E788826896
310
D0B5E7C461949ECE089144F8EBEFC7FB4D8C9C4E9DAD60F7FBE572B416C2F2423ECF8B86C439E450DA970634ACFDA977629098D0B2FAF313A36B3869E37AF7853378CDA1171FBEBA95DF1E44FD5144A420588641B0055A79ED91CC0DC41E27064512FB33F1F04D09D0D2DF0203A646A6CECE80DF28356A348CED8C4F1EF137
310
B9319E1BCD29867CA556AA97F7B757567006A447FD375A26CAAFDED9CFDCFB2BB0BEEE8AA5911BC2C7F85DF88A3775389990AA72219D582409210F85A4E66F2987D875C30848023088FDF77E87F96FD7CBA5B9DCCEF4F4C9FC7C676777577B7B7B67E7ECCCE4E8DEE85E81A6D55AA3BC7FBEB242589CE8ED4770E785D7DDE2
310
3FF2587EBF57F50B9E820527316488E5C32D50F979BCA58207297E2B6D658702FFCD211840FE43FC9F3A5BAD9E97E6F21B9FCF16BBBB3A3A5A175B5B1787875B5B3B86DFEFFC687A72674F19D46A8DFDF3EACA59E405375ACE76FFA922C817CE86A89BDD92F400F2C55B7462F610459837D3A61ACF50C7471C8F2F2A9D38C3
310
DA2F068007F80EFCDBFBE5DCC674B1D83EBCBEB8BCBCBC3ED0D3D333D0B3DE33BCBEB0D8DA35FBF9F8CECE68AE020BCE61C112A4C1138CD47F9AD13F7DC6AB9CF9CFCFAF9D0E01FFE6CD503F5B91C5218E2899CA15098714848B04FCE5654884ABF0E554F11F6C21D73D5D5AADD64B7B9327DDAD8B0B7D7D6D6D07070763BC
310
0F3E38E8EB4310EBEB8BC3DDB347E3E37B5842B97C4E44A0C630427E5CFDFB71E03F471E12CA9FF70E055AE141042DD81234B879EB4606361D9328149037D7D76A571A7E974FA20AD0323832713AB5BA7ABE3B3E3D3FBC30307070B0B9B645D93C3CDC3CDCA41CFC6AAC2D64D0D579B4B1B397A7C1BDBEBD7D36657A3CD4B2
310
F44F4909F2B9CA597F4245C59DEC354316F0587020D0C661742BC02869435FD12CF195C422DB3C5A3E2305C000CE6B7B27ED8B7D63079B5B5B878787C787C7C7C757C76C51B60ED60EDAFA06D67B965B3B672677080BB5329E60E9B477847AE2E9EB53E35779FD37EFCD2D0DDD68AA355B6B0D81860502B8B68C801F5C697E
310
9AD62F4B406244CB975560BAC756AAA577675B07C6D03778C17E7C95CAF1B3ABABE3E3ADADE3CDB1B1B6B681014470343EBA979F8B90383545727C63E43549D14FD0F927E5F1FDEFD7263058FE02EBCD1BDCBCA053496BD58E69BC44F9F854D4D979AE9ADB908824382AC1D4014E9756EAF9CE85B6B54DB01F02F8EA5908E0
310
D9D5F1B3E72188C3C3AB67879B07C8A0A767B8B831FE5E7EB754DEAE5261460243FFF07858D8EF0D658BDC563A2C5EF5833C13C90B69248C4DD97842B61DFA7F210A2F6108A0F96B62E2D3B3F3DD939EA47E30ABF5AB2B903F4BE5F9B36757CF65021E616DAC6F60A1FB647274B4B05B2E5341B082D43278F67D8DFDA48AFF
310
9A13F22B34C7586C9992BA6E66CABC190E313E7C811AA57304B421A75B289B9D174CC868C24548823E230B9A5A2DCD2CAFE1F98E61C015CA7E96B083FC59F3ED06EE60F360B3AD6F79787ED278D0A86FAFE00BA9220EAEFE1D5DE1F7855939C3FCC1332426B377F692406E022C010DB437EF009803F0DCFD3B7C94440571D8
310
F2C328F115F47FD324802070BAB43FBA80EFDB92FCA1F7E7CF9FA875CBB327CF9EB08C4DE4815BC4210E2CB7CF1CEDECEDCED5B757490968286899FAF95583BF46F9393CEE6A86D6F618CAAD9BFF0BE22B042412C5CFB50556815CC5BBE33E9F61ECEC26A9BCB8145FD10590078F9C9E953B513FAE1FE387FAC246E14F9E3C
310
E7F5F8194BD6594140876B6B84C5D6799C61A16434201E5237582AFD75C07EEED9863F463284E2E13425A036BD41061259289B6BDC1ED656FC8B8592C9D00701E27CEA749F0D8EF44EAD8C1F80FFF8F8F9D513191F6803384C800097F24069C407CFAE88136B7DCB3D5D4A60B711F19070D83235F77331FD35E71596688903
310
8E2E0B346EAB7936C4162043E1A1F144093695443A570144898BC4079CEF1912809A3035A1D3F361235F90FFF1E3E0FB93C7E2750719F88E7D8E68123883ADB5B18185AE99F1D11C1238A792DC4BEDE8EC6FF503DF377E0445F68FAF4E08D43082D02170F30131A154206CC559A8D9CFDD762B31273E4947A581E0D9BB71E3
310
3FFA07CD02CE2A6BE1EC80167497F2A81CFA3F7EFE58D0CF5D5D170DE4F89070B0BC4040CC17BEAC6B0586C3D3FF0309BC06F44B04A1E13729929B4DF73C44070692C810B08AC3012E8EE9EAE22067796288C193B2139B970B86F47FAD0F98382B1E035D9C32FD318A4FAFCB274F2E1FA772F94411B0CD42493C23393A685B
310
5FEF3E1ACF554AF5F3552A478383374E6B2FDDFC4F6DFE38F4F4ED7A7FE838F488EA852482F412D3CB07E293D02C9F074F12E84C5AAC423271450572A385449844706475FD38DC3C22486A0639E5F1E38B0CFE93CB4B25910EF309A2224BD8DAD40C682C28341AD69047E8539A6AFC14EC573F7FAD10AE0FE6EB13E87B28E0
310
93B513B5803514DE408809BC12A14876DE0A25F643009E9176D9F0C330164285A7444DC8CAF0E9FE41429EE0A2F6A6DE91C0856C501272404A8468822E24C807030B1D33D40D4AFBDBABB411D093D88C86D7205E05FC57EDD1F805FA4CED5920F0CED39157E007CE21757C5DE440ECBCB46CD283E378029B43FB077B4F47E6
310
0E9F61E8D01BE017D7E843EB49F50A2028F1E442FCC90C9EE308E4C0C2C94EAE30B75FAD3A0EAFA57FE9EF960F14BE15638840EAF3BA490BB6850EDB38EECAFD21A0C746D0C4234DBD035EFC7EDD121FA585FAB73DB89FE6A03CF833AB0730E5E2F1A36CE3F202A128934B44E396961121E1F2C9F32BFCC0C140CFE22C1CA8
310
E109B182919696BFB98120234F61B59F7BF46EC30CF067B21A33B0FB3E402448EE266CCD93135A8E823DB31F85E677434E608F53F8100BC0098EA2FD6BC01770E0F2F2D1E5452A711C4BB8486248FAD756D852026B6DC90A2AA5C6B69E9068B8F27AFABFFEE8AB36F1D23985D5960014FD711940800B560250D2272CC54FF1
310
D3A660B275AC3881E349689C1616E1E9044129D032313509DE4700BC867C71F128C400159407C761022BA8A040F40A244788808C60B3AD67A17576279F6F946923191921B0545FC2F12AC0EFEFBD7262B6935679FC7F80629160ABFAEC88E8430E76D82A8DE62ACE50BD4A42FBF03B387B37FD321B37E31C3F063D99703F51
310
60E6C9E5A300CF32A91E0A085A29C0FC507F6C21012303C6104B82C1F1E156DB3229D1A855A32A8352C9077AF733A0AFE0FB3EF81FDF2F0F82C21B0EB06998866878B103305E31EC17F4FD43831E570A2118D1667632D4FFFFB125782F96168A833DBE78C3F11F8383A79D49F58F1E3DBC780417AE6581381E8610604888E2
310
913E12492881274822C221AD04CB0B1D273B8542837460898C686864FF6F801E8269F40AD0481DFAF5E6E9C1F3BE391C325004DF0746A4E4448F7B52C0D5EAD39EC46896B888C4210D68E99DFA2820DF7FF850EC407EB55C3EBC5028611409BFCB8889C90F1C52355AEF98B18100094C9D0EF6F64FD47E5CBF3FF5293DDFB4
310
B50DDD54F351446FA1F14580DC3902C085F593CB24ACC917B213BBC11B3F0A61042FD8B24F4FB9C4556D0CB9E1A880DE89934CE9607F18F81FDD950DD0E1D143F41D56110E227C250621FF098838042BC85B5B6BCBCBC31DD37B34966E9FFD9936A2FEFEA9EBA4182E5CD3E17AE35501FCE0707E5525A7DBC64DFD077825BE
310
37CE0BBE1BBEC061410C660B6E49912665E2B3749C7C9F93834022F74CDE6CA5EB501D9CBC04B768292C5CCB84478F3CA83074092C6082169015E5800D5839DC6C1B58EFE83ECA513BDE3EFB8EF1242D2D4B3FD55AFE03D42F8492AF8A3F21444FA2FA9ABBF525EAF84C09F0168527B0138A85D1EC0443C467B28BF844EAF7
310
6323BE13D7C11F72FED783837B970FEFDE7D7817E077C17EF7E2A1C2C0FE851FE4C008388C15E818958746129E1009D054B67530D6B3D8DA3D59D82D9D57CF70039FF50FFE0DE94089DB269C3655A4F25B38C49D0BD48E59F1526887C18FC5272197F85CA72862A593A4843CD25F920487DDF7AA0441A2C0600D062001F103
310
FCEEA3D8560CEC3EBACB01CAE5A51E420349F602191E5F901893142381351CE17047E764BE50DEAF9E4D8C38B6ECFFACEB141E54A6865A88A60133EE9CBB4C256930B0B168C1C3AB59FE1743FB422C7166082E934AFA5EFA3E4BCE0B69362FA7041818B7FDECE1DDFB4D022007CA23E521F0700AAEB5888BBBF08023E128B4
310
045381542FA256B0D04E28A0C3804E233A1BFB476A2F48FD135BAF9843BEDA3264EB42BA499601F16B566E72C7EA35908ABCB9176BBED43204C696AFD3D7B24B08D3AFA44BE243D88A6D9D0B6562B52F741E1610C0EFBBAF2B0829289A640EC4C8A4FF66A24430786CEBE1E1E61AF9507BFB496EAEB64F8F49B4129EBDEC06
310
5EC1F8A3F228A3CD0950883B41BEC6D1944AE06147289600A7726313AC69A3F91197F1438BCB743E76F01F6EF1D1C854071670FFFE43FF1EDED702EE5A14C85D0C42DF90B86068800659AC88981855E3E774A71C0CAC2F76754EE7CC87C808D1E1E0F6CF47FD4224731337BE1E39C5010823EE997B1491BBD99FC8D8EF7748
310
2BEB5EB2CF66499A8E0F7511B19B3EFBDACB6507BC78731B1B383D02FFDD7BE8DD9256F7D0BA7B46015941097B80018F700FFA024CC08078F51806100ADBFA163ABA8A3B95B9D2F92AC30BC908ED31FABE0CBEBFFF0279B675868F9AA24E9530B08C174055B7F48E4F58002F3E82F0BDFA003E8B431EB6C4A91E4D9B5FFB79
310
1265BA8827BBE5F1BCFA7F789F72F75EC800F8AE43FFAEC42F13009FB905A9A0132015D0068ED7682AC608BA6771038DEDB3B33082891FAB1ABF5614F93238079726B833958796B845B731FCB86316713C1DC581B1E19B424EE32674093F80776F7E27C6FBFAC85C536CD955B96EDA2A3FBF770FF4BE11845470EB3E42D022
310
000E0FE07D161811020742162444668308801E133A4C163BE68F6826A5523071CA78B2FED51F28F8C70FE4190073A3E5D3259D7A288CD19BDE623F10021BAB0C6E327FD507B2741627727EA00D31856492F9F009D7F152D930704E642795C1C1B336E0DEBB7F0FDCB79318543B25341F36802D64A981A690B94259607DE0B1
310
9D466BF8C1C5E1CEF9A3FC5C639FD6117B4BAEAB453F8EFBDA500A67E8BAF76C8A06566E36EE1184E8329419161F83D843D5DE7D8221163E145F56921C3EE383978072129E290A9B7166E63D26BAB1FCDBF710009E4051842390031845F20077CD079407C575F20364C4910ED2A574BC357630B0BCD8DE39335EB175646A69
310
8458F6A346F003A93002E846FFE0C459B8006E506D79BF902908A0AA05CB5E73530E33BA1D3C2EF99C712B7C8B41DF4D2A7830BE8707485FCFAEEB85A09AB6D39BBF7B4F23E00509C20DB04E240822A4B810E04D8D53D10D504C059ED86BB8697F514777717A8F8144D48A4C89077F7EDB00E2D89DC02A7B975640A282C49A
310
4AA84B70B12BFED8EA6584860DFB7EE23FCB00C6BAF7332FF259FA3C9346508813E372F1DDE425065BB61FDF8300F7EEDDBE8D0C6EDF46F7D8823478590AE23759D60DA6B7A9F125EDE8F4A5D2B37470D0B63C30DCDE3D3D59A8D1501EB1B0A5377517BDD6E301F995E3F955F0F58FAC2E81CE172A8344AC03DC6781939D24
310
84B8FFC15E8F3ACCD3954CE19576B942D0A029188EC7013FE59AE90B71292DE774F1F63D60230180B30A2EDC65291B6211B4081128856001A680015CE000708254891851D4B3BED0FA4D7166B466BFF1D2A924885AD12B387FC0FCE6819AC3AE06A7AA4B715F0927B74D119D4A668FB54B8A8C268D8B038A207D10A7B1E95E
310
42195B695BE0240F7408B311257C23F581E987C180140C584A02B1670CB817CEC0A080F259F1360E58452013200E3EC107AC1DF4FD7B0F6D23F33347F9527D9F51E6138E31AF35F1BDAAEEEBA3D71BB402E2FB47CECEE96B4DB85536772B07C82A34F3E66D0BCEC207FEB9E70643761276F7B50D5EE963CFF80C7AF4A2130F
310
5BF8C4EBFB5F07B709840480DBD8007FB7EF3F90104908BA457D43AA2A6A02C91422285E5AAC143F3313A0CB74D9D164933B86C25587134E8D342B453FC982860D09FD13ABE72055ED020E85D3E312F74C25CB0293D978A1C4001927C80B86FD06349126EC219F0C735C8053D8F5F310817EA01F1B7851F406144C211C6362
310
C27DD51F1E310C0102280ADB891E9B085CC528A2B1369A46BA195B9A2B351862CE43174BA73FB7CBB430A5798F4C54B7333B96C3224A9863AD02B9FBD8E63092191924E77C199D92887DA594B6DCF0112857162FD0949FE6A441F5E62E42FB2105BC405A2301A3424601DC807912CB2C39C604A27908021CDA30C4C8C2019A
310
883B3A8BD393BB3546136EAF561980FB63E9E035FF73B96D09A905ACB2C11D79571C5159026227DDBDB81396EB03F14100BEB66DE1FA9EF82C3ECCBE318119C4269FD014E66361FC8BB0B4EA9A98EF3D8848A01360430284335004C183CC25BCA82D2302EB03B8419241C64DF4F5ADAF77B533BE786334BFCBB8DA72BDBEFF
310
C36103AFB30608A0B39B58D93F0BF42180841DD26BDC22CF0A770E90240006BAC65197D90920131C7B2EB3CFD3C71C6378A305EE8488FC1FF8D391E2BDDB0F6E3F45E7C8207C419800DB410073A3173942CA8D5242642A74496FF115832A6314D9FA4257577BF7FCF8F8E8CEE8DEDE5EBE76DD3CF892BA7FB8B90F629431B5
310
525E92A15A3A4A6FEA3FDD73136172060959206591F4C927196CF645AA285CF3014630121754261C0D31E1A7E3DA2DBDB54B04703BDE3A4209F02045C4BB0F529A14BED07098A2A1CD47513DA64B512F409BC01663090796D787173B5AA141B1B39BB470EEBCF1E30F9D263ACC4D05110797CEF7B923B027F089F74D1D06F0
310
A4D8C0CDA6604023FCA45B76C5CDE0BF3845ECBE13E0C0ED73700A8A753C1AC8AEFFF1B407FC8A20F42F0D94019121DE304077A027D4112283BB8FF0072444D68AAD111D6F591BC0061854BBC048EBBE9E81F6A33A95C21BFD13AF3C7E7DCDFFEB0DE8903F77B41DF178E99C289895B0EA8CD640549D68935BA7C5294E0A1D
310
66DA0CC419BD398E6265789CA1241441AC94532A3C19C95340BEFC68703077EFC1D307B71F3C500859C11494838E902203A2BE90EACC5135B80B078804340C920C2300BCC06F7A1C71B875DC572C9BD1D84BD5FB9363CA6BA7D03E5C40FDFC54FC23C9B4B9DDD028787D89219038523BF64E638BB37CC25335937A00DFD328
310
69C5B390C8C32FF25C8C47A7181B4A599A224A9DADB0E0406FEFF9F183B7448F081E3C55024FB33828784AB61704482CD0160C04174F9E33BA9291D58C2F1F1B1B3B5863B0D9F3E51C35C253D54A23E560E2C0CB3A6F7A81382601C2079CAE96B7B1560D20A341E85A928A4E01083256420576C2ED477E2E565FD9223BCC69
310
1CF394D3D8E281501E0EE5C1C8159E92585D255CF30CC854C75318006EA4A01028EC853F9407C6053910BE105348324002260254886C156260F9189EE0F8C9A3CBAE9D5A992184568A69D5183A7DB97DB089FDC57AEE54F858FE54F577DBA85309640290F2D220952620750C5811FB772A7876D1E4040FBFC6474D51246D8B
310
3FB378283FB514F8AB3C20B8BF7DBE5DE541C9A5D3D38DDB30E00151E02523081BC89C2214103E0BC1B3D0199A08E002681A2613A2616CEDF0F0F9C5DDC75DA395C25C0309C03DEC8091A4AFD3FEB504AAC6633930556DAC86EE3561941E862C4A75DD6B6BB3A0C59BE153DFA73EDFCBC3CE2188D3D378FC976D0EF9A95B7C
310
8532F527CE3CF539581E0FE501291E9139FFB65EFF5DBD8E0C18DE3077170A64E033FD278F18068028802F156C3809FDEB11B1019C208D020C9BA2870457F0F8E1FDC7EDD393E3B9FC9C4308E9315704233F960E554802C14716B0B45DAB5EAB5E25AB7830EBB8D25E6CA94E4AA01794FB1EE164FE9F040FE82C940A4BCEF9
310
13075D087E85A7237D3CF29C47E4E676777779528C4781761F0BFBC1D3A77880E40C9A2E5109180D5255317890394229F0F082010354082D574F1E3FBAB7D6553C2113DACB97BEB5526C7C6F69F9310A94C46CD89FF8F379AD1AA035FD00FF3F320180F01417A6F255A3A8D86319FE0C0B0E06A0DCD33F79841339C01E5BBE
310
1911AFCFF7C1E0A540BFBDBFCF2372352686D863F83F59CB6865F43104007EE06F52406F680341102048A01BB048823082CBCB0B6AC48C313F3E7CFEF8F2D1FDC3D6F6F9F9D9E98D9D7CAE5EADE2A6512FAD7AB526E17F600C85550DDE9ACFE9D97E694513103BC69F8A2813176032C890C1E9C49FC09C61670FF8705B1D73
310
86260E7C8E7122C7F8208A55139E8C8D4763F7EBF5728DF9C34677364E3A3F9AEFDEC9CD95470788834F9FBEC512379890B38C94205B2557987C4186DF5C0837608DF0F9F3CB87B7EF6E920475752A01460E556919B2B64296FB9FB70DD5F47232A0F77465BF140CD001F00ADCA175090E2665A14E6329B62660E02A1CB50C
310
6025E3DA252A670B3F0FFAA5EAD94A509FE7036B159E0D1D9F2E76B7AE1FD5A606198D3A747AF450023CBDFD162278B9446688111009B4029B0F2180AE20A542D40610C073B47FEFE1416B2B12200F3C991C2F54EC2491027A816B0A34A9D05C6F437AC23462385DADD75642EDDA738AF1600DBE07EE8437804D2D011A94DF
310
71C2085EDD40266A407FFA1D1C00B0C03927E60338E3B9D8C47D1F8CAED578E06F7CFAA4BB63B175FA7C301B747CB377F45192003CB8FD34B12009224543D8604494011A80C1903CE0518C986208E1C5FDDB8FDA161686873BBABABAE74FA637BEA894A44078C19696F326E057D7F95D061A6B0394A9D5F2DCAAFE4C2388D8
310
A6E9AB7695CB0BDD0A332430F1A9333DA41D1FFB97FA09AE84E738C75C407C260408F8DBD5EDED7DE1570A7BE333C54F16963B46AB0C2B71208EA3D16EF4EEDCD7005241166C005A73C03164792151205C007288AE337B4D7103741BDE7B7AC913350B348B2D767515674EC6F72A0402BBCB41C81305AFCF05F2758D3ECAC8
310
D26AB97606DB9581A4B7A8FFB068CD5C0604E6849046B70C2B60FF0CDDF93C13822B4E82FA0479A68220E66D9FD775FB3C1A9CDBDB9829B6AF2F77EC9E0678FB20ED8D1B1A1A39D10F9812E20D6281F5673121AACAA9C53424000DAC173F7E18C3052EEE3E78E7F1160F5AAEAFB70E0F7775CFCE4EF384DDEEBEB9C0889D52
310
43BDF557559FEDE5F17AB21E118C4C31A3DF6A96B56AC62180293910ECD6B721047664BCFCC6B2DD3C65CA0F0C823DFEF84083C7ECCDF05898EEF158F4FEF97EB9C123F1B9D1D1A3D9F9AEC5F5CEDA84A3C96C14A55584D62893D6A54D8D2028D05C8B1F124884543F3223B29D208B04910D3FC43F5C52196AEB5B5F5E58E8
310
E82610F08C21BD443801233C0CE8BD1E40F84A1CA86001990048031ABBAB11EF83F9283EA89F181F2A0D9A9F62D94B7F625FD727E6A93F63F200F614F7CF100D4511C07DB45FC5F0CB4CA359ABE4774631FDAE85E599EA0878A3C33D5AD6430CF4C055EE5FDB80629000D7855DED3F436F3B61B3DC7FFACEFD2B1BC6FB0696
310
312CFA477CE87A87070C7998E04FBA78AE3F915A065E819FCF35B410321D9ABB308146A11AD5196CDDD7C477A171C8AFC74B45CBC6F641AB53C8D4ADA5870C02379BC0470CF83DB55F073E29CF5CE5F7A3F8FD62EB7AEB1774C2C6780B9523F9287193FD23DDB79FBEA513B45200E2E0C1B51350163AC19043C600F2C1DBF7
310
DEBA7BB9B5457BC0D840CF325EB0BBABBB786D301437000020004944415472B491ABCCEDAFC0591201CAC8EBFACBF367FE7B6E40E69F551BBBE7123E3C00AC560CE20C62436E8C3C54CC225EE08C0D74CE26148877689EDD004FB2BFBFFFBB984035373A7954EC5EE8591FE531348654514DB1D1C56411DFA2A7C212BE5ED9
310
1278F2851A432244C6822C29C85A8B320ADCBDFDD63BF71FD32648E7D098CD018BC35D7FE89E250EF2AC75F96C15271602687965C844B8807C6E7729D93F22E81D39ABD62A0820C1FE9F11CFA7208125D33E96FD69E83AF6052DD32D49FF0802CD9F9DFD39260389A950887A647CCC99BAB17132DFB5DED35138FB3A060F62
310
95AA5E195BF0BB56495A5A4A8FA440026E46A047D40ED2520A441C302D240F201FB8F7E0EDDB0E12A04D8816215A0579E8FE1B1281E9F19C9900DE79842E2A7CCD48E9876EB01C75DBA0E0C8D44AB5512947A00BE7CF5DE9E1A6A6BE43CF1A78783DFD5A404E4477336C1ED8B18908B2A847B2AFE9839E891137A6673BBB96
310
FBBA2A4B8E9373B001F08369BA11BE8ABC4302FD2345FD6014A127068427D007BE28B41D9B0D40FFB7EE531FA673C8870A69135B1CEEE8D009C08042A5B4EDA314920B635BF941E7487E45256439DFE9D276295F87E698389CD49FB394FE19720412DEDDC40E9CE9C6DD605E0B719FADC416CB15AB3A61F9B5B9B9426E54F8
310
1D8B03DD950946D432B40CEDAB7BB5AF11213CBA73C9BCCCDAFBCF06127C7980FE6D1DC9B4DF14832D6568FEAEEBA76FBF438300B541064ED33F3AC0B0D10505306FD370AED02859234402F6C3FED006766DDED2034D90D119057225EEE3DAF787EBF30EC51ACB4F551678BD6728E1944730C095F13E4D81A4DFFBF67C5BEE
310
37E62A85FCCEC6CC6C7BC77A5B477E22223ECA4FCC0F87E2A5E3EB782BDB25B8CFC6736A044DE5A7CDA604526361D650484FE283B77EFBD65D52C1C73C4F48E7D0D81ACF572F2E2280F98FB230508FA906B42DE240ED651B301CEC83DE1790C9FD96B6CBF986BECF3BD332C18EF627A0B6EECD5B152E02088D03D828AFFAD2
310
6B05BF671B4F9A09A8CE0CD2707F67F2A4B3BB75B9ADA331C1305BBAC182FB4A79820B7EEAF73199B8404C0B81231CDCBB871B80FC41FF5860E8E108222A1A076C29E6E03B6F3FBD4F1F295DC457573C7ADED636D6B7B8C88413DDF3B327E1046AA51040B40CB50C7E3F1D2E44DAD34CFA604029BFFBE714DF0C069908027E
310
B275F1F366C132E1A7450B04011CF82B2B647CE754F650FF6E25BF37AAF65B7BDA16CAA791F1D09F6CAB989EC5AB7809BE145FA459E8D3E4B0FB47DAEF093B946FED585B80FE1A0305FD5330FEDB4FDF79FBF6BDE81D8300CF6815E5F9896552412A03F31FCDCC7CB5E32365550CD9365FDCCEC8752E943161D78047336F8A
310
F6539840A1F2E764FDA2970999F205CD2BD1F5CF496571F76EAEFA0E1CF8FD2A55FD06391F9EEF8B9DC9994E72BEBEE1FC928E2F223EBA0FBFBFB4F2DF137BC894B8087643D64ADE6EDED67F7680FAC9060239E845FC94AE93D880F994FBF71FBCF5F66F9F32C292EA900F9C1E6F1105E81C5B5F58A067A448143842008D72
310
75EA3BBA3D2516FDF02FF79260020D6B3C714711F3CFB61BFF56A826E627E82256F7400FB387FEF23C1C1E77FD6A21EBB1B2B35F2F95E7760BE1FA3ABB3A981423477517EEE36FF96F122B942F6FB64D9502BD1B9089162532A2FEFED255028FE653C9F46FA321E0B588B7DE79FBED07C44106CC85133CA65190543004D01D
310
02D8181DDDA5A9C91A7110805B7875B689FC3902200FB192E7DFD936B37B57D9C338BD49E99E181F4E5FCAB2ABC1CA7AAB382CBC7D515457CFABE6FBC63D525E5CDF74B16378B9AD6774A58531912D232DF01BAA913DFB7D3AAFF912984302B84D0500077800D26C60A4742101DE420C610C2E92FA93056022EFBCFD5BB6B3
310
8651470CD33BD87630C05831BA864C85997B8754B05167F0706499DC442FCD22592AEC2ABF3FF13F950039BF159FA9B36ABDB2778EFF83F70972B83BFD3F4899E64DD8346AA495CB155A7499F2CE39B0AAE755125EB84FD8CF8D8E4F4E9FB4B72E8F1DBCCB98B31BC4607C2CFF21C8145FB48EA0F2159F86A3098415609554
310
DEFA7B27EF1301033DD06D274BAF6821D220DEF96FA4CBB60B3CA241C021D38E1AA76B4406B4767576166766A6C7F77273F5F395291BBA19F64F2E3095C14F3E60371827741CB27E89543857D6D96BF9A47C6A9A26057840332EB843717AAD171880217B71FCCC0355AED3D4819911F79D0EA8AD6DA31A83E36C5DC2D47029
310
5C011302387069158F6C9966022367ECF1D00BA9BB95C389AE7B6105A1FB640689033A7FCCFFEDB762189103A61C3A4FEFE0D6A6B5A19EC5755A443AE78BC5E9235B047890A65919A0D2F96AA3C01CEE913BB3ED239C3E0CD8DDAB99E4348BF3F8B977B6C43DEBEFBD7721A839A63B94C06A10DB87FCBFA3C2932F8C26F88B
310
6D6BB30C3C4E09AFE40FAB52EFAA1EC0316920E031A46D65A0FFE45A673432E907FBCF86717AC04F2CD0EF512D665FF53F05BFCDC43489F150890C60A8E0314E70A06F619D30D841189CA15D3417F3CD50191AE4396543F0C42BCFD696C58DF163F5B46D708BD5FDDA5E5E5FDF9401BC4F7E00E8A17520833D1CBFF495B5D1
310
CE037C664123EEE74737268B5D1D3DBFDA6AAD8C08DF2C0BC7A737E10AAB2A7B958990CEBF556CDBEE823CB09FB344143463C630CFFF585D330CF0320E921744A7918280FEEF981161008E9FBC78C830217A07B7D6985E83F9A79884ABB5AB383B4D7D788F9FB3D867A2112A43F19042B33A108690CF6F472F8661CFAC9714
310
78757F6E6F2F7AEB82FEA85E5715941778B278281F28C268AB24BDB470EF3303E09C359E9DF1CF990D8A096106E6A66C8620DDE7D281DF0B2831F20439A30D68386CE13E002F7EDA8D7806162B205D6A19AA1FABFD6B1B400EC2BFFDD66FDF7E8755B4883C043F43046C1326136680404F1F934EBDDFDD39CB58A98DF1BD78
310
80E0532E671FA1435E9D6EA5E9071000BE8F262E7C4044FD95D5FD526EB40A05A634775F32205C3D779FDC168CD5E56BF982508BF572BDA4F6F57D3304BE9EB18149461B12F760D7485891CA47CFC44909136FBF4931716A2E100123FC6CCAA6A644F25EDF4AC980B14039009BECE8B798BF69A05DC5B6885CD23F8E13A46F
310
F0C0A986D617F001C52241801E87C2974C31411DA3A5D7B6175472763D637D3E57C33B908F867F4A59CFCA7923375E5F027A983E18BD7BD4E6FDDBB2250C1529F4202EFAAF979DFFB1F2612E87EBEFEC58581EDB9AA95AD1D7C1905F7305BF8182D5BBB524D47C4E3B81CD843220DE1E6536497C0962C225F75A2D6A998303
310
B23FC501F0B3F736EE1FF01200FC8C99F5515207C9C40081DF304C0A17D06E26CCBC5B3C47459308178301FA8057C2C0AE9D99B05F038828B08400F2E3251254DD7EB8BC4853B101F99AB48E387457C96951E5DB670648BAB70A7B04FE93EEC5F5B183F9739C98952C6845C380D401B8FC86E70A20744EC720E09D35955D96
310
A9041720196D183AC2CFE6AEA816652D0234883D788BEC8F5DF2615261DB031C2381092401B48D8D2D870FECEA9C3D99DDB036C8A051058030E32190976718C89F031DFBFF2EEA3D88606A8A19BD0AE305BDFD12BA4FF46F1A0002B07137989C748936E9DB2C91F43B07E4E4D16C3779CF5A4FFE8CC981F07C29E34B7C012A
310
F0054FAEA4A6A3D49D3A16D2B3CF220A029003366663053C89B3FB1827080DEC2780076FBFFD8E39810CB0593CC68B5D9009F2D400418028B0BC6CC74067E7C9CC0C2690FBB084AA5254A12AF63543B35EB40D17B693F7E3464D5094C00AA9E04E0E0524F5C35C5EC6BA94B21AAF2440725E2A9FF94FE7A8F0E769EB83FDEB
310
039B631B18BF396F5C13CF89ACC02C387DA56DC3B1CD84B96CFAAA37B55FE723B611062258257D331F186AC93D8AD600B4FEF4AD777E4BF68F2168FF08C081A37AC13446C859964803961928476D78F68419390D830C1935B5C2A0A22A3AB17D3D6428BF12DC373B8D464E04C0A496BB3B3B75639DCC2500E0F0B15FB6F47B
310
5A7ED0183A87CAE8D535F2EDBD4B3B7FC762DFE65A07C30B2851DB890082ADC07131EEEFA3DB7DD5CD32C0860CA83CD4B7993A175F422A8149B1C1D94C1145059D9C78A8A572A90B7C8B1E3392FF77A80C50220880FF3669004E90F101740D2B808181455A044904674E7482CC3EC85C4BCE339404C0B0BF6A5611E4F9B815
310
7BAB6DE327EC9BFBA1B4557ECB609C1F45326499EFB90EE78F18227F09E563C9E63D847EDB3B68EB9C39E95AC4F7ADCF7D87F6752BB6912040281E4A0D8A8314E80D60470999B8A51FB1488A66A9F3F81FFA61C83F4FA6969E472288FADFD61B005E0EA4284822E018911828E868614DA0C36E11F3A051070BF2F0840E35F2
310
00E2C0C80A776CC9E7E6841C0503D0EDF15ED9AFE527E798D23BEE5F0604E58DFB7099D739BF0BA5D332EF29F1535995BDBD0DE681C4F71DFE6A7AC5A13554AE6910963E9ABC9A0DB5B202225545F5CFACC942B5B93C207352B6E5310BF349AF200175D7DFDF78F6D683B7C87E087FA9B35812C4F8F13452CED610A2207541
310
E6D659A739441F3833CD0C9C3C3DC2B0712F62333C4FA9327C9CA1124904B4FDE0FE21C119776CB0C212AAFBA5CAF80EB43772ADFE77CD9FA8A4144C54C2FB2304C65F62FC3678E4F6C68F30FEE1BE8383CE7DB86F58B1AE0C51F0F055E188D02F00911DDB0991832228B3172B3E623E513FF1734FF414A611A603163F401B
310
EA790FC9FF7FC3FD3DB02DC00184145B850D01D120424DC03C00FCEB7880EEEE939399F1F18DBD4AA54C939899304D913CC2D5CFBC55E50C7FBE4C0E14AEEF53D6843DFF56BE2D554637EA047D3C210E2C61077875FB5B40E19F43AB7470CAFE1C0D3ED3B3B4778D1DF6D4F837C08747180FE8394F2CA1E0A46B6DA62CE2B2
310
DABEDE0B1924098580FC16B369730E9E90541D3730D47FDE16EE1FFAD3419CDA05ED1F2715C607F2E81893AFC5936303F40EB776F1D808BDE393A3FA401E1C706E154C892860AD74A2949C409E28A8FB3349C764D13E4D1D3468952B7B1B35001BF41142CAD58D6011C8B78961EACAB66E9AFBC627673B61FFDA4167950A27
310
4145BF11EA17BA9AA60815C2C43AE1F648E3772E53C94E6364AF826019E723069A8AA353A3BF7FB5359281700061FF64C28C10B9AF0B70B0B0D30A31CD1CFD22F68C76DA1E44558869257892363C091D313EFA46B57C3BEB252E9C6BF5B4799EC58F1910F469E25AA17B343799DB3E33CF410061F96C6D63FA91B1000CEBB7
310
D2971BDD39A2A76361E000F5DBC1688D47CB812DD60F8001AF25B328D173A9E4BAC18CE9F1F628704330741B2649B92E9714447C68559C6CD2F681919367E4811100750058809D0230C087A89FF3C80C23C4C60882E481F48D531764BABD5CCECA308DE2F63D3BB50373D630796126803C2D1FBAC148F7592881B395ED7D26
310
B7DD38D7096AF98841CB37592561D9C6565317AFBE9FC4AF7371E060736C7635E0CBA1809FC80F544DBAA1F2F9393D970D44C0615A0C6930E758B9E63AE690F73045F0C8C0731DE9CD80F718E94652383458799E02C06D328010011C7090D8C5E5336A83D4059953877EA1E1D66FBE994F04608C4C991917230FB61F9AEE18
310
3A40AB9108D032449FD1A7283DD25ED15360EF7EA9303EDDC0043403531EDEAB10DFF87F5E2FD56DF0F1B701A9F614DB17FA0E0EDF6FD0B1622A81FA3D1DE5A33F551930335C353A87F9AB05C60455193448246944A232C5D07636D864CDD7A50D0B4440CDCC465D1C418321F50E1648D500294065D869559EF3C40C8FCC6C
310
323E989AD0F0C73142480B200842802C061008B480A9954AF282052B3AF67350FD0DD30D1F4075AC303A5D490250F5400ACF479656861E4C77AFF327F3EBECA4B57B6B6C8FF62602BF150744656A87DABD7BC6BED50527B2120C001A0B3718C74F0C65CD34F275164D7968148DDF259AB8AD6CA81CDA4E8819509B996A7F64
310
2D987A401A2B04018C01E6C169A8700F9DE3B489DB2BC49C9B7B858A4F50D22AE15428FCA4A1EDB20C83492690CFE361CC7F8C8066FFD0D77AEE797977F468A36E0B0DFC87F90EE6348BC748F7CB73B5B9DD5C6EE7AB19ADBF6DF359F1DC2A0F9E44F213F8041F64274C0859A2AB7C37440FEDDD2F95BE44065F22067E3EA0
310
CC3BD8C0D8194EAB291CCEE20B9CD8E02950AD806080047A279F19024C837C848816719AC4A34DF8F0706CED904E8185753A458A27E4C1E37B5F30A104932BE140E0BF4E400160F320B054A8705042FFC47B4940810173F9C9E97240C7FCC3F3813EA239B745DE9F1B1F3FC2F9330374DBD1A7B475923F9A2ED81716D18D1B
310
577DAAB9D1A0458655AD3CA7E211867AE7C702DCACCD291E0F798013DC01BC326087775C0833E04EA3778FBCB8DA4687A0255CA0AD210C15661E4E92001A4449031D1DD27D327334BE830B64DAD90CBF537A45FBD4E94A7A88888E715B7E74FCD040E818BDC1BF5AC609CCCC015DED23877080FCDC47BD8EF3A7B783A17D33
310
F3ADEB6D6BC7AD75EA7C7852C5B6FDADA6AFEFC2D181C03F8C40DD8A4AB5024F0B72E34B57BC1182472DC80946789AFB711DB7F1193C03C893B0345F420246114D3EA71D04FBA731C0DAB0D3CD311B218F0D5A15ECC105D02F3AC32F13600084731A83220040019B03180634B5923D438300B05BAC80881F061095FED5D572
310
A3323ABD83F1D37A2301A8C930AB3F66ADF7CBEFED30BAAD7D78A06DEB6A87F15491F5AB7E25842B6B34BEFC12C8A159F187C64B3CBD2356DE5FBAB98BBE9583F0E3280C0076DA15BF34C15238145742B07080B1EFB83382F9FEF2239D003541041083C5AF9EF3C8944DC2030BC3ADEDDD9D27475800693049E05413BFB3FE
310
B4308731512F13400D06F813368A0101D8D863EB3E75FCCADED124F532AD3F123F131AB46A93DF1ECE7F96CE9EB6C365C6D6A07EEC461FC919FE288AF7AE1A7D012D291EB073735FF26BBB1C99FB706E972192819B7A34BF22424BEA1CC7958AC2E04BFC8E02DB90A4A1DD04811ACDBC181037864672C78F6C0EC3073A40CC
310
49D5E813593B7002763BC6A909D31AC86F3F6E335C9E1C309BC58F16418642E2AF6B290A34FEDC0CFEE08FCA0F56700699CB73B9C99302AA17BD516D7F1FD755A2B32B3FBE7134D3BEC813195BD355020A7DBB541539CD2C06E45F46FC0EE08293E6C0E1972176D9B678340AA1A4823404EF79B1E2347E47C35D0A2260730E
310
0B513025DC0BD1C07E3366E9B9D17F767405FB531070700035618606F0B40C73C974CFD321B0C174A80C0F3AA54945FFEF348F5488895713E89B5C98DA501E06D8D24FF04FF0CD7ECD7BAA755A854EC6A180AD13BE094E8D5D63BFD6DFA5F5D3E4DB1BA18FD8473DC6E17FFC9832B71A2A94D96E808BB53F9192955D62C82E
310
282B05168AA0927D54AB20A20A74800B7CC9655C8B15F62377CA4C91641F9F4D0478F4FEFDCE273A002CC0A725EC165CE3A149F0333E8E9600B2C05A7D15FD831F0938DBE5D0FF13E3C0F0765965A0961C3FA86DEEB0E28304747BFBA5FCDEE44C23544F7BB7BF7A132DDE34F99E44EC3FEEAE92F667A10F7E90B0E8C6442D
310
F5A5318B0F816311DB2E6DC6F172C363FC800EE09186BB9EC82A24C0117700CD884AA42023B81EA6E0CF8B3056411110D78606EBC5AD5417B45BCC8E61EA01C4006AC233933E35D860BC1B6CB9C9CCCE7840D2E0C1C1FFC11CCE54D59300F2B47D66A10F09D8E24B71B9BDDF98FB62A3B897C53EC88D16D1FFE8C649B17BB8
310
E760EB20B784F52F992544753F2CBF642CD3C9C70D8722C197142C567E74FB431EE248A8F3FC00377F5142144A82FFC28AC2970A780C85A7EE9146FA4B2981F3C93BCB0F3FBCB6DD3DE69C72B6073B99140DE28B8E919D9D9E7C2F5FA99FC1FFD07E9AC0965CDAEA0A945FADE52C791EA989E8E7A21A355FB37E44405D171B
310
98A6E946DB26AE71DBD01FEF07FD378F5B4B518724481820890E7486E3FCE61A60E096D577701890EE07CA5D7F2B086040749FCEF3F81972E510A86359C9BB579883035887542090614E5C4461705D7CA1CF84DB564838606CF1597E8119790D021080C935A908324EDE9F60A04B7830A33F0670CB08605B8D01BF9A3D4356
310
93FAB4FD84EF6754930640C1F9D74B052A7ABBA9F502B39DA3BF6BC7514EA4BEC71D752BFDC198EDA8DFE8F32B3EF811E4576B0A2074B99B070A069F60173E7427BDF285024E35A4418B7A412914F2800F1965C4F1120A2D5D2C64400563D5942044807BE7C738EBF3034C4A6F4D70C04ED1F97673C039FABC4CFF18866E08
310
200BB66BDC9CCDCC3FFD1E43BEFC52C317F0F5E64900FBFCDA4DEE68768FFF46350E0EDADB7B34DBBEDE3776BC55599AF84E312229F931E700D04478D66A0D88D09B2276141AF0F8811C5F8067DC04C0F90929F7F1AC9CCD368488AFB965C97B855A3E2E93AE5B4866502E55991B82D4388614F2C36B8484A5FA06E3EFFA98
310
4A6AF17D5C2073299D9F12FD63826F67FC460E54030981684E9FBFC22009A3006962285FDF4FC84B699FB5BEF3736C6072F6844C15EDF25883037DE6BB7AFAD6AE164B367812FA8CFCA6FA25725D99AEC5C6EDEEC64ADDA2BE0056002032E1D7A20A54CF444E360D520A5B69816C0A953CE0434A8A898BF18E2B704588C01B
310
DB2133342F5404FEE698957C200EF54E31BE6DF4E888C9C67F5F3F1B41F922777E7FA6332677C20098C59F762F5DFE4A23F9801A3BB6F8A4F66E0D40EC867E92DEFCE84C714FC7CE8DD3DD3BDBF9C781B1C3B549FAD2C89D711808CAB100E09700BB85240374A7209212F320CA577222A7020E7824500179FC7096C714884B
310
DFD9499E027ABEB3CB0226CD293CAE6E0C41A6788F396606A073E28CBE5CC67D584D36CA39D37974FE1023253E3FFB007A26F657FFC901D851130DDC2BF54884F20D5D40A0B7E5C7BCC7CC87B84F2ED820192CCE1AABA1FF24ADBE1D03635B5B3B53D4A5F84120125FADC36A0E792D3AD7E255792CD5241A4C84171F110409
310
0017DA493D0A7790A7BDE6DF326180398E4B0DEADA5C2763825E43E05C388E184678C88CE6422606C017F030366981353DF03A753DBF6370879F79889DD0BF75408724DB53C5B0063AB6568D02DC47AE4627B58D7E367A6000267E7840C23A0940B992DB98ED1C4731B4FB4DCFB6D3EAFB6CAC7646F0335C5031888CD74E21
310
03380260AD47176D703960230370FBBF28813524C17FFFBD6288BB28E4F905ADB4A788B40B4A6201C1878BED224DE9906C4C79EF32EE679B9F5D3B5DFA137327320643909A823F62106CB8F9BFE4BFEAFF0FC7A6393EC7F64A698EFF8ACE31BA05ECE6DAB6DF124118D1D13F892F3D3530602E3F3ED3D59DFB821ECFA3D9AE
310
85B1ADAB9E328DE738BF55D5DFD039445AE76D0194180F57B15BEE5F09C07F952F9A10372BC894CF7DA12CF6507E2A8916E0DF430C519485C55D61EFE209912D8C32866214E121611E22A0B1238DB18E86636A3BFAFD5B4EE02FF1E505F902BDF424D0516907BFC95EF3A76B6B3872769D67E25B548F0DA46E2B93DFDFD5F2
310
B9E9EEE1EE1DCC7FBE6380DFBF38A165CAC73DF912AD76A4690D2B766A3EB4AFA2D05BE543EA20B095FB17AE3F1928D84482049B659E671A4763CFA567C08824913D37F2F92F841FC244085C1681225C04AD6DE1684831682CE0D6096B56101C0D4FB3A1BD3F11FC1105AECF5660BD3FEEDF162B0D9DEC6DB55AF27FC98050
310
BDDEDFF63ED14B01336053A19DE9AEF5F5D9E9D9F9E19ECDADCD497BCC57681922F327EB41FF681E17C1921B04FBAE371AC69E53F98183E91B84897A5DB164158BD1D12FF6F6BEF0E02847727BF2628F9FD48B6FB11DF6928C868B29590A0606F92140D0C08850DAA7DD8A5FE8A50389F61288AEB743E9C801BB67DBE0A7F6
310
4F63BC87770FDF57AA73FE1F5A84F8DD3AADDFC32087FBC0A7D645C327B97D65E7A8BBA76DFD9BCEE1B1CDE3F5F7CE4E6DF4013ECD7CB60BD1239E8A4E9A5722AD9C4FAC8F7FF17B214AF8801950430639A08E3ABD05A0D94E253BD5951C885B0CE750309070555FF21F2EF83FF53F4E15038B8D8A244740A5C9CBC120043D
310
A0B323FB1DA0A4EDA268C05A304619505000BE10415DE898809DB6B66896E60AE347ED3D6DC707CB7D5B5BC374A158EDC343D0EA61C217D4878CBBDC1D85686782C3CF4272E7DCFB5E9EF628F5A95AC1AC0C6848F5771329EF8DF2BB79EFEDEC8DBEC72EB7F245287FD4B31008AB38EA4D52F2BF57167159E3004CD8950E21
310
7DDD6F699FC763E9D1A0AECC701F7BD4430A3E030374066938F883C01DE40E7DAFD609345E33570F4CE6BE467FBD7F793B5AF2A9D331D86DBA7BF98067918F9FCDD609A0384B523F4413B574B818C6889FAEFC5E7B8F90CEFD62BC2C85B2478D54DD076635BE434FCADE68B3ECF1C8708E27863DBEC352D87BCC7A92A8E135
310
700CDE65BC114026DE5DB68275E656D2C0D4087293D43BB4C9C14EA83C0D806783B40DD7CD4F19EE9F33801F55A3F1FD600017A6CD5DE607783D5F74E34680E7DAB98D99F6E5B5ABC7F7DF19D8278322F6A97FDB2FADE1539BD945DDF868EE2B8B70D9EDAA45D1BB0A5801198CF1DA891540474745BF0317F8A3703E02510A
310
E94B084221F887FE950272D62D4232781054A87C58D015CD45EBF9B70E60820A2056E9D4D619E8494BBFA68B61EBDD8CF52CCBA124BACD4A4077E8420A7F36FCDAF661E577B792A7E1B7E337C7CF1FDEBB3B49F501F3C7366C1730E793F51FA20A9C3D2E9F18E63DC277449054CEADA36DA0807467D45F8A744E1BDED725A0
310
33868703F1392BBE221158220588F30574A0B0893D0515B0B7C404AD0E7F40C11D504C49BD7DA39A85A19CD7357DFC966E5D92272FF06D59CA5A6A1C8AE30E52F1247C1F1D78F81887F9F3E387075B170F9F5EEE4A7F5BFC69DF02FD8795FCFFAB472E7C88D563DA514861B85BD41594A75F5E866BE69471110A9F75C8609C
310
7E6BF6C7C727431EE3E9E3773D2378C25226E82C08104A57ED273FE0921D6990E02B006BD038263BA360355E8DC446A380F0BA35FA9945A80CF60DFD54054202F91897C241C147D59F8E0FC67CD0F2BF377A3463F8BBBABCFBD6833C57E214AC3F5AE9C2FDE88852968F20337972C7E04EE5658223008AE82D93BC37D8DDD9
310
00BD6B16EF221F0D4149045D740A8A215D4FC186C658E01994B8CCD317465828704BB630DA2243B3B4ADD3EA554A97408454148C04A1A0CAAC2E04033C04073851F54380E0BF2DFFA43FAD3D6B574F2E1E5EF6E5F4FEFBD1CA87C161FCBCF5C7AAE2F726F814027BAE10F79BC3D765D61D1803952210A9AA07F8C6BB2105B6
310
1145B324F96014EF223D4A9261080239F03FF6F4DD4975C183B887E081F7A467A25EAA0C94028FEB808637768B07400A8235D4EF33143253198900E079E3FACB0C59B00F827A5785A6FFE2FCF0C0E6F1714F11CDE5140D931D707950631F3DE877F300002000494441540ADFB08704E252AADE1BD4E8DF55796A32B9B6F177
310
37C67702E5C638682737286CB0E0A89B624D5BF28222432848C9AB8C07170C97B814FF492A61072407D638006F7C8400860444C01B1930A522788045633DFA9507267A3A42BA05925BAD705CDD3792FA23C1075C6EE768A673919EB6C3FCFE7629B7310AA794CC9C0D14A1FB88F95C845BF22543F57996E0B26C9E4C2ADF18
310
7F979F8A55F11B47BC26594C52588518D25E6C2B1CCED231EA1B748F093E5726A21A54C91EF95789041030C20FD5AD68613432E19A4D0DA2505B6BD843516E10BB00AF9AC315EE9FDB39CC1F9EA59CD88F9CD071D470C86C4647FDEDDBB1CDAB81DA94034747A779F4CED497CFF817348F69F52E55490840E48840BA72DB71
310
F3E84F6DA2F4717AA928F153DA6E4C7E8E00363CEC9A2E1C8E65F298FC4A52F087FCDEE5CBA38A80CBE11FF7BC2AFF249203FFAB77A128A001B1987BD334AD9B901890A8C2005B6B248196AD09C0025ED841325B31845032E327C531C839E66DBAB39566B631C2FF0A1DA5A3CC47E665AD8751B47CFE33899DF047C9F3C365
310
E3B11278D49DF939298E09002F6430F9958803309827A7C791048CA070061B7E9A64C557D235F83EE24822E5EAB805F9862F20FC58F483DC0EF02181F572930205107E00E523861895A2811309808F2B6C14B2AA579E893753C155D2F54302007E9FF36AC5FEDBCAD47E182D91A73920CFA5C18E01F8FFF4C3F1FF553BCAD0
310
E58DEF85DD63B91BE38ECE1A9FFC4AD4A1FBA30D462C328C5A0340DFD393D3D3D3C0659195C96990F391EFF4175213BC74C020922D4830FE215E76940962BC0713A3B82784C0CB6623DC40D6E1485BAD454F6892200B225096127FBD82D2B12006BAE2E329C771E25FEBC0DAB3B5395289D56D7A8A89081B34EE06F80F819E
310
FE75C67DEEE95D227E283FE98A7B9F1C97D2D05B4D07A469153C3DA3048EA68FA667A6D90E291C7D7E2D063E4D044964D055F2DBF3E31BB851AE9F78A0A7314F0AD24901F581D74A6929142039C65AF5830D1C809536CDC05E4BA51038F79D713DA930CF18BA3010E385351CF47F74D439BCBC793556A1F99814926AF12835
310
E251C59BEA3C083EC2B2760FEBDF4304C9EB87B35769E1EB24B648542CFA4EBA9EF93CD42F03C08F249A2C98897D8E2225E90077823F4A52171A61219998CED6FA050992B6B0A74A2220ED12123004FB977084208F8E2AFC80F456CB110BCA647A3A0F854085D84FE0052BE31FFE7F925610BAFEC06FC33F9931BF063F39DB
310
3D1BB20EE357F594045F4226131578582CB055A59A073AE0413989D215019B6EB8A21CF154D71164E0D8F4E730C2CD382D098DA5261456A425643686BC8301710F2C50665881399156AA2B4C3191BC555728384800CE10040F746A3D8A80A5F0E500A93456FEC52833BBB45203DACCA37FE1D3EE4B9BF0EC27ED47D89B8266
310
F11EA2DB8B5A8BB93EAEDF0C06B7AD0402B9EAC6E787365535AF19F15158308A9D9785C1BC1C01377F8C6B4D07B50DAD25649764A91DC9812C7B34CA98184084F7C01055466B48058CD44085AF26648520C85C41C67805462D8425680425559F4440F3ABBE1F3F81B1EC72708767DDC8FFB6465796C8FE310FEABE0C9B242A
310
74137EC3E0427091967023299BE5D6D4D0C6D15747DC2AEA4ECC57C72856E827D33CBD319D70FF854369EB841282F84B7CA4881447ACFCB257E252E00FBB3272120A75B99119840858486615636E0E0334031AAA8C08A62E080053A0AAA4158431EC727A084021D41CF5D630C94184F6FE7432E8F5F9A4FCDF3EA7CF136FC2
310
988093F98ED622E38E4976E1BF0CF49D2889E6DF3566719FE1F9B47A2D3BF89C69155DCF24F88C609EE551160F0415900B4C48FB013D8900A9192A700748002924771A3686A0A580FE4009E00ACC090253E280B90AC15048E047020483A038A60ED232831F2CC90498648690D960C48E439F18F4DDBEB0B6F5AC7B7B89F623
310
0243B4FA160A7B9327F3AD5D937C8BFFE5FF8B3A5E64283BEF8EAB9F71159514CFED62DBC880614AA1F7994CCFAE7D8C87057F451733699B8DF87056E1F0654B5021E38097E4E23221B810DE20559AD183A61C2C88A648DB096081E9801CA00BC1DA0124E08DAAC15FD2936905CA8DA1C40E42B13F1764E0C4015EAD7F8BFE
310
C99A310B1B7C0BCC7746D3C0702759C89EAD57122092122D1F857067684A578F1DAB7EAC400841F493A468113282FFE42316CC74C756B1C880FE78795C692813CF4644480EE9B02991BCA257A71861F00666D9410288487618D120D0E80D7773E2B7DD180E100EC98B221C94BFC4FF531A09B986230F1CD08378A8E4D0FDD7
310
D9B1BC75F5C12EAD7FF83F3ED19EB018620303C217A6A35D826E72ABF2D8E2BB1B783F6E48D2E3F360806E1D192085D022103473A10375B63853EC54F500B5B064DBC20945B88160DCF7E4F83A0200BF6FAEAC88E9F54D22D898E43F378D20B51B5D6B1457000922202800DD401A9266483029C0D6D57ED80D42A0E6E08835
310
F0F3AC73D7FAE6D56185F04FC44472B854EB7D9CBF7134DF3DDC35A9F6B38417DD6F508B37C1A718B0D054124176F7222F62DFB327F34D451799D56216880193254FF782D7DDE26C271BF38C6E422E271CE4AB8823C9510F021126A7A944E00DB4031D013C88EA0746C96D4574069BD5439C4110403B40020C30B07A604F1E
310
41D19C21A93FD9002DFC35F23B1E7B98E95E38387E3603FE7393680410D702FF9ED5A3C5E5CE68B5827D721FA78F3A9A0C08A79722D9C9B418F46C0057BB1640C70AA4A03D29CECF33987596D53CFB27B32C3BE304C540E14BF8464E080918268D254838C91A01F0FFB99154FD8A9C0495EAA6534A6C464440B4A71E16100E
310
7405088122A35F7A511DC003D002E6C8E7E15F6D1D2FD09014139EC11FDC89394621F77B9F88EB5A583C41E2FEDBC8F82334494C0BFA97FF3C3A34ADE60385B60E5A30CF036E5E75370BE3B83AE73B3B7DC0BB337DA0045299ED0C66681E4AE223D01B1BC3BD4C921E2005FEB5114739040758189BA8A320067B62A3995E47
310
20055065AC2B4A8006BF8CFCC907C0063EACE41813C5F017065AD46CFDC6FF1BFEE052932CA3478C8E5A6F25DC8503D40F61FC1B047E4DFFE8E84407C81F1AC7B5C79DA358551CD0D13785A9AEB38D6EB68A0A8087FC6543E7471082873CDCE5CBEA1EFC5CC0579469E225428E9A43D6A6000B4219DE52E8DF00A55F4BF503
310
5960661C2DB88AC1F67C2890A93FC420193C8326409E7B595FBBBA9AE1D1511B3F6D65B09AC10A71C2317201A603E88C56CC68C91279E83F5C147787EFE6C675F00941D23EF092920330982DF38C65EDFCA89DA98E8ADDECCD77CB86D85118F3DD9884820B1128010D02F1060F582871CC8FF42024C02239273A1CC3BF71E7
310
70DFB7E96081682803188118B50310BD620234F230B12711B063E0F0490FCDA9248B580D3D3DE944A30CFCF2A1E0F6E59E8FBEA289CCCC943785BB8880ADA9C2FD70F6A13F5418444E3A669273C006C4B4EEEC067827539FFBEA9CFF04D84E7F170480037005AAC8829084329899F90B5E013927F8E646514B4824B01D11F7
310
2C012CEACD163B6358A4454A4221D06E68A71062520649BF9E9127D0772D6E5EADED52FF216BC2FC513C7D3C5CC4C8AF009811826AE20203B076A2AA66D8D32E317DEE0EFC000FCE16D9E0BEB17C74AB009256C5D8AD1CBABBDA61402612C675FBD72D07E633B1A42F2421208CE01397560811204306617A5141706105C9F4
310
984C459F2D0F6C392FA05BED808512B0B9A8A9FC6CED89640EA347D31F0DF76D3D9E61E800FE9F7601BE4C9614A1C58E6C839F13A12D0EB426DE6386B82369A9E6A7F1F9146EB578A2EF4289AA109B4F6CEFEC0463E0072A05CC9DEDEDFE08407B173B8AA65399C80B2911252E6290C82CC1B8909140C11B7AE161B42B9390
310
5045D017E00CED6D27AAA15F2C2179F1E83D411A7020B9408D202381E7E5DEE5A9E7E5CDE3B186433F488AC81554BEC09BC579018ADD1DCB3D9D70F02B14BF9159A4DA376225FE43DA224FED327941705DA582B2FD1BB5DC0540667B650BECDD1D5DDFB0C7F36DEE2B94F6EE2EE4E426F20A1174C31DF153321A24114C4FFF
310
25E505475F6906D4149B21F1BD9D9DF7B059F8E0FD83323CB97991FE80EE131A9003B81C491B218B1D42C0C0D593D9D548003839DC29A740298B0C23F0CE14BB167BD61989AEF0B985C8FAC8F923A73F31953989F0F6C96CA6C4D0A9A88184BEDBBBDA3BBADE77CD8E2FFEDEEF46184A86671D7DDC51417477BE9F04804F30
310
5AC82C2D018A21EA903866A0F959FBD4139916D036635EE03DDB7408BCF0627A03027AD314C09B0A27F0A79490D53839D0DAF1416995CAB24101FA63F75029D57A4CBBA9FB4D120ADB17FB5A999FC9420DFE04FA670430B90FE7F589F7FE8D50A4B5F004CE5F07EB4EA007F8AEAE8E8EF7DB3BE2F81F42166C7246FA9E62D0
310
2C8209BA1024414C483498B50229FD923F2414040B2081390AAC353B5283EADA12A30B1080866D746B9ABF5BC107F33C2A015B275480759334B83AB02175EFD0DEC785DFC505E0064F4EBA5A97073A74C5C9FEC97BD25D819E28AEE661FD2732B8BBFB1BF13441B3C1F45E8AC1752BBF80C113DE960E0AC7D9D02C58C80505
310
A19BA0E84B14402601A590A4AE00A825E98C3212342302EE10FC5100681F86834A2804BC409D70270A2091DCE874B16BE0706C974EB3D26EFEDFFCA6C4579AA4DB781708469F055532A7046C6BEB0CF39F3ED2EC4FBCA3D00EA91CA68FD2B87B5C191E0EB2C300F00A1C9881F263571C6CFD83D079D09F176FAD839340CF03
310
0F70458F81F09AEE1329505150CA0A00576B56C06D58070B23086F685E44232D9D53DE3FC3731044F286D19F459351863F749F1104198D6E14BBC68E17CAE70D7AFD958E350BEBBC70C9C4DFBA075240DA27D40AD7DB063A097DD3F041EDB3E4B682A7A12A548F3393DB01945547175879989302521EEB1431B08759B632B1
310
74E0F700E774FCA1BB83F95029ED1A084288C8893520E49415E00DA080AE8027C34206D35491D050A4C6B080F6A20889A2FF82379AB6234F6710C05F9080ADF002B9C9F9C583AB220F45D618D7E7F7547FB27CED8A8B7A7D24EDA4988B0C1C2A1AFB53FDC61BF3DE50D63C560F0120B0372F0839DDDAF13E583B868717C1CB
310
8CC71D1D7F440CC82184803144196EFD58BBE00B7EE77DE8C015942357FB06FC906A5E2B8882CCF9FFE184B0035A5CF186A962A63F84B3AAEE3D5A2C830008807568B6A9F424086D2095A3E262DBF124350082C4B5DF4704A9D2C93553DE47BD6766B69349610716999FA25854F759CA9792599D3837ACF6247CE8597B0F96
310
0FA3EC45B61715050260C5844FCCFEC9666BC71F875B17E3BCB4CB151405D7D08F846B4CB952248B4603CC402B609E90F0044A007FA800EC46D07A51232B00E5683C55D5096E1374DA4FCBBDE2C25A5B8D26008227CA7758033D7D70DF12CAF7F247939F93F1CC63047D63ADA0B7CC8771B234D8095FCDB577B586D1834062
310
035670E204B245EC093FCBE15626C10D210CB38A13F50E10A0D5C0814B0C4B30AA9858516001669002229618F100767AA3D6D2528595FE7A398C2D2300ED0013A0AE60B91644A057327BD3C36BEBF48C91279B45F8BD145494674AFB211A91977CB838DF35DCB3D6D6AA2FB2784B591ED785DFD7DB77747DAC9D2F7674810E
310
FC2895F9ED8007EC7885101679C06F21E4B1C8A6120956F80518D1DAF1717BEBFB5803E20C6F2A11B2E48AFF4AD2810A70054623E341B3D1ACD92DA91150DE631EEB2C28882D092049C0DD38E262A7BD6F98549930C9D44B7C37028AEA9F8C5628A2BEF5704C0DCB2B428181B1BE766F43014498D2E57791E4C8DA6BD2ABF5
310
003F0C40202E2E32EDFB02852D16C30B7F646B98FDF86C7891690043128B0A0DE6B4EA27F08C30CA34C9D0AA0852A5997F8D11A6EE84E040B20472020256F4AFEBBB74E6705A12083B249089218E6452C8E5A69717E904A3F5EF3D5D08EC1F4D4E85086B238CFFC11AB9AE972CB775616C6D1DE04DDF073B4DE3747C41FBAE
310
6072901CAD0237100670C5A00C2C3CE063610ED824826C1F6650700E88C00B62468903A0D71D3A390255AD7040048348C56C4647413C2C2561216E0C469203EF06A5B101AD40D0E207F78B124747DB5B4BBB4E88B1C373C114E0470B345156EDDBCE1B4DBDF81DBC400746B0B54E05F693707B89A5E430982C2AC7D10DFF11
310
D5B102B9505034B35D07E8E5F585757F088B390F2D4C85CF7218E8418BB4F25B885053D07D5A908326809F31D6CC6B77CC948413B28664484439D118DBAC27DB5AC40C1AD166F25E6A2F0AE82100C0BF220405323E1FF80DFC518CACA8DE1003F3C9FAE9C7B2D60703A0004F8EAEAD2DE0F5485452D15B77B4B67F4C2403B8
310
D8F9C533558ADE058A9E177A1698F75DC0EB4C800F74C0270178C8579C1FACD025F0560844502D2BBC01E620030CB93636C1041636A693949CD80139FD15BE107F905590A292840F8860706D07E2970A2F15E5B13B87C3143CB2930374CC46A6F9B9D7A5CCCC14E11B9E879A49FBE27ADBD6DA82410FBB94FAA8487D61B51F
310
4BE0A03FD08743C31020D6628ED20305A22C2C2FAFA7ED1E7881C438AA5B9035F20759E243C51F34D0D5F02F11403B9E204CC1686C0B6C9000470561519CBE1B0E4FBEAB37A39EE4B84C05F023858779341991F36D9D9F351E7BB3B5ADF00148D9D05784F9AD8B037D48C01BFA83D4247F03BB768BEEF973A14E610090D4B9
310
6B1EEC5C5E66928F28EBEB6CF578B067DD83086081579848E60DFC7684044D8174993C39F886043481F6A2B743B18749E52447CD4D230513032D20D20206E536E15BCF7B7D211634F98FF9986287F33F9A94615A5A0A7CACF8DF5DCC1AC6EF9AF1945EB78E0A2FED1DA2ACC00EF983F9A012260BD722EF61C9DBCDD8719703
310
ECF839029010CA0B9F100B1D2842153E01A1A3837AB579516A31982FD2908A09100DAE591016CBCD4B011A2F4DE299E1338CE065DC4841BF9895D8C81714800CD08F5AD39601BC929B55D291F6CDCEF2AB40DD5D98F4E6F107C47AEE4A09A079C05316F479DAF4C2BAB83221BCC0CE23FE3D3D4C7BC9AB673D89A3677D6020
310
F6E182332028012FA0FBE0B2668FB85485902A8E7FA0BA2105C213E20BC2169211A4BABA7D693C3F1DA961F203694853137073AD5CD25F1C017DE0477626D7BA55B88F83B5EE513C41D814639FD1BF759171F4577D3CAB0C3DFF68B2D3B1F8478C18F67BEBB2598FA76A4545E9E961BACF657E0791D2373030E0EC9FAEDD17
310
BEA7703A738185D08236C407448A4CB504CBF01FF43859D3115488EA01B55078000DF085911805790DE1B41B6F8CB2889C3834FE02AFE07D85143C6C008438A944EA63E047023A7EF37E13B0903AFEA7BBAB9579330FAFDAACD540022980B65A75FBA17D388F1E6576405CCE7032D95BDA420E7DC0EFA320879E5F8B3B04C1
310
D2D9C1114210C19FCC49DC6A855E12010184DB8968109ED016E4683CD552A36B3AFA13BFC2114068935A7E774CD2C7225642B73325938052D8634ABC18DC9442BF9E0402E85B42F9F3273672DA8E8F1070405D1DC3248487574CD98092B8B956E6AFE1566530B78FAE05B4A0DE51FBAF85DD075C7E11939F80E015A58D1F87
310
E400CFFD2306C4D1D3C634380A201545A92BE01F445800BE12302AB477BD6F62600D211232EB061448A0D2B877BB940D63D059C37E0569A83DE93E214F4BD86209FF6F479C640AFF8AF6D1BFD987D029A94DB7C329B4184D4BB013BF912FB88FEEF913071A8D82B651BC10DB067A7EC52FE1B421883144C00F64FA23A11CF7
310
08BF16CA59F18D4C04B8085964B2D8DA4A855187000BE440BC816FFB13374640B0EB1D0998AF38A1AEF503F14302E2811081FC12EA6CD38A63B33035125F40F170C0B0AA45E9FCA38FC6D688D48563B5C4B4B7C359D3C7AE0EFB16ACD5E2FAA47EF8307044B4EBE1C71E84E742D81431FB06B90B600B9C239E277A57C94C42
310
7EE10E7826980C0136600D916A06058CBE8604DB4D314FBC014EDAACD0820F14BF75449B70339490FE5A0491221BF95F949DF1235380E969AABDBE2D32EB4403D3FDF17F42F9A0A7C28ED75BE86BDB7C7EC80C76F86B8800F77B305EB88F00A4352E0F8089EF811EA02A3DF08F7DA008F803BE4B4EF5F41E56087099E92070
310
8C3D720916444440FDFA013D4E1201414123A09290F5BD7AB729298209C4306D007BB0829FD4EC3A6D7E4F00B67DF38CA0764F832F0448E58439B952CB4F70DF964AFA74CCFDBABBDF273E2FF4F56D3DBFF2A78D42FFF2755DF307066497F44062AADFC0CC546F6DCCFECECFA232E14F408F05477D311B683A35BC245FCF8A
310
5CD2AF20022C21022266905A5BCC8B20235D6FF04019CC04058AC80023662E25F342063165956320BE50370F2A657BACC817DDA3DDD3EFE04028645780A768FE38DBA88BF2EF3ADADFC7FEACA952E5A77568ECF0C971DF32BF1D24F8486B22A649EC81B1B60315CBEFC026091CA45F858D7D04C1B437079431E63E38F88075
310
8842E780A9E03791C0FAAFE10012588C3C592FE35461A6047802BA18686887023A422A49599399893103942CF6DA53A8E387825FA0678B261F139F801E2B17C901D0F5217E07AC2401A87D0480F753FBED44FE949C93A1D042B879FCE499B3D861AEB23F9C1F372F0C24D0B7D6E70FE1AAF60F84BAE642D82F0A9F53E22783
310
915518494FDBC0AFAE7DA282E5050B703570E06319A015E00D693A6BEFFAE493941C3B08C13B96BD20D0115A9565701DC58568A3009DA13E965765C03091F0FF339F7309D44F6E61F837F1B1FF920450EB8FC48F9B40158BE89C81A597CFB0DAF5F5755D3886DC13D4479599B583758CBF35663AA234F133F91D3BCCFCE0A7
310
94367F385C59B19431780F1C099131384056616E15A1563B50021D369C593FB292685A68A8B2A50A0A2085CF05434617E05FC24A6B077B990014421A68401AC4D65788EE25F737EB780D08A6E38F060F2ABD889E1B889C44852C2FF368C1E3E710D73B6589EA83F7417B341ADA1F639A23D15298F087AD0326410E116C3A1B
310
325218433C71AE62C07C1480F1C045629724A076A4BB8D622D24690486727F56108D07046DAB065000678E04C4F8C342DE27F4AC102D854F2D08D59B4ED0E4F697B0FF62F113646BC5B7F3131D4EA8BF8B265EA3F2026E7061B96F6DF3D993276B2180B8E57067587428579460551049049B074CF8B1066C7E14C705F0B392
310
98C0997C17F701097023BAC31081390196801FB0C2A12380042927503D5A01CA127F9841B460310639C674BC8CDF1A320501448E0068905B07F6E5602F8C1F07786253438CEC51AE61FDB25FF71B09893AC026A9EAE3F30F369F5D5EAEA5801FBAD3C98B38C13EE017B054F81A56F05259DBDA64FE270B1FC4C77200FE276F
310
E814B916E222575ED717A62A92956504605268408CFE13FD61F84252228376060206802B9550F00B9D47E6AF1022538A752CF4FFF1F5931384A9FF8700EDD4FFA2B93FCBFABB3EA6C607FF714B0B8B04EBBE83B52B246092AB018C0D0002FC490849F1E214AE6FC42009D6D86616C835B65DB9862EFC4480C14137603C3089
310
D0A5588FA27E693DD184131BA4E88C35045ACEF1CDE1A82323C20B842F2419604821196EE8185BC834AD44F8E9B7549A32900196E9ECBBE20FFB4706861AACADBBFD9B56A23FFD3AB8BFACC18B1B5AC0ECD7B6AE2E2E9CCD2BE8AF1B1BC3A813B94107E82DE67A42E7CC7D4A6116700B5B2EE3C338A09B840F07C40A64800D
310
7C605AC42B72227C4C7020AB1F20056E26F542717F56534261DE3766AC10A6ED2D006DD03BA9DBA507AE0510A8B385C92363B9154167F1230C40D76AF6F3BE0CA08F8BA2FFBBCEFB09D0986550E0F0EAE2F2780CDF850CB0F88CFC2815FE87BD83909F474F45DD47F1C821DB2107A8817FD45384F57891B65F2543D0C1E20A
310
89B4A8DF806862AC27C60F6A054627FD344250718AC0FA21CDC4E28DBF2650D1B39D8B8A420C348A4F846E2BE824BF8C45E1DB8EEB52F576F47A75FF95F90FCE0FD3A7A08D48D5B9AFBE3EA658E1676FE3372FB57F0AD8D70ED4AEBA3D4C2BE0AAF1C3AD63A6004D12900CFC481A47430C9EACB390038642C8C41B13303166
310
614210592736B8603AD4FAB17189DBB32F3915F0C380795A089A15228460BDE8E52203527D41B5470901B088D84FF8B3FE2BA7F4FD30ACAB3DE0B7E2FF95807AB0010FFDE3A048F7360F9F3FB9380EE537F16F8673131325D3351A3F664022020811A0FE8C019CA17370725CBFF64132025DA1BE2555102212E80A907FB43E
310
D80A991A8AAC183932C19AE17524B06590B6AD286EB99BAD18FF4BD64BAB519202F992A963648ED30E7521F909F090C0213E367A77D8836BEB6F34D92EDA624183070248351F1A079E5D3E7A9EE81F2CE6678F92E299EE312B6C0572C0A7B5EEE07853612403813152C7125E2022A20C18F855DBAFA399817FC97FB6E1CDCA
310
31D348434ACD0012F0D32A5456B4007E6E92D72B1A4E9971223A42C1042819E4049C0C5801300C0013FA48F8944FBAE71DAFC27F1826FA2304ECDF3F6C10FF47D5C7E49748DDD687DE8E91C09394EE0682A4F84CFD6067EEDF43E67EA46CB2F4070160439245F00343D03BF25D7E2F26FC400A896DBF19FB8D4D0A66DA669C
310
3D608F9CD048A0533621B25690EE19D5D15248E390F042B12C682511B02BFE3E5700E4C9A9B2107A8F45248FA48234FD23005ED1F4EFE80D1320836F04003BF42856D478D1DCA3ABEEE3C68F9F30C3A16E5C238EA5DE3FF37DACC2F8B7980033F47FAC34421EF0418A045394802CE032D61C70023D788136788613887C0011
310
A4EA316E005718AE191F8D0D841B9C679CD2FC478442D005429166F5A24403B1E6ACF3298F388B6D0BA933D92339D48969A5C11F09B4FF017A9900A4F887010C474717E10F36468032FF33F4AD610517777104CD920C3CD15FC5F3B3A0C75BBCA3B00F2724863C10BCD4A0E00736C7981F2F72E4B001438B99714FCFAF713A
310
2603BC710376A1715FC602022202E06FDEBBC680A3DF1C4C095A12C50B554FE7623B50374FB2129DDEA4C392C9188077658C87F55FF92FFA507FF03FC8DFD3F31BDAB46DD51AEB03F7E1B38B8B87CFF47EA1479C3EBAD5C6B382C221C0F1B358B39D76D9D3142C4A20935F541E492E0EF081BA41B3620A8E172B584EA14856
310
32E22A8221CEDAC6110AFA4B6D43E2B76A18AB240BB24337721C9321D2C033B2D3E2641A55A400A28403C12D1DADE39AD23FC5FC08C47A64DC3FF6DFF76B5235124022D7E6D6D5F3CB870F9F31C96FE477FAFE54100068A3A87FA5908A2C08011CF31309C10025B089FEF9C510522B8DC07C30AA469841723A10C08E27F00F
310
7FBC181C083F2809EC3B2B328E294AEAD5A071B3A95C81D2DE3F930372D022C9C793535B92FDAD5426E90490C3C81D000017C6494441544698C416520C1C40C71FC204B22448FD9303782FBA67089A1A7D4CE38E89050FEF5F1E078A4DCCFADA058032C34C1CBC2E1202B1F8962B1A8024F0EB7A11F209E96FB369D4B64202
310
FE7BA230AD24C46413536EAE955B341B726C593B5D4630C0BE822480908522B0D85430230352618DCD4F7BA6D568BF4343801480006658EA3EDCBFFA9702B4FDE9022163C43F9B72B58001A23FCE6F0B3FF0E4E1DDFB9801A6FC42FD0132CC1F2224F89933107AD30B6C9131A53818AE944BE25A70810821C38F098411980E
310
46D108F483DC63F49B91B852351604091D60546702F58A3872A1716411B642C7629C267E64E77719F46B0548FD6BFFFC86A38DBFADFCDF700228C124C8664FAA02BFB1F92B09800876FCE4F2D1C3FB4FD0A44E0106A8DB8079751CBF0BD9340066C3D52BC64706467C05B5A54401BE4A1B0132A55EAC1CCCB10D378A3DFEB9
310
812022327745EF2102886A9142C812A1A2C9708027BB55B7006357459F9C2080E0BC34489FC629510F3017B62D5073E2A2C64048A0A42580E413BA9E08274091A398EA80B5BF31C87BF5ECF8F1C5DDFB4F22AAC181F070AAFDDAE5650C4000516440D8806786D874215149E69ABEC43FF0EFC820FEA112B0522003C84BE03F
310
B76623513B6D840820358B084119B0CEC8C00AE888826339A54091F5FCA513AFE147975BB1A86FC50618D9D74502F0C7C8815AA306602FEE3A5E79E0D7DED1B221001118B73182CD439A092FF801105D1AA14E1918EC282F6260869D55108065988BD67F68E5581720A708051F7C8070F582389C682BE53F2AFD85853F2A01
310
3D21564028E06E79B7A71E43212180A81541EBC88F451E02385100491AB0C4A3BC5309A95911E66D04C0B448366988ECD204C2FC930F8CEE8FA410EE4C25B58DD1B6EBAD83F6196670F7DE635282C0A56A851AB035831725F0471A10FE52097089C80495804100318405F0DFC2136004B4C40705EC9154315129205EC35793
310
0035688F61AC02188250CFA9A980233925F16A117A48CA54DAB6400221976B75D863330942E20EE3B00B08FBB71AA813B0E502FD2B023DF70114E0D7DF2E2EEEDE7B789504200112075478F2FBD6897835C91F0C20782401E801A2F9142700B74805703426023A81CC0BE88B537D0003E0C5181D29EB8D83050964DD258091
310
0A1E7A8138F76253DC01DC2F3824391AD748276C0B0CDF12366625D038603D0003E0266CB42704C8CE7FA7F11B4D59C0BF454A78F8FCF1E50513715D469607031272358F04E0003C90107223A581218F10008B10247CD20D860FF0BF48801040B361808148714764028EAC137E871501EFDD97C89B52107FF1235B0928C562
310
530082573CE137840EFEF82A0BDC602736C595912FBEC69E6A3A26903B3A300C5A098A9E3F1810CDFFBA019D97B4E7A7A075850F2E92569BD960CA7B8304995FD006FC4213BB1448A6F4BFBB3A9F9FC4962D0A1369129B10073771FEDA38B1737B663A71C088D8848027FC3008DAC4E4397A6F76271DFFFCF77D6BD7F1F67D
310
A51E0E08875A6BAFBD6BD7AE52CC04A0B4A2206F650EC412841A48258258E8662C3838FBE21E25172C2A15A4F78D82DCF68A005DCF07047C183E1CE47731BBCCB5469D9169E0D588945BEB637E87802A03D88FB82486210D28FB3B858D13DC7CE75F5E6F3B03C1744D30CC58C7C7A256146853A05243060B850072A7010CA4
310
7CFBF9A1E24F414037B8781E8E9F219A774B36481CB43E48A79819D638C8760D672FAC19FB9D3FC5EA9158DBD0159C27860409682E8FF2595652FE189D2CC2D7C023E944158355806FC320087CC74116030CC376C559C098B93A041C5DDA48AF33827D2327DC761D19C17CC62780D82A170E6CE7415A5E7FE825E053048F88
310
D2AC2A561CA4D4C60098DA28EF1A01382772484698F60C8DD24BF396EA76260542810A625978C03580A9CAB91D10249BE579B0377A3DD15749A45F24C4D81FF3D7D7996F6A1690288008C0FF6CC186DA9D5FC95BB09B1301004B016E707FDFED306A1BE8FA208828F00BF342186839839F1F6FA338DC5A0200FF383DE92614
310
C03A4508DA18F4D85F9354F7E867AA77A42FF49BBE6757A1A7454448D0BFC3C220714FE43A3D8F1547BE10F0BC5A05985AC3C28829A06FE24CD062700601F4AF12AF99099B08E7071DC4626A97C920C3FF96E190C9D1FD7CB6163E800D79E5F3F10A9306C02B799E80F1AB380E0571A584C0370A220C3125000B500900D96F
310
EA40409F980E2083E4EDF4D8D2480AE5667222E020BCDAD4EF19682120818FE18EC7FD6AAD67C03F7DF1955E697456F517AC4F24700C30171C67E9168B109A4F60AFA60F98BE30941BF776DBC7C70792A2FBE98AAA97224F8BEA39B47BFD14A8CD03320DA2B676E3AA397E652E30A42CE2987B7DA1EF7F75242413800A04C0
310
270C62A13372400B435ACD84B8B5009208F5AC73EB149FFF3508E21C2201E0338BE07E50EB47E7FF6D97724A601028C5519073E7978EC88834410450E074DD58AD13A4900103A6444A9CB99103229F0EF8C0C78161EBC68137240734CDCFC349807851E0EB46CE864D2E405ED341B71A390CF2DE20CF5193189E1901E866D0
310
230409684B193D17E2928534D04240937D3C84477494FC5E0FE0B448E35AFC19007926C1C6A6E622FDB8A12E30993C6710E070397C4B26304C0AE38218D19F01FFB15BAE1C0E7E74DF75F2406E373C414E848FF8E500EFAF3C1029C9C0ADAB2313A7426CA9B2C1B9E30032C84EF31A09A88A386F136E8C2F1D582EA0459207
310
015F10F1F001F0B1B7DF7222011EA2001F00BFD36BAEE0850928B08C077030FE3806C880EAA74BCE0863A952812E6008B3A89199C1EE918AF96AF583F1A073B0A355B9D861AF1460DCFB3BFC6B7EFDC834B09700CBED3510E48DC7129041C991F06BA5006CA6B5B34EE21501374E8DFC910042036111EC9C7CFA1C05D48A72
310
70F7F835BF04A4194DA4CF76CEC66718C84CD020D04C412AC848F03E3C61A1C8D50D0EA6838A00376054D3DF61A0E393E1F8B058A6C994093476D601A4A06F0CFD3C0A6BFA910E75CC10400A80FDA93AC9B5EA4303F6C0D188B559086091CC5910137772E14F2376D03181B5CFE74C0EA38440D0AC256D6C4D104CE05302FC
310
C00B60B9CD4D71E08BD40C144A025E60D4C1F45FE846A2105D717EEA84808A5DD90A168E133640311CF05DD870768683F5D2F1800F485AEBE5CABD8FFA3C0BEB33702493AEB551B1EB035EF5C8E5757FA7832141F88E8578A363802B560007AF93D7D470B478C4D00B412D634C9140C4F9275C00DCE8DFE3C7F8C0AFBC5B2C
310
E82E3C3BDF393D4375D50C43CD1C17E3777CD2C170725B7B42B41DF15BFC344DAD089C1E9118522B4A2C60B794E4E8F33081BB7C8CFCEEA0B2015E49D586429C6C78646180B7710E06018A3082243C275F077FBE412C17DE80D3E6B9462C5204C5D980D1DF84A864401C483CD01B143F4A4868087A0F780F37230200A4FBF6
310
AED325114C367C22512750A5C7C3E32D545CE20A0904183BA10015DCAD89864B3E1EE97EBAE8B204266A48E010511838E2FE413FB116E60880C2D8440AC3880DDA6DF6618C138CF1CB2A09637E18D00F80CB0DC05322E31EADB8081C29410903F06BFCDF5AB46024E4A75828056440503C707856EF0C037623DD4922A400E8
310
A6BD75E4D2800905F18450A00CEE88860C8964C7B3F90F56528BA18F71CFBBBCD2D05797E168FC37DB26DBE0DD2EAEF39686C18440820013C1444055402A541400DD362A0A402F1FE51246404E098249FEE30708C10CA0B54601053159480C00BAA9B1223A773234FE72FD5C3BD81804D8D196FE3D5315A0C981D88D04FA01
310
DFC185CA93F9120E1F480B08063364A0A318F08DF95056E4C91F1150D31B011200383502E079EE43CC18603AE2F88FD139C802A739F208E88D06DC78267C448C27C4113C19B0F51B0E9C1C021CF8F9167C6B1F2E10E461002910105D1042792D1CA303F469714C018C23D72179E165049C40E801CB96CF334562E5807291D1
310
E0C70FE6CAD91656715F0E5C5E70F8D7F83290549B1BAA6F781D25180EBCA93EC84E72A74081CE3020789B3790E1A9E478E658C099BECFF01E530E80EC5FE31204ACFF70AF8177A03059240CD074978A002A878BF883FEEC81DD684E406CA630ACFDE87292822A11953710F000885D6F68A67ED40CD772B0828359B753F7CE
310
23D9479AB9845771B389D6A77130F8C134EFC83947392029B10E4425440A84AF0E54825228FC1634D369874739C837A9DDC83C20D320C36042610ECDFA750303710224D01202488012CA847424F8D53F78AB6BECE9B3B35A7F32396AC6B7444566327DBB4DF06FD9616744F4D3A397EB3B0A3FBA8D763702883ED742FE5CD2
310
4146D8E353ACCF811C806AE09914D8446E93840FF4D6C963FF32BFB6AB015D1D3B0C9A0968776F021F21404B6260CF84A14F35180CE20B5E85BDA2EC91FD5A7DBA7E5705F4F0F97AF26CE18E3BA078138202400A62930FA6CC7882F911A92F33E547E64990B0F27323D73B6222863F86425153FA8009361C675554C25382CE
310
148420C8DCC47A20122806CA178A0918C14CBD33440289078A00EC6070184CA9907FD0A1270478E0B325B67C2193694EDB7DD0F3C238447C8A11485562FB4902134E6AC952FD5320A4F7C780882DA9684285CD81D278C0E8FF8DEC9F45D22DC3C2CA99C2728110888799575B6834BF22B0F01EDE72D7F21B672C40F0A97299
310
9E2200B7C91403F9BB3D09C01990819238CBAE5E7510D7D57450507E3DB04AAA0A3C280064E0775380C8C16EEA4834346A04BF0CE847B4B3AF760D06D24BBB267C32E2C9257DE5EB748AD101AF1FD33265E2B674EED8C01A0AC901392211011AC810560F77778E85B13BAFE3E25C95B70919A4862C15928BD8989664AD8638
310
101D009A80F00BDC41AF27602A4BDA0C077E550048E7F1011410F01405045E1C140B4D0E70E0F6E034171C3D6FD12004FCC1FA304312518910356628A4A326EC9ADF5DFFD1B2C0399503F14B4F8E3E0E4E39A06ABCB56A8014687E86E462BDDE5124615ECDB412B7314F62E6E0C76ADEC0F717B360E741960104CF1706CFA1
310
8E0605004B01AE007869B095ED92144A807841EFF2811C047889A04901C809062057192688C92346F97F279449F89B113500BAD282D1DA80A55C27EFFE02C8D4F395003F285B617BBF0831F49B055342DDDD414378E8888E92C16789F269A27C9A221FAA4A0DFDDB9F935B2ECC04DC51481558A69301E0460B02665AC4DD30
310
C03D480866C3409400051811876014C0F294C542821AB045011A3E3F09001FF304E3A0BED05CC11A811B865001769507FC01ADC611F400CF68C7B093606E30F3C7E0F00C1D10C31951C1E2D7252181DA00345842A19130715C736EC9ECE686A712FDB31E4D3E50AB336E5666D7B212C0113C4A4406029709B43D0228F3FBAF
310
49921B19CA0C82A2D5BC4A2079809240F37D3E10F9637607C3983F0458508A98B8B4EFC92AC13530180CF55359500080061DF59B98BB3FEACEE881DC8127F182A885A86FB12B43C590A4380504E32305E3148BBEEB2D2782029765428092545BA5C2C681FC5F8E869C0EE1034A822FF09A12C94084505AA868080303473F81
310
61F7AA0A6610745E280BE4427FB770106F8800EADABA19F453210435BDB2348471B13B65F2FCB554827632C4C44467333E4127095D22092ED492009930413251B5408345065065E415266E20279A40B3F520370BE2050C8360E6BB4601C1673B9BFE007EF5200B6483CD195400A783E6DEA0653515B0FCE8E86D1618FC1EFC
310
15C2E727F24F2A2DAB57326D8D0877D4E298894E7A0C3C7D9CE8A0E2D17AA2020FA1097D6372F2A9F955060FDD467AD0426368C24A8340FD0D6687A76316DEF5179ED9042005A2BF02A5DD810A4DEFA4A8F700EFC50FF4FB8C06410F0303C106ADF8852ACC6A2CA9046E9ED070739339857222CC009E206479886EA26227BF
310
7A341A15C351A8404A6C10080A2140FA4B4E8D9B9A11645899332363FD69887F436A660566964250FD752E787B64BCF8E6C8190DF8EA0C854C062D8A5A1346F810414313E606ECA0AC3A01D6928544029D5F42E202C0CB386F880F7842A31287061F32F3CBE09F2950783394F2F2B23D85386C6F51943E99DD10C8A0000BA9
310
569A14805693274BD0E4F4DC3F28E331EEA91C4F33ABE057889BFB92819187840A08E57A276A8BFCB75B0342668C70C565C8059996D209C2800941A21FB82B2F520BC2E6FE6F1A8827043DE17000DACC8193E78BBB8DF1467978C06F6AFE986123E3A95272CAC122046F4C65C4B88FED2F1CD1D918F7CDBF8903BF1A90057D
310
42F4DC133AF804ACBB58446A0DB78806FC053FA1E45D0AF1112613CC0DD976C5E70AD3282F42725C0D02AC8588DE451B1C01ABF063E7748A3882F0DD484BB78D037F9812240EB88B6034C0AD53E5116D4C6D920C6A89F084E6D0598AD7EB6930CC7B293E27A666E5CDFE9A3FA52FEB3C97976FDAAE9A60008FCA6B33099CF9
310
880D35D419FC687D424378E3099441E110C5B3C6DC311E6653514A67A530D863326C4D8430E0C28024803B5B069B0E60C10EDB6DF087034171DF01F1F3404B27B1056D8C0E56E7CA6056E7798147BE4C2F01CED5987E413AC6A724876DE3F599E0601CE7B9CEF3BEB3671E12DCE8AF9631B8031D3F360B6955DC2342B2A0E4
310
632A00264C0DA002220CFEC3E10D9BADC8904D88DC51928593AA16C91DF6FFF82B3234404C7214D0F8608E0052283EFB2B0563F1D072936C4017706010BCF1B16CDE0C1FA9C777E44E1F5259B0C9BBC8794A82A6C182A3AF56B16921405351FDDC91B5BAAA617860E8D76C97C377FE701A4EB4378FA97C2C8E3CC8950886C6
310
FD93AF70A1F5F676B7ED16CBC56AF5D09110EEB8607CC08A795882358280DDB98AFFE7087C6EB593D62F041CDB4018935238E73F1098100D0C8769818F777057F64C703C6530E142FDF5C837AE1CF66C94C4887D3A3726AB990DEA248F73B5D32C8E04F6714B1E67C53FC52040252E605B322407CBF8C7F05453462A295ABF
310
4D95592DDD76AC23512E9A2DF964715C80DD752CA8E263AC36F02C3C28A133EB22AC8D099BDEFDE28C3E8FFEE3815D5D00C17C00511058354D62443C1A546280E43572A9C661A34FA5891F8E7570608C8DF21DF51DF9D2A84D4501F41B8CD4F4C9DEB2F901E810C0E4CEB6EC08DFB06341C864CF8D0EEE779A606545E1E64A
310
AF30A4324C20FDD3BD558BD966BA994FA915CD162B1978642AD01694E533EC190368A68234657085B5F88E27A0805E04B8BB6A00A51646EE3C10A50FF007FF410F1963CA69BE2002F0F902E701AEC995FD41F83A3F0C3809A3288A083003A6CC2A20E6D703EE48E3777AC07ADD51EB6101603A9FCF17B3D5928F6D742EE7E4
310
CF38AE2B03C5FB39C81D7B2978FAFE85AF3D2710B0582C970F0FEB0E4D1103B8BE2B4D560CA10002FC8F334C891C07B44FE06B2E3ACE5E1E2D1FC32203110ABF9CA0E8381F68EC3C06701328E5A38278A5FCD944CEA5283DA933DF2A2448BD23F1C5D8BE04CC2DC3B43B3EEC29F8B5FF926D11D3E97EBF7FA1BD1E5E5F5FE6
310
D3D972F548547783146ECD84873F377C5820F7F9FCE5E07378D6CBCB7E036DF7F7104079A05B77C6942D1BA95D47424BFC3DB6411009A42E207871B7EE9B06614BBD20F22F7523FB985F3F7068E37600273A3ED0C1CCC380F6EC4AF01CC1CF95E4848B7BF950AD14C44F10460221E02D21D01DAE800F323704C00035DFE97C
310
B37F797D3D1C0E4FBF35EE1E5E9E0E879FBF3DF6F474780A01FB3DAF01FE0C0798218007C2090A3008BA7682A338F4A8804A06CBFE6A80CEC766F49853F15B2F45FCEA3F8250012841315016E75E797EFEEC4ACA6C79F515CF1738F7C36E2406071051043817C9E8C5888D49D0332E800062FF54FA562BF7446CC0BFDFBF86
310
03D1FEFCC9F7FFB5A7F000430755C2D3F72F2D02A022820897ABDD44594475BDCCA4A10AF34C06B08B4AB58BBFAE30999DC66C7CE903A83CF8EB006EEEAA063430F84B05F0ECF644825F5E95073870E72A0771AB89B080022A0C5A9FAF34C89286257FB7BEA000EC65B59750C68E0815B0D9834B15606328F80709DE09018A
310
C2A7817F83F96DB3D562C10A0A31300230CD4200B87F85808BAF64D04600254047F9C14DE93464009E7F5AABB4FDD6D55142A2C0BF1541FCE19C20C899BF4F76AB54B84CB97F88F48ECC029FD253F0C70DF4816B9AC94BCBD653B1A283C4001A0337955E4AFED3FB790B6B1F5EA0B5514074103A38D84280EE0F5F9BE974EA
310
B2D16AB1EA969684B6E4166CA28264B300474C7308D20013B204A65F82970718D05678B3315D442E1C0A327E2F56556040C005D2FAB1326A68A07507C9E46A3648555A7080F5F50219A00E6222E3E0862CE95B5680930530742F1D041805E69B788161F015944D041182B861A2C17F3AF01CF5BFDF6C343F9171F5B004BF59
310
C016719164B888EA206A02AD05E8464D06B48E4381A0E9345FD171625AC22198F57C003BEA5510F81FF78D31C9B033D0030000000049454E44AE426082504B0304140006080800E049975C51464CB48900000043010000360000006662782F37373839464436392D313032372D344539452D424635392D3735464133323245
310
303041332F6469726563746F72792E786D6C9D8F310EC2300C45AF127987122606C71DD918B841D4B851A43646695A717C52A85029031293A5A76FBF6FACEF7DA7264E43906840EF0FA03836E242F406C6DCEE4EA06AC22492573150D1F66C60C640E8938CB705396EEDD86DE9B5042FE27813D640EA63BB001C722AF6E55C
310
B61E4863F58284D5D3F53DD715CE1C3985E63FD7F1B7EBDD617E9F1E504B0304140006080800E049975C832069A4340700004B1C0000340000006662782F37373839464436392D313032372D344539452D424635392D3735464133323245303041332F6F626A656374732E786D6CDD596D6FDB380CFE2B82EF73FC9A34CD90
310
6648936608866EC3821DEE9BA13872AAABDF20D97DB95F7F942C39B6E3246E6F03866B813655658A7C483EA4E8E9C79738424F84719A26378663DA06224990EE68B2BF318A3C1C5C1BE8E30C4D599AE6B57D064A704C6E0CB16CCCA67B9616995ADA911017517B7575FB17E2014988818208737E63F0E081C4D8C4459EEE08
310
7F347738C7E63E7C311DB3DCD814BB67387B681D956146921C5485F504A4280D9CE69F6092359B5A6243639BDB6F9B77669B250D6F2A4A139EE32438D2AA25C7EDA795E70C9777EE6832180D87DE6078E53A83DBD5ED72E08C3D7B71B5584CE6771303CDA6DB348D2A076424D981175F8D9933B5C47F2AF3150A5D7A076992
310
9040A1D9B56147945C4A781B9306B08E34ADE690D2D6DA82D7D3F813DB7A81D250A981B6364EFFAE476FBAFD1B40E07DA2947122A29CE70C7CADB02FF3C19E5AE56AC32F94A318E784511CA1886E1966E020D85A3AA82146648B10850466D28B5A5E5D5708ECCBB9D4A565584491C85F632633CD877C2439979AD17F083B68
310
5F3F0D74026B0B9AE4D7CAD8FC35031193A92517CBFF79AEFA6709240A23BC87680133C526CF6DE1B5105CB05E1AB3CFABEDCB46F043F7E1194B33C2721179329955DE690FD6420B82AF072825AE4DDF1D50F90ED07F01E42B5DD0143CC7E8CBF065A86D6738E161CA62F00EB2D1C0861F36121F8F3E4DADEAE119420DAE3C
310
8529A4ED4FC2B46146E3EC1AA4B3E913047DCA3C65DC26C011C4F43D4D449E43A0A0288525E0FB70FB62CCD640A6B0084FE108AC87EFA9253E22F855CA01BE6979A88B7E7B384A274C3BCF0EBEFA0431C36850B9AA61E3297C473F05DFF972F37953B01007E45E25F6928434A13914D36E851AA03752FEC7FA8BCCC8237B1A
310
BB0238679F0AE2E8F0CB46F90549C7802AA20E97AE912BF714D23D8A7042D282ABF52EA20AD22865FEF6D52F73B8F3AC3F75109487417E8B08E82433A8EE01A39900C59829F32A26340F38091E5401B82F9DEA6F71F028E0F50360ACF7E801518B595B6811673E8ED32211F47D1CDE6DD34CCF965F8E3371ED897B3D198D54
310
C083EEF2009D3F9A1C2AF5C54931CE4E1CB368F84BF18606B2CCA421F065970D01744D45EEA7190E68DE1D0D2D337AAABCA3615870A0F54E605A1A9B9E332AB1D13F5D17D96F58AD943A6FAD52CAA731DE133FC4A22676EAD700B412AE9DD489E43E4A39A709E1B2A739E2BA168AB609D45146BA96DA11B694FB31C9F17B22
310
5616C956C03212463E745FB9E87F2FC7AB5650D5DB531245AF9726BEB4FFD5E738CEA2B2AFBB8481E3B64EE8C455282D8E7882F8F471EEDB3B22DBF44BD22B26D1F8F6923E79B7F813F030FCCBE1D1475068D6A1AA5EF6AC638E9C89F8BA061ABA1A39DED5B872C525B4F461B9E85BA2023AADE0D57F2674FFD08F04B5CBCF
310
9EC34914FA348A8AD82F6B484E6268DB705EB05E197B056CD23E4831432B256A27853482A6BA37CDCA7E45772C70986C584ED16CED18308A2670AFEB65C891159D412C7D21EFB0E2AA76D9FF6F97FA9F19B37EB77924AFCF29DB756ADA6C3D74D7A69B0C4198AA2656EE959267D37AFAC5F2B2731987A116A218AEBC59A808
310
61E4898A6186BC3575DE39F833CE03A0D28DFC3DB8858CD891DDA10F698853A3116306876A69BAB7ADDF8E80EE440169346B6B41A9314C28B060DA7BF121FA8EC1D5D02D724B754256B9BE16A5CD8461CC418F33B2BE7EDAB4A4C04AEFA7BF098CC8734B825A5D88E6EF8CA81FEB438FDB92A02CFAB13EF378FE50C4DB0453
310
511B4558E05DF6E1A3BC7FDE5870B9B0C6E3EBC96A79351938B63B1E0CEF267730EF80F1C778B49A7BAE7B67DB73CF6284A7050B08B75CCBF675B795257B1D1825747D6E213089B87C5DD4F1DC76F0FFF81612A55B7C2A167FD74B48D5F08996AC958B7D2F219D44BD7DDB8DC13922EAEE22F6A65EBB9C2FE8003F5FB6808C
310
74BDEFDF5C68D1BAC277EB5CAB886F2CBC27EF37BFBCC63408BDB33E347674517E938B615ED551A5F48D58F2DA6ABC5ACDEFBCC9603876ECC170E22C07B7CE783EB8726DD71B4D968BF1EA709350B5B06F5DF92D38542B5B1BBDC10499A71185413ED9A13D49E10E04938A1EFCCA62C2E5DD061A0055C6F55B841E4F3F9573
310
D81C6F23FD74F08061981DA98A5C043048857BC78DA1D6D11F303A15D34B39D0321FA1F0A8683750C1E88D01219053A82FE616466072E028A5B7469CE0369CECC5ADA97CAAFAFBF098400762E56057B5A70F2ECAB24674C2382193EF1680ED7443F27ED3B53A08E7F0715BE49531878583350A04FD12A1340E26858F0ADE17
310
209EF37639A6DCD380A4D734FF6C1C94520739667B3992AFE13D5F7EB3C4347DFD156551B117EE3C57EF1B9206A2CF888A72703585C050666658DCC4171FAC6F2C85D752315A5108026B91C6719AA83FE6EAB516DA3CC04BAA9DA50784DC1A5AB2DD516F0060C4C5898977FC1116C0A38C8A316A896CC3EF152BD5FCAE1D21
310
5C008F35F6AF9748717FAD73AD77AC021539FE47903FE2B58FC896FA86DAAC125200B42A47BAD507BD30B518CCCB67FF02504B0304140006080800E049975C9ABF2654E2000000550100003C0000006662782F37373839464436392D313032372D344539452D424635392D3735464133323245303041332F7265736F757263
310
65732F322F636E782E786D6C4D904B6E03211044AF3242CA7280997C94580CBE4456DE5804DA0419E8119F28BE7DC0215256DDAA7A6A5597387E073F7D41CA0EE34616CAC90451A371D16EA496CBFC4AA6A31409B1FCC3C81455808D7499486113D67D48062EAAFAAE7A17AF43E4670B1192D3E73D5A3269AF72DE48D69F10
310
1455B5A0817CA5461545179A20634D1ADA89E2028C133A812A60885CF9FA32F3A7797D7CE76F87E5F9C09793609D94E203D10FDEC50209F787956B6C6B6C89B8601D90A22637A8FE4633FEE2D1164FB0664B914B6A1D0CACDCF686B9A02CB03BF2EB4AC1FA936DDC1B68B317227F00504B0304140006080800E049975CFF15
310
A4A45D000000800000003A0000006662782F37373839464436392D313032372D344539452D424635392D3735464133323245303041332F7265736F75726365732F636E782E786D6C4D8B3B0E80201005AF42B6F75B59F0390B113044D83508C6E30BC6C26AF226F3B8BA6360974DA7271430F523308B2B198F9B80925DB700
310
539227A2FCCB80A18E5640D320F996A81C9F32D6E9129A0D1EF74FCE750E6D57BC7165FBCA07504B0304140006080800E049975C8BA7B4BE4301000056050000300000006662782F37373839464436392D313032372D344539452D424635392D3735464133323245303041332F636E782E786D6CCD944D4EC3301085AF1259
310
629938093F82CA7125169C800562E73843304D3C913D41F4F6D8C56D41A88245A576678D3F4BEFCD3C8F587E8C43F60ECE1BB40DAB8A9265603576C6F60D9BE925BF65D9520A8748DF3096593542C3629949D13B9CA754EAE045CD43AC0EC6AE52511139D3CE049E657A50DE37CCEB571855A166C20EFCAAE814A9A22A1C78
310
9C9D86F09ECC08E9BD76A0083A26EBB2BEC9CBABBCBE7C2CEF16D5F5A2AC9E058FA4142DE2907863091C4E1775A9311C6D90530A1E0129666712153D30B9D756B4C60A1EEEA5F041AFED1347EB2972D33418AD28348AA326A03C40A046C1BF60297874FCC3F7C3FDD35E433875C6812674EB93B5A13AD4869DB42224E27F5D
310
D8807F99C7F62D583EDDDC0F1A4EC28E66779B5C1FA2FB3B09214FCAF6C3397E809DB4E3E73F2C1632FA1C4D6F951DC933DFACC030F8B811E527504B0304140006080800E049975CA61F6BE77F000000A30000000B0000006662782F636E782E786D6C4D8CD10E822018465F85FDF71462866C82B305EFE1121D13A191B41E
310
3F685E74F56D67DF395DFFD91C7A9BF8B2C10BA84E0490F18F3059BF0848FB8C5B40BDEC6208FBDF0D901F3723A06090DD12437A1E6832F3985CA1CEFAF5808CB55CDFAF1C5784327C515CE19B6E38668D1E6A4A1521439D8D7351F2FC7A794B5E7E01504B0304140006080800E049975CA6D797065F000000820000000700
310
0000636E782E786D6C4DCB3B0E80201045D1AD90E9FD7516806B51190811670C8A61F982B1B0BAC9C97B72CA7B1037C6D3332918DA1E04D2CAC69353902EDB8C20262D23F3F59B81A079470595414B17391D1F19B4730A5583A7ED43BBE4025D9592775E5ADFFA01504B0304140006080800E049975CECFD112DA800000026
310
010000130000005B436F6E74656E745F54797065735D2E786D6C7D4F4B0EC22010BD0A61DF525D18634ABB506FE00510A79458060253536F2FD89D5197F3FED3F68B9BD80362B21E25DFD40D6780DADF2C1AC9671AAA3D677DD75E9E0112CB5A4C928F44E12044D22338956A1F003333F8E814E5331A1194BE2B0362DB343B
310
A13D122055543278D79E6050F344ECBC6478EDCD76CE8EABAE5449AE4298AC56946789C28AAFBEABC53F3EAF09A84A1441B91F0101CD4780756578C173A578FFDDBD00504B0304140006080800E049975C3DEE336E64000000790000001B0000006175746F6465736B2D64657369676E2D7061636B6167652E786D6C35CBC1
310
0E83200C00D05F21DCA56CA76D41FC96062B120735B69A7DBE268BB7777961F8D5AF396893C2ADB70FE7ADA196782C2DF776D7A97B5933C430F15651E5469C55D70F80A4992A3ADC954792C525AE70A1E4D6AD9816CC044FEFDF01FE3FDE907802504B0304140006080800E049975C9EB38E13F30000008E0100003D000000
310
6662782F37373839464436392D313032372D344539452D424635392D3735464133323245303041332F7265736F75726365732F322F636F72652E786D6C8550CB6EC32010FC156BEFD8602751883011A9FD073DF58630715062B07854FDFC42E24AEDA9A75DCDCECCEE0E3B7F2D8FEA53FB609CED81D4182A6D959B8C9D7B48
310
F18A8E509D39F3CEC55F34A8AC5C740F0506CE66EFD2BA41CAD9A86D41AD9BF406CA1074844A3D72D3435037BDC85AA69819E15EAF52DDE5AC6B52BF789CA564A64D6AA6EC66AE467BE078182FE32030C2DDA143BB51BC2131528A8E174AC94084107BCA9A22E62C9AE567BBF25A463D016F717B407887DAEE1DD313D99F30
310
F9604D617216A2CF3F6F4BCB7799CE9A17FAC72DADD3FF6EC9D8D8B59BDB4B1180937CDC73C05953D2C9E5195DAE2549FE0D504B0304140006080800E049975C67EB8AE1F8000000960100003B0000006662782F37373839464436392D313032372D344539452D424635392D3735464133323245303041332F7265736F7572
310
6365732F636F72652E786D6C8550CB6E833010FC15B477830D491422E38814FEA0A7DE2CB32156828DFCA8FAF9B5132AB5A79E76353B33BB3BFCFCB53C8A4F745E5BD3012B291468949DB4993B88E14A8E509C0577D6865F34288C5CB0830C83E0B3B371DD20654D4093516327DC40E93D0628D423351D7875C345963286C4
310
F0F77295EA2E672C59F9E2091EA39E36A99E929BBE6A7420E8305EC6A1A784368786ECC6FE8DF463DB92E3A56DD9C0FABEDFB7BCCA62C1835E7EB62B8732E004A2A6F581D01DA99B77DA9ED8FE44D907AF3253701F5CFA795B9ABF03E1D0DBE8147A5EBDA67F5CE33AFDEF1AB5094DBDB9BE141E044B473E07825739A5549E
310
11A69A1315DF504B0304140006080800E049975C7E4BA783F3000000B1010000310000006662782F37373839464436392D313032372D344539452D424635392D3735464133323245303041332F636F72652E786D6C8D50CB6EC32010FC156BEFD880E3388E3051AADA5FD0536F08130725068B47D5CF2F24AED4DE725A343B
310
C3CC0E3B7D2FF7E24B39AFADE98194180A65A49DB4997B88E1820E509C3873D6863F34288C58540F1906CE6667E3BA41D29AA04C468D9DD4060AEF558042DED3A3072FAF6A11A5882131FCAD5C85BC895995A47CF2380B7AF9954AA7445013708AE91EE11DA2F507EE8EA43962F2C9AACCE42C463D6D567A4AEEFAA29503DE
310
B6876E7CDF778860DAA2DDD00DE86D6C3AD436E3B9A674C0F85CB32A8B39F3C1A59BB74FF275AFCA9FC27F99E33ABD90599B50D3CDF0A9F0C049CAF3587056E502D378B49B662E9BFF00504B0304140006080800E049975C57BA6F1053010000DD0200000C0000006662782F636F72652E786D6C8D52DB8E832014FC15C33B
310
8ADA36B5411ABBF50FF669DF28524BAA60104C3F7FC14B5C1FB6BB314132E79C993313F0F9D536C1C0752F94CC411C221070C95425649D036BEEF0088233C15A29F3A30D0492B63C071E0604D75AD96E869892864B8F4A55F119A47DCF0D0858E32E39E8D983B734A4D6B88EFE1976943D69CDC3389CFA08B65654F3A8A81C
310
9BB80BAE0141D7F2525E0B04517A48E1AE2C3E605166193C5EB22CBEC64551EC331CF961828D681775A63935BC022441C901A21D4CD24F949DE2FD09C55F38F29D04F7463BCFB3A87707C8FDF6C2D1846FF86C57FDCD6785346932F34D133D20B15B6F2C101CF97CDC6F0C6F9BA11376F9197A6B160B4F070D9C19A577AE52
310
29BB9606DA58EEA851307E389AAA8E7924F88D2779C3F39EC3054565ED56A3C65D6FD678F5ED4E1DD77030AF402ADDD2665D6E5A713D57A18DA5659CA946E9FF4C2F56973023FF30C937504B0304140006080800E049975CD43BC62306010000B201000008000000636F72652E786D6C8D50416EC32010FC0ADA3B36D84914
310
224CE4D4FE414FBD51202E8A0D96C151FBFB42E24AEDADA74533B33BC3F0F3E734A2BB5982F5AE015A1040C629AFAD1B1A58E3151F019D055FBC8FBF64809C9C4C031906C187C5AFF30629EFA27119755E9B0D94219808488DE9D140501F6692855C6352845B314B7593832968F1D4091EEDF4B3AA1623A3D1202A521D30D9
310
E1AA7E25EC44F72742DF78999582AFABD59B95D5C9DD5EAD594090AEBFF45D4B30A90F35DEF5ED0B6E7BC6F0F1C218ED68DBB67BC6CBBC2C78884BFAF37624E58C28C87BF6E5E59312FCDDFB7113A4501A79377E25135E66E24FE875D6FF086D5DACABEDE0732380A029D08348C6B9C1341EF5A699DB16DF504B0102140014
310
0006080800E049975C0000000000000000000000003700000000000000000000000000000000006662782F37373839464436392D313032372D344539452D424635392D3735464133323245303041332F617474726962757465732E62696E504B01021400140006080800E049975C0000000000000000000000003500000000
310
000000000000000000550000006662782F37373839464436392D313032372D344539452D424635392D3735464133323245303041332F76657274696365732E62696E504B01021400140006080800E049975CF270F13306000000040000003600000000000000000000000000A80000006662782F37373839464436392D3130
310
32372D344539452D424635392D3735464133323245303041332F747269616E676C65732E62696E504B01021400140006080800E049975CB5A795FFE3790000DE7900004200000000000000000000000000020100006662782F37373839464436392D313032372D344539452D424635392D3735464133323245303041332F72
310
65736F75726365732F322F305F67656E657269632E706E67504B01021400140006080800E049975C51464CB489000000430100003600000000000000000000000000457B00006662782F37373839464436392D313032372D344539452D424635392D3735464133323245303041332F6469726563746F72792E786D6C504B01
310
021400140006080800E049975C832069A4340700004B1C00003400000000000000000000000000227C00006662782F37373839464436392D313032372D344539452D424635392D3735464133323245303041332F6F626A656374732E786D6C504B01021400140006080800E049975C9ABF2654E2000000550100003C000000
310
00000000000000000000A88300006662782F37373839464436392D313032372D344539452D424635392D3735464133323245303041332F7265736F75726365732F322F636E782E786D6C504B01021400140006080800E049975CFF15A4A45D000000800000003A00000000000000000000000000E48400006662782F373738
310
39464436392D313032372D344539452D424635392D3735464133323245303041332F7265736F75726365732F636E782E786D6C504B01021400140006080800E049975C8BA7B4BE43010000560500003000000000000000000000000000998500006662782F37373839464436392D313032372D344539452D424635392D3735
310
464133323245303041332F636E782E786D6C504B01021400140006080800E049975CA61F6BE77F000000A30000000B000000000000000000000000002A8700006662782F636E782E786D6C504B01021400140006080800E049975CA6D797065F000000820000000700000000000000000000000000D2870000636E782E786D
310
6C504B01021400140006080800E049975CECFD112DA8000000260100001300000000000000000000000000568800005B436F6E74656E745F54797065735D2E786D6C504B01021400140006080800E049975C3DEE336E64000000790000001B000000000000000000000000002F8900006175746F6465736B2D64657369676E
310
2D7061636B6167652E786D6C504B01021400140006080800E049975C9EB38E13F30000008E0100003D00000000000000000000000000CC8900006662782F37373839464436392D313032372D344539452D424635392D3735464133323245303041332F7265736F75726365732F322F636F72652E786D6C504B010214001400
310
06080800E049975C67EB8AE1F8000000960100003B000000000000000000000000001A8B00006662782F37373839464436392D313032372D344539452D424635392D3735464133323245303041332F7265736F75726365732F636F72652E786D6C504B01021400140006080800E049975C7E4BA783F3000000B10100003100
310
0000000000000000000000006B8C00006662782F37373839464436392D313032372D344539452D424635392D3735464133323245303041332F636F72652E786D6C504B01021400140006080800E049975C57BA6F1053010000DD0200000C00000000000000000000000000AD8D00006662782F636F72652E786D6C504B0102
310
1400140006080800E049975CD43BC62306010000B201000008000000000000000000000000002A8F0000636F72652E786D6C504B050600000000120012002D060000569000000000
  0
XRECORD
  5
1B4
102
{ACAD_REACTORS
330
1AF
102
}
330
1AF
100
AcDbXrecord
280
1
270
1
271
1
  0
XRECORD
  5
1B3
102
{ACAD_REACTORS
330
1AF
102
}
330
1AF
100
AcDbXrecord
280
1
270
1
271
1
  0
XRECORD
  5
1B5
102
{ACAD_REACTORS
330
1AF
102
}
330
1AF
100
AcDbXrecord
280
1
270
1
271
1
  0
XRECORD
  5
1B2
102
{ACAD_REACTORS
330
1AF
102
}
330
1AF
100
AcDbXrecord
280
1
270
1
271
1
  0
CELLSTYLEMAP
  5
6B2
102
{ACAD_REACTORS
330
6B1
102
}
330
6B1
100
AcDbCellStyleMap
 90
3
300
CELLSTYLE
  1
TABLEFORMAT_BEGIN
 90
5
170
1
 91
0
 92
32768
 62
257
 93
1
300
CONTENTFORMAT
  1
CONTENTFORMAT_BEGIN
 90
0
 91
0
 92
512
 93
0
300

 40
0.0
140
1.0
 94
5
 62
0
340
11
144
6.0
309
CONTENTFORMAT_END
171
1
301
MARGIN
  1
CELLMARGIN_BEGIN
 40
1.5
 40
1.5
 40
1.5
 40
1.5
 40
4.5
 40
4.5
309
CELLMARGIN_END
 94
6
 95
1
302
GRIDFORMAT
  1
GRIDFORMAT_BEGIN
 90
0
 91
1
 62
0
 92
-2
340
0
 93
0
 40
1.125
309
GRIDFORMAT_END
 95
2
302
GRIDFORMAT
  1
GRIDFORMAT_BEGIN
 90
0
 91
1
 62
0
 92
-2
340
0
 93
0
 40
1.125
309
GRIDFORMAT_END
 95
4
302
GRIDFORMAT
  1
GRIDFORMAT_BEGIN
 90
0
 91
1
 62
0
 92
-2
340
0
 93
0
 40
1.125
309
GRIDFORMAT_END
 95
8
302
GRIDFORMAT
  1
GRIDFORMAT_BEGIN
 90
0
 91
1
 62
0
 92
-2
340
0
 93
0
 40
1.125
309
GRIDFORMAT_END
 95
16
302
GRIDFORMAT
  1
GRIDFORMAT_BEGIN
 90
0
 91
1
 62
0
 92
-2
340
0
 93
0
 40
1.125
309
GRIDFORMAT_END
 95
32
302
GRIDFORMAT
  1
GRIDFORMAT_BEGIN
 90
0
 91
1
 62
0
 92
-2
340
0
 93
0
 40
1.125
309
GRIDFORMAT_END
309
TABLEFORMAT_END
  1
CELLSTYLE_BEGIN
 90
1
 91
1
300
_TITLE
309
CELLSTYLE_END
300
CELLSTYLE
  1
TABLEFORMAT_BEGIN
 90
5
170
1
 91
0
 92
0
 62
257
 93
1
300
CONTENTFORMAT
  1
CONTENTFORMAT_BEGIN
 90
0
 91
0
 92
512
 93
0
300

 40
0.0
140
1.0
 94
5
 62
0
340
11
144
4.5
309
CONTENTFORMAT_END
171
1
301
MARGIN
  1
CELLMARGIN_BEGIN
 40
1.5
 40
1.5
 40
1.5
 40
1.5
 40
4.5
 40
4.5
309
CELLMARGIN_END
 94
6
 95
1
302
GRIDFORMAT
  1
GRIDFORMAT_BEGIN
 90
0
 91
1
 62
0
 92
-2
340
0
 93
0
 40
1.125
309
GRIDFORMAT_END
 95
2
302
GRIDFORMAT
  1
GRIDFORMAT_BEGIN
 90
0
 91
1
 62
0
 92
-2
340
0
 93
0
 40
1.125
309
GRIDFORMAT_END
 95
4
302
GRIDFORMAT
  1
GRIDFORMAT_BEGIN
 90
0
 91
1
 62
0
 92
-2
340
0
 93
0
 40
1.125
309
GRIDFORMAT_END
 95
8
302
GRIDFORMAT
  1
GRIDFORMAT_BEGIN
 90
0
 91
1
 62
0
 92
-2
340
0
 93
0
 40
1.125
309
GRIDFORMAT_END
 95
16
302
GRIDFORMAT
  1
GRIDFORMAT_BEGIN
 90
0
 91
1
 62
0
 92
-2
340
0
 93
0
 40
1.125
309
GRIDFORMAT_END
 95
32
302
GRIDFORMAT
  1
GRIDFORMAT_BEGIN
 90
0
 91
1
 62
0
 92
-2
340
0
 93
0
 40
1.125
309
GRIDFORMAT_END
309
TABLEFORMAT_END
  1
CELLSTYLE_BEGIN
 90
2
 91
1
300
_HEADER
309
CELLSTYLE_END
300
CELLSTYLE
  1
TABLEFORMAT_BEGIN
 90
5
170
1
 91
0
 92
0
 62
257
 93
1
300
CONTENTFORMAT
  1
CONTENTFORMAT_BEGIN
 90
0
 91
0
 92
512
 93
0
300

 40
0.0
140
1.0
 94
2
 62
0
340
11
144
4.5
309
CONTENTFORMAT_END
171
1
301
MARGIN
  1
CELLMARGIN_BEGIN
 40
1.5
 40
1.5
 40
1.5
 40
1.5
 40
4.5
 40
4.5
309
CELLMARGIN_END
 94
6
 95
1
302
GRIDFORMAT
  1
GRIDFORMAT_BEGIN
 90
0
 91
1
 62
0
 92
-2
340
0
 93
0
 40
1.125
309
GRIDFORMAT_END
 95
2
302
GRIDFORMAT
  1
GRIDFORMAT_BEGIN
 90
0
 91
1
 62
0
 92
-2
340
0
 93
0
 40
1.125
309
GRIDFORMAT_END
 95
4
302
GRIDFORMAT
  1
GRIDFORMAT_BEGIN
 90
0
 91
1
 62
0
 92
-2
340
0
 93
0
 40
1.125
309
GRIDFORMAT_END
 95
8
302
GRIDFORMAT
  1
GRIDFORMAT_BEGIN
 90
0
 91
1
 62
0
 92
-2
340
0
 93
0
 40
1.125
309
GRIDFORMAT_END
 95
16
302
GRIDFORMAT
  1
GRIDFORMAT_BEGIN
 90
0
 91
1
 62
0
 92
-2
340
0
 93
0
 40
1.125
309
GRIDFORMAT_END
 95
32
302
GRIDFORMAT
  1
GRIDFORMAT_BEGIN
 90
0
 91
1
 62
0
 92
-2
340
0
 93
0
 40
1.125
309
GRIDFORMAT_END
309
TABLEFORMAT_END
  1
CELLSTYLE_BEGIN
 90
3
 91
2
300
_DATA
309
CELLSTYLE_END
  0
DICTIONARY
  5
708
330
C
100
AcDbDictionary
280
1
281
1
  3
WRITTEN_BY_EZDXF
350
709
  0
DICTIONARYVAR
  5
709
330
708
100
DictionaryVariables
280
0
  1
1.4.4 @ 2026-08-10T06:11:21.684494+00:00
  0
ENDSEC
  0
SECTION
  2
ACDSDATA
 70
2
 71
8
  0
ACDSSCHEMA
 90
0
  1
AcDb_Thumbnail_Schema
  2
AcDbDs::ID
280
10
 91
8
  2
Thumbnail_Data
280
15
 91
0
101
ACDSRECORD
 95
0
 90
1
  2
AcDbDs::TreatedAsObjectData
280
1
291
1
101
ACDSRECORD
 95
0
 90
2
  2
AcDbDs::Legacy
280
1
291
1
101
ACDSRECORD
  1
AcDbDs::ID
 90
3
  2
AcDs:Indexable
280
1
291
1
101
ACDSRECORD
  1
AcDbDs::ID
 90
4
  2
AcDbDs::HandleAttribute
280
7
282
1
  0
ACDSSCHEMA
 90
1
  1
AcDbDs::TreatedAsObjectDataSchema
  2
AcDbDs::TreatedAsObjectData
280
1
 91
0
  0
ACDSSCHEMA
 90
2
  1
AcDbDs::LegacySchema
  2
AcDbDs::Legacy
280
1
 91
0
  0
ACDSSCHEMA
 90
3
  1
AcDbDs::IndexedPropertySchema
  2
AcDs:Indexable
280
1
 91
0
  0
ACDSSCHEMA
 90
4
  1
AcDbDs::HandleAttributeSchema
  2
AcDbDs::HandleAttribute
280
7
 91
1
284
1
  0
ACDSRECORD
 90
0
  2
AcDbDs::ID
280
10
320
22
  2
Thumbnail_Data
280
15
 94
1801
310
89504E470D0A1A0A0000000D49484452000001000000007808030000002AAADC4C00000300504C5445212830FFFFFF2128300000000000000000000000000000000000000000000000000000330000660000990000CC0000FF0033000033330033660033990033CC0033FF0066000066330066660066990066CC0066FF0099
310
000099330099660099990099CC0099FF00CC0000CC3300CC6600CC9900CCCC00CCFF00FF0000FF3300FF6600FF9900FFCC00FFFF3300003300333300663300993300CC3300FF3333003333333333663333993333CC3333FF3366003366333366663366993366CC3366FF3399003399333399663399993399CC3399FF33CC00
310
33CC3333CC6633CC9933CCCC33CCFF33FF0033FF3333FF6633FF9933FFCC33FFFF6600006600336600666600996600CC6600FF6633006633336633666633996633CC6633FF6666006666336666666666996666CC6666FF6699006699336699666699996699CC6699FF66CC0066CC3366CC6666CC9966CCCC66CCFF66FF0066
310
FF3366FF6666FF9966FFCC66FFFF9900009900339900669900999900CC9900FF9933009933339933669933999933CC9933FF9966009966339966669966999966CC9966FF9999009999339999669999999999CC9999FF99CC0099CC3399CC6699CC9999CCCC99CCFF99FF0099FF3399FF6699FF9999FFCC99FFFFCC0000CC00
310
33CC0066CC0099CC00CCCC00FFCC3300CC3333CC3366CC3399CC33CCCC33FFCC6600CC6633CC6666CC6699CC66CCCC66FFCC9900CC9933CC9966CC9999CC99CCCC99FFCCCC00CCCC33CCCC66CCCC99CCCCCCCCCCFFCCFF00CCFF33CCFF66CCFF99CCFFCCCCFFFFFF0000FF0033FF0066FF0099FF00CCFF00FFFF3300FF3333
310
FF3366FF3399FF33CCFF33FFFF6600FF6633FF6666FF6699FF66CCFF66FFFF9900FF9933FF9966FF9999FF99CCFF99FFFFCC00FFCC33FFCC66FFCC99FFCCCCFFCCFFFFFF00FFFF33FFFF66FFFF99FFFFCCFFFFFF0000000D0D0D1A1A1A2828283535354343435050505D5D5D6B6B6B787878868686939393A1A1A1AEAEAEBB
310
BBBBC9C9C9D6D6D6E4E4E4F1F1F1FFFFFF0000000000000000000000000000000000000000000000000000000000002E4550F1000003C44944415478DAED9C6D92EC200845D9FF82DE7EB288FBFFCD5747341A8DA24131553D3595EAD87282A08012155F20CD17FAF77003581300CA2FEB1AD0A3D75802408D76C003008B00
310
BE9FF979EEEB8F4500D2E665CE2120E86040781500EC02A8D3DF750040E2B1890180D400E86804F158FDB3B67D0D00C878B93500243DF59D807900DE37D402B89BAE20FF6041C35E5B2D13A21E006E17842879726A006717BF3E07029932B295347EFE654BA30602E2006EA302B817ACA2DD737DA405007BDDBF1AC06FA279
310
4910D300A832825C1AFFDFB8980FB53762031A7B2F0C2069F062F2D7AC852E1AD0DAF9B700541AAE0B80E6BECB0208E467432035366A019CAE462D80D0FA7FCC605B1C2704D0DE75710057AFF5E7A5447A3C0D80C83450A6BBE2390751005105E0EF4CE817E0746A0A00AEBF9200546BC0DF52E03206040108EA148401A426
310
ED4A01C86B0062F1800E008E432D80F83AD0860D70EA1E0290496479536165005C1CE4635A40BE1BEC106DD007E0270A1099061CB21AA00F0050503522F2EE09AAA7C22E0EE49C02417008F830940108C6BA8B58894E5B2E51616D008280089BB73723884685D5C6048905AE9CE73200201432486761690091D17E4D0E6165
310
00819D4AE4074175A671060099DC2047500540B7178823A0784A6461001797881CA63A1333519D20BAB4365191947900C2BE7603980F80EC7C733E2328BCE6DA00660440D8002463D913023833061B805500A209BD290148215A164069267D5500C591C3350178A193ECB6096035007FC954BE48310520B47ED6007C76037B
310
32A639C9E5C8950070F504F98E714B21906CA3EA0314C4ED1F7819C96DC784BC809E231EE0F6C363B06AAA1802205EFC6611C0A7BA8CE5128C01A0601B08604E037805417693D96200C0559FE0BC9B1D00BC7A86D130038082C2AA81F22B014041BED71E8053668477CC00200AEB1EC665EC94000896193005C02F2B1BA800
310
5ABC005D36DCC22C80A103E0AD637462D19077E4EF522EFF78BB4028FED0641575D833F49C005F168F7CFFC22532F53B464A4F5AD10FE06C907FCE58472E26305EFE0100CE9BD9849F1716590580AB16CE475F5F09D0EA30822FCFC37B0338CC00A0F914A0C74C10DE110F0303BC8AA6C20EC03F9B678B9F41BDEF3DFE8765
310
00427BA62706A0FE7CFDCE9BA60EEB00AC6A0065E5879AEBA5885050E381C453C8DC1508476D001BC006601B404F3755724676ADE57EFCE3A96DECF36B40EAC0DE0D6003781D000D01A0D80B94AF160618416D00CC6BC006D0026096D5E0480D40A2653346703A006D1A0024CFAE7E78EEFCCB1A40ACB78128FE17FCD3DA15
310
00F80F88DDAF7B329A88860000000049454E44AE426082
  0
ENDSEC
  0
EOF
