  0
SECTION
  2
HEADER
  9
$ACADVER
  1
AC1032
  9
$ACADMAINTVER
 90
      377
  9
$DWGCODEPAGE
  3
ANSI_936
  9
$LASTSAVEDBY
  1
麦俊炜
  9
$REQUIREDVERSIONS
160
                 0
  9
$INSBASE
 10
0.0
 20
0.0
 30
0.0
  9
$EXTMIN
 10
0.0
 20
0.0
 30
0.0
  9
$EXTMAX
 10
297.0
 20
210.0
 30
0.0
  9
$LIMMIN
 10
0.0
 20
0.0
  9
$LIMMAX
 10
297.0
 20
210.0
  9
$ORTHOMODE
 70
     0
  9
$REGENMODE
 70
     1
  9
$FILLMODE
 70
     1
  9
$QTEXTMODE
 70
     0
  9
$MIRRTEXT
 70
     1
  9
$LTSCALE
 40
1.0
  9
$ATTMODE
 70
     1
  9
$TEXTSIZE
 40
3.5
  9
$TRACEWID
 40
1.0
  9
$TEXTSTYLE
  7
Standard
  9
$CLAYER
  8
0
  9
$CELTYPE
  6
ByLayer
  9
$CECOLOR
 62
   256
  9
$CELTSCALE
 40
1.0
  9
$DISPSILH
 70
     0
  9
$DIMSCALE
 40
1.0
  9
$DIMASZ
 40
4.08
  9
$DIMEXO
 40
0.0
  9
$DIMDLI
 40
3.75
  9
$DIMRND
 40
0.0
  9
$DIMDLE
 40
0.0
  9
$DIMEXE
 40
2.0
  9
$DIMTP
 40
0.0
  9
$DIMTM
 40
0.0
  9
$DIMTXT
 40
3.5
  9
$DIMCEN
 40
2.5
  9
$DIMTSZ
 40
0.0
  9
$DIMTOL
 70
     0
  9
$DIMLIM
 70
     0
  9
$DIMTIH
 70
     1
  9
$DIMTOH
 70
     1
  9
$DIMSE1
 70
     0
  9
$DIMSE2
 70
     0
  9
$DIMTAD
 70
     1
  9
$DIMZIN
 70
     0
  9
$DIMBLK
  1

  9
$DIMASO
 70
     1
  9
$DIMSHO
 70
     1
  9
$DIMPOST
  1

  9
$DIMAPOST
  1

  9
$DIMALT
 70
     0
  9
$DIMALTD
 70
     3
  9
$DIMALTF
 40
0.0393700787401575
  9
$DIMLFAC
 40
1.0
  9
$DIMTOFL
 70
     1
  9
$DIMTVP
 40
0.0
  9
$DIMTIX
 70
     0
  9
$DIMSOXD
 70
     0
  9
$DIMSAH
 70
     0
  9
$DIMBLK1
  1

  9
$DIMBLK2
  1

  9
$DIMSTYLE
  2
ISO-25
  9
$DIMCLRD
 70
     0
  9
$DIMCLRE
 70
     0
  9
$DIMCLRT
 70
     0
  9
$DIMTFAC
 40
1.0
  9
$DIMGAP
 40
1.524
  9
$DIMJUST
 70
     0
  9
$DIMSD1
 70
     0
  9
$DIMSD2
 70
     0
  9
$DIMTOLJ
 70
     0
  9
$DIMTZIN
 70
     0
  9
$DIMALTZ
 70
     0
  9
$DIMALTTZ
 70
     0
  9
$DIMUPT
 70
     0
  9
$DIMDEC
 70
     0
  9
$DIMTDEC
 70
     0
  9
$DIMALTU
 70
     2
  9
$DIMALTTD
 70
     3
  9
$DIMTXSTY
  7
Standard
  9
$DIMAUNIT
 70
     0
  9
$DIMADEC
 70
     2
  9
$DIMALTRND
 40
0.0
  9
$DIMAZIN
 70
     0
  9
$DIMDSEP
 70
    46
  9
$DIMATFIT
 70
     3
  9
$DIMFRAC
 70
     0
  9
$DIMLDRBLK
  1

  9
$DIMLUNIT
 70
     2
  9
$DIMLWD
 70
    -2
  9
$DIMLWE
 70
    -2
  9
$DIMTMOVE
 70
     0
  9
$DIMFXL
 40
1.0
  9
$DIMFXLON
 70
     0
  9
$DIMJOGANG
 40
0.7853981633974483
  9
$DIMTFILL
 70
     0
  9
$DIMTFILLCLR
 70
     0
  9
$DIMARCSYM
 70
     0
  9
$DIMLTYPE
  6

  9
$DIMLTEX1
  6

  9
$DIMLTEX2
  6

  9
$DIMTXTDIRECTION
 70
     0
  9
$LUNITS
 70
     2
  9
$LUPREC
 70
     2
  9
$SKETCHINC
 40
1.0
  9
$FILLETRAD
 40
0.0
  9
$AUNITS
 70
     0
  9
$AUPREC
 70
     2
  9
$MENU
  1
.
  9
$ELEVATION
 40
0.0
  9
$PELEVATION
 40
0.0
  9
$THICKNESS
 40
0.0
  9
$LIMCHECK
 70
     0
  9
$CHAMFERA
 40
0.0
  9
$CHAMFERB
 40
0.0
  9
$CHAMFERC
 40
0.0
  9
$CHAMFERD
 40
0.0
  9
$SKPOLY
 70
     0
  9
$TDCREATE
 40
2461153.802719907
  9
$TDUCREATE
 40
2461153.469395949
  9
$TDUPDATE
 40
2461154.400393519
  9
$TDUUPDATE
 40
2461154.067060185
  9
$TDINDWG
 40
0.0379976968
  9
$TDUSRTIMER
 40
0.0379976968
  9
$USRTIMER
 70
     1
  9
$ANGBASE
 50
0.0
  9
$ANGDIR
 70
     0
  9
$PDMODE
 70
     0
  9
$PDSIZE
 40
-1.0
  9
$PLINEWID
 40
0.0
  9
$SPLFRAME
 70
     0
  9
$SPLINETYPE
 70
     6
  9
$SPLINESEGS
 70
     8
  9
$HANDSEED
  5
386
  9
$SURFTAB1
 70
     6
  9
$SURFTAB2
 70
     6
  9
$SURFTYPE
 70
     6
  9
$SURFU
 70
     6
  9
$SURFV
 70
     6
  9
$UCSBASE
  2

  9
$UCSNAME
  2

  9
$UCSORG
 10
0.0
 20
0.0
 30
0.0
  9
$UCSXDIR
 10
1.0
 20
0.0
 30
0.0
  9
$UCSYDIR
 10
0.0
 20
1.0
 30
0.0
  9
$UCSORTHOREF
  2

  9
$UCSORTHOVIEW
 70
     0
  9
$UCSORGTOP
 10
0.0
 20
0.0
 30
0.0
  9
$UCSORGBOTTOM
 10
0.0
 20
0.0
 30
0.0
  9
$UCSORGLEFT
 10
0.0
 20
0.0
 30
0.0
  9
$UCSORGRIGHT
 10
0.0
 20
0.0
 30
0.0
  9
$UCSORGFRONT
 10
0.0
 20
0.0
 30
0.0
  9
$UCSORGBACK
 10
0.0
 20
0.0
 30
0.0
  9
$PUCSBASE
  2

  9
$PUCSNAME
  2

  9
$PUCSORG
 10
0.0
 20
0.0
 30
0.0
  9
$PUCSXDIR
 10
1.0
 20
0.0
 30
0.0
  9
$PUCSYDIR
 10
0.0
 20
1.0
 30
0.0
  9
$PUCSORTHOREF
  2

  9
$PUCSORTHOVIEW
 70
     0
  9
$PUCSORGTOP
 10
0.0
 20
0.0
 30
0.0
  9
$PUCSORGBOTTOM
 10
0.0
 20
0.0
 30
0.0
  9
$PUCSORGLEFT
 10
0.0
 20
0.0
 30
0.0
  9
$PUCSORGRIGHT
 10
0.0
 20
0.0
 30
0.0
  9
$PUCSORGFRONT
 10
0.0
 20
0.0
 30
0.0
  9
$PUCSORGBACK
 10
0.0
 20
0.0
 30
0.0
  9
$USERI1
 70
     0
  9
$USERI2
 70
     0
  9
$USERI3
 70
     0
  9
$USERI4
 70
     0
  9
$USERI5
 70
     0
  9
$USERR1
 40
0.0
  9
$USERR2
 40
0.0
  9
$USERR3
 40
0.0
  9
$USERR4
 40
0.0
  9
$USERR5
 40
0.0
  9
$WORLDVIEW
 70
     1
  9
$SHADEDGE
 70
     3
  9
$SHADEDIF
 70
    70
  9
$TILEMODE
 70
     1
  9
$MAXACTVP
 70
    64
  9
$PINSBASE
 10
0.0
 20
0.0
 30
0.0
  9
$PLIMCHECK
 70
     0
  9
$PEXTMIN
 10
1.000000000000000E+20
 20
1.000000000000000E+20
 30
1.000000000000000E+20
  9
$PEXTMAX
 10
-1.000000000000000E+20
 20
-1.000000000000000E+20
 30
-1.000000000000000E+20
  9
$PLIMMIN
 10
0.0
 20
0.0
  9
$PLIMMAX
 10
420.0
 20
297.0
  9
$UNITMODE
 70
     0
  9
$VISRETAIN
 70
     1
  9
$PLINEGEN
 70
     0
  9
$PSLTSCALE
 70
     1
  9
$TREEDEPTH
 70
  3020
  9
$CMLSTYLE
  2
Standard
  9
$CMLJUST
 70
     0
  9
$CMLSCALE
 40
20.0
  9
$PROXYGRAPHICS
 70
     1
  9
$MEASUREMENT
 70
     1
  9
$CELWEIGHT
370
    -1
  9
$ENDCAPS
280
     0
  9
$JOINSTYLE
280
     0
  9
$LWDISPLAY
290
     1
  9
$INSUNITS
 70
     4
  9
$HYPERLINKBASE
  1

  9
$STYLESHEET
  1

  9
$XEDIT
290
     1
  9
$CEPSNTYPE
380
     0
  9
$PSTYLEMODE
290
     1
  9
$FINGERPRINTGUID
  2
{c8136c4c-b1cd-477d-9e0e-e4cea042d120}
  9
$VERSIONGUID
  2
{FC63DE3D-0346-EB45-95B4-51B899285A8C}
  9
$EXTNAMES
290
     1
  9
$PSVPSCALE
 40
0.0
  9
$OLESTARTUP
290
     0
  9
$SORTENTS
280
   127
  9
$INDEXCTL
280
     0
  9
$HIDETEXT
280
     0
  9
$XCLIPFRAME
280
     2
  9
$HALOGAP
280
     0
  9
$OBSCOLOR
 70
   257
  9
$OBSLTYPE
280
     0
  9
$INTERSECTIONDISPLAY
280
     0
  9
$INTERSECTIONCOLOR
 70
   257
  9
$DIMASSOC
280
     1
  9
$PROJECTNAME
  1

  9
$CAMERADISPLAY
290
     0
  9
$LENSLENGTH
 40
50.0
  9
$CAMERAHEIGHT
 40
0.0
  9
$STEPSPERSEC
 40
2.0
  9
$STEPSIZE
 40
6.0
  9
$3DDWFPREC
 40
2.0
  9
$PSOLWIDTH
 40
0.25
  9
$PSOLHEIGHT
 40
4.0
  9
$LOFTANG1
 40
1.570796326794896
  9
$LOFTANG2
 40
1.570796326794896
  9
$LOFTMAG1
 40
0.0
  9
$LOFTMAG2
 40
0.0
  9
$LOFTPARAM
 70
     7
  9
$LOFTNORMALS
280
     1
  9
$LATITUDE
 40
37.795
  9
$LONGITUDE
 40
-122.394
  9
$NORTHDIRECTION
 40
0.0
  9
$TIMEZONE
 70
 -8000
  9
$LIGHTGLYPHDISPLAY
280
     1
  9
$TILEMODELIGHTSYNCH
280
     1
  9
$CMATERIAL
347
14E
  9
$SOLIDHIST
280
     0
  9
$SHOWHIST
280
     1
  9
$DWFFRAME
280
     2
  9
$DGNFRAME
280
     0
  9
$REALWORLDSCALE
290
     1
  9
$INTERFERECOLOR
 62
     1
  9
$INTERFEREOBJVS
345
170
  9
$INTERFEREVPVS
346
16D
  9
$CSHADOW
280
     0
  9
$SHADOWPLANELOCATION
 40
0.0
  0
ENDSEC
  0
SECTION
  2
CLASSES
  0
CLASS
  1
ACDBDICTIONARYWDFLT
  2
AcDbDictionaryWithDefault
  3
ObjectDBX Classes
 90
        0
 91
        1
280
     0
281
     0
  0
CLASS
  1
VISUALSTYLE
  2
AcDbVisualStyle
  3
ObjectDBX Classes
 90
     4095
 91
       24
280
     0
281
     0
  0
CLASS
  1
MATERIAL
  2
AcDbMaterial
  3
ObjectDBX Classes
 90
     1153
 91
        3
280
     0
281
     0
  0
CLASS
  1
SCALE
  2
AcDbScale
  3
ObjectDBX Classes
 90
     1153
 91
       17
280
     0
281
     0
  0
CLASS
  1
TABLESTYLE
  2
AcDbTableStyle
  3
ObjectDBX Classes
 90
     4095
 91
        1
280
     0
281
     0
  0
CLASS
  1
MLEADERSTYLE
  2
AcDbMLeaderStyle
  3
ACDB_MLEADERSTYLE_CLASS
 90
     4095
 91
        1
280
     0
281
     0
  0
CLASS
  1
SUN
  2
AcDbSun
  3
SCENEOE
 90
     1153
 91
        0
280
     0
281
     0
  0
CLASS
  1
ACDBSECTIONVIEWSTYLE
  2
AcDbSectionViewStyle
  3
ObjectDBX Classes
 90
     1025
 91
        1
280
     0
281
     0
  0
CLASS
  1
ACDBDETAILVIEWSTYLE
  2
AcDbDetailViewStyle
  3
ObjectDBX Classes
 90
     1025
 91
        1
280
     0
281
     0
  0
CLASS
  1
DICTIONARYVAR
  2
AcDbDictionaryVar
  3
ObjectDBX Classes
 90
        0
 91
        9
280
     0
281
     0
  0
CLASS
  1
MULTILEADER
  2
AcDbMLeader
  3
ACDB_MLEADER_CLASS
 90
     1025
 91
        3
280
     0
281
     1
  0
CLASS
  1
CELLSTYLEMAP
  2
AcDbCellStyleMap
  3
ObjectDBX Classes
 90
     1152
 91
        1
280
     0
281
     0
  0
ENDSEC
  0
SECTION
  2
TABLES
  0
TABLE
  2
VPORT
  5
8
330
0
100
AcDbSymbolTable
 70
     1
  0
VPORT
  5
29
330
8
100
AcDbSymbolTableRecord
100
AcDbViewportTableRecord
  2
*Active
 70
     0
 10
0.0
 20
0.0
 11
1.0
 21
1.0
 12
161.575677026759
 22
133.7018301376334
 13
0.0
 23
0.0
 14
10.0
 24
10.0
 15
10.0
 25
10.0
 16
0.0
 26
0.0
 36
1.0
 17
0.0
 27
0.0
 37
0.0
 40
147.009130584139
 41
1.765478424015009
 42
50.0
 43
0.0
 44
0.0
 50
0.0
 51
0.0
 71
     0
 72
  2000
 73
     1
 74
     3
 75
     0
 76
     0
 77
     0
 78
     0
281
     0
 65
     1
110
0.0
120
0.0
130
0.0
111
1.0
121
0.0
131
0.0
112
0.0
122
1.0
132
0.0
 79
     0
146
0.0
348
16C
 60
     3
 61
     5
292
     1
282
     1
141
0.0
142
0.0
 63
   250
421
  3355443
1001
ACAD_NAV_VCDISPLAY
1070
     3
  0
ENDTAB
  0
TABLE
  2
LTYPE
  5
5
330
0
100
AcDbSymbolTable
 70
     8
  0
LTYPE
  5
14
330
5
100
AcDbSymbolTableRecord
100
AcDbLinetypeTableRecord
  2
ByBlock
 70
     0
  3

 72
    65
 73
     0
 40
0.0
  0
LTYPE
  5
15
330
5
100
AcDbSymbolTableRecord
100
AcDbLinetypeTableRecord
  2
ByLayer
 70
     0
  3

 72
    65
 73
     0
 40
0.0
  0
LTYPE
  5
16
330
5
100
AcDbSymbolTableRecord
100
AcDbLinetypeTableRecord
  2
Continuous
 70
     0
  3
Solid line
 72
    65
 73
     0
 40
0.0
  0
LTYPE
  5
5E
330
5
100
AcDbSymbolTableRecord
100
AcDbLinetypeTableRecord
  2
HIDDEN
 70
     0
  3
Hidden __ __ __ __ __ __ __ __ __ __ __ __ __ __
 72
    65
 73
     2
 40
1.905
 49
1.27
 74
     0
 49
-0.635
 74
     0
  0
LTYPE
  5
5F
330
5
100
AcDbSymbolTableRecord
100
AcDbLinetypeTableRecord
  2
PHANTOM
 70
     0
  3
Phantom ______  __  __  ______  __  __  ______
 72
    65
 73
     6
 40
12.7
 49
6.349999999999999
 74
     0
 49
-1.27
 74
     0
 49
1.27
 74
     0
 49
-1.27
 74
     0
 49
1.27
 74
     0
 49
-1.27
 74
     0
  0
LTYPE
  5
60
330
5
100
AcDbSymbolTableRecord
100
AcDbLinetypeTableRecord
  2
CENTER
 70
     0
  3
Center ____ _ ____ _ ____ _ ____ _ ____ _ ____
 72
    65
 73
     4
 40
10.16
 49
6.349999999999999
 74
     0
 49
-1.27
 74
     0
 49
1.27
 74
     0
 49
-1.27
 74
     0
  0
LTYPE
  5
61
330
5
100
AcDbSymbolTableRecord
100
AcDbLinetypeTableRecord
  2
CENTERX2
 70
     0
  3
Center (2x) ________  __  ________  __  _____
 72
    65
 73
     4
 40
20.32
 49
12.7
 74
     0
 49
-2.54
 74
     0
 49
2.54
 74
     0
 49
-2.54
 74
     0
  0
LTYPE
  5
62
330
5
100
AcDbSymbolTableRecord
100
AcDbLinetypeTableRecord
  2
DOT2
 70
     0
  3
Dot (.5x) ........................................
 72
    65
 73
     2
 40
0.635
 49
0.0
 74
     0
 49
-0.635
 74
     0
  0
LTYPE
  5
1DA
330
5
100
AcDbSymbolTableRecord
100
AcDbLinetypeTableRecord
  2
ACAD_ISO02W100
 70
     0
  3
ISO dash __ __ __ __ __ __ __ __ __ __ __ __ __
 72
    65
 73
     2
 40
15.0
 49
12.0
 74
     0
 49
-3.0
 74
     0
  0
LTYPE
  5
1E4
330
5
100
AcDbSymbolTableRecord
100
AcDbLinetypeTableRecord
  2
JIS_02_1.0
 70
     0
  3
HIDDEN01 _ _ _ _ _ _ _ _ _ _ _ _ _ _ _ _ _
 72
    65
 73
     2
 40
2.0
 49
1.0
 74
     0
 49
-1.0
 74
     0
  0
ENDTAB
  0
TABLE
  2
LAYER
  5
2
102
{ACAD_XDICTIONARY
360
36E
102
}
330
0
100
AcDbSymbolTable
 70
    15
  0
LAYER
  5
10
102
{ACAD_XDICTIONARY
360
23B
102
}
330
2
100
AcDbSymbolTableRecord
100
AcDbLayerTableRecord
  2
0
 70
     0
 62
     7
  6
Continuous
370
    -3
390
F
347
15E
348
0
  0
LAYER
  5
63
102
{ACAD_XDICTIONARY
360
23D
102
}
330
2
100
AcDbSymbolTableRecord
100
AcDbLayerTableRecord
  2
粗实线层
 70
     0
 62
     7
  6
Continuous
370
    25
390
F
347
15E
348
0
  0
LAYER
  5
64
102
{ACAD_XDICTIONARY
360
23F
102
}
330
2
100
AcDbSymbolTableRecord
100
AcDbLayerTableRecord
  2
细实线层
 70
     0
 62
     7
  6
Continuous
370
    -3
390
F
347
15E
348
0
  0
LAYER
  5
65
102
{ACAD_XDICTIONARY
360
241
102
}
330
2
100
AcDbSymbolTableRecord
100
AcDbLayerTableRecord
  2
中心线层
 70
     0
 62
     7
  6
CENTERX2
370
    -3
390
F
347
15E
348
0
  0
LAYER
  5
66
102
{ACAD_XDICTIONARY
360
243
102
}
330
2
100
AcDbSymbolTableRecord
100
AcDbLayerTableRecord
  2
虚线层
 70
     0
 62
     7
  6
HIDDEN
370
    -3
390
F
347
15E
348
0
  0
LAYER
  5
67
102
{ACAD_XDICTIONARY
360
245
102
}
330
2
100
AcDbSymbolTableRecord
100
AcDbLayerTableRecord
  2
双点划线层
 70
     0
 62
     7
  6
PHANTOM
370
    -3
390
F
347
15E
348
0
  0
LAYER
  5
68
102
{ACAD_XDICTIONARY
360
247
102
}
330
2
100
AcDbSymbolTableRecord
100
AcDbLayerTableRecord
  2
点划线层
 70
     0
 62
     7
  6
CENTER
370
    -3
390
F
347
15E
348
0
  0
LAYER
  5
69
102
{ACAD_XDICTIONARY
360
249
102
}
330
2
100
AcDbSymbolTableRecord
100
AcDbLayerTableRecord
  2
图框
 70
     0
 62
     7
  6
Continuous
370
    -3
390
F
347
15E
348
0
  0
LAYER
  5
6A
102
{ACAD_XDICTIONARY
360
24B
102
}
330
2
100
AcDbSymbolTableRecord
100
AcDbLayerTableRecord
  2
轮廓实线层
 70
     0
 62
     7
  6
Continuous
370
    50
390
F
347
15E
348
0
  0
LAYER
  5
6B
102
{ACAD_XDICTIONARY
360
24D
102
}
330
2
100
AcDbSymbolTableRecord
100
AcDbLayerTableRecord
  2
细线层
 70
     0
 62
     4
  6
Continuous
370
    25
390
F
347
15E
348
0
  0
LAYER
  5
6C
102
{ACAD_XDICTIONARY
360
24F
102
}
330
2
100
AcDbSymbolTableRecord
100
AcDbLayerTableRecord
  2
剖面线层
 70
     0
 62
     2
  6
Continuous
370
    25
390
F
347
15E
348
0
  0
LAYER
  5
6D
102
{ACAD_XDICTIONARY
360
251
102
}
330
2
100
AcDbSymbolTableRecord
100
AcDbLayerTableRecord
  2
文字层
 70
     0
 62
     3
  6
Continuous
370
    25
390
F
347
15E
348
0
  0
LAYER
  5
6E
102
{ACAD_XDICTIONARY
360
253
102
}
330
2
100
AcDbSymbolTableRecord
100
AcDbLayerTableRecord
  2
标注层
 70
     0
 62
     4
  6
Continuous
370
    25
390
F
347
15E
348
0
  0
LAYER
  5
6F
102
{ACAD_XDICTIONARY
360
255
102
}
330
2
100
AcDbSymbolTableRecord
100
AcDbLayerTableRecord
  2
符号标注层
 70
     0
 62
    31
  6
Continuous
370
    25
390
F
347
15E
348
0
  0
LAYER
  5
192
330
2
100
AcDbSymbolTableRecord
100
AcDbLayerTableRecord
  2
Defpoints
 70
     0
 62
     7
  6
Continuous
290
     0
370
    -3
390
F
347
15E
348
0
  0
ENDTAB
  0
TABLE
  2
STYLE
  5
3
330
0
100
AcDbSymbolTable
 70
     8
  0
STYLE
  5
11
330
3
100
AcDbSymbolTableRecord
100
AcDbTextStyleTableRecord
  2
Standard
 70
     0
 40
0.0
 41
1.0
 50
0.0
 71
     0
 42
3.5
  3
txt
  4

  0
STYLE
  5
B3
330
3
100
AcDbSymbolTableRecord
100
AcDbTextStyleTableRecord
  2
SLDTEXTSTYLE0
 70
     0
 40
0.0
 41
0.7
 50
0.0
 71
     0
 42
3.5
  3
TXT
  4
bigfont
  0
STYLE
  5
BB
330
3
100
AcDbSymbolTableRecord
100
AcDbTextStyleTableRecord
  2
SLDTEXTSTYLE1
 70
     0
 40
0.0
 41
0.6
 50
0.0
 71
     0
 42
3.5
  3
TXT
  4
bigfont
  0
STYLE
  5
BE
330
3
100
AcDbSymbolTableRecord
100
AcDbTextStyleTableRecord
  2
SLDTEXTSTYLE2
 70
     0
 40
0.0
 41
0.6142857142857144
 50
0.0
 71
     0
 42
3.5
  3
TXT
  4
bigfont
  0
STYLE
  5
C3
330
3
100
AcDbSymbolTableRecord
100
AcDbTextStyleTableRecord
  2
SLDTEXTSTYLE3
 70
     0
 40
0.0
 41
0.62
 50
0.0
 71
     0
 42
3.5
  3
TXT
  4
bigfont
  0
STYLE
  5
D0
330
3
100
AcDbSymbolTableRecord
100
AcDbTextStyleTableRecord
  2
SLDTEXTSTYLE4
 70
     0
 40
0.0
 41
0.5666666666666668
 50
0.0
 71
     0
 42
3.5
  3
TXT
  4
bigfont
  0
STYLE
  5
D5
330
3
100
AcDbSymbolTableRecord
100
AcDbTextStyleTableRecord
  2
SLDTEXTSTYLE5
 70
     0
 40
0.0
 41
0.7
 50
0.0
 71
     0
 42
3.5
  3
TXT
  4

  0
STYLE
  5
1D9
330
3
100
AcDbSymbolTableRecord
100
AcDbTextStyleTableRecord
  2

 70
     1
 40
0.0
 41
1.0
 50
0.0
 71
     0
 42
3.5
  3
ltypeshp.shx
  4

  0
ENDTAB
  0
TABLE
  2
VIEW
  5
6
330
0
100
AcDbSymbolTable
 70
     0
  0
ENDTAB
  0
TABLE
  2
UCS
  5
7
330
0
100
AcDbSymbolTable
 70
     0
  0
ENDTAB
  0
TABLE
  2
APPID
  5
9
330
0
100
AcDbSymbolTable
 70
     8
  0
APPID
  5
12
330
9
100
AcDbSymbolTableRecord
100
AcDbRegAppTableRecord
  2
ACAD
 70
     0
  0
APPID
  5
190
330
9
100
AcDbSymbolTableRecord
100
AcDbRegAppTableRecord
  2
Acad_TC
 70
     0
  0
APPID
  5
1AD
330
9
100
AcDbSymbolTableRecord
100
AcDbRegAppTableRecord
  2
ACAD_DSTYLE_DIMRADIAL_EXTENSION
 70
     0
  0
APPID
  5
1DB
330
9
100
AcDbSymbolTableRecord
100
AcDbRegAppTableRecord
  2
ACAD_EXEMPT_FROM_CAD_STANDARDS
 70
     0
  0
APPID
  5
22F
330
9
100
AcDbSymbolTableRecord
100
AcDbRegAppTableRecord
  2
ACAD_NAV_VCDISPLAY
 70
     0
  0
APPID
  5
2CC
330
9
100
AcDbSymbolTableRecord
100
AcDbRegAppTableRecord
  2
AcadAnnoMonitorAlertIconDisabled
 70
     0
  0
APPID
  5
305
330
9
100
AcDbSymbolTableRecord
100
AcDbRegAppTableRecord
  2
ACAD_DSTYLE_DIMJAG
 70
     0
  0
APPID
  5
306
330
9
100
AcDbSymbolTableRecord
100
AcDbRegAppTableRecord
  2
ACAD_DSTYLE_DIMTALN
 70
     0
  0
ENDTAB
  0
TABLE
  2
DIMSTYLE
  5
A
330
0
100
AcDbSymbolTable
 70
     1
100
AcDbDimStyleTable
 71
     1
340
27
  0
DIMSTYLE
105
27
102
{ACAD_REACTORS
330
307
330
325
330
332
330
33F
330
35D
102
}
330
A
100
AcDbSymbolTableRecord
100
AcDbDimStyleTableRecord
  2
ISO-25
 70
     0
 41
2.5
 42
0.625
 43
3.75
 44
1.25
 73
     0
 74
     0
 77
     1
 78
     8
140
2.5
141
2.5
143
0.03937007874016
147
0.625
171
     3
172
     1
271
     2
272
     2
274
     3
278
    44
283
     0
284
     8
340
11
  0
ENDTAB
  0
TABLE
  2
BLOCK_RECORD
  5
1
330
0
100
AcDbSymbolTable
 70
    17
  0
BLOCK_RECORD
  5
1F
330
1
100
AcDbSymbolTableRecord
100
AcDbBlockTableRecord
  2
*Model_Space
340
22
 70
     0
280
     1
281
     0
  0
BLOCK_RECORD
  5
1B
330
1
100
AcDbSymbolTableRecord
100
AcDbBlockTableRecord
  2
*Paper_Space
340
1E
 70
     0
280
     1
281
     0
  0
BLOCK_RECORD
  5
23
330
1
100
AcDbSymbolTableRecord
100
AcDbBlockTableRecord
  2
*Paper_Space0
340
26
 70
     0
280
     1
281
     0
  0
BLOCK_RECORD
  5
F6
330
1
100
AcDbSymbolTableRecord
100
AcDbBlockTableRecord
  2
SW_CENTERMARKSYMBOL_0
340
0
 70
     0
280
     1
281
     0
  0
BLOCK_RECORD
  5
108
330
1
100
AcDbSymbolTableRecord
100
AcDbBlockTableRecord
  2
SW_CENTERMARKSYMBOL_1
340
0
 70
     0
280
     1
281
     0
  0
BLOCK_RECORD
  5
114
330
1
100
AcDbSymbolTableRecord
100
AcDbBlockTableRecord
  2
SW_CENTERMARKSYMBOL_2
340
0
102
{BLKREFS
331
11F
102
}
 70
     0
280
     1
281
     0
  0
BLOCK_RECORD
  5
125
330
1
100
AcDbSymbolTableRecord
100
AcDbBlockTableRecord
  2
SW_CENTERMARKSYMBOL_3
340
0
 70
     0
280
     1
281
     0
  0
BLOCK_RECORD
  5
308
330
1
100
AcDbSymbolTableRecord
100
AcDbBlockTableRecord
  2
*D11
340
0
 70
     0
280
     1
281
     0
  0
BLOCK_RECORD
  5
326
330
1
100
AcDbSymbolTableRecord
100
AcDbBlockTableRecord
  2
*D13
340
0
 70
     0
280
     1
281
     0
  0
BLOCK_RECORD
  5
333
330
1
100
AcDbSymbolTableRecord
100
AcDbBlockTableRecord
  2
*D14
340
0
 70
     0
280
     1
281
     0
  0
BLOCK_RECORD
  5
340
330
1
100
AcDbSymbolTableRecord
100
AcDbBlockTableRecord
  2
*D15
340
0
 70
     0
280
     1
281
     0
  0
BLOCK_RECORD
  5
35E
330
1
100
AcDbSymbolTableRecord
100
AcDbBlockTableRecord
  2
*D16
340
0
 70
     0
280
     1
281
     0
  0
ENDTAB
  0
ENDSEC
  0
SECTION
  2
BLOCKS
  0
BLOCK
  5
20
330
1F
100
AcDbEntity
  8
0
100
AcDbBlockBegin
  2
*Model_Space
 70
     0
 10
0.0
 20
0.0
 30
0.0
  3
*Model_Space
  1

  0
ENDBLK
  5
21
330
1F
100
AcDbEntity
  8
0
100
AcDbBlockEnd
  0
BLOCK
  5
1C
330
1B
100
AcDbEntity
 67
     1
  8
0
100
AcDbBlockBegin
  2
*Paper_Space
 70
     0
 10
0.0
 20
0.0
 30
0.0
  3
*Paper_Space
  1

  0
ENDBLK
  5
1D
330
1B
100
AcDbEntity
 67
     1
  8
0
100
AcDbBlockEnd
  0
BLOCK
  5
24
330
23
100
AcDbEntity
 67
     1
  8
0
100
AcDbBlockBegin
  2
*Paper_Space0
 70
     0
 10
0.0
 20
0.0
 30
0.0
  3
*Paper_Space0
  1

  0
ENDBLK
  5
25
330
23
100
AcDbEntity
 67
     1
  8
0
100
AcDbBlockEnd
  0
BLOCK
  5
F7
330
F6
100
AcDbEntity
  8
0
100
AcDbBlockBegin
  2
SW_CENTERMARKSYMBOL_0
 70
     0
 10
0.0
 20
0.0
 30
0.0
  3
SW_CENTERMARKSYMBOL_0
  1

  0
LINE
  5
F9
330
F6
100
AcDbEntity
  8
图框
 62
     0
100
AcDbLine
 10
0.0
 20
0.0
 30
0.0
 11
0.0
 21
2.500000000000002
 31
0.0
  0
LINE
  5
FA
330
F6
100
AcDbEntity
  8
图框
 62
     0
100
AcDbLine
 10
0.0
 20
0.0
 30
0.0
 11
-2.500000000000002
 21
0.0
 31
0.0
  0
LINE
  5
FB
330
F6
100
AcDbEntity
  8
图框
 62
     0
100
AcDbLine
 10
0.0
 20
0.0
 30
0.0
 11
0.0
 21
-2.500000000000002
 31
0.0
  0
LINE
  5
FC
330
F6
100
AcDbEntity
  8
图框
 62
     0
100
AcDbLine
 10
0.0
 20
0.0
 30
0.0
 11
2.500000000000002
 21
0.0
 31
0.0
  0
LINE
  5
FD
330
F6
100
AcDbEntity
  8
图框
 62
     0
100
AcDbLine
 10
0.0
 20
2.500000000000002
 30
0.0
 11
0.0
 21
3.700000000000009
 31
0.0
  0
LINE
  5
FE
330
F6
100
AcDbEntity
  8
图框
 62
     0
100
AcDbLine
 10
-2.500000000000002
 20
0.0
 30
0.0
 11
-3.699999999999994
 21
0.0
 31
0.0
  0
LINE
  5
FF
330
F6
100
AcDbEntity
  8
图框
 62
     0
100
AcDbLine
 10
0.0
 20
-2.500000000000002
 30
0.0
 11
0.0
 21
-3.699999999999981
 31
0.0
  0
LINE
  5
100
330
F6
100
AcDbEntity
  8
图框
 62
     0
100
AcDbLine
 10
2.500000000000002
 20
0.0
 30
0.0
 11
3.699999999999994
 21
0.0
 31
0.0
  0
ENDBLK
  5
F8
330
F6
100
AcDbEntity
  8
0
100
AcDbBlockEnd
  0
BLOCK
  5
109
330
108
100
AcDbEntity
  8
0
100
AcDbBlockBegin
  2
SW_CENTERMARKSYMBOL_1
 70
     0
 10
0.0
 20
0.0
 30
0.0
  3
SW_CENTERMARKSYMBOL_1
  1

  0
LINE
  5
10B
330
108
100
AcDbEntity
  8
图框
 62
     0
100
AcDbLine
 10
0.0
 20
0.0
 30
0.0
 11
0.0
 21
2.500000000000002
 31
0.0
  0
LINE
  5
10C
330
108
100
AcDbEntity
  8
图框
 62
     0
100
AcDbLine
 10
0.0
 20
0.0
 30
0.0
 11
-2.500000000000002
 21
0.0
 31
0.0
  0
LINE
  5
10D
330
108
100
AcDbEntity
  8
图框
 62
     0
100
AcDbLine
 10
0.0
 20
0.0
 30
0.0
 11
0.0
 21
-2.500000000000002
 31
0.0
  0
LINE
  5
10E
330
108
100
AcDbEntity
  8
图框
 62
     0
100
AcDbLine
 10
0.0
 20
0.0
 30
0.0
 11
2.500000000000002
 21
0.0
 31
0.0
  0
LINE
  5
10F
330
108
100
AcDbEntity
  8
图框
 62
     0
100
AcDbLine
 10
0.0
 20
2.500000000000002
 30
0.0
 11
0.0
 21
3.700000000000009
 31
0.0
  0
LINE
  5
110
330
108
100
AcDbEntity
  8
图框
 62
     0
100
AcDbLine
 10
-2.500000000000002
 20
0.0
 30
0.0
 11
-3.699999999999981
 21
0.0
 31
0.0
  0
LINE
  5
111
330
108
100
AcDbEntity
  8
图框
 62
     0
100
AcDbLine
 10
0.0
 20
-2.500000000000002
 30
0.0
 11
0.0
 21
-3.699999999999981
 31
0.0
  0
LINE
  5
112
330
108
100
AcDbEntity
  8
图框
 62
     0
100
AcDbLine
 10
2.500000000000002
 20
0.0
 30
0.0
 11
3.700000000000009
 21
0.0
 31
0.0
  0
ENDBLK
  5
10A
330
108
100
AcDbEntity
  8
0
100
AcDbBlockEnd
  0
BLOCK
  5
115
330
114
100
AcDbEntity
  8
0
100
AcDbBlockBegin
  2
SW_CENTERMARKSYMBOL_2
 70
     0
 10
0.0
 20
0.0
 30
0.0
  3
SW_CENTERMARKSYMBOL_2
  1

  0
LINE
  5
117
330
114
100
AcDbEntity
  8
图框
 62
     0
100
AcDbLine
 10
0.0
 20
0.0
 30
0.0
 11
0.0
 21
2.500000000000002
 31
0.0
  0
LINE
  5
118
330
114
100
AcDbEntity
  8
图框
 62
     0
100
AcDbLine
 10
0.0
 20
0.0
 30
0.0
 11
-2.500000000000002
 21
0.0
 31
0.0
  0
LINE
  5
119
330
114
100
AcDbEntity
  8
图框
 62
     0
100
AcDbLine
 10
0.0
 20
0.0
 30
0.0
 11
0.0
 21
-2.500000000000002
 31
0.0
  0
LINE
  5
11A
330
114
100
AcDbEntity
  8
图框
 62
     0
100
AcDbLine
 10
0.0
 20
0.0
 30
0.0
 11
2.500000000000002
 21
0.0
 31
0.0
  0
LINE
  5
11B
330
114
100
AcDbEntity
  8
图框
 62
     0
100
AcDbLine
 10
0.0
 20
5.000000000000004
 30
0.0
 11
0.0
 21
9.000000000000007
 31
0.0
  0
LINE
  5
11C
330
114
100
AcDbEntity
  8
图框
 62
     0
100
AcDbLine
 10
-5.000000000000004
 20
0.0
 30
0.0
 11
-8.99999999999998
 21
0.0
 31
0.0
  0
LINE
  5
11D
330
114
100
AcDbEntity
  8
图框
 62
     0
100
AcDbLine
 10
0.0
 20
-4.999999999999976
 30
0.0
 11
0.0
 21
-8.99999999999998
 31
0.0
  0
LINE
  5
11E
330
114
100
AcDbEntity
  8
图框
 62
     0
100
AcDbLine
 10
5.000000000000004
 20
0.0
 30
0.0
 11
9.000000000000007
 21
0.0
 31
0.0
  0
ENDBLK
  5
116
330
114
100
AcDbEntity
  8
0
100
AcDbBlockEnd
  0
BLOCK
  5
126
330
125
100
AcDbEntity
  8
0
100
AcDbBlockBegin
  2
SW_CENTERMARKSYMBOL_3
 70
     0
 10
0.0
 20
0.0
 30
0.0
  3
SW_CENTERMARKSYMBOL_3
  1

  0
LINE
  5
128
330
125
100
AcDbEntity
  8
图框
 62
     0
100
AcDbLine
 10
0.0
 20
0.0
 30
0.0
 11
0.0
 21
2.500000000000002
 31
0.0
  0
LINE
  5
129
330
125
100
AcDbEntity
  8
图框
 62
     0
100
AcDbLine
 10
0.0
 20
0.0
 30
0.0
 11
-2.500000000000002
 21
0.0
 31
0.0
  0
LINE
  5
12A
330
125
100
AcDbEntity
  8
图框
 62
     0
100
AcDbLine
 10
0.0
 20
0.0
 30
0.0
 11
0.0
 21
-2.499999999999988
 31
0.0
  0
LINE
  5
12B
330
125
100
AcDbEntity
  8
图框
 62
     0
100
AcDbLine
 10
0.0
 20
0.0
 30
0.0
 11
2.500000000000002
 21
0.0
 31
0.0
  0
LINE
  5
12C
330
125
100
AcDbEntity
  8
图框
 62
     0
100
AcDbLine
 10
0.0
 20
2.500000000000002
 30
0.0
 11
0.0
 21
5.000000000000004
 31
0.0
  0
LINE
  5
12D
330
125
100
AcDbEntity
  8
图框
 62
     0
100
AcDbLine
 10
-2.500000000000002
 20
0.0
 30
0.0
 11
-5.000000000000004
 21
0.0
 31
0.0
  0
LINE
  5
12E
330
125
100
AcDbEntity
  8
图框
 62
     0
100
AcDbLine
 10
0.0
 20
-2.499999999999988
 30
0.0
 11
0.0
 21
-4.99999999999999
 31
0.0
  0
LINE
  5
12F
330
125
100
AcDbEntity
  8
图框
 62
     0
100
AcDbLine
 10
2.500000000000002
 20
0.0
 30
0.0
 11
5.000000000000004
 21
0.0
 31
0.0
  0
ENDBLK
  5
127
330
125
100
AcDbEntity
  8
0
100
AcDbBlockEnd
  0
BLOCK
  5
309
330
308
100
AcDbEntity
  8
0
100
AcDbBlockBegin
  2
*D11
 70
     1
 10
0.0
 20
0.0
 30
0.0
  3
*D11
  1

  0
LINE
  5
30B
330
308
100
AcDbEntity
  8
0
 62
     0
440
 16777216
370
    -2
100
AcDbLine
 10
98.55454545454545
 20
172.6818181818182
 30
0.0
 11
80.70623503358026
 21
172.6818181818182
 31
0.0
  0
LINE
  5
30C
330
308
100
AcDbEntity
  8
0
 62
     0
440
 16777216
370
    -2
100
AcDbLine
 10
98.55454545454545
 20
134.6818181818182
 30
0.0
 11
80.70623503358026
 21
134.6818181818182
 31
0.0
  0
LINE
  5
30D
330
308
100
AcDbEntity
  8
0
 62
     0
440
 16777216
370
    -2
100
AcDbLine
 10
82.70623503358025
 20
168.6018181818182
 30
0.0
 11
82.70623503358027
 21
156.9558181818182
 31
0.0
  0
LINE
  5
30E
330
308
100
AcDbEntity
  8
0
 62
     0
440
 16777216
370
    -2
100
AcDbLine
 10
82.70623503358027
 20
138.7618181818182
 30
0.0
 11
82.70623503358027
 21
150.4078181818182
 31
0.0
  0
SOLID
  5
30F
330
308
100
AcDbEntity
  8
0
 62
     0
440
 16777216
100
AcDbTrace
 10
82.02623503358024
 20
168.6018181818182
 30
0.0
 11
83.38623503358027
 21
168.6018181818182
 31
0.0
 12
82.70623503358025
 22
172.6818181818182
 32
0.0
 13
82.70623503358025
 23
172.6818181818182
 33
0.0
  0
SOLID
  5
310
330
308
100
AcDbEntity
  8
0
 62
     0
440
 16777216
100
AcDbTrace
 10
82.02623503358026
 20
138.7618181818182
 30
0.0
 11
83.38623503358027
 21
138.7618181818182
 31
0.0
 12
82.70623503358027
 22
134.6818181818182
 32
0.0
 13
82.70623503358027
 23
134.6818181818182
 33
0.0
  0
MTEXT
  5
311
330
308
100
AcDbEntity
  8
0
 62
     0
440
 16777216
100
AcDbMText
 10
82.70623503358029
 20
153.6818181818182
 30
0.0
 40
3.5
 41
0.0
 46
0.0
 71
     5
 72
     1
  1
38
 73
     1
 44
1.0
  0
POINT
  5
312
330
308
100
AcDbEntity
  8
Defpoints
 62
     0
440
 16777216
100
AcDbPoint
 10
98.55454545454545
 20
172.6818181818182
 30
0.0
  0
POINT
  5
313
330
308
100
AcDbEntity
  8
Defpoints
 62
     0
440
 16777216
100
AcDbPoint
 10
98.55454545454545
 20
134.6818181818182
 30
0.0
  0
POINT
  5
314
330
308
100
AcDbEntity
  8
Defpoints
 62
     0
440
 16777216
100
AcDbPoint
 10
82.70623503358027
 20
134.6818181818182
 30
0.0
  0
ENDBLK
  5
30A
330
308
100
AcDbEntity
  8
0
100
AcDbBlockEnd
  0
BLOCK
  5
327
330
326
100
AcDbEntity
  8
0
100
AcDbBlockBegin
  2
*D13
 70
     1
 10
0.0
 20
0.0
 30
0.0
  3
*D13
  1

  0
LINE
  5
329
330
326
100
AcDbEntity
  8
0
 62
     0
440
 16777216
370
    -2
100
AcDbLine
 10
141.7134953156624
 20
81.52815280657534
 30
0.0
 11
134.3561619823291
 21
81.52815280657534
 31
0.0
  0
LINE
  5
32A
330
326
100
AcDbEntity
  8
0
 62
     0
440
 16777216
370
    -2
100
AcDbLine
 10
134.3561619823291
 20
81.52815280657534
 30
0.0
 11
115.4689251214397
 21
90.73752162573995
 31
0.0
  0
LINE
  5
32B
330
326
100
AcDbEntity
  8
0
 62
     0
440
 16777216
370
    -2
100
AcDbLine
 10
103.640165787651
 20
96.5051946940845
 30
0.0
 11
99.97289085741869
 21
98.29334865448311
 31
0.0
  0
MTEXT
  5
32C
330
326
100
AcDbEntity
  8
0
 62
     0
440
 16777216
100
AcDbMText
 10
138.7968286489957
 20
84.80215280657535
 30
0.0
 40
3.5
 41
0.0
 46
0.0
 71
     5
 72
     1
  1
∅5
 73
     1
 44
1.0
  0
LINE
  5
32D
330
326
100
AcDbEntity
  8
0
 62
     0
440
 16777216
370
    -2
100
AcDbLine
 10
107.3074407178834
 20
94.71704073368588
 30
0.0
 11
111.8016501912073
 21
92.52567558613856
 31
0.0
  0
SOLID
  5
32E
330
326
100
AcDbEntity
  8
0
 62
     0
440
 16777216
100
AcDbTrace
 10
103.9381914477175
 20
97.11640718245655
 30
0.0
 11
103.3421401275846
 21
95.89398220571242
 31
0.0
 12
107.3074407178834
 22
94.71704073368588
 32
0.0
 13
107.3074407178834
 23
94.71704073368588
 33
0.0
  0
SOLID
  5
32F
330
326
100
AcDbEntity
  8
0
 62
     0
440
 16777216
100
AcDbTrace
 10
115.7669507815061
 20
91.34873411411202
 30
0.0
 11
115.1708994613733
 21
90.12630913736789
 31
0.0
 12
111.8016501912073
 22
92.52567558613856
 32
0.0
 13
111.8016501912073
 23
92.52567558613856
 33
0.0
  0
POINT
  5
330
330
326
100
AcDbEntity
  8
Defpoints
 62
     0
440
 16777216
100
AcDbPoint
 10
111.8016501912073
 20
92.52567558613856
 30
0.0
  0
POINT
  5
331
330
326
100
AcDbEntity
  8
Defpoints
 62
     0
440
 16777216
100
AcDbPoint
 10
107.3074407178834
 20
94.71704073368588
 30
0.0
  0
ENDBLK
  5
328
330
326
100
AcDbEntity
  8
0
100
AcDbBlockEnd
  0
BLOCK
  5
334
330
333
100
AcDbEntity
  8
0
100
AcDbBlockBegin
  2
*D14
 70
     1
 10
0.0
 20
0.0
 30
0.0
  3
*D14
  1

  0
LINE
  5
336
330
333
100
AcDbEntity
  8
0
 62
     0
440
 16777216
370
    -2
100
AcDbLine
 10
102.0545454545454
 20
102.6213581599122
 30
0.0
 11
102.0545454545454
 21
108.9890308483508
 31
0.0
  0
LINE
  5
337
330
333
100
AcDbEntity
  8
0
 62
     0
440
 16777216
370
    -2
100
AcDbLine
 10
117.0545454545454
 20
102.6213581599122
 30
0.0
 11
117.0545454545454
 21
108.9890308483508
 31
0.0
  0
LINE
  5
338
330
333
100
AcDbEntity
  8
0
 62
     0
440
 16777216
370
    -2
100
AcDbLine
 10
106.1345454545454
 20
106.9890308483508
 30
0.0
 11
112.9745454545453
 21
106.9890308483508
 31
0.0
  0
SOLID
  5
339
330
333
100
AcDbEntity
  8
0
 62
     0
440
 16777216
100
AcDbTrace
 10
106.1345454545454
 20
107.6690308483508
 30
0.0
 11
106.1345454545454
 21
106.3090308483508
 31
0.0
 12
102.0545454545454
 22
106.9890308483508
 32
0.0
 13
102.0545454545454
 23
106.9890308483508
 33
0.0
  0
SOLID
  5
33A
330
333
100
AcDbEntity
  8
0
 62
     0
440
 16777216
100
AcDbTrace
 10
112.9745454545453
 20
107.6690308483508
 30
0.0
 11
112.9745454545453
 21
106.3090308483508
 31
0.0
 12
117.0545454545454
 22
106.9890308483508
 32
0.0
 13
117.0545454545454
 23
106.9890308483508
 33
0.0
  0
MTEXT
  5
33B
330
333
100
AcDbEntity
  8
0
 62
     0
440
 16777216
100
AcDbMText
 10
109.5545454545453
 20
110.2630308483508
 30
0.0
 40
3.5
 41
0.0
 46
0.0
 71
     5
 72
     1
  1
15
 73
     1
 44
1.0
  0
POINT
  5
33C
330
333
100
AcDbEntity
  8
Defpoints
 62
     0
440
 16777216
100
AcDbPoint
 10
102.0545454545454
 20
102.6213581599122
 30
0.0
  0
POINT
  5
33D
330
333
100
AcDbEntity
  8
Defpoints
 62
     0
440
 16777216
100
AcDbPoint
 10
117.0545454545454
 20
102.6213581599122
 30
0.0
  0
POINT
  5
33E
330
333
100
AcDbEntity
  8
Defpoints
 62
     0
440
 16777216
100
AcDbPoint
 10
117.0545454545454
 20
106.9890308483508
 30
0.0
  0
ENDBLK
  5
335
330
333
100
AcDbEntity
  8
0
100
AcDbBlockEnd
  0
BLOCK
  5
341
330
340
100
AcDbEntity
  8
0
100
AcDbBlockBegin
  2
*D15
 70
     1
 10
0.0
 20
0.0
 30
0.0
  3
*D15
  1

  0
LINE
  5
343
330
340
100
AcDbEntity
  8
0
 62
     0
440
 16777216
370
    -2
100
AcDbLine
 10
98.5545454545454
 20
84.62135815991224
 30
0.0
 11
98.5545454545454
 21
73.86788971449016
 31
0.0
  0
LINE
  5
344
330
340
100
AcDbEntity
  8
0
 62
     0
440
 16777216
370
    -2
100
AcDbLine
 10
120.5545454545454
 20
84.62135815991224
 30
0.0
 11
120.5545454545454
 21
73.86788971449016
 31
0.0
  0
LINE
  5
345
330
340
100
AcDbEntity
  8
0
 62
     0
440
 16777216
370
    -2
100
AcDbLine
 10
102.6345454545454
 20
75.86788971449016
 30
0.0
 11
116.4745454545454
 21
75.86788971449016
 31
0.0
  0
SOLID
  5
346
330
340
100
AcDbEntity
  8
0
 62
     0
440
 16777216
100
AcDbTrace
 10
102.6345454545454
 20
76.54788971449017
 30
0.0
 11
102.6345454545454
 21
75.18788971449016
 31
0.0
 12
98.5545454545454
 22
75.86788971449016
 32
0.0
 13
98.5545454545454
 23
75.86788971449016
 33
0.0
  0
SOLID
  5
347
330
340
100
AcDbEntity
  8
0
 62
     0
440
 16777216
100
AcDbTrace
 10
116.4745454545454
 20
76.54788971449017
 30
0.0
 11
116.4745454545454
 21
75.18788971449016
 31
0.0
 12
120.5545454545454
 22
75.86788971449016
 32
0.0
 13
120.5545454545454
 23
75.86788971449016
 33
0.0
  0
MTEXT
  5
348
330
340
100
AcDbEntity
  8
0
 62
     0
440
 16777216
100
AcDbMText
 10
109.5545454545454
 20
79.14188971449016
 30
0.0
 40
3.5
 41
0.0
 46
0.0
 71
     5
 72
     1
  1
22
 73
     1
 44
1.0
  0
POINT
  5
349
330
340
100
AcDbEntity
  8
Defpoints
 62
     0
440
 16777216
100
AcDbPoint
 10
98.5545454545454
 20
84.62135815991224
 30
0.0
  0
POINT
  5
34A
330
340
100
AcDbEntity
  8
Defpoints
 62
     0
440
 16777216
100
AcDbPoint
 10
120.5545454545454
 20
84.62135815991224
 30
0.0
  0
POINT
  5
34B
330
340
100
AcDbEntity
  8
Defpoints
 62
     0
440
 16777216
100
AcDbPoint
 10
120.5545454545454
 20
75.86788971449016
 30
0.0
  0
ENDBLK
  5
342
330
340
100
AcDbEntity
  8
0
100
AcDbBlockEnd
  0
BLOCK
  5
35F
330
35E
100
AcDbEntity
  8
0
100
AcDbBlockBegin
  2
*D16
 70
     1
 10
0.0
 20
0.0
 30
0.0
  3
*D16
  1

  0
LINE
  5
361
330
35E
100
AcDbEntity
  8
0
 62
     0
440
 16777216
370
    -2
100
AcDbLine
 10
160.1457831325301
 20
164.6818181818182
 30
0.0
 11
143.5916068804047
 21
164.6818181818182
 31
0.0
  0
LINE
  5
362
330
35E
100
AcDbEntity
  8
0
 62
     0
440
 16777216
370
    -2
100
AcDbLine
 10
160.1457831325301
 20
134.6818181818182
 30
0.0
 11
143.5916068804047
 21
134.6818181818182
 31
0.0
  0
LINE
  5
363
330
35E
100
AcDbEntity
  8
0
 62
     0
440
 16777216
370
    -2
100
AcDbLine
 10
145.5916068804047
 20
160.6018181818182
 30
0.0
 11
145.5916068804047
 21
152.9558181818182
 31
0.0
  0
LINE
  5
364
330
35E
100
AcDbEntity
  8
0
 62
     0
440
 16777216
370
    -2
100
AcDbLine
 10
145.5916068804047
 20
138.7618181818182
 30
0.0
 11
145.5916068804047
 21
146.4078181818182
 31
0.0
  0
SOLID
  5
365
330
35E
100
AcDbEntity
  8
0
 62
     0
440
 16777216
100
AcDbTrace
 10
144.9116068804047
 20
160.6018181818182
 30
0.0
 11
146.2716068804047
 21
160.6018181818182
 31
0.0
 12
145.5916068804047
 22
164.6818181818182
 32
0.0
 13
145.5916068804047
 23
164.6818181818182
 33
0.0
  0
SOLID
  5
366
330
35E
100
AcDbEntity
  8
0
 62
     0
440
 16777216
100
AcDbTrace
 10
144.9116068804047
 20
138.7618181818182
 30
0.0
 11
146.2716068804047
 21
138.7618181818182
 31
0.0
 12
145.5916068804047
 22
134.6818181818182
 32
0.0
 13
145.5916068804047
 23
134.6818181818182
 33
0.0
  0
MTEXT
  5
367
330
35E
100
AcDbEntity
  8
0
 62
     0
440
 16777216
100
AcDbMText
 10
145.5916068804047
 20
149.6818181818182
 30
0.0
 40
3.5
 41
0.0
 46
0.0
 71
     5
 72
     1
  1
30
 73
     1
 44
1.0
  0
POINT
  5
368
330
35E
100
AcDbEntity
  8
Defpoints
 62
     0
440
 16777216
100
AcDbPoint
 10
160.1457831325301
 20
164.6818181818182
 30
0.0
  0
POINT
  5
369
330
35E
100
AcDbEntity
  8
Defpoints
 62
     0
440
 16777216
100
AcDbPoint
 10
160.1457831325301
 20
134.6818181818182
 30
0.0
  0
POINT
  5
36A
330
35E
100
AcDbEntity
  8
Defpoints
 62
     0
440
 16777216
100
AcDbPoint
 10
145.5916068804047
 20
134.6818181818182
 30
0.0
  0
ENDBLK
  5
360
330
35E
100
AcDbEntity
  8
0
100
AcDbBlockEnd
  0
ENDSEC
  0
SECTION
  2
ENTITIES
  0
LINE
  5
70
330
1F
100
AcDbEntity
  8
图框
100
AcDbLine
 10
0.0000000000000139
 20
66.22062153984083
 30
0.0
 11
25.00000000000002
 21
66.22062153984083
 31
0.0
  0
LINE
  5
71
330
1F
100
AcDbEntity
  8
图框
370
    25
100
AcDbLine
 10
112.0
 20
60.99999999999999
 30
0.0
 11
112.0
 21
5.0
 31
0.0
  0
LINE
  5
72
330
1F
100
AcDbEntity
  8
图框
  6
Continuous
370
    25
100
AcDbLine
 10
25.0
 20
5.0
 30
0.0
 11
25.0
 21
205.0
 31
0.0
  0
LINE
  5
73
330
1F
100
AcDbEntity
  8
图框
  6
Continuous
370
    25
100
AcDbLine
 10
25.0
 20
205.0
 30
0.0
 11
292.0
 21
205.0
 31
0.0
  0
LINE
  5
74
330
1F
100
AcDbEntity
  8
图框
  6
Continuous
370
    25
100
AcDbLine
 10
292.0
 20
5.0
 30
0.0
 11
292.0
 21
205.0
 31
0.0
  0
LINE
  5
75
330
1F
100
AcDbEntity
  8
图框
100
AcDbLine
 10
0.0000000000000139
 20
71.22062153984083
 30
0.0
 11
25.00000000000002
 21
71.22062153984083
 31
0.0
  0
LINE
  5
76
330
1F
100
AcDbEntity
  8
图框
100
AcDbLine
 10
0.0
 20
53.43002782288127
 30
0.0
 11
24.99999999999999
 21
53.43002782288127
 31
0.0
  0
LINE
  5
77
330
1F
100
AcDbEntity
  8
图框
100
AcDbLine
 10
0.0
 20
58.43002782288127
 30
0.0
 11
24.99999999999999
 21
58.43002782288127
 31
0.0
  0
LINE
  5
78
330
1F
100
AcDbEntity
  8
图框
100
AcDbLine
 10
0.0
 20
40.43002782288127
 30
0.0
 11
24.99999999999999
 21
40.43002782288127
 31
0.0
  0
LINE
  5
79
330
1F
100
AcDbEntity
  8
图框
100
AcDbLine
 10
0.0
 20
45.43002782288125
 30
0.0
 11
24.99999999999999
 21
45.43002782288125
 31
0.0
  0
LINE
  5
7A
330
1F
100
AcDbEntity
  8
图框
100
AcDbLine
 10
0.0
 20
27.43002782288126
 30
0.0
 11
24.99999999999999
 21
27.43002782288126
 31
0.0
  0
LINE
  5
7B
330
1F
100
AcDbEntity
  8
图框
100
AcDbLine
 10
0.0
 20
32.43002782288126
 30
0.0
 11
24.99999999999999
 21
32.43002782288126
 31
0.0
  0
LINE
  5
7C
330
1F
100
AcDbEntity
  8
图框
100
AcDbLine
 10
0.0
 20
19.43002782288128
 30
0.0
 11
24.99999999999999
 21
19.43002782288128
 31
0.0
  0
LINE
  5
7D
330
1F
100
AcDbEntity
  8
图框
100
AcDbLine
 10
0.0
 20
14.43002782288127
 30
0.0
 11
24.99999999999999
 21
14.43002782288127
 31
0.0
  0
LINE
  5
7E
330
1F
100
AcDbEntity
  8
图框
370
    25
100
AcDbLine
 10
0.0
 20
105.0
 30
0.0
 11
30.0
 21
105.0
 31
0.0
  0
LINE
  5
7F
330
1F
100
AcDbEntity
  8
图框
100
AcDbLine
 10
0.0000000000000139
 20
84.22062153984079
 30
0.0
 11
25.00000000000002
 21
84.22062153984079
 31
0.0
  0
LINE
  5
80
330
1F
100
AcDbEntity
  8
图框
100
AcDbLine
 10
0.0000000000000139
 20
79.22062153984085
 30
0.0
 11
25.00000000000002
 21
79.22062153984085
 31
0.0
  0
LINE
  5
81
330
1F
100
AcDbEntity
  8
图框
100
AcDbLine
 10
0.0
 20
5.0
 30
0.0
 11
25.00000000000002
 21
5.0
 31
0.0
  0
LINE
  5
82
330
1F
100
AcDbEntity
  8
图框
100
AcDbLine
 10
58.49999999999997
 20
0.0
 30
0.0
 11
58.49999999999997
 21
5.0
 31
0.0
  0
LINE
  5
83
330
1F
100
AcDbEntity
  8
图框
370
    25
100
AcDbLine
 10
297.0
 20
105.0
 30
0.0
 11
287.0
 21
105.0
 31
0.0
  0
LINE
  5
84
330
1F
100
AcDbEntity
  8
图框
100
AcDbLine
 10
108.4999999999999
 20
0.0
 30
0.0
 11
108.5
 21
5.0
 31
0.0
  0
LINE
  5
85
330
1F
100
AcDbEntity
  8
图框
100
AcDbLine
 10
0.0
 20
155.0
 30
0.0
 11
25.0
 21
155.0
 31
0.0
  0
LINE
  5
86
330
1F
100
AcDbEntity
  8
图框
370
    25
100
AcDbLine
 10
158.5
 20
0.0
 30
0.0
 11
158.5
 21
5.0
 31
0.0
  0
LINE
  5
87
330
1F
100
AcDbEntity
  8
图框
100
AcDbLine
 10
208.5
 20
0.0
 30
0.0
 11
208.5
 21
5.0
 31
0.0
  0
LINE
  5
88
330
1F
100
AcDbEntity
  8
图框
100
AcDbLine
 10
258.4999999999999
 20
0.0
 30
0.0
 11
258.4999999999999
 21
5.0
 31
0.0
  0
LINE
  5
89
330
1F
100
AcDbEntity
  8
图框
100
AcDbLine
 10
258.4999999999999
 20
210.0
 30
0.0
 11
258.4999999999999
 21
205.0
 31
0.0
  0
LINE
  5
8A
330
1F
100
AcDbEntity
  8
粗实线层
100
AcDbLine
 10
25.0
 20
190.9999999999999
 30
0.0
 11
84.99999999999998
 21
190.9999999999999
 31
0.0
  0
LINE
  5
8B
330
1F
100
AcDbEntity
  8
粗实线层
100
AcDbLine
 10
84.99999999999998
 20
190.9999999999999
 30
0.0
 11
84.99999999999998
 21
205.0
 31
0.0
  0
LINE
  5
8C
330
1F
100
AcDbEntity
  8
图框
100
AcDbLine
 10
297.0
 20
155.0
 30
0.0
 11
292.0
 21
154.9999999999999
 31
0.0
  0
LINE
  5
8D
330
1F
100
AcDbEntity
  8
图框
100
AcDbLine
 10
297.0
 20
55.0
 30
0.0
 11
292.0
 21
54.99999999999999
 31
0.0
  0
LINE
  5
8E
330
1F
100
AcDbEntity
  8
图框
100
AcDbLine
 10
208.5
 20
210.0
 30
0.0
 11
208.5
 21
205.0
 31
0.0
  0
LINE
  5
8F
330
1F
100
AcDbEntity
  8
图框
100
AcDbLine
 10
0.0
 20
0.0
 30
0.0
 11
0.0
 21
210.0
 31
0.0
  0
LINE
  5
90
330
1F
100
AcDbEntity
  8
图框
100
AcDbLine
 10
0.0
 20
210.0
 30
0.0
 11
297.0
 21
210.0
 31
0.0
  0
LINE
  5
91
330
1F
100
AcDbEntity
  8
图框
100
AcDbLine
 10
297.0
 20
0.0
 30
0.0
 11
297.0
 21
210.0
 31
0.0
  0
LINE
  5
92
330
1F
100
AcDbEntity
  8
图框
100
AcDbLine
 10
0.0
 20
0.0
 30
0.0
 11
297.0
 21
0.0
 31
0.0
  0
LINE
  5
93
330
1F
100
AcDbEntity
  8
图框
370
    25
100
AcDbLine
 10
158.4999999999999
 20
210.0
 30
0.0
 11
158.4999999999999
 21
200.0
 31
0.0
  0
LINE
  5
94
330
1F
100
AcDbEntity
  8
图框
100
AcDbLine
 10
108.5
 20
210.0
 30
0.0
 11
108.5
 21
205.0
 31
0.0
  0
LINE
  5
95
330
1F
100
AcDbEntity
  8
图框
100
AcDbLine
 10
58.49999999999997
 20
210.0
 30
0.0
 11
58.49999999999997
 21
205.0
 31
0.0
  0
LINE
  5
96
330
1F
100
AcDbEntity
  8
图框
370
    25
100
AcDbLine
 10
192.0000170090906
 20
12.16608589739257
 30
0.0
 11
292.0000382704538
 21
12.16608589739257
 31
0.0
  0
LINE
  5
97
330
1F
100
AcDbEntity
  8
图框
370
    25
100
AcDbLine
 10
218.0000225370458
 20
12.16608589739257
 30
0.0
 11
218.0000225370458
 21
5.0
 31
0.0
  0
LINE
  5
98
330
1F
100
AcDbEntity
  8
图框
370
    25
100
AcDbLine
 10
230.0
 20
42.99999999999998
 30
0.0
 11
230.0
 21
24.00000000000005
 31
0.0
  0
LINE
  5
99
330
1F
100
AcDbEntity
  8
图框
370
    25
100
AcDbLine
 10
218.0000225370458
 20
43.06912202290631
 30
0.0
 11
218.0000225370458
 21
24.06912202290638
 31
0.0
  0
LINE
  5
9A
330
1F
100
AcDbEntity
  8
图框
100
AcDbLine
 10
211.5
 20
33.00000000000002
 30
0.0
 11
211.5
 21
24.00000000000005
 31
0.0
  0
LINE
  5
9B
330
1F
100
AcDbEntity
  8
图框
100
AcDbLine
 10
205.0
 20
33.00000000000002
 30
0.0
 11
205.0
 21
24.00000000000005
 31
0.0
  0
LINE
  5
9C
330
1F
100
AcDbEntity
  8
图框
100
AcDbLine
 10
198.5
 20
33.00000000000002
 30
0.0
 11
198.5
 21
24.00000000000005
 31
0.0
  0
LINE
  5
9D
330
1F
100
AcDbEntity
  8
图框
370
    25
100
AcDbLine
 10
191.9798763676701
 20
43.05216099765696
 30
0.0
 11
291.9798763676702
 21
43.05216099765697
 31
0.0
  0
LINE
  5
9E
330
1F
100
AcDbEntity
  8
图框
370
    25
100
AcDbLine
 10
192.0151988559129
 20
33.00000412509223
 30
0.0
 11
240.6919146759594
 21
33.00000412509224
 31
0.0
  0
LINE
  5
9F
330
1F
100
AcDbEntity
  8
图框
370
    25
100
AcDbLine
 10
192.0
 20
24.00000000000005
 30
0.0
 11
292.0
 21
24.00000000000005
 31
0.0
  0
LINE
  5
A0
330
1F
100
AcDbEntity
  8
图框
370
    25
100
AcDbLine
 10
148.0000000000001
 20
60.99999999999999
 30
0.0
 11
148.0000000000001
 21
33.00000000000002
 31
0.0
  0
LINE
  5
A1
330
1F
100
AcDbEntity
  8
图框
370
    25
100
AcDbLine
 10
132.0
 20
60.99999999999999
 30
0.0
 11
132.0
 21
33.00000000000002
 31
0.0
  0
LINE
  5
A2
330
1F
100
AcDbEntity
  8
图框
370
    25
100
AcDbLine
 10
122.0
 20
60.99999999999999
 30
0.0
 11
122.0
 21
33.00000000000002
 31
0.0
  0
LINE
  5
A3
330
1F
100
AcDbEntity
  8
图框
370
    25
100
AcDbLine
 10
240.6919146759594
 20
61.00000825018589
 30
0.0
 11
240.6919146759594
 21
5.0
 31
0.0
  0
LINE
  5
A4
330
1F
100
AcDbEntity
  8
图框
370
    25
100
AcDbLine
 10
191.9681386681628
 20
61.05215717061242
 30
0.0
 11
192.0046899746901
 21
4.999999999999997
 31
0.0
  0
LINE
  5
A5
330
1F
100
AcDbEntity
  8
图框
370
    25
100
AcDbLine
 10
176.0
 20
60.99999999999999
 30
0.0
 11
176.0
 21
4.999999999999972
 31
0.0
  0
LINE
  5
A6
330
1F
100
AcDbEntity
  8
图框
370
    25
100
AcDbLine
 10
164.0
 20
60.99999999999999
 30
0.0
 11
164.0
 21
4.999999999999972
 31
0.0
  0
LINE
  5
A7
330
1F
100
AcDbEntity
  8
图框
370
    25
100
AcDbLine
 10
152.0000000000001
 20
33.00000000000002
 30
0.0
 11
152.0000000000001
 21
5.0
 31
0.0
  0
LINE
  5
A8
330
1F
100
AcDbEntity
  8
图框
370
    25
100
AcDbLine
 10
136.0
 20
33.00000000000002
 30
0.0
 11
136.0
 21
5.0
 31
0.0
  0
LINE
  5
A9
330
1F
100
AcDbEntity
  8
图框
370
    25
100
AcDbLine
 10
124.0
 20
33.00000000000002
 30
0.0
 11
124.0
 21
5.0
 31
0.0
  0
LINE
  5
AA
330
1F
100
AcDbEntity
  8
图框
100
AcDbLine
 10
112.0
 20
53.99999999999998
 30
0.0
 11
192.0
 21
53.99999999999998
 31
0.0
  0
LINE
  5
AB
330
1F
100
AcDbEntity
  8
图框
100
AcDbLine
 10
112.0
 20
46.99999999999998
 30
0.0
 11
192.0
 21
46.99999999999998
 31
0.0
  0
LINE
  5
AC
330
1F
100
AcDbEntity
  8
图框
370
    25
100
AcDbLine
 10
112.0
 20
40.00000000000002
 30
0.0
 11
192.0
 21
40.00000000000002
 31
0.0
  0
LINE
  5
AD
330
1F
100
AcDbEntity
  8
图框
370
    25
100
AcDbLine
 10
112.0
 20
33.00000000000002
 30
0.0
 11
192.0
 21
33.00000000000002
 31
0.0
  0
LINE
  5
AE
330
1F
100
AcDbEntity
  8
图框
370
    25
100
AcDbLine
 10
112.0
 20
25.99999999999996
 30
0.0
 11
192.0
 21
25.99999999999996
 31
0.0
  0
LINE
  5
AF
330
1F
100
AcDbEntity
  8
图框
370
    25
100
AcDbLine
 10
112.0
 20
18.99999999999998
 30
0.0
 11
192.0
 21
18.99999999999998
 31
0.0
  0
LINE
  5
B0
330
1F
100
AcDbEntity
  8
图框
370
    25
100
AcDbLine
 10
112.0
 20
12.16608589739257
 30
0.0
 11
192.0000170090906
 21
12.16608589739257
 31
0.0
  0
LINE
  5
B1
330
1F
100
AcDbEntity
  8
图框
370
    25
100
AcDbLine
 10
112.0
 20
60.99999999999999
 30
0.0
 11
292.0
 21
60.99999999999999
 31
0.0
  0
LINE
  5
B2
330
1F
100
AcDbEntity
  8
图框
370
    25
100
AcDbLine
 10
25.00000000000002
 20
5.0
 30
0.0
 11
292.0
 21
5.0
 31
0.0
  0
MTEXT
  5
B5
330
1F
100
AcDbEntity
  8
图框
100
AcDbMText
 10
243.6406191091543
 20
10.53142670930424
 30
0.0
 40
3.5
 41
0.0
 46
0.0
 71
     1
 72
     1
  1
替代
  7
SLDTEXTSTYLE0
 73
     1
 44
1.0
  0
MTEXT
  5
B6
330
1F
100
AcDbEntity
  8
图框
100
AcDbMText
 10
224.1201671654589
 20
10.5314267093042
 30
0.0
 40
3.5
 41
0.0
 46
0.0
 71
     2
 72
     1
  1
版本
  7
SLDTEXTSTYLE0
 73
     1
 44
1.0
  0
MTEXT
  5
DA
330
1F
100
AcDbEntity
  8
图框
100
AcDbMText
 10
29.79444444272667
 20
4.476140267773291
 30
0.0
 40
3.5
 41
0.0
 46
0.0
 71
     2
 72
     1
  1
1
  7
SLDTEXTSTYLE5
 73
     1
 44
1.0
  0
MTEXT
  5
DB
330
1F
100
AcDbEntity
  8
图框
100
AcDbMText
 10
13.32031252002326
 20
131.9761402677733
 30
0.0
 40
3.5
 41
0.0
 46
0.0
 71
     2
 72
     1
  1
B
  7
SLDTEXTSTYLE5
 73
     1
 44
1.0
  0
MTEXT
  5
DC
330
1F
100
AcDbEntity
  8
图框
100
AcDbMText
 10
13.32031252002326
 20
184.5309047803691
 30
0.0
 40
3.5
 41
0.0
 46
0.0
 71
     2
 72
     1
  1
A
  7
SLDTEXTSTYLE5
 73
     1
 44
1.0
  0
MTEXT
  5
DD
330
1F
100
AcDbEntity
  8
图框
100
AcDbMText
 10
294.9296875200234
 20
29.47614026777329
 30
0.0
 40
3.5
 41
0.0
 46
0.0
 71
     2
 72
     1
  1
D
  7
SLDTEXTSTYLE5
 73
     1
 44
1.0
  0
MTEXT
  5
DE
330
1F
100
AcDbEntity
  8
图框
100
AcDbMText
 10
295.4272569427267
 20
82.03090478036912
 30
0.0
 40
3.5
 41
0.0
 46
0.0
 71
     2
 72
     1
  1
C
  7
SLDTEXTSTYLE5
 73
     1
 44
1.0
  0
MTEXT
  5
DF
330
1F
100
AcDbEntity
  8
图框
100
AcDbMText
 10
295.3203125200232
 20
131.9761402677733
 30
0.0
 40
3.5
 41
0.0
 46
0.0
 71
     2
 72
     1
  1
B
  7
SLDTEXTSTYLE5
 73
     1
 44
1.0
  0
MTEXT
  5
E0
330
1F
100
AcDbEntity
  8
图框
100
AcDbMText
 10
295.3203125200233
 20
184.5309047803691
 30
0.0
 40
3.5
 41
0.0
 46
0.0
 71
     2
 72
     1
  1
A
  7
SLDTEXTSTYLE5
 73
     1
 44
1.0
  0
MTEXT
  5
E2
330
1F
100
AcDbEntity
  8
图框
100
AcDbMText
 10
84.04444444272668
 20
4.476140267773293
 30
0.0
 40
3.5
 41
0.0
 46
0.0
 71
     2
 72
     1
  1
2
  7
SLDTEXTSTYLE5
 73
     1
 44
1.0
  0
MTEXT
  5
E3
330
1F
100
AcDbEntity
  8
图框
100
AcDbMText
 10
234.0444444427267
 20
4.476140267773293
 30
0.0
 40
3.5
 41
0.0
 46
0.0
 71
     2
 72
     1
  1
5
  7
SLDTEXTSTYLE5
 73
     1
 44
1.0
  0
MTEXT
  5
E4
330
1F
100
AcDbEntity
  8
图框
100
AcDbMText
 10
184.0444444427267
 20
4.476140267773293
 30
0.0
 40
3.5
 41
0.0
 46
0.0
 71
     2
 72
     1
  1
4
  7
SLDTEXTSTYLE5
 73
     1
 44
1.0
  0
MTEXT
  5
E5
330
1F
100
AcDbEntity
  8
图框
100
AcDbMText
 10
134.0444444427267
 20
4.476140267773293
 30
0.0
 40
3.5
 41
0.0
 46
0.0
 71
     2
 72
     1
  1
3
  7
SLDTEXTSTYLE5
 73
     1
 44
1.0
  0
MTEXT
  5
E6
330
1F
100
AcDbEntity
  8
图框
100
AcDbMText
 10
278.2968750200235
 20
4.476140267773293
 30
0.0
 40
3.5
 41
0.0
 46
0.0
 71
     2
 72
     1
  1
6
  7
SLDTEXTSTYLE5
 73
     1
 44
1.0
  0
MTEXT
  5
E7
330
1F
100
AcDbEntity
  8
图框
100
AcDbMText
 10
278.2968750200235
 20
209.5309047803691
 30
0.0
 40
3.5
 41
0.0
 46
0.0
 71
     2
 72
     1
  1
6
  7
SLDTEXTSTYLE5
 73
     1
 44
1.0
  0
MTEXT
  5
E8
330
1F
100
AcDbEntity
  8
图框
100
AcDbMText
 10
184.0444444427267
 20
209.5309047803691
 30
0.0
 40
3.5
 41
0.0
 46
0.0
 71
     2
 72
     1
  1
4
  7
SLDTEXTSTYLE5
 73
     1
 44
1.0
  0
MTEXT
  5
E9
330
1F
100
AcDbEntity
  8
图框
100
AcDbMText
 10
84.04444444272668
 20
209.5309047803691
 30
0.0
 40
3.5
 41
0.0
 46
0.0
 71
     2
 72
     1
  1
2
  7
SLDTEXTSTYLE5
 73
     1
 44
1.0
  0
MTEXT
  5
EA
330
1F
100
AcDbEntity
  8
图框
100
AcDbMText
 10
234.0444444427267
 20
209.5309047803691
 30
0.0
 40
3.5
 41
0.0
 46
0.0
 71
     2
 72
     1
  1
5
  7
SLDTEXTSTYLE5
 73
     1
 44
1.0
  0
MTEXT
  5
EB
330
1F
100
AcDbEntity
  8
图框
100
AcDbMText
 10
29.79444444272667
 20
209.5309047803691
 30
0.0
 40
3.5
 41
0.0
 46
0.0
 71
     2
 72
     1
  1
1
  7
SLDTEXTSTYLE5
 73
     1
 44
1.0
  0
MTEXT
  5
EC
330
1F
100
AcDbEntity
  8
图框
100
AcDbMText
 10
134.0444444427267
 20
209.5309047803691
 30
0.0
 40
3.5
 41
0.0
 46
0.0
 71
     2
 72
     1
  1
3
  7
SLDTEXTSTYLE5
 73
     1
 44
1.0
  0
CIRCLE
  5
ED
330
1F
100
AcDbEntity
  8
0
  6
Continuous
 62
     7
370
    30
100
AcDbCircle
 10
109.5545454545454
 20
169.6818181818181
 30
0.0
 40
1.199999999999988
  0
LINE
  5
EE
330
1F
100
AcDbEntity
  8
0
  6
Continuous
 62
     7
370
    30
100
AcDbLine
 10
102.0545454545454
 20
134.6818181818182
 30
0.0
 11
98.5545454545454
 21
134.6818181818182
 31
0.0
  0
LINE
  5
EF
330
1F
100
AcDbEntity
  8
0
  6
Continuous
 62
     7
370
    30
100
AcDbLine
 10
98.5545454545454
 20
134.6818181818182
 30
0.0
 11
98.5545454545454
 21
172.6818181818181
 31
0.0
  0
LINE
  5
F0
330
1F
100
AcDbEntity
  8
0
  6
Continuous
 62
     7
370
    30
100
AcDbLine
 10
120.5545454545454
 20
172.6818181818181
 30
0.0
 11
98.5545454545454
 21
172.6818181818181
 31
0.0
  0
LINE
  5
F1
330
1F
100
AcDbEntity
  8
0
  6
Continuous
 62
     7
370
    30
100
AcDbLine
 10
120.5545454545454
 20
134.6818181818182
 30
0.0
 11
120.5545454545454
 21
172.6818181818181
 31
0.0
  0
LINE
  5
F2
330
1F
100
AcDbEntity
  8
0
  6
Continuous
 62
     7
370
    30
100
AcDbLine
 10
117.0545454545454
 20
164.6818181818182
 30
0.0
 11
102.0545454545454
 21
164.6818181818182
 31
0.0
  0
LINE
  5
F3
330
1F
100
AcDbEntity
  8
0
  6
Continuous
 62
     7
370
    30
100
AcDbLine
 10
102.0545454545454
 20
164.6818181818182
 30
0.0
 11
102.0545454545454
 21
134.6818181818182
 31
0.0
  0
LINE
  5
F4
330
1F
100
AcDbEntity
  8
0
  6
Continuous
 62
     7
370
    30
100
AcDbLine
 10
120.5545454545454
 20
134.6818181818182
 30
0.0
 11
117.0545454545454
 21
134.6818181818182
 31
0.0
  0
LINE
  5
F5
330
1F
100
AcDbEntity
  8
0
  6
Continuous
 62
     7
370
    30
100
AcDbLine
 10
117.0545454545454
 20
164.6818181818182
 30
0.0
 11
117.0545454545454
 21
134.6818181818182
 31
0.0
  0
CIRCLE
  5
102
330
1F
100
AcDbEntity
  8
0
  6
Continuous
 62
     7
370
    30
100
AcDbCircle
 10
169.14578313253
 20
169.6818181818181
 30
0.0
 40
1.199999999999988
  0
LINE
  5
103
330
1F
100
AcDbEntity
  8
0
  6
Continuous
 62
     7
370
    30
100
AcDbLine
 10
178.14578313253
 20
134.6818181818182
 30
0.0
 11
178.14578313253
 21
172.6818181818181
 31
0.0
  0
LINE
  5
104
330
1F
100
AcDbEntity
  8
0
  6
Continuous
 62
     7
370
    30
100
AcDbLine
 10
178.14578313253
 20
134.6818181818182
 30
0.0
 11
160.14578313253
 21
134.6818181818182
 31
0.0
  0
LINE
  5
105
330
1F
100
AcDbEntity
  8
0
  6
Continuous
 62
     7
370
    30
100
AcDbLine
 10
160.14578313253
 20
134.6818181818182
 30
0.0
 11
160.14578313253
 21
172.6818181818181
 31
0.0
  0
CIRCLE
  5
106
330
1F
100
AcDbEntity
  8
0
  6
Continuous
 62
     7
370
    30
100
AcDbCircle
 10
169.14578313253
 20
144.6818181818181
 30
0.0
 40
6.499999999999971
  0
LINE
  5
107
330
1F
100
AcDbEntity
  8
0
  6
Continuous
 62
     7
370
    30
100
AcDbLine
 10
178.14578313253
 20
172.6818181818181
 30
0.0
 11
160.14578313253
 21
172.6818181818181
 31
0.0
  0
INSERT
  5
11F
330
1F
100
AcDbEntity
  8
图框
370
    30
100
AcDbBlockReference
  2
SW_CENTERMARKSYMBOL_2
 10
169.14578313253
 20
144.6818181818181
 30
0.0
  0
LINE
  5
120
330
1F
100
AcDbEntity
  8
0
  6
Continuous
 62
     7
370
    30
100
AcDbLine
 10
98.5545454545454
 20
102.6213581599122
 30
0.0
 11
120.5545454545454
 21
102.6213581599122
 31
0.0
  0
LINE
  5
121
330
1F
100
AcDbEntity
  8
0
  6
Continuous
 62
     7
370
    30
100
AcDbLine
 10
120.5545454545454
 20
102.6213581599122
 30
0.0
 11
120.5545454545454
 21
84.62135815991224
 31
0.0
  0
LINE
  5
122
330
1F
100
AcDbEntity
  8
0
  6
Continuous
 62
     7
370
    30
100
AcDbLine
 10
120.5545454545454
 20
84.62135815991224
 30
0.0
 11
98.5545454545454
 21
84.62135815991224
 31
0.0
  0
LINE
  5
123
330
1F
100
AcDbEntity
  8
0
  6
Continuous
 62
     7
370
    30
100
AcDbLine
 10
98.5545454545454
 20
84.62135815991224
 30
0.0
 11
98.5545454545454
 21
102.6213581599122
 31
0.0
  0
CIRCLE
  5
124
330
1F
100
AcDbEntity
  8
0
  6
Continuous
 62
     7
370
    30
100
AcDbCircle
 10
109.5545454545454
 20
93.62135815991223
 30
0.0
 40
2.5
  0
LWPOLYLINE
  5
131
330
1F
100
AcDbEntity
  8
0
  6
Continuous
 62
     7
370
    25
100
AcDbPolyline
 90
       36
 70
   128
 43
0.0
 10
164.8933226494964
 20
112.6645550864715
 10
165.044833198864
 20
112.7677668410004
 10
165.1914740745118
 20
112.8991544370711
 10
165.3285321180397
 20
113.0544949692397
 10
165.451602171157
 20
113.2287956649878
 10
165.5567286610943
 20
113.4164543565389
 10
165.6405327359665
 20
113.6114395391405
 10
165.7003208638531
 20
113.8074842285895
 10
165.7341714051299
 20
113.9982873872607
 10
165.740996375548
 20
114.1777164446412
 10
165.7205764149425
 20
114.3400044031921
 10
165.6735678376489
 20
114.4799351943945
 10
165.6014815380203
 20
114.5930113274838
 10
165.5066344290393
 20
114.6755984425031
 10
165.3920749748293
 20
114.7250421216228
 10
165.2614852105083
 20
114.7397532043135
 10
165.1190623985511
 20
114.7192588642734
 10
164.9693841253202
 20
114.664217806454
 10
164.8172611736725
 20
114.5763990957417
 10
164.6675829004415
 20
114.4586252977561
 10
164.5251600884844
 20
114.3146817592693
 10
164.3945703241634
 20
114.1491949440452
 10
164.2800108699534
 20
113.9674837344881
 10
164.1851637609724
 20
113.7753884783857
 10
164.1130774613438
 20
113.5790832753258
 10
164.0660688840502
 20
113.3848775360549
 10
164.0456489234447
 20
113.1990131928265
 10
164.0524738938628
 20
113.0274640785613
 10
164.0863244351396
 20
112.8757439229432
 10
164.1461125630262
 20
112.7487291366093
 10
164.2299166378984
 20
112.6505020793006
 10
164.3350431278357
 20
112.5842198494604
 10
164.4581131809531
 20
112.5520128124931
 10
164.595171224481
 20
112.5549161290667
 10
164.7418121001287
 20
112.5928364841978
 10
164.8933226494964
 20
112.6645550864715
  0
LINE
  5
132
330
1F
100
AcDbEntity
  8
0
  6
Continuous
 62
     7
370
    25
100
AcDbLine
 10
159.5900217905973
 20
82.00394522539802
 30
0.0
 11
157.1151480564443
 21
80.57523102970829
 31
0.0
  0
LINE
  5
133
330
1F
100
AcDbEntity
  8
0
  6
Continuous
 62
     7
370
    25
100
AcDbLine
 10
157.1151480564443
 20
80.57523102970829
 30
0.0
 11
157.1151480564443
 21
111.6037818813667
 31
0.0
  0
LINE
  5
134
330
1F
100
AcDbEntity
  8
0
  6
Continuous
 62
     7
370
    25
100
AcDbLine
 10
172.6714972425483
 20
120.5842711114166
 30
0.0
 11
157.1151480564443
 21
111.6037818813667
 31
0.0
  0
LINE
  5
135
330
1F
100
AcDbEntity
  8
0
  6
Continuous
 62
     7
370
    25
100
AcDbLine
 10
172.6714972425483
 20
89.5557202597581
 30
0.0
 11
172.6714972425483
 21
120.5842711114166
 31
0.0
  0
LINE
  5
136
330
1F
100
AcDbEntity
  8
0
  6
Continuous
 62
     7
370
    25
100
AcDbLine
 10
172.6714972425483
 20
89.5557202597581
 30
0.0
 11
170.1966235083955
 21
88.12700606406833
 31
0.0
  0
LINE
  5
137
330
1F
100
AcDbEntity
  8
0
  6
Continuous
 62
     7
370
    25
100
AcDbLine
 10
170.1966235083955
 20
112.6232304206408
 30
0.0
 11
170.1966235083955
 21
88.12700606406833
 31
0.0
  0
LINE
  5
138
330
1F
100
AcDbEntity
  8
0
  6
Continuous
 62
     7
370
    25
100
AcDbLine
 10
170.1966235083955
 20
112.6232304206408
 30
0.0
 11
159.5900217905973
 21
106.5001695819705
 31
0.0
  0
LINE
  5
139
330
1F
100
AcDbEntity
  8
0
  6
Continuous
 62
     7
370
    25
100
AcDbLine
 10
159.5900217905973
 20
106.5001695819705
 30
0.0
 11
159.5900217905973
 21
82.00394522539802
 31
0.0
  0
LWPOLYLINE
  5
13A
330
1F
100
AcDbEntity
  8
0
  6
Continuous
 62
     7
370
    25
100
AcDbPolyline
 90
       36
 70
   128
 43
0.0
 10
179.0354582732273
 20
113.4809631982942
 10
178.8839477238596
 20
113.5841749528231
 10
178.7373068482119
 20
113.7155625488938
 10
178.6002488046841
 20
113.8709030810624
 10
178.4771787515667
 20
114.0452037768105
 10
178.3720522616294
 20
114.2328624683616
 10
178.2882481867571
 20
114.4278476509632
 10
178.2284600588706
 20
114.6238923404122
 10
178.1946095175937
 20
114.8146954990834
 10
178.1877845471757
 20
114.9941245564639
 10
178.2082045077811
 20
115.1564125150148
 10
178.2552130850747
 20
115.2963433062172
 10
178.3272993847034
 20
115.4094194393065
 10
178.4221464936843
 20
115.4920065543258
 10
178.5367059478944
 20
115.5414502334455
 10
178.6672957122154
 20
115.5561613161362
 10
178.8097185241725
 20
115.5356669760961
 10
178.9593967974035
 20
115.4806259182767
 10
179.1115197490511
 20
115.3928072075644
 10
179.2611980222821
 20
115.2750334095789
 10
179.4036208342392
 20
115.131089871092
 10
179.5342105985603
 20
114.9656030558679
 10
179.6487700527703
 20
114.7838918463108
 10
179.7436171617512
 20
114.5917965902085
 10
179.8157034613799
 20
114.3954913871485
 10
179.8627120386735
 20
114.2012856478777
 10
179.8831319992789
 20
114.0154213046492
 10
179.8763070288609
 20
113.843872190384
 10
179.842456487584
 20
113.6921520347659
 10
179.7826683596975
 20
113.565137248432
 10
179.6988642848252
 20
113.4669101911233
 10
179.5937377948879
 20
113.4006279612831
 10
179.4706677417706
 20
113.3684209243158
 10
179.3336096982427
 20
113.3713242408894
 10
179.186968822595
 20
113.4092445960206
 10
179.0354582732273
 20
113.4809631982942
  0
LINE
  5
13B
330
1F
100
AcDbEntity
  8
0
  6
Continuous
 62
     7
370
    25
100
AcDbLine
 10
185.3994193039063
 20
82.20804725335373
 30
0.0
 11
185.3994193039063
 21
113.2365981050122
 31
0.0
  0
LINE
  5
13C
330
1F
100
AcDbEntity
  8
0
  6
Continuous
 62
     7
370
    25
100
AcDbLine
 10
185.3994193039063
 20
82.20804725335373
 30
0.0
 11
172.6714972425483
 21
89.5557202597581
 31
0.0
  0
LINE
  5
13D
330
1F
100
AcDbEntity
  8
0
  6
Continuous
 62
     7
370
    25
100
AcDbLine
 10
185.3994193039063
 20
113.2365981050122
 30
0.0
 11
172.6714972425483
 21
120.5842711114166
 31
0.0
  0
LWPOLYLINE
  5
13E
330
1F
100
AcDbEntity
  8
0
  6
Continuous
 62
     7
370
    25
100
AcDbPolyline
 90
       82
 70
   128
 43
0.0
 10
179.0354582732273
 20
88.73977659815604
 10
178.6792880682674
 20
88.96134929158195
 10
178.3252599128286
 20
89.2135094421415
 10
177.9755029738943
 20
89.49474052901893
 10
177.6321207308493
 20
89.80335119536688
 10
177.2971783249071
 20
90.13748542032541
 10
176.9726901391077
 20
90.49513368134993
 10
176.6606076835813
 20
90.8741450397162
 10
176.3628078589365
 20
91.2722400765188
 10
176.081081668359
 20
91.68702460136479
 10
175.8171234463082
 20
92.11600405131639
 10
175.5725206685901
 20
92.55659849348596
 10
175.3487444050907
 20
93.00615814105601
 10
175.1471404725893
 20
93.46197928940888
 10
174.9689213408576
 20
93.92132057652444
 10
174.8151588407239
 20
94.38141946985387
 10
174.6867777179563
 20
94.83950888051539
 10
174.5845500717331
 20
95.2928338048925
 10
174.5090907111472
 20
95.73866789354973
 10
174.460853457672
 20
96.17432984781913
 10
174.4401284158258
 20
96.59719954544581
 10
174.4470402284488
 20
97.00473379831151
 10
174.4815473270866
 20
97.39448164746722
 10
174.5434421819878
 20
97.76409910348869
 10
174.6323525502121
 20
98.11136324350453
 10
174.7477437143435
 20
98.43418558011611
 10
174.8889216983435
 20
98.73062462180632
 10
175.0550374412047
 20
98.99889754929811
 10
175.2450919033035
 20
99.23739093763936
 10
175.4579420747422
 20
99.44467045953041
 10
175.6923078495451
 20
99.61948951153718
 10
175.9467797243657
 20
99.76079671131095
 10
176.2198272754068
 20
99.8677422207254
 10
176.5098083625684
 20
99.93968285690323
 10
176.8149790054718
 20
99.97618596039366
 10
177.1335038719629
 20
99.97703199723716
 10
177.4634673160155
 20
99.94221587926862
 10
177.8028848986522
 20
99.87194699471807
 10
178.1497153225936
 20
99.76664794892542
 10
178.5018727088606
 20
99.62695202274195
 10
178.8572391414957
 20
99.453699363905
 10
179.213677404959
 20
99.24793193429048
 10
179.5690438375941
 20
99.01088724343161
 10
179.9212012238611
 20
98.74399090599091
 10
180.2680316478025
 20
98.44884806794597
 10
180.6074492304392
 20
98.12723375305262
 10
180.9374126744918
 20
97.78108218764316
 10
181.2559375409828
 20
97.41247516796171
 10
181.5611081838862
 20
97.02362953999653
 10
181.8510892710478
 20
96.6168838671075
 10
182.1241368220889
 20
96.1946843656309
 10
182.3786086969096
 20
95.75957019304643
 10
182.6129744717124
 20
95.31415817718551
 10
182.8258246431512
 20
94.86112707832065
 10
183.01587910525
 20
94.40320147878605
 10
183.1819948481111
 20
93.94313539701888
 10
183.3231728321111
 20
93.48369572456828
 10
183.4385639962425
 20
93.02764558568407
 10
183.5274743644669
 20
92.57772771956238
 10
183.589369219368
 20
92.13664798518939
 10
183.6238763180059
 20
91.70705908798701
 10
183.6307881306288
 20
91.29154462613033
 10
183.6100630887826
 20
90.89260355248423
 10
183.5618258353074
 20
90.51263514560679
 10
183.4863664747215
 20
90.15392458020571
 10
183.3841388284982
 20
89.8186291838288
 10
183.2557577057307
 20
89.50876546244222
 10
183.1019952055969
 20
89.22619697292631
 10
182.9237760738653
 20
88.97262311542526
 10
182.7221721413639
 20
88.74956891295473
 10
182.4983958778645
 20
88.55837583973388
 10
182.2537931001463
 20
88.40019375340174
 10
181.9898348780955
 20
88.27597397963785
 10
181.7081086875181
 20
88.18646359077792
 10
181.4103088628733
 20
88.13220091283271
 10
181.0982264073469
 20
88.11351228793219
 10
180.7737382215475
 20
88.1305101116655
 10
180.4387958156052
 20
88.18309215712066
 10
180.0954135725602
 20
88.27094218968925
 10
179.745656633626
 20
88.39353186893861
 10
179.3916284781872
 20
88.55012392611326
 10
179.0354582732273
 20
88.73977659815604
  0
LINE
  5
13F
330
1F
100
AcDbEntity
  8
0
  6
Continuous
 62
     7
370
    25
100
AcDbLine
 10
182.9245455697533
 20
80.77933305766398
 30
0.0
 11
185.3994193039063
 21
82.20804725335373
 31
0.0
  0
LINE
  5
140
330
1F
100
AcDbEntity
  8
0
  6
Continuous
 62
     7
370
    25
100
AcDbLine
 10
182.9245455697533
 20
80.77933305766398
 30
0.0
 11
170.1966235083955
 21
88.12700606406833
 31
0.0
  0
LWPOLYLINE
  5
141
330
1F
100
AcDbEntity
  8
0
  6
Continuous
 62
     7
370
    25
100
AcDbPolyline
 90
       32
 70
   128
 43
0.0
 10
180.80302239753
 20
88.12755637011356
 10
180.8795941976008
 20
88.30998933964691
 10
180.9884240660094
 20
88.63911009056833
 10
181.070624386504
 20
88.99216382781267
 10
181.1257007966849
 20
89.36702724466226
 10
181.1533220605407
 20
89.76144586842009
 10
181.1533220605407
 20
90.17304761907386
 10
181.1257007966849
 20
90.59935707526424
 10
181.070624386504
 20
91.03781036176025
 10
180.9884240660094
 20
91.48577056890657
 10
180.8795941976008
 20
91.9405436113084
 10
180.744789296912
 20
92.39939443037817
 10
180.5848200964775
 20
92.85956344329958
 10
180.4006486698915
 20
93.3182831394834
 10
180.1933826457839
 20
93.7727947247018
 10
179.9642685464115
 20
94.2203647128014
 10
179.7146842909264
 20
94.65830136521075
 10
179.4461309084084
 20
95.08397087937268
 10
179.1602235104991
 20
95.49481322874289
 10
178.8586815779306
 20
95.8883575590907
 10
178.5433186193662
 20
96.26223704850728
 10
178.2160312647457
 20
96.6142031417509
 10
177.8787878587299
 20
96.94213907332299
 10
177.533616622844
 20
97.24407259794464
 10
177.182593457515
 20
97.51818785187195
 10
176.8278294573623
 20
97.76283627371419
 10
176.4714582148257
 20
97.97654651907599
 10
176.1156229884902
 20
98.15803330939564
 10
175.762463813276
 20
98.30620516176164
 10
175.4141046300172
 20
98.4201709532193
 10
175.0726405118314
 20
98.49924528008907
 10
174.7930204147717
 20
98.53831318502352
  0
LINE
  5
142
330
1F
100
AcDbEntity
  8
0
  6
Continuous
 62
     7
370
    25
100
AcDbLine
 10
170.1966235083955
 20
100.3771087433002
 30
0.0
 11
159.5900217905973
 21
106.5001695819705
 31
0.0
  0
LINE
  5
143
330
1F
100
AcDbEntity
  8
0
  6
Continuous
 62
     7
370
    25
100
AcDbLine
 10
159.5900217905973
 20
82.00394522539802
 30
0.0
 11
172.3179438519551
 21
74.65627221899365
 31
0.0
  0
LWPOLYLINE
  5
144
330
1F
100
AcDbEntity
  8
0
  6
Continuous
 62
     7
370
    25
100
AcDbPolyline
 90
       82
 70
   128
 43
0.0
 10
165.9539828212762
 20
81.18800156379597
 10
165.5978126163162
 20
81.40957425722188
 10
165.2437844608775
 20
81.66173440778143
 10
164.8940275219433
 20
81.94296549465885
 10
164.5506452788982
 20
82.25157616100679
 10
164.2157028729559
 20
82.58571038596533
 10
163.8912146871565
 20
82.94335864698986
 10
163.5791322316302
 20
83.32237000535611
 10
163.2813324069853
 20
83.72046504215871
 10
162.9996062164079
 20
84.13524956700472
 10
162.7356479943571
 20
84.56422901695631
 10
162.4910452166389
 20
85.00482345912589
 10
162.2672689531396
 20
85.45438310669593
 10
162.0656650206382
 20
85.91020425504881
 10
161.8874458889065
 20
86.36954554216437
 10
161.7336833887728
 20
86.82964443549378
 10
161.6053022660052
 20
87.28773384615532
 10
161.503074619782
 20
87.74105877053242
 10
161.427615259196
 20
88.18689285918967
 10
161.3793780057209
 20
88.62255481345908
 10
161.3586529638747
 20
89.04542451108573
 10
161.3655647764977
 20
89.45295876395144
 10
161.4000718751355
 20
89.84270661310715
 10
161.4619667300367
 20
90.2123240691286
 10
161.550877098261
 20
90.55958820914446
 10
161.6662682623924
 20
90.88241054575602
 10
161.8074462463924
 20
91.17884958744623
 10
161.9735619892535
 20
91.44712251493803
 10
162.1636164513524
 20
91.68561590327929
 10
162.3764666227911
 20
91.89289542517036
 10
162.6108323975939
 20
92.06771447717711
 10
162.8653042724146
 20
92.20902167695085
 10
163.1383518234557
 20
92.31596718636531
 10
163.4283329106173
 20
92.38790782254318
 10
163.7335035535207
 20
92.4244109260336
 10
164.0520284200117
 20
92.4252569628771
 10
164.3819918640644
 20
92.39044084490855
 10
164.7214094467011
 20
92.32017196035801
 10
165.0682398706425
 20
92.21487291456535
 10
165.4203972569094
 20
92.07517698838186
 10
165.7757636895445
 20
91.90192432954491
 10
166.1322019530079
 20
91.69615689993042
 10
166.487568385643
 20
91.45911220907152
 10
166.8397257719099
 20
91.19221587163085
 10
167.1865561958514
 20
90.89707303358592
 10
167.5259737784881
 20
90.57545871869255
 10
167.8559372225407
 20
90.22930715328309
 10
168.1744620890317
 20
89.8607001336016
 10
168.4796327319352
 20
89.47185450563644
 10
168.7696138190967
 20
89.06510883274743
 10
169.0426613701378
 20
88.64290933127083
 10
169.2971332449585
 20
88.20779515868638
 10
169.5314990197613
 20
87.76238314282544
 10
169.7443491912001
 20
87.30935204396057
 10
169.9344036532989
 20
86.85142644442597
 10
170.10051939616
 20
86.39136036265879
 10
170.24169738016
 20
85.93192069020821
 10
170.3570885442914
 20
85.475870551324
 10
170.4459989125157
 20
85.02595268520231
 10
170.5078937674169
 20
84.58487295082932
 10
170.5424008660548
 20
84.15528405362692
 10
170.5493126786777
 20
83.73976959177026
 10
170.5285876368315
 20
83.34082851812416
 10
170.4803503833563
 20
82.96086011124671
 10
170.4048910227704
 20
82.60214954584565
 10
170.3026633765472
 20
82.26685414946874
 10
170.1742822537795
 20
81.95699042808216
 10
170.0205197536459
 20
81.67442193856626
 10
169.8423006219141
 20
81.4208480810652
 10
169.6406966894128
 20
81.19779387859466
 10
169.4169204259134
 20
81.00660080537382
 10
169.1723176481952
 20
80.84841871904165
 10
168.9083594261445
 20
80.72419894527778
 10
168.626633235567
 20
80.63468855641785
 10
168.3288334109221
 20
80.58042587847264
 10
168.0167509553958
 20
80.56173725357213
 10
167.6922627695964
 20
80.57873507730542
 10
167.3573203636541
 20
80.63131712276058
 10
167.0139381206091
 20
80.71916715532918
 10
166.6641811816748
 20
80.84175683457853
 10
166.3101530262361
 20
80.99834889175319
 10
165.9539828212762
 20
81.18800156379597
  0
LINE
  5
145
330
1F
100
AcDbEntity
  8
0
  6
Continuous
 62
     7
370
    25
100
AcDbLine
 10
172.3179438519551
 20
86.90239389633426
 30
0.0
 11
172.3179438519551
 21
74.65627221899365
 31
0.0
  0
LINE
  5
146
330
1F
100
AcDbEntity
  8
0
  6
Continuous
 62
     7
370
    25
100
AcDbLine
 10
157.1151480564443
 20
80.57523102970829
 30
0.0
 11
169.8430701178022
 21
73.22755802330391
 31
0.0
  0
LINE
  5
147
330
1F
100
AcDbEntity
  8
0
  6
Continuous
 62
     7
370
    25
100
AcDbLine
 10
169.8430701178022
 20
73.22755802330391
 30
0.0
 11
172.3179438519551
 21
74.65627221899365
 31
0.0
  0
LWPOLYLINE
  5
148
330
1F
100
AcDbEntity
  8
0
  6
Continuous
 62
     7
370
    25
100
AcDbPolyline
 90
       32
 70
   128
 43
0.0
 10
161.7115449628205
 20
90.98653815066347
 10
161.9071181299115
 20
90.96172664921878
 10
162.2465357125482
 20
90.89145776466827
 10
162.5933661364896
 20
90.7861587188756
 10
162.9455235227565
 20
90.64646279269213
 10
163.3008899553916
 20
90.47321013385518
 10
163.657328218855
 20
90.26744270424066
 10
164.0126946514901
 20
90.03039801338179
 10
164.3648520377571
 20
89.76350167594111
 10
164.7116824616984
 20
89.46835883789615
 10
165.0511000443352
 20
89.1467445230028
 10
165.3810634883878
 20
88.80059295759336
 10
165.6995883548789
 20
88.43198593791187
 10
166.0047589977822
 20
88.04314030994669
 10
166.2947400849438
 20
87.6363946370577
 10
166.5677876359849
 20
87.21419513558108
 10
166.8222595108056
 20
86.77908096299661
 10
167.0566252856084
 20
86.33366894713571
 10
167.2694754570471
 20
85.88063784827083
 10
167.459529919146
 20
85.42271224873623
 10
167.6256456620071
 20
84.96264616696906
 10
167.766823646007
 20
84.50320649451846
 10
167.8822148101385
 20
84.04715635563425
 10
167.9711251783628
 20
83.59723848951258
 10
168.033020033264
 20
83.15615875513959
 10
168.0675271319018
 20
82.72656985793719
 10
168.0744389445248
 20
82.31105539608051
 10
168.0537139026786
 20
81.91211432243441
 10
168.0054766492034
 20
81.53214591555697
 10
167.9300172886175
 20
81.1734353501559
 10
167.8277896423942
 20
80.838139953779
 10
167.7215469455789
 20
80.57578133575342
  0
LWPOLYLINE
  5
149
330
1F
100
AcDbEntity
  8
0
  6
Continuous
 62
     7
370
    25
100
AcDbPolyline
 90
       17
 70
   128
 43
0.0
 10
169.4895167272089
 20
104.8673533583251
 10
169.2818961492361
 20
105.0033042212924
 10
169.1054286126654
 20
105.1532051124652
 10
168.9628971159653
 20
105.3146920052431
 10
168.8565494659829
 20
105.4852181548595
 10
168.7880628286874
 20
105.6620942620675
 10
168.758517279261
 20
105.8425308849958
 10
168.7683787686676
 20
106.0236824303132
 10
168.8174917753284
 20
106.2026920299353
 10
168.9050817577897
 20
106.376736595541
 10
169.0297673697044
 20
106.5430713403615
 10
169.1895822444889
 20
106.6990730661074
 10
169.3820060060992
 20
106.8422815323728
 10
169.6040040168662
 20
106.970438256096
 10
169.852075235545
 20
107.0815221291869
 10
170.1223074308264
 20
107.1737812926085
 10
170.1966235083955
 20
107.1947541402157
  0
ARC
  5
14A
330
1F
100
AcDbEntity
  8
0
  6
Continuous
 62
     7
370
    25
100
AcDbCircle
 10
170.9550596535163
 20
107.4697946529657
 30
0.0
 40
2.986723415534132
100
AcDbArc
 50
240.6143293367363
 51
255.2894616600133
  0
LINE
  5
1E6
330
1F
100
AcDbEntity
  8
0
  6
JIS_02_1.0
100
AcDbLine
 10
160.14578313253
 20
164.6818181818182
 30
0.0
 11
178.14578313253
 21
164.6818181818182
 31
0.0
  0
LINE
  5
1EC
330
1F
100
AcDbEntity
  8
0
  6
JIS_02_1.0
100
AcDbLine
 10
102.0545454545454
 20
102.6213581599122
 30
0.0
 11
102.0545454545454
 21
84.62135815991224
 31
0.0
  0
LINE
  5
1F0
330
1F
100
AcDbEntity
  8
0
  6
JIS_02_1.0
100
AcDbLine
 10
117.0545454545454
 20
102.6213581599122
 30
0.0
 11
117.0545454545454
 21
84.62135815991224
 31
0.0
  0
MTEXT
  5
269
330
1F
100
AcDbEntity
  8
0
100
AcDbMText
 10
260.6327531184461
 20
53.17183743755003
 30
0.0
 40
3.5
 41
51.28796169171071
 46
0.0
 71
     1
 72
     5
  1
{\fSimSun|b0|i0|c134|p2;前叉}
 73
     1
 44
1.0
101
Embedded Object
 70
     1
 10
1.0
 20
0.0
 30
0.0
 11
260.6327531184461
 21
53.17183743755003
 31
0.0
 40
51.28796169171071
 41
0.0
 42
9.522346368715083
 43
4.53631284916201
 71
     2
 72
     1
 44
51.28796169171071
 45
17.5
 73
     0
 74
     0
 46
0.0
  0
LINE
  5
2AE
330
1F
100
AcDbEntity
  8
0
  6
JIS_02_1.0
100
AcDbLine
 10
109.5545454545454
 20
169.6818181818181
 30
0.0
 11
112.8595990770086
 21
169.6818181818181
 31
0.0
  0
LINE
  5
2AF
330
1F
100
AcDbEntity
  8
0
  6
JIS_02_1.0
100
AcDbLine
 10
109.5545454545454
 20
169.6818181818181
 30
0.0
 11
109.5545454545454
 21
166.4005994250036
 31
0.0
  0
LINE
  5
2B0
330
1F
100
AcDbEntity
  8
0
  6
JIS_02_1.0
100
AcDbLine
 10
109.5545454545454
 20
169.6818181818181
 30
0.0
 11
109.5545454545454
 21
171.7892393034694
 31
0.0
  0
LINE
  5
2B1
330
1F
100
AcDbEntity
  8
0
  6
JIS_02_1.0
100
AcDbLine
 10
109.5545454545454
 20
169.6818181818181
 30
0.0
 11
105.6446863758065
 21
169.6818181818181
 31
0.0
  0
LINE
  5
2B2
330
1F
100
AcDbEntity
  8
0
  6
JIS_02_1.0
100
AcDbLine
 10
169.14578313253
 20
169.6818181818181
 30
0.0
 11
171.9952690218667
 21
169.6818181818181
 31
0.0
  0
LINE
  5
2B3
330
1F
100
AcDbEntity
  8
0
  6
JIS_02_1.0
100
AcDbLine
 10
169.14578313253
 20
169.6818181818181
 30
0.0
 11
169.14578313253
 21
166.9287033195882
 31
0.0
  0
LINE
  5
2B4
330
1F
100
AcDbEntity
  8
0
  6
JIS_02_1.0
100
AcDbLine
 10
169.14578313253
 20
166.9287033195882
 30
0.0
 11
169.14578313253
 21
171.7941669428863
 31
0.0
  0
LINE
  5
2B5
330
1F
100
AcDbEntity
  8
0
  6
JIS_02_1.0
100
AcDbLine
 10
169.14578313253
 20
169.6818181818181
 30
0.0
 11
166.0775244807187
 21
169.6818181818181
 31
0.0
  0
LINE
  5
2B6
330
1F
100
AcDbEntity
  8
0
  6
JIS_02_1.0
100
AcDbLine
 10
109.5545454545454
 20
93.62135815991223
 30
0.0
 11
114.1102348579588
 21
93.62135815991225
 31
0.0
  0
LINE
  5
2B7
330
1F
100
AcDbEntity
  8
0
  6
JIS_02_1.0
100
AcDbLine
 10
114.1102348579588
 20
93.62135815991225
 30
0.0
 11
106.1890855900153
 21
93.62135815991225
 31
0.0
  0
LINE
  5
2B8
330
1F
100
AcDbEntity
  8
0
  6
JIS_02_1.0
100
AcDbLine
 10
109.5545454545454
 20
93.62135815991223
 30
0.0
 11
109.5545454545454
 21
89.67027841454035
 31
0.0
  0
LINE
  5
2B9
330
1F
100
AcDbEntity
  8
0
  6
JIS_02_1.0
100
AcDbLine
 10
109.5545454545454
 20
93.62135815991223
 30
0.0
 11
109.5545454545454
 21
97.96254764642879
 31
0.0
  0
MULTILEADER
  5
303
330
1F
100
AcDbEntity
  8
0
160
               644
310
84020000180000000C00000016000000000000C00C00000033000000000000000C00000013000000993A0000C0000000260000007C654570F9D96940F82F4412413C6040000000000000000000000000000000000000000000000000000000000000F03F000000000000F03F0000000000000000000000000000000032002A
310
00052231003300000005000000010000000000000000001040000000000000F03F0000000000000000000000000000F03F000000000000000000000000000000000000000000000000000000000100000000000000000073007400780074002E007300680078000000000000000C00000033000000000000000C0000001000
310
0000000000000C00000016000000000000C00C00000012000000FF7F00000C00000013000000010000000C000000140000000100000054000000070000000300000039F22038BB956540C048D56523D661400000000000000000CC506341AA24654045175D74D11562400000000000000000E85CB8C745A46540AC65582540
310
FE614000000000000000000C00000014000000010000000C00000013000000891300003C000000060000000200000090A7EC7F009D654036D796C531EA6140000000000000000090138D51748E6940F82F4412417C604000000000000000000C00000013000000112700003C000000060000000200000090138D51748E6940
310
F82F4412417C604000000000000000007C654570F9996940F82F4412417C604000000000000000000C00000016000000000000C00C00000012000000FF7F00000C00000017000000000000000C000000130000009A3A00000C00000016000000000000C00C00000012000000FF7F00000C00000017000000FFFFFFFF0C0000
310
003300000000000000
100
AcDbMLeader
270
     2
300
CONTEXT_DATA{
 40
1.0
 10
204.8116990428351
 20
131.8829432803902
 30
0.0
 41
4.0
140
4.0
145
2.0
174
     1
175
     6
176
     0
177
     0
290
     1
304
{\C256;2*∅13}
 11
0.0
 21
0.0
 31
1.0
340
11
 12
206.8116990428351
 22
133.8829432803902
 32
0.0
 13
1.0
 23
0.0
 33
0.0
 42
0.0
 43
0.0
 44
0.0
 45
1.0
170
     1
 90
-1073741824
171
     1
172
     5
 91
-1073741824
141
0.0
 92
        0
291
     0
292
     0
173
     0
293
     0
142
0.0
143
0.0
294
     0
295
     0
296
     0
110
169.14578313253
120
144.6818181818181
130
0.0
111
1.0
121
0.0
131
0.0
112
0.0
122
1.0
132
0.0
297
     0
302
LEADER{
290
     1
291
     1
 10
204.4516990428351
 20
131.8829432803902
 30
0.0
 11
1.0
 21
0.0
 31
0.0
 90
        0
 40
0.36
304
LEADER_LINE{
 10
169.14578313253
 20
144.6818181818181
 30
0.0
 91
        0
305
}
271
     0
303
}
272
     9
273
     9
301
}
340
183
 90
   279552
170
     1
 91
-1056964608
341
14
171
    -2
290
     1
291
     1
 41
0.36
 42
4.0
172
     2
343
11
173
     1
 95
        6
174
     1
175
     0
 92
-1056964608
292
     0
 93
-1056964608
 10
1.0
 20
1.0
 30
1.0
 43
0.0
176
     0
293
     0
294
     0
178
     0
179
     1
 45
1.0
271
     0
272
     9
273
     9
295
     1
  0
DIMENSION
  5
307
330
1F
100
AcDbEntity
  8
0
100
AcDbDimension
280
     0
  2
*D11
 10
82.70623503358027
 20
134.6818181818182
 30
0.0
 11
82.70623503358029
 21
153.6818181818182
 31
0.0
 70
    32
 71
     5
 42
37.99999999999997
 73
     0
 74
     0
 75
     0
  3
ISO-25
100
AcDbAlignedDimension
 13
98.5545454545454
 23
172.6818181818181
 33
0.0
 14
98.5545454545454
 24
134.6818181818182
 34
0.0
 50
90.0
100
AcDbRotatedDimension
1001
ACAD
1000
DSTYLE
1002
{
1070
    41
1040
4.08
1070
    42
1040
0.0
1070
    44
1040
2.0
1070
    73
1070
     1
1070
    74
1070
     1
1070
    78
1070
     0
1070
   140
1040
3.5
1070
   143
1040
0.0393700787401575
1070
   147
1040
1.524
1070
   179
1070
     2
1070
   271
1070
     0
1070
   272
1070
     0
1070
   278
1070
    46
1070
   284
1070
     0
1002
}
  0
DIMENSION
  5
325
330
1F
100
AcDbEntity
  8
0
100
AcDbDimension
280
     0
  2
*D13
 10
107.3074407178834
 20
94.71704073368588
 30
0.0
 11
138.7968286489957
 21
81.52815280657534
 31
0.0
 70
   163
 71
     5
 42
4.999999999999985
 73
     0
 74
     0
 75
     0
  3
ISO-25
100
AcDbDiametricDimension
 15
111.8016501912073
 25
92.52567558613856
 35
0.0
 40
0.0
1001
ACAD
1000
DSTYLE
1002
{
1070
    41
1040
4.08
1070
    42
1040
0.0
1070
    44
1040
2.0
1070
    73
1070
     1
1070
    74
1070
     1
1070
    78
1070
     0
1070
   140
1040
3.5
1070
   143
1040
0.0393700787401575
1070
   147
1040
1.524
1070
   179
1070
     2
1070
   271
1070
     0
1070
   272
1070
     0
1070
   278
1070
    46
1070
   284
1070
     0
1002
}
1001
ACAD_DSTYLE_DIMRADIAL_EXTENSION
1070
   387
1070
     1
1070
   388
1040
0.0
1070
   390
1040
0.0
  0
DIMENSION
  5
332
330
1F
100
AcDbEntity
  8
0
100
AcDbDimension
280
     0
  2
*D14
 10
117.0545454545454
 20
106.9890308483508
 30
0.0
 11
109.5545454545453
 21
110.2630308483508
 31
0.0
 70
    32
 71
     5
 42
14.99999999999998
 73
     0
 74
     0
 75
     0
  3
ISO-25
100
AcDbAlignedDimension
 13
102.0545454545454
 23
102.6213581599122
 33
0.0
 14
117.0545454545454
 24
102.6213581599122
 34
0.0
100
AcDbRotatedDimension
1001
ACAD
1000
DSTYLE
1002
{
1070
    41
1040
4.08
1070
    42
1040
0.0
1070
    44
1040
2.0
1070
    73
1070
     1
1070
    74
1070
     1
1070
    78
1070
     0
1070
   140
1040
3.5
1070
   143
1040
0.0393700787401575
1070
   147
1040
1.524
1070
   179
1070
     2
1070
   271
1070
     0
1070
   272
1070
     0
1070
   278
1070
    46
1070
   284
1070
     0
1002
}
  0
DIMENSION
  5
33F
330
1F
100
AcDbEntity
  8
0
100
AcDbDimension
280
     0
  2
*D15
 10
120.5545454545454
 20
75.86788971449016
 30
0.0
 11
109.5545454545454
 21
79.14188971449016
 31
0.0
 70
    32
 71
     5
 42
22.0
 73
     0
 74
     0
 75
     0
  3
ISO-25
100
AcDbAlignedDimension
 13
98.5545454545454
 23
84.62135815991224
 33
0.0
 14
120.5545454545454
 24
84.62135815991224
 34
0.0
100
AcDbRotatedDimension
1001
ACAD
1000
DSTYLE
1002
{
1070
    41
1040
4.08
1070
    42
1040
0.0
1070
    44
1040
2.0
1070
    73
1070
     1
1070
    74
1070
     1
1070
    78
1070
     0
1070
   140
1040
3.5
1070
   143
1040
0.0393700787401575
1070
   147
1040
1.524
1070
   179
1070
     2
1070
   271
1070
     0
1070
   272
1070
     0
1070
   278
1070
    46
1070
   284
1070
     0
1002
}
  0
MULTILEADER
  5
34C
330
1F
100
AcDbEntity
  8
0
160
               644
310
84020000180000000C00000016000000000000C00C00000033000000000000000C00000013000000993A0000C00000002600000054FC6B2C63C76140E84AD5C44A906640000000000000000000000000000000000000000000000000000000000000F03F000000000000F03F0000000000000000000000000000000032002A
310
004D0033000000000004000000010000000000000000001040000000000000F03F0000000000000000000000000000F03F000000000000000000000000000000000000000000000000000000000100000000000000000000007400780074002E007300680078000000000000000C00000033000000000000000C0000001000
310
0000000000000C00000016000000000000C00C00000012000000FF7F00000C00000013000000010000000C000000140000000100000054000000070000000300000053D09494E15F5C40D74F67880C5465400000000000000000BFDA37AC7D635B4045175D74D13565400000000000000000554B281AA13E5C40AF6D98CF57
310
7B654000000000000000000C00000014000000010000000C00000013000000891300003C0000000600000002000000D48D5E57414F5C40C3DEFF2BB2676540000000000000000068AAB30DDE7B6140E84AD5C44AD0664000000000000000000C00000013000000112700003C000000060000000200000068AAB30DDE7B6140
310
E84AD5C44AD06640000000000000000054FC6B2C63876140E84AD5C44AD0664000000000000000000C00000016000000000000C00C00000012000000FF7F00000C00000017000000000000000C000000130000009A3A00000C00000016000000000000C00C00000012000000FF7F00000C00000017000000FFFFFFFF0C0000
310
003300000000000000
100
AcDbMLeader
270
     2
300
CONTEXT_DATA{
 40
1.0
 10
140.2308561429114
 20
182.5091270604964
 30
0.0
 41
4.0
140
4.0
145
2.0
174
     1
175
     6
176
     0
177
     0
290
     1
304
2*M3
 11
0.0
 21
0.0
 31
1.0
340
11
 12
142.2308561429114
 22
184.5091270604964
 32
0.0
 13
1.0
 23
0.0
 33
0.0
 42
0.0
 43
0.0
 44
0.0
 45
1.0
170
     1
 90
-1073741824
171
     1
172
     5
 91
-1073741824
141
0.0
 92
        0
291
     0
292
     0
173
     0
293
     0
142
0.0
143
0.0
294
     0
295
     0
296
     0
110
109.5545454545454
120
169.6818181818181
130
0.0
111
1.0
121
0.0
131
0.0
112
0.0
122
1.0
132
0.0
297
     0
302
LEADER{
290
     1
291
     1
 10
139.8708561429114
 20
182.5091270604964
 30
0.0
 11
1.0
 21
0.0
 31
0.0
 90
        0
 40
0.36
304
LEADER_LINE{
 10
109.5545454545454
 20
169.6818181818181
 30
0.0
 91
        0
305
}
271
     0
303
}
272
     9
273
     9
301
}
340
183
 90
   279552
170
     1
 91
-1056964608
341
14
171
    -2
290
     1
291
     1
 41
0.36
 42
4.0
172
     2
343
11
173
     1
 95
        6
174
     1
175
     0
 92
-1056964608
292
     0
 93
-1056964608
 10
1.0
 20
1.0
 30
1.0
 43
0.0
176
     0
293
     0
294
     0
178
     0
179
     1
 45
1.0
271
     0
272
     9
273
     9
295
     1
  0
MULTILEADER
  5
34D
330
1F
100
AcDbEntity
  8
0
160
               644
310
84020000180000000C00000016000000000000C00C00000033000000000000000C00000013000000993A0000C000000026000000B428274D935768400C43630324186640000000000000000000000000000000000000000000000000000000000000F03F000000000000F03F0000000000000000000000000000000032002A
310
004D0033000000640004000000010000000000000000001040000000000000F03F0000000000000000000000000000F03F00000000000000000000000000000000000000000000000000000000010000000000000000005F007400780074002E007300680078000000000078000C00000033000000000000000C0000001000
310
0000000000000C00000016000000000000C00C00000012000000FF7F00000C00000013000000010000000C00000014000000010000005400000007000000030000009DBE48DFA7A36540AE86F0AA825065400000000000000000CC506341AA24654045175D74D13565400000000000000000325D1A6B2294654062F0DFF640
310
78654000000000000000000C00000014000000010000000C00000013000000891300003C0000000600000002000000E88D3125E59B6540883BE8D0616465400000000000000000C8D66E2E0E0C68400C4363032458664000000000000000000C00000013000000112700003C0000000600000002000000C8D66E2E0E0C6840
310
0C436303245866400000000000000000B428274D931768400C4363032458664000000000000000000C00000016000000000000C00C00000012000000FF7F00000C00000017000000000000000C000000130000009A3A00000C00000016000000000000C00C00000012000000FF7F00000C00000017000000FFFFFFFF0C0000
310
003300000000000000
100
AcDbMLeader
270
     2
300
CONTEXT_DATA{
 40
1.0
 10
192.736731125338
 20
178.7543961466512
 30
0.0
 41
4.0
140
4.0
145
2.0
174
     1
175
     6
176
     0
177
     0
290
     1
304
2*M3
 11
0.0
 21
0.0
 31
1.0
340
11
 12
194.736731125338
 22
180.7543961466512
 32
0.0
 13
1.0
 23
0.0
 33
0.0
 42
0.0
 43
0.0
 44
0.0
 45
1.0
170
     1
 90
-1073741824
171
     1
172
     5
 91
-1073741824
141
0.0
 92
        0
291
     0
292
     0
173
     0
293
     0
142
0.0
143
0.0
294
     0
295
     0
296
     0
110
169.14578313253
120
169.6818181818181
130
0.0
111
1.0
121
0.0
131
0.0
112
0.0
122
1.0
132
0.0
297
     0
302
LEADER{
290
     1
291
     1
 10
192.376731125338
 20
178.7543961466512
 30
0.0
 11
1.0
 21
0.0
 31
0.0
 90
        0
 40
0.36
304
LEADER_LINE{
 10
169.14578313253
 20
169.6818181818181
 30
0.0
 91
        0
305
}
271
     0
303
}
272
     9
273
     9
301
}
340
183
 90
   279552
170
     1
 91
-1056964608
341
14
171
    -2
290
     1
291
     1
 41
0.36
 42
4.0
172
     2
343
11
173
     1
 95
        6
174
     1
175
     0
 92
-1056964608
292
     0
 93
-1056964608
 10
1.0
 20
1.0
 30
1.0
 43
0.0
176
     0
293
     0
294
     0
178
     0
179
     1
 45
1.0
271
     0
272
     9
273
     9
295
     1
  0
MTEXT
  5
34E
330
1F
100
AcDbEntity
  8
0
100
AcDbMText
 10
208.3754624718099
 20
54.40443927817319
 30
0.0
 40
3.5
 41
32.25846409990322
 46
0.0
 71
     1
 72
     5
  1
ABS
 73
     1
 44
1.0
101
Embedded Object
 70
     1
 10
1.0
 20
0.0
 30
0.0
 11
208.3754624718099
 21
54.40443927817319
 31
0.0
 40
32.25846409990322
 41
0.0
 42
9.333333333333333
 43
3.5
 71
     2
 72
     1
 44
32.25846409990322
 45
17.5
 73
     0
 74
     0
 46
6.794598186195231
  0
MTEXT
  5
350
330
1F
100
AcDbEntity
  8
0
100
AcDbMText
 10
127.0
 20
36.50000000000003
 30
0.0
 40
3.5
 41
10.00000000000001
 46
0.0
 71
     5
 72
     5
  1
{\fSimSun|b0|i0|c134|p2;处数}
 73
     1
 44
1.0
101
Embedded Object
 70
     5
 10
1.0
 20
0.0
 30
0.0
 11
127.0
 21
36.50000000000003
 31
0.0
 40
10.00000000000001
 41
0.0
 42
9.502793296089386
 43
4.614525139664804
 71
     2
 72
     1
 44
10.00000000000001
 45
17.5
 73
     0
 74
     0
 46
0.0
  0
MTEXT
  5
351
330
1F
100
AcDbEntity
  8
0
100
AcDbMText
 10
117.0
 20
36.50000000000003
 30
0.0
 40
3.5
 41
10.00000000000005
 46
0.0
 71
     5
 72
     5
  1
{\fSimSun|b0|i0|c134|p2;标记}
 73
     1
 44
1.0
101
Embedded Object
 70
     5
 10
1.0
 20
0.0
 30
0.0
 11
117.0
 21
36.50000000000003
 31
0.0
 40
10.00000000000005
 41
0.0
 42
9.56145251396648
 43
4.614525139664804
 71
     2
 72
     1
 44
10.00000000000005
 45
17.5
 73
     0
 74
     0
 46
0.0
  0
MTEXT
  5
352
330
1F
100
AcDbEntity
  8
0
100
AcDbMText
 10
140.0
 20
36.50000000000003
 30
0.0
 40
3.5
 41
16.00000000000003
 46
0.0
 71
     5
 72
     5
  1
{\fSimSun|b0|i0|c134|p2;分区}
 73
     1
 44
1.0
101
Embedded Object
 70
     5
 10
1.0
 20
0.0
 30
0.0
 11
140.0
 21
36.50000000000003
 31
0.0
 40
16.00000000000003
 41
0.0
 42
9.3268156424581
 43
4.536312849162011
 71
     2
 72
     1
 44
16.00000000000003
 45
17.5
 73
     0
 74
     0
 46
0.0
  0
MTEXT
  5
354
330
1F
100
AcDbEntity
  8
0
100
AcDbMText
 10
170.0
 20
36.50000000000003
 30
0.0
 40
3.5
 41
12.00000000000003
 46
0.0
 71
     5
 72
     5
  1
{\fSimSun|b0|i0|c134|p2;签名}
 73
     1
 44
1.0
101
Embedded Object
 70
     5
 10
1.0
 20
0.0
 30
0.0
 11
170.0
 21
36.50000000000003
 31
0.0
 40
12.00000000000003
 41
0.0
 42
9.170391061452514
 43
4.497206703910614
 71
     2
 72
     1
 44
12.00000000000003
 45
17.5
 73
     0
 74
     0
 46
0.0
  0
MTEXT
  5
355
330
1F
100
AcDbEntity
  8
0
100
AcDbMText
 10
118.0
 20
29.49999999999999
 30
0.0
 40
3.5
 41
12.00000000000004
 46
0.0
 71
     5
 72
     5
  1
{\fSimSun|b0|i0|c134|p2;设计}
 73
     1
 44
1.0
101
Embedded Object
 70
     5
 10
1.0
 20
0.0
 30
0.0
 11
118.0
 21
29.49999999999999
 31
0.0
 40
12.00000000000004
 41
0.0
 42
9.522346368715083
 43
4.458100558659217
 71
     2
 72
     1
 44
12.00000000000004
 45
17.5
 73
     0
 74
     0
 46
0.0
  0
MTEXT
  5
356
330
1F
100
AcDbEntity
  8
0
100
AcDbMText
 10
118.0
 20
22.49999999999998
 30
0.0
 40
3.5
 41
12.00000000000004
 46
0.0
 71
     5
 72
     5
  1
{\fSimSun|b0|i0|c134|p2;校核}
 73
     1
 44
1.0
101
Embedded Object
 70
     5
 10
1.0
 20
0.0
 30
0.0
 11
118.0
 21
22.49999999999998
 31
0.0
 40
12.00000000000004
 41
0.0
 42
9.502793296089386
 43
4.614525139664804
 71
     2
 72
     1
 44
12.00000000000004
 45
17.5
 73
     0
 74
     0
 46
0.0
  0
MTEXT
  5
357
330
1F
100
AcDbEntity
  8
0
100
AcDbMText
 10
158.0
 20
22.49999999999998
 30
0.0
 40
3.5
 41
12.00000000000003
 46
0.0
 71
     5
 72
     5
  1
{\fSimSun|b0|i0|c134|p2;工艺}
 73
     1
 44
1.0
101
Embedded Object
 70
     5
 10
1.0
 20
0.0
 30
0.0
 11
158.0
 21
22.49999999999998
 31
0.0
 40
12.00000000000003
 41
0.0
 42
9.444134078212291
 43
4.262569832402235
 71
     2
 72
     1
 44
12.00000000000003
 45
17.5
 73
     0
 74
     0
 46
0.0
  0
MTEXT
  5
358
330
1F
100
AcDbEntity
  8
0
100
AcDbMText
 10
158.0
 20
15.58304294869629
 30
0.0
 40
3.5
 41
11.99999999999994
 46
0.0
 71
     5
 72
     5
  1
{\fSimSun|b0|i0|c134|p2;审核}
 73
     1
 44
1.0
101
Embedded Object
 70
     5
 10
1.0
 20
0.0
 30
0.0
 11
158.0
 21
15.58304294869629
 31
0.0
 40
11.99999999999994
 41
0.0
 42
9.268156424581006
 43
4.614525139664804
 71
     2
 72
     1
 44
11.99999999999994
 45
17.5
 73
     0
 74
     0
 46
0.0
  0
MTEXT
  5
359
330
1F
100
AcDbEntity
  8
0
100
AcDbMText
 10
158.0000042522726
 20
8.583042948696284
 30
0.0
 40
3.5
 41
11.99999149545471
 46
0.0
 71
     5
 72
     5
  1
{\fSimSun|b0|i0|c134|p2;批准}
 73
     1
 44
1.0
101
Embedded Object
 70
     5
 10
1.0
 20
0.0
 30
0.0
 11
158.0000042522726
 21
8.583042948696284
 31
0.0
 40
11.99999149545471
 41
0.0
 42
9.600558659217876
 43
4.575418994413407
 71
     2
 72
     1
 44
11.99999149545471
 45
17.5
 73
     0
 74
     0
 46
0.0
  0
MTEXT
  5
35A
330
1F
100
AcDbEntity
  8
0
100
AcDbMText
 10
204.989949452358
 20
38.02608256137461
 30
0.0
 40
3.5
 41
26.02014616937561
 46
0.0
 71
     5
 72
     5
  1
{\fSimSun|b0|i0|c134|p2;阶段标记}
 73
     1
 44
1.0
101
Embedded Object
 70
     5
 10
1.0
 20
0.0
 30
0.0
 11
204.989949452358
 21
38.02608256137461
 31
0.0
 40
26.02014616937561
 41
0.0
 42
19.37709497206704
 43
4.614525139664804
 71
     2
 72
     1
 44
26.02014616937561
 45
17.5
 73
     0
 74
     0
 46
0.0
  0
MTEXT
  5
35B
330
1F
100
AcDbEntity
  8
0
100
AcDbMText
 10
224.0000112685229
 20
38.02608256137461
 30
0.0
 40
3.5
 41
11.99997746295426
 46
0.0
 71
     5
 72
     5
  1
{\fSimSun|b0|i0|c134|p2;质量}
 73
     1
 44
1.0
101
Embedded Object
 70
     5
 10
1.0
 20
0.0
 30
0.0
 11
224.0000112685229
 21
38.02608256137461
 31
0.0
 40
11.99997746295426
 41
0.0
 42
9.600558659217877
 43
4.555865921787709
 71
     2
 72
     1
 44
11.99997746295426
 45
17.5
 73
     0
 74
     0
 46
0.0
  0
MTEXT
  5
35C
330
1F
100
AcDbEntity
  8
0
100
AcDbMText
 10
235.3459573379797
 20
38.00000206254611
 30
0.0
 40
3.5
 41
10.69191467595942
 46
0.0
 71
     5
 72
     5
  1
{\fSimSun|b0|i0|c134|p2;比例}
 73
     1
 44
1.0
101
Embedded Object
 70
     5
 10
1.0
 20
0.0
 30
0.0
 11
235.3459573379797
 21
38.00000206254611
 31
0.0
 40
10.69191467595942
 41
0.0
 42
8.857541899441342
 43
4.53631284916201
 71
     2
 72
     1
 44
10.69191467595942
 45
17.5
 73
     0
 74
     0
 46
0.0
  0
DIMENSION
  5
35D
330
1F
100
AcDbEntity
  8
0
100
AcDbDimension
280
     0
  2
*D16
 10
145.5916068804047
 20
134.6818181818182
 30
0.0
 11
145.5916068804047
 21
149.6818181818182
 31
0.0
 70
    32
 71
     5
 42
30.0
 73
     0
 74
     0
 75
     0
  3
ISO-25
100
AcDbAlignedDimension
 13
160.14578313253
 23
164.6818181818182
 33
0.0
 14
160.14578313253
 24
134.6818181818182
 34
0.0
 50
90.0
100
AcDbRotatedDimension
1001
ACAD
1000
DSTYLE
1002
{
1070
    41
1040
4.08
1070
    42
1040
0.0
1070
    44
1040
2.0
1070
    73
1070
     1
1070
    74
1070
     1
1070
    78
1070
     0
1070
   140
1040
3.5
1070
   143
1040
0.0393700787401575
1070
   147
1040
1.524
1070
   179
1070
     2
1070
   271
1070
     0
1070
   272
1070
     0
1070
   278
1070
    46
1070
   284
1070
     0
1002
}
  0
ENDSEC
  0
SECTION
  2
OBJECTS
  0
DICTIONARY
  5
C
330
0
100
AcDbDictionary
281
     1
  3
ACAD_CIP_PREVIOUS_PRODUCT_INFO
350
18D
  3
ACAD_COLOR
350
17F
  3
ACAD_DETAILVIEWSTYLE
350
186
  3
ACAD_GROUP
350
D
  3
ACAD_LAST_SAVED_VERSION_INFO
350
23A
  3
ACAD_LAYOUT
350
1A
  3
ACAD_MATERIAL
350
14D
  3
ACAD_MLEADERSTYLE
350
182
  3
ACAD_MLINESTYLE
350
17
  3
ACAD_PLOTSETTINGS
350
19
  3
ACAD_PLOTSTYLENAME
350
E
  3
ACAD_SCALELIST
350
47
  3
ACAD_SECTIONVIEWSTYLE
350
184
  3
ACAD_TABLESTYLE
350
180
  3
ACAD_VISUALSTYLE
350
166
  3
ACDB_RECOMPOSE_DATA
350
385
  3
AcDbVariableDictionary
350
18E
  0
DICTIONARY
  5
36E
330
2
100
AcDbDictionary
280
     1
281
     1
  3
ACAD_LAYERSTATES
360
36F
  0
DICTIONARY
  5
23B
330
10
100
AcDbDictionary
280
     1
281
     1
  3
ADSK_XREC_LAYER_RECONCILED
360
23C
  0
DICTIONARY
  5
23D
330
63
100
AcDbDictionary
280
     1
281
     1
  3
ADSK_XREC_LAYER_RECONCILED
360
23E
  0
DICTIONARY
  5
23F
330
64
100
AcDbDictionary
280
     1
281
     1
  3
ADSK_XREC_LAYER_RECONCILED
360
240
  0
DICTIONARY
  5
241
330
65
100
AcDbDictionary
280
     1
281
     1
  3
ADSK_XREC_LAYER_RECONCILED
360
242
  0
DICTIONARY
  5
243
330
66
100
AcDbDictionary
280
     1
281
     1
  3
ADSK_XREC_LAYER_RECONCILED
360
244
  0
DICTIONARY
  5
245
330
67
100
AcDbDictionary
280
     1
281
     1
  3
ADSK_XREC_LAYER_RECONCILED
360
246
  0
DICTIONARY
  5
247
330
68
100
AcDbDictionary
280
     1
281
     1
  3
ADSK_XREC_LAYER_RECONCILED
360
248
  0
DICTIONARY
  5
249
330
69
100
AcDbDictionary
280
     1
281
     1
  3
ADSK_XREC_LAYER_RECONCILED
360
24A
  0
DICTIONARY
  5
24B
330
6A
100
AcDbDictionary
280
     1
281
     1
  3
ADSK_XREC_LAYER_RECONCILED
360
24C
  0
DICTIONARY
  5
24D
330
6B
100
AcDbDictionary
280
     1
281
     1
  3
ADSK_XREC_LAYER_RECONCILED
360
24E
  0
DICTIONARY
  5
24F
330
6C
100
AcDbDictionary
280
     1
281
     1
  3
ADSK_XREC_LAYER_RECONCILED
360
250
  0
DICTIONARY
  5
251
330
6D
100
AcDbDictionary
280
     1
281
     1
  3
ADSK_XREC_LAYER_RECONCILED
360
252
  0
DICTIONARY
  5
253
330
6E
100
AcDbDictionary
280
     1
281
     1
  3
ADSK_XREC_LAYER_RECONCILED
360
254
  0
DICTIONARY
  5
255
330
6F
100
AcDbDictionary
280
     1
281
     1
  3
ADSK_XREC_LAYER_RECONCILED
360
256
  0
XRECORD
  5
18D
102
{ACAD_REACTORS
330
C
102
}
330
C
100
AcDbXrecord
280
     1
300

300

300

  0
DICTIONARY
  5
17F
102
{ACAD_REACTORS
330
C
102
}
330
C
100
AcDbDictionary
281
     1
  0
DICTIONARY
  5
186
102
{ACAD_REACTORS
330
C
102
}
330
C
100
AcDbDictionary
281
     1
  3
Metric50
350
187
  0
DICTIONARY
  5
D
102
{ACAD_REACTORS
330
C
102
}
330
C
100
AcDbDictionary
281
     1
  0
XRECORD
  5
23A
102
{ACAD_REACTORS
330
C
102
}
330
C
100
AcDbXrecord
280
     1
300
{FC63DE3D-0346-EB45-95B4-51B899285A8C}
301
{4E7592F2-E56C-D645-962D-15993BFB69C4}
302
{FC63DE3D-0346-EB45-95B4-51B899285A8C}
303
C:\Users\麦俊炜\Desktop\新建文件夹\cad\前叉.dwg
  0
DICTIONARY
  5
1A
102
{ACAD_REACTORS
330
C
102
}
330
C
100
AcDbDictionary
281
     1
  3
Layout1
350
1E
  3
Layout2
350
26
  3
Model
350
22
  0
DICTIONARY
  5
14D
102
{ACAD_REACTORS
330
C
102
}
330
C
100
AcDbDictionary
281
     1
  3
ByBlock
350
156
  3
ByLayer
350
14E
  3
Global
350
15E
  0
DICTIONARY
  5
182
102
{ACAD_REACTORS
330
C
102
}
330
C
100
AcDbDictionary
281
     1
  3
Standard
350
183
  0
DICTIONARY
  5
17
102
{ACAD_REACTORS
330
C
102
}
330
C
100
AcDbDictionary
281
     1
  3
Standard
350
18
  0
DICTIONARY
  5
19
102
{ACAD_REACTORS
330
C
102
}
330
C
100
AcDbDictionary
281
     1
  0
ACDBDICTIONARYWDFLT
  5
E
102
{ACAD_REACTORS
330
C
102
}
330
C
100
AcDbDictionary
281
     1
  3
Normal
350
F
100
AcDbDictionaryWithDefault
340
F
  0
DICTIONARY
  5
47
102
{ACAD_REACTORS
330
C
102
}
330
C
100
AcDbDictionary
281
     1
  3
A0
350
48
  3
A1
350
49
  3
A2
350
4A
  3
A3
350
4B
  3
A4
350
4C
  3
A5
350
4D
  3
A6
350
4E
  3
A7
350
4F
  3
A8
350
50
  3
A9
350
51
  3
B0
350
52
  3
B1
350
53
  3
B2
350
54
  3
B3
350
55
  3
B4
350
56
  3
B5
350
57
  3
B6
350
58
  0
DICTIONARY
  5
184
102
{ACAD_REACTORS
330
C
102
}
330
C
100
AcDbDictionary
281
     1
  3
Metric50
350
185
  0
DICTIONARY
  5
180
102
{ACAD_REACTORS
330
C
102
}
330
C
100
AcDbDictionary
281
     1
  3
Standard
350
181
  0
DICTIONARY
  5
166
102
{ACAD_REACTORS
330
C
102
}
330
C
100
AcDbDictionary
281
     1
  3
2dWireframe
350
16C
  3
Basic
350
16B
  3
Brighten
350
172
  3
ColorChange
350
176
  3
Conceptual
350
16F
  3
Dim
350
171
  3
EdgeColorOff
350
17E
  3
Facepattern
350
175
  3
Flat
350
167
  3
FlatWithEdges
350
168
  3
Gouraud
350
169
  3
GouraudWithEdges
350
16A
  3
Hidden
350
16E
  3
JitterOff
350
17C
  3
Linepattern
350
174
  3
OverhangOff
350
17D
  3
Realistic
350
170
  3
Shaded
350
17B
  3
Shaded with edges
350
17A
  3
Shades of Gray
350
177
  3
Sketchy
350
178
  3
Thicken
350
173
  3
Wireframe
350
16D
  3
X-Ray
350
179
  0
XRECORD
  5
385
102
{ACAD_REACTORS
330
C
102
}
330
C
100
AcDbXrecord
280
     1
 90
        1
330
181
  0
DICTIONARY
  5
18E
102
{ACAD_REACTORS
330
C
102
}
330
C
100
AcDbDictionary
281
     1
  3
CANNOSCALE
350
25C
  3
CMLEADERSTYLE
350
258
  3
CTABLESTYLE
350
257
  3
CVIEWDETAILSTYLE
350
259
  3
CVIEWSECTIONSTYLE
350
25A
  3
LAYEREVAL
350
25E
  3
LAYERNOTIFY
350
25F
  3
LIGHTINGUNITS
350
25D
  3
MSLTSCALE
350
25B
  0
DICTIONARY
  5
36F
102
{ACAD_REACTORS
330
36E
102
}
330
36E
100
AcDbDictionary
281
     1
  0
XRECORD
  5
23C
102
{ACAD_REACTORS
330
23B
102
}
330
23B
100
AcDbXrecord
280
     1
290
     1
  0
XRECORD
  5
23E
102
{ACAD_REACTORS
330
23D
102
}
330
23D
100
AcDbXrecord
280
     1
290
     1
  0
XRECORD
  5
240
102
{ACAD_REACTORS
330
23F
102
}
330
23F
100
AcDbXrecord
280
     1
290
     1
  0
XRECORD
  5
242
102
{ACAD_REACTORS
330
241
102
}
330
241
100
AcDbXrecord
280
     1
290
     1
  0
XRECORD
  5
244
102
{ACAD_REACTORS
330
243
102
}
330
243
100
AcDbXrecord
280
     1
290
     1
  0
XRECORD
  5
246
102
{ACAD_REACTORS
330
245
102
}
330
245
100
AcDbXrecord
280
     1
290
     1
  0
XRECORD
  5
248
102
{ACAD_REACTORS
330
247
102
}
330
247
100
AcDbXrecord
280
     1
290
     1
  0
XRECORD
  5
24A
102
{ACAD_REACTORS
330
249
102
}
330
249
100
AcDbXrecord
280
     1
290
     1
  0
XRECORD
  5
24C
102
{ACAD_REACTORS
330
24B
102
}
330
24B
100
AcDbXrecord
280
     1
290
     1
  0
XRECORD
  5
24E
102
{ACAD_REACTORS
330
24D
102
}
330
24D
100
AcDbXrecord
280
     1
290
     1
  0
XRECORD
  5
250
102
{ACAD_REACTORS
330
24F
102
}
330
24F
100
AcDbXrecord
280
     1
290
     1
  0
XRECORD
  5
252
102
{ACAD_REACTORS
330
251
102
}
330
251
100
AcDbXrecord
280
     1
290
     1
  0
XRECORD
  5
254
102
{ACAD_REACTORS
330
253
102
}
330
253
100
AcDbXrecord
280
     1
290
     1
  0
XRECORD
  5
256
102
{ACAD_REACTORS
330
255
102
}
330
255
100
AcDbXrecord
280
     1
290
     1
  0
ACDBDETAILVIEWSTYLE
  5
187
102
{ACAD_REACTORS
330
186
102
}
330
186
100
AcDbModelDocViewStyle
 70
     0
  3
Metric50
290
     1
300
Metric50
 90
        0
100
AcDbDetailViewStyle
 70
     0
 71
     0
 90
        3
 71
     1
340
11
 62
   256
 40
5.0
340
0
 62
   256
 40
5.0
300

 40
0.0
280
     1
 71
     2
340
16
 90
       25
 62
   256
 71
     3
340
11
 62
   256
 40
5.0
 90
        0
 40
15.0
 90
        1
300
%<\AcVar ViewDetailId>% (%<\AcVar ViewScale \f "%sn">%)
 71
     4
340
16
 90
       25
 62
   256
340
16
 90
       25
 62
   256
280
     0
  0
LAYOUT
  5
1E
102
{ACAD_REACTORS
330
1A
102
}
330
1A
100
AcDbPlotSettings
  1

  2
none_device
  4

  6

 40
0.0
 41
0.0
 42
0.0
 43
0.0
 44
0.0
 45
0.0
 46
0.0
 47
0.0
 48
0.0
 49
0.0
140
0.0
141
0.0
142
1.0
143
1.0
 70
   688
 72
     1
 73
     0
 74
     5
  7

 75
    16
147
1.0
 76
     0
 77
     2
 78
   300
148
0.0
149
0.0
100
AcDbLayout
  1
Layout1
 70
     1
 71
     1
 10
0.0
 20
0.0
 11
420.0
 21
297.0
 12
0.0
 22
0.0
 32
0.0
 14
1.000000000000000E+20
 24
1.000000000000000E+20
 34
1.000000000000000E+20
 15
-1.000000000000000E+20
 25
-1.000000000000000E+20
 35
-1.000000000000000E+20
146
0.0
 13
0.0
 23
0.0
 33
0.0
 16
1.0
 26
0.0
 36
0.0
 17
0.0
 27
1.0
 37
0.0
 76
     0
330
1B
  0
LAYOUT
  5
26
102
{ACAD_REACTORS
330
1A
102
}
330
1A
100
AcDbPlotSettings
  1

  2
none_device
  4

  6

 40
0.0
 41
0.0
 42
0.0
 43
0.0
 44
0.0
 45
0.0
 46
0.0
 47
0.0
 48
0.0
 49
0.0
140
0.0
141
0.0
142
1.0
143
1.0
 70
   688
 72
     1
 73
     0
 74
     5
  7

 75
    16
147
1.0
 76
     0
 77
     2
 78
   300
148
0.0
149
0.0
100
AcDbLayout
  1
Layout2
 70
     1
 71
     2
 10
0.0
 20
0.0
 11
0.0
 21
0.0
 12
0.0
 22
0.0
 32
0.0
 14
0.0
 24
0.0
 34
0.0
 15
0.0
 25
0.0
 35
0.0
146
0.0
 13
0.0
 23
0.0
 33
0.0
 16
1.0
 26
0.0
 36
0.0
 17
0.0
 27
1.0
 37
0.0
 76
     0
330
23
  0
LAYOUT
  5
22
102
{ACAD_REACTORS
330
1A
102
}
330
1A
100
AcDbPlotSettings
  1

  2
none_device
  4
Letter_(8.50_x_11.00_Inches)
  6

 40
6.349999999999999
 41
6.349999999999999
 42
6.350005079999999
 43
6.350005079999999
 44
215.9
 45
279.4
 46
0.0
 47
0.0
 48
0.0
 49
0.0
140
0.0
141
0.0
142
1.0
143
1.0
 70
  1712
 72
     1
 73
     0
 74
     0
  7

 75
     0
147
1.0
 76
     0
 77
     2
 78
   300
148
0.0
149
0.0
100
AcDbLayout
  1
Model
 70
     1
 71
     0
 10
0.0
 20
0.0
 11
297.0
 21
210.0
 12
0.0
 22
0.0
 32
0.0
 14
0.0
 24
0.0
 34
0.0
 15
297.0
 25
210.0
 35
0.0
146
0.0
 13
0.0
 23
0.0
 33
0.0
 16
1.0
 26
0.0
 36
0.0
 17
0.0
 27
1.0
 37
0.0
 76
     0
330
1F
331
29
  0
MATERIAL
  5
156
102
{ACAD_XDICTIONARY
360
157
102
}
102
{ACAD_REACTORS
330
14D
102
}
330
14D
100
AcDbMaterial
  1
ByBlock
 72
     0
 43
0.0008202099737533
 43
0.0
 43
0.0
 43
0.0
 43
0.0
 43
0.0008202099737533
 43
0.0
 43
0.0
 43
0.0
 43
0.0
 43
1.0
 43
0.0
 43
0.0
 43
0.0
 43
0.0
 43
1.0
 77
     0
 47
0.0008202099737533
 47
0.0
 47
0.0
 47
0.0
 47
0.0
 47
0.0008202099737533
 47
0.0
 47
0.0
 47
0.0
 47
0.0
 47
1.0
 47
0.0
 47
0.0
 47
0.0
 47
0.0
 47
1.0
171
     0
 49
0.0008202099737533
 49
0.0
 49
0.0
 49
0.0
 49
0.0
 49
0.0008202099737533
 49
0.0
 49
0.0
 49
0.0
 49
0.0
 49
1.0
 49
0.0
 49
0.0
 49
0.0
 49
0.0
 49
1.0
175
     0
142
0.0008202099737533
142
0.0
142
0.0
142
0.0
142
0.0
142
0.0008202099737533
142
0.0
142
0.0
142
0.0
142
0.0
142
1.0
142
0.0
142
0.0
142
0.0
142
0.0
142
1.0
179
     0
144
0.0008202099737533
144
0.0
144
0.0
144
0.0
144
0.0
144
0.0008202099737533
144
0.0
144
0.0
144
0.0
144
0.0
144
1.0
144
0.0
144
0.0
144
0.0
144
0.0
144
1.0
147
0.0008202099737533
147
0.0
147
0.0
147
0.0
147
0.0
147
0.0008202099737533
147
0.0
147
0.0
147
0.0
147
0.0
147
1.0
147
0.0
147
0.0
147
0.0
147
0.0
147
1.0
  0
MATERIAL
  5
14E
102
{ACAD_XDICTIONARY
360
14F
102
}
102
{ACAD_REACTORS
330
14D
102
}
330
14D
100
AcDbMaterial
  1
ByLayer
 72
     0
 43
0.0008202099737533
 43
0.0
 43
0.0
 43
0.0
 43
0.0
 43
0.0008202099737533
 43
0.0
 43
0.0
 43
0.0
 43
0.0
 43
1.0
 43
0.0
 43
0.0
 43
0.0
 43
0.0
 43
1.0
 77
     0
 47
0.0008202099737533
 47
0.0
 47
0.0
 47
0.0
 47
0.0
 47
0.0008202099737533
 47
0.0
 47
0.0
 47
0.0
 47
0.0
 47
1.0
 47
0.0
 47
0.0
 47
0.0
 47
0.0
 47
1.0
171
     0
 49
0.0008202099737533
 49
0.0
 49
0.0
 49
0.0
 49
0.0
 49
0.0008202099737533
 49
0.0
 49
0.0
 49
0.0
 49
0.0
 49
1.0
 49
0.0
 49
0.0
 49
0.0
 49
0.0
 49
1.0
175
     0
142
0.0008202099737533
142
0.0
142
0.0
142
0.0
142
0.0
142
0.0008202099737533
142
0.0
142
0.0
142
0.0
142
0.0
142
1.0
142
0.0
142
0.0
142
0.0
142
0.0
142
1.0
179
     0
144
0.0008202099737533
144
0.0
144
0.0
144
0.0
144
0.0
144
0.0008202099737533
144
0.0
144
0.0
144
0.0
144
0.0
144
1.0
144
0.0
144
0.0
144
0.0
144
0.0
144
1.0
147
0.0008202099737533
147
0.0
147
0.0
147
0.0
147
0.0
147
0.0008202099737533
147
0.0
147
0.0
147
0.0
147
0.0
147
1.0
147
0.0
147
0.0
147
0.0
147
0.0
147
1.0
  0
MATERIAL
  5
15E
102
{ACAD_XDICTIONARY
360
15F
102
}
102
{ACAD_REACTORS
330
14D
102
}
330
14D
100
AcDbMaterial
  1
Global
 72
     0
 43
0.0008202099737533
 43
0.0
 43
0.0
 43
0.0
 43
0.0
 43
0.0008202099737533
 43
0.0
 43
0.0
 43
0.0
 43
0.0
 43
1.0
 43
0.0
 43
0.0
 43
0.0
 43
0.0
 43
1.0
 77
     0
 47
0.0008202099737533
 47
0.0
 47
0.0
 47
0.0
 47
0.0
 47
0.0008202099737533
 47
0.0
 47
0.0
 47
0.0
 47
0.0
 47
1.0
 47
0.0
 47
0.0
 47
0.0
 47
0.0
 47
1.0
171
     0
 49
0.0008202099737533
 49
0.0
 49
0.0
 49
0.0
 49
0.0
 49
0.0008202099737533
 49
0.0
 49
0.0
 49
0.0
 49
0.0
 49
1.0
 49
0.0
 49
0.0
 49
0.0
 49
0.0
 49
1.0
175
     0
142
0.0008202099737533
142
0.0
142
0.0
142
0.0
142
0.0
142
0.0008202099737533
142
0.0
142
0.0
142
0.0
142
0.0
142
1.0
142
0.0
142
0.0
142
0.0
142
0.0
142
1.0
179
     0
144
0.0008202099737533
144
0.0
144
0.0
144
0.0
144
0.0
144
0.0008202099737533
144
0.0
144
0.0
144
0.0
144
0.0
144
1.0
144
0.0
144
0.0
144
0.0
144
0.0
144
1.0
147
0.0008202099737533
147
0.0
147
0.0
147
0.0
147
0.0
147
0.0008202099737533
147
0.0
147
0.0
147
0.0
147
0.0
147
1.0
147
0.0
147
0.0
147
0.0
147
0.0
147
1.0
  0
MLEADERSTYLE
  5
183
102
{ACAD_REACTORS
330
182
330
303
330
34C
330
34D
102
}
330
182
100
AcDbMLeaderStyle
179
     2
170
     2
171
     1
172
     0
 90
        2
 40
0.0
 41
0.0
173
     1
 91
-1056964608
340
14
 92
       -2
290
     1
 42
2.0
291
     1
 43
0.36
  3
Standard
 44
4.0
300

342
11
174
     1
178
     6
175
     1
176
     0
 93
-1056964608
 45
4.0
292
     0
297
     0
 46
4.0
 94
-1056964608
 47
1.0
 49
1.0
140
1.0
293
     1
141
0.0
294
     1
177
     0
142
1.0
295
     0
296
     0
143
0.125
271
     0
272
     9
273
     9
298
     1
  0
MLINESTYLE
  5
18
102
{ACAD_REACTORS
330
17
102
}
330
17
100
AcDbMlineStyle
  2
STANDARD
 70
     0
  3

 62
   256
 51
90.0
 52
90.0
 71
     2
 49
0.5
 62
   256
  6
BYLAYER
 49
-0.5
 62
   256
  6
BYLAYER
  0
ACDBPLACEHOLDER
  5
F
102
{ACAD_REACTORS
330
E
102
}
330
E
  0
SCALE
  5
48
102
{ACAD_REACTORS
330
47
102
}
330
47
100
AcDbScale
 70
     0
300
1:1
140
1.0
141
1.0
290
     1
  0
SCALE
  5
49
102
{ACAD_REACTORS
330
47
102
}
330
47
100
AcDbScale
 70
     0
300
1:2
140
1.0
141
2.0
290
     0
  0
SCALE
  5
4A
102
{ACAD_REACTORS
330
47
102
}
330
47
100
AcDbScale
 70
     0
300
1:4
140
1.0
141
4.0
290
     0
  0
SCALE
  5
4B
102
{ACAD_REACTORS
330
47
102
}
330
47
100
AcDbScale
 70
     0
300
1:5
140
1.0
141
5.0
290
     0
  0
SCALE
  5
4C
102
{ACAD_REACTORS
330
47
102
}
330
47
100
AcDbScale
 70
     0
300
1:8
140
1.0
141
8.0
290
     0
  0
SCALE
  5
4D
102
{ACAD_REACTORS
330
47
102
}
330
47
100
AcDbScale
 70
     0
300
1:10
140
1.0
141
10.0
290
     0
  0
SCALE
  5
4E
102
{ACAD_REACTORS
330
47
102
}
330
47
100
AcDbScale
 70
     0
300
1:16
140
1.0
141
16.0
290
     0
  0
SCALE
  5
4F
102
{ACAD_REACTORS
330
47
102
}
330
47
100
AcDbScale
 70
     0
300
1:20
140
1.0
141
20.0
290
     0
  0
SCALE
  5
50
102
{ACAD_REACTORS
330
47
102
}
330
47
100
AcDbScale
 70
     0
300
1:30
140
1.0
141
30.0
290
     0
  0
SCALE
  5
51
102
{ACAD_REACTORS
330
47
102
}
330
47
100
AcDbScale
 70
     0
300
1:40
140
1.0
141
40.0
290
     0
  0
SCALE
  5
52
102
{ACAD_REACTORS
330
47
102
}
330
47
100
AcDbScale
 70
     0
300
1:50
140
1.0
141
50.0
290
     0
  0
SCALE
  5
53
102
{ACAD_REACTORS
330
47
102
}
330
47
100
AcDbScale
 70
     0
300
1:100
140
1.0
141
100.0
290
     0
  0
SCALE
  5
54
102
{ACAD_REACTORS
330
47
102
}
330
47
100
AcDbScale
 70
     0
300
2:1
140
2.0
141
1.0
290
     0
  0
SCALE
  5
55
102
{ACAD_REACTORS
330
47
102
}
330
47
100
AcDbScale
 70
     0
300
4:1
140
4.0
141
1.0
290
     0
  0
SCALE
  5
56
102
{ACAD_REACTORS
330
47
102
}
330
47
100
AcDbScale
 70
     0
300
8:1
140
8.0
141
1.0
290
     0
  0
SCALE
  5
57
102
{ACAD_REACTORS
330
47
102
}
330
47
100
AcDbScale
 70
     0
300
10:1
140
10.0
141
1.0
290
     0
  0
SCALE
  5
58
102
{ACAD_REACTORS
330
47
102
}
330
47
100
AcDbScale
 70
     0
300
100:1
140
100.0
141
1.0
290
     0
  0
ACDBSECTIONVIEWSTYLE
  5
185
102
{ACAD_REACTORS
330
184
102
}
330
184
100
AcDbModelDocViewStyle
 70
     0
  3
Metric50
290
     1
300
Metric50
 90
        0
100
AcDbSectionViewStyle
 70
     0
 71
     0
 90
      102
 71
     1
340
11
 62
   256
 40
5.0
340
0
340
0
 62
   256
 40
5.0
300
I, O, Q, S, X, Z
 40
10.0
 90
        0
 40
2.5
 90
        0
 71
     2
340
16
 90
       25
 62
   256
340
16
 90
       50
 62
   256
 40
5.0
 40
2.5
 40
5.0
 71
     3
340
11
 62
   256
 40
5.0
 90
        0
 40
15.0
 90
        1
300
%<\AcVar ViewSectionStartId>%-%<\AcVar ViewSectionEndId>% (%<\AcVar ViewScale \f "%sn">%)
 71
     4
 62
   256
 62
   257
300
ANSI31
 40
1.0
 90
        0
290
     0
290
     0
 90
        6
 40
0.0
 40
1.570796326794896
 40
0.2617993877991494
 40
1.308996938995747
 40
-0.2617993877991494
 40
1.832595714594046
  0
TABLESTYLE
  5
181
102
{ACAD_XDICTIONARY
360
383
102
}
102
{ACAD_REACTORS
330
180
102
}
330
180
100
AcDbTableStyle
280
     0
  3
Standard
 70
     0
 71
     0
 40
1.5
 41
1.5
280
     0
281
     0
  7
Standard
140
4.5
170
     2
 62
     0
 63
     7
283
     0
 90
      512
 91
        0
  1

274
    -2
284
     1
 64
     0
275
    -2
285
     1
 65
     0
276
    -2
286
     1
 66
     0
277
    -2
287
     1
 67
     0
278
    -2
288
     1
 68
     0
279
    -2
289
     1
 69
     0
  7
Standard
140
6.0
170
     5
 62
     0
 63
     7
283
     0
 90
      512
 91
        0
  1

274
    -2
284
     1
 64
     0
275
    -2
285
     1
 65
     0
276
    -2
286
     1
 66
     0
277
    -2
287
     1
 67
     0
278
    -2
288
     1
 68
     0
279
    -2
289
     1
 69
     0
  7
Standard
140
4.5
170
     5
 62
     0
 63
     7
283
     0
 90
      512
 91
        0
  1

274
    -2
284
     1
 64
     0
275
    -2
285
     1
 65
     0
276
    -2
286
     1
 66
     0
277
    -2
287
     1
 67
     0
278
    -2
288
     1
 68
     0
279
    -2
289
     1
 69
     0
  0
VISUALSTYLE
  5
16C
102
{ACAD_REACTORS
330
166
102
}
330
166
100
AcDbVisualStyle
  2
2dWireframe
 70
     4
177
     3
291
     0
 70
    58
 90
        0
176
     1
 90
        2
176
     1
 90
        0
176
     1
 90
        0
176
     1
 40
0.6
176
     1
 40
30.0
176
     1
 62
     7
420
 16777215
176
     1
 90
        1
176
     1
 90
        4
176
     1
 62
     7
176
     1
 62
   257
176
     1
 90
        1
176
     1
 90
        1
176
     1
 40
1.0
176
     1
 90
        0
176
     1
 62
   257
176
     1
 40
1.0
176
     1
 90
        1
176
     1
 90
        6
176
     1
 90
        2
176
     1
 62
     7
176
     1
 90
        5
176
     1
 90
        0
176
     1
 90
        0
176
     1
290
     0
176
     1
 90
        1
176
     1
 40
0.0
176
     1
 90
        0
176
     1
290
     1
176
     1
290
     1
176
     1
290
     0
176
     1
290
     0
176
     1
290
     0
176
     1
290
     0
176
     1
290
     0
176
     1
290
     0
176
     1
290
     0
176
     1
 90
       50
176
     1
 40
0.0
176
     1
 40
1.0
176
     1
 90
        0
176
     1
 62
    18
420
        0
176
     1
 90
       50
176
     1
 90
        3
176
     1
 62
     5
420
      255
176
     1
290
     0
176
     1
 90
       50
176
     1
 90
       50
176
     1
 90
       50
176
     1
290
     0
176
     1
 90
       50
176
     1
 62
   256
176
     0
 40
1.0
176
     0
 90
        2
176
     1
  1
strokes_ogs.tif
176
     1
290
     0
176
     1
 40
1.0
176
     1
 40
1.0
176
     1
  0
VISUALSTYLE
  5
16B
102
{ACAD_REACTORS
330
166
102
}
330
166
100
AcDbVisualStyle
  2
Basic
 70
     7
177
     3
291
     1
 70
    58
 90
        1
176
     1
 90
        0
176
     1
 90
        1
176
     1
 90
        0
176
     1
 40
0.6
176
     1
 40
30.0
176
     1
 62
     7
420
 16777215
176
     1
 90
        0
176
     1
 90
        4
176
     1
 62
     7
176
     1
 62
   257
176
     1
 90
        1
176
     1
 90
        1
176
     1
 40
1.0
176
     1
 90
        8
176
     1
 62
     7
176
     1
 40
1.0
176
     1
 90
        1
176
     1
 90
        6
176
     1
 90
        2
176
     1
 62
     7
176
     1
 90
        5
176
     1
 90
        0
176
     1
 90
        0
176
     1
290
     0
176
     1
 90
        1
176
     1
 40
0.0
176
     1
 90
        0
176
     1
290
     0
176
     1
290
     1
176
     1
290
     1
176
     1
290
     0
176
     1
290
     0
176
     1
290
     0
176
     1
290
     0
176
     1
290
     0
176
     1
290
     0
176
     1
 90
       50
176
     1
 40
0.0
176
     1
 40
1.0
176
     1
 90
        0
176
     1
 62
    18
420
        0
176
     1
 90
       50
176
     1
 90
        3
176
     1
 62
     5
420
      255
176
     1
290
     0
176
     1
 90
       50
176
     1
 90
       50
176
     1
 90
       50
176
     1
290
     0
176
     1
 90
       50
176
     1
 62
   256
176
     0
 40
1.0
176
     0
 90
        2
176
     1
  1
strokes_ogs.tif
176
     1
290
     0
176
     1
 40
1.0
176
     1
 40
1.0
176
     1
  0
VISUALSTYLE
  5
172
102
{ACAD_REACTORS
330
166
102
}
330
166
100
AcDbVisualStyle
  2
Brighten
 70
    12
177
     3
291
     1
 70
    58
 90
        2
176
     1
 90
        2
176
     1
 90
        0
176
     1
 90
        0
176
     1
 40
0.6
176
     1
 40
30.0
176
     1
 62
     7
420
 16777215
176
     1
 90
        1
176
     1
 90
        4
176
     1
 62
     7
176
     1
 62
   257
176
     1
 90
        1
176
     1
 90
        1
176
     1
 40
1.0
176
     1
 90
        8
176
     1
 62
     7
176
     1
 40
1.0
176
     1
 90
        1
176
     1
 90
        6
176
     1
 90
        2
176
     1
 62
     7
176
     1
 90
        5
176
     1
 90
        0
176
     1
 90
        0
176
     1
290
     0
176
     1
 90
        1
176
     1
 40
50.0
176
     1
 90
        0
176
     1
290
     0
176
     1
290
     1
176
     1
290
     1
176
     1
290
     0
176
     1
290
     0
176
     1
290
     0
176
     1
290
     0
176
     1
290
     0
176
     1
290
     0
176
     1
 90
       50
176
     1
 40
0.0
176
     1
 40
1.0
176
     1
 90
        0
176
     1
 62
    18
420
        0
176
     1
 90
       50
176
     1
 90
        3
176
     1
 62
     5
420
      255
176
     1
290
     0
176
     1
 90
       50
176
     1
 90
       50
176
     1
 90
       50
176
     1
290
     0
176
     1
 90
       50
176
     1
 62
   256
176
     0
 40
1.0
176
     0
 90
        2
176
     1
  1
strokes_ogs.tif
176
     1
290
     0
176
     1
 40
1.0
176
     1
 40
1.0
176
     1
  0
VISUALSTYLE
  5
176
102
{ACAD_REACTORS
330
166
102
}
330
166
100
AcDbVisualStyle
  2
ColorChange
 70
    16
177
     3
291
     1
 70
    58
 90
        2
176
     1
 90
        2
176
     1
 90
        3
176
     1
 90
        0
176
     1
 40
0.6
176
     1
 40
30.0
176
     1
 62
     8
420
  8421504
176
     1
 90
        1
176
     1
 90
        4
176
     1
 62
     7
176
     1
 62
   257
176
     1
 90
        1
176
     1
 90
        1
176
     1
 40
1.0
176
     1
 90
        8
176
     1
 62
     8
420
  8421504
176
     1
 40
1.0
176
     1
 90
        1
176
     1
 90
        6
176
     1
 90
        2
176
     1
 62
     7
176
     1
 90
        5
176
     1
 90
        0
176
     1
 90
        0
176
     1
290
     0
176
     1
 90
        1
176
     1
 40
0.0
176
     1
 90
        0
176
     1
290
     0
176
     1
290
     1
176
     1
290
     1
176
     1
290
     0
176
     1
290
     0
176
     1
290
     0
176
     1
290
     0
176
     1
290
     0
176
     1
290
     0
176
     1
 90
       50
176
     1
 40
0.0
176
     1
 40
1.0
176
     1
 90
        0
176
     1
 62
    18
420
        0
176
     1
 90
       50
176
     1
 90
        3
176
     1
 62
     5
420
      255
176
     1
290
     0
176
     1
 90
       50
176
     1
 90
       50
176
     1
 90
       50
176
     1
290
     0
176
     1
 90
       50
176
     1
 62
   256
176
     0
 40
1.0
176
     0
 90
        2
176
     1
  1
strokes_ogs.tif
176
     1
290
     0
176
     1
 40
1.0
176
     1
 40
1.0
176
     1
  0
VISUALSTYLE
  5
16F
102
{ACAD_REACTORS
330
166
102
}
330
166
100
AcDbVisualStyle
  2
Conceptual
 70
     9
177
     3
291
     0
 70
    58
 90
        3
176
     1
 90
        2
176
     1
 90
        0
176
     1
 90
        0
176
     1
 40
0.6
176
     1
 40
30.0
176
     1
 62
     7
420
 16777215
176
     1
 90
        2
176
     1
 90
        2
176
     1
 62
     7
176
     1
 62
   257
176
     1
 90
        1
176
     1
 90
        1
176
     1
 40
179.0
176
     1
 90
        8
176
     1
 62
     7
176
     1
 40
1.0
176
     1
 90
        1
176
     1
 90
        6
176
     1
 90
        2
176
     1
 62
     7
176
     1
 90
        3
176
     1
 90
        0
176
     1
 90
        0
176
     1
290
     0
176
     1
 90
        1
176
     1
 40
0.0
176
     1
 90
        0
176
     1
290
     0
176
     1
290
     1
176
     1
290
     1
176
     1
290
     0
176
     1
290
     0
176
     1
290
     0
176
     1
290
     0
176
     1
290
     0
176
     1
290
     0
176
     1
 90
       50
176
     1
 40
0.0
176
     1
 40
1.0
176
     1
 90
        0
176
     1
 62
    18
420
        0
176
     1
 90
       50
176
     1
 90
        3
176
     1
 62
     5
420
      255
176
     1
290
     0
176
     1
 90
       50
176
     1
 90
       50
176
     1
 90
       50
176
     1
290
     0
176
     1
 90
       50
176
     1
 62
   256
176
     0
 40
1.0
176
     0
 90
        2
176
     1
  1
strokes_ogs.tif
176
     1
290
     0
176
     1
 40
1.0
176
     1
 40
1.0
176
     1
  0
VISUALSTYLE
  5
171
102
{ACAD_REACTORS
330
166
102
}
330
166
100
AcDbVisualStyle
  2
Dim
 70
    11
177
     3
291
     1
 70
    58
 90
        2
176
     1
 90
        2
176
     1
 90
        0
176
     1
 90
        0
176
     1
 40
0.6
176
     1
 40
30.0
176
     1
 62
     7
420
 16777215
176
     1
 90
        1
176
     1
 90
        4
176
     1
 62
     7
176
     1
 62
   257
176
     1
 90
        1
176
     1
 90
        1
176
     1
 40
1.0
176
     1
 90
        8
176
     1
 62
     7
176
     1
 40
1.0
176
     1
 90
        1
176
     1
 90
        6
176
     1
 90
        2
176
     1
 62
     7
176
     1
 90
        5
176
     1
 90
        0
176
     1
 90
        0
176
     1
290
     0
176
     1
 90
        1
176
     1
 40
-50.0
176
     1
 90
        0
176
     1
290
     0
176
     1
290
     1
176
     1
290
     1
176
     1
290
     0
176
     1
290
     0
176
     1
290
     0
176
     1
290
     0
176
     1
290
     0
176
     1
290
     0
176
     1
 90
       50
176
     1
 40
0.0
176
     1
 40
1.0
176
     1
 90
        0
176
     1
 62
    18
420
        0
176
     1
 90
       50
176
     1
 90
        3
176
     1
 62
     5
420
      255
176
     1
290
     0
176
     1
 90
       50
176
     1
 90
       50
176
     1
 90
       50
176
     1
290
     0
176
     1
 90
       50
176
     1
 62
   256
176
     0
 40
1.0
176
     0
 90
        2
176
     1
  1
strokes_ogs.tif
176
     1
290
     0
176
     1
 40
1.0
176
     1
 40
1.0
176
     1
  0
VISUALSTYLE
  5
17E
102
{ACAD_REACTORS
330
166
102
}
330
166
100
AcDbVisualStyle
  2
EdgeColorOff
 70
    22
177
     3
291
     1
 70
    58
 90
        2
176
     0
 90
        2
176
     0
 90
        0
176
     0
 90
        0
176
     0
 40
0.6
176
     0
 40
30.0
176
     0
 62
     7
420
 16777215
176
     0
 90
        1
176
     0
 90
        4
176
     0
 62
     7
176
     0
 62
   257
176
     0
 90
        1
176
     0
 90
        1
176
     0
 40
1.0
176
     0
 90
        8
176
     2
 62
     7
176
     0
 40
1.0
176
     0
 90
        1
176
     0
 90
        6
176
     0
 90
        2
176
     0
 62
     7
176
     0
 90
        5
176
     0
 90
        0
176
     0
 90
        0
176
     0
290
     0
176
     0
 90
        1
176
     0
 40
0.0
176
     0
 90
        0
176
     0
290
     0
176
     0
290
     1
176
     0
290
     1
176
     0
290
     0
176
     0
290
     0
176
     0
290
     0
176
     0
290
     0
176
     0
290
     0
176
     0
290
     0
176
     0
 90
       50
176
     0
 40
0.0
176
     0
 40
1.0
176
     0
 90
        0
176
     0
 62
    18
420
        0
176
     0
 90
       50
176
     0
 90
        3
176
     0
 62
     5
420
      255
176
     0
290
     0
176
     0
 90
       50
176
     0
 90
       50
176
     0
 90
       50
176
     0
290
     0
176
     0
 90
       50
176
     0
 62
   256
176
     0
 40
1.0
176
     0
 90
        2
176
     0
  1
strokes_ogs.tif
176
     0
290
     0
176
     0
 40
1.0
176
     0
 40
1.0
176
     0
  0
VISUALSTYLE
  5
175
102
{ACAD_REACTORS
330
166
102
}
330
166
100
AcDbVisualStyle
  2
Facepattern
 70
    15
177
     3
291
     1
 70
    58
 90
        2
176
     1
 90
        2
176
     1
 90
        0
176
     1
 90
        0
176
     1
 40
0.6
176
     1
 40
30.0
176
     1
 62
     7
420
 16777215
176
     1
 90
        1
176
     1
 90
        4
176
     1
 62
     7
176
     1
 62
   257
176
     1
 90
        1
176
     1
 90
        1
176
     1
 40
1.0
176
     1
 90
        8
176
     1
 62
     7
176
     1
 40
1.0
176
     1
 90
        1
176
     1
 90
        6
176
     1
 90
        2
176
     1
 62
     7
176
     1
 90
        5
176
     1
 90
        0
176
     1
 90
        0
176
     1
290
     0
176
     1
 90
        1
176
     1
 40
0.0
176
     1
 90
        0
176
     1
290
     0
176
     1
290
     1
176
     1
290
     1
176
     1
290
     0
176
     1
290
     0
176
     1
290
     0
176
     1
290
     0
176
     1
290
     0
176
     1
290
     0
176
     1
 90
       50
176
     1
 40
0.0
176
     1
 40
1.0
176
     1
 90
        0
176
     1
 62
    18
420
        0
176
     1
 90
       50
176
     1
 90
        3
176
     1
 62
     5
420
      255
176
     1
290
     0
176
     1
 90
       50
176
     1
 90
       50
176
     1
 90
       50
176
     1
290
     0
176
     1
 90
       50
176
     1
 62
   256
176
     0
 40
1.0
176
     0
 90
        2
176
     1
  1
strokes_ogs.tif
176
     1
290
     0
176
     1
 40
1.0
176
     1
 40
1.0
176
     1
  0
VISUALSTYLE
  5
167
102
{ACAD_REACTORS
330
166
102
}
330
166
100
AcDbVisualStyle
  2
Flat
 70
     0
177
     3
291
     1
 70
    58
 90
        2
176
     1
 90
        1
176
     1
 90
        1
176
     1
 90
        2
176
     1
 40
0.6
176
     1
 40
30.0
176
     1
 62
     7
420
 16777215
176
     1
 90
        0
176
     1
 90
        0
176
     1
 62
     7
176
     1
 62
   257
176
     1
 90
        1
176
     1
 90
        1
176
     1
 40
1.0
176
     1
 90
        8
176
     1
 62
     7
176
     1
 40
1.0
176
     1
 90
        1
176
     1
 90
        6
176
     1
 90
        2
176
     1
 62
     7
176
     1
 90
        5
176
     1
 90
        0
176
     1
 90
        0
176
     1
290
     0
176
     1
 90
       13
176
     1
 40
0.0
176
     1
 90
        0
176
     1
290
     0
176
     1
290
     1
176
     1
290
     1
176
     1
290
     0
176
     1
290
     0
176
     1
290
     0
176
     1
290
     0
176
     1
290
     0
176
     1
290
     0
176
     1
 90
       50
176
     1
 40
0.0
176
     1
 40
1.0
176
     1
 90
        0
176
     1
 62
    18
420
        0
176
     1
 90
       50
176
     1
 90
        3
176
     1
 62
     5
420
      255
176
     1
290
     0
176
     1
 90
       50
176
     1
 90
       50
176
     1
 90
       50
176
     1
290
     0
176
     1
 90
       50
176
     1
 62
   256
176
     0
 40
1.0
176
     0
 90
        2
176
     1
  1
strokes_ogs.tif
176
     1
290
     0
176
     1
 40
1.0
176
     1
 40
1.0
176
     1
  0
VISUALSTYLE
  5
168
102
{ACAD_REACTORS
330
166
102
}
330
166
100
AcDbVisualStyle
  2
FlatWithEdges
 70
     1
177
     3
291
     1
 70
    58
 90
        2
176
     1
 90
        1
176
     1
 90
        1
176
     1
 90
        2
176
     1
 40
0.6
176
     1
 40
30.0
176
     1
 62
     7
420
 16777215
176
     1
 90
        1
176
     1
 90
        0
176
     1
 62
     7
176
     1
 62
   257
176
     1
 90
        1
176
     1
 90
        1
176
     1
 40
1.0
176
     1
 90
        0
176
     1
 62
   257
176
     1
 40
1.0
176
     1
 90
        1
176
     1
 90
        6
176
     1
 90
        2
176
     1
 62
     7
176
     1
 90
        5
176
     1
 90
        0
176
     1
 90
        0
176
     1
290
     0
176
     1
 90
       13
176
     1
 40
0.0
176
     1
 90
        0
176
     1
290
     0
176
     1
290
     1
176
     1
290
     1
176
     1
290
     0
176
     1
290
     0
176
     1
290
     0
176
     1
290
     0
176
     1
290
     0
176
     1
290
     0
176
     1
 90
       50
176
     1
 40
0.0
176
     1
 40
1.0
176
     1
 90
        0
176
     1
 62
    18
420
        0
176
     1
 90
       50
176
     1
 90
        3
176
     1
 62
     5
420
      255
176
     1
290
     0
176
     1
 90
       50
176
     1
 90
       50
176
     1
 90
       50
176
     1
290
     0
176
     1
 90
       50
176
     1
 62
   256
176
     0
 40
1.0
176
     0
 90
        2
176
     1
  1
strokes_ogs.tif
176
     1
290
     0
176
     1
 40
1.0
176
     1
 40
1.0
176
     1
  0
VISUALSTYLE
  5
169
102
{ACAD_REACTORS
330
166
102
}
330
166
100
AcDbVisualStyle
  2
Gouraud
 70
     2
177
     3
291
     1
 70
    58
 90
        2
176
     1
 90
        2
176
     1
 90
        1
176
     1
 90
        2
176
     1
 40
0.6
176
     1
 40
30.0
176
     1
 62
     7
420
 16777215
176
     1
 90
        0
176
     1
 90
        0
176
     1
 62
     7
176
     1
 62
   257
176
     1
 90
        1
176
     1
 90
        1
176
     1
 40
1.0
176
     1
 90
        0
176
     1
 62
     7
176
     1
 40
1.0
176
     1
 90
        1
176
     1
 90
        6
176
     1
 90
        2
176
     1
 62
     7
176
     1
 90
        5
176
     1
 90
        0
176
     1
 90
        0
176
     1
290
     0
176
     1
 90
       13
176
     1
 40
0.0
176
     1
 90
        0
176
     1
290
     0
176
     1
290
     1
176
     1
290
     1
176
     1
290
     0
176
     1
290
     0
176
     1
290
     0
176
     1
290
     0
176
     1
290
     0
176
     1
290
     0
176
     1
 90
       50
176
     1
 40
0.0
176
     1
 40
1.0
176
     1
 90
        0
176
     1
 62
    18
420
        0
176
     1
 90
       50
176
     1
 90
        3
176
     1
 62
     5
420
      255
176
     1
290
     0
176
     1
 90
       50
176
     1
 90
       50
176
     1
 90
       50
176
     1
290
     0
176
     1
 90
       50
176
     1
 62
   256
176
     0
 40
1.0
176
     0
 90
        2
176
     1
  1
strokes_ogs.tif
176
     1
290
     0
176
     1
 40
1.0
176
     1
 40
1.0
176
     1
  0
VISUALSTYLE
  5
16A
102
{ACAD_REACTORS
330
166
102
}
330
166
100
AcDbVisualStyle
  2
GouraudWithEdges
 70
     3
177
     3
291
     1
 70
    58
 90
        2
176
     1
 90
        2
176
     1
 90
        1
176
     1
 90
        2
176
     1
 40
0.6
176
     1
 40
30.0
176
     1
 62
     7
420
 16777215
176
     1
 90
        1
176
     1
 90
        0
176
     1
 62
     7
176
     1
 62
   257
176
     1
 90
        1
176
     1
 90
        1
176
     1
 40
1.0
176
     1
 90
        0
176
     1
 62
   257
176
     1
 40
1.0
176
     1
 90
        1
176
     1
 90
        6
176
     1
 90
        2
176
     1
 62
     7
176
     1
 90
        5
176
     1
 90
        0
176
     1
 90
        0
176
     1
290
     0
176
     1
 90
       13
176
     1
 40
0.0
176
     1
 90
        0
176
     1
290
     0
176
     1
290
     1
176
     1
290
     1
176
     1
290
     0
176
     1
290
     0
176
     1
290
     0
176
     1
290
     0
176
     1
290
     0
176
     1
290
     0
176
     1
 90
       50
176
     1
 40
0.0
176
     1
 40
1.0
176
     1
 90
        0
176
     1
 62
    18
420
        0
176
     1
 90
       50
176
     1
 90
        3
176
     1
 62
     5
420
      255
176
     1
290
     0
176
     1
 90
       50
176
     1
 90
       50
176
     1
 90
       50
176
     1
290
     0
176
     1
 90
       50
176
     1
 62
   256
176
     0
 40
1.0
176
     0
 90
        2
176
     1
  1
strokes_ogs.tif
176
     1
290
     0
176
     1
 40
1.0
176
     1
 40
1.0
176
     1
  0
VISUALSTYLE
  5
16E
102
{ACAD_REACTORS
330
166
102
}
330
166
100
AcDbVisualStyle
  2
Hidden
 70
     6
177
     3
291
     0
 70
    58
 90
        1
176
     1
 90
        2
176
     1
 90
        2
176
     1
 90
        0
176
     1
 40
0.6
176
     1
 40
30.0
176
     1
 62
     7
420
 16777215
176
     1
 90
        2
176
     1
 90
        2
176
     1
 62
     7
176
     1
 62
   257
176
     1
 90
        2
176
     1
 90
        1
176
     1
 40
40.0
176
     1
 90
        0
176
     1
 62
   257
176
     1
 40
1.0
176
     1
 90
        1
176
     1
 90
        6
176
     1
 90
        2
176
     1
 62
     7
176
     1
 90
        3
176
     1
 90
        0
176
     1
 90
        0
176
     1
290
     0
176
     1
 90
        1
176
     1
 40
0.0
176
     1
 90
        0
176
     1
290
     0
176
     1
290
     1
176
     1
290
     1
176
     1
290
     0
176
     1
290
     0
176
     1
290
     0
176
     1
290
     0
176
     1
290
     0
176
     1
290
     0
176
     1
 90
       50
176
     1
 40
0.0
176
     1
 40
1.0
176
     1
 90
        0
176
     1
 62
    18
420
        0
176
     1
 90
       50
176
     1
 90
        3
176
     1
 62
     5
420
      255
176
     1
290
     0
176
     1
 90
       50
176
     1
 90
       50
176
     1
 90
       50
176
     1
290
     0
176
     1
 90
       50
176
     1
 62
   256
176
     0
 40
1.0
176
     0
 90
        2
176
     1
  1
strokes_ogs.tif
176
     1
290
     0
176
     1
 40
1.0
176
     1
 40
1.0
176
     1
  0
VISUALSTYLE
  5
17C
102
{ACAD_REACTORS
330
166
102
}
330
166
100
AcDbVisualStyle
  2
JitterOff
 70
    20
177
     3
291
     1
 70
    58
 90
        2
176
     0
 90
        2
176
     0
 90
        0
176
     0
 90
        0
176
     0
 40
0.6
176
     0
 40
30.0
176
     0
 62
     7
420
 16777215
176
     0
 90
        1
176
     0
 90
        4
176
     0
 62
     7
176
     0
 62
   257
176
     0
 90
        1
176
     0
 90
        1
176
     0
 40
1.0
176
     0
 90
       10
176
     2
 62
     7
176
     0
 40
1.0
176
     0
 90
        1
176
     0
 90
        6
176
     0
 90
        2
176
     0
 62
     7
176
     0
 90
        5
176
     0
 90
        0
176
     0
 90
        0
176
     0
290
     0
176
     0
 90
        1
176
     0
 40
0.0
176
     0
 90
        0
176
     0
290
     0
176
     0
290
     1
176
     0
290
     1
176
     0
290
     0
176
     0
290
     0
176
     0
290
     0
176
     0
290
     0
176
     0
290
     0
176
     0
290
     0
176
     0
 90
       50
176
     0
 40
0.0
176
     0
 40
1.0
176
     0
 90
        0
176
     0
 62
    18
420
        0
176
     0
 90
       50
176
     0
 90
        3
176
     0
 62
     5
420
      255
176
     0
290
     0
176
     0
 90
       50
176
     0
 90
       50
176
     0
 90
       50
176
     0
290
     0
176
     0
 90
       50
176
     0
 62
   256
176
     0
 40
1.0
176
     0
 90
        2
176
     0
  1
strokes_ogs.tif
176
     0
290
     0
176
     0
 40
1.0
176
     0
 40
1.0
176
     0
  0
VISUALSTYLE
  5
174
102
{ACAD_REACTORS
330
166
102
}
330
166
100
AcDbVisualStyle
  2
Linepattern
 70
    14
177
     3
291
     1
 70
    58
 90
        2
176
     1
 90
        2
176
     1
 90
        0
176
     1
 90
        0
176
     1
 40
0.6
176
     1
 40
30.0
176
     1
 62
     7
420
 16777215
176
     1
 90
        1
176
     1
 90
        4
176
     1
 62
     7
176
     1
 62
   257
176
     1
 90
        7
176
     1
 90
        7
176
     1
 40
1.0
176
     1
 90
        8
176
     1
 62
     7
176
     1
 40
1.0
176
     1
 90
        1
176
     1
 90
        6
176
     1
 90
        2
176
     1
 62
     7
176
     1
 90
        5
176
     1
 90
        0
176
     1
 90
        0
176
     1
290
     0
176
     1
 90
        1
176
     1
 40
0.0
176
     1
 90
        0
176
     1
290
     0
176
     1
290
     1
176
     1
290
     1
176
     1
290
     0
176
     1
290
     0
176
     1
290
     0
176
     1
290
     0
176
     1
290
     0
176
     1
290
     0
176
     1
 90
       50
176
     1
 40
0.0
176
     1
 40
1.0
176
     1
 90
        0
176
     1
 62
    18
420
        0
176
     1
 90
       50
176
     1
 90
        3
176
     1
 62
     5
420
      255
176
     1
290
     0
176
     1
 90
       50
176
     1
 90
       50
176
     1
 90
       50
176
     1
290
     0
176
     1
 90
       50
176
     1
 62
   256
176
     0
 40
1.0
176
     0
 90
        2
176
     1
  1
strokes_ogs.tif
176
     1
290
     0
176
     1
 40
1.0
176
     1
 40
1.0
176
     1
  0
VISUALSTYLE
  5
17D
102
{ACAD_REACTORS
330
166
102
}
330
166
100
AcDbVisualStyle
  2
OverhangOff
 70
    21
177
     3
291
     1
 70
    58
 90
        2
176
     0
 90
        2
176
     0
 90
        0
176
     0
 90
        0
176
     0
 40
0.6
176
     0
 40
30.0
176
     0
 62
     7
420
 16777215
176
     0
 90
        1
176
     0
 90
        4
176
     0
 62
     7
176
     0
 62
   257
176
     0
 90
        1
176
     0
 90
        1
176
     0
 40
1.0
176
     0
 90
        9
176
     2
 62
     7
176
     0
 40
1.0
176
     0
 90
        1
176
     0
 90
        6
176
     0
 90
        2
176
     0
 62
     7
176
     0
 90
        5
176
     0
 90
        0
176
     0
 90
        0
176
     0
290
     0
176
     0
 90
        1
176
     0
 40
0.0
176
     0
 90
        0
176
     0
290
     0
176
     0
290
     1
176
     0
290
     1
176
     0
290
     0
176
     0
290
     0
176
     0
290
     0
176
     0
290
     0
176
     0
290
     0
176
     0
290
     0
176
     0
 90
       50
176
     0
 40
0.0
176
     0
 40
1.0
176
     0
 90
        0
176
     0
 62
    18
420
        0
176
     0
 90
       50
176
     0
 90
        3
176
     0
 62
     5
420
      255
176
     0
290
     0
176
     0
 90
       50
176
     0
 90
       50
176
     0
 90
       50
176
     0
290
     0
176
     0
 90
       50
176
     0
 62
   256
176
     0
 40
1.0
176
     0
 90
        2
176
     0
  1
strokes_ogs.tif
176
     0
290
     0
176
     0
 40
1.0
176
     0
 40
1.0
176
     0
  0
VISUALSTYLE
  5
170
102
{ACAD_REACTORS
330
166
102
}
330
166
100
AcDbVisualStyle
  2
Realistic
 70
     8
177
     3
291
     0
 70
    58
 90
        2
176
     1
 90
        3
176
     1
 90
        0
176
     1
 90
        2
176
     1
 40
0.6
176
     1
 40
30.0
176
     1
 62
     7
420
 16777215
176
     1
 90
        0
176
     1
 90
        0
176
     1
 62
     7
176
     1
 62
   257
176
     1
 90
        1
176
     1
 90
        1
176
     1
 40
1.0
176
     1
 90
        8
176
     1
 62
   257
176
     1
 40
1.0
176
     1
 90
        1
176
     1
 90
        6
176
     1
 90
        2
176
     1
 62
     7
176
     1
 90
        3
176
     1
 90
        0
176
     1
 90
        0
176
     1
290
     0
176
     1
 90
       13
176
     1
 40
0.0
176
     1
 90
        0
176
     1
290
     0
176
     1
290
     1
176
     1
290
     1
176
     1
290
     0
176
     1
290
     0
176
     1
290
     0
176
     1
290
     0
176
     1
290
     0
176
     1
290
     0
176
     1
 90
       50
176
     1
 40
0.0
176
     1
 40
1.0
176
     1
 90
        0
176
     1
 62
    18
420
        0
176
     1
 90
       50
176
     1
 90
        3
176
     1
 62
     5
420
      255
176
     1
290
     0
176
     1
 90
       50
176
     1
 90
       50
176
     1
 90
       50
176
     1
290
     0
176
     1
 90
       50
176
     1
 62
   256
176
     0
 40
1.0
176
     0
 90
        2
176
     1
  1
strokes_ogs.tif
176
     1
290
     0
176
     1
 40
1.0
176
     1
 40
1.0
176
     1
  0
VISUALSTYLE
  5
17B
102
{ACAD_REACTORS
330
166
102
}
330
166
100
AcDbVisualStyle
  2
Shaded
 70
    27
177
     3
291
     0
 70
    58
 90
        2
176
     1
 90
        2
176
     1
 90
        1
176
     1
 90
        2
176
     1
 40
0.6
176
     1
 40
30.0
176
     1
 62
     7
420
 16777215
176
     1
 90
        0
176
     1
 90
        4
176
     1
 62
     7
176
     1
 62
   257
176
     1
 90
        1
176
     1
 90
        1
176
     1
 40
1.0
176
     1
 90
        8
176
     1
 62
   257
176
     1
 40
1.0
176
     1
 90
        1
176
     1
 90
        6
176
     1
 90
        2
176
     1
 62
     8
420
  7895160
176
     1
 90
        3
176
     1
 90
        0
176
     1
 90
        0
176
     1
290
     0
176
     1
 90
        5
176
     1
 40
0.0
176
     1
 90
        0
176
     1
290
     0
176
     1
290
     1
176
     1
290
     1
176
     1
290
     0
176
     1
290
     0
176
     1
290
     0
176
     1
290
     0
176
     1
290
     0
176
     1
290
     0
176
     1
 90
       50
176
     1
 40
0.0
176
     1
 40
1.0
176
     1
 90
        0
176
     1
 62
    18
420
        0
176
     1
 90
       50
176
     1
 90
        3
176
     1
 62
     5
420
      255
176
     1
290
     0
176
     1
 90
       50
176
     1
 90
       50
176
     1
 90
       50
176
     1
290
     0
176
     1
 90
       50
176
     1
 62
   256
176
     0
 40
1.0
176
     0
 90
        2
176
     1
  1
strokes_ogs.tif
176
     1
290
     0
176
     1
 40
1.0
176
     1
 40
1.0
176
     1
  0
VISUALSTYLE
  5
17A
102
{ACAD_REACTORS
330
166
102
}
330
166
100
AcDbVisualStyle
  2
Shaded with edges
 70
    26
177
     3
291
     0
 70
    58
 90
        2
176
     1
 90
        2
176
     1
 90
        1
176
     1
 90
        2
176
     1
 40
0.6
176
     1
 40
30.0
176
     1
 62
     7
420
 16777215
176
     1
 90
        1
176
     1
 90
        2
176
     1
 62
     7
176
     1
 62
   257
176
     1
 90
        2
176
     1
 90
        1
176
     1
 40
1.0
176
     1
 90
        8
176
     1
 62
   257
176
     1
 40
1.0
176
     1
 90
        1
176
     1
 90
        6
176
     1
 90
        2
176
     1
 62
     7
176
     1
 90
        3
176
     1
 90
        0
176
     1
 90
        0
176
     1
290
     0
176
     1
 90
        5
176
     1
 40
0.0
176
     1
 90
        0
176
     1
290
     0
176
     1
290
     1
176
     1
290
     1
176
     1
290
     0
176
     1
290
     0
176
     1
290
     0
176
     1
290
     0
176
     1
290
     0
176
     1
290
     0
176
     1
 90
       50
176
     1
 40
0.0
176
     1
 40
1.0
176
     1
 90
        0
176
     1
 62
    18
420
        0
176
     1
 90
       50
176
     1
 90
        3
176
     1
 62
     5
420
      255
176
     1
290
     0
176
     1
 90
       50
176
     1
 90
       50
176
     1
 90
       50
176
     1
290
     0
176
     1
 90
       50
176
     1
 62
   256
176
     0
 40
1.0
176
     0
 90
        2
176
     1
  1
strokes_ogs.tif
176
     1
290
     0
176
     1
 40
1.0
176
     1
 40
1.0
176
     1
  0
VISUALSTYLE
  5
177
102
{ACAD_REACTORS
330
166
102
}
330
166
100
AcDbVisualStyle
  2
Shades of Gray
 70
    23
177
     3
291
     0
 70
    58
 90
        2
176
     1
 90
        2
176
     1
 90
        3
176
     1
 90
        0
176
     1
 40
0.6
176
     1
 40
30.0
176
     1
 62
     7
420
 16777215
176
     1
 90
        2
176
     1
 90
        2
176
     1
 62
     7
176
     1
 62
     7
176
     1
 90
        1
176
     1
 90
        1
176
     1
 40
40.0
176
     1
 90
        8
176
     1
 62
     7
176
     1
 40
1.0
176
     1
 90
        1
176
     1
 90
        6
176
     1
 90
        2
176
     1
 62
     7
176
     1
 90
        3
176
     1
 90
        0
176
     1
 90
        0
176
     1
290
     0
176
     1
 90
        1
176
     1
 40
0.0
176
     1
 90
        0
176
     1
290
     0
176
     1
290
     1
176
     1
290
     1
176
     1
290
     0
176
     1
290
     0
176
     1
290
     0
176
     1
290
     0
176
     1
290
     0
176
     1
290
     0
176
     1
 90
       50
176
     1
 40
0.0
176
     1
 40
1.0
176
     1
 90
        0
176
     1
 62
    18
420
        0
176
     1
 90
       50
176
     1
 90
        3
176
     1
 62
     5
420
      255
176
     1
290
     0
176
     1
 90
       50
176
     1
 90
       50
176
     1
 90
       50
176
     1
290
     0
176
     1
 90
       50
176
     1
 62
   256
176
     0
 40
1.0
176
     0
 90
        2
176
     1
  1
strokes_ogs.tif
176
     1
290
     0
176
     1
 40
1.0
176
     1
 40
1.0
176
     1
  0
VISUALSTYLE
  5
178
102
{ACAD_REACTORS
330
166
102
}
330
166
100
AcDbVisualStyle
  2
Sketchy
 70
    24
177
     3
291
     0
 70
    58
 90
        1
176
     1
 90
        2
176
     1
 90
        2
176
     1
 90
        0
176
     1
 40
0.6
176
     1
 40
30.0
176
     1
 62
     7
420
 16777215
176
     1
 90
        2
176
     1
 90
        2
176
     1
 62
     7
176
     1
 62
     7
176
     1
 90
        1
176
     1
 90
        1
176
     1
 40
40.0
176
     1
 90
       11
176
     1
 62
     7
176
     1
 40
1.0
176
     1
 90
        1
176
     1
 90
        6
176
     1
 90
        2
176
     1
 62
     7
176
     1
 90
        6
176
     1
 90
        0
176
     1
 90
        0
176
     1
290
     0
176
     1
 90
        1
176
     1
 40
0.0
176
     1
 90
        0
176
     1
290
     0
176
     1
290
     1
176
     1
290
     1
176
     1
290
     0
176
     1
290
     0
176
     1
290
     0
176
     1
290
     0
176
     1
290
     0
176
     1
290
     0
176
     1
 90
       50
176
     1
 40
0.0
176
     1
 40
1.0
176
     1
 90
        0
176
     1
 62
    18
420
        0
176
     1
 90
       50
176
     1
 90
        3
176
     1
 62
     5
420
      255
176
     1
290
     0
176
     1
 90
       50
176
     1
 90
       50
176
     1
 90
       50
176
     1
290
     0
176
     1
 90
       50
176
     1
 62
   256
176
     0
 40
1.0
176
     0
 90
        2
176
     1
  1
strokes_ogs.tif
176
     1
290
     0
176
     1
 40
1.0
176
     1
 40
1.0
176
     1
  0
VISUALSTYLE
  5
173
102
{ACAD_REACTORS
330
166
102
}
330
166
100
AcDbVisualStyle
  2
Thicken
 70
    13
177
     3
291
     1
 70
    58
 90
        2
176
     1
 90
        2
176
     1
 90
        0
176
     1
 90
        0
176
     1
 40
0.6
176
     1
 40
30.0
176
     1
 62
     7
420
 16777215
176
     1
 90
        1
176
     1
 90
        4
176
     1
 62
     7
176
     1
 62
   257
176
     1
 90
        1
176
     1
 90
        1
176
     1
 40
1.0
176
     1
 90
       12
176
     1
 62
     7
176
     1
 40
1.0
176
     1
 90
        1
176
     1
 90
        6
176
     1
 90
        2
176
     1
 62
     7
176
     1
 90
        5
176
     1
 90
        0
176
     1
 90
        0
176
     1
290
     0
176
     1
 90
        1
176
     1
 40
0.0
176
     1
 90
        0
176
     1
290
     0
176
     1
290
     1
176
     1
290
     1
176
     1
290
     0
176
     1
290
     0
176
     1
290
     0
176
     1
290
     0
176
     1
290
     0
176
     1
290
     0
176
     1
 90
       50
176
     1
 40
0.0
176
     1
 40
1.0
176
     1
 90
        0
176
     1
 62
    18
420
        0
176
     1
 90
       50
176
     1
 90
        3
176
     1
 62
     5
420
      255
176
     1
290
     0
176
     1
 90
       50
176
     1
 90
       50
176
     1
 90
       50
176
     1
290
     0
176
     1
 90
       50
176
     1
 62
   256
176
     0
 40
1.0
176
     0
 90
        2
176
     1
  1
strokes_ogs.tif
176
     1
290
     0
176
     1
 40
1.0
176
     1
 40
1.0
176
     1
  0
VISUALSTYLE
  5
16D
102
{ACAD_REACTORS
330
166
102
}
330
166
100
AcDbVisualStyle
  2
Wireframe
 70
     5
177
     3
291
     0
 70
    58
 90
        0
176
     1
 90
        2
176
     1
 90
        0
176
     1
 90
        0
176
     1
 40
0.6
176
     1
 40
30.0
176
     1
 62
     7
420
 16777215
176
     1
 90
        1
176
     1
 90
        4
176
     1
 62
     7
176
     1
 62
   257
176
     1
 90
        1
176
     1
 90
        1
176
     1
 40
1.0
176
     1
 90
        0
176
     1
 62
   257
176
     1
 40
1.0
176
     1
 90
        1
176
     1
 90
        6
176
     1
 90
        2
176
     1
 62
     7
176
     1
 90
        3
176
     1
 90
        0
176
     1
 90
        0
176
     1
290
     0
176
     1
 90
        1
176
     1
 40
0.0
176
     1
 90
        0
176
     1
290
     0
176
     1
290
     1
176
     1
290
     1
176
     1
290
     0
176
     1
290
     0
176
     1
290
     0
176
     1
290
     0
176
     1
290
     0
176
     1
290
     0
176
     1
 90
       50
176
     1
 40
0.0
176
     1
 40
1.0
176
     1
 90
        0
176
     1
 62
    18
420
        0
176
     1
 90
       50
176
     1
 90
        3
176
     1
 62
     5
420
      255
176
     1
290
     0
176
     1
 90
       50
176
     1
 90
       50
176
     1
 90
       50
176
     1
290
     0
176
     1
 90
       50
176
     1
 62
   256
176
     0
 40
1.0
176
     0
 90
        2
176
     1
  1
strokes_ogs.tif
176
     1
290
     0
176
     1
 40
1.0
176
     1
 40
1.0
176
     1
  0
VISUALSTYLE
  5
179
102
{ACAD_REACTORS
330
166
102
}
330
166
100
AcDbVisualStyle
  2
X-Ray
 70
    25
177
     3
291
     0
 70
    58
 90
        2
176
     1
 90
        2
176
     1
 90
        1
176
     1
 90
        1
176
     1
 40
0.5
176
     1
 40
30.0
176
     1
 62
     7
420
 16777215
176
     1
 90
        1
176
     1
 90
        0
176
     1
 62
     7
176
     1
 62
   257
176
     1
 90
        1
176
     1
 90
        1
176
     1
 40
1.0
176
     1
 90
        8
176
     1
 62
     7
176
     1
 40
1.0
176
     1
 90
        1
176
     1
 90
        6
176
     1
 90
        2
176
     1
 62
     7
176
     1
 90
        3
176
     1
 90
        0
176
     1
 90
        0
176
     1
290
     0
176
     1
 90
       13
176
     1
 40
0.0
176
     1
 90
        0
176
     1
290
     0
176
     1
290
     1
176
     1
290
     1
176
     1
290
     0
176
     1
290
     0
176
     1
290
     0
176
     1
290
     0
176
     1
290
     0
176
     1
290
     0
176
     1
 90
       50
176
     1
 40
0.0
176
     1
 40
1.0
176
     1
 90
        0
176
     1
 62
    18
420
        0
176
     1
 90
       50
176
     1
 90
        3
176
     1
 62
     5
420
      255
176
     1
290
     0
176
     1
 90
       50
176
     1
 90
       50
176
     1
 90
       50
176
     1
290
     0
176
     1
 90
       50
176
     1
 62
   256
176
     0
 40
1.0
176
     0
 90
        2
176
     1
  1
strokes_ogs.tif
176
     1
290
     0
176
     1
 40
1.0
176
     1
 40
1.0
176
     1
  0
DICTIONARYVAR
  5
25C
102
{ACAD_REACTORS
330
18E
102
}
330
18E
100
DictionaryVariables
280
     0
  1
1:1
  0
DICTIONARYVAR
  5
258
102
{ACAD_REACTORS
330
18E
102
}
330
18E
100
DictionaryVariables
280
     0
  1
STANDARD
  0
DICTIONARYVAR
  5
257
102
{ACAD_REACTORS
330
18E
102
}
330
18E
100
DictionaryVariables
280
     0
  1
STANDARD
  0
DICTIONARYVAR
  5
259
102
{ACAD_REACTORS
330
18E
102
}
330
18E
100
DictionaryVariables
280
     0
  1
Metric50
  0
DICTIONARYVAR
  5
25A
102
{ACAD_REACTORS
330
18E
102
}
330
18E
100
DictionaryVariables
280
     0
  1
Metric50
  0
DICTIONARYVAR
  5
25E
102
{ACAD_REACTORS
330
18E
102
}
330
18E
100
DictionaryVariables
280
     0
  1
1
  0
DICTIONARYVAR
  5
25F
102
{ACAD_REACTORS
330
18E
102
}
330
18E
100
DictionaryVariables
280
     0
  1
15
  0
DICTIONARYVAR
  5
25D
102
{ACAD_REACTORS
330
18E
102
}
330
18E
100
DictionaryVariables
280
     0
  1
0
  0
DICTIONARYVAR
  5
25B
102
{ACAD_REACTORS
330
18E
102
}
330
18E
100
DictionaryVariables
280
     0
  1
0
  0
DICTIONARY
  5
157
330
156
100
AcDbDictionary
280
     1
281
     1
  3
BUMPTILE
360
159
  3
DIFFUSETILE
360
158
  3
OPACITYTILE
360
15C
  3
REFLECTIONTILE
360
15B
  3
REFRACTIONTILE
360
15D
  3
SPECULARTILE
360
15A
  0
DICTIONARY
  5
14F
330
14E
100
AcDbDictionary
280
     1
281
     1
  3
BUMPTILE
360
151
  3
DIFFUSETILE
360
150
  3
OPACITYTILE
360
154
  3
REFLECTIONTILE
360
153
  3
REFRACTIONTILE
360
155
  3
SPECULARTILE
360
152
  0
DICTIONARY
  5
15F
330
15E
100
AcDbDictionary
280
     1
281
     1
  3
BUMPTILE
360
161
  3
DIFFUSETILE
360
160
  3
FBXASSET
360
304
  3
OPACITYTILE
360
164
  3
REFLECTIONTILE
360
163
  3
REFRACTIONTILE
360
165
  3
SPECULARTILE
360
162
  0
DICTIONARY
  5
383
330
181
100
AcDbDictionary
280
     1
281
     1
  3
ACAD_ROUNDTRIP_2008_TABLESTYLE_CELLSTYLEMAP
360
384
  0
XRECORD
  5
159
102
{ACAD_REACTORS
330
157
102
}
330
157
100
AcDbXrecord
280
     1
270
     1
271
     1
  0
XRECORD
  5
158
102
{ACAD_REACTORS
330
157
102
}
330
157
100
AcDbXrecord
280
     1
270
     1
271
     1
  0
XRECORD
  5
15C
102
{ACAD_REACTORS
330
157
102
}
330
157
100
AcDbXrecord
280
     1
270
     1
271
     1
  0
XRECORD
  5
15B
102
{ACAD_REACTORS
330
157
102
}
330
157
100
AcDbXrecord
280
     1
270
     1
271
     1
  0
XRECORD
  5
15D
102
{ACAD_REACTORS
330
157
102
}
330
157
100
AcDbXrecord
280
     1
270
     1
271
     1
  0
XRECORD
  5
15A
102
{ACAD_REACTORS
330
157
102
}
330
157
100
AcDbXrecord
280
     1
270
     1
271
     1
  0
XRECORD
  5
151
102
{ACAD_REACTORS
330
14F
102
}
330
14F
100
AcDbXrecord
280
     1
270
     1
271
     1
  0
XRECORD
  5
150
102
{ACAD_REACTORS
330
14F
102
}
330
14F
100
AcDbXrecord
280
     1
270
     1
271
     1
  0
XRECORD
  5
154
102
{ACAD_REACTORS
330
14F
102
}
330
14F
100
AcDbXrecord
280
     1
270
     1
271
     1
  0
XRECORD
  5
153
102
{ACAD_REACTORS
330
14F
102
}
330
14F
100
AcDbXrecord
280
     1
270
     1
271
     1
  0
XRECORD
  5
155
102
{ACAD_REACTORS
330
14F
102
}
330
14F
100
AcDbXrecord
280
     1
270
     1
271
     1
  0
XRECORD
  5
152
102
{ACAD_REACTORS
330
14F
102
}
330
14F
100
AcDbXrecord
280
     1
270
     1
271
     1
  0
XRECORD
  5
161
102
{ACAD_REACTORS
330
15F
102
}
330
15F
100
AcDbXrecord
280
     1
270
     1
271
     1
  0
XRECORD
  5
160
102
{ACAD_REACTORS
330
15F
102
}
330
15F
100
AcDbXrecord
280
     1
270
     1
271
     1
  0
XRECORD
  5
304
102
{ACAD_REACTORS
330
15F
102
}
330
15F
100
AcDbXrecord
280
     1
 70
     1
 90
-1506045146
 71
     1
  1
E6839057-72BB-4504-879D-B4F0F13CFFCB
311
504B0304140006080800C249975C44687EA022010000A80100004F00000031423636453630352D344545432D344430302D423230322D4634374643423645324139362F4173736574446174612F446566696E6974696F6E4974657261746F7250726F706572746965732E62696E6D513B4EC43010351420242890380005AD89
311
D7717E4808C5894D45030740DEE0DD44F226D13A11A2DB924351506CB907E000DC03C6C29B0A4BCFF334F366E6C97E4708FDF803141D0036709F41BCD7AD5E37D55355EB9542472E63BAB93257C0442EC29CA6050E454A312354E254160C47996425634926797E08BA6340A9176A34831BF9D0D84A1BA35ADD8DF61C127EC7
311
E54A0DB04B996BD77482900B1B00DA17AC9BB4FC73E44CBE02D44B7F73A7ACD5C36D30E3712C621261264481594908E694502C59220B1E0B9A6771F0A86D37AE2B6D0311A76146A204279473CC22C2709A6425E64C12390B0B094DC1508FEE692E9C8D79AB1A1390C05B78EEDB25A4A773EAD9E7C7769782F99D8F93C093BD
311
EECBD7BFFFD12D86B7BED64D05ABA7BFF905504B0304140006080800C249975C3F44BA601F010000300200004500000031423636453630352D344545432D344430302D423230322D4634374643423645324139362F4173736574446174612F496E7374616E636550726F706572746965732E62696E75513B4EC340101D3E52
311
1A4872039A1450AC647BD7765CD9ACEDE50069D358B6A550902242A28C4B3ACE431771060EC011DC205144246FFDC12BA18C349E37EFCDDBF5EEBE12D1A10B403A4356F85EA33E94EB72F3982FF255F994CD40A4DE9C0796EB33DF919209D7126CEE0709934259CAE6B152B11C0D466DE1B64852C70D982B0467C2736C2695
311
4C98ED732BF6E238B84F038C35FBD2DDF2EDE3FBF633443D075721FBBEA9E81175A8C5D641348D68AADB3666518F4ED43AEC843F706210DB10F6B9805C0D23BDEBAB5BE66A900CA4EF73507A8F31D0C1E23DFA4F9A4CFB0F9AD14B0A5332701D5EA2D32F37462E5EB2E77CC5E4265B1765A19536EA4953AB2D0E84A4EA80AB
311
BCA13D7CBFFA9488DDB6612118A17D3B50FB11FD4CE808504B0304140006080800C249975CB5A795FFE3790000DE7900006B00000031423636453630352D344545432D344430302D423230322D4634374643423645324139362F5265736F75726365732F45363833393035372D373242422D343530342D383739442D423446
311
3046313343464643422F7468756D626E61696C2F302F67656E657269635F706E6701DE79218689504E470D0A1A0A0000000D49484452000001000000010008030000006BAC58540000000467414D410000B18F0BFC6105000000017352474200AECE1CE900000192504C5445818181B3B3B35A5A5A4848486060605C5C5C64
311
64648383835E5E5E6262624E4E4EAFAFAF4A4A4AB5B5B54C4C4CB1B1B1858585B7B7B7585858ADADAD7C7C7C464646787878ABABAB747474A7A7A7686868707070B9B9B96E6E6E6A6A6A8B8B8B666666545454565656A5A5A5505050A1A1A1BBBBBB8F8F8F9F9F9F4242425252527676764040403E3E3E9B9B9B7A7A7A8989
311
897E7E7E9393939797974444448787873C3C3C727272BDBDBD3A3A3A6C6C6CA9A9A9A3A3A32020209D9D9DBFBFBF8D8D8D9595959191912626269999992222222424241E1E1EC1C1C1282828C3C3C32C2C2C2A2A2A2E2E2E303030C5C5C53232321C1C1C363636383838343434C7C7C71A1A1A0E0E0E121212484A484C4E4C
311
1616160A0A0A4A4C4A787A781414147C7E7C9193915E605E464846838583878987B1B3B18587856668665A5C5A626462818381A7A7A5A3A3A1B1B1AFADAFAD7072705C5E5C9D9D9BABADAB7E817EB7B9B7585A58BBBDBB4C4C4A8D8F8D747674B5B5B3B7B7B59FA19F606260ABABA9A5A5A39B9B99A9A9A78F8F8D6C6C6AC7
311
C7C5451AD12700002000494441547801DCBD89771BD7B5A70B8EE04C702641712605CE034890E220088028C93245451215B713AF388E7DFD9EEDB8DDCE6ABFF4B57D97137BE50FEFEFDBA74049B6AEED74869B7E87404D2814EBB7F76F0F67A8835CEEBFA0E42B854AA5B2BB5B6BCC951A8D52A93657A914FE0BEEE39FFE2F
311
F395B9B9C6CAD2D4C4606F4B7FFF8D1B37EEDCB97587F7CD9B4343BD134BABE7DB48E3FFA7A228ECD6F6574E4786C0FC8B5FFCE2CD5FFCE297BF7CF3CD5FFC92B52FFE58BFF9E69B776E0EF5F79E55CBBBF9FC3F5D3DFFB07F5898ABAF7CDA3B74E74EC0CE20230561BF096E97E05712BFFCC59BC80539DCE83DDD6E54FE61
311
B7747DE17FB8980BBBFB2BBD4337DF487881AAE6C5ACC6AF25207877B2B527BFF1CB3B77FA47561ABBD7F7FA7FE146A5B6BD74E3164C7F51449AE95DB412200EC539418717E7F2F11B376FF62E95FEAF1442BED0581DBCA1BD2780D23F506AFA16E1A7AD974EF17876F00DD7BCB187A1A97AE51FCED5BF2BC1F2BBE5B3C19B
311
E27B43CF26DE00933658FE129B109C2FFF922CC22C4260FA01BEFB462A77DEBC35F42F600C3F5B0795D2E9E02DAD5E650B4438A92801B65C35CBAB7B1EE5041CE69D3B6F1822DFB873EBD6AD3B6FBC71EBC6C86AE967DFC2DFA4CEBFF1BF54F6276EBC114E2F43FEC60B01A0D440A868B2920E5C4BC10D60931ADCB871F326
311
8B21D3851B08E1D6AD9BFD4BF57F7577909FAB86F29B982571136AF01DF5FE32AC3BD9406CAAF2440A54CF176EDD01FBADA1FEFEFE21FE4C9858DFF4183458A9FD2B6708A5A5A137E0EE1D11A9EC0C7C58B2C73C0AD6B479BD76B7790CF899E287FA5B06FB7B07C9195B7851FA8794031EF1FC5F9406BBFB23375420286399
311
B631E93B08022A785C4DBF9996EC3551874094D71B6F487E80F6837E50F483BDBDBD83232323AC420A18C68DA196EDDADF68A77F938F78FD972BABBDB7B87FB164AC6FC2CB760365821ACB74AED44FFAD7E7431ECD7E08AC421F391D199998989A383D9D98E8E56F84A318C58D9BFD2DAB73FF5222C8EFAEF4DE7AF30D756E
311
5108683DA471E70D0502099A7240F19E4089D3FD203E620F1B47BF43501E85031AE44B4B9F2E4D2D9D4D51D8970983FA861B3706FF950CA170DE82F6B312CC4F42C8966295F7D725ED29882415DC055F36DEA1FE96FEC141493F05FAA9A9A5A595B333DED5B3D5A533F62183323032F46EFF13EA0AAFA5FBF7C8976F8C10F7
311
280A014832593B90004D52341980D907EAEB73411EB2F1EBC9F507F92746C40E7AE0AFAE54292BAB2BAB67CAE0746264A277B06508168C94BF772BE9765F7BF0B548FE1E07F3B5A521340A5CB5297C4B12811B89E82191ECF3E41B3259C529F135E23CF4C7F961FB13537F5A02ECCAEA76B5BA5D3D3FDF3F2FEFEFB3AA2205
311
3E5008833428DC6C59FA2F770595F311F235D427F379BB8A121BD901B96076A388DC4C3C61C7933CCCD770FF375A6E0CE9F535FE2534BF5ADD3E3FAFD71BF57AA951B6D4CFEBFB8864758A26154430080B06ABFF557610ECC93726224F155D1471041E0D42F82F4891C926C1355B0831649FF365F46FF05300A7A790BD8ADE
311
EB0D4AA9569A9BDBADCCD56AA55AE377F5F3F3EA2A34983A1DE91D810543138D7F28E57FF4E2B5335A3928B76EA1CB9B00BF158C8F63A2E788826896D0B5E7C461949ECE089144F8EBEFC7FB4D8C9C4E9DAD60F7FBE572B416C2F2423ECF8B86C439E450DA970634ACFDA977629098D0B2FAF313A36B3869E37AF7853378CD
311
A1171FBEBA95DF1E44FD5144A420588641B0055A79ED91CC0DC41E27064512FB33F1F04D09D0D2DF0203A646A6CECE80DF28356A348CED8C4F1EF137B9319E1BCD29867CA556AA97F7B757567006A447FD375A26CAAFDED9CFDCFB2BB0BEEE8AA5911BC2C7F85DF88A3775389990AA72219D582409210F85A4E66F2987D875
311
C30848023088FDF77E87F96FD7CBA5B9DCCEF4F4C9FC7C676777577B7B7B67E7ECCCE4E8DEE85E81A6D55AA3BC7FBEB242589CE8ED4770E785D7DDE23FF2587EBF57F50B9E820527316488E5C32D50F979BCA58207297E2B6D658702FFCD211840FE43FC9F3A5BAD9E97E6F21B9FCF16BBBB3A3A5A175B5B1787875B5B3B86
311
DFEFFC687A72674F19D46A8DFDF3EACA59E405375ACE76FFA922C817CE86A89BDD92F400F2C55B7462F610459837D3A61ACF50C7471C8F2F2A9D38C3DA2F068007F80EFCDBFBE5DCC674B1D83EBCBEB8BCBCBC3ED0D3D333D0B3DE33BCBEB0D8DA35FBF9F8CECE68AE020BCE61C112A4C1138CD47F9AD13F7DC6AB9CF9CFCF
311
AF9D0E01FFE6CD503F5B91C5218E2899CA15098714848B04FCE5654884ABF0E554F11F6C21D73D5D5AADD64B7B9327DDAD8B0B7D7D6D6D07070763BC0F3E38E8EB4310EBEB8BC3DDB347E3E37B5842B97C4E44A0C630427E5CFDFB71E03F471E12CA9FF70E055AE141042DD81234B879EB4606361D9328149037D7D76A571A
311
7E974FA20AD0323832713AB5BA7ABE3B3E3D3FBC30307070B0B9B645D93C3CDC3CDCA41CFC6AAC2D64D0D579B4B1B397A7C1BDBEBD7D36657A3CD4B2F44F4909F2B9CA597F4245C59DEC354316F0587020D0C661742BC02869435FD12CF195C422DB3C5A3E2305C000CE6B7B27ED8B7D63079B5B5B878787C787C7C7C757C7
311
6C51B60ED60EDAFA06D67B965B3B672677080BB5329E60E9B477847AE2E9EB53E35779FD37EFCD2D0DDD68AA355B6B0D81860502B8B68C801F5C697E9AD62F4B406244CB975560BAC756AAA577675B07C6D03778C17E7C95CAF1B3ABABE3E3ADADE3CDB1B1B6B681014470343EBA979F8B90383545727C63E43549D14FD0F9
311
27E5F1FDEFD7263058FE02EBCD1BDCBCA053496BD58E69BC44F9F854D4D979AE9ADB908824382AC1D4014E9756EAF9CE85B6B54DB01F02F8EA5908E0D9D5F1B3E72188C3C3AB67879B07C8A0A767B8B831FE5E7EB754DEAE5261460243FFF07858D8EF0D658BDC563A2C5EF5833C13C90B69248C4DD97842B61DFA7F210A2F
311
6108A0F96B62E2D3B3F3DD939EA47E30ABF5AB2B903F4BE5F9B36757CF65021E616DAC6F60A1FB647274B4B05B2E5341B082D43278F67D8DFDA48AFF9A13F22B34C7586C9992BA6E66CABC190E313E7C811AA57304B421A75B289B9D174CC868C24548823E230B9A5A2DCD2CAFE1F98E61C015CA7E96B083FC59F3ED06EE60
311
F360B3AD6F79787ED278D0A86FAFE00BA9220EAEFE1D5DE1F7855939C3FCC1332426B377F692406E022C010DB437EF009803F0DCFD3B7C94440571D8F2C328F115F47FD324802070BAB43FBA80EFDB92FCA1F7E7CF9FA875CBB327CF9EB08C4DE4815BC4210E2CB7CF1CEDECEDCED5B757490968286899FAF95583BF46F939
311
3CEE6A86D6F618CAAD9BFF0BE22B042412C5CFB50556815CC5BBE33E9F61ECEC26A9BCB8145FD10590078F9C9E953B513FAE1FE387FAC246E14F9E3CE7F5F8194BD6594140876B6B84C5D6799C61A16434201E5237582AFD75C07EEED9863F463284E2E13425A036BD41061259289B6BDC1ED656FC8B8592C9D00701E27CEA
311
749F0D8EF44EAD8C1F80FFF8F8F9D513191F6803384C800097F24069C407CFAE88136B7DCB3D5D4A60B711F19070D83235F77331FD35E715966889038E2E0B346EAB7936C4162043E1A1F144093695443A570144898BC4079CEF1912809A3035A1D3F361235F90FFF1E3E0FB93C7E2750719F88E7D8E68123883ADB5B18185
311
AE99F1D11C1238A792DC4BEDE8EC6FF503DF377E0445F68FAF4E08D43082D02170F30131A154206CC559A8D9CFDD762B31273E4947A581E0D9BB71E33FFA07CD02CE2A6BE1EC80167497F2A81CFA3F7EFE58D0CF5D5D170DE4F89070B0BC4040CC17BEAC6B0586C3D3FF0309BC06F44B04A1E13729929B4DF73C44070692C8
311
10B08AC3012E8EE9EAE22067796288C193B2139B970B86F47FAD0F98382B1E035D9C32FD318A4FAFCB274F2E1FA772F94411B0CD42493C23393A685B5FEF3E1ACF554AF5F3552A478383374E6B2FDDFC4F6DFE38F4F4ED7A7FE838F488EA852482F412D3CB07E293D02C9F074F12E84C5AAC423271450572A3854498447064
311
75FD38DC3C22486A0639E5F1E38B0CFE93CB4B25910EF309A2224BD8DAD40C682C28341AD69047E8539A6AFC14EC573F7FAD10AE0FE6EB13E87B28E093B513B5803514DE408809BC12A14876DE0A25F643009E9176D9F0C330164285A7444DC8CAF0E9FE41429EE0A2F6A6DE91C0856C501272404A8468822E24C807030B1D
311
33D40D4AFBDBABB411D093D88C86D7205E05FC57EDD1F805FA4CED5920F0CED39157E007CE21757C5DE440ECBCB46CD283E378029B43FB077B4F47E60E9F61E8D01BE017D7E843EB49F50A2028F1E442FCC90C9EE308E4C0C2C94EAE30B75FAD3A0EAFA57FE9EF960F14BE15638840EAF3BA490BB6850EDB38EECAFD21A0C7
311
46D0C4234DBD035EFC7EDD121FA585FAB73DB89FE6A03CF833AB0730E5E2F1A36CE3F202A128934B44E396961121E1F2C9F32BFCC0C140CFE22C1CA8E109B182919696BFB98120234F61B59F7BF46EC30CF067B21A33B0FB3E402448EE266CCD93135A8E823DB31F85E677434E608F53F8100BC0098EA2FD6BC01770E0F2F2
311
D1E5452A711C4BB8486248FAD756D852026B6DC90A2AA5C6B69E9068B8F27AFABFFEE8AB36F1D23985D5960014FD711940800B560250D2272CC54FF1D3A660B275AC3881E349689C1616E1E9044129D032313509DE4700BC867C71F128C400159407C761022BA8A040F40A244788808C60B3AD67A17576279F6F9469231919
311
21B0545FC2F12AC0EFEFBD7262B6935679FC7F80629160ABFAEC88E8430E76D82A8DE62ACE50BD4A42FBF03B387B37FD321B37E31C3F063D99703F5160E6C9E5A300CF32A91E0A085A29C0FC507F6C21012303C6104B82C1F1E156DB3229D1A855A32A8352C9077AF733A0AFE0FB3EF81FDF2F0F82C21B0EB06998866878B1
311
03305E31EC17F4FD43831E570A2118D1667632D4FFFFB125782F96168A833DBE78C3F11F8383A79D49F58F1E3DBC780417AE6581381E8610604888E2913E12492881274822C221AD04CB0B1D273B8542837460898C686864FF6F801E8269F40AD0481DFAF5E6E9C1F3BE391C325004DF0746A4E4448F7B52C0D5EAD39EC468
311
96B888C4210D68E99DFA2820DF7FF850EC407EB55C3EBC5028611409BFCB8889C90F1C52355AEF98B18100094C9D0EF6F64FD47E5CBF3FF5293DDFB4B50DDD54F351446FA1F14580DC3902C085F593CB24ACC917B213BBC11B3F0A61042FD8B24F4FB9C4556D0CB9E1A880DE89934CE9607F18F81FDD950DD0E1D143F41D56
311
110E227C250621FF098838042BC85B5B6BCBCBC31DD37B34966E9FFD9936A2FEFEA9EBA4182E5CD3E17AE35501FCE0707E5525A7DBC64DFD077825BE37CE0BBE1BBEC061410C660B6E49912665E2B3749C7C9F93834022F74CDE6CA5EB501D9CBC04B768292C5CCB84478F3CA83074092C6082169015E5800D5839DC6C1B58
311
EFE83ECA513BDE3EFB8EF1242D2D4B3FD55AFE03D42F8492AF8A3F21444FA2FA9ABBF525EAF84C09F0168527B0138A85D1EC0443C467B28BF844EAF76323BE13D7C11F72FED783837B970FEFDE7D7817E077C17EF7E2A1C2C0FE851FE4C008388C15E818958746129E1009D054B67530D6B3D8DA3D59D82D9D57CF70039FF5
311
0FFE0DE94089DB269C3655A4F25B38C49D0BD48E59F1526887C18FC5272197F85CA72862A593A4843CD25F920487DDF7AA0441A2C0600D062001F103FCEEA3D8560CEC3EBACB01CAE5A51E420349F602191E5F901893142381351CE17047E764BE50DEAF9E4D8C38B6ECFFACEB141E54A6865A88A60133EE9CBB4C256930B0
311
B168C1C3AB59FE1743FB422C7166082E934AFA5EFA3E4BCE0B69362FA7041818B7FDECE1DDFB4D022007CA23E521F0700AAEB5888BBBF08023E128B4045381542FA256B0D04E28A0C3804E233A1BFB476A2F48FD135BAF9843BEDA3264EB42BA499601F16B566E72C7EA35908ABCB9176BBED43204C696AFD3D7B24B08D3AF
311
A44BE243D88A6D9D0B6562B52F741E1610C0EFBBAF2B0829289A640EC4C8A4FF66A24430786CEBE1E1E61AF9507BFB496EAEB64F8F49B4129EBDEC065EC1F8A3F228A3CD0950883B41BEC6D1944AE06147289600A7726313AC69A3F91197F1438BCB743E76F01F6EF1D1C854071670FFFE43FF1EDED702EE5A14C85D0C42DF
311
90B86068800659AC88981855E3E774A71C0CAC2F76754EE7CC87C808D1E1E0F6CF47FD4224731337BE1E39C5010823EE997B1491BBD99FC8D8EF77482BEB5EB2CF66499A8E0F7511B19B3EFBDACB6507BC78731B1B383D02FFDD7BE8DD9256F7D0BA7B46015941097B80018F700FFA024CC08078F51806100ADBFA163ABA8A
311
3B95B9D2F92AC30BC908ED31FABE0CBEBFFF0279B675868F9AA24E9530B08C174055B7F48E4F58002F3E82F0BDFA003E8B431EB6C4A91E4D9B5FFB791265BA8827BBE5F1BCFA7F789F72F75EC800F8AE43FFAEC42F13009FB905A9A0132015D0068ED7682AC608BA6771038DEDB3B33082891FAB1ABF5614F93238079726B8
311
33958796B845B731FCB86316713C1DC581B1E19B424EE32674093F80776F7E27C6FBFAC85C536CD955B96EDA2A3FBF770FF4BE11845470EB3E42D022000E0FE07D161811020742162444668308801E133A4C163BE68F6826A5523071CA78B2FED51F28F8C70FE4190073A3E5D3259D7A288CD19BDE623F10021BAB0C6E327F
311
D507B2741627727EA00D31856492F9F009D7F152D930704E642795C1C1B336E0DEBB7F0FDCB79318543B25341F36802D64A981A690B94259607DE0B19D466BF8C1C5E1CEF9A3FC5C639FD6117B4BAEAB453F8EFBDA500A67E8BAF76C8A06566E36EE1184E8329419161F83D843D5DE7D8221163E145F56921C3EE383978072
311
129E290A9B7166E63D26BAB1FCDBF710009E4051842390031845F20077CD079407C575F20364C4910ED2A574BC357630B0BCD8DE39335EB175646A698458F6A346F003A93002E846FFE0C459B8006E506D79BF902908A0AA05CB5E73530E33BA1D3C2EF99C712B7C8B41DF4D2A7830BE8707485FCFAEEB85A09AB6D39BBF7B
311
4F23E00509C20DB04E240822A4B810E04D8D53D10D504C059ED86BB8697F514777717A8F8144D48A4C89077F7EDB00E2D89DC02A7B975640A282C49A4AA84B70B12BFED8EA6584860DFB7EE23FCB00C6BAF7332FF259FA3C9346508813E372F1DDE425065BB61FDF8300F7EEDDBE8D0C6EDF46F7D8823478590AE23759D60D
311
A6B7A9F125EDE8F4A5D2B37470D0B63C30DCDE3D3D59A8D1501EB1B0A5377517BDD6E301F995E3F955F0F58FAC2E81CE172A8344AC03DC6781939D2484B8FFC15E8F3ACCD3954CE19576B942D0A029188EC7013FE59AE90B71292DE774F1F63D60230180B30A2EDC65291B6211B4081128856001A680015CE0007082548918
311
51D4B3BED0FA4D7166B466BFF1D2A924885AD12B387FC0FCE6819AC3AE06A7AA4B715F0927B74D119D4A668FB54B8A8C268D8B038A207D10A7B1E95E42195B695BE0240F7408B311257C23F581E987C180140C584A02B1670CB817CEC0A080F259F1360E58452013200E3EC107AC1DF4FD7B0F6D23F33347F9527D9F51E613
311
8E31AF35F1BDAAEEEBA3D71BB402E2FB47CECEE96B4DB85536772B07C82A34F3E66D0BCEC207FEB9E70643761276F7B50D5EE963CFF80C7AF4A2130F5BF8C4EBFB5F07B709840480DBD8007FB7EF3F90104908BA457D43AA2A6A02C91422285E5AAC143F3313A0CB74D9D164933B86C25587134E8D342B453FC982860D09FD
311
13ABE72055ED020E85D3E312F74C25CB0293D978A1C4001927C80B86FD06349126EC219F0C735C8053D8F5F310817EA01F1B7851F406144C211C6362C27DD51F1E310C0102280ADB891E9B085CC528A2B1369A46BA195B9A2B351862CE43174BA73FB7CBB430A5798F4C54B7333B96C3224A9863AD02B9FBD8E63092191924
311
E77C199D92887DA594B6DCF0112857162FD0949FE6A441F5E62E42FB2105BC405A2301A3424601DC807912CB2C39C604A27908021CDA30C4C8C2019A883B3A8BD393BB3546136EAF561980FB63E9E035FF73B96D09A905ACB2C11D79571C5159026227DDBDB81396EB03F14100BEB66DE1FA9EF82C3ECCBE318119C4269FD0
311
14E66361FC8BB0B4EA9A98EF3D8848A01360430284335004C183CC25BCA82D2302EB03B8419241C64DF4F5ADAF77B533BE786334BFCBB8DA72BDBEFFC36103AFB30608A0B39B58D93F0BF42180841DD26BDC22CF0A770E90240006BAC65197D90920131C7B2EB3CFD3C71C6378A305EE8488FC1FF8D391E2BDDB0F6E3F45E7
311
C8207C419800DB410073A3173942CA8D5242642A74496FF115832A6314D9FA4257577BF7FCF8F8E8CEE8DEDE5EBE76DD3CF892BA7FB8B90F629431B5525E92A15A3A4A6FEA3FDD73136172060959206591F4C927196CF645AA285CF3014630121754261C0D31E1A7E3DA2DBDB54B04703BDE3A4209F02045C4BB0F529A14BE
311
D07098A2A1CD47513DA64B512F409BC01663090796D787173B5AA141B1B39BB470EEBCF1E30F9D263ACC4D05110797CEF7B923B027F089F74D1D06F0A4D8C0CDA6604023FCA45B76C5CDE0BF3845ECBE13E0C0ED73700A8A753C1AC8AEFFF1B407FC8A20F42F0D94019121DE304077A027D4112283BB8FF0072444D68AAD11
311
1D6F591BC0061854BBC048EBBE9E81F6A33A95C21BFD13AF3C7E7DCDFFEB0DE8903F77B41DF178E99C289895B0EA8CD640549D68935BA7C5294E0A1D66DA0CC419BD398E6265789CA1241441AC94532A3C19C95340BEFC68703077EFC1D307B71F3C500859C11494838E902203A2BE90EACC5135B80B078804340C920C2300
311
BCC06F7A1C71B875DC572C9BD1D84BD5FB9363CA6BA7D03E5C40FDFC54FC23C9B4B9DDD028787D89219038523BF64E638BB37CC25335937A00DFD32869C5B390C8C32FF25C8C47A7181B4A599A224A9DADB0E0406FEFF9F183B7448F081E3C55024FB33828784AB61704482CD0160C04174F9E33BA9291D58C2F1F1B1B3B58
311
63B0D9F3E51C35C253D54A23E560E2C0CB3A6F7A81382601C2079CAE96B7B1560D20A341E85A928A4E01083256420576C2ED477E2E565FD9223BCC691CF394D3D8E281501E0EE5C1C8159E92585D255CF30CC854C75318006EA4A01028EC853F9407C6053910BE105348324002260254886C156260F9189EE0F8C9A3CBAE9D
311
5A992184568A69D5183A7DB97DB089FDC57AEE54F858FE54F577DBA85309640290F2D220952620750C5811FB772A7876D1E4040FBFC6474D51246D8B3FB378283FB514F8AB3C20B8BF7DBE5DE541C9A5D3D38DDB30E00151E02523081BC89C2214103E0BC1B3D0199A08E002681A2613A2616CEDF0F0F9C5DDC75DA395C25C
311
0309C03DEC8091A4AFD3FEB504AAC6633930556DAC86EE3561941E862C4A75DD6B6BB3A0C59BE153DFA73EDFCBC3CE2188D3D378FC976D0EF9A95B7C8532F527CE3CF539581E0FE501291E9139FFB65EFF5DBD8E0C18DE3077170A64E033FD278F18068028802F156C3809FDEB11B1019C208D020C9BA2870457F0F8E1FDC7
311
EDD393E3B9FC9C4308E9315704233F960E554802C14716B0B45DAB5EAB5E25AB7830EBB8D25E6CA94E4AA01794FB1EE164FE9F040FE82C940A4BCEF913075D087E85A7237D3CF29C47E4E676777779528C4781761F0BFBC1D3A77880E40C9A2E5109180D5255317890394229F0F082010354082D574F1E3FBAB7D6553C2113
311
DACB97BEB5526C7C6F69F9310A94C46CD89FF8F379AD1AA035FD00FF3F320180F01417A6F255A3A8D86319FE0C0B0E06A0DCD33F79841339C01E5BBE1911AFCFF7C1E0A540BFBDBFCF2372352686D863F83F59CB6865F43104007EE06F52406F680341102048A01BB048823082CBCB0B6AC48C313F3E7CFEF8F2D1FDC3D6F6
311
F9F9D9E98D9D7CAE5EADE2A6512FAD7AB526E17F600C85550DDE9ACFE9D97E694513103BC69F8A2813176032C890C1E9C49FC09C61670FF8705B1D7386260E7C8E7122C7F8208A55139E8C8D4763F7EBF5728DF9C34677364E3A3F9AEFDEC9CD95470788834F9FBEC512379890B38C94205B2557987C4186DF5C0837608DF0
311
F9F3CB87B7EF6E920475752A01460E556919B2B64296FB9FB70DD5F47232A0F77465BF140CD001F00ADCA175090E2665A14E6329B62660E02A1CB50C6025E3DA252A670B3F0FFAA5EAD94A509FE7036B159E0D1D9F2E76B7AE1FD5A606198D3A747AF450023CBDFD162278B9446688111009B4029B0F2180AE20A542D40610
311
C073B47FEFE1416B2B12200F3C991C2F54EC2491027A816B0A34A9D05C6F437AC23462385DADD75642EDDA738AF1600DBE07EE8437804D2D011A94DF71C2085EDD40266A407FFA1D1C00B0C03927E60338E3B9D8C47D1F8CAED578E06F7CFAA4BB63B175FA7C301B747CB377F45192003CB8FD34B12009224543D860449401
311
1A80C1903CE0518C986208E1C5FDDB8FDA161686873BBABABAE74FA637BEA894A44078C19696F326E057D7F95D061A6B0394A9D5F2DCAAFE4C2388D8A6E9AB7695CB0BDD0A332430F1A9333DA41D1FFB97FA09AE84E738C75C407C260408F8DBD5EDED7DE1570A7BE333C54F16963B46AB0C2B71208EA3D16EF4EEDCD70052
311
41166C005A73C03164792151205C007288AE337B4D7103741BDE7B7AC913350B348B2D767515674EC6F72A0402BBCB41C81305AFCF05F2758D3ECAC8D26AB97606DB9581A4B7A8FFB068CD5C0604E6849046B70C2B60FF0CDDF93C13822B4E82FA0479A68220E66D9FD775FB3C1A9CDBDB9829B6AF2F77EC9E0678FB20ED8D
311
1B1A1A39D10F9812E20D6281F5673121AACAA9C53424000DAC173F7E18C3052EEE3E78E7F1160F5AAEAFB70E0F7775CFCE4EF384DDEEBEB9C0889D5243BDF557559FEDE5F17AB21E118C4C31A3DF6A96B56AC62180293910ECD6B721047664BCFCC6B2DD3C65CA0F0C823DFEF84083C7ECCDF05898EEF158F4FEF97EB9C123
311
F1B9D1D1A3D9F9AEC5F5CEDA84A3C96C14A55584D62893D6A54D8D2028D05C8B1F124884543F3223B29D208B04910D3FC43F5C52196AEB5B5F5E58E8E82610F08C21BD443801233C0CE8BD1E40F84A1CA86001990048031ABBAB11EF83F9283EA89F181F2A0D9A9F62D94B7F625FD727E6A93F63F200F614F7CF100D4511C0
311
7DB45FC5F0CB4CA359ABE4774631FDAE85E599EA0878A3C33D5AD6430CF4C055EE5FDB80629000D7855DED3F436F3B61B3DC7FFACEFD2B1BC6FB0696312CFA477CE87A87070C7998E04FBA78AE3F915A065E819FCF35B410321D9ABB308146A11AD5196CDDD7C477A171C8AFC74B45CBC6F641AB53C8D4ADA5870C02379BC0
311
470CF83DB55F073E29CF5CE5F7A3F8FD62EB7AEB1774C2C6780B9523F9287193FD23DDB79FBEA513B45200E2E0C1B51350163AC19043C600F2C1DBF7DEBA7BB9B5457BC0D840CF325EB0BBABBB786D301437000020004944415472B491ABCCEDAFC0591201CAC8EBFACBF367FE7B6E40E69F551BBBE7123E3C00AC560CE20C
311
62436E8C3C54CC225EE08C0D74CE26148877689EDD004FB2BFBFFFBB984035373A7954EC5EE8591FE531348654514DB1D1C56411DFA2A7C212BE5ED91278F2851A432244C6822C29C85A8B320ADCBDFDD63BF71FD32648E7D098CD018BC35D7FE89E250EF2AC75F96C15271602687965C844B8807C6E7729D93F22E81D39AB
311
D62A0820C1FE9F11CFA7208125D33E96FD69E83AF6052DD32D49FF0802CD9F9DFD39260389A950887A647CCC99BAB17132DFB5DED35138FB3A060F6295AA5E195BF0BB56495A5A4A8FA440026E46A047D40ED2520A441C302D240F201FB8F7E0EDDB0E12A04D8816215A0579E8FE1B1281E9F19C9900DE79842E2A7CCD48E9
311
876EB01C75DBA0E0C8D44AB5512947A00BE7CF5DE9E1A6A6BE43CF1A78783DFD5A404E4477336C1ED8B18908B2A847B2AFE9839E891137A6673BBB96FBBA2A4B8E9373B001F08369BA11BE8ABC4302FD2345FD6014A127068427D007BE28B41D9B0D40FFB7EE531FA673C8870A69135B1CEEE8D009C08042A5B4EDA314920B
311
635BF941E7487E45256439DFE9D276295F87E698389CD49FB394FE19720412DEDDC40E9CE9C6DD605E0B719FADC416CB15AB3A61F9B5B9B9426E54F81D8B03DD950946D432B40CEDAB7BB5AF11213CBA73C9BCCCDAFBCF06127C7980FE6D1DC9B4DF14832D6568FEAEEBA76FBF438300B541064ED33F3AC0B0D10505306FD3
311
70AED02859234402F6C3FED006766DDED2034D90D119057225EEE3DAF787EBF30EC51ACB4F551678BD6728E1944730C095F13E4D81A4DFFBF67C5BEE37E62A85FCCEC6CC6C7BC77A5B477E22223ECA4FCC0F87E2A5E3EB782BDB25B8CFC6736A044DE5A7CDA604526361D650484FE283B77EFBD65D52C1C73C4F48E7D0D81A
311
CF572F2E2280F98FB230508FA906B42DE240ED651B301CEC83DE1790C9FD96B6CBF986BECF3BD332C18EF627A0B6EECD5B152E02088D03D828AFFAD26B05BF671B4F9A09A8CE0CD2707F67F2A4B3BB75B9ADA331C1305BBAC182FB4A79820B7EEAF73199B8404C0B81231CDCBB871B80FC41FF5860E8E108222A1A076C29E6
311
E03B6F3FBD4F1F295DC457573C7ADED636D6B7B8C88413DDF3B327E1046AA51040B40CB50C7E3F1D2E44DAD34CFA604029BFFBE714DF0C069908027EB275F1F366C132E1A7450B04011CF82B2B647CE754F650FF6E25BF37AAF65B7BDA16CAA791F1D09F6CAB989EC5AB7809BE145FA459E8D3E4B0FB47DAEF093B946FED58
311
5B80FE1A0305FD5330FEDB4FDF79FBF6BDE81D8300CF6815E5F9896552412A03F31FCDCC7CB5E32365550CD9365FDCCEC8752E943161D78047336F8AF6539840A1F2E764FDA2970999F205CD2BD1F5CF496571F76EAEFA0E1CF8FD2A55FD06391F9EEF8B9DC9994E72BEBEE1FC928E2F223EBA0FBFBFB4F2DF137BC894B808
311
7643D64ADE6EDED67F7680FAC9060239E845FC94AE93D880F994FBF71FBCF5F66F9F32C292EA900F9C1E6F1105E81C5B5F58A067A448143842008D7275EA3BBA3D2516FDF02FF79260020D6B3C714711F3CFB61BFF56A826E627E82256F7400FB387FEF23C1C1E77FD6A21EBB1B2B35F2F95E7760BE1FA3ABB3A9814234775
311
17EEE36FF96F122B942F6FB64D9502BD1B9089162532A2FEFED255028FE653C9F46FA321E0B588B7DE79FBED07C44106CC85133CA65190543004D01D02D8181DDDA5A9C91A7110805B7875B689FC3902200FB192E7DFD936B37B57D9C338BD49E99E181F4E5FCAB2ABC1CA7AAB382CBC7D515457CFABE6FBC63D525E5CDF74
311
B16378B9AD6774A58531912D232DF01BAA913DFB7D3AAFF912984302B84D0500077800D26C60A4742101DE420C610C2E92FA93056022EFBCFD5BB6B38651470CD33BD87630C05831BA864C85997B8754B05167F0706499DC442FCD22592AEC2ABF3FF13F950039BF159FA9B36ABDB2778EFF83F70972B83BFD3F4899E64DD8
311
346AA495CB155A7499F2CE39B0AAE755125EB84FD8CF8D8E4F4E9FB4B72E8F1DBCCB98B31BC4607C2CFF21C8145FB48EA0F2159F86A3098415609554DEFA7B27EF1301033DD06D274BAF6821D220DEF96FA4CBB60B3CA241C021D38E1AA76B4406B4767576166766A6C7F77273F5F395291BBA19F64F2E3095C14F3E603718
311
27741CB27E89543857D6D96BF9A47C6A9A26057840332EB843717AAD171880217B71FCCC0355AED3D4819911F79D0EA8AD6DA31A83E36C5DC2D470295C011302387069158F6C9966022367ECF1D00BA9BB95C389AE7B6105A1FB640689033A7FCCFFEDB762189103A61C3A4FEFE0D6A6B5A19EC5755A443AE78BC5E9235B04
311
7890A65919A0D2F96AA3C01CEE913BB3ED239C3E0CD8DDAB99E4348BF3F8B977B6C43DEBEFBD7721A839A63B94C06A10DB87FCBFA3C2932F8C26F88B6D6BB30C3C4E09AFE40FAB52EFAA1EC0316920E031A46D65A0FFE45A673432E907FBCF86717AC04F2CD0EF512D665FF53F05BFCDC43489F150890C60A8E0314E70A06F
311
619D30D841189CA15D3417F3CD50191AE4396543F0C42BCFD696C58DF163F5B46D708BD5FDDA5E5E5FDF9401BC4F7E00E8A17520833D1CBFF495B5D1CE037C664123EEE74737268B5D1D3DBFDA6AAD8C08DF2C0BC7A737E10AAB2A7B958990CEBF556CDBEE823CB09FB344143463C630CFFF585D330CF0320E921744A79182
311
80FEEF981161008E9FBC78C830217A07B7D6985E83F9A79884ABB5AB383B4D7D788F9FB3D867A2112A43F19042B33A108690CF6F472F8661CFAC971478757F6E6F2F7AEB82FEA85E5715941778B278281F28C268AB24BDB470EF3303E09C359E9DF1CF990D8A096106E6A66C8620DDE7D281DF0B2831F20439A30D68386CE1
311
3E002F7EDA8D7806162B205D6A19AA1FABFD6B1B400EC2BFFDD66FDF7E8755B4883C043F43046C1326136680404F1F934EBDDFDD39CB58A98DF1BD7880E0532E671FA1435E9D6EA5E9071000BE8F262E7C4044FD95D5FD526EB40A05A634775F32205C3D779FDC168CD5E56BF982508BF572BDA4F6F57D3304BE9EB1814946
311
1B12F760D7485891CA47CFC44909136FBF4931716A2E100123FC6CCAA6A644F25EDF4AC980B14039009BECE8B798BF69A05DC5B6885CD23F8E13A46FF0C0A986D617F001C52241801E87C2974C31411DA3A5D7B6175472763D637D3E57C33B908F867F4A59CFCA7923375E5F027A983E18BD7BD4E6FDDBB2250C1529F4202E
311
FAAF979DFFB1F2612E87EBEFEC58581EDB9AA95AD1D7C1905F7305BF8182D5BBB524D47C4E3B81CD843220DE1E6536497C0962C225F75A2D6A998303B23FC501F0B3F736EE1FF01200FC8C99F5515207C9C40081DF304C0A17D06E26CCBC5B3C47459308178301FA8057C2C0AE9D99B05F038828B08400F2E3251254DD7EB8
311
BC4853B101F99AB48E387457C96951E5DB670648BAB70A7B04FE93EEC5F5B183F9739C98952C6845C380D401B8FC86E70A20744EC720E09D35955D96A9041720196D183AC2CFE6AEA816652D0234883D788BEC8F5DF2615261DB031C2381092401B48D8D2D870FECEA9C3D99DDB036C8A051058030E32190976718C89F031D
311
FBFF2EEA3D88606A8A19BD0AE305BDFD12BA4FF46F1A0002B07137989C748936E9DB2C91F43B07E4E4D16C3779CF5A4FFE8CC981F07C29E34B7C012AF0054FAEA4A6A3D49D3A16D2B3CF220A029003366663053C89B3FB1827080DEC2780076FBFFD8E39810CB0593CC68B5D9009F2D400418028B0BC6CC74067E7C9CC0C26
311
90FBB084AA5254A12AF63543B35EB40D17B693F7E3464D5094C00AA9E04E0E0524F5C35C5EC6BA94B21AAF2440725E2A9FF94FE7A8F0E769EB83FDEB039B631B18BF396F5C13CF89ACC02C387DA56DC3B1CD84B96CFAAA37B55FE723B611062258257D331F186AC93D8AD600B4FEF4AD777E4BF68F2168FF08C081A37AC134
311
46C859964803961928476D78F68419390D830C1935B5C2A0A22A3AB17D3D6428BF12DC373B8D464E04C0A496BB3B3B75639DCC2500E0F0B15FB6F47B5A7ED0183A87CAE8D535F2EDBD4B3B7FC762DFE65A07C30B2851DB890082ADC07131EEEFA3DB7DD5CD32C0860CA83CD4B7993A175F422A8149B1C1D94C1145059D9C78
311
A8A572A90B7C8B1E3392FF77A80C50220880FF3669004E90F101740D2B808181455A044904674E7482CC3EC85C4BCE339404C0B0BF6A5611E4F9B8157BAB6DE327EC9BFBA1B4557ECB609C1F45326499EFB90EE78F18227F09E563C9E63D847EDB3B68EB9C39E95AC4F7ADCF7D87F6752BB6912040281E4A0D8A8314E80D60
311
470999B8A51FB1488A66A9F3F81FFA61C83F4FA6969E472288FADFD61B005E0EA4284822E018911828E868614DA0C36E11F3A051070BF2F0840E35F200E2C0C80A776CC9E7E6841C0503D0EDF15ED9AFE527E798D23BEE5F0604E58DFB7099D739BF0BA5D332EF29F1535995BDBD0DE681C4F71DFE6A7AC5A13554AE691096
311
3E9ABC9A0DB5B202225545F5CFACC942B5B93C207352B6E5310BF349AF200175D7DFDF78F6D683B7C87E087FA9B35812C4F8F13452CED610A2207541E6D659A739441F3833CD0C9C3C3DC2B0712F62333C4FA9327C9CA1124904B4FDE0FE21C119776CB0C212AAFBA5CAF80EB43772ADFE77CD9FA8A4144C54C2FB2304C65F
311
62FC3678E4F6C68F30FEE1BE8383CE7DB86F58B1AE0C51F0F055E188D02F00911DDB0991832228B3172B3E623E513FF1734FF414A611A603163F401BEA790FC9FF7FC3FD3DB02DC00184145B850D01D120424DC03C00FCEB7880EEEE939399F1F18DBD4AA54C939899304D913CC2D5CFBC55E50C7FBE4C0E14AEEF53D6843D
311
FF56BE2D554637EA047D3C210E2C61077875FB5B40E19F43AB7470CAFE1C0D3ED3B3B4778D1DF6D4F837C08747180FE8394F2CA1E0A46B6DA62CE2B2DABEDE0B1924098580FC16B369730E9E90541D3730D47FDE16EE1FFAD3419CDA05ED1F2715C607F2E81893AFC5936303F40EB776F1D808BDE393A3FA401E1C706E154C
311
892860AD74A2949C409E28A8FB3349C764D13E4D1D3468952B7B1B35001BF41142CAD58D6011C8B78961EACAB66E9AFBC627673B61FFDA4167950A274145BF11EA17BA9AA60815C2C43AE1F648E3772E53C94E6364AF826019E723069A8AA353A3BF7FB5359281700061FF64C28C10B9AF0B70B0B0D30A31CD1CFD22F68C76
311
DA1E44558869257892363C091D313EFA46B57C3BEB252E9C6BF5B4799EC58F1910F469E25AA17B343799DB3E33CF410061F96C6D63FA91B1000CEBB7D2971BDD39A2A76361E000F5DBC1688D47CB812DD60F8001AF25B328D173A9E4BAC18CE9F1F628704330741B2649B92E9714447C68559C6CD2F681919367E481110075
311
0058809D0230C087A89FF3C80C23C4C60882E481F48D531764BABD5CCECA308DE2F63D3BB50373D630796126803C2D1FBAC148F7592881B395ED7D26B7DD38D7096AF98841CB37592561D9C6565317AFBE9FC4AF7371E060736C7635E0CBA1809FC80F544DBAA1F2F9393D970D44C0615A0C6930E758B9E63AE690F73045F0
311
C8C0731DE9CD80F718E94652383458799E02C06D328010011C7090D8C5E5336A83D4059953877EA1E1D66FBE994F04608C4C991917230FB61F9AEE183A40AB9108D032449FD1A7283DD25ED15360EF7EA9303EDDC0043403531EDEAB10DFF87F5E2FD56DF0F1B701A9F614DB17FA0E0EDF6FD0B1622A81FA3D1DE5A33F5519
311
30335C353A87F9AB05C60455193448246944A232C5D07636D864CDD7A50D0B4440CDCC465D1C418321F50E1648D500294065D869559EF3C40C8FCC6C323E989AD0F0C73142480B200842802C061008B480A9954AF282052B3AF67350FD0DD30D1F4075AC303A5D490250F5400ACF479656861E4C77AFF327F3EBECA4B57B6B
311
6C8FF62602BF150744656A87DABD7BC6BED50527B2120C001A0B3718C74F0C65CD34F275164D7968148DDF259AB8AD6CA81CDA4E8819509B996A7F642D987A401A2B04018C01E6C169A8700F9DE3B489DB2BC49C9B7B858A4F50D22AE15428FCA4A1EDB20C83492690CFE361CC7F8C8066FFD0D77AEE797977F468A36E0B0D
311
FC87F90EE6348BC748F7CB73B5B9DD5C6EE7AB19ADBF6DF359F1DC2A0F9E44F213F8041F64274C0859A2AB7C37440FEDDD2F95BE44065F22067E3EA0CC3BD8C0D8194EAB291CCEE20B9CD8E02950AD806080047A279F19024C837C848816719AC4A34DF8F0706CED904E8185753A458A27E4C1E37B5F30A104932BE140E0BF
311
4E400160F320B054A8705042FFC47B4940810173F9C9E97240C7FCC3F3813EA239B745DE9F1B1F3FC2F9330374DBD1A7B475923F9A2ED81716D18D1B577DAAB9D1A0458655AD3CA7E211867AE7C702DCACCD291E0F798013DC01BC326087775C0833E04EA3778FBCB8DA4687A0255CA0AD210C15661E4E92001A4449031D1D
311
D27D327334BE830B64DAD90CBF537A45FBD4E94A7A88888E715B7E74FCD040E818BDC1BF5AC609CCCC015DED23877080FCDC47BD8EF3A7B783A17D33F3ADEB6D6BC7AD75EA7C7852C5B6FDADA6AFEFC2D181C03F8C40DD8A4AB5024F0B72E34B57BC1182472DC80946789AFB711DB7F1193C03C893B0345F420246114D3EA7
311
1D04FBA731C0DAB0D3CD311B218F0D5A15ECC105D02F3AC32F13600084731A83220040019B03180634B5923D438300B05BAC80881F061095FED5D572A3323ABD83F1D37A2301A8C930AB3F66ADF7CBEFED30BAAD7D78A06DEB6A87F15491F5AB7E25842B6B34BEFC12C8A159F187C64B3CBD2356DE5FBAB98BBE9583F0E328
311
0C0076DA15BF34C15238145742B07080B1EFB83382F9FEF2239D003541041083C5AF9EF3C8944DC2030BC3ADEDDD9D27475800693049E05413BFB3FEB4308731512F13400D06F813368A0101D8D863EB3E75FCCADED124F532AD3F123F131AB46A93DF1ECE7F96CE9EB6C365C6D6A07EEC461FC919FE288AF7AE1A7D012D29
311
1EB073735FF26BBB1C99FB706E972192819B7A34BF22424BEA1CC7958AC2E04BFC8E02DB90A4A1DD04811ACDBC181037864672C78F6C0EC3073A40CC49D5E813593B7002763BC6A909D31AC86F3F6E335C9E1C309BC58F16418642E2AF6B290A34FEDC0CFEE08FCA0F56700699CB73B9C99302AA17BD516D7F1FD755A2B32B
311
3FBE7134D3BEC813195BD355020A7DBB541539CD2C06E45F46FC0EE08293E6C0E1972176D9B678340AA1A4823404EF79B1E2347E47C35D0A2260730E0B513025DC0BD1C07E3366E9B9D17F767405FB531070700035618606F0B40C73C974CFD321B0C174A80C0F3AA54945FFEF348F5488895713E89B5C98DA501E06D8D24F
311
F04FF0CD7ECD7BAA755A854EC6A180AD13BE094E8D5D63BFD6DFA5F5D3E4DB1BA18FD8473DC6E17FFC9832B71A2A94D96E808BB53F9192955D62C82E282B05168AA0927D54AB20A20A74800B7CC9655C8B15F62377CA4C91641F9F4D0478F4FEFDCE273A002CC0A725EC165CE3A149F0333E8E9600B2C05A7D15FD831F0938
311
DBE5D0FF13E3C0F0765965A0961C3FA86DEEB0E28304747BFBA5FCDEE44C23544F7BB7BF7A132DDE34F99E44EC3FEEAE92F667A10F7E90B0E8C6442DF5A5318B0F816311DB2E6DC6F172C363FC800EE09186BB9EC82A24C0117700CD884AA42023B81EA6E0CF8B3056411110D78606EBC5AD5417B45BCC8E61EA01C4006AC2
311
33933E35D860BC1B6CB9C9CCCE7840D2E0C1C1FFC11CCE54D59300F2B47D66A10F09D8E24B71B9BDDF98FB62A3B897C53EC88D16D1FFE8C649B17BB8E760EB20B784F52F992544753F2CBF642CD3C9C70D8722C197142C567E74FB431EE248A8F3FC00377F5142144A82FFC28AC2970A780C85A7EE9146FA4B2981F3C93BCB
311
0F3FBCB6DD3DE69C72B6073B99140DE28B8E919D9D9E7C2F5FA99FC1FFD07E9AC0965CDAEA0A945FADE52C791EA989E8E7A21A355FB37E44405D171B98A6E946DB26AE71DBD01FEF07FD378F5B4B518724481820890E7486E3FCE61A60E096D577701890EE07CA5D7F2B086040749FCEF3F81972E510A86359C9BB57988303
311
5887542090614E5C4461705D7CA1CF84DB564838606CF1597E8119790D021080C935A908324EDE9F60A04B7830A33F0670CB08605B8D01BF9A3D435693FAB4FD84EF6754930640C1F9D74B052A7ABBA9F502B39DA3BF6BC7514EA4BEC71D752BFDC198EDA8DFE8F32B3EF811E4576B0A2074B99B070A069F60173E7427BDF2
311
85024E35A4418B7A412914F2800F1965C4F1120A2D5D2C64400563D5942044807BE7C738EBF3034C4A6F4D70C04ED1F97673C039FABC4CFF18866E08200BB66BDC9CCDCC3FFD1E43BEFC52C317F0F5E64900FBFCDA4DEE68768FFF46350E0EDADB7B34DBBEDE3776BC55599AF84E312229F931E700D04478D66A0D88D09B22
311
76141AF0F8811C5F8067DC04C0F90929F7F1AC9CCD368488AFB965C97B855A3E2E93AE5B4866502E55991B82D4388614F2C36B8484A5FA06E3EFFA984A6AF17D5C2073299D9F12FD63826F67FC460E54030981684E9FBFC22009A3006962285FDF4FC84B699FB5BEF3736C6072F6844C15EDF25883037DE6BB7AFAD6AE164B
311
367812FA8CFCA6FA25725D99AEC5C6EDEEC64ADDA2BE0056002032E1D7A20A54CF444E360D520A5B69816C0A953CE0434A8A898BF18E2B704588C01BDB2133342F5404FEE698957C200EF54E31BE6DF4E888C9C67F5F3F1B41F922777E7FA6332677C20098C59F762F5DFE4A23F9801A3BB6F8A4F66E0D40EC867E92DEFCE8
311
4C714FC7CE8DD3DD3BDBF9C781B1C3B549FAD2C89D711808CAB100E09700BB85240374A7209212F320CA577222A7020E7824500179FC7096C714884BDFD9499E027ABEB3CB0226CD293CAE6E0C41A6788F396606A073E28CBE5CC67D584D36CA39D37974FE1023253E3FFB007A26F657FFC901D851130DDC2BF54884F20D5D
311
40A0B7E5C7BCC7CC87B84F2ED820192CCE1AABA1FF24ADBE1D03635B5B3B53D4A5F84120125FADC36A0E792D3AD7E255792CD5241A4C84171F1104090017DA493D0A7790A7BDE6DF326180398E4B0DEADA5C2763825E43E05C388E184678C88CE6422606C017F030366981353DF03A753DBF6370879F79889DD0BF75408724
311
DB53C5B0063AB6568D02DC47AE4627B58D7E367A6000267E7840C23A0940B992DB98ED1C4731B4FB4DCFB6D3EAFB6CAC7646F0335C5031888CD74E2103380260AD47176D703960230370FBBF28813524C17FFFBD6288BB28E4F905ADB4A788B40B4A6201C1878BED224DE9906C4C79EF32EE679B9F5D3B5DFA137327320643
311
909A823F62106CB8F9BFE4BFEAFF0FC7A6393EC7F64A698EFF8ACE31BA05ECE6DAB6DF124118D1D13F892F3D3530602E3F3ED3D59DFB821ECFA3D9AE85B1ADAB9E328DE738BF55D5DFD039445AE76D0194180F57B15BEE5F09C07F952F9A10372BC894CF7DA12CF6507E2A8916E0DF430C519485C55D61EFE209912D8C3286
311
6214E121611E22A0B1238DB18E86636A3BFAFD5B4EE02FF1E505F902BDF424D0516907BFC95EF3A76B6B3872769D67E25B548F0DA46E2B93DFDFD5F2B9E9EEE1EE1DCC7FBE6380DFBF38A165CAC73DF912AD76A4690D2B766A3EB4AFA2D05BE543EA20B095FB17AE3F1928D84482049B659E671A4763CFA567C08824913D37
311
F2F92F841FC244085C1681225C04AD6DE1684831682CE0D6096B56101C0D4FB3A1BD3F11FC1105AECF5660BD3FEEDF162B0D9DEC6DB55AF27FC98050BDDEDFF63ED14B01336053A19DE9AEF5F5D9E9D9F9E19ECDADCD497BCC57681922F327EB41FF681E17C1921B04FBAE371AC69E53F98183E91B84897A5DB164158BD1D1
311
2FF6F6BEF0E02847727BF2628F9FD48B6FB11DF6928C868B29590A0606F92140D0C08850DAA7DD8A5FE8A50389F61288AEB743E9C801BB67DBE0A7F64F63BC87770FDF57AA73FE1F5A84F8DD3AADDFC32087FBC0A7D645C327B97D65E7A8BBA76DFD9BCEE1B1CDE3F5F7CE4E6DF4013ECD7CB60BD1239E8A4E9A5722AD9C4F
311
AC8F7FF17B214AF8801950430639A08E3ABD05A0D94E253BD5951C885B0CE750309070555FF21F2EF83FF53F4E15038B8D8A244740A5C9CBC120043DA0B323FB1DA0A4EDA268C05A304619505000BE10415DE898809DB6B66896E60AE347ED3D6DC707CB7D5B5BC374A158EDC343D0EA61C217D4878CBBDC1D85686782C3CF
311
4272E7DCFB5E9EF628F5A95AC1AC0C6848F5771329EF8DF2BB79EFEDEC8DBEC72EB7F245287FD4B31008AB38EA4D52F2BF57167159E3004CD8950E217DDD6F699FC763E9D1A0AECC701F7BD4430A3E030374066938F883C01DE40E7DAFD609345E33570F4CE6BE467FBD7F793B5AF2A9D331D86DBA7BF98067918F9FCDD609
311
A0384B523F4413B574B818C6889FAEFC5E7B8F90CEFD62BC2C85B2478D54DD076635BE434FCADE68B3ECF1C8708E27863DBEC352D87BCC7A92A8E135700CDE65BC114026DE5DB68275E656D2C0D4087293D43BB4C9C14EA83C0D806783B40DD7CD4F19EE9F33801F55A3F1FD600017A6CD5DE607783D5F74E34680E7DAB98D
311
99F6E5B5ABC7F7DF19D8278322F6A97FDB2FADE1539BD945DDF868EE2B8B70D9EDAA45D1BB0A5801198CF1DA891540474745BF0317F8A3703E02510AE94B084221F887FE950272D62D4232781054A87C58D015CD45EBF9B70E60820A2056E9D4D619E8494BBFA68B61EBDD8CF52CCBA124BACD4A4077E8420A7F36FCDAF661
311
E577B792A7E1B7E337C7CF1FDEBB3B49F501F3C7366C1730E793F51FA20A9C3D2E9F18E63DC277449054CEADA36DA0807467D45F8A744E1BDED725A033868703F1392BBE221158220588F30574A0B0893D0515B0B7C404AD0E7F40C11D504C49BD7DA39A85A19CD7357DFC966E5D92272FF06D59CA5A6A1C8AE30E52F1247C
311
1F1D78F81887F9F3E387075B170F9F5EEE4A7F5BFC69DF02FD8795FCFFAB472E7C88D563DA514861B85BD41594A75F5E866BE69471110A9F75C8609C7E6BF6C7C727431EE3E9E3773D2378C25226E82C08104A57ED273FE0921D6990E02B006BD038263BA360355E8DC446A380F0BA35FA9945A80CF60DFD54054202F91897
311
C241C147D59F8E0FC67CD0F2BF377A3463F8BBBABCFBD6833C57E214AC3F5AE9C2FDE88852968F20337972C7E04EE5658223008AE82D93BC37D8DDD900BD6B16EF221F0D4149045D740A8A215D4FC186C658E01994B8CCD317465828704BB630DA2243B3B4ADD3EA554A97408454148C04A1A0CAAC2E04033C04073851F543
311
80E0BF2DFFA43FAD3D6B574F2E1E5EF6E5F4FEFBD1CA87C161FCBCF5C7AAE2F726F814027BAE10F79BC3D765D61D1803952210A9AA07F8C6BB2105B61145B324F96014EF223D4A9261080239F03FF6F4DD4975C183B887E081F7A467A25EAA0C94028FEB808637768B07400A8235D4EF33143253198900E079E3FACB0C59B0
311
0F827A5785A6FFE2FCF0C0E6F1714F11CDE5140D931D707950631F3DE877F300002000494441540ADFB08704E252AADE1BD4E8DF55796A32B9B6F17737C67702E5C638682737286CB0E0A89B624D5BF28222432848C9AB8C07170C97B814FF492A61072407D638006F7C8400860444C01B1930A522788045633DFA9507267A
311
3A42BA05925BAD705CDD3792FA23C1075C6EE768A673919EB6C3FCFE7629B7310AA794CC9C0D14A1FB88F95C845BF22543F57996E0B26C9E4C2ADF187F979F8A55F11B47BC26594C52588518D25E6C2B1CCED231EA1B748F093E5726A21A54C91EF95789041030C20FD5AD68613432E19A4D0DA2505B6BD843516E10BB00AF
311
9AC315EE9FDB39CC1F9EA59CD88F9CD071D470C86C4647FDEDDBB1CDAB81DA94034747A779F4CED497CFF817348F69F52E55490840E48840BA72DB71F3E84F6DA2F4717AA928F153DA6E4C7E8E00363CEC9A2E1C8E65F298FC4A52F087FCDEE5CBA38A80CBE11FF7BC2AFF249203FFAB77A128A001B1987BD334AD9B901890
311
A8C2005B6B248196AD09C0025ED841325B31845032E327C531C839E66DBAB39566B631C2FF0A1DA5A3CC47E665AD8751B47CFE33899DF047C9F3C365E3B11278D49DF939298E09002F6430F9958803309827A7C791048CA070061B7E9A64C557D235F83EE24822E5EAB805F9862F20FC58F483DC0EF02181F572930205107E
311
00E523861895A2811309808F2B6C14B2AA579E893753C155D2F54302007E9FF36AC5FEDBCAD47E182D91A73920CFA5C18E01F8FFF4C3F1FF553BCAD0E58DEF85DD63B91BE38ECE1A9FFC4AD4A1FBA30D462C328C5A0340DFD393D3D3D3C0659195C96990F391EFF4175213BC74C020922D4830FE215E76940962BC0713A3B8
311
2784C0CB6623DC40D6E1485BAD454F6892200B225096127FBD82D2B12006BAE2E329C771E25FEBC0DAB3B5395289D56D7A8A89081B34EE06F80F819EFE75C67DEEE95D227E283FE98A7B9F1C97D2D05B4D07A469153C3DA3048EA68FA667A6D90E291C7D7E2D063E4D044964D055F2DBF3E31BB851AE9F78A0A7314F0AD249
311
01F581D74A6929142039C65AF5830D1C809536CDC05E4BA51038F79D713DA930CF18BA3010E385351CF47F74D439BCBC793556A1F99814926AF12835E251C59BEA3C083EC2B2760FEBDF4304C9EB87B35769E1EB24B648542CFA4EBA9EF93CD42F03C08F249A2C98897D8E2225E90077823F4A52171A61219998CED6FA0509
311
92B6B0A74A2220ED12123004FB977084208F8E2AFC80F456CB110BCA647A3A0F854085D84FE0052BE31FFE7F925610BAFEC06FC33F9931BF063F39DB3D1BB20EE357F594045F4226131578582CB055A59A073AE0413989D215019B6EB8A21CF154D71164E0D8F4E730C2CD382D098DA5261456A425643686BC8301710F2C50
311
665881399156AA2B4C3191BC555728384800CE10040F746A3D8A80A5F0E500A93456FEC52833BBB45203DACCA37FE1D3EE4B9BF0EC27ED47D89B8266F11EA2DB8B5A8BB93EAEDF0C06B7AD0402B9EAC6E787365535AF19F15158308A9D9785C1BC1C01377F8C6B4D07B50DAD25649764A91DC9812C7B34CA98184084F7C010
311
55466B48058CD44085AF26648520C85C41C67805462D8425680425559F4440F3ABBE1F3F81B1EC72708767DDC8FFB6465796C8FE310FEABE0C9B242A74137EC3E0427091967023299BE5D6D4D0C6D15747DC2AEA4ECC57C72856E827D33CBD319D70FF854369EB841282F84B7CA4881447ACFCB257E252E00FBB3272120A75
311
B99119840858486615636E0E0334031AAA8C08A62E080053A0AAA4158431EC727A084021D41CF5D630C94184F6FE7432E8F5F9A4FCDF3EA7CF136FC2988093F98ED622E38E4976E1BF0CF49D2889E6DF3566719FE1F9B47A2D3BF89C69155DCF24F88C609EE551160F0415900B4C48FB013D8900A9192A700748002924771A
311
3686A0A580FE4009E00ACC090253E280B90AC15048E047020483A038A60ED232831F2CC90498648690D960C48E439F18F4DDBEB0B6F5AC7B7B89F6230243B4FA160A7B9327F3AD5D937C8BFFE5FF8B3A5E64283BEF8EAB9F71159514CFED62DBC880614AA1F7994CCFAE7D8C87057F451733699B8DF87056E1F0654B5021E3
311
8097E4E23221B810DE20559AD183A61C2C88A648DB096081E9801CA00BC1DA0124E08DAAC15FD2936905CA8DA1C40E42B13F1764E0C4015EAD7F8BFEC99A310B1B7C0BCC7746D3C0702759C89EAD57122092122D1F857067684A578F1DAB7EAC400841F493A468113282FFE42316CC74C756B1C880FE78795C692813CF4644
311
480EE9B02991BCA257A71861F00666D9410288487618D120D0E80D7773E2B7DD180E100EC98B221C94BFC4FF531A09B986230F1CD08378A8E4D0FDD7D9B1BC75F5C12EAD7FF83F3ED19EB018620303C217A6A35D826E72ABF2D8E2BB1B783F6E48D2E3F360806E1D192085D022103473A10375B63853EC54F500B5B064DBC2
311
0945B88160DCF7E4F83A0200BF6FAEAC88E9F54D22D898E43F378D20B51B5D6B1457000922202800DD401A9266483029C0D6D57ED80D42A0E6E08835F0F3AC73D7FAE6D56185F04FC44472B854EB7D9CBF7134DF3DDC35A9F6B38417DD6F508B37C1A718B0D054124176F7222F62DFB327F34D451799D56216880193254FF7
311
82D7DDE26C271BF38C6E422E271CE4AB8823C9510F021126A7A944E00DB4031D013C88EA0746C96D4574069BD5439C4110403B40020C30B07A604F1E41D19C21A93FD9002DFC35F23B1E7B98E95E38387E3603FE7393680410D702FF9ED5A3C5E5CE68B5827D721FA78F3A9A0C08A79722D9C9B418F46C0057BB1640C70AA4
311
A03D29CECF33987596D53CFB27B32C3BE304C540E14BF8464E080918268D254838C91A01F0FFB99154FD8A9C0495EAA6534A6C464440B4A71E16100E7405088122A35F7A511DC003D002E6C8E7E15F6D1D2FD09014139EC11FDC89394621F77B9F88EB5A583C41E2FEDBC8F82334494C0BFA97FF3C3A34ADE60385B60E5A30
311
CF036E5E75370BE3B83AE73B3B7DC0BB337DA0045299ED0C66681E4AE223D01B1BC3BD4C921E2005FEB5114739040758189BA8A320067B62A3995E4720055065AC2B4A8006BF8CFCC907C0063EACE41813C5F017065AD46CFDC6FF1BFEE052932CA3478C8E5A6F25DC8503D40F61FC1B047E4DFFE8E84407C81F1AC7B5C79D
311
A358551CD0D13785A9AEB38D6EB68A0A8087FC6543E7471082873CDCE5CBEA1EFC5CC0579469E225428E9A43D6A6000B4219DE52E8DF00A55F4BF5035960661C2DB88AC1F67C2890A93FC420193C8326409E7B595FBBBA9AE1D1511B3F6D65B09AC10A71C2317201A603E88C56CC68C91279E83F5C147787EFE6C675F00941
311
D23EF092920330982DF38C65EDFCA89DA98E8ADDECCD77CB86D85118F3DD9884820B1128010D02F1060F582871CC8FF42024C02239273A1CC3BF71E770DFB7E96081682803188118B50310BD620234F230B12711B063E0F0490FCDA9248B580D3D3DE944A30CFCF2A1E0F6E59E8FBEA289CCCC943785BB8880ADA9C2FD70F6
311
A13F5418444E3A669273C006C4B4EEEC067827539FFBEA9CFF04D84E7F170480037005AAC8829084329899F90B5E013927F8E646514B4824B01D11F72C012CEACD163B6358A4454A4221D06E68A71062520649BF9E9127D0772D6E5EADED52FF216BC2FC513C7D3C5CC4C8AF009811826AE20203B076A2AA66D8D32E317DEE
311
0EFC000FCE16D9E0BEB17C74AB009256C5D8AD1CBABBDA61402612C675FBD72D07E633B1A42F2421208CE01397560811204306617A5141706105C9F4984C459F2D0F6C392FA05BED808512B0B9A8A9FC6CED89640EA347D31F0DF76D3D9E61E800FE9F7601BE4C9614A1C58E6C839F13A12D0EB426DE6386B82369A9E6A7F1
311
F9146EB578A2EF4289AA109B4F6CEFEC0463E0072A05CC9DEDEDFE08407B173B8AA65399C80B2911252E6290C82CC1B8909140C11B7AE161B42B93905045D017E00CED6D27AAA15F2C2179F1E83D411A7020B9408D202381E7E5DEE5A9E7E5CDE3B186433F488AC81554BEC09BC579018ADD1DCB3D9D70F02B14BF9159A4DA
311
376225FE43DA224FED327941705DA582B2FD1BB5DC0540667B650BECDD1D5DDFB0C7F36DEE2B94F6EE2EE4E426F20A1174C31DF153321A24114C4FFF25E505475F6906D4149B21F1BD9D9DF7B059F8E0FD83323CB97991FE80EE131A9003B81C491B218B1D42C0C0D593D9D548003839DC29A740298B0C23F0CE14BB167BD6
311
1989AEF0B985C8FAC8F923A73F31953989F0F6C96CA6C4D0A9A88184BEDBBBDA3BBADE77CD8E2FFEDEEF46184A86671D7DDC51417477BE9F04804F305AC82C2D018A21EA903866A0F959FBD4139916D036635EE03DDB7408BCF0627A03027AD314C09B0A27F0A79490D53839D0DAF1416995CAB24101FA63F75029D57A4CBB
311
A9FB4D120ADB17FB5A999FC9420DFE04FA670430B90FE7F589F7FE8D50A4B5F004CE5F07EB4EA007F8AEAE8E8EF7DB3BE2F81F42166C7246FA9E62D02C8209BA1024414C483498B50229FD923F2414040B2081390AAC353B5283EADA12A30B1080866D746B9ABF5BC107F33C2A015B275480759334B83AB02175EFD0DEC785
311
DFC505E0064F4EBA5A97073A74C5C9FEC97BD25D819E28AEE661FD2732B8BBFB1BF13441B3C1F45E8AC1752BBF80C113DE960E0AC7D9D02C58C80505A19BA0E84B14402601A590A4AE00A825E98C3212342302EE10FC5100681F86834A2804BC409D70270A2091DCE874B16BE0706C974EB3D26EFEDFFCA6C4579AA4DB7817
311
08469F055532A7046C6BEB0CF39F3ED2EC4FBCA3D00EA91CA68FD2B87B5C191E0EB2C300F00A1C9881F263571C6CFD83D079D09F176FAD839340CF030F70458F81F09AEE1329505150CA0A00576B56C06D58070B23086F685E44232D9D53DE3FC3731044F286D19F459351863F749F1104198D6E14BBC68E17CAE70D7AFD95
311
8E350BEBBC70C9C4DFBA075240DA27D40AD7DB063A097DD3F041EDB3E4B682A7A12A548F3393DB01945547175879989302521EEB1431B08759B632B174E0F700E774FCA1BB83F95029ED1A084288C8893520E49415E00DA080AE8027C34206D35491D050A4C6B080F6A20889A2FF82379AB6234F6710C05F9080ADF002B9C9
311
F9C583AB220F45D618D7E7F7547FB27CED8A8B7A7D24EDA4988B0C1C2A1AFB53FDC61BF3DE50D63C560F0120B0372F0839DDDAF13E583B868717C1CB8CC71D1D7F440CC82184803144196EFD58BBE00B7EE77DE8C015942357FB06FC906A5E2B8882CCF9FFE184B0035A5CF186A962A63F84B3AAEE3D5A2C830008807568B6
311
A9F424086D2095A3E262DBF124350082C4B5DF4704A9D2C93553DE47BD6766B69349610716999FA25854F759CA9792599D3837ACF6247CE8597B0F960FA3EC45B61715050260C5844FCCFEC9666BC71F875B17E3BCB4CB151405D7D08F846B4CB952248B4603CC402B609E90F0044A007FA800EC46D07A51232B00E5683C55
311
D5096E1374DA4FCBBDE2C25A5B8D26008227CA7758033D7D70DF12CAF7F247939F93F1CC63047D63ADA0B7CC8771B234D8095FCDB577B586D1834062035670E204B245EC093FCBE15626C10D210CB38A13F50E10A0D5C0814B0C4B30AA9858516001669002229618F100767AA3D6D2528595FE7A398C2D2300ED0013A0AE60
311
B91644A057327BD3C36BEBF48C91279B45F8BD145494674AFB211A91977CB838DF35DCB3D6D6AA2FB2784B591ED785DFD7DB77747DAC9D2F7674810EFC2895F9ED8007EC7885101679C06F21E4B1C8A6120956F80518D1DAF1717BEBFB5803E20C6F2A11B2E48AFF4AD2810A70054623E341B3D1ACD92DA91150DE631EEB2C
311
28882D092049C0DD38E262A7BD6F98549930C9D44B7C37028AEA9F8C5628A2BEF5704C0DCB2B428181B1BE766F43014498D2E57791E4C8DA6BD2ABF5003F0C40202E2E32EDFB02852D16C30B7F646B98FDF86C7891690043128B0A0DE6B4EA27F08C30CA34C9D0AA0852A5997F8D11A6EE84E040B20472020256F4AFEBBB74
311
E6705A12083B249089218E6452C8E5A69717E904A3F5EF3D5D08EC1F4D4E85086B238CFFC11AB9AE972CB775616C6D1DE04DDF073B4DE3747C41FBAE6072901CAD0237100670C5A00C2C3CE063610ED824826C1F6650700E88C00B62468903A0D71D3A390255AD7040048348C56C4647413C2C2561216E0C469203EF06A5B1
311
01AD40D0E207F78B124747DB5B4BBB4E88B1C373C114E0470B345156EDDBCE1B4DBDF81DBC400746B0B54E05F693707B89A5E430982C2AC7D10DFF11D5B102B9505034B35D07E8E5F585757F088B390F2D4C85CF7218E8418BB4F25B885053D07D5A908326809F31D6CC6B77CC948413B28664484439D118DBAC27DB5AC40C
311
1AD166F25E6A2F0AE82100C0BF220405323E1FF80DFC518CACA8DE1003F3C9FAE9C7B2D60703A0004F8EAEAD2DE0F5485452D15B77B4B67F4C2403B8D8F9C533558ADE058A9E177A1698F75DC0EB4C800F74C0270178C8579C1FACD025F0560844502D2BBC01E620030CB93636C1041636A693949CD80139FD15BE107F9055
311
90A292840F8860706D07E2970A2F15E5B13B87C3143CB2930374CC46A6F9B9D7A5CCCC14E11B9E879A49FBE27ADBD6DA82410FBB94FAA8487D61B51F4BE0A03FD08743C31020D6628ED20305A22C2C2FAFA7ED1E7881C438AA5B9035F20759E243C51F34D0D5F02F11403B9E204CC1686C0B6C9000470561519CBE1B0E4FBE
311
AB37A39EE4B84C05F023858779341991F36D9D9F351E7BB3B5ADF00148D9D05784F9AD8B037D48C01BFA83D4247F03BB768BEEF973A14E610090D4B96B1EEC5C5E66928F28EBEB6CF578B067DD83086081579848E60DFC7684044D8174993C39F886043481F6A2B743B18749E52447CD4D230513032D20D20206E536E15BCF
311
7B7D211634F98FF9986287F33F9A94615A5A0A7CACF8DF5DCC1AC6EF9AF1945EB78E0A2FED1DA2ACC00EF983F9A012260BD722EF61C9DBCDD8719703ECF839029010CA0B9F100B1D2842153E01A1A3837AB579516A31982FD2908A09100DAE591016CBCD4B011A2F4DE299E1338CE065DC4841BF9895D8C81714800CD08F5A
311
D39601BC929B55D291F6CDCEF2AB40DD5D98F4E6F107C47AEE4A09A079C05316F479DAF4C2BAB83221BCC0CE23FE3D3D4C7BC9AB673D89A3677D6020F6E182332028012FA0FBE0B2668FB85485902A8E7FA0BA2105C213E20BC2169211A4BABA7D693C3F1DA961F203694853137073AD5CD25F1C017DE0477626D7BA55B88F
311
83B5EE513C41D814639FD1BF759171F4577D3CAB0C3DFF68B2D3B1F8478C18F67BEBB2598FA76A4545E9E961BACF657E0791D2373030E0EC9FAEDD17BEA7703A738185D08236C407448A4CB504CBF01FF43859D3115488EA01B55078000DF085911805790DE1B41B6F8CB2889C3834FE02AFE07D85143C6C008438A944EA63
311
E047023A7EF37E13B0903AFEA7BBAB9579330FAFDAACD540022980B65A75FBA17D388F1E6576405CCE7032D95BDA420E7DC0EFA320879E5F8B3B04C1D2D9C1114210C19FCC49DC6A855E12010184DB8968109ED016E4683CD552A36B3AFA13BFC2114068935A7E774CD2C7225642B73325938052D8634ABC18DC9442BF9E04
311
02E85B42F9F3273672DA8E8F1070405D1DC3248487574CD98092B8B956E6AFE1566530B78FAE05B4A0DE51FBAF85DD075C7E11939F80E015A58D1F87E400CFFD2306C4D1D3C634380A201545A92BE01F445800BE12302AB477BD6F62600D211232EB061448A0D2B877BB940D63D059C37E0569A83DE93E214F4BD86209FF6F
311
479C640AFF8AF6D1BFD987D029A94DB7C329B4184D4BB013BF912FB88FEEF913071A8D82B651BC10DB067A7EC52FE1B421883144C00F64FA23A11CF708BF16CA59F18D4C04B8085964B2D8DA4A855187000BE440BC816FFB13374640B0EB1D0998AF38A1AEF503F14302E2811081FC12EA6CD38A63B33035125F40F170C0B0
311
AA45E9FCA38FC6D688D48563B5C4B4B7C359D3C7AE0EFB16ACD5E2FAA47EF8307044B4EBE1C71E84E742D81431FB06B90B600B9C239E277A57C94C427EE10E7826980C0136600D916A06058CBE8604DB4D314FBC014EDAACD0820F14BF75449B70339490FE5A0491221BF95F949DF1235380E969AABDBE2D32EB4403D3FDF1
311
7F42F9A0A7C28ED75BE86BDB7C7EC80C76F86B8800F77B305EB88F00A4352E0F8089EF811EA02A3DF08F7DA008F803BE4B4EF5F41E56087099E920708C3D720916444440FDFA013D4E1201414123A09290F5BD7AB729298209C4306D007BB0829FD4EC3A6D7E4F00B67DF38CA0764F832F0448E58439B952CB4F70DF964AFA
311
74CCFDBABBDF273E2FF4F56D3DBFF2A78D42FFF2755DF307066497F44062AADFC0CC546F6DCCFECECFA232E14F408F05477D311B683A35BC245FCF8A5CD2AF20022C21022266905A5BCC8B20235D6FF04019CC04058AC80023662E25F342063165956320BE50370F2A657BACC817DDA3DDD3EFE04028645780A768FE38DBA8
311
8BF2EF3ADADFC7FEACA952E5A77568ECF0C971DF32BF1D24F8486B22A649EC81B1B60315CBEFC026091CA45F858D7D04C1B437079431E63E38F880758842E780A9E03791C0FAAFE10012588C3C592FE35461A6047802BA18686887023A422A49599399893103942CF6DA53A8E387825FA0678B261F139F801E2B17C901D0F5
311
217E07AC2401A87D0480F753FBED44FE949C93A1D042B879FCE499B3D861AEB23F9C1F372F0C24D0B7D6E70FE1AAF60F84BAE642D82F0A9F53E22783915518494FDBC0AFAE7DA282E5050B703570E06319A015E00D693A6BEFFAE493941C3B08C13B96BD20D0115A9565701DC58568A3009DA13E965765C03091F0FF339F73
311
09D44F6E61F837F1B1FF920450EB8FC48F9B40158BE89C81A597CFB0DAF5F5755D3886DC13D4479599B583758CBF35663AA234F133F91D3BCCFCE0A794367F385C59B19431780F1C099131384056616E15A1563B50021D369C593FB292685A68A8B2A50A0A2085CF05434617E05FC24A6B077B990014421A68401AC4D65788
311
EE25F737EB780D08A6E38F060F2ABD889E1B889C44852C2FF368C1E3E710D73B6589EA83F7417B341ADA1F639A23D15298F087AD0326410E116C3A1B325218433C71AE62C07C1480F1C045629724A076A4BB8D622D24690486727F56108D07046DAB065000678E04C4F8C342DE27F4AC102D854F2D08D59B4ED0E4F697B0FF
311
62F113646BC5B7F3131D4EA8BF8B265EA3F2026E7061B96F6DF3D993276B2180B8E57067587428579460551049049B074CF8B1066C7E14C705F0B39298C0997C17F701097023BAC31081390196801FB0C2A12380042927503D5A01CA127F9841B460310639C674BC8CDF1A320501448E0068905B07F6E5602F8C1F07786253
311
438CEC51AE61FDB25FF71B09893AC026A9EAE3F30F369F5D5EAEA5801FBAD3C98B38C13EE017B054F81A56F05259DBDA64FE270B1FC4C77200FE276FE814B916E222575ED717A62A92956504605268408CFE13FD61F84252228376060206802B9550F00B9D47E6AF1022538A752CF4FFF1F5931384A9FF8700EDD4FFA2B93F
311
CBFABB3EA6C607FF714B0B8B04EBBE83B52B246092AB018C0D0002FC490849F1E214AE6FC42009D6D86616C835B65DB9862EFC4480C14137603C3089D0A5588FA27E693DD184131BA4E88C35045ACEF1CDE1A82323C20B842F2419604821196EE8185BC834AD44F8E9B7549A32900196E9ECBBE20FFB4706861AACADBBFD9B
311
56A23FFD3AB8BFACC18B1B5AC0ECD7B6AE2E2E9CCD2BE8AF1B1BC3A813B94107E82DE67A42E7CC7D4A6116700B5B2EE3C338A09B840F07C40A64800D7C605AC42B72227C4C7020AB1F20056E26F542717F56534261DE3766AC10A6ED2D006DD03BA9DBA507AE0510A8B385C92363B9154167F1230C40D76AF6F3BE0CA08F8B
311
A2FFBBCEFB09D0986550E0F0EAE2F2780CDF850CB0F88CFC2815FE87BD83909F474F45DD47F1C821DB2107A8817FD45384F57891B65F2543D0C1E20A89B4A8DF806862AC27C60F6A054627FD344250718AC0FA21CDC4E28DBF2650D1B39D8B8A420C348A4F846E2BE824BF8C45E1DB8EEB52F576F47A75FF95F90FCE0FD3A7
311
A08D48D5B9AFBE3EA658E1676FE3372FB57F0AD8D70ED4AEBA3D4C2BE0AAF1C3AD63A6004D12900CFC481A47430C9EACB390038642C8C41B13303166614210592736B8603AD4FAB17189DBB32F3915F0C380795A089A15228460BDE8E52203527D41B5470901B088D84FF8B3FE2BA7F4FD30ACAB3DE0B7E2FF95807AB0010F
311
FDE3A048F7360F9F3FB9380EE537F16F8673131325D3351A3F664022020811A0FE8C019CA17370725CBFF64132025DA1BE2555102212E80A907FB43ED80A991A8AAC183932C19AE17524B06590B6AD286EB99BAD18FF4BD64BAB519202F992A963648ED30E7521F909F090C0213E367A77D8836BEB6F34D92EDA6241830702
311
48351F1A079E5D3E7A9EE81F2CE6678F92E299EE312B6C0572C0A7B5EEE07853612403813152C7125E2022A20C18F855DBAFA399817FC97FB6E1CDCA31D348434ACD0012F0D32A5456B4007E6E92D72B1A4E9971223A42C1042819E4049C0C5801300C0013FA48F8944FBAE71DAFC27F1826FA2304ECDF3F6C10FF47D5C7E4
311
9748DDD687DE8E91C09394EE0682A4F84CFD6067EEDF43E67EA46CB2F4070160439245F00343D03BF25D7E2F26FC400A896DBF19FB8D4D0A66DA669C3D608F9CD048A0533621B25690EE19D5D15248E390F042B12C682511B02BFE3E5700E4C9A9B2107A8F45248FA48234FD23005ED1F4EFE80D1320836F04003BF42856D4
311
78D1DCA3ABEEE3C68F9F30C3A16E5C238EA5DE3FF37DACC2F8B7980033F47FAC34421EF0418A045394802CE032D61C70023D788136788613887C0011A4EA316E005718AE191F8D0D841B9C679CD2FC478442D005429166F5A24403B1E6ACF3298F388B6D0BA933D92339D48969A5C11F09B4FF017A9900A4F887010C474717
311
E10F36468032FF33F4AD610517777104CD920C3CD15FC5F3B3A0C75BBCA3B00F2724863C10BCD4A0E00736C7981F2F72E4B001438B99714FCFAF713A2603BC710376A1715FC602022202E06FDEBBC680A3DF1C4C095A12C50B554FE7623B50374FB2129DDEA4C392C9188077658C87F55FF92FFA507FF03FC8DFD3F31BDAB4
311
6DD51AEB03F7E1B38B8B87CFF47EA1479C3EBAD5C6B382C221C0F1B358B39D76D9D3142C4A20935F541E492E0EF081BA41B3620A8E172B584EA1485632E22A8221CEDAC6110AFA4B6D43E2B76A18AB240BB24337721C9321D2C033B2D3E2641A55A400A28403C12D1DADE39AD23FC5FC08C47A64DC3FF6DFF76B5235124022
311
D7E6D6D5F3CB870F9F31C96FE477FAFE54100068A3A87FA5908A2C08011CF31309C10025B089FEF9C510522B8DC07C30AA469841723A10C08E27F00F7FBC181C083F2809EC3B2B328E294AEAD5A071B3A95C81D2DE3F930372D022C9C793535B92FDAD5426E90490C3C81D000017C6494441544698C416520C1C40C71FC204
311
B22448FD9303782FBA67089A1A7D4CE38E89050FEF5F1E078A4DCCFADA058032C34C1CBC2E1202B1F8962B1A8024F0EB7A11F209E96FB369D4B64202FE7BA230AD24C46413536EAE955B341B726C593B5D4630C0BE822480908522B0D85430230352618DCD4F7BA6D568BF4343801480006658EA3EDCBFFA9702B4FDE90221
311
63C43F9B72B58001A23FCE6F0B3FF0E4E1DDFB9801A6FC42FD0132CC1F2224F89933107AD30B6C9131A53818AE944BE25A70810821C38F098411980E46D108F483DC63F49B91B852351604091D60546702F58A3872A1716411B642C7629C267E64E77719F46B0548FD6BFFFC86A38DBFADFCDF700228C124C8664FAA02BFB1
311
F92B09800876FCE4F2D1C3FB4FD0A44E0106A8DB8079751CBF0BD9340066C3D52BC64706467C05B5A54401BE4A1B0132A55EAC1CCCB10D378A3DFEB9812022327745EF2102886A9142C812A1A2C9708027BB55B7006357459F9C2080E0BC34489FC629510F3017B62D5073E2A2C64048A0A42580E413BA9E08274091A398EA
311
80B5BF31C87BF5ECF8F1C5DDFB4F22AAC181F070AAFDDAE5650C4000516440D8806786D874215149E69ABEC43FF0EFC820FEA112B0522003C84BE03FB76623513B6D840820358B084119B0CEC8C00AE888826339A54091F5FCA513AFE147975BB1A86FC50618D9D74502F0C7C8815AA306602FEE3A5E79E0D7DED1B2210011
311
18B73182CD439A092FF801105D1AA14E1918EC282F6260869D55108065988BD67F68E5581720A708051F7C8070F582389C682BE53F2AFD85853F2A013D21564028E06E79B7A71E43212180A81541EBC88F451E02385100491AB0C4A3BC5309A95911E66D04C0B448366988ECD204C2FC930F8CEE8FA410EE4C25B58DD1B6EB
311
AD83F6196670F7DE635282C0A56A851AB035831725F0471A10FE52097089C80495804100318405F0DFC2136004B4C40705EC9154315129205EC357930035688F61AC02188250CFA9A980233925F16A117A48CA54DAB6400221976B75D863330942E20EE3B00B08FBB71AA813B0E502FD2B023DF70114E0D7DF2E2EEEDE7B78
311
9504200112075478F2FBD6897835C91F0C20782401E801A2F9142700B74805703426023A81CC0BE88B537D0003E0C5181D29EB8D83050964DD2580910A1E7A8138F76253DC01DC2F3824391AD748276C0B0CDF12366625D038603D0003E0266CB42704C8CE7FA7F11B4D59C0BF454A78F8FCF1E50513715D46960703127235
311
8F04E0003C90107223A581218F10008B10247CD20D860FF0BF48801040B361808148714764028EAC137E871501EFDD97C89B52107FF1235B0928C562530082573CE137840EFEF82A0BDC602736C595912FBEC69E6A3A26903B3A300C5A098A9E3F1810CDFFBA019D97B4E7A7A075850F2E92569BD960CA7B8304995FD006FC
311
4213BB1448A6F4BFBB3A9F9FC4962D0A1369129B10073771FEDA38B1737B663A71C088D8848027FC3008DAC4E4397A6F76271DFFFCF77D6BD7F1F67DA51E0E08875A6BAFBD6BD7AE52CC04A0B4A2206F650EC412841A48258258E8662C3838FBE21E25172C2A15A4F78D82DCF68A005DCF07047C183E1CE47731BBCCB5469D
311
9169E0D588945BEB637E87802A03D88FB82486210D28FB3B858D13DC7CE75F5E6F3B03C1744D30CC58C7C7A256146853A05243060B850072A7010CA47CFBF9A1E24F414037B8781E8E9F219A774B36481CB43E48A79819D638C8760D672FAC19FB9D3FC5EA9158DBD0159C27860409682E8FF2595652FE189D2CC2D7C023E9
311
44158355806FC320087CC74116030CC376C559C098B93A041C5DDA48AF33827D2327DC761D19C17CC62780D82A170E6CE7415A5E7FE825E053048F88D2AC2A561CA4D4C60098DA28EF1A01382772484698F60C8DD24BF396EA76260542810A625978C03580A9CAB91D10249BE579B0377A3DD15749A45F24C4D81FF3D7D799
311
6F6A1690288008C0FF6CC186DA9D5FC95BB09B1301004B016E707FDFED306A1BE8FA208828F00BF342186839839F1F6FA338DC5A0200FF383DE92614C03A4508DA18F4D85F9354F7E867AA77A42FF49BBE6757A1A7454448D0BFC3C220714FE43A3D8F1547BE10F0BC5A05985AC3C28829A06FE24CD062700601F4AF12AF99
311
099B08E7071DC4626A97C920C3FF96E190C9D1FD7CB6163E800D79E5F3F10A9306C02B799E80F1AB380E0571A584C0370A220C3125000B500900D96FEA40409F980E2083E4EDF4D8D2480AE5667222E020BCDAD4EF19682120818FE18EC7FD6AAD67C03F7DF1955E697456F517AC4F24700C30171C67E9168B109A4F60AFA6
311
0F98BE30941BF776DBC7C70792A2FBE98AAA97224F8BEA39B47BFD14A8CD03320DA2B676E3AA397E652E30A42CE2987B7DA1EF7F75242413800A04C0270C62A13372400B435ACD84B8B5009208F5AC73EB149FFF3508E21C2201E0338BE07E50EB47E7FF6D97724A601028C5519073E7978EC88834410450E074DD58AD13A4
311
900103A6444A9CB99103229F0EF8C0C78161EBC68137240734CDCFC349807851E0EB46CE864D2E405ED341B71A390CF2DE20CF5193189E1901E866D0230409684B193D17E2928534D04240937D3C84477494FC5E0FE0B448E35AFC19007926C1C6A6E622FDB8A12E30993C6710E070397C4B26304C0AE38218D19F01FFB15B
311
AE1C0E7E74DF75F2406E373C414E848FF8E500EFAF3C1029C9C0ADAB2313A7426CA9B2C1B9E30032C84EF31A09A88A386F136E8C2F1D582EA0459207015F10F1F001F0B1B7DF7222011EA2001F00BFD36BAEE0850928B08C077030FE3806C880EAA74BCE0863A952812E6008B3A89199C1EE918AF96AF583F1A073B0A355B9
311
D861AF1460DCFB3BFC6B7EFDC834B09700CBED3510E48DC7129041C991F06BA5006CA6B5B34EE21501374E8DFC910042036111EC9C7CFA1C05D48A7270F7F835BF04A4194DA4CF76CEC66718C84CD020D04C412AC848F03E3C61A1C8D50D0EA6838A00376054D3DF61A0E393E1F8B058A6C994093476D601A4A06F0CFD3C0A
311
6BFA910E75CC10400A80FDA93AC9B5EA4303F6C0D188B559086091CC5910137772E14F2376D03181B5CFE74C0EA38440D0AC256D6C4D104CE05302FCC00B60B9CD4D71E08BD40C144A025E60D4C1F45FE846A2105D717EEA84808A5DD90A168E133640311CF05DD870768683F5D2F1800F485AEBE5CABD8FFA3C0BEB337024
311
93AEB551B1EB035EF5C8E5757FA7832141F88E8578A363802B560007AF93D7D470B478C4D00B412D634C9140C4F9275C00DCE8DFE3C7F8C0AFBC5B2CE82E3C3BDF393D4375D50C43CD1C17E3777CD2C170725B7B42B41DF15BFC344DAD089C1E9118522B4A2C60B794E4E8F33081BB7C8CFCEEA0B2015E49D586429C6C7864
311
6180B7710E06018A3082243C275F077FBE412C17DE80D3E6B9462C5204C5D980D1DF84A864401C483CD01B143F4A4868087A0F780F37230200A4FBF6AED325114C367C22512750A5C7C3E32D545CE20A0904183BA10015DCAD89864B3E1EE97EBAE8B204266A48E010511838E2FE413FB116E60880C2D8440AC3880DDA6DF6
311
618C138CF1CB2A09637E18D00F80CB0DC05322E31EADB8081C29410903F06BFCDF5AB46024E4A75828056440503C707856EF0C037623DD4922A400E8A6BD75E4D2800905F18450A00CEE88860C8964C7B3F90F56528BA18F71CFBBBCD2D05797E168FC37DB26DBE0DD2EAEF39686C18440820013C1444055402A541400DD36
311
2A0A402F1FE51246404E098249FEE30708C10CA0B54601053159480C00BAA9B1223A773234FE72FD5C3BD81804D8D196FE3D5315A0C981D88D04FA01DFC185CA93F9120E1F480B08063364A0A318F08DF95056E4C91F1150D31B011200383502E079EE43CC18603AE2F88FD139C802A739F208E88D06DC78267C448C27C411
311
3C19B0F51B0E9C1C021CF8F9167C6B1F2E10E461002910105D1042792D1CA303F469714C018C23D72179E165049C40E801CB96CF334562E5807291D1E0C70FE6CAD91656715F0E5C5E70F8D7F83290549B1BAA6F781D25180EBCA93EC84E72A74081CE3020789B3790E1A9E478E658C099BECFF01E530E80EC5FE31204ACFF
311
70AF8177A03059240CD074978A002A878BF883FEEC81DD684E406CA630ACFDE87292822A11953710F000885D6F68A67ED40CD772B0828359B753F7CE23D9479AB9845771B389D6A77130F8C134EFC83947392029B10E4425440A84AF0E54825228FC1634D369874739C837A9DDC83C20D320C36042610ECDFA750303710224
311
D01202488012CA847424F8D53F78AB6BECE9B3B35A7F32396AC6B7444566327DBB4DF06FD9616744F4D3A397EB3B0A3FBA8D763702883ED742FE5CD24146D8E353ACCF811C806AE09914D8446E93840FF4D6C963FF32BFB6AB015D1D3B0C9A0968776F021F21404B6260CF84A14F35180CE20B5E85BDA2EC91FD5A7DBA7E57
311
05F4F0F97AF26CE18E3BA078138202400A62930FA6CC7882F911A92F33E547E64990B0F27323D73B6222863F86425153FA8009361C675554C25382CE148420C8DCC47A20122806CA178A0918C14CBD33440289078A00EC6070184CA9907FD0A1270478E0B325B67C2193694EDB7DD0F3C238447C8A11485562FB4902134E6A
311
C952FD5320A4F7C780882DA9684285CD81D278C0E8FF8DEC9F45D22DC3C2CA99C2728110888799575B6834BF22B0F01EDE72D7F21B672C40F0A972999E2200B7C91403F9BB3D09C01990819238CBAE5E7510D7D57450507E3DB04AAA0A3C280064E0775380C8C16EEA4834346A04BF0CE847B4B3AF760D06D24BBB267C32E2
311
C9257DE5EB748AD101AF1FD33265E2B674EED8C01A0AC901392211011AC810560F77778E85B13BAFE3E25C95B70919A4862C15928BD8989664AD8638101D009A80F00BDC41AF27602A4BDA0C077E550048E7F1011410F01405045E1C140B4D0E70E0F6E034171C3D6FD12004FCC1FA304312518910356628A4A326EC9ADF5D
311
FFD1B2C0399503F14B4F8E3E0E4E39A06ABCB56A8014687E86E462BDDE5124615ECDB412B7314F62E6E0C76ADEC0F717B360E741960104CF1706CFA18E0605004B01AE007869B095ED92144A807841EFF2811C047889A04901C809062057192688C92346F97F279449F89B113500BAD282D1DA80A55C27EFFE02C8D4F39500
311
3F285B617BBF0831F49B055342DDDD414378E8888E92C16789F269A27C9A221FAA4A0DFDDB9F935B2ECC04DC51481558A69301E0460B02665AC4DD30C03D480866C3409400051811876014C0F294C542821AB045011A3E3F09001FF304E3A0BED05CC11A811B865001769507FC01ADC611F400CF68C7B093606E30F3C7E0F0
311
0C1D10C31951C1E2D7252181DA00345842A19130715C736EC9ECE686A712FDB31E4D3E50AB336E5666D7B212C0113C4A4406029709B43D0228F3FBAF49921B19CA0C82A2D5BC4A2079809240F37D3E10F9637607C3983F0458508A98B8B4EFC92AC13530180CF55359500080061DF59B98BB3FEACEE881DC8127F182A885A8
311
6FB12B43C590A4380504E32305E3148BBEEB2D2782029765428092545BA5C2C681FC5F8E869C0EE1034A822FF09A12C94084505AA868080303473F8161F7AA0A6610745E280BE4427FB770106F8800EADABA19F453210435BDB2348471B13B65F2FCB554827632C4C44467333E4127095D22092ED492009930413251B54083
311
45065065E415266E20279A40B3F520370BE2050C8360E6BB4601C1673B9BFE007EF5200B6483CD195400A783E6DEA0653515B0FCE8E86D1618FC1EFC15C2E727F24F2A2DAB57326D8D0877D4E298894E7A0C3C7D9CE8A0E2D17AA2020FA1097D6372F2A9F955060FDD467AD0426368C24A8340FD0D6687A76316DEF5179ED9
311
042005A2BF02A5DD810A4DEFA4A8F700EFC50FF4FB8C06410F0303C106ADF8852ACC6A2CA9046E9ED070739339857222CC009E206479886EA26227BF7A341A15C351A8404A6C10080A2140FA4B4E8D9B9A11645899332363FD69887F436A660566964250FD752E787B64BCF8E6C8190DF8EA0C854C062D8A5A1346F8104143
311
13E606ECA0AC3A01D6928544029D5F42E202C0CB386F880F7842A31287061F32F3CBE09F2950783394F2F2B23D85386C6F51943E99DD10C8A0000BA9569A14805693274BD0E4F4DC3F28E331EEA91C4F33ABE057889BFB92819187840A08E57A276A8BFCB75B0342668C70C565C8059996D209C2800941A21FB82B2F520BC2
311
E6FE6F1A8827043DE17000DACC8193E78BBB8DF1467978C06F6AFE986123E3A95272CAC122046F4C65C4B88FED2F1CD1D918F7CDBF8903BF1A90057D42F4DC133AF804ACBB58446A0DB78806FC053FA1E45D0AF1112613CC0DD976C5E70AD3282F42725C0D02AC8588DE451B1C01ABF063E7748A3882F0DD484BB78D037F98
311
12240EB88B6034C0AD53E5116D4C6D920C6A89F084E6D0598AD7EB6930CC7B293E27A666E5CDFE9A3FA52FEB3C97976FDAAE9A60008FCA6B33099CF9880D35D419FC687D424378E3099441E110C5B3C6DC311E6653514A67A530D863326C4D8430E0C28024803B5B069B0E60C10EDB6DF087034171DF01F1F3404B27B1056D
311
8C0E56E7CA6056E7798147BE4C2F01CED5987E413AC6A724876DE3F599E0601CE7B9CEF3BEB3671E12DCE8AF9631B8031D3F360B6955DC2342B2A0E4632A00264C0DA002220CFEC3E10D9BADC8904D88DC51928593AA16C91DF6FFF82B3234404C7214D0F8608E0052283EFB2B0563F1D072936C4017706010BCF1B16CDE0C
311
1FA9C777E44E1F5259B0C9BBC8794A82A6C182A3AF56B16921405351FDDC91B5BAAA617860E8D76C97C377FE701A4EB4378FA97C2C8E3CC8950886C6FD93AF70A1F5F676B7ED16CBC56AF5D09110EEB8607CC08A795882358280DDB98AFFE7087C6EB593D62F041CDB4018935238E73F1098100D0C8769818F777057F64C70
311
3C6530E142FDF5C837AE1CF66C94C4887D3A3726AB990DEA248F73B5D32C8E04F6714B1E67C53FC52040252E605B322407CBF8C7F05453462A295ABF4D95592DDD76AC23512E9A2DF964715C80DD752CA8E263AC36F02C3C28A133EB22AC8D099BDEFDE28C3E8FFEE3815D5D00C17C00511058354D62443C1A546280E43572
311
A9C661A34FA5891F8E7570608C8DF21DF51DF9D2A84D4501F41B8CD4F4C9DEB2F901E810C0E4CEB6EC08DFB06341C864CF8D0EEE779A606545E1E64AAF30A4324C20FDD3BD558BD966BA994FA915CD162B1978642AD01694E533EC190368A68234657085B5F88E27A0805E04B8BB6A00A51646EE3C10A50FF007FF410F1963
311
CA69BE2002F0F902E701AEC995FD41F83A3F0C3809A3288A083003A6CC2A20E6D703EE48E3777AC07ADD51EB6101603A9FCF17B3D5928F6D742EE7E4CF38AE2B03C5FB39C81D7B2978FAFE85AF3D2710B0582C970F0FEB0E4D1103B8BE2B4D560CA10002FC8F334C891C07B44FE06B2E3ACE5E1E2D1FC32203110ABF9CA0E8
311
381F68EC3C06701328E5A38278A5FCD944CEA5283DA933DF2A2448BD23F1C5D8BE04CC2DC3B43B3EEC29F8B5FF926D11D3E97EBF7FA1BD1E5E5F5FE6D3D972F548547783146ECD84873F377C5820F7F9FCE5E07378D6CBCB7E036DF7F7104079A05B77C6942D1BA95D47424BFC3DB6411009A42E207871B7EE9B06614BBD20
311
F22F7523FB985F3F7068E37600273A3ED0C1CCC380F6EC4AF01CC1CF95E4848B7BF950AD14C44F10460221E02D21D01DAE800F323704C00035DFE97CB37F797D3D1C0E4FBF35EE1E5E9E0E879FBF3DF6F474780A01FB3DAF01FE0C0798218007C2090A3008BA7682A338F4A8804A06CBFE6A80CEC766F49853F15B2F45FCEA
311
3F8250012841315016E75E797EFEEC4ACA6C79F515CF1738F7C36E2406071051043817C9E8C5888D49D0332E800062FF54FA562BF7446CC0BFDFBF8603D1FEFCC9F7FFB5A7F000430755C2D3F72F2D02A022820897ABDD44594475BDCCA4A10AF34C06B08B4AB58BBFAE30999DC66C7CE903A83CF8EB006EEEAA063430F84B
311
05F0ECF644825F5E95073870E72A0771AB89B080022A0C5A9FAF34C89286257FB7BEA000EC65B59750C68E0815B0D9834B15606328F80709DE09018AC2A7817F83F96DB3D562C10A0A31300230CD4200B87F85808BAF64D04600254047F9C14DE93464009E7F5AABB4FDD6D55142A2C0BF1541FCE19C20C899BF4F76AB54B8
311
4CB97F88F48ECC029FD253F0C70DF4816B9AC94BCBD653B1A283C4001A0337955E4AFED3FB790B6B1F5EA0B5514074103A38D84280EE0F5F9BE974EAB2D16AB1EA969684B6E4166CA28264B300474C7308D20013B204A65F82970718D05678B3315D442E1C0A327E2F56556040C005D2FAB1326A68A07507C9E46A3648555A
311
7080F5F50219A00E6222E3E0862CE95B5680930530742F1D041805E69B788161F015944D041182B861A2C17F3AF01CF5BFDF6C343F9171F5B004BF59C016719164B888EA206A02AD05E8464D06B48E4381A0E9345FD171625AC22198F57C003BEA5510F81FF78D31C9B033D0030000000049454E44AE426082504B03041400
311
06080800C249975C28BB58AF800100009E0500003D00000031423636453630352D344545432D344430302D423230322D4634374643423645324139362F536368656D61732F436F6D6D6F6E536368656D612E786D6CBD544D4FC23018BEFB2B96DE15493C78601010A34B880709DEDFB52FD0D8B54BD70DF6EFED3AC0B12E64
311
42E2716BFB3CEFF3D18E26FB440405EA8C2B1992E1C323095052C5B8DC842437EBFB673219DF8DA659866649B798C078B48AE6410122242F2A4994AC7F93815DF85C049C8564CA0A901499DD886B2EB9B1E02448F358701A9235880C49A0119892A20C89D1B9FD768815CAD268CB5E0355B40B1E47F3E37A2020464BED06AA
311
57CE8FCC20C3C3446D46761A2632A8C1283D07031EFF2AE7CCB1BFEEE916E406DFAC8E36FFD99A9D60A6944090EEDC3B670C7DC13DE86B6B2C5C240D6E503BB85ACD579D513F1B9F9A69DC9CC22AFA80C426D40AF0B21EA168559156B6276F0F726A6BFF04DCD513A87A62CAD41FB24FCB2858B3952E3D852084DA25B9303C
311
15687973CC8E8AAE11DF2836C38C6A9E765E8C1BA1BFB1DC29CDFE518C8B5A7655A4ED7E77291ABEB80DBD82EC866ADE1B8D05AF9E35CF09D7A061F38A986D9EC412B8F0F65E5D81534D9B231D1E5A8FE577A241F3A5FD01504B0304140006080800C249975C1004A04F380500005C1700003E00000031423636453630352D
311
344545432D344430302D423230322D4634374643423645324139362F536368656D61732F47656E65726963536368656D612E786D6CED585B6FDB36147EDFAF20F41EC7F69A2005E214768278069665709ABE0A3445D9DCA80B44CA89F7EB7B0E2FBAC4B2A32643D10E33505411A9C373BEF39D1B2F3F3D27926C79A144964E
311
82D16018109EB22C12E97A12943A3EB9083E5DFD7239558AEB07B6E109BDBA7C5CDC902D959360CE535E0866DF07A7579733AAB85D5AF234E2C51DD5B081CA7A87DEE56E47E2D6689E735AD0947194500A22A249308DB6F82682A3782C52A141BD80E4E54A0A3609622A150F48C16994A57237097451C2DF462738529D3AC5
311
FCFFB5B401988BC78824973CE1A9A628D91CB968BDBAC335B9A4BB379C6ABF5D2474CD7B9F773F7F78C349F055EF13FE2CF856F0A7379CE2BEBCCE6456F8E316A9E66B5E18E4AC77BF5812F5937FDEF0F5BFE3E3C785576D96659253EB54863A87AB5D98ADFEE24C3B8E38FE48BAE2C062631799EDC8BDDD833C6E88585B92
311
87340B23AEA990CA49B1A473421E81F856D06D9125E45E6F001C4F7F85D6DECA8C6A835753A250DA50DF92F743409CBC3BFA4C6EFCE2618D302A0CEDDB264D93950002937BC66489A18D0A345DD650415124BE376A745EA9F0E016108E328D14C979C1302CD6BC0A4191B2C2C49112FFC0DB51401288D6A44C26C1B87A160A
311
B6A11E5BD862514BE8B3DB750607BABFF6F781D6A74EED6EA7AC28FB3BA68C87AC94B2138A99DB41AE7147A71F56659287340123812054CAEC8965690A74E111C5BCA7260158B0963EC50C07E38FEDDFC5C5C70AB6A915F446D44E46C321E46087E23E221E2BC0DA6EB440EE6F44E80CE5AE2E2D2F31AD7AB71B8B139AF730
311
773909401FE0D8DC3FCCFCC3D438DC1176062076C3CB4A9D953ACC72CA84867CDA0361E0910F4EF3B109A07D332211C72556825745A215835F47678059E337068E3ACB0E2EA2B507175B0818FD1082EB4D26186F85BAD33464988F1420E1B9E43D522F8452A450106B04F01362BFF1B2BF5059B60F687C9F663A5439672216
311
3C7231012E7480FE916910E6572B6D8F4A54CBF92C5CD324A163C8508058D3F16A399B13B348C6830FB5FD47257A1B8D2CF08253EE776B3A72D782D895363D96020B6C18D3C86359B3C6D45E728B4B9D716893D091E4D533045F495D2EFEF633FF5A660A520A5790765FE52E12F0AC82685E7FFA0398D65528850A132894DD
311
E9F837B1DE48F8A74D487795A482C7122A6DAE377BDC5DC212A465ECD8B03E7E2E208EC88DD9DA89456CFBC477FB798C74389668AB1A75C820AB7568FCBE0B5F94DC9AFF0D038D9F77E49D45B8278FC7177D0DDCE732FA0BCDDB42720FA90E87115FF76375C5696F368AF83103F6A5911FFF03561EE06AD10ABE933AA9DEC3
311
98588888137017449E09C377051FCAEED1E8BC3BFA9CB27DA2CFDBF533459F374FC0C4FDECCBF3E06CDC6874E0710421EEAA6CEDBFEE60EB913607436C3F5BBF713F6F42253B9A4A0FD64C08416FA986EB02254B1846D82E7CE2584EBE31E340E9A8247483F07D5B84AE3A5AE0D4C5B202EE585468BA84105B1F5EC00C16FA
311
DB133FB7399F390FCF245CBF9027A137FD26D1D651058D44D9B331A93985CAC2046CB4ED9E0314977128A42C13DB06879A273052525D16BE833B8706BD1269FA69F2B9B109BB55D30D37679986D85848B86F026CF21E74809100180B0D280C36F6015A7DFBD06AEB6F8D503BDCD7DD6DABBBEF54E1FF5EDF0E3AD53C03509B
311
5B816FE9F51BC8026F44DAB82BA989F200C4220B24166C3037854094FD46C5648D9C42F8B07E53687D824917FED3CE56F3FBA68BE3C6853FCD64F4A00BB85831B1243346654A134805AF5CF39A9DFE22C9906A6EAFE8303A5F4AC4FBE637489CB62EA59B9D529255F326CCC28ECB77F812A7D6E63DF957504B030414000608
311
0800C249975CF702076DC3010000E60400004500000031423636453630352D344545432D344430302D423230322D4634374643423645324139362F536368656D61732F52656E6465724D6174657269616C536368656D612E786D6CA554CB4EC33010BCF31596EFF405481C9AA2A64851255E4A816BB438DBD4926347B15BE0
311
EFF1236982021512B925E39D9D9D59677EF3510A72C05A7325233A1D4D2841C954CE6511D1BDD99E5FD39BC5D97CA9359A0DDB61098BF9CBFA961C4044344599637D0F066B0E22C074BC98C7A0319C58A9B254B2435ED23BC2F388AECB4A6089D280B18D139496815152EDDF046711DD82D048498D902B293E236AEABD7DF7
311
4D5D839F69EE1D9F48E1F3BF448FC9E6BF144F351E38BEFF9D662D0D16587B77825FAF2195BF515C395B563BC5197A0AE68DCF363BA831CF7C7C8D7F0DA23D42898037B451BA833673DA92BC82D87F636ACFFB0CEC96F4EA30EF9A0FEAB85D91CAED89348D80E9B178DDC3ACFC71D06F2528A182138DD8672E4DC6DC57CF91
311
467432BA985E4DBE3DB399079353607C0A5CDA0B70D4E65A122FA41BAEEF6C272908D315B076451BD55EB0FF9E092E11ACF8C6B5306028F9D5F15EB95426D31532BEE5D6EC700FBA0C1E94211D7ADC8341143D429D2671564059C2EC72108B4EE3847890CC4697DDF8A708DB01FD7AD8209A41EFC2DCFD7063A504821C7869
311
545188D6C16DF801342CCE6B276363DC8EFA4AFD0E86ED0677C3B77747C7FD3FD617504B0304140006080800C249975CDC301E3251000000570000004700000031423636453630352D344545432D344430302D423230322D4634374643423645324139362F4173736574446174612F41737365745461626C654F66436F6E74
311
656E74732E62696E536160607035B330B6343035D735377272D235313530D1B530B774D17532713370333476767373761202AACB4D2C492DCA4CCC492C28484D2C4ACC4B4E050A82012F90744FCD03CA26072767A4E6260200504B0304140006080800C249975CC55C66365600000068000000450000003142363645363035
311
2D344545432D344430302D423230322D4634374643423645324139362F4173736574446174612F53747265616D56657273696F6E5461626C652E696E665D8CBD0A80300C06F73E4B29FE6CDD8A2E82A083B8B7F209014925C9FBA3AEAEC7DD2555D896CB85E51C2A1BD834F6A1F56EC4494C4695278364ABB24ABD2146F88C
311
CEBB89D5321FF8F3F43D672A3B44DF3CB6A1710F504B0304140006080800C249975CE62E9E7437010000A20400003600000031423636453630352D344545432D344430302D423230322D4634374643423645324139362F4173736574446174612F636E782E786D6CCD94314FC3301085FF4A6489318E1B2A0495E30AC1D209
311
242A06B6AB7329561D3BB22F08FE3D769B0154C4D421EBE9BBBBE727BF93EBCFDE161F18A2F1AE610B2E58814EFBD6B87DC346EACA5B56AC950CDED30F8C150E7A6C582E3325F7C18FC3546AB183D1E6AA35EE3015EF6344DAC2CEE253F7E01DA1A3C80A6D21C68645FD8E3D7018C9B7180FBC0502BEE001A31F83C634894C
311
8FD3241D10085BA66A51DF946259D6D75B71B75A2C5762F926AB4C2AB9F3DE4EBC49CB821FAE6AA14F7B9912B2CA8092633013955FC3D45F2AF9CE38592552C94821B93275D0D7903A6018ACD140C9BCCA6B422A1384D0CBEA042B5965177E79F1889D7126B76C9234201F9E93400C6470869EFCA7F6F2DE6C5C24701AE7EC
311
C8B9C6CBFBF072FC45AFA7581E7333BFB49C6BE4C67517C84A753C27293AF9BAA86F504B0304140006080800C249975C8F6B3A14E7000000600100006700000031423636453630352D344545432D344430302D423230322D4634374643423645324139362F5265736F75726365732F45363833393035372D373242422D3435
311
30342D383739442D4234463046313343464643422F7468756D626E61696C2F302F636E782E786D6C4D90C16EC4200C447F25B2D46302495755BB22EC4FF4D44B458937454B300253B57F5F6839EC69ACF193E51975F93EFCF085293B0A2BCC93840183A5CD857D85C2D7F119868B568988EF3018823970856683567BA212BB
311
B5E1D514DF5CEFC2AD9B3B064CCEBEC7B0C360BDC979856C3FF13093294C1BE6DBB41936D33C25CC5492C57A80DD81FD804D681837D08B5C9E46791A97C757F9729E4F67797A53A2915A7D10F9CEBBC098283E2CD2521D43FD472AD100AD4A729D6A2140DF3DA7445D6A9539D5FC1DE29F582113A377D670AD499065E4B142
311
680E25FE61AD44CB5BE5AF8CAAAD1BFD0B504B0304140006080800C249975CA233C2345D000000800000006500000031423636453630352D344545432D344430302D423230322D4634374643423645324139362F5265736F75726365732F45363833393035372D373242422D343530342D383739442D423446304631334346
311
4643422F7468756D626E61696C2F636E782E786D6C4D8B490E80201004BF42E6EE76F3C0F216234B883063108CCF170C074F95AE5473F5C4C06E932E4F28601967600677D21E9D8092EDB002539227A2FCCB80E1168D80A6417297A89C5D6963B7129A0D1E8F2EE73AA7B62BBEB8B27DE50B504B0304140006080800C24997
311
5CBE89762363000000880000005B00000031423636453630352D344545432D344430302D423230322D4634374643423645324139362F5265736F75726365732F45363833393035372D373242422D343530342D383739442D4234463046313343464643422F636E782E786D6C4DCC3B0E80201004D0AB90EDFD75167CCE820A
311
4A845D83603CBE602CAC26799919AEEEE0D965E2E908050C6D0FCCE04C8BC355404EB6198129C92351FAD580A10E464065907C8D948F8F166375F655BDC3FDC3B4E530A176BE7057BDC43B2A593FE403504B0304140006080800C249975CF11C4AB47F000000A30000003600000031423636453630352D344545432D344430
311
302D423230322D4634374643423645324139362F5265736F75726365732F636E782E786D6C4D8CD10E822018465F85FDF71426066E821B16EFE1121D13A191B41E3F685E74F56D67DF395DFFD91C7A9BF8B2C10BA84E0490F18F3059BF0848FB8C39A05E763184FDEF06C88F9B115030C86E89213D0F3499794CAE5067FD7A
311
C0FB95D72D69186617A5306D08C59CB537ACA826BAAA07AD07958D7351F2FC7A794B5E7E01504B0304140006080800C249975C6E3B47960B010000550300003400000031423636453630352D344545432D344430302D423230322D4634374643423645324139362F536368656D61732F636E782E786D6CCD93BD4E04211485
311
5F65426239C08C13A31B862D2CAC6CD4CA0EE1EE4A16B8137E8CBEBDB04EB19BD869B11D9C7CB939E7C015DB4FEFBA0F88C96298C94039E920683436EC6752F2AEBF25DD568A88984F30D205E561264D2652EC239665950CEC54714D75361C56F11EBDC7F0ACDFC12BD269A7529A493A5EA92A190DA403352A2B3AD008094B
311
D4502764EB619DA023A80C86C8918F373D9FFAF1FA85DF6D8669C3A757C11A29C51BA25B791B32445CAE46AEB11E4335C4056B801425DA956A29883C75476B1F8255428A94636D6125F3D75249B52CCE6A956B59EC08FE3052B016F62CF2030488565F6AE6337BFF16FA098281F8585F2A5AE52E35FB6F2EFF56013B6E40FD
311
066D21E437504B0304140006080800C249975CE3603EBE7A000000C20000002C00000031423636453630352D344545432D344430302D423230322D4634374643423645324139362F636E782E786D6C6DCD410EC2201085E1AB90D9DBEACE05D09878023D01A1D34A8419C380F1F82DA68B9AB8FDFEC93C3D7C52546FCC1298
311
0C9CBA232824CF63A0D9402DD3E10C6AB03A3397DD192872090D3406ABE7CCF5B5D18893ABB1690CF4DCF02282E5EA8A5BB96FFE536F285CB347F95BEFFE81C9ED5AFF9D5B1FB575BB00504B0304140006080800C249975CD3C772067E000000A300000007000000636E782E786D6C4D8CD10AC22018465F45FE7BCB895981
311
3A72B9F718CD0D99D3B0193D7E1ABBE8EA83C3778E683FAB476F9B5E2E0609CD8100B2E11147176609799BF00550AB448A71FBBB010AC36A25540C4ACC29E6E78E463B0DD957EA5D5876D868CE0D2727CC8CE930BB1382352514F7ECDC779A1B7ABBF2621CAB52E6D72B5BF3EA0B504B0304140006080800C249975CCA1DF9
311
C9A900000073010000130000005B436F6E74656E745F54797065735D2E786D6CA590410EC2300C04BF12E5DEBA70400835E500FC800F84E0B411AD13252E2ABF27A55740421CEDDDD9B55CEFA7A117778CC979527255565220197F75D42A39B22DB652EC9BFAFC089844F65252B2630E3B80643A1C742A7D40CA8AF571D09C
311
C7D842D0E6A65B8475556DC07862242E78CE904D7D44ABC79EC569CAEBA537E3521C16DF5CA5A40EA17746733E0B6615DE7217475F386F18B9481C510F1F021CD9FF027EA0E1F5C4E609504B0304140006080800C249975C3DEE336E64000000790000001B0000006175746F6465736B2D64657369676E2D7061636B616765
311
2E786D6C35CBC10E83200C00D05F21DCA56CA76D41FC96062B120735B69A7DBE268BB7777961F8D5AF396893C2ADB70FE7ADA196782C2DF776D7A97B5933C430F15651E5469C55D70F80A4992A3ADC954792C525AE70A1E4D6AD9816CC044FEFDF01FE3FDE907802504B0304140006080800C249975C50AFCC04F700000096
311
0100003700000031423636453630352D344545432D344430302D423230322D4634374643423645324139362F4173736574446174612F636F72652E786D6C8550CB6EC32010FC156BEFD86063E7214CD4D49FD0536F08888B1283C5A3EAE71762576A4F3DED6A76667677D8E56B79549FDA07E3EC08A4C650692B9D32761E21
311
C51B3A4275E1CC3B177FD1A0B262D1231418389BBD4BEB0E4967A3B605B54EE91D1421E808957CE46684203FF4226A916266847BBD0A7917B3AE49BDF1384BC9A85D6A54763337A33DF0E144AF433FF4081F8F045132F5E8DA4D2D1A0EB46F71DB1DFAD7893545CC5934CBCF76E9B5885A01CF9C01618ADAEE0D9FCE849E31
311
7D674D617216A2CF3FEF4BCB77C05FCAD593888235DBF48F6B5AD5FFAEC9D8D8B5BBEBA608C0493EF239E0AC2929E5F28C30D79228FF06504B0304140006080800C249975C307199E7F20000008E0100006800000031423636453630352D344545432D344430302D423230322D4634374643423645324139362F5265736F75
311
726365732F45363833393035372D373242422D343530342D383739442D4234463046313343464643422F7468756D626E61696C2F302F636F72652E786D6C8550CB6EC32010FC156BEFD86063C7893091527F424FBD2120094A0C168FAA9F5F885DA93DF5B4ABD999D9DD61E7AFE5597D6A1F8CB313901A43A5AD74CAD8DB04
311
295ED108D59933EF5CFC4583CA8A454F5060E0ECE65D5A77483A1BB52DA8754AEFA0084147A8E43337130479D78BA8458A99111EF52AE443DC744DEA8DC7594A46ED52A3B29BB91AED810F477A19FAA147781C09A264EED1A59B5B341C68DFE2B63BF46F336B8A98B368969FEDD26B11B5029E3903C214B5DD3B3E9E083D61
311
FAC19AC2E42C449F7FDE9796EF8063D66CE81FB7B4AAFFDD92B1B16B77B74D1180937CDC6BC05953D2C9E5155DAE2549FE0D504B0304140006080800C249975C3061FD06F8000000960100006600000031423636453630352D344545432D344430302D423230322D4634374643423645324139362F5265736F75726365732F
311
45363833393035372D373242422D343530342D383739442D4234463046313343464643422F7468756D626E61696C2F636F72652E786D6C8550CB6E833010FC15B477830D8690C83852CA27F4D49B6B1C62056CE447D4CFAF9D50A93DF5B4ABD999D9DD61E7AF75291ECA796DCD00A4C4502823EDA4CD3C400C57D44371E6CC
311
591B7ED1A0306255036418389B9D8DDB0E496B8232193576523B28BC57010AB9A466002F6F6A15A5882131FCBDDC84BC8B5995A47CF1388B514FBB544FC94D5FB572C0BB23BD746DD722DCF7045132B6E8D28C35EA0EB4AD71DD1CDAB7915559CC59D0EBCF76E994086A029E381DC214D5CD3B3E9E083D61FAC1AACCE4CC07
311
977EDE97E6EF80875B5C3F8DD00BAB5ED33FAE719BFE778DDA84A6DE5D5F0A0F9CA4239F03CEAA9C522ACF0853CD89F26F504B0304140006080800C249975CDD6D5F860D010000B10100005C00000031423636453630352D344545432D344430302D423230322D4634374643423645324139362F5265736F75726365732F45
311
363833393035372D373242422D343530342D383739442D4234463046313343464643422F636F72652E786D6C8590CD6EC32010845FC5DA3B36D8E09F0813C971FD043DF5866C92A0C41019A8FAF885C495DA534F8B86193E76F8F16BBD679F6A73DA9A1E488E215366B68B36971E823FA316B2A3E09BB5FE970D322357D543
311
9241F0CB66C36397666BBC3249357651BB289D531EB2F91E0F3DB8F9AA5699CBE0A3C3DDF2879C6FF2A27292BF7C8287A0973DAA97F89A3E6BB581A83B3AD4AC6608B72D41948C0C0DD558A2BAA1ACC465D5B0D3C88B1416DCEBF5873E6F4A7AB580889E1A618ACAEA1D7707420F987EF0223905777E8B3BEFD0B41D88B7BA
311
AD3ACC1AD494C380288BC9B6E94634D0094FA43A4DD369E0C52BF807181ECBFFC0A08DAFCA1DF84A381024FEFF792178910A8CE3D96E9CA96CF10D504B0304140006080800C249975CC4F3AB59F8000000960100003700000031423636453630352D344545432D344430302D423230322D4634374643423645324139362F52
311
65736F75726365732F636F72652E786D6C8550CB6E84300CFC15E47B2040601F0A5969CB17543DF516052F8D7649501E553FBFC942A5F6D493ADF1CCD81E7EF95A1EC5273AAFAD19A02E291468949DB4990788E1468E505C0477D6865F34288C5C70800C83E0B3B371DD21654D4093516327DC41E93D0628D423350378F581
311
8B2C650C89E1EFE52AD55DCE58D6E5C6133C463DED523D25377DD3E840F42776EDBBBE23F478AC09ABC78E5CDBB121FD81750D6DDA43F732F22A8B050F7AF9D9AE1CCA801388C4E90965A469DFE8E95CB33365EFBCCA4CC17D70E9E77D69FE0EC42B7A1B9D42CFAB6DFAC735AED3FFAE519BD036BBEBA6F020EA74E4732078
311
95534AE51961AA3951F10D504B0304140006080800C249975CE95EEB21F6000000940100003500000031423636453630352D344545432D344430302D423230322D4634374643423645324139362F536368656D61732F636F72652E786D6C8550CB6E833010FC15B477830D8690C83852CA1FB4A7DE2CE3502BC1467E54FDFC
311
DA40A5F6D4D3AE66676677875DBF9667F1A99CD7D60C404A0C8532D24EDACC03C470473D1457CE9CB5E1170D0A231635408681B3D9D9B81E90B42628935163277580C27B15A090CFD40CE0E5875A442962480CFF2857211F62562529771E6731EAE990EA29B9E9BB560E7877A6B7AEED5A84FB9E204AC616DD9AB146DD89B6
311
35AE9B53FB32B22A8B390B7AF9D92E9D12414DC013A74398A2BA79C3E70BA1174CDF5995999CF9E0D2CFC7D2FC1DF0D7ED4ECFAA7DF6C733AED3FF9E519BD0D487E7AEF0C0493A711B7056E58C52D9024C35E7C9BF01504B0304140006080800C249975C640285D100010000D80100002D00000031423636453630352D3445
311
45432D344430302D423230322D4634374643423645324139362F636F72652E786D6C9551CD52C320187C15863B09F929DA0EA1636AFA049EBC217C8D4C1BC804707C7CC1C4516F7A825976BF65F7E3C7F7E986DE60F1C6D90E5705C508AC72DAD8B1C3315CC83D4647C117E7C20F1A46564ED0E10C63C1C7C5C5798394B301
311
6C46ADD3B081D27B0818A95BBA74D8AB5798642163480C7F2D66A9AE7284A22A569EE0C14C5F52B5800CA0B1A869CD086D49DD3CD1FDA16A0FB47DE665660A1E8D0D4DBD99C1F4021AB939A44858EC1A5EAECF89168DDE4846A74F9A8B81058BAA676C607447DA613891F69152D22737726EEFCEA79E0DF5C39EA521492CB8
311
0F4BAA661B924BF8AB7C15FE8A1667FDCF68ABC227CFEF5065EE59F0F27309E9CC3B111F504B0304140006080800C249975CA89FA2D404010000B201000008000000636F72652E786D6C8D50CB6E842014FD1572F7282A3A8F20934CFD84AEBAA3C258320A0670D2FE7D61A449BBEBEA9273CF8BCB2E9FCB8C1ECA796D4D0F
311
55410029335AA9CDD4C3166EF808E8C299B336FCA2013262513D2418389B9CDDD60C8DD60465126AAC541914DEAB00689CE3A3073F7EA84514620B91E1EFC52AC6BB985451153B8FB3A0971FE9E894084A02AF49DD614271DDBC92D3B9A26742DF5899989C6D9B96394ACB98AE6F5A39E0DD895EBBB66B31391E2B4CABA1C5
311
D766A87177A06DB46B0EEDCBC0CA24E6CC0717FF9C4D62CF80BC78A45C56EE2BCEDEAD9D33219692C89AF90B3861655AFC29BDADF21FA5B5094D9D0D7785075EC542CF450C4E178CE379DE38D3B5F937504B01021400140006080800C249975C44687EA022010000A80100004F000000000000000000000000000000000031
311
423636453630352D344545432D344430302D423230322D4634374643423645324139362F4173736574446174612F446566696E6974696F6E4974657261746F7250726F706572746965732E62696E504B01021400140006080800C249975C3F44BA601F0100003002000045000000000000000000000000008F010000314236
311
36453630352D344545432D344430302D423230322D4634374643423645324139362F4173736574446174612F496E7374616E636550726F706572746965732E62696E504B01021400140006080800C249975CB5A795FFE3790000DE7900006B000000000000000000000000001103000031423636453630352D344545432D34
311
4430302D423230322D4634374643423645324139362F5265736F75726365732F45363833393035372D373242422D343530342D383739442D4234463046313343464643422F7468756D626E61696C2F302F67656E657269635F706E67504B01021400140006080800C249975C28BB58AF800100009E0500003D000000000000
311
000000000000007D7D000031423636453630352D344545432D344430302D423230322D4634374643423645324139362F536368656D61732F436F6D6D6F6E536368656D612E786D6C504B01021400140006080800C249975C1004A04F380500005C1700003E00000000000000000000000000587F000031423636453630352D
311
344545432D344430302D423230322D4634374643423645324139362F536368656D61732F47656E65726963536368656D612E786D6C504B01021400140006080800C249975CF702076DC3010000E60400004500000000000000000000000000EC84000031423636453630352D344545432D344430302D423230322D46343746
311
43423645324139362F536368656D61732F52656E6465724D6174657269616C536368656D612E786D6C504B01021400140006080800C249975CDC301E32510000005700000047000000000000000000000000001287000031423636453630352D344545432D344430302D423230322D4634374643423645324139362F417373
311
6574446174612F41737365745461626C654F66436F6E74656E74732E62696E504B01021400140006080800C249975CC55C663656000000680000004500000000000000000000000000C887000031423636453630352D344545432D344430302D423230322D4634374643423645324139362F4173736574446174612F537472
311
65616D56657273696F6E5461626C652E696E66504B01021400140006080800C249975CE62E9E7437010000A204000036000000000000000000000000008188000031423636453630352D344545432D344430302D423230322D4634374643423645324139362F4173736574446174612F636E782E786D6C504B010214001400
311
06080800C249975C8F6B3A14E70000006001000067000000000000000000000000000C8A000031423636453630352D344545432D344430302D423230322D4634374643423645324139362F5265736F75726365732F45363833393035372D373242422D343530342D383739442D4234463046313343464643422F7468756D62
311
6E61696C2F302F636E782E786D6C504B01021400140006080800C249975CA233C2345D000000800000006500000000000000000000000000788B000031423636453630352D344545432D344430302D423230322D4634374643423645324139362F5265736F75726365732F45363833393035372D373242422D343530342D38
311
3739442D4234463046313343464643422F7468756D626E61696C2F636E782E786D6C504B01021400140006080800C249975CBE89762363000000880000005B00000000000000000000000000588C000031423636453630352D344545432D344430302D423230322D4634374643423645324139362F5265736F75726365732F
311
45363833393035372D373242422D343530342D383739442D4234463046313343464643422F636E782E786D6C504B01021400140006080800C249975CF11C4AB47F000000A30000003600000000000000000000000000348D000031423636453630352D344545432D344430302D423230322D4634374643423645324139362F
311
5265736F75726365732F636E782E786D6C504B01021400140006080800C249975C6E3B47960B010000550300003400000000000000000000000000078E000031423636453630352D344545432D344430302D423230322D4634374643423645324139362F536368656D61732F636E782E786D6C504B01021400140006080800
311
C249975CE3603EBE7A000000C20000002C00000000000000000000000000648F000031423636453630352D344545432D344430302D423230322D4634374643423645324139362F636E782E786D6C504B01021400140006080800C249975CD3C772067E000000A3000000070000000000000000000000000028900000636E78
311
2E786D6C504B01021400140006080800C249975CCA1DF9C9A9000000730100001300000000000000000000000000CB9000005B436F6E74656E745F54797065735D2E786D6C504B01021400140006080800C249975C3DEE336E64000000790000001B00000000000000000000000000A59100006175746F6465736B2D646573
311
69676E2D7061636B6167652E786D6C504B01021400140006080800C249975C50AFCC04F70000009601000037000000000000000000000000004292000031423636453630352D344545432D344430302D423230322D4634374643423645324139362F4173736574446174612F636F72652E786D6C504B010214001400060808
311
00C249975C307199E7F20000008E01000068000000000000000000000000008E93000031423636453630352D344545432D344430302D423230322D4634374643423645324139362F5265736F75726365732F45363833393035372D373242422D343530342D383739442D4234463046313343464643422F7468756D626E6169
311
6C2F302F636F72652E786D6C504B01021400140006080800C249975C3061FD06F80000009601000066000000000000000000000000000695000031423636453630352D344545432D344430302D423230322D4634374643423645324139362F5265736F75726365732F45363833393035372D373242422D343530342D383739
311
442D4234463046313343464643422F7468756D626E61696C2F636F72652E786D6C504B01021400140006080800C249975CDD6D5F860D010000B10100005C000000000000000000000000008296000031423636453630352D344545432D344430302D423230322D4634374643423645324139362F5265736F75726365732F45
311
363833393035372D373242422D343530342D383739442D4234463046313343464643422F636F72652E786D6C504B01021400140006080800C249975CC4F3AB59F80000009601000037000000000000000000000000000998000031423636453630352D344545432D344430302D423230322D4634374643423645324139362F
311
5265736F75726365732F636F72652E786D6C504B01021400140006080800C249975CE95EEB21F60000009401000035000000000000000000000000005699000031423636453630352D344545432D344430302D423230322D4634374643423645324139362F536368656D61732F636F72652E786D6C504B0102140014000608
311
0800C249975C640285D100010000D80100002D000000000000000000000000009F9A000031423636453630352D344545432D344430302D423230322D4634374643423645324139362F636F72652E786D6C504B01021400140006080800C249975CA89FA2D404010000B20100000800000000000000000000000000EA9B0000
311
636F72652E786D6C504B0506000000001A001A00210B0000149D00000000
310
504B0304140006080800C249975C000000000000000000000000370000006662782F38463232463031412D364635352D343832312D424230352D3536434439354336423131412F617474726962757465732E62696E504B0304140006080800C249975C000000000000000000000000350000006662782F3846323246303141
310
2D364635352D343832312D424230352D3536434439354336423131412F76657274696365732E62696E504B0304140006080800C249975CF270F1330600000004000000360000006662782F38463232463031412D364635352D343832312D424230352D3536434439354336423131412F747269616E676C65732E62696E6366
310
60600000504B0304140006080800C249975CB5A795FFE3790000DE790000420000006662782F38463232463031412D364635352D343832312D424230352D3536434439354336423131412F7265736F75726365732F322F305F67656E657269632E706E6701DE79218689504E470D0A1A0A0000000D49484452000001000000
310
010008030000006BAC58540000000467414D410000B18F0BFC6105000000017352474200AECE1CE900000192504C5445818181B3B3B35A5A5A4848486060605C5C5C6464648383835E5E5E6262624E4E4EAFAFAF4A4A4AB5B5B54C4C4CB1B1B1858585B7B7B7585858ADADAD7C7C7C464646787878ABABAB747474A7A7A768
310
6868707070B9B9B96E6E6E6A6A6A8B8B8B666666545454565656A5A5A5505050A1A1A1BBBBBB8F8F8F9F9F9F4242425252527676764040403E3E3E9B9B9B7A7A7A8989897E7E7E9393939797974444448787873C3C3C727272BDBDBD3A3A3A6C6C6CA9A9A9A3A3A32020209D9D9DBFBFBF8D8D8D9595959191912626269999
310
992222222424241E1E1EC1C1C1282828C3C3C32C2C2C2A2A2A2E2E2E303030C5C5C53232321C1C1C363636383838343434C7C7C71A1A1A0E0E0E121212484A484C4E4C1616160A0A0A4A4C4A787A781414147C7E7C9193915E605E464846838583878987B1B3B18587856668665A5C5A626462818381A7A7A5A3A3A1B1B1AF
310
ADAFAD7072705C5E5C9D9D9BABADAB7E817EB7B9B7585A58BBBDBB4C4C4A8D8F8D747674B5B5B3B7B7B59FA19F606260ABABA9A5A5A39B9B99A9A9A78F8F8D6C6C6AC7C7C5451AD12700002000494441547801DCBD89771BD7B5A70B8EE04C702641712605CE034890E220088028C93245451215B713AF388E7DFD9EEDB8DD
310
CE6ABFF4B57D97137BE50FEFEFDBA74049B6AEED74869B7E87404D2814EBB7F76F0F67A8835CEEBFA0E42B854AA5B2BB5B6BCC951A8D52A93657A914FE0BEEE39FFE2FF395B9B9C6CAD2D4C4606F4B7FFF8D1B37EEDCB97587F7CD9B4343BD134BABE7DB48E3FFA7A228ECD6F6574E4786C0FC8B5FFCE2CD5FFCE297BF7CF3
310
CD5FFC92B52FFE58BFF9E69B776E0EF5F79E55CBBBF9FC3F5D3DFFB07F5898ABAF7CDA3B74E74EC0CE20230561BF096E97E05712BFFCC59BC80539DCE83DDD6E54FE61B7747DE17FB8980BBBFB2BBD4337DF487881AAE6C5ACC6AF25207877B2B527BFF1CB3B77FA47561ABBD7F7FA7FE146A5B6BD74E3164C7F51449AE95D
310
B412200EC539418717E7F2F11B376FF62E95FEAF1442BED0581DBCA1BD2780D23F506AFA16E1A7AD974EF17876F00DD7BCB187A1A97AE51FCED5BF2BC1F2BBE5B3C19BE27B43CF26DE00933658FE129B109C2FFF922CC22C4260FA01BEFB462A77DEBC35F42F600C3F5B0795D2E9E02DAD5E650B4438A92801B65C35CBAB7B
310
1EE5041CE69D3B6F1822DFB873EBD6AD3B6FBC71EBC6C86AE967DFC2DFA4CEBFF1BF54F6276EBC114E2F43FEC60B01A0D440A868B2920E5C4BC10D60931ADCB871F3268B21D3851B08E1D6AD9BFD4BF57F7577909FAB86F29B982571136AF01DF5FE32AC3BD9406CAAF2440A54CF176EDD01FBADA1FEFEFE21FE4C9858DFF4
310
183458A9FD2B6708A5A5A137E0EE1D11A9EC0C7C58B2C73C0AD6B479BD76B7790CF899E287FA5B06FB7B07C9195B7851FA8794031EF1FC5F9406BBFB23375420286399B631E93B08022A785C4DBF9996EC3551874094D71B6F487E80F6837E50F483BDBDBD83232323AC420A18C68DA196EDDADF68A77F938F78FD972BABBD
310
B7B87FB164AC6FC2CB760365821ACB74AED44FFAD7E7431ECD7E08AC421F391D199998989A383D9D98E8E56F84A318C58D9BFD2DAB73FF5222C8EFAEF4DE7AF30D756E5108683DA471E70D0502099A7240F19E4089D3FD203E620F1B47BF43501E85031AE44B4B9F2E4D2D9D4D51D8970983FA861B3706FF950CA170DE82F6
310
B312CC4F42C8966295F7D725ED29882415DC055F36DEA1FE96FEC141493F05FAA9A9A5A595B333DED5B3D5A533F62183323032F46EFF13EA0AAFA5FBF7C8976F8C10F7280A014832593B90004D52341980D907EAEB73411EB2F1EBC9F507F92746C40E7AE0AFAE54292BAB2BAB67CAE0746264A277B06508168C94BF772BE9
310
765F7BF0B548FE1E07F3B5A521340A5CB5297C4B12811B89E82191ECF3E41B3259C529F135E23CF4C7F961FB13537F5A02ECCAEA76B5BA5D3D3FDF3F2FEFEFB3AA22053E5008833428DC6C59FA2F770595F311F235D427F379BB8A121BD901B96076A388DC4C3C61C7933CCCD770FF375A6E0CE9F535FE2534BF5ADD3E3FAF
310
D71BF57AA951B6D4CFEBFB8864758A26154430080B06ABFF557610ECC93726224F155D1471041E0D42F82F4891C926C1355B0831649FF365F46FF05300A7A790BD8ADEEB0D4AA9569A9BDBADCCD56AA55AE377F5F3F3EA2A34983A1DE91D810543138D7F28E57FF4E2B5335A3928B76EA1CB9B00BF158C8F63A2E788826896
310
D0B5E7C461949ECE089144F8EBEFC7FB4D8C9C4E9DAD60F7FBE572B416C2F2423ECF8B86C439E450DA970634ACFDA977629098D0B2FAF313A36B3869E37AF7853378CDA1171FBEBA95DF1E44FD5144A420588641B0055A79ED91CC0DC41E27064512FB33F1F04D09D0D2DF0203A646A6CECE80DF28356A348CED8C4F1EF137
310
B9319E1BCD29867CA556AA97F7B757567006A447FD375A26CAAFDED9CFDCFB2BB0BEEE8AA5911BC2C7F85DF88A3775389990AA72219D582409210F85A4E66F2987D875C30848023088FDF77E87F96FD7CBA5B9DCCEF4F4C9FC7C676777577B7B7B67E7ECCCE4E8DEE85E81A6D55AA3BC7FBEB242589CE8ED4770E785D7DDE2
310
3FF2587EBF57F50B9E820527316488E5C32D50F979BCA58207297E2B6D658702FFCD211840FE43FC9F3A5BAD9E97E6F21B9FCF16BBBB3A3A5A175B5B1787875B5B3B86DFEFFC687A72674F19D46A8DFDF3EACA59E405375ACE76FFA922C817CE86A89BDD92F400F2C55B7462F610459837D3A61ACF50C7471C8F2F2A9D38C3
310
DA2F068007F80EFCDBFBE5DCC674B1D83EBCBEB8BCBCBC3ED0D3D333D0B3DE33BCBEB0D8DA35FBF9F8CECE68AE020BCE61C112A4C1138CD47F9AD13F7DC6AB9CF9CFCFAF9D0E01FFE6CD503F5B91C5218E2899CA15098714848B04FCE5654884ABF0E554F11F6C21D73D5D5AADD64B7B9327DDAD8B0B7D7D6D6D07070763BC
310
0F3E38E8EB4310EBEB8BC3DDB347E3E37B5842B97C4E44A0C630427E5CFDFB71E03F471E12CA9FF70E055AE141042DD81234B879EB4606361D9328149037D7D76A571A7E974FA20AD0323832713AB5BA7ABE3B3E3D3FBC30307070B0B9B645D93C3CDC3CDCA41CFC6AAC2D64D0D579B4B1B397A7C1BDBEBD7D36657A3CD4B2
310
F44F4909F2B9CA597F4245C59DEC354316F0587020D0C661742BC02869435FD12CF195C422DB3C5A3E2305C000CE6B7B27ED8B7D63079B5B5B878787C787C7C7C757C76C51B60ED60EDAFA06D67B965B3B672677080BB5329E60E9B477847AE2E9EB53E35779FD37EFCD2D0DDD68AA355B6B0D81860502B8B68C801F5C697E
310
9AD62F4B406244CB975560BAC756AAA577675B07C6D03778C17E7C95CAF1B3ABABE3E3ADADE3CDB1B1B6B681014470343EBA979F8B90383545727C63E43549D14FD0F927E5F1FDEFD7263058FE02EBCD1BDCBCA053496BD58E69BC44F9F854D4D979AE9ADB908824382AC1D4014E9756EAF9CE85B6B54DB01F02F8EA5908E0
310
D9D5F1B3E72188C3C3AB67879B07C8A0A767B8B831FE5E7EB754DEAE5261460243FFF07858D8EF0D658BDC563A2C5EF5833C13C90B69248C4DD97842B61DFA7F210A2F6108A0F96B62E2D3B3F3DD939EA47E30ABF5AB2B903F4BE5F9B36757CF65021E616DAC6F60A1FB647274B4B05B2E5341B082D43278F67D8DFDA48AFF
310
9A13F22B34C7586C9992BA6E66CABC190E313E7C811AA57304B421A75B289B9D174CC868C24548823E230B9A5A2DCD2CAFE1F98E61C015CA7E96B083FC59F3ED06EE60F360B3AD6F79787ED278D0A86FAFE00BA9220EAEFE1D5DE1F7855939C3FCC1332426B377F692406E022C010DB437EF009803F0DCFD3B7C94440571D8
310
F2C328F115F47FD324802070BAB43FBA80EFDB92FCA1F7E7CF9FA875CBB327CF9EB08C4DE4815BC4210E2CB7CF1CEDECEDCED5B757490968286899FAF95583BF46F9393CEE6A86D6F618CAAD9BFF0BE22B042412C5CFB50556815CC5BBE33E9F61ECEC26A9BCB8145FD10590078F9C9E953B513FAE1FE387FAC246E14F9E3C
310
E7F5F8194BD6594140876B6B84C5D6799C61A16434201E5237582AFD75C07EEED9863F463284E2E13425A036BD41061259289B6BDC1ED656FC8B8592C9D00701E27CEA749F0D8EF44EAD8C1F80FFF8F8F9D513191F6803384C800097F24069C407CFAE88136B7DCB3D5D4A60B711F19070D83235F77331FD35E71596688903
310
8E2E0B346EAB7936C4162043E1A1F144093695443A570144898BC4079CEF1912809A3035A1D3F361235F90FFF1E3E0FB93C7E2750719F88E7D8E68123883ADB5B18185AE99F1D11C1238A792DC4BEDE8EC6FF503DF377E0445F68FAF4E08D43082D02170F30131A154206CC559A8D9CFDD762B31273E4947A581E0D9BB71E3
310
3FFA07CD02CE2A6BE1EC80167497F2A81CFA3F7EFE58D0CF5D5D170DE4F89070B0BC4040CC17BEAC6B0586C3D3FF0309BC06F44B04A1E13729929B4DF73C44070692C810B08AC3012E8EE9EAE22067796288C193B2139B970B86F47FAD0F98382B1E035D9C32FD318A4FAFCB274F2E1FA772F94411B0CD42493C23393A685B
310
5FEF3E1ACF554AF5F3552A478383374E6B2FDDFC4F6DFE38F4F4ED7A7FE838F488EA852482F412D3CB07E293D02C9F074F12E84C5AAC423271450572A385449844706475FD38DC3C22486A0639E5F1E38B0CFE93CB4B25910EF309A2224BD8DAD40C682C28341AD69047E8539A6AFC14EC573F7FAD10AE0FE6EB13E87B28E0
310
93B513B5803514DE408809BC12A14876DE0A25F643009E9176D9F0C330164285A7444DC8CAF0E9FE41429EE0A2F6A6DE91C0856C501272404A8468822E24C807030B1D33D40D4AFBDBABB411D093D88C86D7205E05FC57EDD1F805FA4CED5920F0CED39157E007CE21757C5DE440ECBCB46CD283E378029B43FB077B4F47E6
310
0E9F61E8D01BE017D7E843EB49F50A2028F1E442FCC90C9EE308E4C0C2C94EAE30B75FAD3A0EAFA57FE9EF960F14BE15638840EAF3BA490BB6850EDB38EECAFD21A0C746D0C4234DBD035EFC7EDD121FA585FAB73DB89FE6A03CF833AB0730E5E2F1A36CE3F202A128934B44E396961121E1F2C9F32BFCC0C140CFE22C1CA8
310
E109B182919696BFB98120234F61B59F7BF46EC30CF067B21A33B0FB3E402448EE266CCD93135A8E823DB31F85E677434E608F53F8100BC0098EA2FD6BC01770E0F2F2D1E5452A711C4BB8486248FAD756D852026B6DC90A2AA5C6B69E9068B8F27AFABFFEE8AB36F1D23985D5960014FD711940800B560250D2272CC54FF1
310
D3A660B275AC3881E349689C1616E1E9044129D032313509DE4700BC867C71F128C400159407C761022BA8A040F40A244788808C60B3AD67A17576279F6F946923191921B0545FC2F12AC0EFEFBD7262B6935679FC7F80629160ABFAEC88E8430E76D82A8DE62ACE50BD4A42FBF03B387B37FD321B37E31C3F063D99703F51
310
60E6C9E5A300CF32A91E0A085A29C0FC507F6C21012303C6104B82C1F1E156DB3229D1A855A32A8352C9077AF733A0AFE0FB3EF81FDF2F0F82C21B0EB06998866878B103305E31EC17F4FD43831E570A2118D1667632D4FFFFB125782F96168A833DBE78C3F11F8383A79D49F58F1E3DBC780417AE6581381E8610604888E2
310
913E12492881274822C221AD04CB0B1D273B8542837460898C686864FF6F801E8269F40AD0481DFAF5E6E9C1F3BE391C325004DF0746A4E4448F7B52C0D5EAD39EC46896B888C4210D68E99DFA2820DF7FF850EC407EB55C3EBC5028611409BFCB8889C90F1C52355AEF98B18100094C9D0EF6F64FD47E5CBF3FF5293DDFB4
310
B50DDD54F351446FA1F14580DC3902C085F593CB24ACC917B213BBC11B3F0A61042FD8B24F4FB9C4556D0CB9E1A880DE89934CE9607F18F81FDD950DD0E1D143F41D56110E227C250621FF098838042BC85B5B6BCBCBC31DD37B34966E9FFD9936A2FEFEA9EBA4182E5CD3E17AE35501FCE0707E5525A7DBC64DFD077825BE
310
37CE0BBE1BBEC061410C660B6E49912665E2B3749C7C9F93834022F74CDE6CA5EB501D9CBC04B768292C5CCB84478F3CA83074092C6082169015E5800D5839DC6C1B58EFE83ECA513BDE3EFB8EF1242D2D4B3FD55AFE03D42F8492AF8A3F21444FA2FA9ABBF525EAF84C09F0168527B0138A85D1EC0443C467B28BF844EAF7
310
6323BE13D7C11F72FED783837B970FEFDE7D7817E077C17EF7E2A1C2C0FE851FE4C008388C15E818958746129E1009D054B67530D6B3D8DA3D59D82D9D57CF70039FF50FFE0DE94089DB269C3655A4F25B38C49D0BD48E59F1526887C18FC5272197F85CA72862A593A4843CD25F920487DDF7AA0441A2C0600D062001F103
310
FCEEA3D8560CEC3EBACB01CAE5A51E420349F602191E5F901893142381351CE17047E764BE50DEAF9E4D8C38B6ECFFACEB141E54A6865A88A60133EE9CBB4C256930B0B168C1C3AB59FE1743FB422C7166082E934AFA5EFA3E4BCE0B69362FA7041818B7FDECE1DDFB4D022007CA23E521F0700AAEB5888BBBF08023E128B4
310
045381542FA256B0D04E28A0C3804E233A1BFB476A2F48FD135BAF9843BEDA3264EB42BA499601F16B566E72C7EA35908ABCB9176BBED43204C696AFD3D7B24B08D3AFA44BE243D88A6D9D0B6562B52F741E1610C0EFBBAF2B0829289A640EC4C8A4FF66A24430786CEBE1E1E61AF9507BFB496EAEB64F8F49B4129EBDEC06
310
5EC1F8A3F228A3CD0950883B41BEC6D1944AE06147289600A7726313AC69A3F91197F1438BCB743E76F01F6EF1D1C854071670FFFE43FF1EDED702EE5A14C85D0C42DF90B86068800659AC88981855E3E774A71C0CAC2F76754EE7CC87C808D1E1E0F6CF47FD4224731337BE1E39C5010823EE997B1491BBD99FC8D8EF7748
310
2BEB5EB2CF66499A8E0F7511B19B3EFBDACB6507BC78731B1B383D02FFDD7BE8DD9256F7D0BA7B46015941097B80018F700FFA024CC08078F51806100ADBFA163ABA8A3B95B9D2F92AC30BC908ED31FABE0CBEBFFF0279B675868F9AA24E9530B08C174055B7F48E4F58002F3E82F0BDFA003E8B431EB6C4A91E4D9B5FFB79
310
1265BA8827BBE5F1BCFA7F789F72F75EC800F8AE43FFAEC42F13009FB905A9A0132015D0068ED7682AC608BA6771038DEDB3B33082891FAB1ABF5614F93238079726B833958796B845B731FCB86316713C1DC581B1E19B424EE32674093F80776F7E27C6FBFAC85C536CD955B96EDA2A3FBF770FF4BE11845470EB3E42D022
310
000E0FE07D161811020742162444668308801E133A4C163BE68F6826A5523071CA78B2FED51F28F8C70FE4190073A3E5D3259D7A288CD19BDE623F10021BAB0C6E327FD507B2741627727EA00D31856492F9F009D7F152D930704E642795C1C1B336E0DEBB7F0FDCB79318543B25341F36802D64A981A690B94259607DE0B1
310
9D466BF8C1C5E1CEF9A3FC5C639FD6117B4BAEAB453F8EFBDA500A67E8BAF76C8A06566E36EE1184E8329419161F83D843D5DE7D8221163E145F56921C3EE383978072129E290A9B7166E63D26BAB1FCDBF710009E4051842390031845F20077CD079407C575F20364C4910ED2A574BC357630B0BCD8DE39335EB175646A69
310
8458F6A346F003A93002E846FFE0C459B8006E506D79BF902908A0AA05CB5E73530E33BA1D3C2EF99C712B7C8B41DF4D2A7830BE8707485FCFAEEB85A09AB6D39BBF7B4F23E00509C20DB04E240822A4B810E04D8D53D10D504C059ED86BB8697F514777717A8F8144D48A4C89077F7EDB00E2D89DC02A7B975640A282C49A
310
4AA84B70B12BFED8EA6584860DFB7EE23FCB00C6BAF7332FF259FA3C9346508813E372F1DDE425065BB61FDF8300F7EEDDBE8D0C6EDF46F7D8823478590AE23759D60DA6B7A9F125EDE8F4A5D2B37470D0B63C30DCDE3D3D59A8D1501EB1B0A5377517BDD6E301F995E3F955F0F58FAC2E81CE172A8344AC03DC6781939D24
310
84B8FFC15E8F3ACCD3954CE19576B942D0A029188EC7013FE59AE90B71292DE774F1F63D60230180B30A2EDC65291B6211B4081128856001A680015CE000708254891851D4B3BED0FA4D7166B466BFF1D2A924885AD12B387FC0FCE6819AC3AE06A7AA4B715F0927B74D119D4A668FB54B8A8C268D8B038A207D10A7B1E95E
310
42195B695BE0240F7408B311257C23F581E987C180140C584A02B1670CB817CEC0A080F259F1360E58452013200E3EC107AC1DF4FD7B0F6D23F33347F9527D9F51E6138E31AF35F1BDAAEEEBA3D71BB402E2FB47CECEE96B4DB85536772B07C82A34F3E66D0BCEC207FEB9E70643761276F7B50D5EE963CFF80C7AF4A2130F
310
5BF8C4EBFB5F07B709840480DBD8007FB7EF3F90104908BA457D43AA2A6A02C91422285E5AAC143F3313A0CB74D9D164933B86C25587134E8D342B453FC982860D09FD13ABE72055ED020E85D3E312F74C25CB0293D978A1C4001927C80B86FD06349126EC219F0C735C8053D8F5F310817EA01F1B7851F406144C211C6362
310
C27DD51F1E310C0102280ADB891E9B085CC528A2B1369A46BA195B9A2B351862CE43174BA73FB7CBB430A5798F4C54B7333B96C3224A9863AD02B9FBD8E63092191924E77C199D92887DA594B6DCF0112857162FD0949FE6A441F5E62E42FB2105BC405A2301A3424601DC807912CB2C39C604A27908021CDA30C4C8C2019A
310
883B3A8BD393BB3546136EAF561980FB63E9E035FF73B96D09A905ACB2C11D79571C5159026227DDBDB81396EB03F14100BEB66DE1FA9EF82C3ECCBE318119C4269FD014E66361FC8BB0B4EA9A98EF3D8848A01360430284335004C183CC25BCA82D2302EB03B8419241C64DF4F5ADAF77B533BE786334BFCBB8DA72BDBEFF
310
C36103AFB30608A0B39B58D93F0BF42180841DD26BDC22CF0A770E90240006BAC65197D90920131C7B2EB3CFD3C71C6378A305EE8488FC1FF8D391E2BDDB0F6E3F45E7C8207C419800DB410073A3173942CA8D5242642A74496FF115832A6314D9FA4257577BF7FCF8F8E8CEE8DEDE5EBE76DD3CF892BA7FB8B90F629431B5
310
525E92A15A3A4A6FEA3FDD73136172060959206591F4C927196CF645AA285CF3014630121754261C0D31E1A7E3DA2DBDB54B04703BDE3A4209F02045C4BB0F529A14BED07098A2A1CD47513DA64B512F409BC01663090796D787173B5AA141B1B39BB470EEBCF1E30F9D263ACC4D05110797CEF7B923B027F089F74D1D06F0
310
A4D8C0CDA6604023FCA45B76C5CDE0BF3845ECBE13E0C0ED73700A8A753C1AC8AEFFF1B407FC8A20F42F0D94019121DE304077A027D4112283BB8FF0072444D68AAD111D6F591BC0061854BBC048EBBE9E81F6A33A95C21BFD13AF3C7E7DCDFFEB0DE8903F77B41DF178E99C289895B0EA8CD640549D68935BA7C5294E0A1D
310
66DA0CC419BD398E6265789CA1241441AC94532A3C19C95340BEFC68703077EFC1D307B71F3C500859C11494838E902203A2BE90EACC5135B80B078804340C920C2300BCC06F7A1C71B875DC572C9BD1D84BD5FB9363CA6BA7D03E5C40FDFC54FC23C9B4B9DDD028787D89219038523BF64E638BB37CC25335937A00DFD328
310
69C5B390C8C32FF25C8C47A7181B4A599A224A9DADB0E0406FEFF9F183B7448F081E3C55024FB33828784AB61704482CD0160C04174F9E33BA9291D58C2F1F1B1B3B5863B0D9F3E51C35C253D54A23E560E2C0CB3A6F7A81382601C2079CAE96B7B1560D20A341E85A928A4E01083256420576C2ED477E2E565FD9223BCC69
310
1CF394D3D8E281501E0EE5C1C8159E92585D255CF30CC854C75318006EA4A01028EC853F9407C6053910BE105348324002260254886C156260F9189EE0F8C9A3CBAE9D5A992184568A69D5183A7DB97DB089FDC57AEE54F858FE54F577DBA85309640290F2D220952620750C5811FB772A7876D1E4040FBFC6474D51246D8B
310
3FB378283FB514F8AB3C20B8BF7DBE5DE541C9A5D3D38DDB30E00151E02523081BC89C2214103E0BC1B3D0199A08E002681A2613A2616CEDF0F0F9C5DDC75DA395C25C0309C03DEC8091A4AFD3FEB504AAC6633930556DAC86EE3561941E862C4A75DD6B6BB3A0C59BE153DFA73EDFCBC3CE2188D3D378FC976D0EF9A95B7C
310
8532F527CE3CF539581E0FE501291E9139FFB65EFF5DBD8E0C18DE3077170A64E033FD278F18068028802F156C3809FDEB11B1019C208D020C9BA2870457F0F8E1FDC7EDD393E3B9FC9C4308E9315704233F960E554802C14716B0B45DAB5EAB5E25AB7830EBB8D25E6CA94E4AA01794FB1EE164FE9F040FE82C940A4BCEF9
310
13075D087E85A7237D3CF29C47E4E676777779528C4781761F0BFBC1D3A77880E40C9A2E5109180D5255317890394229F0F082010354082D574F1E3FBAB7D6553C2113DACB97BEB5526C7C6F69F9310A94C46CD89FF8F379AD1AA035FD00FF3F320180F01417A6F255A3A8D86319FE0C0B0E06A0DCD33F79841339C01E5BBE
310
1911AFCFF7C1E0A540BFBDBFCF2372352686D863F83F59CB6865F43104007EE06F52406F680341102048A01BB048823082CBCB0B6AC48C313F3E7CFEF8F2D1FDC3D6F6F9F9D9E98D9D7CAE5EADE2A6512FAD7AB526E17F600C85550DDE9ACFE9D97E694513103BC69F8A2813176032C890C1E9C49FC09C61670FF8705B1D73
310
86260E7C8E7122C7F8208A55139E8C8D4763F7EBF5728DF9C34677364E3A3F9AEFDEC9CD95470788834F9FBEC512379890B38C94205B2557987C4186DF5C0837608DF0F9F3CB87B7EF6E920475752A01460E556919B2B64296FB9FB70DD5F47232A0F77465BF140CD001F00ADCA175090E2665A14E6329B62660E02A1CB50C
310
6025E3DA252A670B3F0FFAA5EAD94A509FE7036B159E0D1D9F2E76B7AE1FD5A606198D3A747AF450023CBDFD162278B9446688111009B4029B0F2180AE20A542D40610C073B47FEFE1416B2B12200F3C991C2F54EC2491027A816B0A34A9D05C6F437AC23462385DADD75642EDDA738AF1600DBE07EE8437804D2D011A94DF
310
71C2085EDD40266A407FFA1D1C00B0C03927E60338E3B9D8C47D1F8CAED578E06F7CFAA4BB63B175FA7C301B747CB377F45192003CB8FD34B12009224543D8604494011A80C1903CE0518C986208E1C5FDDB8FDA161686873BBABABAE74FA637BEA894A44078C19696F326E057D7F95D061A6B0394A9D5F2DCAAFE4C2388D8
310
A6E9AB7695CB0BDD0A332430F1A9333DA41D1FFB97FA09AE84E738C75C407C260408F8DBD5EDED7DE1570A7BE333C54F16963B46AB0C2B71208EA3D16EF4EEDCD7005241166C005A73C03164792151205C007288AE337B4D7103741BDE7B7AC913350B348B2D767515674EC6F72A0402BBCB41C81305AFCF05F2758D3ECAC8
310
D26AB97606DB9581A4B7A8FFB068CD5C0604E6849046B70C2B60FF0CDDF93C13822B4E82FA0479A68220E66D9FD775FB3C1A9CDBDB9829B6AF2F77EC9E0678FB20ED8D1B1A1A39D10F9812E20D6281F5673121AACAA9C53424000DAC173F7E18C3052EEE3E78E7F1160F5AAEAFB70E0F7775CFCE4EF384DDEEBEB9C0889D52
310
43BDF557559FEDE5F17AB21E118C4C31A3DF6A96B56AC62180293910ECD6B721047664BCFCC6B2DD3C65CA0F0C823DFEF84083C7ECCDF05898EEF158F4FEF97EB9C123F1B9D1D1A3D9F9AEC5F5CEDA84A3C96C14A55584D62893D6A54D8D2028D05C8B1F124884543F3223B29D208B04910D3FC43F5C52196AEB5B5F5E58E8
310
E82610F08C21BD443801233C0CE8BD1E40F84A1CA86001990048031ABBAB11EF83F9283EA89F181F2A0D9A9F62D94B7F625FD727E6A93F63F200F614F7CF100D4511C07DB45FC5F0CB4CA359ABE4774631FDAE85E599EA0878A3C33D5AD6430CF4C055EE5FDB80629000D7855DED3F436F3B61B3DC7FFACEFD2B1BC6FB0696
310
312CFA477CE87A87070C7998E04FBA78AE3F915A065E819FCF35B410321D9ABB308146A11AD5196CDDD7C477A171C8AFC74B45CBC6F641AB53C8D4ADA5870C02379BC0470CF83DB55F073E29CF5CE5F7A3F8FD62EB7AEB1774C2C6780B9523F9287193FD23DDB79FBEA513B45200E2E0C1B51350163AC19043C600F2C1DBF7
310
DEBA7BB9B5457BC0D840CF325EB0BBABBB786D301437000020004944415472B491ABCCEDAFC0591201CAC8EBFACBF367FE7B6E40E69F551BBBE7123E3C00AC560CE20C62436E8C3C54CC225EE08C0D74CE26148877689EDD004FB2BFBFFFBB984035373A7954EC5EE8591FE531348654514DB1D1C56411DFA2A7C212BE5ED9
310
1278F2851A432244C6822C29C85A8B320ADCBDFDD63BF71FD32648E7D098CD018BC35D7FE89E250EF2AC75F96C15271602687965C844B8807C6E7729D93F22E81D39ABD62A0820C1FE9F11CFA7208125D33E96FD69E83AF6052DD32D49FF0802CD9F9DFD39260389A950887A647CCC99BAB17132DFB5DED35138FB3A060F62
310
95AA5E195BF0BB56495A5A4A8FA440026E46A047D40ED2520A441C302D240F201FB8F7E0EDDB0E12A04D8816215A0579E8FE1B1281E9F19C9900DE79842E2A7CCD48E9876EB01C75DBA0E0C8D44AB5512947A00BE7CF5DE9E1A6A6BE43CF1A78783DFD5A404E4477336C1ED8B18908B2A847B2AFE9839E891137A6673BBB96
310
FBBA2A4B8E9373B001F08369BA11BE8ABC4302FD2345FD6014A127068427D007BE28B41D9B0D40FFB7EE531FA673C8870A69135B1CEEE8D009C08042A5B4EDA314920B635BF941E7487E45256439DFE9D276295F87E698389CD49FB394FE19720412DEDDC40E9CE9C6DD605E0B719FADC416CB15AB3A61F9B5B9B9426E54F8
310
1D8B03DD950946D432B40CEDAB7BB5AF11213CBA73C9BCCCDAFBCF06127C7980FE6D1DC9B4DF14832D6568FEAEEBA76FBF438300B541064ED33F3AC0B0D10505306FD370AED02859234402F6C3FED006766DDED2034D90D119057225EEE3DAF787EBF30EC51ACB4F551678BD6728E1944730C095F13E4D81A4DFFBF67C5BEE
310
37E62A85FCCEC6CC6C7BC77A5B477E22223ECA4FCC0F87E2A5E3EB782BDB25B8CFC6736A044DE5A7CDA604526361D650484FE283B77EFBD65D52C1C73C4F48E7D0D81ACF572F2E2280F98FB230508FA906B42DE240ED651B301CEC83DE1790C9FD96B6CBF986BECF3BD332C18EF627A0B6EECD5B152E02088D03D828AFFAD2
310
6B05BF671B4F9A09A8CE0CD2707F67F2A4B3BB75B9ADA331C1305BBAC182FB4A79820B7EEAF73199B8404C0B81231CDCBB871B80FC41FF5860E8E108222A1A076C29E6E03B6F3FBD4F1F295DC457573C7ADED636D6B7B8C88413DDF3B327E1046AA51040B40CB50C7E3F1D2E44DAD34CFA604029BFFBE714DF0C069908027E
310
B275F1F366C132E1A7450B04011CF82B2B647CE754F650FF6E25BF37AAF65B7BDA16CAA791F1D09F6CAB989EC5AB7809BE145FA459E8D3E4B0FB47DAEF093B946FED585B80FE1A0305FD5330FEDB4FDF79FBF6BDE81D8300CF6815E5F9896552412A03F31FCDCC7CB5E32365550CD9365FDCCEC8752E943161D78047336F8A
310
F6539840A1F2E764FDA2970999F205CD2BD1F5CF496571F76EAEFA0E1CF8FD2A55FD06391F9EEF8B9DC9994E72BEBEE1FC928E2F223EBA0FBFBFB4F2DF137BC894B8087643D64ADE6EDED67F7680FAC9060239E845FC94AE93D880F994FBF71FBCF5F66F9F32C292EA900F9C1E6F1105E81C5B5F58A067A448143842008D72
310
75EA3BBA3D2516FDF02FF79260020D6B3C714711F3CFB61BFF56A826E627E82256F7400FB387FEF23C1C1E77FD6A21EBB1B2B35F2F95E7760BE1FA3ABB3A981423477517EEE36FF96F122B942F6FB64D9502BD1B9089162532A2FEFED255028FE653C9F46FA321E0B588B7DE79FBED07C44106CC85133CA65190543004D01D
310
02D8181DDDA5A9C91A7110805B7875B689FC3902200FB192E7DFD936B37B57D9C338BD49E99E181F4E5FCAB2ABC1CA7AAB382CBC7D515457CFABE6FBC63D525E5CDF74B16378B9AD6774A58531912D232DF01BAA913DFB7D3AAFF912984302B84D0500077800D26C60A4742101DE420C610C2E92FA93056022EFBCFD5BB6B3
310
8651470CD33BD87630C05831BA864C85997B8754B05167F0706499DC442FCD22592AEC2ABF3FF13F950039BF159FA9B36ABDB2778EFF83F70972B83BFD3F4899E64DD8346AA495CB155A7499F2CE39B0AAE755125EB84FD8CF8D8E4F4E9FB4B72E8F1DBCCB98B31BC4607C2CFF21C8145FB48EA0F2159F86A3098415609554
310
DEFA7B27EF1301033DD06D274BAF6821D220DEF96FA4CBB60B3CA241C021D38E1AA76B4406B4767576166766A6C7F77273F5F395291BBA19F64F2E3095C14F3E60371827741CB27E89543857D6D96BF9A47C6A9A26057840332EB843717AAD171880217B71FCCC0355AED3D4819911F79D0EA8AD6DA31A83E36C5DC2D47029
310
5C011302387069158F6C9966022367ECF1D00BA9BB95C389AE7B6105A1FB640689033A7FCCFFEDB762189103A61C3A4FEFE0D6A6B5A19EC5755A443AE78BC5E9235B047890A65919A0D2F96AA3C01CEE913BB3ED239C3E0CD8DDAB99E4348BF3F8B977B6C43DEBEFBD7721A839A63B94C06A10DB87FCBFA3C2932F8C26F88B
310
6D6BB30C3C4E09AFE40FAB52EFAA1EC0316920E031A46D65A0FFE45A673432E907FBCF86717AC04F2CD0EF512D665FF53F05BFCDC43489F150890C60A8E0314E70A06F619D30D841189CA15D3417F3CD50191AE4396543F0C42BCFD696C58DF163F5B46D708BD5FDDA5E5E5FDF9401BC4F7E00E8A17520833D1CBFF495B5D1
310
CE037C664123EEE74737268B5D1D3DBFDA6AAD8C08DF2C0BC7A737E10AAB2A7B958990CEBF556CDBEE823CB09FB344143463C630CFFF585D330CF0320E921744A7918280FEEF981161008E9FBC78C830217A07B7D6985E83F9A79884ABB5AB383B4D7D788F9FB3D867A2112A43F19042B33A108690CF6F472F8661CFAC9714
310
78757F6E6F2F7AEB82FEA85E5715941778B278281F28C268AB24BDB470EF3303E09C359E9DF1CF990D8A096106E6A66C8620DDE7D281DF0B2831F20439A30D68386CE13E002F7EDA8D7806162B205D6A19AA1FABFD6B1B400EC2BFFDD66FDF7E8755B4883C043F43046C1326136680404F1F934EBDDFDD39CB58A98DF1BD78
310
80E0532E671FA1435E9D6EA5E9071000BE8F262E7C4044FD95D5FD526EB40A05A634775F32205C3D779FDC168CD5E56BF982508BF572BDA4F6F57D3304BE9EB18149461B12F760D7485891CA47CFC44909136FBF4931716A2E100123FC6CCAA6A644F25EDF4AC980B14039009BECE8B798BF69A05DC5B6885CD23F8E13A46F
310
F0C0A986D617F001C52241801E87C2974C31411DA3A5D7B6175472763D637D3E57C33B908F867F4A59CFCA7923375E5F027A983E18BD7BD4E6FDDBB2250C1529F4202EFAAF979DFFB1F2612E87EBEFEC58581EDB9AA95AD1D7C1905F7305BF8182D5BBB524D47C4E3B81CD843220DE1E6536497C0962C225F75A2D6A998303
310
B23FC501F0B3F736EE1FF01200FC8C99F5515207C9C40081DF304C0A17D06E26CCBC5B3C47459308178301FA8057C2C0AE9D99B05F038828B08400F2E3251254DD7EB8BC4853B101F99AB48E387457C96951E5DB670648BAB70A7B04FE93EEC5F5B183F9739C98952C6845C380D401B8FC86E70A20744EC720E09D35955D96
310
A9041720196D183AC2CFE6AEA816652D0234883D788BEC8F5DF2615261DB031C2381092401B48D8D2D870FECEA9C3D99DDB036C8A051058030E32190976718C89F031DFBFF2EEA3D88606A8A19BD0AE305BDFD12BA4FF46F1A0002B07137989C748936E9DB2C91F43B07E4E4D16C3779CF5A4FFE8CC981F07C29E34B7C012A
310
F0054FAEA4A6A3D49D3A16D2B3CF220A029003366663053C89B3FB1827080DEC2780076FBFFD8E39810CB0593CC68B5D9009F2D400418028B0BC6CC74067E7C9CC0C2690FBB084AA5254A12AF63543B35EB40D17B693F7E3464D5094C00AA9E04E0E0524F5C35C5EC6BA94B21AAF2440725E2A9FF94FE7A8F0E769EB83FDEB
310
039B631B18BF396F5C13CF89ACC02C387DA56DC3B1CD84B96CFAAA37B55FE723B611062258257D331F186AC93D8AD600B4FEF4AD777E4BF68F2168FF08C081A37AC13446C859964803961928476D78F68419390D830C1935B5C2A0A22A3AB17D3D6428BF12DC373B8D464E04C0A496BB3B3B75639DCC2500E0F0B15FB6F47B
310
5A7ED0183A87CAE8D535F2EDBD4B3B7FC762DFE65A07C30B2851DB890082ADC07131EEEFA3DB7DD5CD32C0860CA83CD4B7993A175F422A8149B1C1D94C1145059D9C78A8A572A90B7C8B1E3392FF77A80C50220880FF3669004E90F101740D2B808181455A044904674E7482CC3EC85C4BCE339404C0B0BF6A5611E4F9B815
310
7BAB6DE327EC9BFBA1B4557ECB609C1F45326499EFB90EE78F18227F09E563C9E63D847EDB3B68EB9C39E95AC4F7ADCF7D87F6752BB6912040281E4A0D8A8314E80D60470999B8A51FB1488A66A9F3F81FFA61C83F4FA6969E472288FADFD61B005E0EA4284822E018911828E868614DA0C36E11F3A051070BF2F0840E35F2
310
00E2C0C80A776CC9E7E6841C0503D0EDF15ED9AFE527E798D23BEE5F0604E58DFB7099D739BF0BA5D332EF29F1535995BDBD0DE681C4F71DFE6A7AC5A13554AE6910963E9ABC9A0DB5B202225545F5CFACC942B5B93C207352B6E5310BF349AF200175D7DFDF78F6D683B7C87E087FA9B35812C4F8F13452CED610A2207541
310
E6D659A739441F3833CD0C9C3C3DC2B0712F62333C4FA9327C9CA1124904B4FDE0FE21C119776CB0C212AAFBA5CAF80EB43772ADFE77CD9FA8A4144C54C2FB2304C65F62FC3678E4F6C68F30FEE1BE8383CE7DB86F58B1AE0C51F0F055E188D02F00911DDB0991832228B3172B3E623E513FF1734FF414A611A603163F401B
310
EA790FC9FF7FC3FD3DB02DC00184145B850D01D120424DC03C00FCEB7880EEEE939399F1F18DBD4AA54C939899304D913CC2D5CFBC55E50C7FBE4C0E14AEEF53D6843DFF56BE2D554637EA047D3C210E2C61077875FB5B40E19F43AB7470CAFE1C0D3ED3B3B4778D1DF6D4F837C08747180FE8394F2CA1E0A46B6DA62CE2B2
310
DABEDE0B1924098580FC16B369730E9E90541D3730D47FDE16EE1FFAD3419CDA05ED1F2715C607F2E81893AFC5936303F40EB776F1D808BDE393A3FA401E1C706E154C892860AD74A2949C409E28A8FB3349C764D13E4D1D3468952B7B1B35001BF41142CAD58D6011C8B78961EACAB66E9AFBC627673B61FFDA4167950A27
310
4145BF11EA17BA9AA60815C2C43AE1F648E3772E53C94E6364AF826019E723069A8AA353A3BF7FB5359281700061FF64C28C10B9AF0B70B0B0D30A31CD1CFD22F68C76DA1E44558869257892363C091D313EFA46B57C3BEB252E9C6BF5B4799EC58F1910F469E25AA17B343799DB3E33CF410061F96C6D63FA91B1000CEBB7
310
D2971BDD39A2A76361E000F5DBC1688D47CB812DD60F8001AF25B328D173A9E4BAC18CE9F1F628704330741B2649B92E9714447C68559C6CD2F681919367E4811100750058809D0230C087A89FF3C80C23C4C60882E481F48D531764BABD5CCECA308DE2F63D3BB50373D630796126803C2D1FBAC148F7592881B395ED7D26
310
B7DD38D7096AF98841CB37592561D9C6565317AFBE9FC4AF7371E060736C7635E0CBA1809FC80F544DBAA1F2F9393D970D44C0615A0C6930E758B9E63AE690F73045F0C8C0731DE9CD80F718E94652383458799E02C06D328010011C7090D8C5E5336A83D4059953877EA1E1D66FBE994F04608C4C991917230FB61F9AEE18
310
3A40AB9108D032449FD1A7283DD25ED15360EF7EA9303EDDC0043403531EDEAB10DFF87F5E2FD56DF0F1B701A9F614DB17FA0E0EDF6FD0B1622A81FA3D1DE5A33F551930335C353A87F9AB05C60455193448246944A232C5D07636D864CDD7A50D0B4440CDCC465D1C418321F50E1648D500294065D869559EF3C40C8FCC6C
310
323E989AD0F0C73142480B200842802C061008B480A9954AF282052B3AF67350FD0DD30D1F4075AC303A5D490250F5400ACF479656861E4C77AFF327F3EBECA4B57B6B6C8FF62602BF150744656A87DABD7BC6BED50527B2120C001A0B3718C74F0C65CD34F275164D7968148DDF259AB8AD6CA81CDA4E8819509B996A7F64
310
2D987A401A2B04018C01E6C169A8700F9DE3B489DB2BC49C9B7B858A4F50D22AE15428FCA4A1EDB20C83492690CFE361CC7F8C8066FFD0D77AEE797977F468A36E0B0DFC87F90EE6348BC748F7CB73B5B9DD5C6EE7AB19ADBF6DF359F1DC2A0F9E44F213F8041F64274C0859A2AB7C37440FEDDD2F95BE44065F22067E3EA0
310
CC3BD8C0D8194EAB291CCEE20B9CD8E02950AD806080047A279F19024C837C848816719AC4A34DF8F0706CED904E8185753A458A27E4C1E37B5F30A104932BE140E0BF4E400160F320B054A8705042FFC47B4940810173F9C9E97240C7FCC3F3813EA239B745DE9F1B1F3FC2F9330374DBD1A7B475923F9A2ED81716D18D1B
310
577DAAB9D1A0458655AD3CA7E211867AE7C702DCACCD291E0F798013DC01BC326087775C0833E04EA3778FBCB8DA4687A0255CA0AD210C15661E4E92001A4449031D1DD27D327334BE830B64DAD90CBF537A45FBD4E94A7A88888E715B7E74FCD040E818BDC1BF5AC609CCCC015DED23877080FCDC47BD8EF3A7B783A17D33
310
F3ADEB6D6BC7AD75EA7C7852C5B6FDADA6AFEFC2D181C03F8C40DD8A4AB5024F0B72E34B57BC1182472DC80946789AFB711DB7F1193C03C893B0345F420246114D3EA71D04FBA731C0DAB0D3CD311B218F0D5A15ECC105D02F3AC32F13600084731A83220040019B03180634B5923D438300B05BAC80881F061095FED5D572
310
A3323ABD83F1D37A2301A8C930AB3F66ADF7CBEFED30BAAD7D78A06DEB6A87F15491F5AB7E25842B6B34BEFC12C8A159F187C64B3CBD2356DE5FBAB98BBE9583F0E3280C0076DA15BF34C15238145742B07080B1EFB83382F9FEF2239D003541041083C5AF9EF3C8944DC2030BC3ADEDDD9D27475800693049E05413BFB3FE
310
B4308731512F13400D06F813368A0101D8D863EB3E75FCCADED124F532AD3F123F131AB46A93DF1ECE7F96CE9EB6C365C6D6A07EEC461FC919FE288AF7AE1A7D012D291EB073735FF26BBB1C99FB706E972192819B7A34BF22424BEA1CC7958AC2E04BFC8E02DB90A4A1DD04811ACDBC181037864672C78F6C0EC3073A40CC
310
49D5E813593B7002763BC6A909D31AC86F3F6E335C9E1C309BC58F16418642E2AF6B290A34FEDC0CFEE08FCA0F56700699CB73B9C99302AA17BD516D7F1FD755A2B32B3FBE7134D3BEC813195BD355020A7DBB541539CD2C06E45F46FC0EE08293E6C0E1972176D9B678340AA1A4823404EF79B1E2347E47C35D0A2260730E
310
0B513025DC0BD1C07E3366E9B9D17F767405FB531070700035618606F0B40C73C974CFD321B0C174A80C0F3AA54945FFEF348F5488895713E89B5C98DA501E06D8D24FF04FF0CD7ECD7BAA755A854EC6A180AD13BE094E8D5D63BFD6DFA5F5D3E4DB1BA18FD8473DC6E17FFC9832B71A2A94D96E808BB53F9192955D62C82E
310
282B05168AA0927D54AB20A20A74800B7CC9655C8B15F62377CA4C91641F9F4D0478F4FEFDCE273A002CC0A725EC165CE3A149F0333E8E9600B2C05A7D15FD831F0938DBE5D0FF13E3C0F0765965A0961C3FA86DEEB0E28304747BFBA5FCDEE44C23544F7BB7BF7A132DDE34F99E44EC3FEEAE92F667A10F7E90B0E8C6442D
310
F5A5318B0F816311DB2E6DC6F172C363FC800EE09186BB9EC82A24C0117700CD884AA42023B81EA6E0CF8B3056411110D78606EBC5AD5417B45BCC8E61EA01C4006AC233933E35D860BC1B6CB9C9CCCE7840D2E0C1C1FFC11CCE54D59300F2B47D66A10F09D8E24B71B9BDDF98FB62A3B897C53EC88D16D1FFE8C649B17BB8
310
E760EB20B784F52F992544753F2CBF642CD3C9C70D8722C197142C567E74FB431EE248A8F3FC00377F5142144A82FFC28AC2970A780C85A7EE9146FA4B2981F3C93BCB0F3FBCB6DD3DE69C72B6073B99140DE28B8E919D9D9E7C2F5FA99FC1FFD07E9AC0965CDAEA0A945FADE52C791EA989E8E7A21A355FB37E44405D171B
310
98A6E946DB26AE71DBD01FEF07FD378F5B4B518724481820890E7486E3FCE61A60E096D577701890EE07CA5D7F2B086040749FCEF3F81972E510A86359C9BB579883035887542090614E5C4461705D7CA1CF84DB564838606CF1597E8119790D021080C935A908324EDE9F60A04B7830A33F0670CB08605B8D01BF9A3D4356
310
93FAB4FD84EF6754930640C1F9D74B052A7ABBA9F502B39DA3BF6BC7514EA4BEC71D752BFDC198EDA8DFE8F32B3EF811E4576B0A2074B99B070A069F60173E7427BDF285024E35A4418B7A412914F2800F1965C4F1120A2D5D2C64400563D5942044807BE7C738EBF3034C4A6F4D70C04ED1F97673C039FABC4CFF18866E08
310
200BB66BDC9CCDCC3FFD1E43BEFC52C317F0F5E64900FBFCDA4DEE68768FFF46350E0EDADB7B34DBBEDE3776BC55599AF84E312229F931E700D04478D66A0D88D09B2276141AF0F8811C5F8067DC04C0F90929F7F1AC9CCD368488AFB965C97B855A3E2E93AE5B4866502E55991B82D4388614F2C36B8484A5FA06E3EFFA98
310
4A6AF17D5C2073299D9F12FD63826F67FC460E54030981684E9FBFC22009A3006962285FDF4FC84B699FB5BEF3736C6072F6844C15EDF25883037DE6BB7AFAD6AE164B367812FA8CFCA6FA25725D99AEC5C6EDEEC64ADDA2BE0056002032E1D7A20A54CF444E360D520A5B69816C0A953CE0434A8A898BF18E2B704588C01B
310
DB2133342F5404FEE698957C200EF54E31BE6DF4E888C9C67F5F3F1B41F922777E7FA6332677C20098C59F762F5DFE4A23F9801A3BB6F8A4F66E0D40EC867E92DEFCE84C714FC7CE8DD3DD3BDBF9C781B1C3B549FAD2C89D711808CAB100E09700BB85240374A7209212F320CA577222A7020E7824500179FC7096C714884B
310
DFD9499E027ABEB3CB0226CD293CAE6E0C41A6788F396606A073E28CBE5CC67D584D36CA39D37974FE1023253E3FFB007A26F657FFC901D851130DDC2BF54884F20D5D40A0B7E5C7BCC7CC87B84F2ED820192CCE1AABA1FF24ADBE1D03635B5B3B53D4A5F84120125FADC36A0E792D3AD7E255792CD5241A4C84171F110409
310
0017DA493D0A7790A7BDE6DF326180398E4B0DEADA5C2763825E43E05C388E184678C88CE6422606C017F030366981353DF03A753DBF6370879F79889DD0BF75408724DB53C5B0063AB6568D02DC47AE4627B58D7E367A6000267E7840C23A0940B992DB98ED1C4731B4FB4DCFB6D3EAFB6CAC7646F0335C5031888CD74E21
310
03380260AD47176D703960230370FBBF28813524C17FFFBD6288BB28E4F905ADB4A788B40B4A6201C1878BED224DE9906C4C79EF32EE679B9F5D3B5DFA137327320643909A823F62106CB8F9BFE4BFEAFF0FC7A6393EC7F64A698EFF8ACE31BA05ECE6DAB6DF124118D1D13F892F3D3530602E3F3ED3D59DFB821ECFA3D9AE
310
85B1ADAB9E328DE738BF55D5DFD039445AE76D0194180F57B15BEE5F09C07F952F9A10372BC894CF7DA12CF6507E2A8916E0DF430C519485C55D61EFE209912D8C32866214E121611E22A0B1238DB18E86636A3BFAFD5B4EE02FF1E505F902BDF424D0516907BFC95EF3A76B6B3872769D67E25B548F0DA46E2B93DFDFD5F2
310
B9E9EEE1EE1DCC7FBE6380DFBF38A165CAC73DF912AD76A4690D2B766A3EB4AFA2D05BE543EA20B095FB17AE3F1928D84482049B659E671A4763CFA567C08824913D37F2F92F841FC244085C1681225C04AD6DE1684831682CE0D6096B56101C0D4FB3A1BD3F11FC1105AECF5660BD3FEEDF162B0D9DEC6DB55AF27FC98050
310
BDDEDFF63ED14B01336053A19DE9AEF5F5D9E9D9F9E19ECDADCD497BCC57681922F327EB41FF681E17C1921B04FBAE371AC69E53F98183E91B84897A5DB164158BD1D12FF6F6BEF0E02847727BF2628F9FD48B6FB11DF6928C868B29590A0606F92140D0C08850DAA7DD8A5FE8A50389F61288AEB743E9C801BB67DBE0A7F6
310
4F63BC87770FDF57AA73FE1F5A84F8DD3AADDFC32087FBC0A7D645C327B97D65E7A8BBA76DFD9BCEE1B1CDE3F5F7CE4E6DF4013ECD7CB60BD1239E8A4E9A5722AD9C4FAC8F7FF17B214AF8801950430639A08E3ABD05A0D94E253BD5951C885B0CE750309070555FF21F2EF83FF53F4E15038B8D8A244740A5C9CBC120043D
310
A0B323FB1DA0A4EDA268C05A304619505000BE10415DE898809DB6B66896E60AE347ED3D6DC707CB7D5B5BC374A158EDC343D0EA61C217D4878CBBDC1D85686782C3CF4272E7DCFB5E9EF628F5A95AC1AC0C6848F5771329EF8DF2BB79EFEDEC8DBEC72EB7F245287FD4B31008AB38EA4D52F2BF57167159E3004CD8950E21
310
7DDD6F699FC763E9D1A0AECC701F7BD4430A3E030374066938F883C01DE40E7DAFD609345E33570F4CE6BE467FBD7F793B5AF2A9D331D86DBA7BF98067918F9FCDD609A0384B523F4413B574B818C6889FAEFC5E7B8F90CEFD62BC2C85B2478D54DD076635BE434FCADE68B3ECF1C8708E27863DBEC352D87BCC7A92A8E135
310
700CDE65BC114026DE5DB68275E656D2C0D4087293D43BB4C9C14EA83C0D806783B40DD7CD4F19EE9F33801F55A3F1FD600017A6CD5DE607783D5F74E34680E7DAB98D99F6E5B5ABC7F7DF19D8278322F6A97FDB2FADE1539BD945DDF868EE2B8B70D9EDAA45D1BB0A5801198CF1DA891540474745BF0317F8A3703E02510A
310
E94B084221F887FE950272D62D4232781054A87C58D015CD45EBF9B70E60820A2056E9D4D619E8494BBFA68B61EBDD8CF52CCBA124BACD4A4077E8420A7F36FCDAF661E577B792A7E1B7E337C7CF1FDEBB3B49F501F3C7366C1730E793F51FA20A9C3D2E9F18E63DC277449054CEADA36DA0807467D45F8A744E1BDED725A0
310
33868703F1392BBE221158220588F30574A0B0893D0515B0B7C404AD0E7F40C11D504C49BD7DA39A85A19CD7357DFC966E5D92272FF06D59CA5A6A1C8AE30E52F1247C1F1D78F81887F9F3E387075B170F9F5EEE4A7F5BFC69DF02FD8795FCFFAB472E7C88D563DA514861B85BD41594A75F5E866BE69471110A9F75C8609C
310
7E6BF6C7C727431EE3E9E3773D2378C25226E82C08104A57ED273FE0921D6990E02B006BD038263BA360355E8DC446A380F0BA35FA9945A80CF60DFD54054202F91897C241C147D59F8E0FC67CD0F2BF377A3463F8BBBABCFBD6833C57E214AC3F5AE9C2FDE88852968F20337972C7E04EE5658223008AE82D93BC37D8DDD9
310
00BD6B16EF221F0D4149045D740A8A215D4FC186C658E01994B8CCD317465828704BB630DA2243B3B4ADD3EA554A97408454148C04A1A0CAAC2E04033C04073851F54380E0BF2DFFA43FAD3D6B574F2E1E5EF6E5F4FEFBD1CA87C161FCBCF5C7AAE2F726F814027BAE10F79BC3D765D61D1803952210A9AA07F8C6BB2105B6
310
1145B324F96014EF223D4A9261080239F03FF6F4DD4975C183B887E081F7A467A25EAA0C94028FEB808637768B07400A8235D4EF33143253198900E079E3FACB0C59B00F827A5785A6FFE2FCF0C0E6F1714F11CDE5140D931D707950631F3DE877F300002000494441540ADFB08704E252AADE1BD4E8DF55796A32B9B6F177
310
37C67702E5C638682737286CB0E0A89B624D5BF28222432848C9AB8C07170C97B814FF492A61072407D638006F7C8400860444C01B1930A522788045633DFA9507267A3A42BA05925BAD705CDD3792FA23C1075C6EE768A673919EB6C3FCFE7629B7310AA794CC9C0D14A1FB88F95C845BF22543F57996E0B26C9E4C2ADF18
310
7F979F8A55F11B47BC26594C52588518D25E6C2B1CCED231EA1B748F093E5726A21A54C91EF95789041030C20FD5AD68613432E19A4D0DA2505B6BD843516E10BB00AF9AC315EE9FDB39CC1F9EA59CD88F9CD071D470C86C4647FDEDDBB1CDAB81DA94034747A779F4CED497CFF817348F69F52E55490840E48840BA72DB71
310
F3E84F6DA2F4717AA928F153DA6E4C7E8E00363CEC9A2E1C8E65F298FC4A52F087FCDEE5CBA38A80CBE11FF7BC2AFF249203FFAB77A128A001B1987BD334AD9B901890A8C2005B6B248196AD09C0025ED841325B31845032E327C531C839E66DBAB39566B631C2FF0A1DA5A3CC47E665AD8751B47CFE33899DF047C9F3C365
310
E3B11278D49DF939298E09002F6430F9958803309827A7C791048CA070061B7E9A64C557D235F83EE24822E5EAB805F9862F20FC58F483DC0EF02181F572930205107E00E523861895A2811309808F2B6C14B2AA579E893753C155D2F54302007E9FF36AC5FEDBCAD47E182D91A73920CFA5C18E01F8FFF4C3F1FF553BCAD0
310
E58DEF85DD63B91BE38ECE1A9FFC4AD4A1FBA30D462C328C5A0340DFD393D3D3D3C0659195C96990F391EFF4175213BC74C020922D4830FE215E76940962BC0713A3B82784C0CB6623DC40D6E1485BAD454F6892200B225096127FBD82D2B12006BAE2E329C771E25FEBC0DAB3B5395289D56D7A8A89081B34EE06F80F819E
310
FE75C67DEEE95D227E283FE98A7B9F1C97D2D05B4D07A469153C3DA3048EA68FA667A6D90E291C7D7E2D063E4D044964D055F2DBF3E31BB851AE9F78A0A7314F0AD24901F581D74A6929142039C65AF5830D1C809536CDC05E4BA51038F79D713DA930CF18BA3010E385351CF47F74D439BCBC793556A1F99814926AF12835
310
E251C59BEA3C083EC2B2760FEBDF4304C9EB87B35769E1EB24B648542CFA4EBA9EF93CD42F03C08F249A2C98897D8E2225E90077823F4A52171A61219998CED6FA050992B6B0A74A2220ED12123004FB977084208F8E2AFC80F456CB110BCA647A3A0F854085D84FE0052BE31FFE7F925610BAFEC06FC33F9931BF063F39DB
310
3D1BB20EE357F594045F4226131578582CB055A59A073AE0413989D215019B6EB8A21CF154D71164E0D8F4E730C2CD382D098DA5261456A425643686BC8301710F2C50665881399156AA2B4C3191BC555728384800CE10040F746A3D8A80A5F0E500A93456FEC52833BBB45203DACCA37FE1D3EE4B9BF0EC27ED47D89B8266
310
F11EA2DB8B5A8BB93EAEDF0C06B7AD0402B9EAC6E787365535AF19F15158308A9D9785C1BC1C01377F8C6B4D07B50DAD25649764A91DC9812C7B34CA98184084F7C01055466B48058CD44085AF26648520C85C41C67805462D8425680425559F4440F3ABBE1F3F81B1EC72708767DDC8FFB6465796C8FE310FEABE0C9B242A
310
74137EC3E0427091967023299BE5D6D4D0C6D15747DC2AEA4ECC57C72856E827D33CBD319D70FF854369EB841282F84B7CA4881447ACFCB257E252E00FBB3272120A75B99119840858486615636E0E0334031AAA8C08A62E080053A0AAA4158431EC727A084021D41CF5D630C94184F6FE7432E8F5F9A4FCDF3EA7CF136FC2
310
988093F98ED622E38E4976E1BF0CF49D2889E6DF3566719FE1F9B47A2D3BF89C69155DCF24F88C609EE551160F0415900B4C48FB013D8900A9192A700748002924771A3686A0A580FE4009E00ACC090253E280B90AC15048E047020483A038A60ED232831F2CC90498648690D960C48E439F18F4DDBEB0B6F5AC7B7B89F623
310
0243B4FA160A7B9327F3AD5D937C8BFFE5FF8B3A5E64283BEF8EAB9F71159514CFED62DBC880614AA1F7994CCFAE7D8C87057F451733699B8DF87056E1F0654B5021E38097E4E23221B810DE20559AD183A61C2C88A648DB096081E9801CA00BC1DA0124E08DAAC15FD2936905CA8DA1C40E42B13F1764E0C4015EAD7F8BFE
310
C99A310B1B7C0BCC7746D3C0702759C89EAD57122092122D1F857067684A578F1DAB7EAC400841F493A468113282FFE42316CC74C756B1C880FE78795C692813CF4644480EE9B02991BCA257A71861F00666D9410288487618D120D0E80D7773E2B7DD180E100EC98B221C94BFC4FF531A09B986230F1CD08378A8E4D0FDD7
310
D9B1BC75F5C12EAD7FF83F3ED19EB018620303C217A6A35D826E72ABF2D8E2BB1B783F6E48D2E3F360806E1D192085D022103473A10375B63853EC54F500B5B064DBC20945B88160DCF7E4F83A0200BF6FAEAC88E9F54D22D898E43F378D20B51B5D6B1457000922202800DD401A9266483029C0D6D57ED80D42A0E6E08835
310
F0F3AC73D7FAE6D56185F04FC44472B854EB7D9CBF7134DF3DDC35A9F6B38417DD6F508B37C1A718B0D054124176F7222F62DFB327F34D451799D56216880193254FF782D7DDE26C271BF38C6E422E271CE4AB8823C9510F021126A7A944E00DB4031D013C88EA0746C96D4574069BD5439C4110403B40020C30B07A604F1E
310
41D19C21A93FD9002DFC35F23B1E7B98E95E38387E3603FE7393680410D702FF9ED5A3C5E5CE68B5827D721FA78F3A9A0C08A79722D9C9B418F46C0057BB1640C70AA4A03D29CECF33987596D53CFB27B32C3BE304C540E14BF8464E080918268D254838C91A01F0FFB99154FD8A9C0495EAA6534A6C464440B4A71E16100E
310
7405088122A35F7A511DC003D002E6C8E7E15F6D1D2FD09014139EC11FDC89394621F77B9F88EB5A583C41E2FEDBC8F82334494C0BFA97FF3C3A34ADE60385B60E5A30CF036E5E75370BE3B83AE73B3B7DC0BB337DA0045299ED0C66681E4AE223D01B1BC3BD4C921E2005FEB5114739040758189BA8A320067B62A3995E47
310
20055065AC2B4A8006BF8CFCC907C0063EACE41813C5F017065AD46CFDC6FF1BFEE052932CA3478C8E5A6F25DC8503D40F61FC1B047E4DFFE8E84407C81F1AC7B5C79DA358551CD0D13785A9AEB38D6EB68A0A8087FC6543E7471082873CDCE5CBEA1EFC5CC0579469E225428E9A43D6A6000B4219DE52E8DF00A55F4BF503
310
5960661C2DB88AC1F67C2890A93FC420193C8326409E7B595FBBBA9AE1D1511B3F6D65B09AC10A71C2317201A603E88C56CC68C91279E83F5C147787EFE6C675F00941D23EF092920330982DF38C65EDFCA89DA98E8ADDECCD77CB86D85118F3DD9884820B1128010D02F1060F582871CC8FF42024C02239273A1CC3BF71E7
310
70DFB7E96081682803188118B50310BD620234F230B12711B063E0F0490FCDA9248B580D3D3DE944A30CFCF2A1E0F6E59E8FBEA289CCCC943785BB8880ADA9C2FD70F6A13F5418444E3A669273C006C4B4EEEC067827539FFBEA9CFF04D84E7F170480037005AAC8829084329899F90B5E013927F8E646514B4824B01D11F7
310
2C012CEACD163B6358A4454A4221D06E68A71062520649BF9E9127D0772D6E5EADED52FF216BC2FC513C7D3C5CC4C8AF009811826AE20203B076A2AA66D8D32E317DEE0EFC000FCE16D9E0BEB17C74AB009256C5D8AD1CBABBDA61402612C675FBD72D07E633B1A42F2421208CE01397560811204306617A5141706105C9F4
310
984C459F2D0F6C392FA05BED808512B0B9A8A9FC6CED89640EA347D31F0DF76D3D9E61E800FE9F7601BE4C9614A1C58E6C839F13A12D0EB426DE6386B82369A9E6A7F1F9146EB578A2EF4289AA109B4F6CEFEC0463E0072A05CC9DEDEDFE08407B173B8AA65399C80B2911252E6290C82CC1B8909140C11B7AE161B42B9390
310
5045D017E00CED6D27AAA15F2C2179F1E83D411A7020B9408D202381E7E5DEE5A9E7E5CDE3B186433F488AC81554BEC09BC579018ADD1DCB3D9D70F02B14BF9159A4DA376225FE43DA224FED327941705DA582B2FD1BB5DC0540667B650BECDD1D5DDFB0C7F36DEE2B94F6EE2EE4E426F20A1174C31DF153321A24114C4FFF
310
25E505475F6906D4149B21F1BD9D9DF7B059F8E0FD83323CB97991FE80EE131A9003B81C491B218B1D42C0C0D593D9D548003839DC29A740298B0C23F0CE14BB167BD61989AEF0B985C8FAC8F923A73F31953989F0F6C96CA6C4D0A9A88184BEDBBBDA3BBADE77CD8E2FFEDEEF46184A86671D7DDC51417477BE9F04804F30
310
5AC82C2D018A21EA903866A0F959FBD4139916D036635EE03DDB7408BCF0627A03027AD314C09B0A27F0A79490D53839D0DAF1416995CAB24101FA63F75029D57A4CBBA9FB4D120ADB17FB5A999FC9420DFE04FA670430B90FE7F589F7FE8D50A4B5F004CE5F07EB4EA007F8AEAE8E8EF7DB3BE2F81F42166C7246FA9E62D0
310
2C8209BA1024414C483498B50229FD923F2414040B2081390AAC353B5283EADA12A30B1080866D746B9ABF5BC107F33C2A015B275480759334B83AB02175EFD0DEC785DFC505E0064F4EBA5A97073A74C5C9FEC97BD25D819E28AEE661FD2732B8BBFB1BF13441B3C1F45E8AC1752BBF80C113DE960E0AC7D9D02C58C80505
310
A19BA0E84B14402601A590A4AE00A825E98C3212342302EE10FC5100681F86834A2804BC409D70270A2091DCE874B16BE0706C974EB3D26EFEDFFCA6C4579AA4DB781708469F055532A7046C6BEB0CF39F3ED2EC4FBCA3D00EA91CA68FD2B87B5C191E0EB2C300F00A1C9881F263571C6CFD83D079D09F176FAD839340CF03
310
0F70458F81F09AEE1329505150CA0A00576B56C06D58070B23086F685E44232D9D53DE3FC3731044F286D19F459351863F749F1104198D6E14BBC68E17CAE70D7AFD958E350BEBBC70C9C4DFBA075240DA27D40AD7DB063A097DD3F041EDB3E4B682A7A12A548F3393DB01945547175879989302521EEB1431B08759B632B1
310
74E0F700E774FCA1BB83F95029ED1A084288C8893520E49415E00DA080AE8027C34206D35491D050A4C6B080F6A20889A2FF82379AB6234F6710C05F9080ADF002B9C9F9C583AB220F45D618D7E7F7547FB27CED8A8B7A7D24EDA4988B0C1C2A1AFB53FDC61BF3DE50D63C560F0120B0372F0839DDDAF13E583B868717C1CB
310
8CC71D1D7F440CC82184803144196EFD58BBE00B7EE77DE8C015942357FB06FC906A5E2B8882CCF9FFE184B0035A5CF186A962A63F84B3AAEE3D5A2C830008807568B6A9F424086D2095A3E262DBF124350082C4B5DF4704A9D2C93553DE47BD6766B69349610716999FA25854F759CA9792599D3837ACF6247CE8597B0F96
310
0FA3EC45B61715050260C5844FCCFEC9666BC71F875B17E3BCB4CB151405D7D08F846B4CB952248B4603CC402B609E90F0044A007FA800EC46D07A51232B00E5683C55D5096E1374DA4FCBBDE2C25A5B8D26008227CA7758033D7D70DF12CAF7F247939F93F1CC63047D63ADA0B7CC8771B234D8095FCDB577B586D1834062
310
035670E204B245EC093FCBE15626C10D210CB38A13F50E10A0D5C0814B0C4B30AA9858516001669002229618F100767AA3D6D2528595FE7A398C2D2300ED0013A0AE60B91644A057327BD3C36BEBF48C91279B45F8BD145494674AFB211A91977CB838DF35DCB3D6D6AA2FB2784B591ED785DFD7DB77747DAC9D2F7674810E
310
FC2895F9ED8007EC7885101679C06F21E4B1C8A6120956F80518D1DAF1717BEBFB5803E20C6F2A11B2E48AFF4AD2810A70054623E341B3D1ACD92DA91150DE631EEB2C28882D092049C0DD38E262A7BD6F98549930C9D44B7C37028AEA9F8C5628A2BEF5704C0DCB2B428181B1BE766F43014498D2E57791E4C8DA6BD2ABF5
310
003F0C40202E2E32EDFB02852D16C30B7F646B98FDF86C7891690043128B0A0DE6B4EA27F08C30CA34C9D0AA0852A5997F8D11A6EE84E040B20472020256F4AFEBBB74E6705A12083B249089218E6452C8E5A69717E904A3F5EF3D5D08EC1F4D4E85086B238CFFC11AB9AE972CB775616C6D1DE04DDF073B4DE3747C41FBAE
310
6072901CAD0237100670C5A00C2C3CE063610ED824826C1F6650700E88C00B62468903A0D71D3A390255AD7040048348C56C4647413C2C2561216E0C469203EF06A5B101AD40D0E207F78B124747DB5B4BBB4E88B1C373C114E0470B345156EDDBCE1B4DBDF81DBC400746B0B54E05F693707B89A5E430982C2AC7D10DFF11
310
D5B102B9505034B35D07E8E5F585757F088B390F2D4C85CF7218E8418BB4F25B885053D07D5A908326809F31D6CC6B77CC948413B28664484439D118DBAC27DB5AC40C1AD166F25E6A2F0AE82100C0BF220405323E1FF80DFC518CACA8DE1003F3C9FAE9C7B2D60703A0004F8EAEAD2DE0F5485452D15B77B4B67F4C2403B8
310
D8F9C533558ADE058A9E177A1698F75DC0EB4C800F74C0270178C8579C1FACD025F0560844502D2BBC01E620030CB93636C1041636A693949CD80139FD15BE107F905590A292840F8860706D07E2970A2F15E5B13B87C3143CB2930374CC46A6F9B9D7A5CCCC14E11B9E879A49FBE27ADBD6DA82410FBB94FAA8487D61B51F
310
4BE0A03FD08743C31020D6628ED20305A22C2C2FAFA7ED1E7881C438AA5B9035F20759E243C51F34D0D5F02F11403B9E204CC1686C0B6C9000470561519CBE1B0E4FBEAB37A39EE4B84C05F023858779341991F36D9D9F351E7BB3B5ADF00148D9D05784F9AD8B037D48C01BFA83D4247F03BB768BEEF973A14E610090D4B9
310
6B1EEC5C5E66928F28EBEB6CF578B067DD83086081579848E60DFC7684044D8174993C39F886043481F6A2B743B18749E52447CD4D230513032D20D20206E536E15BCF7B7D211634F98FF9986287F33F9A94615A5A0A7CACF8DF5DCC1AC6EF9AF1945EB78E0A2FED1DA2ACC00EF983F9A012260BD722EF61C9DBCDD8719703
310
ECF839029010CA0B9F100B1D2842153E01A1A3837AB579516A31982FD2908A09100DAE591016CBCD4B011A2F4DE299E1338CE065DC4841BF9895D8C81714800CD08F5AD39601BC929B55D291F6CDCEF2AB40DD5D98F4E6F107C47AEE4A09A079C05316F479DAF4C2BAB83221BCC0CE23FE3D3D4C7BC9AB673D89A3677D6020
310
F6E182332028012FA0FBE0B2668FB85485902A8E7FA0BA2105C213E20BC2169211A4BABA7D693C3F1DA961F203694853137073AD5CD25F1C017DE0477626D7BA55B88F83B5EE513C41D814639FD1BF759171F4577D3CAB0C3DFF68B2D3B1F8478C18F67BEBB2598FA76A4545E9E961BACF657E0791D2373030E0EC9FAEDD17
310
BEA7703A738185D08236C407448A4CB504CBF01FF43859D3115488EA01B55078000DF085911805790DE1B41B6F8CB2889C3834FE02AFE07D85143C6C008438A944EA63E047023A7EF37E13B0903AFEA7BBAB9579330FAFDAACD540022980B65A75FBA17D388F1E6576405CCE7032D95BDA420E7DC0EFA320879E5F8B3B04C1
310
D2D9C1114210C19FCC49DC6A855E12010184DB8968109ED016E4683CD552A36B3AFA13BFC2114068935A7E774CD2C7225642B73325938052D8634ABC18DC9442BF9E0402E85B42F9F3273672DA8E8F1070405D1DC3248487574CD98092B8B956E6AFE1566530B78FAE05B4A0DE51FBAF85DD075C7E11939F80E015A58D1F87
310
E400CFFD2306C4D1D3C634380A201545A92BE01F445800BE12302AB477BD6F62600D211232EB061448A0D2B877BB940D63D059C37E0569A83DE93E214F4BD86209FF6F479C640AFF8AF6D1BFD987D029A94DB7C329B4184D4BB013BF912FB88FEEF913071A8D82B651BC10DB067A7EC52FE1B421883144C00F64FA23A11CF7
310
08BF16CA59F18D4C04B8085964B2D8DA4A855187000BE440BC816FFB13374640B0EB1D0998AF38A1AEF503F14302E2811081FC12EA6CD38A63B33035125F40F170C0B0AA45E9FCA38FC6D688D48563B5C4B4B7C359D3C7AE0EFB16ACD5E2FAA47EF8307044B4EBE1C71E84E742D81431FB06B90B600B9C239E277A57C94C42
310
7EE10E7826980C0136600D916A06058CBE8604DB4D314FBC014EDAACD0820F14BF75449B70339490FE5A0491221BF95F949DF1235380E969AABDBE2D32EB4403D3FDF17F42F9A0A7C28ED75BE86BDB7C7EC80C76F86B8800F77B305EB88F00A4352E0F8089EF811EA02A3DF08F7DA008F803BE4B4EF5F41E56087099E92070
310
8C3D720916444440FDFA013D4E1201414123A09290F5BD7AB729298209C4306D007BB0829FD4EC3A6D7E4F00B67DF38CA0764F832F0448E58439B952CB4F70DF964AFA74CCFDBABBDF273E2FF4F56D3DBFF2A78D42FFF2755DF307066497F44062AADFC0CC546F6DCCFECECFA232E14F408F05477D311B683A35BC245FCF8A
310
5CD2AF20022C21022266905A5BCC8B20235D6FF04019CC04058AC80023662E25F342063165956320BE50370F2A657BACC817DDA3DDD3EFE04028645780A768FE38DBA88BF2EF3ADADFC7FEACA952E5A77568ECF0C971DF32BF1D24F8486B22A649EC81B1B60315CBEFC026091CA45F858D7D04C1B437079431E63E38F88075
310
8842E780A9E03791C0FAAFE10012588C3C592FE35461A6047802BA18686887023A422A49599399893103942CF6DA53A8E387825FA0678B261F139F801E2B17C901D0F5217E07AC2401A87D0480F753FBED44FE949C93A1D042B879FCE499B3D861AEB23F9C1F372F0C24D0B7D6E70FE1AAF60F84BAE642D82F0A9F53E22783
310
915518494FDBC0AFAE7DA282E5050B703570E06319A015E00D693A6BEFFAE493941C3B08C13B96BD20D0115A9565701DC58568A3009DA13E965765C03091F0FF339F7309D44F6E61F837F1B1FF920450EB8FC48F9B40158BE89C81A597CFB0DAF5F5755D3886DC13D4479599B583758CBF35663AA234F133F91D3BCCFCE0A7
310
94367F385C59B19431780F1C099131384056616E15A1563B50021D369C593FB292685A68A8B2A50A0A2085CF05434617E05FC24A6B077B990014421A68401AC4D65788EE25F737EB780D08A6E38F060F2ABD889E1B889C44852C2FF368C1E3E710D73B6589EA83F7417B341ADA1F639A23D15298F087AD0326410E116C3A1B
310
325218433C71AE62C07C1480F1C045629724A076A4BB8D622D24690486727F56108D07046DAB065000678E04C4F8C342DE27F4AC102D854F2D08D59B4ED0E4F697B0FF62F113646BC5B7F3131D4EA8BF8B265EA3F2026E7061B96F6DF3D993276B2180B8E57067587428579460551049049B074CF8B1066C7E14C705F0B392
310
98C0997C17F701097023BAC31081390196801FB0C2A12380042927503D5A01CA127F9841B460310639C674BC8CDF1A320501448E0068905B07F6E5602F8C1F07786253438CEC51AE61FDB25FF71B09893AC026A9EAE3F30F369F5D5EAEA5801FBAD3C98B38C13EE017B054F81A56F05259DBDA64FE270B1FC4C77200FE276F
310
E814B916E222575ED717A62A92956504605268408CFE13FD61F84252228376060206802B9550F00B9D47E6AF1022538A752CF4FFF1F5931384A9FF8700EDD4FFA2B93FCBFABB3EA6C607FF714B0B8B04EBBE83B52B246092AB018C0D0002FC490849F1E214AE6FC42009D6D86616C835B65DB9862EFC4480C14137603C3089
310
D0A5588FA27E693DD184131BA4E88C35045ACEF1CDE1A82323C20B842F2419604821196EE8185BC834AD44F8E9B7549A32900196E9ECBBE20FFB4706861AACADBBFD9B56A23FFD3AB8BFACC18B1B5AC0ECD7B6AE2E2E9CCD2BE8AF1B1BC3A813B94107E82DE67A42E7CC7D4A6116700B5B2EE3C338A09B840F07C40A64800D
310
7C605AC42B72227C4C7020AB1F20056E26F542717F56534261DE3766AC10A6ED2D006DD03BA9DBA507AE0510A8B385C92363B9154167F1230C40D76AF6F3BE0CA08F8BA2FFBBCEFB09D0986550E0F0EAE2F2780CDF850CB0F88CFC2815FE87BD83909F474F45DD47F1C821DB2107A8817FD45384F57891B65F2543D0C1E20A
310
89B4A8DF806862AC27C60F6A054627FD344250718AC0FA21CDC4E28DBF2650D1B39D8B8A420C348A4F846E2BE824BF8C45E1DB8EEB52F576F47A75FF95F90FCE0FD3A7A08D48D5B9AFBE3EA658E1676FE3372FB57F0AD8D70ED4AEBA3D4C2BE0AAF1C3AD63A6004D12900CFC481A47430C9EACB390038642C8C41B13303166
310
614210592736B8603AD4FAB17189DBB32F3915F0C380795A089A15228460BDE8E52203527D41B5470901B088D84FF8B3FE2BA7F4FD30ACAB3DE0B7E2FF95807AB0010FFDE3A048F7360F9F3FB9380EE537F16F8673131325D3351A3F664022020811A0FE8C019CA17370725CBFF64132025DA1BE2555102212E80A907FB43E
310
D80A991A8AAC183932C19AE17524B06590B6AD286EB99BAD18FF4BD64BAB519202F992A963648ED30E7521F909F090C0213E367A77D8836BEB6F34D92EDA624183070248351F1A079E5D3E7A9EE81F2CE6678F92E299EE312B6C0572C0A7B5EEE07853612403813152C7125E2022A20C18F855DBAFA399817FC97FB6E1CDCA
310
31D348434ACD0012F0D32A5456B4007E6E92D72B1A4E9971223A42C1042819E4049C0C5801300C0013FA48F8944FBAE71DAFC27F1826FA2304ECDF3F6C10FF47D5C7E49748DDD687DE8E91C09394EE0682A4F84CFD6067EEDF43E67EA46CB2F4070160439245F00343D03BF25D7E2F26FC400A896DBF19FB8D4D0A66DA669C
310
3D608F9CD048A0533621B25690EE19D5D15248E390F042B12C682511B02BFE3E5700E4C9A9B2107A8F45248FA48234FD23005ED1F4EFE80D1320836F04003BF42856D478D1DCA3ABEEE3C68F9F30C3A16E5C238EA5DE3FF37DACC2F8B7980033F47FAC34421EF0418A045394802CE032D61C70023D788136788613887C0011
310
A4EA316E005718AE191F8D0D841B9C679CD2FC478442D005429166F5A24403B1E6ACF3298F388B6D0BA933D92339D48969A5C11F09B4FF017A9900A4F887010C474717E10F36468032FF33F4AD610517777104CD920C3CD15FC5F3B3A0C75BBCA3B00F2724863C10BCD4A0E00736C7981F2F72E4B001438B99714FCFAF713A
310
2603BC710376A1715FC602022202E06FDEBBC680A3DF1C4C095A12C50B554FE7623B50374FB2129DDEA4C392C9188077658C87F55FF92FFA507FF03FC8DFD3F31BDAB46DD51AEB03F7E1B38B8B87CFF47EA1479C3EBAD5C6B382C221C0F1B358B39D76D9D3142C4A20935F541E492E0EF081BA41B3620A8E172B584EA14856
310
32E22A8221CEDAC6110AFA4B6D43E2B76A18AB240BB24337721C9321D2C033B2D3E2641A55A400A28403C12D1DADE39AD23FC5FC08C47A64DC3FF6DFF76B5235124022D7E6D6D5F3CB870F9F31C96FE477FAFE54100068A3A87FA5908A2C08011CF31309C10025B089FEF9C510522B8DC07C30AA469841723A10C08E27F00F
310
7FBC181C083F2809EC3B2B328E294AEAD5A071B3A95C81D2DE3F930372D022C9C793535B92FDAD5426E90490C3C81D000017C6494441544698C416520C1C40C71FC204B22448FD9303782FBA67089A1A7D4CE38E89050FEF5F1E078A4DCCFADA058032C34C1CBC2E1202B1F8962B1A8024F0EB7A11F209E96FB369D4B64202
310
FE7BA230AD24C46413536EAE955B341B726C593B5D4630C0BE822480908522B0D85430230352618DCD4F7BA6D568BF4343801480006658EA3EDCBFFA9702B4FDE9022163C43F9B72B58001A23FCE6F0B3FF0E4E1DDFB9801A6FC42FD0132CC1F2224F89933107AD30B6C9131A53818AE944BE25A70810821C38F098411980E
310
46D108F483DC63F49B91B852351604091D60546702F58A3872A1716411B642C7629C267E64E77719F46B0548FD6BFFFC86A38DBFADFCDF700228C124C8664FAA02BFB1F92B09800876FCE4F2D1C3FB4FD0A44E0106A8DB8079751CBF0BD9340066C3D52BC64706467C05B5A54401BE4A1B0132A55EAC1CCCB10D378A3DFEB9
310
812022327745EF2102886A9142C812A1A2C9708027BB55B7006357459F9C2080E0BC34489FC629510F3017B62D5073E2A2C64048A0A42580E413BA9E08274091A398EA80B5BF31C87BF5ECF8F1C5DDFB4F22AAC181F070AAFDDAE5650C4000516440D8806786D874215149E69ABEC43FF0EFC820FEA112B0522003C84BE03F
310
B76623513B6D840820358B084119B0CEC8C00AE888826339A54091F5FCA513AFE147975BB1A86FC50618D9D74502F0C7C8815AA306602FEE3A5E79E0D7DED1B221001118B73182CD439A092FF801105D1AA14E1918EC282F6260869D55108065988BD67F68E5581720A708051F7C8070F582389C682BE53F2AFD85853F2A01
310
3D21564028E06E79B7A71E43212180A81541EBC88F451E02385100491AB0C4A3BC5309A95911E66D04C0B448366988ECD204C2FC930F8CEE8FA410EE4C25B58DD1B6EBAD83F6196670F7DE635282C0A56A851AB035831725F0471A10FE52097089C80495804100318405F0DFC2136004B4C40705EC9154315129205EC35793
310
0035688F61AC02188250CFA9A980233925F16A117A48CA54DAB6400221976B75D863330942E20EE3B00B08FBB71AA813B0E502FD2B023DF70114E0D7DF2E2EEEDE7B789504200112075478F2FBD6897835C91F0C20782401E801A2F9142700B74805703426023A81CC0BE88B537D0003E0C5181D29EB8D83050964DD258091
310
0A1E7A8138F76253DC01DC2F3824391AD748276C0B0CDF12366625D038603D0003E0266CB42704C8CE7FA7F11B4D59C0BF454A78F8FCF1E50513715D469607031272358F04E0003C90107223A581218F10008B10247CD20D860FF0BF48801040B361808148714764028EAC137E871501EFDD97C89B52107FF1235B0928C562
310
530082573CE137840EFEF82A0BDC602736C595912FBEC69E6A3A26903B3A300C5A098A9E3F1810CDFFBA019D97B4E7A7A075850F2E92569BD960CA7B8304995FD006FC4213BB1448A6F4BFBB3A9F9FC4962D0A1369129B10073771FEDA38B1737B663A71C088D8848027FC3008DAC4E4397A6F76271DFFFCF77D6BD7F1F67D
310
A51E0E08875A6BAFBD6BD7AE52CC04A0B4A2206F650EC412841A48258258E8662C3838FBE21E25172C2A15A4F78D82DCF68A005DCF07047C183E1CE47731BBCCB5469D9169E0D588945BEB637E87802A03D88FB82486210D28FB3B858D13DC7CE75F5E6F3B03C1744D30CC58C7C7A256146853A05243060B850072A7010CA4
310
7CFBF9A1E24F414037B8781E8E9F219A774B36481CB43E48A79819D638C8760D672FAC19FB9D3FC5EA9158DBD0159C27860409682E8FF2595652FE189D2CC2D7C023E944158355806FC320087CC74116030CC376C559C098B93A041C5DDA48AF33827D2327DC761D19C17CC62780D82A170E6CE7415A5E7FE825E053048F88
310
D2AC2A561CA4D4C60098DA28EF1A01382772484698F60C8DD24BF396EA76260542810A625978C03580A9CAB91D10249BE579B0377A3DD15749A45F24C4D81FF3D7D7996F6A1690288008C0FF6CC186DA9D5FC95BB09B1301004B016E707FDFED306A1BE8FA208828F00BF342186839839F1F6FA338DC5A0200FF383DE92614
310
C03A4508DA18F4D85F9354F7E867AA77A42FF49BBE6757A1A7454448D0BFC3C220714FE43A3D8F1547BE10F0BC5A05985AC3C28829A06FE24CD062700601F4AF12AF99099B08E7071DC4626A97C920C3FF96E190C9D1FD7CB6163E800D79E5F3F10A9306C02B799E80F1AB380E0571A584C0370A220C3125000B500900D96F
310
EA40409F980E2083E4EDF4D8D2480AE5667222E020BCDAD4EF19682120818FE18EC7FD6AAD67C03F7DF1955E697456F517AC4F24700C30171C67E9168B109A4F60AFA60F98BE30941BF776DBC7C70792A2FBE98AAA97224F8BEA39B47BFD14A8CD03320DA2B676E3AA397E652E30A42CE2987B7DA1EF7F75242413800A04C0
310
270C62A13372400B435ACD84B8B5009208F5AC73EB149FFF3508E21C2201E0338BE07E50EB47E7FF6D97724A601028C5519073E7978EC88834410450E074DD58AD13A4900103A6444A9CB99103229F0EF8C0C78161EBC68137240734CDCFC349807851E0EB46CE864D2E405ED341B71A390CF2DE20CF5193189E1901E866D0
310
230409684B193D17E2928534D04240937D3C84477494FC5E0FE0B448E35AFC19007926C1C6A6E622FDB8A12E30993C6710E070397C4B26304C0AE38218D19F01FFB15BAE1C0E7E74DF75F2406E373C414E848FF8E500EFAF3C1029C9C0ADAB2313A7426CA9B2C1B9E30032C84EF31A09A88A386F136E8C2F1D582EA0459207
310
015F10F1F001F0B1B7DF7222011EA2001F00BFD36BAEE0850928B08C077030FE3806C880EAA74BCE0863A952812E6008B3A89199C1EE918AF96AF583F1A073B0A355B9D861AF1460DCFB3BFC6B7EFDC834B09700CBED3510E48DC7129041C991F06BA5006CA6B5B34EE21501374E8DFC910042036111EC9C7CFA1C05D48A72
310
70F7F835BF04A4194DA4CF76CEC66718C84CD020D04C412AC848F03E3C61A1C8D50D0EA6838A00376054D3DF61A0E393E1F8B058A6C994093476D601A4A06F0CFD3C0A6BFA910E75CC10400A80FDA93AC9B5EA4303F6C0D188B559086091CC5910137772E14F2376D03181B5CFE74C0EA38440D0AC256D6C4D104CE05302FC
310
C00B60B9CD4D71E08BD40C144A025E60D4C1F45FE846A2105D717EEA84808A5DD90A168E133640311CF05DD870768683F5D2F1800F485AEBE5CABD8FFA3C0BEB33702493AEB551B1EB035EF5C8E5757FA7832141F88E8578A363802B560007AF93D7D470B478C4D00B412D634C9140C4F9275C00DCE8DFE3C7F8C0AFBC5B2C
310
E82E3C3BDF393D4375D50C43CD1C17E3777CD2C170725B7B42B41DF15BFC344DAD089C1E9118522B4A2C60B794E4E8F33081BB7C8CFCEEA0B2015E49D586429C6C78646180B7710E06018A3082243C275F077FBE412C17DE80D3E6B9462C5204C5D980D1DF84A864401C483CD01B143F4A4868087A0F780F37230200A4FBF6
310
AED325114C367C22512750A5C7C3E32D545CE20A0904183BA10015DCAD89864B3E1EE97EBAE8B204266A48E010511838E2FE413FB116E60880C2D8440AC3880DDA6DF6618C138CF1CB2A09637E18D00F80CB0DC05322E31EADB8081C29410903F06BFCDF5AB46024E4A75828056440503C707856EF0C037623DD4922A400E8
310
A6BD75E4D2800905F18450A00CEE88860C8964C7B3F90F56528BA18F71CFBBBCD2D05797E168FC37DB26DBE0DD2EAEF39686C18440820013C1444055402A541400DD362A0A402F1FE51246404E098249FEE30708C10CA0B54601053159480C00BAA9B1223A773234FE72FD5C3BD81804D8D196FE3D5315A0C981D88D04FA01
310
DFC185CA93F9120E1F480B08063364A0A318F08DF95056E4C91F1150D31B011200383502E079EE43CC18603AE2F88FD139C802A739F208E88D06DC78267C448C27C4113C19B0F51B0E9C1C021CF8F9167C6B1F2E10E461002910105D1042792D1CA303F469714C018C23D72179E165049C40E801CB96CF334562E5807291D1
310
E0C70FE6CAD91656715F0E5C5E70F8D7F83290549B1BAA6F781D25180EBCA93EC84E72A74081CE3020789B3790E1A9E478E658C099BECFF01E530E80EC5FE31204ACFF70AF8177A03059240CD074978A002A878BF883FEEC81DD684E406CA630ACFDE87292822A11953710F000885D6F68A67ED40CD772B0828359B753F7CE
310
23D9479AB9845771B389D6A77130F8C134EFC83947392029B10E4425440A84AF0E54825228FC1634D369874739C837A9DDC83C20D320C36042610ECDFA750303710224D01202488012CA847424F8D53F78AB6BECE9B3B35A7F32396AC6B7444566327DBB4DF06FD9616744F4D3A397EB3B0A3FBA8D763702883ED742FE5CD2
310
4146D8E353ACCF811C806AE09914D8446E93840FF4D6C963FF32BFB6AB015D1D3B0C9A0968776F021F21404B6260CF84A14F35180CE20B5E85BDA2EC91FD5A7DBA7E5705F4F0F97AF26CE18E3BA078138202400A62930FA6CC7882F911A92F33E547E64990B0F27323D73B6222863F86425153FA8009361C675554C25382CE
310
148420C8DCC47A20122806CA178A0918C14CBD33440289078A00EC6070184CA9907FD0A1270478E0B325B67C2193694EDB7DD0F3C238447C8A11485562FB4902134E6AC952FD5320A4F7C780882DA9684285CD81D278C0E8FF8DEC9F45D22DC3C2CA99C2728110888799575B6834BF22B0F01EDE72D7F21B672C40F0A97299
310
9E2200B7C91403F9BB3D09C01990819238CBAE5E7510D7D57450507E3DB04AAA0A3C280064E0775380C8C16EEA4834346A04BF0CE847B4B3AF760D06D24BBB267C32E2C9257DE5EB748AD101AF1FD33265E2B674EED8C01A0AC901392211011AC810560F77778E85B13BAFE3E25C95B70919A4862C15928BD8989664AD8638
310
101D009A80F00BDC41AF27602A4BDA0C077E550048E7F1011410F01405045E1C140B4D0E70E0F6E034171C3D6FD12004FCC1FA304312518910356628A4A326EC9ADF5DFFD1B2C0399503F14B4F8E3E0E4E39A06ABCB56A8014687E86E462BDDE5124615ECDB412B7314F62E6E0C76ADEC0F717B360E741960104CF1706CFA1
310
8E0605004B01AE007869B095ED92144A807841EFF2811C047889A04901C809062057192688C92346F97F279449F89B113500BAD282D1DA80A55C27EFFE02C8D4F395003F285B617BBF0831F49B055342DDDD414378E8888E92C16789F269A27C9A221FAA4A0DFDDB9F935B2ECC04DC51481558A69301E0460B02665AC4DD30
310
C03D480866C3409400051811876014C0F294C542821AB045011A3E3F09001FF304E3A0BED05CC11A811B865001769507FC01ADC611F400CF68C7B093606E30F3C7E0F00C1D10C31951C1E2D7252181DA00345842A19130715C736EC9ECE686A712FDB31E4D3E50AB336E5666D7B212C0113C4A4406029709B43D0228F3FBAF
310
49921B19CA0C82A2D5BC4A2079809240F37D3E10F9637607C3983F0458508A98B8B4EFC92AC13530180CF55359500080061DF59B98BB3FEACEE881DC8127F182A885A86FB12B43C590A4380504E32305E3148BBEEB2D2782029765428092545BA5C2C681FC5F8E869C0EE1034A822FF09A12C94084505AA868080303473F81
310
61F7AA0A6610745E280BE4427FB770106F8800EADABA19F453210435BDB2348471B13B65F2FCB554827632C4C44467333E4127095D22092ED492009930413251B5408345065065E415266E20279A40B3F520370BE2050C8360E6BB4601C1673B9BFE007EF5200B6483CD195400A783E6DEA0653515B0FCE8E86D1618FC1EFC
310
15C2E727F24F2A2DAB57326D8D0877D4E298894E7A0C3C7D9CE8A0E2D17AA2020FA1097D6372F2A9F955060FDD467AD0426368C24A8340FD0D6687A76316DEF5179ED9042005A2BF02A5DD810A4DEFA4A8F700EFC50FF4FB8C06410F0303C106ADF8852ACC6A2CA9046E9ED070739339857222CC009E206479886EA26227BF
310
7A341A15C351A8404A6C10080A2140FA4B4E8D9B9A11645899332363FD69887F436A660566964250FD752E787B64BCF8E6C8190DF8EA0C854C062D8A5A1346F810414313E606ECA0AC3A01D6928544029D5F42E202C0CB386F880F7842A31287061F32F3CBE09F2950783394F2F2B23D85386C6F51943E99DD10C8A0000BA9
310
569A14805693274BD0E4F4DC3F28E331EEA91C4F33ABE057889BFB92819187840A08E57A276A8BFCB75B0342668C70C565C8059996D209C2800941A21FB82B2F520BC2E6FE6F1A8827043DE17000DACC8193E78BBB8DF1467978C06F6AFE986123E3A95272CAC122046F4C65C4B88FED2F1CD1D918F7CDBF8903BF1A90057D
310
42F4DC133AF804ACBB58446A0DB78806FC053FA1E45D0AF1112613CC0DD976C5E70AD3282F42725C0D02AC8588DE451B1C01ABF063E7748A3882F0DD484BB78D037F9812240EB88B6034C0AD53E5116D4C6D920C6A89F084E6D0598AD7EB6930CC7B293E27A666E5CDFE9A3FA52FEB3C97976FDAAE9A60008FCA6B33099CF9
310
880D35D419FC687D424378E3099441E110C5B3C6DC311E6653514A67A530D863326C4D8430E0C28024803B5B069B0E60C10EDB6DF087034171DF01F1F3404B27B1056D8C0E56E7CA6056E7798147BE4C2F01CED5987E413AC6A724876DE3F599E0601CE7B9CEF3BEB3671E12DCE8AF9631B8031D3F360B6955DC2342B2A0E4
310
632A00264C0DA002220CFEC3E10D9BADC8904D88DC51928593AA16C91DF6FFF82B3234404C7214D0F8608E0052283EFB2B0563F1D072936C4017706010BCF1B16CDE0C1FA9C777E44E1F5259B0C9BBC8794A82A6C182A3AF56B16921405351FDDC91B5BAAA617860E8D76C97C377FE701A4EB4378FA97C2C8E3CC8950886C6
310
FD93AF70A1F5F676B7ED16CBC56AF5D09110EEB8607CC08A795882358280DDB98AFFE7087C6EB593D62F041CDB4018935238E73F1098100D0C8769818F777057F64C703C6530E142FDF5C837AE1CF66C94C4887D3A3726AB990DEA248F73B5D32C8E04F6714B1E67C53FC52040252E605B322407CBF8C7F05453462A295ABF
310
4D95592DDD76AC23512E9A2DF964715C80DD752CA8E263AC36F02C3C28A133EB22AC8D099BDEFDE28C3E8FFEE3815D5D00C17C00511058354D62443C1A546280E43572A9C661A34FA5891F8E7570608C8DF21DF51DF9D2A84D4501F41B8CD4F4C9DEB2F901E810C0E4CEB6EC08DFB06341C864CF8D0EEE779A606545E1E64A
310
AF30A4324C20FDD3BD558BD966BA994FA915CD162B1978642AD01694E533EC190368A68234657085B5F88E27A0805E04B8BB6A00A51646EE3C10A50FF007FF410F1963CA69BE2002F0F902E701AEC995FD41F83A3F0C3809A3288A083003A6CC2A20E6D703EE48E3777AC07ADD51EB6101603A9FCF17B3D5928F6D742EE7E4
310
CF38AE2B03C5FB39C81D7B2978FAFE85AF3D2710B0582C970F0FEB0E4D1103B8BE2B4D560CA10002FC8F334C891C07B44FE06B2E3ACE5E1E2D1FC32203110ABF9CA0E8381F68EC3C06701328E5A38278A5FCD944CEA5283DA933DF2A2448BD23F1C5D8BE04CC2DC3B43B3EEC29F8B5FF926D11D3E97EBF7FA1BD1E5E5F5FE6
310
D3D972F548547783146ECD84873F377C5820F7F9FCE5E07378D6CBCB7E036DF7F7104079A05B77C6942D1BA95D47424BFC3DB6411009A42E207871B7EE9B06614BBD20F22F7523FB985F3F7068E37600273A3ED0C1CCC380F6EC4AF01CC1CF95E4848B7BF950AD14C44F10460221E02D21D01DAE800F323704C00035DFE97C
310
B37F797D3D1C0E4FBF35EE1E5E9E0E879FBF3DF6F474780A01FB3DAF01FE0C0798218007C2090A3008BA7682A338F4A8804A06CBFE6A80CEC766F49853F15B2F45FCEA3F8250012841315016E75E797EFEEC4ACA6C79F515CF1738F7C36E2406071051043817C9E8C5888D49D0332E800062FF54FA562BF7446CC0BFDFBF86
310
03D1FEFCC9F7FFB5A7F000430755C2D3F72F2D02A022820897ABDD44594475BDCCA4A10AF34C06B08B4AB58BBFAE30999DC66C7CE903A83CF8EB006EEEAA063430F84B05F0ECF644825F5E95073870E72A0771AB89B080022A0C5A9FAF34C89286257FB7BEA000EC65B59750C68E0815B0D9834B15606328F80709DE09018A
310
C2A7817F83F96DB3D562C10A0A31300230CD4200B87F85808BAF64D04600254047F9C14DE93464009E7F5AABB4FDD6D55142A2C0BF1541FCE19C20C899BF4F76AB54B84CB97F88F48ECC029FD253F0C70DF4816B9AC94BCBD653B1A283C4001A0337955E4AFED3FB790B6B1F5EA0B5514074103A38D84280EE0F5F9BE974EA
310
B2D16AB1EA969684B6E4166CA28264B300474C7308D20013B204A65F82970718D05678B3315D442E1C0A327E2F56556040C005D2FAB1326A68A07507C9E46A3648555A7080F5F50219A00E6222E3E0862CE95B5680930530742F1D041805E69B788161F015944D041182B861A2C17F3AF01CF5BFDF6C343F9171F5B004BF59
310
C016719164B888EA206A02AD05E8464D06B48E4381A0E9345FD171625AC22198F57C003BEA5510F81FF78D31C9B033D0030000000049454E44AE426082504B0304140006080800C249975C51464CB48900000043010000360000006662782F38463232463031412D364635352D343832312D424230352D3536434439354336
310
423131412F6469726563746F72792E786D6C9D8F310EC2300C45AF127987122606C71DD918B841D4B851A43646695A717C52A85029031293A5A76FBF6FACEF7DA7264E43906840EF0FA03836E242F406C6DCEE4EA06AC22492573150D1F66C60C640E8938CB705396EEDD86DE9B5042FE27813D640EA63BB001C722AF6E55C
310
B61E4863F58284D5D3F53DD715CE1C3985E63FD7F1B7EBDD617E9F1E504B0304140006080800C249975C4A439162380700004B1C0000340000006662782F38463232463031412D364635352D343832312D424230352D3536434439354336423131412F6F626A656374732E786D6CDD59596FDB3810FE2B82F65997AFD885E3
310
22B6EBC028D21635BAD837819669871BEA0029E5E8AFDF2145CAA222DB4A0FA0580788658A1ACE7C738FA6EF9F636A3D62C6499A5CDB81EBDB164EA2744792C3B55DE47B676C5BEF67D694A5695EDB675B098AF1B52D96EDD9F4C0D222534B3BBC47056DAEAEE6FF583CC209B6AD8822CEAF6D1EDDE318B9A8C8D31DE60FEE
310
0EE5C83DEC9FDDC02D379A640F0C65F78DA332C4709203ABB09E0015C54160FE0491BCD9D4131B8C6DFD6EDB7A67B6795270935192F01C25D12BAE1AC7F54E70D538AE1F0C961F7AC389331C0CFACE60D40B9CF96ABE7482ABBEBF182D16939B0F13DB9A4DB7694A2B056438D981165FEC5930F5C49D4A7C85421BDF519A24
310
385268B66DD861459760DEC4C4003690A2D51452CA5A5BE87714FEC4B64EA0182C19686BE1F477DD7AD3EDBF0002EF62A58C6361E53C67A06B857DE90FFED42B570DBD106EC528C78C206A51B265888182606BA920838CF01641CA1298492D6A7A755EC1B02FFB521B97FB8252E1BFF64C7A5A08FE88732E3923DF313B725F
310
3F0D7802690B92E463256CFE920189C9D4938BE5BD7E4FDD2C81B4F6141DC05A404CB1A9DF6BE0B510B160BDB4671F57DBE78D880FED87672CCD30CB85E54967567EA73558332D30BE0EA094B89ABA3BA2F215A0FF04C857BC5853D01C23CF83E781969DA184EF531683762CDF727CF8E75BE2F2D5D5D4AB1E9E5996112B4F
310
610A6EFB8B3035C430CEAE413A9B3E82D1A7ACAF84DB4488824DDF9144F839188A4553588278BFDF3EDBB33504535884A71005E9E16FEA894B0BBE4A3A106F1A1A6A0BBF1D14A51DA6E967475DDD82CD301255AA32643C85EFF097E07BB3DC7CDC146C8F227CA71C7B89F724213924D376860CD00D97FFB6FE243DF296A65B
310
448F4F1B9B2238E6908AB8D1A2968D528B25F5029C88345C6A46AEDC11F0764A5182D382ABF5B63815A53465E1F6252C5DB8F5ACBFB50D94872903688D6590DC23463281893D53DAAA02A15B13142C0C3165818752ABE1B688B310C569918850FBDA149B7C409C1196085425356DD8DA6B35D91DD9EF0B0EC1AB95E4C20052
310
F9B3265C5AF800E2581BBF0CEF1982249A2621811C0CCED27A82714005DE799E39A6FB90505AC4E19E50C823618CB213F43B4A50CF5C0FF8E52965BB5682A665699FD436240057C06A9074B62A63BED229C38F449499329FE96C60EC5075A83D1B9C48172253B400AA8D519AF987D1B83FF18757CE556F3E7706437FE08CAF
310
264B673E58F9ABA0BF58AD16F3269F3A5AD5F31DA852943986FFE5F745BC4D10A17043888D76D9BBF7327B5E7B101ABDF1AAD75BF9C18D335A0D87CE602CAAB5B93F7486A3C572325C8CE64170E331CCD38245987B3DCF0FB54966C9E114579ABBD73114CA9ACBC94EEBAB29CCFF3886367382A1C43F358856B1ABA520EC1A
310
44C5A3CD108AA20791A2C208AABE56F76904D1261F6D71EE8D71D977FBBEFC04C1A4E74F7AE3C970D831ECC9937E3AD2B5C91041E759E4619AA188E4ED29B5814C4796DF945DDC7E302CB1D1FF7B3D0BF0EABC5A31753E3329A64212A3030EF748F4152DA1F492C4AD59EF4053CE4982B9EC0B5FD58B0D9ABE0BE59799A55B
310
CC96F030C639FA118B958D46C30B209AD3103AD85CCC102ED611950BA89EE51445D12F43AA97F2BF841CC5192D7BE34B18043D0D81EE8ADA2C54302D8E7804FB0C511EFA3B2C471D97A857ECEB8AA2556B4DEA931F267F021E5D09FD4678F411DD8B2D77184CC4670C6168340CFAA3AB4A1597D0D287E5A2F7A30574ABD14B
310
F884C9E1BE5371DA4D2BB532AF2CC4731C43EB8BF28275F2D81144136D5B5A2015191A2E513BE98D05A5ECF974D70787C9A6EF54495C3B066A5792C06CAC9320AFA4683562A90B390714E3AE3778B6C6E622D59F8E98BFBDCAAEBB5F2C07469771800ABB0CC12AFE1875786BA56ED450FC09E51184D28DFC76E6E0113BBC3B
310
367306B9B6B25ED7B4972AEEB508A9314C799188B477E2827E45A06AE8B8B9775B167A5EB9BE16A9CD8581F6910F836993D6E7DB4D830AAC747EFA8BC0083F3528A8D585E8A0CF90FAB63ECE091A149444DFD6671EFF23BA10ADC0DAE80D26C83CA50406F978671D700AF91B46151D3A1416632EF33218AF0A52FA2D4287A7
310
1FCB396C8EB6543F1DDD23186653D5BF15110C5221675EDB6ADDFA0B46A7627A29075AEE03B46E2A86D956C1C8B50D169B13E8D0DC2D8CC0E4C051526F8C38C1B151721019BF7CAAFA7D7C4CA00351E92857B5A70B2E4A32C399A014CEE4BB05A8FBCA1BB3E98F8BAED9B1500E97DB22AF84392E1CA55120E89708A5703029
310
7C50F03E4349715EAEC0957B0C483A4DF3CFDA4149D5C9113BC8917C0DEF9BE5174F4CD3D79FAD8C1607A1CE731DB341C9119D3A2DCAC9D5140C4389992151452EDE795F580AAFA5626B45C008BC451AC769A27EDCA8D75AD6E61E5E52ED3C3D20E4DEC0930303F50620DC228E5DB4E30FB0001A65448C514B640DBD5741B4
310
A677AD08A10278CCD8BF5E5AAA28AA0D53EAD156A022C7FF16F88F78ED23BCA5BEA136AB041700AEE4CDE3855E987A0CE6E5B3FF00504B0304140006080800C249975C959C4E3DE1000000550100003C0000006662782F38463232463031412D364635352D343832312D424230352D3536434439354336423131412F726573
310
6F75726365732F322F636E782E786D6C4D90CD4E042110845F8590781C60C689D10DC3BE84272F1B647A912CD0137E8CBEBDB062E2A93B555F3AD525CF5FC1934F48D961DCE8CC0425100DEE2EDA8DD6729D9E29392B9910CB3F8C92A8036CB4CB54499BB01E43DAE1AAABEFAA77F1364471B11021397339A2A5C4789DF346
310
B3F980A099AE0577C837B6EBA2D9CC1264ACC9403B515C8071C224D00576AA16B13C4D629D96C757F1729AD79358DF24EFA492EF887EF02E1648783C2CC2605B634B2424EF809235B941F5379AF1178FB57892375BC95C52EB6060E5FB68980BDA02BF23BFAE92BC3FD9C6BD81367B21EA07504B0304140006080800C24997
310
5CFF15A4A45D000000800000003A0000006662782F38463232463031412D364635352D343832312D424230352D3536434439354336423131412F7265736F75726365732F636E782E786D6C4D8B3B0E80201005AF42B6F75B59F0390B113044D83508C6E30BC6C26AF226F3B8BA6360974DA7271430F523308B2B198F9B8092
310
5DB700539227A2FCCB80A18E5640D320F996A81C9F32D6E9129A0D1EF74FCE750E6D57BC7165FBCA07504B0304140006080800C249975C8CACC7344301000056050000300000006662782F38463232463031412D364635352D343832312D424230352D3536434439354336423131412F636E782E786D6CCD94414EC3301045
310
AF12596299D8091502E4B8120B4EC002B1739C69304DECC89E207A7BC6256D41A88245A576678D9FA5FF67BE472E3F863E7B8710AD77352B0BC13270C6B7D675359B7095DFB26CA964F01EBF612C737A809AA53253B20B7E1AE7520B2B3DF5A9DA5BB79E8B1A31D86642882C33BD8EB166D1BCC2A00B3DA16F21AE8B56A32E
310
CA2240F4533040EFD10E30BF37013442CB5425AA9B5C2CF2EAFA49DCDD978B7BB178913C914A36DEF7336F1D42F0E355258CA7A3233942F2042839053B53C90353076D45639DE474AF6424BDAE9B39DC8C891BC7DE1A8DD428EE0D02E604811E24FF8295E4C9F10FDF8F0FCF070D746A6D00833E6CCED686F2581BF6D20A4A
310
C4FFBAB005FF32EF9B37B27CBEB91F353C0B3B99DD5D722345F77712284FDA75FD257E80BDB4D3E79F160B5A7389A677CA4EE4996F57200D3E6D44F509504B0304140006080800C249975C08FEF85E7D000000A30000000B0000006662782F636E782E786D6C4D8CD10AC22018465F45FE7B4B25C5401D73E17B8CE686B469
310
D88C1E3F8D5D74F5C1E13B47759F6D456F9F5F21450DF44400F9784F53888B86B2CF5802EA8CCA29ED7F374071DCBC8686C1A825A7F23CD0E4E7B1AC8DAE213E0E281D638ED01E0BC739BE4846B1B584632E86DB950FC252DA57E3DC943ABF5EDD96375F504B0304140006080800C249975CA6D797065F0000008200000007
310
000000636E782E786D6C4DCB3B0E80201045D1AD90E9FD7516806B51190811670C8A61F982B1B0BAC9C97B72CA7B1037C6D3332918DA1E04D2CAC69353902EDB8C20262D23F3F59B81A079470595414B17391D1F19B4730A5583A7ED43BBE4025D9592775E5ADFFA01504B0304140006080800C249975CECFD112DA8000000
310
26010000130000005B436F6E74656E745F54797065735D2E786D6C7D4F4B0EC22010BD0A61DF525D18634ABB506FE00510A79458060253536F2FD89D5197F3FED3F68B9BD80362B21E25DFD40D6780DADF2C1AC9671AAA3D677DD75E9E0112CB5A4C928F44E12044D22338956A1F003333F8E814E5331A1194BE2B0362DB34
310
3BA13D122055543278D79E6050F344ECBC6478EDCD76CE8EABAE5449AE4298AC56946789C28AAFBEABC53F3EAF09A84A1441B91F0101CD4780756578C173A578FFDDBD00504B0304140006080800C249975C3DEE336E64000000790000001B0000006175746F6465736B2D64657369676E2D7061636B6167652E786D6C35CB
310
C10E83200C00D05F21DCA56CA76D41FC96062B120735B69A7DBE268BB7777961F8D5AF396893C2ADB70FE7ADA196782C2DF776D7A97B5933C430F15651E5469C55D70F80A4992A3ADC954792C525AE70A1E4D6AD9816CC044FEFDF01FE3FDE907802504B0304140006080800C249975CE31A734EF20000008E0100003D0000
310
006662782F38463232463031412D364635352D343832312D424230352D3536434439354336423131412F7265736F75726365732F322F636F72652E786D6C8550CB6EC32010FC156BEFD8D8468D8930911B7F424FBD21202E4A0C168FAA9F5F885DA93DF5B4ABD999D9DD6197AFF5517D6A1F8CB323B435864A5BE994B1CB08
310
29DED000D58533EF5CFC4583CA8A558F5060E06CF12E6D07249D8DDA16D43AA50F5084A02354F2919B1182FCD0ABA8458A9911EEF526E45D2CBA6EEB9DC7594A461D52A3B29BB919ED810FC3D4533C53D4D39920424F031A5E3145F8345DA7995C71D762D6143167D1AC3FDBA5D7226A05BCC3DD0BC20475FD1BA6E7969C31
310
79674D617216A2CF3F1F4BCB7799CE9A1DFDE39636F5BF5B3236F6DDE1B62B02F0361FF71C70D69474727946976B49927F03504B0304140006080800C249975CE65DBBB9F7000000960100003B0000006662782F38463232463031412D364635352D343832312D424230352D3536434439354336423131412F7265736F7572
310
6365732F636F72652E786D6C8550CB6E833010FC15B4778301AB81C838A2E1137AEACD321B6A25D8C88FAA9F5F3B50A93DF5B4ABD999D9DDE197AFF5517CA2F3DA9A01EA92428146D9599B6580186EA483E222B8B336FCA24161E48A036418045F9C8DDB01296B029A8C1A3BE3014AEF3140A11EA919C0AB0F5C652963480C
310
7F2F37A9EE72C1B22E779EE031EAF990EA39B9E99B4607A2EBC6B6A7534FDA7E6284F5A78E74AFB427F4345EC7895D6953535E65B1E041AF3FDB9543197006D1D0E68550469AF68DF6E79A9D297BE755660AEE834B3F1F4BF377201C7A1B9D42CFAB7DFAC7356EF3FFAE519BD03687EBAEF020EA74E473207895534AE51961
310
AA3951F10D504B0304140006080800C249975C26359FFCF2000000B1010000310000006662782F38463232463031412D364635352D343832312D424230352D3536434439354336423131412F636F72652E786D6C8D50CB6EC32010FC156BEFD8406CCB8930519CCA5FD0536F08131725068B47D5CF2FC4AED4DE725A343BC3
310
CC0E3B7F2F8FE24B39AFADE98194180A65A49DB4997B88E1863A28CE9C396BC31F1A14462CAA870C0367B3B371DD21694D5026A3C64E6A0785F72A40211FE9D183979F6A11A5882131FCBD5C85BC8B5995A4DC789C05BDFC4AA55322A80938C5B445B846F4F08E8F27529F70FDC1AACCE42C463DED567A4AEEFAA69503DE8D
310
948E985C503B360DAA3B4AD030E00635EDF5EDD85CDB81900BABB298331F5CBA79FF245FF7AA7C13FECB1CD7E985CCDA8403DD0D3785074E529EE782B32A1798C6B3DD3473D9FC07504B0304140006080800C249975C2D96D33552010000DD0200000C0000006662782F636F72652E786D6C8D525D6F832014FD2B86771495
310
ACDA204DD7FE843DED8D2275A40A06C1F4E70FFC88F361DD6282E4DC7BCFB9E704727A766D340A3348AD2A90C6084442715D4BD554C0D93B2C4074A2C4686D7FB48148B14E5420C08092C668D72F10D7CA0A1550A56BB1806C188405116FFDA50203FF121D8B99B3BE6378C43DE30FD688388DE73E4A9C93F5322A6BCF26EF
310
5218408BE29C97E85AC2BCBC6288CB43018B77544274385FCE577C41598A48128629B1B25BD5B911CC8A1AD00C656F106198E51FA83CA6F888F027494227258335DEF3221ADC017ABF3D4932E33B3ED7D77FF339A96C9E2D7CF3C40068EAD79B0A9424211FFF9BC2DB67E8857D7E96DDDAD5C2C343A3E0561BEC2BB5765B69
310
64AD139E1A45D34792B9EA992782DF78B2173CAF397C504C357E3566FDF5E66C50DFEFD40B0347FB8C94361D6BB7E5E615B77313DA595AC7B96EB5F9CFF46A750D33090F937E03504B0304140006080800C249975CBE01436804010000B201000008000000636F72652E786D6C8D50DD6E8320147E1572EEB1A864D506695C
310
7D845DED8E09B5A40A46A0D9DE7E5059B2DDEDEA90EF7C7F1C76FE5C66F4509BD3D6745016049032A395DA4C1D047FC50DA033679BB5FE170D90118BEA20C1C0D9B4D9B06668B4C62B935063A5CAA0704E7940E31C1F1DB8F1A6165188E023C3DD8B558C7731A9A22C761E675E2F3FD27153C22B09BC22D50B261457F51B69
310
4F253D11FACE0E89C959085AE6282D63BABE6AB5016F9ABE6EC9D0E2BA1D28A6EDB1C1CD2B693139F6977EA0175295841D929833E7B7F8E76C127B7AE4C423E5B2C3BEE2ECC3DA3913622989AC99BF804787B4F8533AACF21FA5B5F175950D7785035EC642CF450C4E178CE379DE38D3B5F937504B01021400140006080800
310
C249975C0000000000000000000000003700000000000000000000000000000000006662782F38463232463031412D364635352D343832312D424230352D3536434439354336423131412F617474726962757465732E62696E504B01021400140006080800C249975C00000000000000000000000035000000000000000000
310
00000000550000006662782F38463232463031412D364635352D343832312D424230352D3536434439354336423131412F76657274696365732E62696E504B01021400140006080800C249975CF270F13306000000040000003600000000000000000000000000A80000006662782F38463232463031412D364635352D3438
310
32312D424230352D3536434439354336423131412F747269616E676C65732E62696E504B01021400140006080800C249975CB5A795FFE3790000DE7900004200000000000000000000000000020100006662782F38463232463031412D364635352D343832312D424230352D3536434439354336423131412F7265736F7572
310
6365732F322F305F67656E657269632E706E67504B01021400140006080800C249975C51464CB489000000430100003600000000000000000000000000457B00006662782F38463232463031412D364635352D343832312D424230352D3536434439354336423131412F6469726563746F72792E786D6C504B010214001400
310
06080800C249975C4A439162380700004B1C00003400000000000000000000000000227C00006662782F38463232463031412D364635352D343832312D424230352D3536434439354336423131412F6F626A656374732E786D6C504B01021400140006080800C249975C959C4E3DE1000000550100003C0000000000000000
310
0000000000AC8300006662782F38463232463031412D364635352D343832312D424230352D3536434439354336423131412F7265736F75726365732F322F636E782E786D6C504B01021400140006080800C249975CFF15A4A45D000000800000003A00000000000000000000000000E78400006662782F3846323246303141
310
2D364635352D343832312D424230352D3536434439354336423131412F7265736F75726365732F636E782E786D6C504B01021400140006080800C249975C8CACC734430100005605000030000000000000000000000000009C8500006662782F38463232463031412D364635352D343832312D424230352D35364344393543
310
36423131412F636E782E786D6C504B01021400140006080800C249975C08FEF85E7D000000A30000000B000000000000000000000000002D8700006662782F636E782E786D6C504B01021400140006080800C249975CA6D797065F000000820000000700000000000000000000000000D3870000636E782E786D6C504B0102
310
1400140006080800C249975CECFD112DA8000000260100001300000000000000000000000000578800005B436F6E74656E745F54797065735D2E786D6C504B01021400140006080800C249975C3DEE336E64000000790000001B00000000000000000000000000308900006175746F6465736B2D64657369676E2D7061636B
310
6167652E786D6C504B01021400140006080800C249975CE31A734EF20000008E0100003D00000000000000000000000000CD8900006662782F38463232463031412D364635352D343832312D424230352D3536434439354336423131412F7265736F75726365732F322F636F72652E786D6C504B01021400140006080800C2
310
49975CE65DBBB9F7000000960100003B000000000000000000000000001A8B00006662782F38463232463031412D364635352D343832312D424230352D3536434439354336423131412F7265736F75726365732F636F72652E786D6C504B01021400140006080800C249975C26359FFCF2000000B101000031000000000000
310
000000000000006A8C00006662782F38463232463031412D364635352D343832312D424230352D3536434439354336423131412F636F72652E786D6C504B01021400140006080800C249975C2D96D33552010000DD0200000C00000000000000000000000000AB8D00006662782F636F72652E786D6C504B01021400140006
310
080800C249975CBE01436804010000B20100000800000000000000000000000000278F0000636F72652E786D6C504B050600000000120012002D060000519000000000
  0
XRECORD
  5
164
102
{ACAD_REACTORS
330
15F
102
}
330
15F
100
AcDbXrecord
280
     1
270
     1
271
     1
  0
XRECORD
  5
163
102
{ACAD_REACTORS
330
15F
102
}
330
15F
100
AcDbXrecord
280
     1
270
     1
271
     1
  0
XRECORD
  5
165
102
{ACAD_REACTORS
330
15F
102
}
330
15F
100
AcDbXrecord
280
     1
270
     1
271
     1
  0
XRECORD
  5
162
102
{ACAD_REACTORS
330
15F
102
}
330
15F
100
AcDbXrecord
280
     1
270
     1
271
     1
  0
CELLSTYLEMAP
  5
384
102
{ACAD_REACTORS
330
383
102
}
330
383
100
AcDbCellStyleMap
 90
        3
300
CELLSTYLE
  1
TABLEFORMAT_BEGIN
 90
        5
170
     1
 91
        0
 92
    32768
 62
   257
 93
        1
300
CONTENTFORMAT
  1
CONTENTFORMAT_BEGIN
 90
        0
 91
        0
 92
      512
 93
        0
300

 40
0.0
140
1.0
 94
        5
 62
     0
340
11
144
6.0
309
CONTENTFORMAT_END
171
     1
301
MARGIN
  1
CELLMARGIN_BEGIN
 40
1.5
 40
1.5
 40
1.5
 40
1.5
 40
4.5
 40
4.5
309
CELLMARGIN_END
 94
        6
 95
        1
302
GRIDFORMAT
  1
GRIDFORMAT_BEGIN
 90
        0
 91
        1
 62
     0
 92
       -2
340
0
 93
        0
 40
1.125
309
GRIDFORMAT_END
 95
        2
302
GRIDFORMAT
  1
GRIDFORMAT_BEGIN
 90
        0
 91
        1
 62
     0
 92
       -2
340
0
 93
        0
 40
1.125
309
GRIDFORMAT_END
 95
        4
302
GRIDFORMAT
  1
GRIDFORMAT_BEGIN
 90
        0
 91
        1
 62
     0
 92
       -2
340
0
 93
        0
 40
1.125
309
GRIDFORMAT_END
 95
        8
302
GRIDFORMAT
  1
GRIDFORMAT_BEGIN
 90
        0
 91
        1
 62
     0
 92
       -2
340
0
 93
        0
 40
1.125
309
GRIDFORMAT_END
 95
       16
302
GRIDFORMAT
  1
GRIDFORMAT_BEGIN
 90
        0
 91
        1
 62
     0
 92
       -2
340
0
 93
        0
 40
1.125
309
GRIDFORMAT_END
 95
       32
302
GRIDFORMAT
  1
GRIDFORMAT_BEGIN
 90
        0
 91
        1
 62
     0
 92
       -2
340
0
 93
        0
 40
1.125
309
GRIDFORMAT_END
309
TABLEFORMAT_END
  1
CELLSTYLE_BEGIN
 90
        1
 91
        1
300
_TITLE
309
CELLSTYLE_END
300
CELLSTYLE
  1
TABLEFORMAT_BEGIN
 90
        5
170
     1
 91
        0
 92
        0
 62
   257
 93
        1
300
CONTENTFORMAT
  1
CONTENTFORMAT_BEGIN
 90
        0
 91
        0
 92
      512
 93
        0
300

 40
0.0
140
1.0
 94
        5
 62
     0
340
11
144
4.5
309
CONTENTFORMAT_END
171
     1
301
MARGIN
  1
CELLMARGIN_BEGIN
 40
1.5
 40
1.5
 40
1.5
 40
1.5
 40
4.5
 40
4.5
309
CELLMARGIN_END
 94
        6
 95
        1
302
GRIDFORMAT
  1
GRIDFORMAT_BEGIN
 90
        0
 91
        1
 62
     0
 92
       -2
340
0
 93
        0
 40
1.125
309
GRIDFORMAT_END
 95
        2
302
GRIDFORMAT
  1
GRIDFORMAT_BEGIN
 90
        0
 91
        1
 62
     0
 92
       -2
340
0
 93
        0
 40
1.125
309
GRIDFORMAT_END
 95
        4
302
GRIDFORMAT
  1
GRIDFORMAT_BEGIN
 90
        0
 91
        1
 62
     0
 92
       -2
340
0
 93
        0
 40
1.125
309
GRIDFORMAT_END
 95
        8
302
GRIDFORMAT
  1
GRIDFORMAT_BEGIN
 90
        0
 91
        1
 62
     0
 92
       -2
340
0
 93
        0
 40
1.125
309
GRIDFORMAT_END
 95
       16
302
GRIDFORMAT
  1
GRIDFORMAT_BEGIN
 90
        0
 91
        1
 62
     0
 92
       -2
340
0
 93
        0
 40
1.125
309
GRIDFORMAT_END
 95
       32
302
GRIDFORMAT
  1
GRIDFORMAT_BEGIN
 90
        0
 91
        1
 62
     0
 92
       -2
340
0
 93
        0
 40
1.125
309
GRIDFORMAT_END
309
TABLEFORMAT_END
  1
CELLSTYLE_BEGIN
 90
        2
 91
        1
300
_HEADER
309
CELLSTYLE_END
300
CELLSTYLE
  1
TABLEFORMAT_BEGIN
 90
        5
170
     1
 91
        0
 92
        0
 62
   257
 93
        1
300
CONTENTFORMAT
  1
CONTENTFORMAT_BEGIN
 90
        0
 91
        0
 92
      512
 93
        0
300

 40
0.0
140
1.0
 94
        2
 62
     0
340
11
144
4.5
309
CONTENTFORMAT_END
171
     1
301
MARGIN
  1
CELLMARGIN_BEGIN
 40
1.5
 40
1.5
 40
1.5
 40
1.5
 40
4.5
 40
4.5
309
CELLMARGIN_END
 94
        6
 95
        1
302
GRIDFORMAT
  1
GRIDFORMAT_BEGIN
 90
        0
 91
        1
 62
     0
 92
       -2
340
0
 93
        0
 40
1.125
309
GRIDFORMAT_END
 95
        2
302
GRIDFORMAT
  1
GRIDFORMAT_BEGIN
 90
        0
 91
        1
 62
     0
 92
       -2
340
0
 93
        0
 40
1.125
309
GRIDFORMAT_END
 95
        4
302
GRIDFORMAT
  1
GRIDFORMAT_BEGIN
 90
        0
 91
        1
 62
     0
 92
       -2
340
0
 93
        0
 40
1.125
309
GRIDFORMAT_END
 95
        8
302
GRIDFORMAT
  1
GRIDFORMAT_BEGIN
 90
        0
 91
        1
 62
     0
 92
       -2
340
0
 93
        0
 40
1.125
309
GRIDFORMAT_END
 95
       16
302
GRIDFORMAT
  1
GRIDFORMAT_BEGIN
 90
        0
 91
        1
 62
     0
 92
       -2
340
0
 93
        0
 40
1.125
309
GRIDFORMAT_END
 95
       32
302
GRIDFORMAT
  1
GRIDFORMAT_BEGIN
 90
        0
 91
        1
 62
     0
 92
       -2
340
0
 93
        0
 40
1.125
309
GRIDFORMAT_END
309
TABLEFORMAT_END
  1
CELLSTYLE_BEGIN
 90
        3
 91
        2
300
_DATA
309
CELLSTYLE_END
  0
ENDSEC
  0
SECTION
  2
ACDSDATA
 70
     2
 71
     8
  0
ACDSSCHEMA
 90
        0
  1
AcDb_Thumbnail_Schema
  2
AcDbDs::ID
280
    10
 91
        8
  2
Thumbnail_Data
280
    15
 91
        0
101
ACDSRECORD
 95
        0
 90
        1
  2
AcDbDs::TreatedAsObjectData
280
     1
291
     1
101
ACDSRECORD
 95
        0
 90
        2
  2
AcDbDs::Legacy
280
     1
291
     1
101
ACDSRECORD
  1
AcDbDs::ID
 90
        3
  2
AcDs:Indexable
280
     1
291
     1
101
ACDSRECORD
  1
AcDbDs::ID
 90
        4
  2
AcDbDs::HandleAttribute
280
     7
282
     1
  0
ACDSSCHEMA
 90
        1
  1
AcDbDs::TreatedAsObjectDataSchema
  2
AcDbDs::TreatedAsObjectData
280
     1
 91
        0
  0
ACDSSCHEMA
 90
        2
  1
AcDbDs::LegacySchema
  2
AcDbDs::Legacy
280
     1
 91
        0
  0
ACDSSCHEMA
 90
        3
  1
AcDbDs::IndexedPropertySchema
  2
AcDs:Indexable
280
     1
 91
        0
  0
ACDSSCHEMA
 90
        4
  1
AcDbDs::HandleAttributeSchema
  2
AcDbDs::HandleAttribute
280
     7
 91
        1
284
     1
  0
ACDSRECORD
 90
        0
  2
AcDbDs::ID
280
    10
320
22
  2
Thumbnail_Data
280
    15
 94
     1659
310
89504E470D0A1A0A0000000D49484452000001000000007408030000005D681C3700000300504C5445212830FFFFFF2128300000000000000000000000000000000000000000000000000000330000660000990000CC0000FF0033000033330033660033990033CC0033FF0066000066330066660066990066CC0066FF0099
310
000099330099660099990099CC0099FF00CC0000CC3300CC6600CC9900CCCC00CCFF00FF0000FF3300FF6600FF9900FFCC00FFFF3300003300333300663300993300CC3300FF3333003333333333663333993333CC3333FF3366003366333366663366993366CC3366FF3399003399333399663399993399CC3399FF33CC00
310
33CC3333CC6633CC9933CCCC33CCFF33FF0033FF3333FF6633FF9933FFCC33FFFF6600006600336600666600996600CC6600FF6633006633336633666633996633CC6633FF6666006666336666666666996666CC6666FF6699006699336699666699996699CC6699FF66CC0066CC3366CC6666CC9966CCCC66CCFF66FF0066
310
FF3366FF6666FF9966FFCC66FFFF9900009900339900669900999900CC9900FF9933009933339933669933999933CC9933FF9966009966339966669966999966CC9966FF9999009999339999669999999999CC9999FF99CC0099CC3399CC6699CC9999CCCC99CCFF99FF0099FF3399FF6699FF9999FFCC99FFFFCC0000CC00
310
33CC0066CC0099CC00CCCC00FFCC3300CC3333CC3366CC3399CC33CCCC33FFCC6600CC6633CC6666CC6699CC66CCCC66FFCC9900CC9933CC9966CC9999CC99CCCC99FFCCCC00CCCC33CCCC66CCCC99CCCCCCCCCCFFCCFF00CCFF33CCFF66CCFF99CCFFCCCCFFFFFF0000FF0033FF0066FF0099FF00CCFF00FFFF3300FF3333
310
FF3366FF3399FF33CCFF33FFFF6600FF6633FF6666FF6699FF66CCFF66FFFF9900FF9933FF9966FF9999FF99CCFF99FFFFCC00FFCC33FFCC66FFCC99FFCCCCFFCCFFFFFF00FFFF33FFFF66FFFF99FFFFCCFFFFFF0000000D0D0D1A1A1A2828283535354343435050505D5D5D6B6B6B787878868686939393A1A1A1AEAEAEBB
310
BBBBC9C9C9D6D6D6E4E4E4F1F1F1FFFFFF0000000000000000000000000000000000000000000000000000000000002E4550F1000003364944415478DAED9C6972C3200C85B9FF2D7388F7BF4B6C903071D8D2F290D4E934CBD0319F053C49E0103E6CC060E3EF5F1C36F6CFFEC33072C5CFC6082783DF3F64DD9FD01807C4
310
1F5FE0F280F19BCF6C233DA0EB3D8AD6DF96B2BB9DFD00218090CFC40601A03C64E5F5D703C89A1200401980BE816D00444B5E00BF2F1E689BC905AF4713B9C5E6806BAF1B01145E300210DFB402A0120105009789DC1880FAD56C968020D601D8D403EE3F71002F549403F021E0001C007D2EC81880ABCCB3E6011F02001A
310
0F387ECC020897FA4C1380ACF52EE1703500643D8C6930A694D8D032987D8367F14F1030E801E2DED72712883D209400C4661695A02C025B04908ABF6F1AEE0C40CC80763D803D2738610E300C40AF02300840EB80F5E3A1B9F98082125CDA0D0AC5D1C1A46831165897C17C00AFFABD2A8321008DF98025194CD701F735B5
310
D510545402671747E50E0491985A06CDF5A287B6C9DD4C3C1021E3134130642258C0B16B18A600C490314400C11C00E9011C71839B9B9B9B9B9B9B5B479469AEFBB6851D10560A70FF2DCA313A0ECEBA807C63AFFB0900AC793F720FB08440EE8A1143C00A82B3307C7802BB2868CED1E47B65E855513780A70AD80040E385
310
43AB006600D90E1FB400885320370055DD6C00A06B3DBC00FA9E9EA0A701FA21D07CF5506571A3008418F87300B322F0EE03B0D06120AB07F41F01865C084C03E056828575AF72CFB32AF0235F154D0248B130DB10980320ED9CA7F3002D81BB011C3B272901C8C30EFD00A232209C03E4538406009CF2881500C626C1B228
310
A002705C7F3F80C00EA0D103449B33234A0A2088F33F4D00A4D7434D076C4248CE00B5002201B1F38F16408F1092E7856262005B00403580B8F6C791B4472C906D210F05C52C42204095C7F70887D5E98F6B9FD2749F96CE2426F7C80728715CF680F3D1D1D94008EC04C4AD4F4B6449082117C26CB140C09B0F8150DEFF02
310
B9104057877702903F7055CD8B42FCCB73319400541FABB2C248375CC705640F912F4537954FD40C9C69C0571E10D0DA1B88ECCF060080F6DBC9B9F2DD2BFF462D0FBE2C588B0EA847403F04DE7F788BC03600F37BC5DDDCDCDCDCDCDCDCDCDCD80D6CF6B9C8E86591E7EE7DDF9EDB9188EA0B9420D00A8D55E90C00000000
310
49454E44AE426082
  0
ENDSEC
  0
EOF
