  0
SECTION
  2
HEADER
  9
$ACADVER
  1
AC1032
  9
$ACADMAINTVER
 90
      377
  9
$DWGCODEPAGE
  3
ANSI_936
  9
$LASTSAVEDBY
  1
23900
  9
$REQUIREDVERSIONS
160
                 0
  9
$INSBASE
 10
0.0
 20
0.0
 30
0.0
  9
$EXTMIN
 10
-7.184912579061716
 20
0.0
 30
0.0
  9
$EXTMAX
 10
297.0
 20
210.0
 30
0.0
  9
$LIMMIN
 10
0.0
 20
0.0
  9
$LIMMAX
 10
297.0
 20
210.0
  9
$ORTHOMODE
 70
     0
  9
$REGENMODE
 70
     1
  9
$FILLMODE
 70
     1
  9
$QTEXTMODE
 70
     0
  9
$MIRRTEXT
 70
     1
  9
$LTSCALE
 40
1.0
  9
$ATTMODE
 70
     1
  9
$TEXTSIZE
 40
3.5
  9
$TRACEWID
 40
1.0
  9
$TEXTSTYLE
  7
STANDARD
  9
$CLAYER
  8
0
  9
$CELTYPE
  6
ByLayer
  9
$CECOLOR
 62
   256
  9
$CELTSCALE
 40
1.0
  9
$DISPSILH
 70
     0
  9
$DIMSCALE
 40
1.0
  9
$DIMASZ
 40
4.08
  9
$DIMEXO
 40
0.0
  9
$DIMDLI
 40
3.75
  9
$DIMRND
 40
0.0
  9
$DIMDLE
 40
0.0
  9
$DIMEXE
 40
2.0
  9
$DIMTP
 40
0.0
  9
$DIMTM
 40
0.0
  9
$DIMTXT
 40
3.5
  9
$DIMCEN
 40
2.5
  9
$DIMTSZ
 40
0.0
  9
$DIMTOL
 70
     0
  9
$DIMLIM
 70
     0
  9
$DIMTIH
 70
     1
  9
$DIMTOH
 70
     1
  9
$DIMSE1
 70
     0
  9
$DIMSE2
 70
     0
  9
$DIMTAD
 70
     1
  9
$DIMZIN
 70
     0
  9
$DIMBLK
  1

  9
$DIMASO
 70
     1
  9
$DIMSHO
 70
     1
  9
$DIMPOST
  1

  9
$DIMAPOST
  1

  9
$DIMALT
 70
     0
  9
$DIMALTD
 70
     3
  9
$DIMALTF
 40
0.0393700787401575
  9
$DIMLFAC
 40
0.5
  9
$DIMTOFL
 70
     1
  9
$DIMTVP
 40
0.0
  9
$DIMTIX
 70
     0
  9
$DIMSOXD
 70
     0
  9
$DIMSAH
 70
     0
  9
$DIMBLK1
  1

  9
$DIMBLK2
  1

  9
$DIMSTYLE
  2
ISO-25
  9
$DIMCLRD
 70
     0
  9
$DIMCLRE
 70
     0
  9
$DIMCLRT
 70
     0
  9
$DIMTFAC
 40
1.0
  9
$DIMGAP
 40
1.524
  9
$DIMJUST
 70
     0
  9
$DIMSD1
 70
     0
  9
$DIMSD2
 70
     0
  9
$DIMTOLJ
 70
     0
  9
$DIMTZIN
 70
     0
  9
$DIMALTZ
 70
     0
  9
$DIMALTTZ
 70
     0
  9
$DIMUPT
 70
     0
  9
$DIMDEC
 70
     0
  9
$DIMTDEC
 70
     0
  9
$DIMALTU
 70
     2
  9
$DIMALTTD
 70
     3
  9
$DIMTXSTY
  7
STANDARD
  9
$DIMAUNIT
 70
     0
  9
$DIMADEC
 70
     2
  9
$DIMALTRND
 40
0.0
  9
$DIMAZIN
 70
     0
  9
$DIMDSEP
 70
    44
  9
$DIMATFIT
 70
     3
  9
$DIMFRAC
 70
     0
  9
$DIMLDRBLK
  1

  9
$DIMLUNIT
 70
     2
  9
$DIMLWD
 70
    -2
  9
$DIMLWE
 70
    -2
  9
$DIMTMOVE
 70
     0
  9
$DIMFXL
 40
1.0
  9
$DIMFXLON
 70
     0
  9
$DIMJOGANG
 40
0.7853981633974483
  9
$DIMTFILL
 70
     0
  9
$DIMTFILLCLR
 70
     0
  9
$DIMARCSYM
 70
     0
  9
$DIMLTYPE
  6

  9
$DIMLTEX1
  6

  9
$DIMLTEX2
  6

  9
$DIMTXTDIRECTION
 70
     0
  9
$LUNITS
 70
     2
  9
$LUPREC
 70
     2
  9
$SKETCHINC
 40
1.0
  9
$FILLETRAD
 40
0.0
  9
$AUNITS
 70
     0
  9
$AUPREC
 70
     2
  9
$MENU
  1
.
  9
$ELEVATION
 40
0.0
  9
$PELEVATION
 40
0.0
  9
$THICKNESS
 40
0.0
  9
$LIMCHECK
 70
     0
  9
$CHAMFERA
 40
0.0
  9
$CHAMFERB
 40
0.0
  9
$CHAMFERC
 40
0.0
  9
$CHAMFERD
 40
0.0
  9
$SKPOLY
 70
     0
  9
$TDCREATE
 40
2461147.438275463
  9
$TDUCREATE
 40
2461147.104943623
  9
$TDUPDATE
 40
2461154.471967593
  9
$TDUUPDATE
 40
2461154.138634260
  9
$TDINDWG
 40
0.0999421412
  9
$TDUSRTIMER
 40
0.0999421412
  9
$USRTIMER
 70
     1
  9
$ANGBASE
 50
0.0
  9
$ANGDIR
 70
     0
  9
$PDMODE
 70
     0
  9
$PDSIZE
 40
-1.0
  9
$PLINEWID
 40
0.0
  9
$SPLFRAME
 70
     0
  9
$SPLINETYPE
 70
     6
  9
$SPLINESEGS
 70
     8
  9
$HANDSEED
  5
4DB
  9
$SURFTAB1
 70
     6
  9
$SURFTAB2
 70
     6
  9
$SURFTYPE
 70
     6
  9
$SURFU
 70
     6
  9
$SURFV
 70
     6
  9
$UCSBASE
  2

  9
$UCSNAME
  2

  9
$UCSORG
 10
0.0
 20
0.0
 30
0.0
  9
$UCSXDIR
 10
1.0
 20
0.0
 30
0.0
  9
$UCSYDIR
 10
0.0
 20
1.0
 30
0.0
  9
$UCSORTHOREF
  2

  9
$UCSORTHOVIEW
 70
     0
  9
$UCSORGTOP
 10
0.0
 20
0.0
 30
0.0
  9
$UCSORGBOTTOM
 10
0.0
 20
0.0
 30
0.0
  9
$UCSORGLEFT
 10
0.0
 20
0.0
 30
0.0
  9
$UCSORGRIGHT
 10
0.0
 20
0.0
 30
0.0
  9
$UCSORGFRONT
 10
0.0
 20
0.0
 30
0.0
  9
$UCSORGBACK
 10
0.0
 20
0.0
 30
0.0
  9
$PUCSBASE
  2

  9
$PUCSNAME
  2

  9
$PUCSORG
 10
0.0
 20
0.0
 30
0.0
  9
$PUCSXDIR
 10
1.0
 20
0.0
 30
0.0
  9
$PUCSYDIR
 10
0.0
 20
1.0
 30
0.0
  9
$PUCSORTHOREF
  2

  9
$PUCSORTHOVIEW
 70
     0
  9
$PUCSORGTOP
 10
0.0
 20
0.0
 30
0.0
  9
$PUCSORGBOTTOM
 10
0.0
 20
0.0
 30
0.0
  9
$PUCSORGLEFT
 10
0.0
 20
0.0
 30
0.0
  9
$PUCSORGRIGHT
 10
0.0
 20
0.0
 30
0.0
  9
$PUCSORGFRONT
 10
0.0
 20
0.0
 30
0.0
  9
$PUCSORGBACK
 10
0.0
 20
0.0
 30
0.0
  9
$USERI1
 70
     0
  9
$USERI2
 70
     0
  9
$USERI3
 70
     0
  9
$USERI4
 70
     0
  9
$USERI5
 70
     0
  9
$USERR1
 40
0.0
  9
$USERR2
 40
0.0
  9
$USERR3
 40
0.0
  9
$USERR4
 40
0.0
  9
$USERR5
 40
0.0
  9
$WORLDVIEW
 70
     1
  9
$SHADEDGE
 70
     3
  9
$SHADEDIF
 70
    70
  9
$TILEMODE
 70
     1
  9
$MAXACTVP
 70
    64
  9
$PINSBASE
 10
0.0
 20
0.0
 30
0.0
  9
$PLIMCHECK
 70
     0
  9
$PEXTMIN
 10
1.000000000000000E+20
 20
1.000000000000000E+20
 30
1.000000000000000E+20
  9
$PEXTMAX
 10
-1.000000000000000E+20
 20
-1.000000000000000E+20
 30
-1.000000000000000E+20
  9
$PLIMMIN
 10
0.0
 20
0.0
  9
$PLIMMAX
 10
420.0
 20
297.0
  9
$UNITMODE
 70
     0
  9
$VISRETAIN
 70
     1
  9
$PLINEGEN
 70
     0
  9
$PSLTSCALE
 70
     1
  9
$TREEDEPTH
 70
  3020
  9
$CMLSTYLE
  2
Standard
  9
$CMLJUST
 70
     0
  9
$CMLSCALE
 40
20.0
  9
$PROXYGRAPHICS
 70
     1
  9
$MEASUREMENT
 70
     1
  9
$CELWEIGHT
370
    -1
  9
$ENDCAPS
280
     0
  9
$JOINSTYLE
280
     0
  9
$LWDISPLAY
290
     1
  9
$INSUNITS
 70
     4
  9
$HYPERLINKBASE
  1

  9
$STYLESHEET
  1

  9
$XEDIT
290
     1
  9
$CEPSNTYPE
380
     0
  9
$PSTYLEMODE
290
     1
  9
$FINGERPRINTGUID
  2
{0451575e-7536-49c9-9821-156b0a6915a0}
  9
$VERSIONGUID
  2
{C43170D7-91C0-DB45-966E-6DF83358E4B4}
  9
$EXTNAMES
290
     1
  9
$PSVPSCALE
 40
0.0
  9
$OLESTARTUP
290
     0
  9
$SORTENTS
280
   127
  9
$INDEXCTL
280
     0
  9
$HIDETEXT
280
     0
  9
$XCLIPFRAME
280
     2
  9
$HALOGAP
280
     0
  9
$OBSCOLOR
 70
   257
  9
$OBSLTYPE
280
     0
  9
$INTERSECTIONDISPLAY
280
     0
  9
$INTERSECTIONCOLOR
 70
   257
  9
$DIMASSOC
280
     1
  9
$PROJECTNAME
  1

  9
$CAMERADISPLAY
290
     0
  9
$LENSLENGTH
 40
50.0
  9
$CAMERAHEIGHT
 40
0.0
  9
$STEPSPERSEC
 40
2.0
  9
$STEPSIZE
 40
6.0
  9
$3DDWFPREC
 40
2.0
  9
$PSOLWIDTH
 40
0.25
  9
$PSOLHEIGHT
 40
4.0
  9
$LOFTANG1
 40
1.570796326794896
  9
$LOFTANG2
 40
1.570796326794896
  9
$LOFTMAG1
 40
0.0
  9
$LOFTMAG2
 40
0.0
  9
$LOFTPARAM
 70
     7
  9
$LOFTNORMALS
280
     1
  9
$LATITUDE
 40
37.795
  9
$LONGITUDE
 40
-122.394
  9
$NORTHDIRECTION
 40
0.0
  9
$TIMEZONE
 70
 -8000
  9
$LIGHTGLYPHDISPLAY
280
     1
  9
$TILEMODELIGHTSYNCH
280
     1
  9
$CMATERIAL
347
219
  9
$SOLIDHIST
280
     0
  9
$SHOWHIST
280
     1
  9
$DWFFRAME
280
     2
  9
$DGNFRAME
280
     0
  9
$REALWORLDSCALE
290
     1
  9
$INTERFERECOLOR
 62
     1
  9
$INTERFEREOBJVS
345
23B
  9
$INTERFEREVPVS
346
238
  9
$CSHADOW
280
     0
  9
$SHADOWPLANELOCATION
 40
0.0
  0
ENDSEC
  0
SECTION
  2
CLASSES
  0
CLASS
  1
ACDBDICTIONARYWDFLT
  2
AcDbDictionaryWithDefault
  3
ObjectDBX Classes
 90
        0
 91
        1
280
     0
281
     0
  0
CLASS
  1
VISUALSTYLE
  2
AcDbVisualStyle
  3
ObjectDBX Classes
 90
     4095
 91
       24
280
     0
281
     0
  0
CLASS
  1
MATERIAL
  2
AcDbMaterial
  3
ObjectDBX Classes
 90
     1153
 91
        3
280
     0
281
     0
  0
CLASS
  1
SCALE
  2
AcDbScale
  3
ObjectDBX Classes
 90
     1153
 91
       17
280
     0
281
     0
  0
CLASS
  1
TABLESTYLE
  2
AcDbTableStyle
  3
ObjectDBX Classes
 90
     4095
 91
        1
280
     0
281
     0
  0
CLASS
  1
MLEADERSTYLE
  2
AcDbMLeaderStyle
  3
ACDB_MLEADERSTYLE_CLASS
 90
     4095
 91
        1
280
     0
281
     0
  0
CLASS
  1
SUN
  2
AcDbSun
  3
SCENEOE
 90
     1153
 91
        0
280
     0
281
     0
  0
CLASS
  1
ACDBSECTIONVIEWSTYLE
  2
AcDbSectionViewStyle
  3
ObjectDBX Classes
 90
     1025
 91
        1
280
     0
281
     0
  0
CLASS
  1
ACDBDETAILVIEWSTYLE
  2
AcDbDetailViewStyle
  3
ObjectDBX Classes
 90
     1025
 91
        1
280
     0
281
     0
  0
CLASS
  1
DICTIONARYVAR
  2
AcDbDictionaryVar
  3
ObjectDBX Classes
 90
        0
 91
        9
280
     0
281
     0
  0
CLASS
  1
MULTILEADER
  2
AcDbMLeader
  3
ACDB_MLEADER_CLASS
 90
     1025
 91
        1
280
     0
281
     1
  0
CLASS
  1
CELLSTYLEMAP
  2
AcDbCellStyleMap
  3
ObjectDBX Classes
 90
     1152
 91
        1
280
     0
281
     0
  0
ENDSEC
  0
SECTION
  2
TABLES
  0
TABLE
  2
VPORT
  5
8
330
0
100
AcDbSymbolTable
 70
     1
  0
VPORT
  5
29
330
8
100
AcDbSymbolTableRecord
100
AcDbViewportTableRecord
  2
*Active
 70
     0
 10
0.0
 20
0.0
 11
1.0
 21
1.0
 12
146.0281604745844
 22
137.7093604554792
 13
0.0
 23
0.0
 14
10.0
 24
10.0
 15
10.0
 25
10.0
 16
0.0
 26
0.0
 36
1.0
 17
0.0
 27
0.0
 37
0.0
 40
266.0719250317169
 41
1.765478424015009
 42
50.0
 43
0.0
 44
0.0
 50
0.0
 51
0.0
 71
     0
 72
  2000
 73
     1
 74
     3
 75
     0
 76
     0
 77
     0
 78
     0
281
     0
 65
     1
110
0.0
120
0.0
130
0.0
111
1.0
121
0.0
131
0.0
112
0.0
122
1.0
132
0.0
 79
     0
146
0.0
348
237
 60
     3
 61
     5
292
     1
282
     1
141
0.0
142
0.0
 63
   250
421
  3355443
1001
ACAD_NAV_VCDISPLAY
1070
     3
  0
ENDTAB
  0
TABLE
  2
LTYPE
  5
5
330
0
100
AcDbSymbolTable
 70
     6
  0
LTYPE
  5
14
330
5
100
AcDbSymbolTableRecord
100
AcDbLinetypeTableRecord
  2
ByBlock
 70
     0
  3

 72
    65
 73
     0
 40
0.0
  0
LTYPE
  5
15
330
5
100
AcDbSymbolTableRecord
100
AcDbLinetypeTableRecord
  2
ByLayer
 70
     0
  3

 72
    65
 73
     0
 40
0.0
  0
LTYPE
  5
16
330
5
100
AcDbSymbolTableRecord
100
AcDbLinetypeTableRecord
  2
Continuous
 70
     0
  3
Solid line
 72
    65
 73
     0
 40
0.0
  0
LTYPE
  5
5E
330
5
100
AcDbSymbolTableRecord
100
AcDbLinetypeTableRecord
  2
HIDDEN
 70
     0
  3
Hidden __ __ __ __ __ __ __ __ __ __ __ __ __ __
 72
    65
 73
     2
 40
1.905
 49
1.27
 74
     0
 49
-0.635
 74
     0
  0
LTYPE
  5
5F
330
5
100
AcDbSymbolTableRecord
100
AcDbLinetypeTableRecord
  2
PHANTOM
 70
     0
  3
Phantom ______  __  __  ______  __  __  ______
 72
    65
 73
     6
 40
12.7
 49
6.349999999999999
 74
     0
 49
-1.27
 74
     0
 49
1.27
 74
     0
 49
-1.27
 74
     0
 49
1.27
 74
     0
 49
-1.27
 74
     0
  0
LTYPE
  5
60
330
5
100
AcDbSymbolTableRecord
100
AcDbLinetypeTableRecord
  2
CENTER
 70
     0
  3
Center ____ _ ____ _ ____ _ ____ _ ____ _ ____
 72
    65
 73
     4
 40
10.16
 49
6.349999999999999
 74
     0
 49
-1.27
 74
     0
 49
1.27
 74
     0
 49
-1.27
 74
     0
  0
LTYPE
  5
61
330
5
100
AcDbSymbolTableRecord
100
AcDbLinetypeTableRecord
  2
CENTERX2
 70
     0
  3
Center (2x) ________  __  ________  __  _____
 72
    65
 73
     4
 40
20.32
 49
12.7
 74
     0
 49
-2.54
 74
     0
 49
2.54
 74
     0
 49
-2.54
 74
     0
  0
LTYPE
  5
62
330
5
100
AcDbSymbolTableRecord
100
AcDbLinetypeTableRecord
  2
DOT2
 70
     0
  3
Dot (.5x) ........................................
 72
    65
 73
     2
 40
0.635
 49
0.0
 74
     0
 49
-0.635
 74
     0
  0
ENDTAB
  0
TABLE
  2
LAYER
  5
2
102
{ACAD_XDICTIONARY
360
2FE
102
}
330
0
100
AcDbSymbolTable
 70
    15
  0
LAYER
  5
10
102
{ACAD_XDICTIONARY
360
2DF
102
}
330
2
100
AcDbSymbolTableRecord
100
AcDbLayerTableRecord
  2
0
 70
     0
 62
     7
  6
Continuous
370
    -3
390
F
347
229
348
0
  0
LAYER
  5
63
102
{ACAD_XDICTIONARY
360
2E1
102
}
330
2
100
AcDbSymbolTableRecord
100
AcDbLayerTableRecord
  2
粗实线层
 70
     0
 62
     7
  6
Continuous
370
    25
390
F
347
229
348
0
  0
LAYER
  5
64
102
{ACAD_XDICTIONARY
360
2E3
102
}
330
2
100
AcDbSymbolTableRecord
100
AcDbLayerTableRecord
  2
细实线层
 70
     0
 62
     7
  6
Continuous
370
    -3
390
F
347
229
348
0
  0
LAYER
  5
65
102
{ACAD_XDICTIONARY
360
2E5
102
}
330
2
100
AcDbSymbolTableRecord
100
AcDbLayerTableRecord
  2
中心线层
 70
     0
 62
     7
  6
CENTERX2
370
    -3
390
F
347
229
348
0
  0
LAYER
  5
66
102
{ACAD_XDICTIONARY
360
2E7
102
}
330
2
100
AcDbSymbolTableRecord
100
AcDbLayerTableRecord
  2
虚线层
 70
     0
 62
     7
  6
HIDDEN
370
    -3
390
F
347
229
348
0
  0
LAYER
  5
67
102
{ACAD_XDICTIONARY
360
2E9
102
}
330
2
100
AcDbSymbolTableRecord
100
AcDbLayerTableRecord
  2
双点划线层
 70
     0
 62
     7
  6
PHANTOM
370
    -3
390
F
347
229
348
0
  0
LAYER
  5
68
102
{ACAD_XDICTIONARY
360
2EB
102
}
330
2
100
AcDbSymbolTableRecord
100
AcDbLayerTableRecord
  2
点划线层
 70
     0
 62
     7
  6
CENTER
370
    -3
390
F
347
229
348
0
  0
LAYER
  5
69
102
{ACAD_XDICTIONARY
360
2ED
102
}
330
2
100
AcDbSymbolTableRecord
100
AcDbLayerTableRecord
  2
图框
 70
     0
 62
     7
  6
Continuous
370
    -3
390
F
347
229
348
0
  0
LAYER
  5
6A
102
{ACAD_XDICTIONARY
360
2EF
102
}
330
2
100
AcDbSymbolTableRecord
100
AcDbLayerTableRecord
  2
轮廓实线层
 70
     0
 62
     7
  6
Continuous
370
    50
390
F
347
229
348
0
  0
LAYER
  5
6B
102
{ACAD_XDICTIONARY
360
2F1
102
}
330
2
100
AcDbSymbolTableRecord
100
AcDbLayerTableRecord
  2
细线层
 70
     0
 62
     4
  6
Continuous
370
    25
390
F
347
229
348
0
  0
LAYER
  5
6C
102
{ACAD_XDICTIONARY
360
2F3
102
}
330
2
100
AcDbSymbolTableRecord
100
AcDbLayerTableRecord
  2
剖面线层
 70
     0
 62
     2
  6
Continuous
370
    25
390
F
347
229
348
0
  0
LAYER
  5
6D
102
{ACAD_XDICTIONARY
360
2F5
102
}
330
2
100
AcDbSymbolTableRecord
100
AcDbLayerTableRecord
  2
文字层
 70
     0
 62
     3
  6
Continuous
370
    25
390
F
347
229
348
0
  0
LAYER
  5
6E
102
{ACAD_XDICTIONARY
360
2F7
102
}
330
2
100
AcDbSymbolTableRecord
100
AcDbLayerTableRecord
  2
标注层
 70
     0
 62
     4
  6
Continuous
370
    25
390
F
347
229
348
0
  0
LAYER
  5
6F
102
{ACAD_XDICTIONARY
360
2F9
102
}
330
2
100
AcDbSymbolTableRecord
100
AcDbLayerTableRecord
  2
符号标注层
 70
     0
 62
    31
  6
Continuous
370
    25
390
F
347
229
348
0
  0
LAYER
  5
26A
330
2
100
AcDbSymbolTableRecord
100
AcDbLayerTableRecord
  2
Defpoints
 70
     0
 62
     7
  6
Continuous
290
     0
370
    -3
390
F
347
229
348
0
  0
ENDTAB
  0
TABLE
  2
STYLE
  5
3
330
0
100
AcDbSymbolTable
 70
     4
  0
STYLE
  5
11
330
3
100
AcDbSymbolTableRecord
100
AcDbTextStyleTableRecord
  2
STANDARD
 70
     0
 40
0.0
 41
1.0
 50
0.0
 71
     0
 42
3.5
  3
hyswlongfangsong.ttf
  4

1001
ACAD
1000
汉仪长仿宋体
1071
    34306
  0
STYLE
  5
B3
330
3
100
AcDbSymbolTableRecord
100
AcDbTextStyleTableRecord
  2
SLDTEXTSTYLE0
 70
     0
 40
0.0
 41
1.0
 50
0.0
 71
     0
 42
3.5
  3
txt.shx
  4
bigfont
1001
ACAD
1000
长仿宋体
1071
      256
  0
STYLE
  5
B5
330
3
100
AcDbSymbolTableRecord
100
AcDbTextStyleTableRecord
  2
SLDTEXTSTYLE1
 70
     0
 40
0.0
 41
1.0
 50
0.0
 71
     0
 42
3.5
  3
hyswlongfangsong.ttf
  4
bigfont
1001
ACAD
1000
汉仪长仿宋体
1071
      258
  0
STYLE
  5
D2
330
3
100
AcDbSymbolTableRecord
100
AcDbTextStyleTableRecord
  2
SLDTEXTSTYLE2
 70
     0
 40
0.0
 41
1.0
 50
0.0
 71
     0
 42
3.5
  3
hyswlongfangsong.ttf
  4

1001
ACAD
1000
汉仪长仿宋体
1071
      258
  0
ENDTAB
  0
TABLE
  2
VIEW
  5
6
330
0
100
AcDbSymbolTable
 70
     0
  0
ENDTAB
  0
TABLE
  2
UCS
  5
7
330
0
100
AcDbSymbolTable
 70
     0
  0
ENDTAB
  0
TABLE
  2
APPID
  5
9
330
0
100
AcDbSymbolTable
 70
     7
  0
APPID
  5
12
330
9
100
AcDbSymbolTableRecord
100
AcDbRegAppTableRecord
  2
ACAD
 70
     0
  0
APPID
  5
265
330
9
100
AcDbSymbolTableRecord
100
AcDbRegAppTableRecord
  2
ACAD_EXEMPT_FROM_CAD_STANDARDS
 70
     0
  0
APPID
  5
267
330
9
100
AcDbSymbolTableRecord
100
AcDbRegAppTableRecord
  2
ACAD_DSTYLE_DIMRADIAL_EXTENSION
 70
     0
  0
APPID
  5
268
330
9
100
AcDbSymbolTableRecord
100
AcDbRegAppTableRecord
  2
Acad_TC
 70
     0
  0
APPID
  5
304
330
9
100
AcDbSymbolTableRecord
100
AcDbRegAppTableRecord
  2
ACAD_NAV_VCDISPLAY
 70
     0
  0
APPID
  5
325
330
9
100
AcDbSymbolTableRecord
100
AcDbRegAppTableRecord
  2
ACAD_DSTYLE_DIMJAG
 70
     0
  0
APPID
  5
326
330
9
100
AcDbSymbolTableRecord
100
AcDbRegAppTableRecord
  2
ACAD_DSTYLE_DIMTALN
 70
     0
  0
ENDTAB
  0
TABLE
  2
DIMSTYLE
  5
A
330
0
100
AcDbSymbolTable
 70
     1
100
AcDbDimStyleTable
 71
     1
340
27
  0
DIMSTYLE
105
27
102
{ACAD_REACTORS
330
29B
330
2A8
330
2B7
330
327
330
334
330
341
102
}
330
A
100
AcDbSymbolTableRecord
100
AcDbDimStyleTableRecord
  2
ISO-25
 70
     0
 41
2.5
 42
0.625
 43
3.75
 44
1.25
 73
     0
 74
     0
 77
     1
 78
     8
140
2.5
141
2.5
143
0.03937007874016
147
0.625
171
     3
172
     1
271
     2
272
     2
274
     3
278
    44
283
     0
284
     8
340
11
  0
ENDTAB
  0
TABLE
  2
BLOCK_RECORD
  5
1
330
0
100
AcDbSymbolTable
 70
    13
  0
BLOCK_RECORD
  5
1F
330
1
100
AcDbSymbolTableRecord
100
AcDbBlockTableRecord
  2
*Model_Space
340
22
 70
     0
280
     1
281
     0
  0
BLOCK_RECORD
  5
1B
330
1
100
AcDbSymbolTableRecord
100
AcDbBlockTableRecord
  2
*Paper_Space
340
1E
 70
     0
280
     1
281
     0
  0
BLOCK_RECORD
  5
23
330
1
100
AcDbSymbolTableRecord
100
AcDbBlockTableRecord
  2
*Paper_Space0
340
26
 70
     0
280
     1
281
     0
  0
BLOCK_RECORD
  5
114
330
1
100
AcDbSymbolTableRecord
100
AcDbBlockTableRecord
  2
SW_CENTERMARKSYMBOL_0
340
0
102
{BLKREFS
331
11F
102
}
 70
     0
280
     1
281
     0
  0
BLOCK_RECORD
  5
160
330
1
100
AcDbSymbolTableRecord
100
AcDbBlockTableRecord
  2
SW_CENTERMARKSYMBOL_1
340
0
102
{BLKREFS
331
16B
102
}
 70
     0
280
     1
281
     0
  0
BLOCK_RECORD
  5
29C
330
1
100
AcDbSymbolTableRecord
100
AcDbBlockTableRecord
  2
*D4
340
0
 70
     0
280
     1
281
     0
  0
BLOCK_RECORD
  5
2A9
330
1
100
AcDbSymbolTableRecord
100
AcDbBlockTableRecord
  2
*D5
340
0
 70
     0
280
     1
281
     0
  0
BLOCK_RECORD
  5
2B8
330
1
100
AcDbSymbolTableRecord
100
AcDbBlockTableRecord
  2
*D6
340
0
 70
     0
280
     1
281
     0
  0
BLOCK_RECORD
  5
328
330
1
100
AcDbSymbolTableRecord
100
AcDbBlockTableRecord
  2
*D10
340
0
 70
     0
280
     1
281
     0
  0
BLOCK_RECORD
  5
335
330
1
100
AcDbSymbolTableRecord
100
AcDbBlockTableRecord
  2
*D11
340
0
 70
     0
280
     1
281
     0
  0
BLOCK_RECORD
  5
342
330
1
100
AcDbSymbolTableRecord
100
AcDbBlockTableRecord
  2
*D12
340
0
 70
     0
280
     1
281
     0
  0
ENDTAB
  0
ENDSEC
  0
SECTION
  2
BLOCKS
  0
BLOCK
  5
20
330
1F
100
AcDbEntity
  8
0
100
AcDbBlockBegin
  2
*Model_Space
 70
     0
 10
0.0
 20
0.0
 30
0.0
  3
*Model_Space
  1

  0
ENDBLK
  5
21
330
1F
100
AcDbEntity
  8
0
100
AcDbBlockEnd
  0
BLOCK
  5
1C
330
1B
100
AcDbEntity
 67
     1
  8
0
100
AcDbBlockBegin
  2
*Paper_Space
 70
     0
 10
0.0
 20
0.0
 30
0.0
  3
*Paper_Space
  1

  0
ENDBLK
  5
1D
330
1B
100
AcDbEntity
 67
     1
  8
0
100
AcDbBlockEnd
  0
BLOCK
  5
24
330
23
100
AcDbEntity
 67
     1
  8
0
100
AcDbBlockBegin
  2
*Paper_Space0
 70
     0
 10
0.0
 20
0.0
 30
0.0
  3
*Paper_Space0
  1

  0
ENDBLK
  5
25
330
23
100
AcDbEntity
 67
     1
  8
0
100
AcDbBlockEnd
  0
BLOCK
  5
115
330
114
100
AcDbEntity
  8
0
100
AcDbBlockBegin
  2
SW_CENTERMARKSYMBOL_0
 70
     0
 10
0.0
 20
0.0
 30
0.0
  3
SW_CENTERMARKSYMBOL_0
  1

  0
LINE
  5
117
330
114
100
AcDbEntity
  8
图框
 62
     0
100
AcDbLine
 10
0.0
 20
0.0
 30
0.0
 11
0.0
 21
5.000000000000004
 31
0.0
  0
LINE
  5
118
330
114
100
AcDbEntity
  8
图框
 62
     0
100
AcDbLine
 10
0.0
 20
0.0
 30
0.0
 11
-4.99999999999999
 21
0.0
 31
0.0
  0
LINE
  5
119
330
114
100
AcDbEntity
  8
图框
 62
     0
100
AcDbLine
 10
0.0
 20
0.0
 30
0.0
 11
0.0
 21
-5.000000000000004
 31
0.0
  0
LINE
  5
11A
330
114
100
AcDbEntity
  8
图框
 62
     0
100
AcDbLine
 10
0.0
 20
0.0
 30
0.0
 11
5.000000000000004
 21
0.0
 31
0.0
  0
LINE
  5
11B
330
114
100
AcDbEntity
  8
图框
 62
     0
100
AcDbLine
 10
0.0
 20
10.00000000000001
 30
0.0
 11
0.0
 21
15.50000000000001
 31
0.0
  0
LINE
  5
11C
330
114
100
AcDbEntity
  8
图框
 62
     0
100
AcDbLine
 10
-9.999999999999994
 20
0.0
 30
0.0
 11
-15.49999999999999
 21
0.0
 31
0.0
  0
LINE
  5
11D
330
114
100
AcDbEntity
  8
图框
 62
     0
100
AcDbLine
 10
0.0
 20
-10.00000000000001
 30
0.0
 11
0.0
 21
-15.50000000000001
 31
0.0
  0
LINE
  5
11E
330
114
100
AcDbEntity
  8
图框
 62
     0
100
AcDbLine
 10
10.00000000000001
 20
0.0
 30
0.0
 11
15.5
 21
0.0
 31
0.0
  0
ENDBLK
  5
116
330
114
100
AcDbEntity
  8
0
100
AcDbBlockEnd
  0
BLOCK
  5
161
330
160
100
AcDbEntity
  8
0
100
AcDbBlockBegin
  2
SW_CENTERMARKSYMBOL_1
 70
     0
 10
0.0
 20
0.0
 30
0.0
  3
SW_CENTERMARKSYMBOL_1
  1

  0
LINE
  5
163
330
160
100
AcDbEntity
  8
图框
 62
     0
100
AcDbLine
 10
0.0
 20
0.0
 30
0.0
 11
0.0
 21
5.000000000000004
 31
0.0
  0
LINE
  5
164
330
160
100
AcDbEntity
  8
图框
 62
     0
100
AcDbLine
 10
0.0
 20
0.0
 30
0.0
 11
-5.000000000000004
 21
0.0
 31
0.0
  0
LINE
  5
165
330
160
100
AcDbEntity
  8
图框
 62
     0
100
AcDbLine
 10
0.0
 20
0.0
 30
0.0
 11
0.0
 21
-5.000000000000004
 31
0.0
  0
LINE
  5
166
330
160
100
AcDbEntity
  8
图框
 62
     0
100
AcDbLine
 10
0.0
 20
0.0
 30
0.0
 11
5.000000000000004
 21
0.0
 31
0.0
  0
LINE
  5
167
330
160
100
AcDbEntity
  8
图框
 62
     0
100
AcDbLine
 10
0.0
 20
5.000000000000004
 30
0.0
 11
0.0
 21
7.599999999999996
 31
0.0
  0
LINE
  5
168
330
160
100
AcDbEntity
  8
图框
 62
     0
100
AcDbLine
 10
-5.000000000000004
 20
0.0
 30
0.0
 11
-7.599999999999996
 21
0.0
 31
0.0
  0
LINE
  5
169
330
160
100
AcDbEntity
  8
图框
 62
     0
100
AcDbLine
 10
0.0
 20
-5.000000000000004
 30
0.0
 11
0.0
 21
-7.599999999999996
 31
0.0
  0
LINE
  5
16A
330
160
100
AcDbEntity
  8
图框
 62
     0
100
AcDbLine
 10
5.000000000000004
 20
0.0
 30
0.0
 11
7.599999999999996
 21
0.0
 31
0.0
  0
ENDBLK
  5
162
330
160
100
AcDbEntity
  8
0
100
AcDbBlockEnd
  0
BLOCK
  5
29D
330
29C
100
AcDbEntity
  8
0
100
AcDbBlockBegin
  2
*D4
 70
     1
 10
0.0
 20
0.0
 30
0.0
  3
*D4
  1

  0
LINE
  5
4A4
330
29C
100
AcDbEntity
  8
0
 62
     0
440
 16777216
370
    -2
100
AcDbLine
 10
103.762132419007
 20
151.2458738729428
 30
0.0
 11
91.01365689453144
 21
151.2458738729428
 31
0.0
  0
LINE
  5
4A5
330
29C
100
AcDbEntity
  8
0
 62
     0
440
 16777216
370
    -2
100
AcDbLine
 10
91.01365689453144
 20
151.2458738729428
 30
0.0
 11
83.34382218529595
 21
154.5057246745874
 31
0.0
  0
LINE
  5
4A6
330
29C
100
AcDbEntity
  8
0
 62
     0
440
 16777216
370
    -2
100
AcDbLine
 10
56.50718805591634
 20
165.911892681671
 30
0.0
 11
52.75226805427475
 21
167.5078174234029
 31
0.0
  0
MTEXT
  5
4A7
330
29C
100
AcDbEntity
  8
0
 62
     0
440
 16777216
100
AcDbMText
 10
98.14989465676925
 20
154.8967969498659
 30
0.0
 40
3.5
 41
0.0
 46
0.0
 71
     5
 72
     1
  1
∅10,50
 73
     1
 44
1.0
  0
LINE
  5
4A8
330
29C
100
AcDbEntity
  8
0
 62
     0
440
 16777216
370
    -2
100
AcDbLine
 10
60.26210805755794
 20
164.3159679399392
 30
0.0
 11
79.58890218365436
 21
156.1016494163193
 31
0.0
  0
SOLID
  5
4A9
330
29C
100
AcDbEntity
  8
0
 62
     0
440
 16777216
100
AcDbTrace
 10
56.77317551287166
 20
166.5377126819447
 30
0.0
 11
56.24120059896103
 21
165.2860726813974
 31
0.0
 12
60.26210805755794
 22
164.3159679399392
 32
0.0
 13
60.26210805755794
 23
164.3159679399392
 33
0.0
  0
SOLID
  5
4AA
330
29C
100
AcDbEntity
  8
0
 62
     0
440
 16777216
100
AcDbTrace
 10
83.60980964225126
 20
155.131544674861
 30
0.0
 11
83.07783472834064
 21
153.8799046743138
 31
0.0
 12
79.58890218365436
 22
156.1016494163193
 32
0.0
 13
79.58890218365436
 23
156.1016494163193
 33
0.0
  0
POINT
  5
4AB
330
29C
100
AcDbEntity
  8
Defpoints
 62
     0
440
 16777216
100
AcDbPoint
 10
79.58890218365436
 20
156.1016494163193
 30
0.0
  0
POINT
  5
4AC
330
29C
100
AcDbEntity
  8
Defpoints
 62
     0
440
 16777216
100
AcDbPoint
 10
60.26210805755794
 20
164.3159679399392
 30
0.0
  0
ENDBLK
  5
29E
330
29C
100
AcDbEntity
  8
0
100
AcDbBlockEnd
  0
BLOCK
  5
2AA
330
2A9
100
AcDbEntity
  8
0
100
AcDbBlockBegin
  2
*D5
 70
     1
 10
0.0
 20
0.0
 30
0.0
  3
*D5
  1

  0
LINE
  5
2AC
330
2A9
100
AcDbEntity
  8
0
 62
     0
440
 16777216
370
    -2
100
AcDbLine
 10
69.92550512060616
 20
160.2088086781292
 30
0.0
 11
44.22383120586762
 21
165.4100139452026
 31
0.0
  0
LINE
  5
2AD
330
2A9
100
AcDbEntity
  8
0
 62
     0
440
 16777216
370
    -2
100
AcDbLine
 10
72.90071970165556
 20
174.9107846744609
 30
0.0
 11
47.19904578691703
 21
180.1119899415343
 31
0.0
  0
LINE
  5
2AE
330
2A9
100
AcDbEntity
  8
0
 62
     0
440
 16777216
370
    -2
100
AcDbLine
 10
46.99335303809061
 20
169.0122561387316
 30
0.0
 11
48.35005088704915
 21
175.7163571930589
 31
0.0
  0
LINE
  5
2AF
330
2A9
100
AcDbEntity
  8
0
 62
     0
440
 16777216
370
    -2
100
AcDbLine
 10
49.15930925309458
 20
179.7152946640611
 30
0.0
 11
49.96856761914002
 21
183.7142321350633
 31
0.0
  0
LINE
  5
2B0
330
2A9
100
AcDbEntity
  8
0
 62
     0
440
 16777216
370
    -2
100
AcDbLine
 10
49.96856761914002
 20
183.7142321350633
 30
0.0
 11
58.05690328347568
 21
183.7142321350633
 31
0.0
  0
SOLID
  5
2B1
330
2A9
100
AcDbEntity
  8
0
 62
     0
440
 16777216
100
AcDbTrace
 10
46.32686345959024
 20
169.1471325330724
 30
0.0
 11
47.65984261659098
 21
168.8773797443906
 31
0.0
 12
46.18409467204517
 22
165.0133186677293
 32
0.0
 13
46.18409467204517
 23
165.0133186677293
 33
0.0
  0
SOLID
  5
2B2
330
2A9
100
AcDbEntity
  8
0
 62
     0
440
 16777216
100
AcDbTrace
 10
47.68356130854878
 20
175.8512335873998
 30
0.0
 11
49.01654046554952
 21
175.581480798718
 31
0.0
 12
49.15930925309458
 22
179.7152946640611
 32
0.0
 13
49.15930925309458
 23
179.7152946640611
 33
0.0
  0
MTEXT
  5
2B3
330
2A9
100
AcDbEntity
  8
0
 62
     0
440
 16777216
100
AcDbMText
 10
54.77473545130784
 20
187.3602601070913
 30
0.0
 40
3.5
 41
0.0
 46
0.0
 71
     5
 72
     1
  1
7,50
 73
     1
 44
1.0
  0
POINT
  5
2B4
330
2A9
100
AcDbEntity
  8
Defpoints
 62
     0
440
 16777216
100
AcDbPoint
 10
69.92550512060616
 20
160.2088086781292
 30
0.0
  0
POINT
  5
2B5
330
2A9
100
AcDbEntity
  8
Defpoints
 62
     0
440
 16777216
100
AcDbPoint
 10
72.90071970165556
 20
174.9107846744609
 30
0.0
  0
POINT
  5
2B6
330
2A9
100
AcDbEntity
  8
Defpoints
 62
     0
440
 16777216
100
AcDbPoint
 10
49.15930925309458
 20
179.7152946640611
 30
0.0
  0
ENDBLK
  5
2AB
330
2A9
100
AcDbEntity
  8
0
100
AcDbBlockEnd
  0
BLOCK
  5
2B9
330
2B8
100
AcDbEntity
  8
0
100
AcDbBlockBegin
  2
*D6
 70
     1
 10
0.0
 20
0.0
 30
0.0
  3
*D6
  1

  0
LINE
  5
480
330
2B8
100
AcDbEntity
  8
0
 62
     0
440
 16777216
370
    -2
100
AcDbLine
 10
59.42550512060618
 20
75.91949581723373
 30
0.0
 11
59.42550512060618
 21
66.66258009910802
 31
0.0
  0
LINE
  5
481
330
2B8
100
AcDbEntity
  8
0
 62
     0
440
 16777216
370
    -2
100
AcDbLine
 10
80.42550512060619
 20
75.91949581723373
 30
0.0
 11
80.42550512060619
 21
66.66258009910802
 31
0.0
  0
LINE
  5
482
330
2B8
100
AcDbEntity
  8
0
 62
     0
440
 16777216
370
    -2
100
AcDbLine
 10
63.50550512060618
 20
68.66258009910803
 30
0.0
 11
76.34550512060619
 21
68.66258009910803
 31
0.0
  0
SOLID
  5
483
330
2B8
100
AcDbEntity
  8
0
 62
     0
440
 16777216
100
AcDbTrace
 10
63.50550512060618
 20
69.34258009910803
 30
0.0
 11
63.50550512060618
 21
67.98258009910802
 31
0.0
 12
59.42550512060618
 22
68.66258009910803
 32
0.0
 13
59.42550512060618
 23
68.66258009910803
 33
0.0
  0
SOLID
  5
484
330
2B8
100
AcDbEntity
  8
0
 62
     0
440
 16777216
100
AcDbTrace
 10
76.34550512060619
 20
69.34258009910803
 30
0.0
 11
76.34550512060619
 21
67.98258009910802
 31
0.0
 12
80.42550512060619
 22
68.66258009910803
 32
0.0
 13
80.42550512060619
 23
68.66258009910803
 33
0.0
  0
MTEXT
  5
485
330
2B8
100
AcDbEntity
  8
0
 62
     0
440
 16777216
100
AcDbMText
 10
69.92550512060619
 20
72.30860807113599
 30
0.0
 40
3.5
 41
0.0
 46
0.0
 71
     5
 72
     1
  1
10,50
 73
     1
 44
1.0
  0
POINT
  5
486
330
2B8
100
AcDbEntity
  8
Defpoints
 62
     0
440
 16777216
100
AcDbPoint
 10
59.42550512060618
 20
75.91949581723373
 30
0.0
  0
POINT
  5
487
330
2B8
100
AcDbEntity
  8
Defpoints
 62
     0
440
 16777216
100
AcDbPoint
 10
80.42550512060619
 20
75.91949581723373
 30
0.0
  0
POINT
  5
488
330
2B8
100
AcDbEntity
  8
Defpoints
 62
     0
440
 16777216
100
AcDbPoint
 10
80.42550512060619
 20
68.66258009910803
 30
0.0
  0
ENDBLK
  5
2BA
330
2B8
100
AcDbEntity
  8
0
100
AcDbBlockEnd
  0
BLOCK
  5
329
330
328
100
AcDbEntity
  8
0
100
AcDbBlockBegin
  2
*D10
 70
     1
 10
0.0
 20
0.0
 30
0.0
  3
*D10
  1

  0
LINE
  5
49B
330
328
100
AcDbEntity
  8
0
 62
     0
440
 16777216
370
    -2
100
AcDbLine
 10
115.4201032911516
 20
180.9814648539043
 30
0.0
 11
109.7401592352076
 21
180.9814648539043
 31
0.0
  0
LINE
  5
49C
330
328
100
AcDbEntity
  8
0
 62
     0
440
 16777216
370
    -2
100
AcDbLine
 10
109.7401592352076
 20
180.9814648539043
 30
0.0
 11
77.9757126748936
 21
164.4088751458048
 31
0.0
  0
LINE
  5
49D
330
328
100
AcDbEntity
  8
0
 62
     0
440
 16777216
370
    -2
100
AcDbLine
 10
61.87529756631873
 20
156.0087422104536
 30
0.0
 11
58.25802368729969
 21
154.1214876743174
 31
0.0
  0
MTEXT
  5
49E
330
328
100
AcDbEntity
  8
0
 62
     0
440
 16777216
100
AcDbMText
 10
113.3421312631796
 20
184.6323879308274
 30
0.0
 40
3.5
 41
0.0
 46
0.0
 71
     5
 72
     1
  1
∅5
 73
     1
 44
1.0
  0
LINE
  5
49F
330
328
100
AcDbEntity
  8
0
 62
     0
440
 16777216
370
    -2
100
AcDbLine
 10
65.49257144533777
 20
157.8959967465898
 30
0.0
 11
74.35843879587455
 21
162.5216206096687
 31
0.0
  0
SOLID
  5
4A0
330
328
100
AcDbEntity
  8
0
 62
     0
440
 16777216
100
AcDbTrace
 10
61.56075514362936
 20
156.6116211902901
 30
0.0
 11
62.1898399890081
 21
155.4058632306171
 31
0.0
 12
65.49257144533777
 22
157.8959967465898
 32
0.0
 13
65.49257144533777
 23
157.8959967465898
 33
0.0
  0
SOLID
  5
4A1
330
328
100
AcDbEntity
  8
0
 62
     0
440
 16777216
100
AcDbTrace
 10
77.66117025220424
 20
165.0117541256413
 30
0.0
 11
78.29025509758299
 21
163.8059961659683
 31
0.0
 12
74.35843879587455
 22
162.5216206096687
 32
0.0
 13
74.35843879587455
 23
162.5216206096687
 33
0.0
  0
POINT
  5
4A2
330
328
100
AcDbEntity
  8
Defpoints
 62
     0
440
 16777216
100
AcDbPoint
 10
74.35843879587455
 20
162.5216206096687
 30
0.0
  0
POINT
  5
4A3
330
328
100
AcDbEntity
  8
Defpoints
 62
     0
440
 16777216
100
AcDbPoint
 10
65.49257144533777
 20
157.8959967465898
 30
0.0
  0
ENDBLK
  5
32A
330
328
100
AcDbEntity
  8
0
100
AcDbBlockEnd
  0
BLOCK
  5
336
330
335
100
AcDbEntity
  8
0
100
AcDbBlockBegin
  2
*D11
 70
     1
 10
0.0
 20
0.0
 30
0.0
  3
*D11
  1

  0
LINE
  5
489
330
335
100
AcDbEntity
  8
0
 62
     0
440
 16777216
370
    -2
100
AcDbLine
 10
155.7417940849515
 20
145.2088086781292
 30
0.0
 11
155.7417940849515
 21
113.6493404532498
 31
0.0
  0
LINE
  5
48A
330
335
100
AcDbEntity
  8
0
 62
     0
440
 16777216
370
    -2
100
AcDbLine
 10
175.7417940849515
 20
145.2088086781292
 30
0.0
 11
175.7417940849515
 21
113.6493404532498
 31
0.0
  0
LINE
  5
48B
330
335
100
AcDbEntity
  8
0
 62
     0
440
 16777216
370
    -2
100
AcDbLine
 10
159.8217940849515
 20
115.6493404532498
 30
0.0
 11
171.6617940849515
 21
115.6493404532498
 31
0.0
  0
SOLID
  5
48C
330
335
100
AcDbEntity
  8
0
 62
     0
440
 16777216
100
AcDbTrace
 10
159.8217940849515
 20
116.3293404532498
 30
0.0
 11
159.8217940849515
 21
114.9693404532498
 31
0.0
 12
155.7417940849515
 22
115.6493404532498
 32
0.0
 13
155.7417940849515
 23
115.6493404532498
 33
0.0
  0
SOLID
  5
48D
330
335
100
AcDbEntity
  8
0
 62
     0
440
 16777216
100
AcDbTrace
 10
171.6617940849515
 20
116.3293404532498
 30
0.0
 11
171.6617940849515
 21
114.9693404532498
 31
0.0
 12
175.7417940849515
 22
115.6493404532498
 32
0.0
 13
175.7417940849515
 23
115.6493404532498
 33
0.0
  0
MTEXT
  5
48E
330
335
100
AcDbEntity
  8
0
 62
     0
440
 16777216
100
AcDbMText
 10
165.7417940849515
 20
118.9233404532498
 30
0.0
 40
3.5
 41
0.0
 46
0.0
 71
     5
 72
     1
  1
10
 73
     1
 44
1.0
  0
POINT
  5
48F
330
335
100
AcDbEntity
  8
Defpoints
 62
     0
440
 16777216
100
AcDbPoint
 10
155.7417940849515
 20
145.2088086781292
 30
0.0
  0
POINT
  5
490
330
335
100
AcDbEntity
  8
Defpoints
 62
     0
440
 16777216
100
AcDbPoint
 10
175.7417940849515
 20
145.2088086781292
 30
0.0
  0
POINT
  5
491
330
335
100
AcDbEntity
  8
Defpoints
 62
     0
440
 16777216
100
AcDbPoint
 10
175.7417940849515
 20
115.6493404532498
 30
0.0
  0
ENDBLK
  5
337
330
335
100
AcDbEntity
  8
0
100
AcDbBlockEnd
  0
BLOCK
  5
343
330
342
100
AcDbEntity
  8
0
100
AcDbBlockBegin
  2
*D12
 70
     1
 10
0.0
 20
0.0
 30
0.0
  3
*D12
  1

  0
LINE
  5
492
330
342
100
AcDbEntity
  8
0
 62
     0
440
 16777216
370
    -2
100
AcDbLine
 10
175.7417940849515
 20
170.7088086781292
 30
0.0
 11
175.7417940849515
 21
197.1834866935544
 31
0.0
  0
LINE
  5
493
330
342
100
AcDbEntity
  8
0
 62
     0
440
 16777216
370
    -2
100
AcDbLine
 10
187.7417940849515
 20
170.7088086781292
 30
0.0
 11
187.7417940849515
 21
197.1834866935544
 31
0.0
  0
LINE
  5
494
330
342
100
AcDbEntity
  8
0
 62
     0
440
 16777216
370
    -2
100
AcDbLine
 10
179.8217940849515
 20
195.1834866935544
 30
0.0
 11
183.6617940849515
 21
195.1834866935544
 31
0.0
  0
SOLID
  5
495
330
342
100
AcDbEntity
  8
0
 62
     0
440
 16777216
100
AcDbTrace
 10
179.8217940849515
 20
195.8634866935544
 30
0.0
 11
179.8217940849515
 21
194.5034866935544
 31
0.0
 12
175.7417940849515
 22
195.1834866935544
 32
0.0
 13
175.7417940849515
 23
195.1834866935544
 33
0.0
  0
SOLID
  5
496
330
342
100
AcDbEntity
  8
0
 62
     0
440
 16777216
100
AcDbTrace
 10
183.6617940849515
 20
195.8634866935544
 30
0.0
 11
183.6617940849515
 21
194.5034866935544
 31
0.0
 12
187.7417940849515
 22
195.1834866935544
 32
0.0
 13
187.7417940849515
 23
195.1834866935544
 33
0.0
  0
MTEXT
  5
497
330
342
100
AcDbEntity
  8
0
 62
     0
440
 16777216
100
AcDbMText
 10
181.7417940849515
 20
198.4574866935544
 30
0.0
 40
3.5
 41
0.0
 46
0.0
 71
     5
 72
     1
  1
6
 73
     1
 44
1.0
  0
POINT
  5
498
330
342
100
AcDbEntity
  8
Defpoints
 62
     0
440
 16777216
100
AcDbPoint
 10
175.7417940849515
 20
170.7088086781292
 30
0.0
  0
POINT
  5
499
330
342
100
AcDbEntity
  8
Defpoints
 62
     0
440
 16777216
100
AcDbPoint
 10
187.7417940849515
 20
170.7088086781292
 30
0.0
  0
POINT
  5
49A
330
342
100
AcDbEntity
  8
Defpoints
 62
     0
440
 16777216
100
AcDbPoint
 10
187.7417940849515
 20
195.1834866935544
 30
0.0
  0
ENDBLK
  5
344
330
342
100
AcDbEntity
  8
0
100
AcDbBlockEnd
  0
ENDSEC
  0
SECTION
  2
ENTITIES
  0
LINE
  5
70
330
1F
100
AcDbEntity
  8
图框
100
AcDbLine
 10
0.0000000000000139
 20
66.22062153984083
 30
0.0
 11
25.00000000000002
 21
66.22062153984083
 31
0.0
  0
LINE
  5
71
330
1F
100
AcDbEntity
  8
图框
370
    25
100
AcDbLine
 10
112.0
 20
60.99999999999999
 30
0.0
 11
112.0
 21
5.0
 31
0.0
  0
LINE
  5
72
330
1F
100
AcDbEntity
  8
图框
  6
Continuous
370
    25
100
AcDbLine
 10
25.0
 20
5.0
 30
0.0
 11
25.0
 21
205.0
 31
0.0
  0
LINE
  5
73
330
1F
100
AcDbEntity
  8
图框
  6
Continuous
370
    25
100
AcDbLine
 10
25.0
 20
205.0
 30
0.0
 11
292.0
 21
205.0
 31
0.0
  0
LINE
  5
74
330
1F
100
AcDbEntity
  8
图框
  6
Continuous
370
    25
100
AcDbLine
 10
292.0
 20
5.0
 30
0.0
 11
292.0
 21
205.0
 31
0.0
  0
LINE
  5
75
330
1F
100
AcDbEntity
  8
图框
100
AcDbLine
 10
0.0000000000000139
 20
71.22062153984083
 30
0.0
 11
25.00000000000002
 21
71.22062153984083
 31
0.0
  0
LINE
  5
76
330
1F
100
AcDbEntity
  8
图框
100
AcDbLine
 10
0.0
 20
53.43002782288127
 30
0.0
 11
24.99999999999999
 21
53.43002782288127
 31
0.0
  0
LINE
  5
77
330
1F
100
AcDbEntity
  8
图框
100
AcDbLine
 10
0.0
 20
58.43002782288127
 30
0.0
 11
24.99999999999999
 21
58.43002782288127
 31
0.0
  0
LINE
  5
78
330
1F
100
AcDbEntity
  8
图框
100
AcDbLine
 10
0.0
 20
40.43002782288127
 30
0.0
 11
24.99999999999999
 21
40.43002782288127
 31
0.0
  0
LINE
  5
79
330
1F
100
AcDbEntity
  8
图框
100
AcDbLine
 10
0.0
 20
45.43002782288125
 30
0.0
 11
24.99999999999999
 21
45.43002782288125
 31
0.0
  0
LINE
  5
7A
330
1F
100
AcDbEntity
  8
图框
100
AcDbLine
 10
0.0
 20
27.43002782288126
 30
0.0
 11
24.99999999999999
 21
27.43002782288126
 31
0.0
  0
LINE
  5
7B
330
1F
100
AcDbEntity
  8
图框
100
AcDbLine
 10
0.0
 20
32.43002782288126
 30
0.0
 11
24.99999999999999
 21
32.43002782288126
 31
0.0
  0
LINE
  5
7C
330
1F
100
AcDbEntity
  8
图框
100
AcDbLine
 10
0.0
 20
19.43002782288128
 30
0.0
 11
24.99999999999999
 21
19.43002782288128
 31
0.0
  0
LINE
  5
7D
330
1F
100
AcDbEntity
  8
图框
100
AcDbLine
 10
0.0
 20
14.43002782288127
 30
0.0
 11
24.99999999999999
 21
14.43002782288127
 31
0.0
  0
LINE
  5
7E
330
1F
100
AcDbEntity
  8
图框
370
    25
100
AcDbLine
 10
0.0
 20
105.0
 30
0.0
 11
30.0
 21
105.0
 31
0.0
  0
LINE
  5
7F
330
1F
100
AcDbEntity
  8
图框
100
AcDbLine
 10
0.0000000000000139
 20
84.22062153984079
 30
0.0
 11
25.00000000000002
 21
84.22062153984079
 31
0.0
  0
LINE
  5
80
330
1F
100
AcDbEntity
  8
图框
100
AcDbLine
 10
0.0000000000000139
 20
79.22062153984085
 30
0.0
 11
25.00000000000002
 21
79.22062153984085
 31
0.0
  0
LINE
  5
81
330
1F
100
AcDbEntity
  8
图框
100
AcDbLine
 10
0.0
 20
5.0
 30
0.0
 11
25.00000000000002
 21
5.0
 31
0.0
  0
LINE
  5
82
330
1F
100
AcDbEntity
  8
图框
100
AcDbLine
 10
58.49999999999997
 20
0.0
 30
0.0
 11
58.49999999999997
 21
5.0
 31
0.0
  0
LINE
  5
83
330
1F
100
AcDbEntity
  8
图框
370
    25
100
AcDbLine
 10
297.0
 20
105.0
 30
0.0
 11
287.0
 21
105.0
 31
0.0
  0
LINE
  5
84
330
1F
100
AcDbEntity
  8
图框
100
AcDbLine
 10
108.4999999999999
 20
0.0
 30
0.0
 11
108.5
 21
5.0
 31
0.0
  0
LINE
  5
85
330
1F
100
AcDbEntity
  8
图框
100
AcDbLine
 10
0.0
 20
155.0
 30
0.0
 11
25.0
 21
155.0
 31
0.0
  0
LINE
  5
86
330
1F
100
AcDbEntity
  8
图框
370
    25
100
AcDbLine
 10
158.5
 20
0.0
 30
0.0
 11
158.5
 21
5.0
 31
0.0
  0
LINE
  5
87
330
1F
100
AcDbEntity
  8
图框
100
AcDbLine
 10
208.5
 20
0.0
 30
0.0
 11
208.5
 21
5.0
 31
0.0
  0
LINE
  5
88
330
1F
100
AcDbEntity
  8
图框
100
AcDbLine
 10
258.4999999999999
 20
0.0
 30
0.0
 11
258.4999999999999
 21
5.0
 31
0.0
  0
LINE
  5
89
330
1F
100
AcDbEntity
  8
图框
100
AcDbLine
 10
258.4999999999999
 20
210.0
 30
0.0
 11
258.4999999999999
 21
205.0
 31
0.0
  0
LINE
  5
8A
330
1F
100
AcDbEntity
  8
粗实线层
100
AcDbLine
 10
25.0
 20
190.9999999999999
 30
0.0
 11
84.99999999999998
 21
190.9999999999999
 31
0.0
  0
LINE
  5
8B
330
1F
100
AcDbEntity
  8
粗实线层
100
AcDbLine
 10
84.99999999999998
 20
190.9999999999999
 30
0.0
 11
84.99999999999998
 21
205.0
 31
0.0
  0
LINE
  5
8C
330
1F
100
AcDbEntity
  8
图框
100
AcDbLine
 10
297.0
 20
155.0
 30
0.0
 11
292.0
 21
154.9999999999999
 31
0.0
  0
LINE
  5
8D
330
1F
100
AcDbEntity
  8
图框
100
AcDbLine
 10
297.0
 20
55.0
 30
0.0
 11
292.0
 21
54.99999999999999
 31
0.0
  0
LINE
  5
8E
330
1F
100
AcDbEntity
  8
图框
100
AcDbLine
 10
208.5
 20
210.0
 30
0.0
 11
208.5
 21
205.0
 31
0.0
  0
LINE
  5
8F
330
1F
100
AcDbEntity
  8
图框
100
AcDbLine
 10
0.0
 20
0.0
 30
0.0
 11
0.0
 21
210.0
 31
0.0
  0
LINE
  5
90
330
1F
100
AcDbEntity
  8
图框
100
AcDbLine
 10
0.0
 20
210.0
 30
0.0
 11
297.0
 21
210.0
 31
0.0
  0
LINE
  5
91
330
1F
100
AcDbEntity
  8
图框
100
AcDbLine
 10
297.0
 20
0.0
 30
0.0
 11
297.0
 21
210.0
 31
0.0
  0
LINE
  5
92
330
1F
100
AcDbEntity
  8
图框
100
AcDbLine
 10
0.0
 20
0.0
 30
0.0
 11
297.0
 21
0.0
 31
0.0
  0
LINE
  5
93
330
1F
100
AcDbEntity
  8
图框
370
    25
100
AcDbLine
 10
158.4999999999999
 20
210.0
 30
0.0
 11
158.4999999999999
 21
200.0
 31
0.0
  0
LINE
  5
94
330
1F
100
AcDbEntity
  8
图框
100
AcDbLine
 10
108.5
 20
210.0
 30
0.0
 11
108.5
 21
205.0
 31
0.0
  0
LINE
  5
95
330
1F
100
AcDbEntity
  8
图框
100
AcDbLine
 10
58.49999999999997
 20
210.0
 30
0.0
 11
58.49999999999997
 21
205.0
 31
0.0
  0
LINE
  5
96
330
1F
100
AcDbEntity
  8
图框
370
    25
100
AcDbLine
 10
192.0000170090906
 20
12.16608589739257
 30
0.0
 11
292.0000382704538
 21
12.16608589739257
 31
0.0
  0
LINE
  5
97
330
1F
100
AcDbEntity
  8
图框
370
    25
100
AcDbLine
 10
218.0000225370458
 20
12.16608589739257
 30
0.0
 11
218.0000225370458
 21
5.0
 31
0.0
  0
LINE
  5
98
330
1F
100
AcDbEntity
  8
图框
370
    25
100
AcDbLine
 10
230.0
 20
42.99999999999998
 30
0.0
 11
230.0
 21
24.00000000000005
 31
0.0
  0
LINE
  5
99
330
1F
100
AcDbEntity
  8
图框
370
    25
100
AcDbLine
 10
218.0000225370458
 20
43.06912202290631
 30
0.0
 11
218.0000225370458
 21
24.06912202290638
 31
0.0
  0
LINE
  5
9A
330
1F
100
AcDbEntity
  8
图框
100
AcDbLine
 10
211.5
 20
33.00000000000002
 30
0.0
 11
211.5
 21
24.00000000000005
 31
0.0
  0
LINE
  5
9B
330
1F
100
AcDbEntity
  8
图框
100
AcDbLine
 10
205.0
 20
33.00000000000002
 30
0.0
 11
205.0
 21
24.00000000000005
 31
0.0
  0
LINE
  5
9C
330
1F
100
AcDbEntity
  8
图框
100
AcDbLine
 10
198.5
 20
33.00000000000002
 30
0.0
 11
198.5
 21
24.00000000000005
 31
0.0
  0
LINE
  5
9D
330
1F
100
AcDbEntity
  8
图框
370
    25
100
AcDbLine
 10
191.9798763676701
 20
43.05216099765696
 30
0.0
 11
291.9798763676702
 21
43.05216099765697
 31
0.0
  0
LINE
  5
9E
330
1F
100
AcDbEntity
  8
图框
370
    25
100
AcDbLine
 10
192.0151988559129
 20
33.00000412509223
 30
0.0
 11
240.6919146759594
 21
33.00000412509224
 31
0.0
  0
LINE
  5
9F
330
1F
100
AcDbEntity
  8
图框
370
    25
100
AcDbLine
 10
192.0
 20
24.00000000000005
 30
0.0
 11
292.0
 21
24.00000000000005
 31
0.0
  0
LINE
  5
A0
330
1F
100
AcDbEntity
  8
图框
370
    25
100
AcDbLine
 10
148.0000000000001
 20
60.99999999999999
 30
0.0
 11
148.0000000000001
 21
33.00000000000002
 31
0.0
  0
LINE
  5
A1
330
1F
100
AcDbEntity
  8
图框
370
    25
100
AcDbLine
 10
132.0
 20
60.99999999999999
 30
0.0
 11
132.0
 21
33.00000000000002
 31
0.0
  0
LINE
  5
A2
330
1F
100
AcDbEntity
  8
图框
370
    25
100
AcDbLine
 10
122.0
 20
60.99999999999999
 30
0.0
 11
122.0
 21
33.00000000000002
 31
0.0
  0
LINE
  5
A3
330
1F
100
AcDbEntity
  8
图框
370
    25
100
AcDbLine
 10
240.6919146759594
 20
61.00000825018589
 30
0.0
 11
240.6919146759594
 21
5.0
 31
0.0
  0
LINE
  5
A4
330
1F
100
AcDbEntity
  8
图框
370
    25
100
AcDbLine
 10
191.9681386681628
 20
61.05215717061242
 30
0.0
 11
192.0046899746901
 21
4.999999999999997
 31
0.0
  0
LINE
  5
A5
330
1F
100
AcDbEntity
  8
图框
370
    25
100
AcDbLine
 10
176.0
 20
60.99999999999999
 30
0.0
 11
176.0
 21
4.999999999999972
 31
0.0
  0
LINE
  5
A6
330
1F
100
AcDbEntity
  8
图框
370
    25
100
AcDbLine
 10
164.0
 20
60.99999999999999
 30
0.0
 11
164.0
 21
4.999999999999972
 31
0.0
  0
LINE
  5
A7
330
1F
100
AcDbEntity
  8
图框
370
    25
100
AcDbLine
 10
152.0000000000001
 20
33.00000000000002
 30
0.0
 11
152.0000000000001
 21
5.0
 31
0.0
  0
LINE
  5
A8
330
1F
100
AcDbEntity
  8
图框
370
    25
100
AcDbLine
 10
136.0
 20
33.00000000000002
 30
0.0
 11
136.0
 21
5.0
 31
0.0
  0
LINE
  5
A9
330
1F
100
AcDbEntity
  8
图框
370
    25
100
AcDbLine
 10
124.0
 20
33.00000000000002
 30
0.0
 11
124.0
 21
5.0
 31
0.0
  0
LINE
  5
AA
330
1F
100
AcDbEntity
  8
图框
100
AcDbLine
 10
112.0
 20
53.99999999999998
 30
0.0
 11
192.0
 21
53.99999999999998
 31
0.0
  0
LINE
  5
AB
330
1F
100
AcDbEntity
  8
图框
100
AcDbLine
 10
112.0
 20
46.99999999999998
 30
0.0
 11
192.0
 21
46.99999999999998
 31
0.0
  0
LINE
  5
AC
330
1F
100
AcDbEntity
  8
图框
370
    25
100
AcDbLine
 10
112.0
 20
40.00000000000002
 30
0.0
 11
192.0
 21
40.00000000000002
 31
0.0
  0
LINE
  5
AD
330
1F
100
AcDbEntity
  8
图框
370
    25
100
AcDbLine
 10
112.0
 20
33.00000000000002
 30
0.0
 11
192.0
 21
33.00000000000002
 31
0.0
  0
LINE
  5
AE
330
1F
100
AcDbEntity
  8
图框
370
    25
100
AcDbLine
 10
112.0
 20
25.99999999999996
 30
0.0
 11
192.0
 21
25.99999999999996
 31
0.0
  0
LINE
  5
AF
330
1F
100
AcDbEntity
  8
图框
370
    25
100
AcDbLine
 10
112.0
 20
18.99999999999998
 30
0.0
 11
192.0
 21
18.99999999999998
 31
0.0
  0
LINE
  5
B0
330
1F
100
AcDbEntity
  8
图框
370
    25
100
AcDbLine
 10
112.0
 20
12.16608589739257
 30
0.0
 11
192.0000170090906
 21
12.16608589739257
 31
0.0
  0
LINE
  5
B1
330
1F
100
AcDbEntity
  8
图框
370
    25
100
AcDbLine
 10
112.0
 20
60.99999999999999
 30
0.0
 11
292.0
 21
60.99999999999999
 31
0.0
  0
LINE
  5
B2
330
1F
100
AcDbEntity
  8
图框
370
    25
100
AcDbLine
 10
25.00000000000002
 20
5.0
 30
0.0
 11
292.0
 21
5.0
 31
0.0
  0
MTEXT
  5
B4
330
1F
100
AcDbEntity
  8
图框
100
AcDbMText
 10
54.52654587162984
 20
195.6547287996149
 30
0.0
 40
3.5
 41
0.0
 46
0.0
 71
     2
 72
     1
  1
“图样代号”
  7
SLDTEXTSTYLE0
 11
-1.0
 21
-0.000000000000007
 31
0.0
 73
     1
 44
1.0
  0
MTEXT
  5
B6
330
1F
100
AcDbEntity
  8
图框
100
AcDbMText
 10
243.6406191091543
 20
10.53142670930424
 30
0.0
 40
3.5
 41
0.0
 46
0.0
 71
     1
 72
     1
  1
替代
  7
SLDTEXTSTYLE1
 73
     1
 44
1.0
  0
MTEXT
  5
B7
330
1F
100
AcDbEntity
  8
图框
100
AcDbMText
 10
224.3389171654589
 20
10.5314267093042
 30
0.0
 40
3.5
 41
0.0
 46
0.0
 71
     2
 72
     1
  1
版本
  7
SLDTEXTSTYLE1
 73
     1
 44
1.0
  0
MTEXT
  5
B8
330
1F
100
AcDbEntity
  8
图框
100
AcDbMText
 10
157.8323505320452
 20
17.73423954866251
 30
0.0
 40
3.5
 41
0.0
 46
0.0
 71
     2
 72
     1
  1
审核
  7
SLDTEXTSTYLE1
 73
     1
 44
1.0
  0
MTEXT
  5
B9
330
1F
100
AcDbEntity
  8
图框
100
AcDbMText
 10
157.837147877662
 20
24.67821354714954
 30
0.0
 40
3.5
 41
0.0
 46
0.0
 71
     2
 72
     1
  1
工艺
  7
SLDTEXTSTYLE1
 73
     1
 44
1.0
  0
MTEXT
  5
BA
330
1F
100
AcDbEntity
  8
图框
100
AcDbMText
 10
235.2662130271976
 20
40.03482911971821
 30
0.0
 40
3.5
 41
0.0
 46
0.0
 71
     2
 72
     1
  1
比例
  7
SLDTEXTSTYLE1
 73
     1
 44
1.0
  0
MTEXT
  5
BB
330
1F
100
AcDbEntity
  8
图框
100
AcDbMText
 10
223.8024250849005
 20
39.90080947279978
 30
0.0
 40
3.5
 41
0.0
 46
0.0
 71
     2
 72
     1
  1
质量
  7
SLDTEXTSTYLE1
 73
     1
 44
1.0
  0
MTEXT
  5
BC
330
1F
100
AcDbEntity
  8
图框
100
AcDbMText
 10
211.4730586403032
 20
10.90236533284371
 30
0.0
 40
3.5
 41
0.0
 46
0.0
 71
     2
 72
     1
  1
第  张
  7
SLDTEXTSTYLE1
 73
     1
 44
1.0
  0
MTEXT
  5
BD
330
1F
100
AcDbEntity
  8
图框
100
AcDbMText
 10
199.3016211738086
 20
10.85304404921146
 30
0.0
 40
3.5
 41
0.0
 46
0.0
 71
     2
 72
     1
  1
共  张 
  7
SLDTEXTSTYLE1
 73
     1
 44
1.0
  0
MTEXT
  5
BE
330
1F
100
AcDbEntity
  8
图框
100
AcDbMText
 10
205.0983503899849
 20
40.2358585900958
 30
0.0
 40
3.5
 41
0.0
 46
0.0
 71
     2
 72
     1
  1
阶 段 标 记
  7
SLDTEXTSTYLE1
 73
     1
 44
1.0
  0
MTEXT
  5
BF
330
1F
100
AcDbEntity
  8
图框
100
AcDbMText
 10
158.0997875334425
 20
10.68090483376801
 30
0.0
 40
3.5
 41
0.0
 46
0.0
 71
     2
 72
     1
  1
批准
  7
SLDTEXTSTYLE1
 73
     1
 44
1.0
  0
MTEXT
  5
C0
330
1F
100
AcDbEntity
  8
图框
100
AcDbMText
 10
158.1802632063855
 20
31.79667613869191
 30
0.0
 40
3.5
 41
0.0
 46
0.0
 71
     2
 72
     1
  1
标准化
  7
SLDTEXTSTYLE1
 73
     1
 44
1.0
  0
MTEXT
  5
C1
330
1F
100
AcDbEntity
  8
图框
100
AcDbMText
 10
118.5225341406527
 20
17.50441712327677
 30
0.0
 40
3.5
 41
0.0
 46
0.0
 71
     2
 72
     1
  1
主管设计
  7
SLDTEXTSTYLE1
 73
     1
 44
1.0
  0
MTEXT
  5
C2
330
1F
100
AcDbEntity
  8
图框
100
AcDbMText
 10
183.7285062646099
 20
38.67174369857782
 30
0.0
 40
3.5
 41
0.0
 46
0.0
 71
     2
 72
     1
  1
年 月 日
  7
SLDTEXTSTYLE1
 73
     1
 44
1.0
  0
MTEXT
  5
C3
330
1F
100
AcDbEntity
  8
图框
100
AcDbMText
 10
169.5175451848151
 20
38.46467869911748
 30
0.0
 40
3.5
 41
0.0
 46
0.0
 71
     2
 72
     1
  1
签名
  7
SLDTEXTSTYLE1
 73
     1
 44
1.0
  0
MTEXT
  5
C4
330
1F
100
AcDbEntity
  8
图框
100
AcDbMText
 10
156.7981130953983
 20
38.67174369857782
 30
0.0
 40
3.5
 41
0.0
 46
0.0
 71
     2
 72
     1
  1
更改文件号
  7
SLDTEXTSTYLE1
 73
     1
 44
1.0
  0
MTEXT
  5
C5
330
1F
100
AcDbEntity
  8
图框
100
AcDbMText
 10
139.1483482034932
 20
38.63033060089686
 30
0.0
 40
3.5
 41
0.0
 46
0.0
 71
     2
 72
     1
  1
分区
  7
SLDTEXTSTYLE1
 73
     1
 44
1.0
  0
MTEXT
  5
C6
330
1F
100
AcDbEntity
  8
图框
100
AcDbMText
 10
127.4232691080337
 20
38.58891750321595
 30
0.0
 40
3.5
 41
0.0
 46
0.0
 71
     2
 72
     1
  1
处数
  7
SLDTEXTSTYLE1
 73
     1
 44
1.0
  0
MTEXT
  5
C7
330
1F
100
AcDbEntity
  8
图框
100
AcDbMText
 10
116.775406340012
 20
38.63033060089686
 30
0.0
 40
3.5
 41
0.0
 46
0.0
 71
     2
 72
     1
  1
标记
  7
SLDTEXTSTYLE1
 73
     1
 44
1.0
  0
MTEXT
  5
C8
330
1F
100
AcDbEntity
  8
图框
100
AcDbMText
 10
117.8524434677701
 20
31.73751093841827
 30
0.0
 40
3.5
 41
0.0
 46
0.0
 71
     2
 72
     1
  1
设计
  7
SLDTEXTSTYLE1
 73
     1
 44
1.0
  0
MTEXT
  5
C9
330
1F
100
AcDbEntity
  8
图框
100
AcDbMText
 10
117.7686821336598
 20
24.78841231417658
 30
0.0
 40
3.5
 41
0.0
 46
0.0
 71
     2
 72
     1
  1
校核
  7
SLDTEXTSTYLE1
 73
     1
 44
1.0
  0
MTEXT
  5
CA
330
1F
100
AcDbEntity
  8
图框
100
AcDbMText
 10
7.083635906999827
 20
83.57905148486215
 30
0.0
 40
3.5
 41
0.0
 46
0.0
 71
     1
 72
     1
  1
零件代号
  7
SLDTEXTSTYLE1
 73
     1
 44
1.0
  0
MTEXT
  5
CB
330
1F
100
AcDbEntity
  8
图框
100
AcDbMText
 10
0.0000000000000138
 20
71.22062153984083
 30
0.0
 40
3.5
 41
0.0
 46
0.0
 71
     1
 72
     1
  1
借(通)用件登记
  7
SLDTEXTSTYLE1
 73
     1
 44
1.0
  0
MTEXT
  5
CC
330
1F
100
AcDbEntity
  8
图框
100
AcDbMText
 10
0.0
 20
58.43002782288127
 30
0.0
 40
3.5
 41
0.0
 46
0.0
 71
     1
 72
     1
  1
旧底图总号
  7
SLDTEXTSTYLE1
 73
     1
 44
1.0
  0
MTEXT
  5
CD
330
1F
100
AcDbEntity
  8
图框
100
AcDbMText
 10
0.0
 20
45.43002782288125
 30
0.0
 40
3.5
 41
0.0
 46
0.0
 71
     1
 72
     1
  1
底 图 总 号
  7
SLDTEXTSTYLE1
 73
     1
 44
1.0
  0
MTEXT
  5
CE
330
1F
100
AcDbEntity
  8
图框
100
AcDbMText
 10
8.546853146853147
 20
19.43002782288128
 30
0.0
 40
3.5
 41
0.0
 46
0.0
 71
     2
 72
     1
  1
  日    期
  7
SLDTEXTSTYLE1
 73
     1
 44
1.0
  0
MTEXT
  5
CF
330
1F
100
AcDbEntity
  8
图框
100
AcDbMText
 10
215.8247016166238
 20
54.64297454538075
 30
0.0
 40
3.5
 41
0.0
 46
0.0
 71
     2
 72
     1
  1
亚克力
  7
SLDTEXTSTYLE1
 73
     1
 44
1.0
  0
MTEXT
  5
D1
330
1F
100
AcDbEntity
  8
图框
100
AcDbMText
 10
266.7888672902111
 20
36.35266058971394
 30
0.0
 40
3.5
 41
0.0
 46
0.0
 71
     2
 72
     1
  1
“圆柱齿轮”
  7
SLDTEXTSTYLE1
 73
     1
 44
1.0
  0
MTEXT
  5
D4
330
1F
100
AcDbEntity
  8
图框
100
AcDbMText
 10
211.2950300097971
 20
10.53142700034244
 30
0.0
 40
3.5
 41
0.0
 46
0.0
 71
     1
 72
     1
  1
1
  7
SLDTEXTSTYLE2
 73
     1
 44
1.0
  0
MTEXT
  5
D5
330
1F
100
AcDbEntity
  8
图框
100
AcDbMText
 10
199.0103125726139
 20
10.26180737943508
 30
0.0
 40
3.5
 41
0.0
 46
0.0
 71
     1
 72
     1
  1
1
  7
SLDTEXTSTYLE2
 73
     1
 44
1.0
  0
MTEXT
  5
D6
330
1F
100
AcDbEntity
  8
图框
100
AcDbMText
 10
235.8581619610939
 20
31.5205321756722
 30
0.0
 40
3.5
 41
0.0
 46
0.0
 71
     2
 72
     1
  1
2:1
  7
SLDTEXTSTYLE2
 73
     1
 44
1.0
  0
MTEXT
  5
D7
330
1F
100
AcDbEntity
  8
图框
100
AcDbMText
 10
29.79444444272667
 20
4.509785600648329
 30
0.0
 40
3.5
 41
0.0
 46
0.0
 71
     2
 72
     1
  1
1
  7
SLDTEXTSTYLE2
 73
     1
 44
1.0
  0
MTEXT
  5
D8
330
1F
100
AcDbEntity
  8
图框
100
AcDbMText
 10
13.32031252002326
 20
132.0097856006483
 30
0.0
 40
3.5
 41
0.0
 46
0.0
 71
     2
 72
     1
  1
B
  7
SLDTEXTSTYLE2
 73
     1
 44
1.0
  0
MTEXT
  5
D9
330
1F
100
AcDbEntity
  8
图框
100
AcDbMText
 10
13.32031252002326
 20
184.5097856006483
 30
0.0
 40
3.5
 41
0.0
 46
0.0
 71
     2
 72
     1
  1
A
  7
SLDTEXTSTYLE2
 73
     1
 44
1.0
  0
MTEXT
  5
DA
330
1F
100
AcDbEntity
  8
图框
100
AcDbMText
 10
294.9843750200234
 20
29.50978560064833
 30
0.0
 40
3.5
 41
0.0
 46
0.0
 71
     2
 72
     1
  1
D
  7
SLDTEXTSTYLE2
 73
     1
 44
1.0
  0
MTEXT
  5
DB
330
1F
100
AcDbEntity
  8
图框
100
AcDbMText
 10
295.4819444427266
 20
82.00978560064834
 30
0.0
 40
3.5
 41
0.0
 46
0.0
 71
     2
 72
     1
  1
C
  7
SLDTEXTSTYLE2
 73
     1
 44
1.0
  0
MTEXT
  5
DC
330
1F
100
AcDbEntity
  8
图框
100
AcDbMText
 10
295.3203125200232
 20
132.0097856006483
 30
0.0
 40
3.5
 41
0.0
 46
0.0
 71
     2
 72
     1
  1
B
  7
SLDTEXTSTYLE2
 73
     1
 44
1.0
  0
MTEXT
  5
DD
330
1F
100
AcDbEntity
  8
图框
100
AcDbMText
 10
295.3203125200233
 20
184.5097856006483
 30
0.0
 40
3.5
 41
0.0
 46
0.0
 71
     2
 72
     1
  1
A
  7
SLDTEXTSTYLE2
 73
     1
 44
1.0
  0
MTEXT
  5
DE
330
1F
100
AcDbEntity
  8
图框
100
AcDbMText
 10
5.211735465631022
 20
32.43002782288126
 30
0.0
 40
3.5
 41
0.0
 46
0.0
 71
     2
 72
     1
  1
  签    字
  7
SLDTEXTSTYLE1
 73
     1
 44
1.0
  0
MTEXT
  5
DF
330
1F
100
AcDbEntity
  8
图框
100
AcDbMText
 10
84.04444444272668
 20
4.509785600648331
 30
0.0
 40
3.5
 41
0.0
 46
0.0
 71
     2
 72
     1
  1
2
  7
SLDTEXTSTYLE2
 73
     1
 44
1.0
  0
MTEXT
  5
E0
330
1F
100
AcDbEntity
  8
图框
100
AcDbMText
 10
234.0444444427267
 20
4.509785600648331
 30
0.0
 40
3.5
 41
0.0
 46
0.0
 71
     2
 72
     1
  1
5
  7
SLDTEXTSTYLE2
 73
     1
 44
1.0
  0
MTEXT
  5
E1
330
1F
100
AcDbEntity
  8
图框
100
AcDbMText
 10
184.0444444427267
 20
4.509785600648331
 30
0.0
 40
3.5
 41
0.0
 46
0.0
 71
     2
 72
     1
  1
4
  7
SLDTEXTSTYLE2
 73
     1
 44
1.0
  0
MTEXT
  5
E2
330
1F
100
AcDbEntity
  8
图框
100
AcDbMText
 10
134.0444444427267
 20
4.509785600648331
 30
0.0
 40
3.5
 41
0.0
 46
0.0
 71
     2
 72
     1
  1
3
  7
SLDTEXTSTYLE2
 73
     1
 44
1.0
  0
MTEXT
  5
E3
330
1F
100
AcDbEntity
  8
图框
100
AcDbMText
 10
278.2968750200235
 20
4.509785600648331
 30
0.0
 40
3.5
 41
0.0
 46
0.0
 71
     2
 72
     1
  1
6
  7
SLDTEXTSTYLE2
 73
     1
 44
1.0
  0
MTEXT
  5
E4
330
1F
100
AcDbEntity
  8
图框
100
AcDbMText
 10
278.2968750200235
 20
209.5097856006483
 30
0.0
 40
3.5
 41
0.0
 46
0.0
 71
     2
 72
     1
  1
6
  7
SLDTEXTSTYLE2
 73
     1
 44
1.0
  0
MTEXT
  5
E5
330
1F
100
AcDbEntity
  8
图框
100
AcDbMText
 10
184.0444444427267
 20
209.5097856006484
 30
0.0
 40
3.5
 41
0.0
 46
0.0
 71
     2
 72
     1
  1
4
  7
SLDTEXTSTYLE2
 73
     1
 44
1.0
  0
MTEXT
  5
E6
330
1F
100
AcDbEntity
  8
图框
100
AcDbMText
 10
84.04444444272668
 20
209.5097856006484
 30
0.0
 40
3.5
 41
0.0
 46
0.0
 71
     2
 72
     1
  1
2
  7
SLDTEXTSTYLE2
 73
     1
 44
1.0
  0
MTEXT
  5
E7
330
1F
100
AcDbEntity
  8
图框
100
AcDbMText
 10
234.0444444427267
 20
209.5097856006484
 30
0.0
 40
3.5
 41
0.0
 46
0.0
 71
     2
 72
     1
  1
5
  7
SLDTEXTSTYLE2
 73
     1
 44
1.0
  0
MTEXT
  5
E8
330
1F
100
AcDbEntity
  8
图框
100
AcDbMText
 10
29.79444444272667
 20
209.5097856006483
 30
0.0
 40
3.5
 41
0.0
 46
0.0
 71
     2
 72
     1
  1
1
  7
SLDTEXTSTYLE2
 73
     1
 44
1.0
  0
MTEXT
  5
E9
330
1F
100
AcDbEntity
  8
图框
100
AcDbMText
 10
134.0444444427267
 20
209.5097856006484
 30
0.0
 40
3.5
 41
0.0
 46
0.0
 71
     2
 72
     1
  1
3
  7
SLDTEXTSTYLE2
 73
     1
 44
1.0
  0
CIRCLE
  5
EB
330
1F
100
AcDbEntity
  8
0
  6
Continuous
 62
     7
370
    30
100
AcDbCircle
 10
69.92550512060617
 20
160.2088086781292
 30
0.0
 40
5.0
  0
CIRCLE
  5
EC
330
1F
100
AcDbEntity
  8
0
  6
Continuous
 62
     7
370
    30
100
AcDbCircle
 10
69.92550512060617
 20
160.2088086781292
 30
0.0
 40
10.50000000000001
  0
ARC
  5
ED
330
1F
100
AcDbEntity
  8
0
  6
Continuous
 62
     7
370
    30
100
AcDbCircle
 10
69.92550512060617
 20
160.2088086781292
 30
0.0
 40
15.0
100
AcDbArc
 50
267.5941962070931
 51
272.4058037929094
  0
SPLINE
  5
EE
330
1F
100
AcDbEntity
  8
0
  6
Continuous
 62
     7
370
    30
100
AcDbSpline
210
0.0
220
0.0
230
1.0
 70
     8
 71
     3
 72
    36
 73
    32
 74
     0
 42
0.00000001
 43
0.0000000001
 40
0.4630063306812459
 40
0.4630063306812459
 40
0.4630063306812459
 40
0.4630063306812459
 40
0.4746971310398568
 40
0.4928938544049268
 40
0.5105631365142873
 40
0.5277049773679776
 40
0.5443193769660402
 40
0.5604063353085225
 40
0.575965852395476
 40
0.5909979282269575
 40
0.6055025628030306
 40
0.619479756123766
 40
0.6329295081892424
 40
0.6458518189995482
 40
0.6582466885547835
 40
0.670114116855061
 40
0.6814541039005098
 40
0.6922666496912778
 40
0.7025517542275353
 40
0.7123094175094803
 40
0.7215396395373448
 40
0.7302424203114036
 40
0.7384177598319837
 40
0.7460656580994798
 40
0.7531861151143758
 40
0.7597791308772692
 40
0.7658447053889159
 40
0.7713828386502863
 40
0.7763935306626577
 40
0.7808767814277586
 40
1.0
 40
1.0
 40
1.0
 40
1.0
 10
69.29585222126094
 20
145.222029930635
 30
0.0
 10
69.27615443353805
 20
145.2522853886301
 30
0.0
 10
69.22627830967574
 20
145.3299467305911
 30
0.0
 10
69.14892399405657
 20
145.4547931151549
 30
0.0
 10
69.06550277663665
 20
145.5956457106437
 30
0.0
 10
68.98732007491204
 20
145.733884576199
 30
0.0
 10
68.91423701736851
 20
145.8693582258272
 30
0.0
 10
68.84611080301812
 20
146.0019197014667
 30
0.0
 10
68.78279482733002
 20
146.1314266688753
 30
0.0
 10
68.72413881041069
 20
146.2577415102856
 30
0.0
 10
68.66998892735537
 20
146.3807314137756
 30
0.0
 10
68.62018794069007
 20
146.5002684593051
 30
0.0
 10
68.57457533482301
 20
146.6162297013713
 30
0.0
 10
68.53298745242337
 20
146.7284972482366
 30
0.0
 10
68.49525763264411
 20
146.8369583376861
 30
0.0
 10
68.46121635110353
 20
146.9415054092718
 30
0.0
 10
68.43069136154579
 20
147.0420361730047
 30
0.0
 10
68.40350783907584
 20
147.1384536744572
 30
0.0
 10
68.37948852494786
 20
147.2306663562366
 30
0.0
 10
68.35845387259297
 20
147.3185881158098
 30
0.0
 10
68.34022219558495
 20
147.4021383595951
 30
0.0
 10
68.3246098147529
 20
147.4812420534775
 30
0.0
 10
68.31143121360788
 20
147.5558297690788
 30
0.0
 10
68.30049917049705
 20
147.625837727937
 30
0.0
 10
68.29162497398716
 20
147.6912078361947
 30
0.0
 10
68.28461836322095
 20
147.7518877345628
 30
0.0
 10
68.27928838739409
 20
147.8078307808815
 30
0.0
 10
68.27544123879538
 20
147.8589962383457
 30
0.0
 10
68.27288795549357
 20
147.9053487767572
 30
0.0
 10
68.2479422655678
 20
148.6109540579626
 30
0.0
 10
68.60403603078741
 20
149.309158868739
 30
0.0
 10
67.8092662753848
 20
149.9242798532401
 30
0.0
  0
SPLINE
  5
EF
330
1F
100
AcDbEntity
  8
0
  6
Continuous
 62
     7
370
    30
100
AcDbSpline
210
0.0
220
0.0
230
1.0
 70
     8
 71
     3
 72
    36
 73
    32
 74
     0
 42
0.00000001
 43
0.0000000001
 40
0.0
 40
0.0
 40
0.0
 40
0.0
 40
0.2191232185722415
 40
0.2236064693373422
 40
0.2286171613497137
 40
0.234155294611084
 40
0.2402208691227308
 40
0.2468138848856243
 40
0.2539343419005202
 40
0.2615822401680163
 40
0.2697575796885965
 40
0.2784603604626552
 40
0.2876905824905197
 40
0.2974482457724647
 40
0.3077333503087222
 40
0.3185458960994902
 40
0.329885883144939
 40
0.3417533114452166
 40
0.3541481810004518
 40
0.3670704918107577
 40
0.3805202438762341
 40
0.3944974371969694
 40
0.4090020717730426
 40
0.4240341476045241
 40
0.4395936646914776
 40
0.4556806230339598
 40
0.4722950226320225
 40
0.4894368634857128
 40
0.5071061455950733
 40
0.5253028689601433
 40
0.5369936693187541
 40
0.5369936693187541
 40
0.5369936693187541
 40
0.5369936693187541
 10
72.04174396582771
 20
149.9242798532401
 30
0.0
 10
71.24697421042516
 20
149.3091588687397
 30
0.0
 10
71.60306797564472
 20
148.6109540579626
 30
0.0
 10
71.57812228571896
 20
147.9053487767572
 30
0.0
 10
71.57556900241715
 20
147.8589962383457
 30
0.0
 10
71.57172185381843
 20
147.8078307808815
 30
0.0
 10
71.56639187799159
 20
147.7518877345628
 30
0.0
 10
71.55938526722538
 20
147.6912078361947
 30
0.0
 10
71.55051107071549
 20
147.625837727937
 30
0.0
 10
71.53957902760467
 20
147.5558297690788
 30
0.0
 10
71.52640042645964
 20
147.4812420534775
 30
0.0
 10
71.51078804562759
 20
147.4021383595951
 30
0.0
 10
71.49255636861957
 20
147.3185881158098
 30
0.0
 10
71.47152171626469
 20
147.2306663562366
 30
0.0
 10
71.44750240213671
 20
147.1384536744573
 30
0.0
 10
71.42031887966675
 20
147.0420361730047
 30
0.0
 10
71.38979389010902
 20
146.9415054092718
 30
0.0
 10
71.35575260856845
 20
146.8369583376862
 30
0.0
 10
71.31802278878918
 20
146.7284972482366
 30
0.0
 10
71.27643490638954
 20
146.6162297013713
 30
0.0
 10
71.23082230052247
 20
146.5002684593051
 30
0.0
 10
71.18102131385717
 20
146.3807314137756
 30
0.0
 10
71.12687143080187
 20
146.2577415102856
 30
0.0
 10
71.06821541388254
 20
146.1314266688753
 30
0.0
 10
71.00489943819443
 20
146.0019197014667
 30
0.0
 10
70.93677322384404
 20
145.8693582258273
 30
0.0
 10
70.86369016630051
 20
145.733884576199
 30
0.0
 10
70.78550746457593
 20
145.5956457106437
 30
0.0
 10
70.70208624715601
 20
145.4547931151549
 30
0.0
 10
70.62473193153683
 20
145.3299467305911
 30
0.0
 10
70.57485580767451
 20
145.2522853886301
 30
0.0
 10
70.55515801995163
 20
145.222029930635
 30
0.0
  0
ARC
  5
F0
330
1F
100
AcDbEntity
  8
0
  6
Continuous
 62
     7
370
    30
100
AcDbCircle
 10
69.92550512060617
 20
160.2088086781292
 30
0.0
 40
15.00000000000001
100
AcDbArc
 50
295.2865038994009
 51
300.0981114852172
  0
SPLINE
  5
F1
330
1F
100
AcDbEntity
  8
0
  6
Continuous
 62
     7
370
    30
100
AcDbSpline
210
0.0
220
0.0
230
1.0
 70
     8
 71
     3
 72
    36
 73
    32
 74
     0
 42
0.00000001
 43
0.0000000001
 40
0.4630063306812453
 40
0.4630063306812453
 40
0.4630063306812453
 40
0.4630063306812453
 40
0.4746971310398568
 40
0.4928938544049268
 40
0.5105631365142873
 40
0.5277049773679776
 40
0.5443193769660402
 40
0.5604063353085225
 40
0.575965852395476
 40
0.5909979282269575
 40
0.6055025628030306
 40
0.619479756123766
 40
0.6329295081892424
 40
0.6458518189995482
 40
0.6582466885547835
 40
0.670114116855061
 40
0.6814541039005098
 40
0.6922666496912778
 40
0.7025517542275353
 40
0.7123094175094803
 40
0.7215396395373448
 40
0.7302424203114036
 40
0.7384177598319837
 40
0.7460656580994798
 40
0.7531861151143758
 40
0.7597791308772692
 40
0.7658447053889159
 40
0.7713828386502863
 40
0.7763935306626577
 40
0.7808767814277586
 40
1.0
 40
1.0
 40
1.0
 40
1.0
 10
76.33267852506462
 20
146.6460608383587
 30
0.0
 10
76.30117658782224
 20
146.6636966975566
 30
0.0
 10
76.22092244823079
 20
146.7092838102657
 30
0.0
 10
76.09440959550288
 20
146.7838814508328
 30
0.0
 10
75.95508631090488
 20
146.8698324574623
 30
0.0
 10
75.82161616246043
 20
146.9559035808032
 30
0.0
 10
75.69394658460175
 20
147.0418961498595
 30
0.0
 10
75.57201942815028
 20
147.1276136768017
 30
0.0
 10
75.45577102726124
 20
147.2128620003949
 30
0.0
 10
75.34513226986279
 20
147.2974494276089
 30
0.0
 10
75.24002867154384
 20
147.3811868733293
 30
0.0
 10
75.14038045284235
 20
147.4638879980882
 30
0.0
 10
75.0461026198845
 20
147.5453693437342
 30
0.0
 10
74.95710504832273
 20
147.6254504669641
 30
0.0
 10
74.87329257052007
 20
147.7039540706376
 30
0.0
 10
74.79456506592383
 20
147.7807061327996
 30
0.0
 10
74.72081755457702
 20
147.8555360333364
 30
0.0
 10
74.65194029369193
 20
147.9282766781865
 30
0.0
 10
74.58781887728609
 20
147.9987646210579
 30
0.0
 10
74.52833433861042
 20
148.0668401824927
 30
0.0
 10
74.47336325602897
 20
148.1323475665264
 30
0.0
 10
74.422777859805
 20
148.1951349737826
 30
0.0
 10
74.37644614822175
 20
148.2550547146742
 30
0.0
 10
74.33423198406766
 20
148.3119633099375
 30
0.0
 10
74.29599526922878
 20
148.3657216214405
 30
0.0
 10
74.26159186865752
 20
148.416194868706
 30
0.0
 10
74.23087437950605
 20
148.4632530128891
 30
0.0
 10
74.20369012490589
 20
148.506769916406
 30
0.0
 10
74.17988820613821
 20
148.5466264809317
 30
0.0
 10
73.82988877018679
 20
149.1598160887565
 30
0.0
 10
73.8207221858978
 20
149.9435307697164
 30
0.0
 10
72.83112754186159
 20
150.1188454301735
 30
0.0
  0
SPLINE
  5
F2
330
1F
100
AcDbEntity
  8
0
  6
Continuous
 62
     7
370
    30
100
AcDbSpline
210
0.0
220
0.0
230
1.0
 70
     8
 71
     3
 72
    36
 73
    32
 74
     0
 42
0.00000001
 43
0.0000000001
 40
0.0
 40
0.0
 40
0.0
 40
0.0
 40
0.2191232185722415
 40
0.2236064693373422
 40
0.2286171613497137
 40
0.234155294611084
 40
0.2402208691227308
 40
0.2468138848856243
 40
0.2539343419005202
 40
0.2615822401680163
 40
0.2697575796885965
 40
0.2784603604626552
 40
0.2876905824905197
 40
0.2974482457724647
 40
0.3077333503087222
 40
0.3185458960994902
 40
0.329885883144939
 40
0.3417533114452166
 40
0.3541481810004518
 40
0.3670704918107577
 40
0.3805202438762341
 40
0.3944974371969694
 40
0.4090020717730426
 40
0.4240341476045241
 40
0.4395936646914776
 40
0.4556806230339598
 40
0.4722950226320225
 40
0.4894368634857128
 40
0.5071061455950733
 40
0.5253028689601433
 40
0.5369936693187545
 40
0.5369936693187545
 40
0.5369936693187545
 40
0.5369936693187545
 10
76.57880041630703
 20
152.0857758880806
 30
0.0
 10
76.16092772248666
 20
151.1717653840739
 30
0.0
 10
76.8007050469984
 20
150.719020751349
 30
0.0
 10
77.1065278600321
 20
150.082645463222
 30
0.0
 10
77.12580813863024
 20
150.040415758866
 30
0.0
 10
77.14617943141374
 20
149.9933231371489
 30
0.0
 10
77.16745800214027
 20
149.9413110664195
 30
0.0
 10
77.18945331126686
 20
149.8843255503929
 30
0.0
 10
77.21197460456069
 20
149.8223191493871
 30
0.0
 10
77.23482908182444
 20
149.755249806621
 30
0.0
 10
77.25782264982061
 20
149.6830812630749
 30
0.0
 10
77.28075989267948
 20
149.6057829855319
 30
0.0
 10
77.30344427873195
 20
149.5233302359565
 30
0.0
 10
77.32567829805728
 20
149.4357040937912
 30
0.0
 10
77.34726362160978
 20
149.3428914872161
 30
0.0
 10
77.36800125495586
 20
149.244885216787
 30
0.0
 10
77.38769169442888
 20
149.1416839763024
 30
0.0
 10
77.406135083303
 20
149.0332923694644
 30
0.0
 10
77.42313136856494
 20
148.919720922734
 30
0.0
 10
77.43848045799684
 20
148.8009860942494
 30
0.0
 10
77.45198237753325
 20
148.677110278836
 30
0.0
 10
77.4634374287822
 20
148.5481218090891
 30
0.0
 10
77.47264634662169
 20
148.4140549525301
 30
0.0
 10
77.47941045677606
 20
148.2749499048317
 30
0.0
 10
77.4835318332788
 20
148.1308527791129
 30
0.0
 10
77.48481345572729
 20
147.9818155913062
 30
0.0
 10
77.48305936623578
 20
147.8278962416013
 30
0.0
 10
77.47807482599249
 20
147.6691584919715
 30
0.0
 10
77.46966647132687
 20
147.5056719397919
 30
0.0
 10
77.45919163430425
 20
147.3591776133731
 30
0.0
 10
77.45111954507544
 20
147.2672333196828
 30
0.0
 10
77.44773843265531
 20
147.2312894236993
 30
0.0
  0
ARC
  5
F3
330
1F
100
AcDbEntity
  8
0
  6
Continuous
 62
     7
370
    30
100
AcDbCircle
 10
69.92550512060617
 20
160.2088086781292
 30
0.0
 40
15.0000000000001
100
AcDbArc
 50
73.74804236093891
 51
78.55964994675405
  0
SPLINE
  5
F4
330
1F
100
AcDbEntity
  8
0
  6
Continuous
 62
     7
370
    30
100
AcDbSpline
210
0.0
220
0.0
230
1.0
 70
     8
 71
     3
 72
    36
 73
    32
 74
     0
 42
0.00000001
 43
0.0000000001
 40
0.4630063306812357
 40
0.4630063306812357
 40
0.4630063306812357
 40
0.4630063306812357
 40
0.4746971310398568
 40
0.4928938544049268
 40
0.5105631365142873
 40
0.5277049773679776
 40
0.5443193769660402
 40
0.5604063353085225
 40
0.575965852395476
 40
0.5909979282269575
 40
0.6055025628030306
 40
0.619479756123766
 40
0.6329295081892424
 40
0.6458518189995482
 40
0.6582466885547835
 40
0.670114116855061
 40
0.6814541039005098
 40
0.6922666496912778
 40
0.7025517542275353
 40
0.7123094175094803
 40
0.7215396395373448
 40
0.7302424203114036
 40
0.7384177598319837
 40
0.7460656580994798
 40
0.7531861151143758
 40
0.7597791308772692
 40
0.7658447053889159
 40
0.7713828386502863
 40
0.7763935306626577
 40
0.7808767814277586
 40
1.0
 40
1.0
 40
1.0
 40
1.0
 10
74.12343236253116
 20
174.6094130707062
 30
0.0
 10
74.13531716331366
 20
174.5753227921794
 30
0.0
 10
74.16515840202186
 20
174.4879820099578
 30
0.0
 10
74.21038724635913
 20
174.3482513350025
 30
0.0
 10
74.25767616235667
 20
174.1915276558868
 30
0.0
 10
74.3005042909197
 20
174.0385954153267
 30
0.0
 10
74.33904272117985
 20
173.8895684632791
 30
0.0
 10
74.37346527395397
 20
173.7445553129583
 30
0.0
 10
74.40394835652544
 20
173.6036590778715
 30
0.0
 10
74.43067081601457
 20
173.4669774125311
 30
0.0
 10
74.45381379142734
 20
173.334602456877
 30
0.0
 10
74.47356056447191
 20
173.2066207844349
 30
0.0
 10
74.49009640923332
 20
173.0831133542392
 30
0.0
 10
74.50360844079731
 20
172.964155466545
 30
0.0
 10
74.514285462914
 20
172.849816722351
 30
0.0
 10
74.52231781479468
 20
172.7401609867539
 30
0.0
 10
74.5278972171287
 20
172.6352463561545
 30
0.0
 10
74.53121661743065
 20
172.5351251293249
 30
0.0
 10
74.53247003474761
 20
172.4398437823721
 30
0.0
 10
74.53185240403644
 20
172.3494429475394
 30
0.0
 10
74.52955941955244
 20
172.2639573960979
 30
0.0
 10
74.5257873799228
 20
172.1834160245046
 30
0.0
 10
74.52073302616288
 20
172.1078418466737
 30
0.0
 10
74.5145934027895
 20
172.0372519827065
 30
0.0
 10
74.50756564039479
 20
171.9716576767567
 30
0.0
 10
74.49984700159925
 20
171.911064234244
 30
0.0
 10
74.49163405072339
 20
171.8554712444733
 30
0.0
 10
74.48312471273412
 20
171.8048718792911
 30
0.0
 10
74.47451091374219
 20
171.759255220714
 30
0.0
 10
74.32986933065923
 20
171.0681836522394
 30
0.0
 10
73.81703165498308
 20
170.4754862203007
 30
0.0
 10
74.44149875870587
 20
169.6880386817025
 30
0.0
  0
SPLINE
  5
F5
330
1F
100
AcDbEntity
  8
0
  6
Continuous
 62
     7
370
    30
100
AcDbSpline
210
0.0
220
0.0
230
1.0
 70
     8
 71
     3
 72
    36
 73
    32
 74
     0
 42
0.00000001
 43
0.0000000001
 40
0.0
 40
0.0
 40
0.0
 40
0.0
 40
0.2191232185722415
 40
0.2236064693373422
 40
0.2286171613497137
 40
0.234155294611084
 40
0.2402208691227308
 40
0.2468138848856243
 40
0.2539343419005202
 40
0.2615822401680163
 40
0.2697575796885965
 40
0.2784603604626552
 40
0.2876905824905197
 40
0.2974482457724647
 40
0.3077333503087222
 40
0.3185458960994902
 40
0.329885883144939
 40
0.3417533114452166
 40
0.3541481810004518
 40
0.3670704918107577
 40
0.3805202438762341
 40
0.3944974371969694
 40
0.4090020717730426
 40
0.4240341476045241
 40
0.4395936646914776
 40
0.4556806230339598
 40
0.4722950226320225
 40
0.4894368634857128
 40
0.5071061455950733
 40
0.5253028689601433
 40
0.5369936693187651
 40
0.5369936693187651
 40
0.5369936693187651
 40
0.5369936693187651
 10
70.33200917773214
 20
170.700936891773
 30
0.0
 10
71.25089245550089
 20
171.107982726431
 30
0.0
 10
71.07223747602441
 20
171.8711177903147
 30
0.0
 10
71.26532068613435
 20
172.5502495700778
 30
0.0
 10
71.27889266418518
 20
172.594644147276
 30
0.0
 10
71.29487271707915
 20
172.6434021466132
 30
0.0
 10
71.31343586078732
 20
172.6964440429726
 30
0.0
 10
71.33476052236554
 20
172.7536839020654
 30
0.0
 10
71.35902094173528
 20
172.8150307395497
 30
0.0
 10
71.38638932072105
 20
172.8803881851987
 30
0.0
 10
71.41703498437475
 20
172.9496546716548
 30
0.0
 10
71.45112445084325
 20
173.0227234686682
 30
0.0
 10
71.48882123054502
 20
173.0994827683213
 30
0.0
 10
71.53028570842896
 20
173.1798157595512
 30
0.0
 10
71.57567500413748
 20
173.2636007102715
 30
0.0
 10
71.62514284125759
 20
173.350711051626
 30
0.0
 10
71.67883941659972
 20
173.4410154659186
 30
0.0
 10
71.7369112722521
 20
173.5343779777055
 30
0.0
 10
71.79950116971069
 20
173.6306580481317
 30
0.0
 10
71.86674796638671
 20
173.7297106724203
 30
0.0
 10
71.9387864945015
 20
173.8313864804701
 30
0.0
 10
72.01574744246179
 20
173.9355318405002
 30
0.0
 10
72.09775723878329
 20
174.0419889656854
 30
0.0
 10
72.1849379386354
 20
174.1505960237187
 30
0.0
 10
72.27740711307737
 20
174.2611872492419
 30
0.0
 10
72.37527774105469
 20
174.3735930590773
 30
0.0
 10
72.47865810422331
 20
174.4876401701965
 30
0.0
 10
72.58765168466777
 20
174.6031517203587
 30
0.0
 10
72.70235706557743
 20
174.7199473913493
 30
0.0
 10
72.80734130082624
 20
174.8226538674487
 30
0.0
 10
72.87435369081618
 20
174.886122374242
 30
0.0
 10
72.90071970165556
 20
174.910784674461
 30
0.0
  0
ARC
  5
F6
330
1F
100
AcDbEntity
  8
0
  6
Continuous
 62
     7
370
    30
100
AcDbCircle
 10
69.92550512060617
 20
160.2088086781292
 30
0.0
 40
15.0
100
AcDbArc
 50
212.2095808224776
 51
217.0211884082938
  0
SPLINE
  5
F7
330
1F
100
AcDbEntity
  8
0
  6
Continuous
 62
     7
370
    30
100
AcDbSpline
210
0.0
220
0.0
230
1.0
 70
     8
 71
     3
 72
    36
 73
    32
 74
     0
 42
0.00000001
 43
0.0000000001
 40
0.4630063306812454
 40
0.4630063306812454
 40
0.4630063306812454
 40
0.4630063306812454
 40
0.4746971310398568
 40
0.4928938544049268
 40
0.5105631365142873
 40
0.5277049773679776
 40
0.5443193769660402
 40
0.5604063353085225
 40
0.575965852395476
 40
0.5909979282269575
 40
0.6055025628030306
 40
0.619479756123766
 40
0.6329295081892424
 40
0.6458518189995482
 40
0.6582466885547835
 40
0.670114116855061
 40
0.6814541039005098
 40
0.6922666496912778
 40
0.7025517542275353
 40
0.7123094175094803
 40
0.7215396395373448
 40
0.7302424203114036
 40
0.7384177598319837
 40
0.7460656580994798
 40
0.7531861151143758
 40
0.7597791308772692
 40
0.7658447053889159
 40
0.7713828386502863
 40
0.7763935306626577
 40
0.7808767814277586
 40
1.0
 40
1.0
 40
1.0
 40
1.0
 10
57.23394439490533
 20
152.2135421818923
 30
0.0
 10
57.24765452989659
 20
152.2469402024653
 30
0.0
 10
57.28323569366441
 20
152.3321041182492
 30
0.0
 10
57.34203999416473
 20
152.4666863017885
 30
0.0
 10
57.41057075497566
 20
152.6153540117811
 30
0.0
 10
57.47992627431315
 20
152.7582257400425
 30
0.0
 10
57.54990299363712
 20
152.8953297217358
 30
0.0
 10
57.62029884862675
 20
153.026699998076
 30
0.0
 10
57.69091341963155
 20
153.1523763671616
 30
0.0
 10
57.76154808073963
 20
153.2724043311179
 30
0.0
 10
57.83200614737634
 20
153.386835039589
 30
0.0
 10
57.90209302234674
 20
153.4957252296138
 30
0.0
 10
57.97161634023659
 20
153.5991371619288
 30
0.0
 10
58.04038611008779
 20
153.6971385537365
 30
0.0
 10
58.10821485626484
 20
153.7898025079863
 30
0.0
 10
58.17491775742952
 20
153.8772074392103
 30
0.0
 10
58.24031278354556
 20
153.9594369959615
 30
0.0
 10
58.30422083082367
 20
154.0365799799155
 30
0.0
 10
58.36646585456211
 20
154.1087302616331
 30
0.0
 10
58.42687499968922
 20
154.1759866932299
 30
0.0
 10
58.48527872933399
 20
154.2384530173309
 30
0.0
 10
58.5415109499686
 20
154.2962377746947
 30
0.0
 10
58.59540913778057
 20
154.3494542025844
 30
0.0
 10
58.64681445010406
 20
154.3982201511038
 30
0.0
 10
58.69557187631901
 20
154.4426579256454
 30
0.0
 10
58.74153024508968
 20
154.4828943643588
 30
0.0
 10
58.78454269825073
 20
154.5190601209083
 30
0.0
 10
58.82446561474046
 20
154.5512915547705
 30
0.0
 10
58.86116257576422
 20
154.579724108726
 30
0.0
 10
59.42769357085581
 20
155.0010834944186
 30
0.0
 10
60.20458917976618
 20
155.1046496098977
 30
0.0
 10
60.25934314577083
 20
156.1081608419639
 30
0.0
  0
SPLINE
  5
F8
330
1F
100
AcDbEntity
  8
0
  6
Continuous
 62
     7
370
    30
100
AcDbSpline
210
0.0
220
0.0
230
1.0
 70
     8
 71
     3
 72
    36
 73
    32
 74
     0
 42
0.00000001
 43
0.0000000001
 40
0.0
 40
0.0
 40
0.0
 40
0.0
 40
0.2191232185722415
 40
0.2236064693373422
 40
0.2286171613497137
 40
0.234155294611084
 40
0.2402208691227308
 40
0.2468138848856243
 40
0.2539343419005202
 40
0.2615822401680163
 40
0.2697575796885965
 40
0.2784603604626552
 40
0.2876905824905197
 40
0.2974482457724647
 40
0.3077333503087222
 40
0.3185458960994902
 40
0.329885883144939
 40
0.3417533114452166
 40
0.3541481810004518
 40
0.3670704918107577
 40
0.3805202438762341
 40
0.3944974371969694
 40
0.4090020717730426
 40
0.4240341476045241
 40
0.4395936646914776
 40
0.4556806230339598
 40
0.4722950226320225
 40
0.4894368634857128
 40
0.5071061455950733
 40
0.5253028689601433
 40
0.5369936693187541
 40
0.5369936693187541
 40
0.5369936693187541
 40
0.5369936693187541
 10
62.66366451303756
 20
152.6248999899746
 30
0.0
 10
61.70594918740876
 20
152.9295541295019
 30
0.0
 10
61.33362220760186
 20
152.2398691669803
 30
0.0
 10
60.73874967845083
 20
151.8595695819527
 30
0.0
 10
60.69915185696273
 20
151.8353396499221
 30
0.0
 10
60.65485808148427
 20
151.8094404985127
 30
0.0
 10
60.60579008558689
 20
151.7820477101855
 30
0.0
 10
60.55187129967552
 20
151.7533439267024
 30
0.0
 10
60.49303163707489
 20
151.7235127932617
 30
0.0
 10
60.42920610814941
 20
151.6927406349452
 30
0.0
 10
60.36033532289398
 20
151.6612157592903
 30
0.0
 10
60.28636541593291
 20
151.6291284769924
 30
0.0
 10
60.20724814032408
 20
151.596670904943
 30
0.0
 10
60.12294090627184
 20
151.5640368323717
 30
0.0
 10
60.03340683133987
 20
151.5314215666484
 30
0.0
 10
59.93861478244745
 20
151.4990217835162
 30
0.0
 10
59.83853941540726
 20
151.4670353745902
 30
0.0
 10
59.73316121028906
 20
151.4356612943306
 30
0.0
 10
59.62246650307776
 20
151.4050994059637
 30
0.0
 10
59.50644751346167
 20
151.3755503266191
 30
0.0
 10
59.3851023687726
 20
151.3472152717241
 30
0.0
 10
59.25843512404822
 20
151.3202958987616
 30
0.0
 10
59.12645577820484
 20
151.2949941504796
 30
0.0
 10
58.98918028630568
 20
151.2715120976477
 30
0.0
 10
58.84663056791429
 20
151.2500517814514
 30
0.0
 10
58.69883451152325
 20
151.2308150556207
 30
0.0
 10
58.54582597505165
 20
151.2140034283844
 30
0.0
 10
58.3876447824063
 20
151.1998179043457
 30
0.0
 10
58.22433671610404
 20
151.1884588263727
 30
0.0
 10
58.0776478961822
 20
151.181199350257
 30
0.0
 10
57.98540099707483
 20
151.1781299249371
 30
0.0
 10
57.94931162449564
 20
151.1771538273436
 30
0.0
  0
SPLINE
  5
F9
330
1F
100
AcDbEntity
  8
0
  6
Continuous
 62
     7
370
    30
100
AcDbSpline
210
0.0
220
0.0
230
1.0
 70
     8
 71
     3
 72
    36
 73
    32
 74
     0
 42
0.00000001
 43
0.0000000001
 40
0.4630063306812459
 40
0.4630063306812459
 40
0.4630063306812459
 40
0.4630063306812459
 40
0.4746971310398568
 40
0.4928938544049268
 40
0.5105631365142873
 40
0.5277049773679776
 40
0.5443193769660402
 40
0.5604063353085225
 40
0.575965852395476
 40
0.5909979282269575
 40
0.6055025628030306
 40
0.619479756123766
 40
0.6329295081892424
 40
0.6458518189995482
 40
0.6582466885547835
 40
0.670114116855061
 40
0.6814541039005098
 40
0.6922666496912778
 40
0.7025517542275353
 40
0.7123094175094803
 40
0.7215396395373448
 40
0.7302424203114036
 40
0.7384177598319837
 40
0.7460656580994798
 40
0.7531861151143758
 40
0.7597791308772692
 40
0.7658447053889159
 40
0.7713828386502863
 40
0.7763935306626577
 40
0.7808767814277586
 40
1.0
 40
1.0
 40
1.0
 40
1.0
 10
54.97210059362427
 20
159.0274141409669
 30
0.0
 10
54.99976114932545
 20
159.0506152021058
 30
0.0
 10
55.07084435027017
 20
159.1094887132137
 30
0.0
 10
55.18545643171747
 20
159.2013275975158
 30
0.0
 10
55.31522673658836
 20
159.3011184846022
 30
0.0
 10
55.44303380185104
 20
159.3953940003415
 30
0.0
 10
55.56871050690426
 20
159.4842737440994
 30
0.0
 10
55.69209375241893
 20
159.5678817618471
 30
0.0
 10
55.81302457070641
 20
159.6463464327062
 30
0.0
 10
55.93134823314827
 20
159.7198003528719
 30
0.0
 10
56.04691435462752
 20
159.7883802169839
 30
0.0
 10
56.15957699490206
 20
159.852226697021
 30
0.0
 10
56.26919475686357
 20
159.9114843187929
 30
0.0
 10
56.37563088162674
 20
159.9663013361056
 30
0.0
 10
56.47875334039476
 20
160.0168296026777
 30
0.0
 10
56.57843492305029
 20
160.063224441888
 30
0.0
 10
56.67455332342164
 20
160.1056445144276
 30
0.0
 10
56.76699122117581
 20
160.1442516839564
 30
0.0
 10
56.85563636029558
 20
160.1792108807801
 30
0.0
 10
56.94038162408496
 20
160.2106899638575
 30
0.0
 10
57.02112510670167
 20
160.2388595804335
 30
0.0
 10
57.09777018103634
 20
160.2638930260878
 30
0.0
 10
57.17022556337997
 20
160.2859660960191
 30
0.0
 10
57.23840537321105
 20
160.3052569591794
 30
0.0
 10
57.30222919359196
 20
160.3219459486426
 30
0.0
 10
57.36162211357977
 20
160.3362156268351
 30
0.0
 10
57.41651481451238
 20
160.3482499302237
 30
0.0
 10
57.46684349566383
 20
160.3582363431641
 30
0.0
 10
57.51255030758901
 20
160.3663581912574
 30
0.0
 10
58.21000406120163
 20
160.4761733171844
 30
0.0
 10
58.94604053311656
 20
160.2068351664692
 30
0.0
 10
59.46087768519113
 20
161.0699547969492
 30
0.0
  0
SPLINE
  5
FA
330
1F
100
AcDbEntity
  8
0
  6
Continuous
 62
     7
370
    30
100
AcDbSpline
210
0.0
220
0.0
230
1.0
 70
     8
 71
     3
 72
    36
 73
    32
 74
     0
 42
0.00000001
 43
0.0000000001
 40
0.0
 40
0.0
 40
0.0
 40
0.0
 40
0.2191232185722415
 40
0.2236064693373422
 40
0.2286171613497137
 40
0.234155294611084
 40
0.2402208691227308
 40
0.2468138848856243
 40
0.2539343419005202
 40
0.2615822401680163
 40
0.2697575796885965
 40
0.2784603604626552
 40
0.2876905824905197
 40
0.2974482457724647
 40
0.3077333503087222
 40
0.3185458960994902
 40
0.329885883144939
 40
0.3417533114452166
 40
0.3541481810004518
 40
0.3670704918107577
 40
0.3805202438762341
 40
0.3944974371969694
 40
0.4090020717730426
 40
0.4240341476045241
 40
0.4395936646914776
 40
0.4556806230339598
 40
0.4722950226320225
 40
0.4894368634857128
 40
0.5071061455950733
 40
0.5253028689601433
 40
0.5369936693187546
 40
0.5369936693187546
 40
0.5369936693187546
 40
0.5369936693187546
 10
59.97104649525185
 20
156.8683366342245
 30
0.0
 10
59.26461152741079
 20
157.5831669818503
 30
0.0
 10
58.61441977613359
 20
157.1455102510765
 30
0.0
 10
57.91095228122031
 20
157.0852227406692
 30
0.0
 10
57.86462994070924
 20
157.0821702265595
 30
0.0
 10
57.8133738145167
 20
157.0798220107269
 30
0.0
 10
57.75719619840008
 20
157.0783699359423
 30
0.0
 10
57.69611417120908
 20
157.0780113071197
 30
0.0
 10
57.6301510184537
 20
157.0789413049083
 30
0.0
 10
57.55933578425263
 20
157.0813551141642
 30
0.0
 10
57.48370339224415
 20
157.0854470728427
 30
0.0
 10
57.40329458879672
 20
157.0914107251839
 30
0.0
 10
57.31815593453595
 20
157.0994386037191
 30
0.0
 10
57.22833977641619
 20
157.1097220927542
 30
0.0
 10
57.13390422052243
 20
157.1224512684997
 30
0.0
 10
57.03491309965592
 20
157.1378147469412
 30
0.0
 10
56.93143593747232
 20
157.155999530433
 30
0.0
 10
56.82354790867972
 20
157.1771908557647
 30
0.0
 10
56.71132979546605
 20
157.2015720430186
 30
0.0
 10
56.5948679401363
 20
157.2293243455321
 30
0.0
 10
56.47425419399674
 20
157.2606268009901
 30
0.0
 10
56.34958586251006
 20
157.2956560837559
 30
0.0
 10
56.22096564675142
 20
157.3345863585247
 30
0.0
 10
56.08850158119663
 20
157.3775891353891
 30
0.0
 10
55.95230696787601
 20
157.4248331264056
 30
0.0
 10
55.81250030692903
 20
157.4764841037466
 30
0.0
 10
55.66920522359739
 20
157.532704759528
 30
0.0
 10
55.52255039169616
 20
157.5936545673947
 30
0.0
 10
55.37266945360396
 20
157.6594896459499
 30
0.0
 10
55.23940930734035
 20
157.7212313927776
 30
0.0
 10
55.15630230160689
 20
157.7613828231972
 30
0.0
 10
55.12389313402472
 20
157.7772900994035
 30
0.0
  0
ARC
  5
FB
330
1F
100
AcDbEntity
  8
0
  6
Continuous
 62
     7
370
    30
100
AcDbCircle
 10
69.92550512060617
 20
160.2088086781292
 30
0.0
 40
14.99999999999999
100
AcDbArc
 50
184.5172731301698
 51
189.328880715986
  0
SPLINE
  5
FC
330
1F
100
AcDbEntity
  8
0
  6
Continuous
 62
     7
370
    30
100
AcDbSpline
210
0.0
220
0.0
230
1.0
 70
     8
 71
     3
 72
    36
 73
    32
 74
     0
 42
0.00000001
 43
0.0000000001
 40
0.0
 40
0.0
 40
0.0
 40
0.0
 40
0.2191232185722415
 40
0.2236064693373422
 40
0.2286171613497137
 40
0.234155294611084
 40
0.2402208691227308
 40
0.2468138848856243
 40
0.2539343419005202
 40
0.2615822401680163
 40
0.2697575796885965
 40
0.2784603604626552
 40
0.2876905824905197
 40
0.2974482457724647
 40
0.3077333503087222
 40
0.3185458960994902
 40
0.329885883144939
 40
0.3417533114452166
 40
0.3541481810004518
 40
0.3670704918107577
 40
0.3805202438762341
 40
0.3944974371969694
 40
0.4090020717730426
 40
0.4240341476045241
 40
0.4395936646914776
 40
0.4556806230339598
 40
0.4722950226320225
 40
0.4894368634857128
 40
0.5071061455950733
 40
0.5253028689601433
 40
0.5369936693187539
 40
0.5369936693187539
 40
0.5369936693187539
 40
0.5369936693187539
 10
78.79127798357903
 20
165.8344705540487
 30
0.0
 10
79.64825533464292
 20
165.3094728307785
 30
0.0
 10
80.17481558404837
 20
165.890013123236
 30
0.0
 10
80.84341384645824
 20
166.1168995790088
 30
0.0
 10
80.8876596294996
 20
166.130949054297
 30
0.0
 10
80.93686438098732
 20
166.1454954291337
 30
0.0
 10
80.99106207343661
 20
166.1603494927832
 30
0.0
 10
81.0502833424346
 20
166.1753155864172
 30
0.0
 10
81.1145522888926
 20
166.1901986283943
 30
0.0
 10
81.18388742345478
 20
166.204802154863
 30
0.0
 10
81.25830134541715
 20
166.2189291172021
 30
0.0
 10
81.33780081059509
 20
166.2323818439709
 30
0.0
 10
81.4223866873807
 20
166.2449622545969
 30
0.0
 10
81.51205395118934
 20
166.2564719986079
 30
0.0
 10
81.60679167260784
 20
166.2667126173663
 30
0.0
 10
81.70658301246003
 20
166.275485699535
 30
0.0
 10
81.81140521991393
 20
166.2825930386085
 30
0.0
 10
81.92122963476721
 20
166.2878367899565
 30
0.0
 10
82.03602169358278
 20
166.2910196280021
 30
0.0
 10
82.15574093976901
 20
166.2919449032342
 30
0.0
 10
82.28034103757407
 20
166.2904167990215
 30
0.0
 10
82.40976978999784
 20
166.2862404881151
 30
0.0
 10
82.54396916061146
 20
166.2792222887533
 30
0.0
 10
82.6828752992764
 20
166.2691698202726
 30
0.0
 10
82.82641857175125
 20
166.2558921581319
 30
0.0
 10
82.97452359317285
 20
166.239199988257
 30
0.0
 10
83.1271092653961
 20
166.2189057606123
 30
0.0
 10
83.28408881817439
 20
166.1948238419079
 30
0.0
 10
83.44536985416104
 20
166.1667706673486
 30
0.0
 10
83.58953346992104
 20
166.1387142638988
 30
0.0
 10
83.67983440335168
 20
166.119618369359
 30
0.0
 10
83.71510867979747
 20
166.1119293511579
 30
0.0
  0
SPLINE
  5
FD
330
1F
100
AcDbEntity
  8
0
  6
Continuous
 62
     7
370
    30
100
AcDbSpline
210
0.0
220
0.0
230
1.0
 70
     8
 71
     3
 72
    36
 73
    32
 74
     0
 42
0.00000001
 43
0.0000000001
 40
0.4630063306812464
 40
0.4630063306812464
 40
0.4630063306812464
 40
0.4630063306812464
 40
0.4746971310398568
 40
0.4928938544049268
 40
0.5105631365142873
 40
0.5277049773679776
 40
0.5443193769660402
 40
0.5604063353085225
 40
0.575965852395476
 40
0.5909979282269575
 40
0.6055025628030306
 40
0.619479756123766
 40
0.6329295081892424
 40
0.6458518189995482
 40
0.6582466885547835
 40
0.670114116855061
 40
0.6814541039005098
 40
0.6922666496912778
 40
0.7025517542275353
 40
0.7123094175094803
 40
0.7215396395373448
 40
0.7302424203114036
 40
0.7384177598319837
 40
0.7460656580994798
 40
0.7531861151143758
 40
0.7597791308772692
 40
0.7658447053889159
 40
0.7713828386502863
 40
0.7763935306626577
 40
0.7808767814277586
 40
1.0
 40
1.0
 40
1.0
 40
1.0
 10
84.1616646702942
 20
164.9344579748742
 30
0.0
 10
84.14036025742934
 20
164.9053114901436
 30
0.0
 10
84.08543195853534
 20
164.8311374128164
 30
0.0
 10
83.9961287794801
 20
164.7145387331748
 30
0.0
 10
83.89401088625374
 20
164.5865915211896
 30
0.0
 10
83.79247926970291
 20
164.464469247875
 30
0.0
 10
83.69172481620957
 20
164.348095783783
 30
0.0
 10
83.59193557187667
 20
164.2373897197174
 30
0.0
 10
83.49329660821558
 20
164.1322644504784
 30
0.0
 10
83.39598989005873
 20
164.0326282618575
 30
0.0
 10
83.3001941457735
 20
163.9383844208268
 30
0.0
 10
83.20608473985185
 20
163.8494312688656
 30
0.0
 10
83.11383354794918
 20
163.7656623183645
 30
0.0
 10
83.02360883444428
 20
163.6869663520472
 30
0.0
 10
82.93557513259063
 20
163.6132275253473
 30
0.0
 10
82.84989312732831
 20
163.5443254716747
 30
0.0
 10
82.76671954082258
 20
163.4801354105126
 30
0.0
 10
82.68620702080017
 20
163.4205282582583
 30
0.0
 10
82.60850403172806
 20
163.3653707418042
 30
0.0
 10
82.53375474896399
 20
163.3145255145712
 30
0.0
 10
82.46209895571041
 20
163.2678512756774
 30
0.0
 10
82.39367194361532
 20
163.2252028895786
 30
0.0
 10
82.32860441439376
 20
163.1864315149866
 30
0.0
 10
82.26702239165652
 20
163.1513847127692
 30
0.0
 10
82.20904711210046
 20
163.119906635037
 30
0.0
 10
82.15479499994106
 20
163.0918379516579
 30
0.0
 10
82.10437737844385
 20
163.067016660066
 30
0.0
 10
82.05790106234466
 20
163.0452759923735
 30
0.0
 10
82.01546609277697
 20
163.0264517943667
 30
0.0
 10
81.36455955748374
 20
162.7529160880627
 30
0.0
 10
80.5854541292944
 20
162.838282704404
 30
0.0
 10
80.29213525690863
 20
161.877035166681
 30
0.0
  0
ARC
  5
FE
330
1F
100
AcDbEntity
  8
0
  6
Continuous
 62
     7
370
    30
100
AcDbCircle
 10
69.92550512060617
 20
160.2088086781292
 30
0.0
 40
15.0
100
AcDbArc
 50
18.36342697632329
 51
23.17503456213958
  0
ARC
  5
FF
330
1F
100
AcDbEntity
  8
0
  6
Continuous
 62
     7
370
    30
100
AcDbCircle
 10
69.92550512060617
 20
160.2088086781292
 30
0.0
 40
15.00000000000002
100
AcDbArc
 50
350.6711192840163
 51
355.4827268698326
  0
SPLINE
  5
100
330
1F
100
AcDbEntity
  8
0
  6
Continuous
 62
     7
370
    30
100
AcDbSpline
210
0.0
220
0.0
230
1.0
 70
     8
 71
     3
 72
    36
 73
    32
 74
     0
 42
0.00000001
 43
0.0000000001
 40
0.0
 40
0.0
 40
0.0
 40
0.0
 40
0.2191232185722415
 40
0.2236064693373422
 40
0.2286171613497137
 40
0.234155294611084
 40
0.2402208691227308
 40
0.2468138848856243
 40
0.2539343419005202
 40
0.2615822401680163
 40
0.2697575796885965
 40
0.2784603604626552
 40
0.2876905824905197
 40
0.2974482457724647
 40
0.3077333503087222
 40
0.3185458960994902
 40
0.329885883144939
 40
0.3417533114452166
 40
0.3541481810004518
 40
0.3670704918107577
 40
0.3805202438762341
 40
0.3944974371969694
 40
0.4090020717730426
 40
0.4240341476045241
 40
0.4395936646914776
 40
0.4556806230339598
 40
0.4722950226320225
 40
0.4894368634857128
 40
0.5071061455950733
 40
0.5253028689601433
 40
0.536993669318754
 40
0.536993669318754
 40
0.536993669318754
 40
0.536993669318754
 10
80.39013255602121
 20
161.0699547969494
 30
0.0
 10
80.90496970809516
 20
160.2068351664695
 30
0.0
 10
81.64100618001075
 20
160.4761733171846
 30
0.0
 10
82.33845993362335
 20
160.3663581912576
 30
0.0
 10
82.38416674554853
 20
160.3582363431643
 30
0.0
 10
82.43449542669997
 20
160.3482499302239
 30
0.0
 10
82.4893881276326
 20
160.3362156268352
 30
0.0
 10
82.5487810476204
 20
160.3219459486428
 30
0.0
 10
82.6126048680013
 20
160.3052569591796
 30
0.0
 10
82.68078467783238
 20
160.2859660960192
 30
0.0
 10
82.75324006017603
 20
160.2638930260879
 30
0.0
 10
82.82988513451069
 20
160.2388595804337
 30
0.0
 10
82.91062861712738
 20
160.2106899638577
 30
0.0
 10
82.99537388091678
 20
160.1792108807803
 30
0.0
 10
83.08401902003655
 20
160.1442516839566
 30
0.0
 10
83.17645691779073
 20
160.1056445144278
 30
0.0
 10
83.27257531816208
 20
160.0632244418882
 30
0.0
 10
83.3722569008176
 20
160.0168296026779
 30
0.0
 10
83.47537935958563
 20
159.9663013361057
 30
0.0
 10
83.58181548434878
 20
159.9114843187931
 30
0.0
 10
83.6914332463103
 20
159.8522266970212
 30
0.0
 10
83.80409588658485
 20
159.7883802169841
 30
0.0
 10
83.91966200806409
 20
159.7198003528721
 30
0.0
 10
84.03798567050596
 20
159.6463464327064
 30
0.0
 10
84.15891648879343
 20
159.5678817618473
 30
0.0
 10
84.28229973430813
 20
159.4842737440996
 30
0.0
 10
84.40797643936132
 20
159.3953940003417
 30
0.0
 10
84.535783504624
 20
159.3011184846024
 30
0.0
 10
84.66555380949492
 20
159.201327597516
 30
0.0
 10
84.7801658909422
 20
159.1094887132139
 30
0.0
 10
84.85124909188693
 20
159.050615202106
 30
0.0
 10
84.87890964758811
 20
159.0274141409671
 30
0.0
  0
SPLINE
  5
101
330
1F
100
AcDbEntity
  8
0
  6
Continuous
 62
     7
370
    30
100
AcDbSpline
210
0.0
220
0.0
230
1.0
 70
     8
 71
     3
 72
    36
 73
    32
 74
     0
 42
0.00000001
 43
0.0000000001
 40
0.4630063306812455
 40
0.4630063306812455
 40
0.4630063306812455
 40
0.4630063306812455
 40
0.4746971310398568
 40
0.4928938544049268
 40
0.5105631365142873
 40
0.5277049773679776
 40
0.5443193769660402
 40
0.5604063353085225
 40
0.575965852395476
 40
0.5909979282269575
 40
0.6055025628030306
 40
0.619479756123766
 40
0.6329295081892424
 40
0.6458518189995482
 40
0.6582466885547835
 40
0.670114116855061
 40
0.6814541039005098
 40
0.6922666496912778
 40
0.7025517542275353
 40
0.7123094175094803
 40
0.7215396395373448
 40
0.7302424203114036
 40
0.7384177598319837
 40
0.7460656580994798
 40
0.7531861151143758
 40
0.7597791308772692
 40
0.7658447053889159
 40
0.7713828386502863
 40
0.7763935306626577
 40
0.7808767814277586
 40
1.0
 40
1.0
 40
1.0
 40
1.0
 10
84.72711710718767
 20
157.7772900994037
 30
0.0
 10
84.69470793960551
 20
157.7613828231974
 30
0.0
 10
84.61160093387205
 20
157.7212313927779
 30
0.0
 10
84.47834078760843
 20
157.6594896459501
 30
0.0
 10
84.32845984951624
 20
157.5936545673949
 30
0.0
 10
84.18180501761501
 20
157.5327047595282
 30
0.0
 10
84.03850993428337
 20
157.4764841037468
 30
0.0
 10
83.89870327333637
 20
157.4248331264058
 30
0.0
 10
83.76250866001578
 20
157.3775891353893
 30
0.0
 10
83.630044594461
 20
157.3345863585249
 30
0.0
 10
83.50142437870234
 20
157.2956560837561
 30
0.0
 10
83.37675604721566
 20
157.2606268009903
 30
0.0
 10
83.25614230107611
 20
157.2293243455322
 30
0.0
 10
83.13968044574634
 20
157.2015720430187
 30
0.0
 10
83.02746233253268
 20
157.1771908557648
 30
0.0
 10
82.9195743037401
 20
157.1559995304332
 30
0.0
 10
82.81609714155649
 20
157.1378147469414
 30
0.0
 10
82.71710602068997
 20
157.1224512684998
 30
0.0
 10
82.62267046479621
 20
157.1097220927543
 30
0.0
 10
82.53285430667645
 20
157.0994386037192
 30
0.0
 10
82.44771565241569
 20
157.0914107251841
 30
0.0
 10
82.36730684896825
 20
157.0854470728428
 30
0.0
 10
82.29167445695976
 20
157.0813551141644
 30
0.0
 10
82.22085922275871
 20
157.0789413049085
 30
0.0
 10
82.15489607000334
 20
157.0780113071199
 30
0.0
 10
82.09381404281232
 20
157.0783699359425
 30
0.0
 10
82.03763642669569
 20
157.079822010727
 30
0.0
 10
81.98638030050316
 20
157.0821702265596
 30
0.0
 10
81.94005795999208
 20
157.0852227406694
 30
0.0
 10
81.2365904650788
 20
157.1455102510767
 30
0.0
 10
80.58639871380226
 20
157.5831669818504
 30
0.0
 10
79.87996374596055
 20
156.8683366342247
 30
0.0
  0
ARC
  5
102
330
1F
100
AcDbEntity
  8
0
  6
Continuous
 62
     7
370
    30
100
AcDbCircle
 10
69.92550512060617
 20
160.2088086781292
 30
0.0
 40
15.00000000000001
100
AcDbArc
 50
239.9018885147853
 51
244.7134961006016
  0
SPLINE
  5
103
330
1F
100
AcDbEntity
  8
0
  6
Continuous
 62
     7
370
    30
100
AcDbSpline
210
0.0
220
0.0
230
1.0
 70
     8
 71
     3
 72
    36
 73
    32
 74
     0
 42
0.00000001
 43
0.0000000001
 40
0.4630063306812452
 40
0.4630063306812452
 40
0.4630063306812452
 40
0.4630063306812452
 40
0.4746971310398568
 40
0.4928938544049268
 40
0.5105631365142873
 40
0.5277049773679776
 40
0.5443193769660402
 40
0.5604063353085225
 40
0.575965852395476
 40
0.5909979282269575
 40
0.6055025628030306
 40
0.619479756123766
 40
0.6329295081892424
 40
0.6458518189995482
 40
0.6582466885547835
 40
0.670114116855061
 40
0.6814541039005098
 40
0.6922666496912778
 40
0.7025517542275353
 40
0.7123094175094803
 40
0.7215396395373448
 40
0.7302424203114036
 40
0.7384177598319837
 40
0.7460656580994798
 40
0.7531861151143758
 40
0.7597791308772692
 40
0.7658447053889159
 40
0.7713828386502863
 40
0.7763935306626577
 40
0.7808767814277586
 40
1.0
 40
1.0
 40
1.0
 40
1.0
 10
62.40327180855723
 20
147.2312894236992
 30
0.0
 10
62.3998906961371
 20
147.2672333196828
 30
0.0
 10
62.3918186069083
 20
147.359177613373
 30
0.0
 10
62.38134376988567
 20
147.5056719397918
 30
0.0
 10
62.37293541522005
 20
147.6691584919714
 30
0.0
 10
62.36795087497675
 20
147.8278962416012
 30
0.0
 10
62.36619678548525
 20
147.9818155913061
 30
0.0
 10
62.36747840793373
 20
148.1308527791128
 30
0.0
 10
62.37159978443648
 20
148.2749499048316
 30
0.0
 10
62.37836389459086
 20
148.41405495253
 30
0.0
 10
62.38757281243032
 20
148.548121809089
 30
0.0
 10
62.39902786367927
 20
148.6771102788359
 30
0.0
 10
62.41252978321568
 20
148.8009860942493
 30
0.0
 10
62.42787887264758
 20
148.9197209227339
 30
0.0
 10
62.44487515790951
 20
149.0332923694643
 30
0.0
 10
62.46331854678363
 20
149.1416839763022
 30
0.0
 10
62.48300898625666
 20
149.2448852167869
 30
0.0
 10
62.50374661960274
 20
149.3428914872161
 30
0.0
 10
62.52533194315524
 20
149.4357040937911
 30
0.0
 10
62.54756596248058
 20
149.5233302359564
 30
0.0
 10
62.57025034853302
 20
149.6057829855318
 30
0.0
 10
62.59318759139191
 20
149.6830812630748
 30
0.0
 10
62.61618115938806
 20
149.7552498066209
 30
0.0
 10
62.63903563665181
 20
149.8223191493869
 30
0.0
 10
62.66155692994564
 20
149.8843255503927
 30
0.0
 10
62.68355223907222
 20
149.9413110664194
 30
0.0
 10
62.70483080979875
 20
149.9933231371488
 30
0.0
 10
62.72520210258227
 20
150.0404157588659
 30
0.0
 10
62.7444823811804
 20
150.0826454632219
 30
0.0
 10
63.05030519421409
 20
150.7190207513489
 30
0.0
 10
63.69008251872558
 20
151.1717653840732
 30
0.0
 10
63.27220982490544
 20
152.0857758880805
 30
0.0
  0
SPLINE
  5
104
330
1F
100
AcDbEntity
  8
0
  6
Continuous
 62
     7
370
    30
100
AcDbSpline
210
0.0
220
0.0
230
1.0
 70
     8
 71
     3
 72
    36
 73
    32
 74
     0
 42
0.00000001
 43
0.0000000001
 40
0.0
 40
0.0
 40
0.0
 40
0.0
 40
0.2191232185722415
 40
0.2236064693373422
 40
0.2286171613497137
 40
0.234155294611084
 40
0.2402208691227308
 40
0.2468138848856243
 40
0.2539343419005202
 40
0.2615822401680163
 40
0.2697575796885965
 40
0.2784603604626552
 40
0.2876905824905197
 40
0.2974482457724647
 40
0.3077333503087222
 40
0.3185458960994902
 40
0.329885883144939
 40
0.3417533114452166
 40
0.3541481810004518
 40
0.3670704918107577
 40
0.3805202438762341
 40
0.3944974371969694
 40
0.4090020717730426
 40
0.4240341476045241
 40
0.4395936646914776
 40
0.4556806230339598
 40
0.4722950226320225
 40
0.4894368634857128
 40
0.5071061455950733
 40
0.5253028689601433
 40
0.5369936693187542
 40
0.5369936693187542
 40
0.5369936693187542
 40
0.5369936693187542
 10
67.01988269935092
 20
150.1188454301734
 30
0.0
 10
66.03028805531508
 20
149.9435307697169
 30
0.0
 10
66.02112147102572
 20
149.1598160887564
 30
0.0
 10
65.67112203507431
 20
148.5466264809316
 30
0.0
 10
65.64732011630664
 20
148.5067699164059
 30
0.0
 10
65.62013586170649
 20
148.463253012889
 30
0.0
 10
65.58941837255502
 20
148.4161948687059
 30
0.0
 10
65.55501497198374
 20
148.3657216214404
 30
0.0
 10
65.51677825714488
 20
148.3119633099375
 30
0.0
 10
65.47456409299077
 20
148.2550547146741
 30
0.0
 10
65.42823238140752
 20
148.1951349737825
 30
0.0
 10
65.37764698518356
 20
148.1323475665263
 30
0.0
 10
65.3226759026021
 20
148.0668401824926
 30
0.0
 10
65.26319136392643
 20
147.9987646210578
 30
0.0
 10
65.1990699475206
 20
147.9282766781865
 30
0.0
 10
65.13019268663551
 20
147.8555360333364
 30
0.0
 10
65.0564451752887
 20
147.7807061327995
 30
0.0
 10
64.97771767069247
 20
147.7039540706375
 30
0.0
 10
64.89390519288981
 20
147.625450466964
 30
0.0
 10
64.80490762132806
 20
147.5453693437341
 30
0.0
 10
64.7106297883702
 20
147.4638879980881
 30
0.0
 10
64.61098156966871
 20
147.3811868733292
 30
0.0
 10
64.50587797134975
 20
147.2974494276088
 30
0.0
 10
64.39523921395132
 20
147.2128620003948
 30
0.0
 10
64.27899081306226
 20
147.1276136768016
 30
0.0
 10
64.15706365661079
 20
147.0418961498594
 30
0.0
 10
64.02939407875212
 20
146.9559035808031
 30
0.0
 10
63.89592393030767
 20
146.8698324574622
 30
0.0
 10
63.75660064570968
 20
146.7838814508328
 30
0.0
 10
63.63008779298176
 20
146.7092838102656
 30
0.0
 10
63.54983365339033
 20
146.6636966975565
 30
0.0
 10
63.51833171614792
 20
146.6460608383586
 30
0.0
  0
SPLINE
  5
105
330
1F
100
AcDbEntity
  8
0
  6
Continuous
 62
     7
370
    30
100
AcDbSpline
210
0.0
220
0.0
230
1.0
 70
     8
 71
     3
 72
    36
 73
    32
 74
     0
 42
0.00000001
 43
0.0000000001
 40
0.4630063306812465
 40
0.4630063306812465
 40
0.4630063306812465
 40
0.4630063306812465
 40
0.4746971310398568
 40
0.4928938544049268
 40
0.5105631365142873
 40
0.5277049773679776
 40
0.5443193769660402
 40
0.5604063353085225
 40
0.575965852395476
 40
0.5909979282269575
 40
0.6055025628030306
 40
0.619479756123766
 40
0.6329295081892424
 40
0.6458518189995482
 40
0.6582466885547835
 40
0.670114116855061
 40
0.6814541039005098
 40
0.6922666496912778
 40
0.7025517542275353
 40
0.7123094175094803
 40
0.7215396395373448
 40
0.7302424203114036
 40
0.7384177598319837
 40
0.7460656580994798
 40
0.7531861151143758
 40
0.7597791308772692
 40
0.7658447053889159
 40
0.7713828386502863
 40
0.7763935306626577
 40
0.7808767814277586
 40
1.0
 40
1.0
 40
1.0
 40
1.0
 10
81.90169861671684
 20
151.1771538273437
 30
0.0
 10
81.86560924413766
 20
151.1781299249373
 30
0.0
 10
81.77336234503028
 20
151.1811993502572
 30
0.0
 10
81.62667352510844
 20
151.1884588263728
 30
0.0
 10
81.4633654588062
 20
151.1998179043458
 30
0.0
 10
81.30518426616085
 20
151.2140034283846
 30
0.0
 10
81.15217572968925
 20
151.2308150556209
 30
0.0
 10
81.00437967329821
 20
151.2500517814515
 30
0.0
 10
80.86182995490679
 20
151.2715120976478
 30
0.0
 10
80.72455446300764
 20
151.2949941504798
 30
0.0
 10
80.59257511716424
 20
151.3202958987617
 30
0.0
 10
80.46590787243989
 20
151.3472152717243
 30
0.0
 10
80.34456272775081
 20
151.3755503266193
 30
0.0
 10
80.22854373813471
 20
151.4050994059639
 30
0.0
 10
80.11784903092342
 20
151.4356612943308
 30
0.0
 10
80.01247082580524
 20
151.4670353745904
 30
0.0
 10
79.91239545876503
 20
151.4990217835164
 30
0.0
 10
79.81760340987261
 20
151.5314215666486
 30
0.0
 10
79.72806933494064
 20
151.5640368323718
 30
0.0
 10
79.6437621008884
 20
151.5966709049431
 30
0.0
 10
79.56464482527957
 20
151.6291284769925
 30
0.0
 10
79.49067491831849
 20
151.6612157592904
 30
0.0
 10
79.42180413306307
 20
151.6927406349453
 30
0.0
 10
79.35797860413758
 20
151.7235127932618
 30
0.0
 10
79.29913894153696
 20
151.7533439267026
 30
0.0
 10
79.24522015562558
 20
151.7820477101856
 30
0.0
 10
79.19615215972823
 20
151.8094404985128
 30
0.0
 10
79.15185838424974
 20
151.8353396499222
 30
0.0
 10
79.11226056276165
 20
151.8595695819529
 30
0.0
 10
78.5173880336106
 20
152.2398691669804
 30
0.0
 10
78.14506105380427
 20
152.9295541295017
 30
0.0
 10
77.18734572817492
 20
152.6248999899747
 30
0.0
  0
SPLINE
  5
106
330
1F
100
AcDbEntity
  8
0
  6
Continuous
 62
     7
370
    30
100
AcDbSpline
210
0.0
220
0.0
230
1.0
 70
     8
 71
     3
 72
    36
 73
    32
 74
     0
 42
0.00000001
 43
0.0000000001
 40
0.0
 40
0.0
 40
0.0
 40
0.0
 40
0.2191232185722415
 40
0.2236064693373422
 40
0.2286171613497137
 40
0.234155294611084
 40
0.2402208691227308
 40
0.2468138848856243
 40
0.2539343419005202
 40
0.2615822401680163
 40
0.2697575796885965
 40
0.2784603604626552
 40
0.2876905824905197
 40
0.2974482457724647
 40
0.3077333503087222
 40
0.3185458960994902
 40
0.329885883144939
 40
0.3417533114452166
 40
0.3541481810004518
 40
0.3670704918107577
 40
0.3805202438762341
 40
0.3944974371969694
 40
0.4090020717730426
 40
0.4240341476045241
 40
0.4395936646914776
 40
0.4556806230339598
 40
0.4722950226320225
 40
0.4894368634857128
 40
0.5071061455950733
 40
0.5253028689601433
 40
0.5369936693187553
 40
0.5369936693187553
 40
0.5369936693187553
 40
0.5369936693187553
 10
79.5916670954416
 20
156.108160841964
 30
0.0
 10
79.64642106144575
 20
155.1046496098983
 30
0.0
 10
80.42331667035663
 20
155.0010834944187
 30
0.0
 10
80.98984766544822
 20
154.5797241087262
 30
0.0
 10
81.02654462647199
 20
154.5512915547706
 30
0.0
 10
81.06646754296169
 20
154.5190601209084
 30
0.0
 10
81.10947999612276
 20
154.4828943643589
 30
0.0
 10
81.15543836489344
 20
154.4426579256456
 30
0.0
 10
81.20419579110839
 20
154.398220151104
 30
0.0
 10
81.25560110343187
 20
154.3494542025846
 30
0.0
 10
81.30949929124383
 20
154.2962377746949
 30
0.0
 10
81.36573151187844
 20
154.238453017331
 30
0.0
 10
81.42413524152322
 20
154.1759866932301
 30
0.0
 10
81.48454438665034
 20
154.1087302616332
 30
0.0
 10
81.54678941038879
 20
154.0365799799157
 30
0.0
 10
81.61069745766688
 20
153.9594369959616
 30
0.0
 10
81.67609248378292
 20
153.8772074392104
 30
0.0
 10
81.74279538494761
 20
153.7898025079864
 30
0.0
 10
81.81062413112467
 20
153.6971385537367
 30
0.0
 10
81.87939390097588
 20
153.5991371619289
 30
0.0
 10
81.94891721886572
 20
153.495725229614
 30
0.0
 10
82.01900409383611
 20
153.3868350395891
 30
0.0
 10
82.08946216047284
 20
153.2724043311181
 30
0.0
 10
82.16009682158093
 20
153.1523763671618
 30
0.0
 10
82.23071139258571
 20
153.0266999980762
 30
0.0
 10
82.30110724757533
 20
152.895329721736
 30
0.0
 10
82.37108396689931
 20
152.7582257400427
 30
0.0
 10
82.44043948623682
 20
152.6153540117813
 30
0.0
 10
82.50897024704775
 20
152.4666863017887
 30
0.0
 10
82.56777454754807
 20
152.3321041182494
 30
0.0
 10
82.60335571131589
 20
152.2469402024655
 30
0.0
 10
82.61706584630713
 20
152.2135421818925
 30
0.0
  0
ARC
  5
107
330
1F
100
AcDbEntity
  8
0
  6
Continuous
 62
     7
370
    30
100
AcDbCircle
 10
69.92550512060617
 20
160.2088086781292
 30
0.0
 40
15.00000000000001
100
AcDbArc
 50
322.9788115917085
 51
327.7904191775248
  0
ARC
  5
108
330
1F
100
AcDbEntity
  8
0
  6
Continuous
 62
     7
370
    30
100
AcDbCircle
 10
69.92550512060617
 20
160.2088086781292
 30
0.0
 40
14.99999999999999
100
AcDbArc
 50
156.8249654378612
 51
161.6365730236776
  0
SPLINE
  5
109
330
1F
100
AcDbEntity
  8
0
  6
Continuous
 62
     7
370
    30
100
AcDbSpline
210
0.0
220
0.0
230
1.0
 70
     8
 71
     3
 72
    36
 73
    32
 74
     0
 42
0.00000001
 43
0.0000000001
 40
0.4630063306812455
 40
0.4630063306812455
 40
0.4630063306812455
 40
0.4630063306812455
 40
0.4746971310398568
 40
0.4928938544049268
 40
0.5105631365142873
 40
0.5277049773679776
 40
0.5443193769660402
 40
0.5604063353085225
 40
0.575965852395476
 40
0.5909979282269575
 40
0.6055025628030306
 40
0.619479756123766
 40
0.6329295081892424
 40
0.6458518189995482
 40
0.6582466885547835
 40
0.670114116855061
 40
0.6814541039005098
 40
0.6922666496912778
 40
0.7025517542275353
 40
0.7123094175094803
 40
0.7215396395373448
 40
0.7302424203114036
 40
0.7384177598319837
 40
0.7460656580994798
 40
0.7531861151143758
 40
0.7597791308772692
 40
0.7658447053889159
 40
0.7713828386502863
 40
0.7763935306626577
 40
0.7808767814277586
 40
1.0
 40
1.0
 40
1.0
 40
1.0
 10
56.1359015614148
 20
166.1119293511577
 30
0.0
 10
56.17117583786059
 20
166.1196183693588
 30
0.0
 10
56.26147677129123
 20
166.1387142638986
 30
0.0
 10
56.40564038705123
 20
166.1667706673485
 30
0.0
 10
56.56692142303788
 20
166.1948238419077
 30
0.0
 10
56.72390097581619
 20
166.2189057606121
 30
0.0
 10
56.87648664803943
 20
166.2391999882568
 30
0.0
 10
57.02459166946102
 20
166.2558921581317
 30
0.0
 10
57.16813494193587
 20
166.2691698202724
 30
0.0
 10
57.30704108060081
 20
166.2792222887531
 30
0.0
 10
57.44124045121443
 20
166.2862404881149
 30
0.0
 10
57.5706692036382
 20
166.2904167990214
 30
0.0
 10
57.69526930144326
 20
166.2919449032341
 30
0.0
 10
57.81498854762949
 20
166.2910196280019
 30
0.0
 10
57.92978060644507
 20
166.2878367899564
 30
0.0
 10
58.03960502129835
 20
166.2825930386084
 30
0.0
 10
58.14442722875224
 20
166.2754856995348
 30
0.0
 10
58.24421856860444
 20
166.2667126173662
 30
0.0
 10
58.33895629002292
 20
166.2564719986077
 30
0.0
 10
58.42862355383157
 20
166.2449622545967
 30
0.0
 10
58.51320943061719
 20
166.2323818439707
 30
0.0
 10
58.59270889579512
 20
166.2189291172019
 30
0.0
 10
58.66712281775749
 20
166.2048021548628
 30
0.0
 10
58.73645795231967
 20
166.1901986283941
 30
0.0
 10
58.80072689877768
 20
166.175315586417
 30
0.0
 10
58.85994816777568
 20
166.160349492783
 30
0.0
 10
58.91414586022495
 20
166.1454954291336
 30
0.0
 10
58.96335061171269
 20
166.1309490542969
 30
0.0
 10
59.00759639475403
 20
166.1168995790086
 30
0.0
 10
59.67619465716392
 20
165.8900131232358
 30
0.0
 10
60.20275490656874
 20
165.3094728307785
 30
0.0
 10
61.05973225763325
 20
165.8344705540486
 30
0.0
  0
SPLINE
  5
10A
330
1F
100
AcDbEntity
  8
0
  6
Continuous
 62
     7
370
    30
100
AcDbSpline
210
0.0
220
0.0
230
1.0
 70
     8
 71
     3
 72
    36
 73
    32
 74
     0
 42
0.00000001
 43
0.0000000001
 40
0.0
 40
0.0
 40
0.0
 40
0.0
 40
0.2191232185722415
 40
0.2236064693373422
 40
0.2286171613497137
 40
0.234155294611084
 40
0.2402208691227308
 40
0.2468138848856243
 40
0.2539343419005202
 40
0.2615822401680163
 40
0.2697575796885965
 40
0.2784603604626552
 40
0.2876905824905197
 40
0.2974482457724647
 40
0.3077333503087222
 40
0.3185458960994902
 40
0.329885883144939
 40
0.3417533114452166
 40
0.3541481810004518
 40
0.3670704918107577
 40
0.3805202438762341
 40
0.3944974371969694
 40
0.4090020717730426
 40
0.4240341476045241
 40
0.4395936646914776
 40
0.4556806230339598
 40
0.4722950226320225
 40
0.4894368634857128
 40
0.5071061455950733
 40
0.5253028689601433
 40
0.5369936693187539
 40
0.5369936693187539
 40
0.5369936693187539
 40
0.5369936693187539
 10
59.5588749843037
 20
161.8770351666808
 30
0.0
 10
59.2655561119185
 20
162.8382827044036
 30
0.0
 10
58.48645068372857
 20
162.7529160880625
 30
0.0
 10
57.83554414843536
 20
163.0264517943665
 30
0.0
 10
57.79310917886766
 20
163.0452759923734
 30
0.0
 10
57.74663286276849
 20
163.0670166600658
 30
0.0
 10
57.69621524127126
 20
163.0918379516577
 30
0.0
 10
57.64196312911186
 20
163.1199066350369
 30
0.0
 10
57.58398784955581
 20
163.151384712769
 30
0.0
 10
57.52240582681857
 20
163.1864315149864
 30
0.0
 10
57.457338297597
 20
163.2252028895784
 30
0.0
 10
57.38891128550191
 20
163.2678512756772
 30
0.0
 10
57.31725549224833
 20
163.314525514571
 30
0.0
 10
57.24250620948426
 20
163.3653707418041
 30
0.0
 10
57.16480322041214
 20
163.4205282582581
 30
0.0
 10
57.08429070038972
 20
163.4801354105124
 30
0.0
 10
57.00111711388401
 20
163.5443254716745
 30
0.0
 10
56.91543510862168
 20
163.6132275253471
 30
0.0
 10
56.82740140676802
 20
163.686966352047
 30
0.0
 10
56.73717669326314
 20
163.7656623183643
 30
0.0
 10
56.64492550136047
 20
163.8494312688654
 30
0.0
 10
56.55081609543881
 20
163.9383844208266
 30
0.0
 10
56.45502035115359
 20
164.0326282618573
 30
0.0
 10
56.35771363299673
 20
164.1322644504782
 30
0.0
 10
56.25907466933563
 20
164.2373897197172
 30
0.0
 10
56.15928542500274
 20
164.3480957837828
 30
0.0
 10
56.0585309715094
 20
164.4644692478748
 30
0.0
 10
55.95699935495854
 20
164.5865915211894
 30
0.0
 10
55.85488146173219
 20
164.7145387331747
 30
0.0
 10
55.76557828267696
 20
164.8311374128162
 30
0.0
 10
55.71064998378296
 20
164.9053114901434
 30
0.0
 10
55.68934557091809
 20
164.934457974874
 30
0.0
  0
ARC
  5
10B
330
1F
100
AcDbEntity
  8
0
  6
Continuous
 62
     7
370
    30
100
AcDbCircle
 10
69.92550512060617
 20
160.2088086781292
 30
0.0
 40
15.0
100
AcDbArc
 50
129.1326577455534
 51
133.9442653313698
  0
SPLINE
  5
10C
330
1F
100
AcDbEntity
  8
0
  6
Continuous
 62
     7
370
    30
100
AcDbSpline
210
0.0
220
0.0
230
1.0
 70
     8
 71
     3
 72
    36
 73
    32
 74
     0
 42
0.00000001
 43
0.0000000001
 40
0.463006330681246
 40
0.463006330681246
 40
0.463006330681246
 40
0.463006330681246
 40
0.4746971310398568
 40
0.4928938544049268
 40
0.5105631365142873
 40
0.5277049773679776
 40
0.5443193769660402
 40
0.5604063353085225
 40
0.575965852395476
 40
0.5909979282269575
 40
0.6055025628030306
 40
0.619479756123766
 40
0.6329295081892424
 40
0.6458518189995482
 40
0.6582466885547835
 40
0.670114116855061
 40
0.6814541039005098
 40
0.6922666496912778
 40
0.7025517542275353
 40
0.7123094175094803
 40
0.7215396395373448
 40
0.7302424203114036
 40
0.7384177598319837
 40
0.7460656580994798
 40
0.7531861151143758
 40
0.7597791308772692
 40
0.7658447053889159
 40
0.7713828386502863
 40
0.7763935306626577
 40
0.7808767814277586
 40
1.0
 40
1.0
 40
1.0
 40
1.0
 10
60.45873452187819
 20
171.8441107554738
 30
0.0
 10
60.49354160743598
 20
171.8345262693299
 30
0.0
 10
60.58237341774781
 20
171.809469907993
 30
0.0
 10
60.7230624208098
 20
171.7673164466765
 30
0.0
 10
60.87890664621484
 20
171.7172052644945
 30
0.0
 10
61.02909656277594
 20
171.6655767088074
 30
0.0
 10
61.17363566351956
 20
171.6126362573574
 30
0.0
 10
61.3125333852994
 20
171.5585886044037
 30
0.0
 10
61.44580507812158
 20
171.5036375054427
 30
0.0
 10
61.57347197064189
 20
171.4479856228549
 30
0.0
 10
61.69556113186004
 20
171.3918343725713
 30
0.0
 10
61.81210542903833
 20
171.3353837718483
 30
0.0
 10
61.92314348187375
 20
171.2788322882423
 30
0.0
 10
62.02871961295508
 20
171.2223766898703
 30
0.0
 10
62.12888379453787
 20
171.1662118970459
 30
0.0
 10
62.22369159167367
 20
171.1105308353794
 30
0.0
 10
62.31320410172697
 20
171.0555242904218
 30
0.0
 10
62.39748789033306
 20
171.0013807639533
 30
0.0
 10
62.4766149237866
 20
170.9482863319575
 30
0.0
 10
62.55066249808362
 20
170.8964245045036
 30
0.0
 10
62.61971316403688
 20
170.8459760871397
 30
0.0
 10
62.68385465065822
 20
170.7971190455275
 30
0.0
 10
62.74317977950275
 20
170.7500283677416
 30
0.0
 10
62.79778639504676
 20
170.7048759435664
 30
0.0
 10
62.84777722647311
 20
170.6618303957057
 30
0.0
 10
62.89325996544752
 20
170.6210570819358
 30
0.0
 10
62.93434661122634
 20
170.5827175382195
 30
0.0
 10
62.97115521746604
 20
170.5469707747779
 30
0.0
 10
63.00380379594825
 20
170.5139685415822
 30
0.0
 10
63.49037876271984
 20
170.002357456849
 30
0.0
 10
63.68683418221483
 20
169.2436098073826
 30
0.0
 10
64.68962854883705
 20
169.3102149719499
 30
0.0
  0
SPLINE
  5
10D
330
1F
100
AcDbEntity
  8
0
  6
Continuous
 62
     7
370
    30
100
AcDbSpline
210
0.0
220
0.0
230
1.0
 70
     8
 71
     3
 72
    36
 73
    32
 74
     0
 42
0.00000001
 43
0.0000000001
 40
0.0
 40
0.0
 40
0.0
 40
0.0
 40
0.2191232185722415
 40
0.2236064693373422
 40
0.2286171613497137
 40
0.234155294611084
 40
0.2402208691227308
 40
0.2468138848856243
 40
0.2539343419005202
 40
0.2615822401680163
 40
0.2697575796885965
 40
0.2784603604626552
 40
0.2876905824905197
 40
0.2974482457724647
 40
0.3077333503087222
 40
0.3185458960994902
 40
0.329885883144939
 40
0.3417533114452166
 40
0.3541481810004518
 40
0.3670704918107577
 40
0.3805202438762341
 40
0.3944974371969694
 40
0.4090020717730426
 40
0.4240341476045241
 40
0.4395936646914776
 40
0.4556806230339598
 40
0.4722950226320225
 40
0.4894368634857128
 40
0.5071061455950733
 40
0.5253028689601433
 40
0.5369936693187539
 40
0.5369936693187539
 40
0.5369936693187539
 40
0.5369936693187539
 10
61.52157350614614
 20
166.5035631149186
 30
0.0
 10
61.70856654800465
 20
167.4910176161346
 30
0.0
 10
60.97903110726206
 20
167.7774975772507
 30
0.0
 10
60.52980037455046
 20
168.3221927664144
 30
0.0
 10
60.50097411605729
 20
168.3585812796308
 30
0.0
 10
60.46992477396948
 20
168.3994303058832
 30
0.0
 10
60.43681721657845
 20
168.4448387050769
 30
0.0
 10
60.40182352453755
 20
168.4949045035599
 30
0.0
 10
60.36511755604927
 20
168.5497194129793
 30
0.0
 10
60.3268764440411
 20
168.6093704081299
 30
0.0
 10
60.2872799644024
 20
168.6739391439621
 30
0.0
 10
60.24651054749575
 20
168.743502032532
 30
0.0
 10
60.20475309393784
 20
168.8181301261393
 30
0.0
 10
60.16219484638417
 20
168.8978890627627
 30
0.0
 10
60.11902524250761
 20
168.9828389976259
 30
0.0
 10
60.07543577138535
 20
169.0730345434556
 30
0.0
 10
60.0316198268756
 20
169.1685247128498
 30
0.0
 10
59.98777255996905
 20
169.2693528647266
 30
0.0
 10
59.94409072964895
 20
169.3755566543248
 30
0.0
 10
59.90077255250724
 20
169.4871679869518
 30
0.0
 10
59.85801755115899
 20
169.6042129754615
 30
0.0
 10
59.81602640155772
 20
169.7267119015054
 30
0.0
 10
59.77500077929779
 20
169.8546791805793
 30
0.0
 10
59.73514320499552
 20
169.9881233308898
 30
0.0
 10
59.69665688884032
 20
170.1270469460656
 30
0.0
 10
59.65974557440742
 20
170.271446671731
 30
0.0
 10
59.6246133818249
 20
170.4213131859624
 30
0.0
 10
59.59146465038759
 20
170.5766311836416
 30
0.0
 10
59.56050378071124
 20
170.737379364722
 30
0.0
 10
59.53561585096597
 20
170.882123624838
 30
0.0
 10
59.52144967023027
 20
170.9733279618515
 30
0.0
 10
59.51613059632403
 20
171.009036546708
 30
0.0
  0
ARC
  5
10E
330
1F
100
AcDbEntity
  8
0
  6
Continuous
 62
     7
370
    30
100
AcDbCircle
 10
69.92550512060617
 20
160.2088086781292
 30
0.0
 40
15.00000000000008
100
AcDbArc
 50
101.4403500532458
 51
106.2519576390617
  0
SPLINE
  5
10F
330
1F
100
AcDbEntity
  8
0
  6
Continuous
 62
     7
370
    30
100
AcDbSpline
210
0.0
220
0.0
230
1.0
 70
     8
 71
     3
 72
    36
 73
    32
 74
     0
 42
0.00000001
 43
0.0000000001
 40
0.4630063306812352
 40
0.4630063306812352
 40
0.4630063306812352
 40
0.4630063306812352
 40
0.4746971310398568
 40
0.4928938544049268
 40
0.5105631365142873
 40
0.5277049773679776
 40
0.5443193769660402
 40
0.5604063353085225
 40
0.575965852395476
 40
0.5909979282269575
 40
0.6055025628030306
 40
0.619479756123766
 40
0.6329295081892424
 40
0.6458518189995482
 40
0.6582466885547835
 40
0.670114116855061
 40
0.6814541039005098
 40
0.6922666496912778
 40
0.7025517542275353
 40
0.7123094175094803
 40
0.7215396395373448
 40
0.7302424203114036
 40
0.7384177598319837
 40
0.7460656580994798
 40
0.7531861151143758
 40
0.7597791308772692
 40
0.7658447053889159
 40
0.7713828386502863
 40
0.7763935306626577
 40
0.7808767814277586
 40
1.0
 40
1.0
 40
1.0
 40
1.0
 10
66.95029053955682
 20
174.9107846744609
 30
0.0
 10
66.97665655039618
 20
174.886122374242
 30
0.0
 10
67.04366894038613
 20
174.8226538674487
 30
0.0
 10
67.14865317563493
 20
174.7199473913493
 30
0.0
 10
67.26335855654459
 20
174.6031517203587
 30
0.0
 10
67.37235213698905
 20
174.4876401701965
 30
0.0
 10
67.47573250015768
 20
174.3735930590773
 30
0.0
 10
67.573603128135
 20
174.2611872492419
 30
0.0
 10
67.66607230257696
 20
174.1505960237187
 30
0.0
 10
67.75325300242909
 20
174.0419889656854
 30
0.0
 10
67.83526279875058
 20
173.9355318405002
 30
0.0
 10
67.91222374671086
 20
173.8313864804701
 30
0.0
 10
67.98426227482564
 20
173.7297106724203
 30
0.0
 10
68.05150907150167
 20
173.6306580481317
 30
0.0
 10
68.11409896896027
 20
173.5343779777055
 30
0.0
 10
68.17217082461263
 20
173.4410154659186
 30
0.0
 10
68.22586739995479
 20
173.350711051626
 30
0.0
 10
68.27533523707488
 20
173.2636007102715
 30
0.0
 10
68.3207245327834
 20
173.1798157595512
 30
0.0
 10
68.36218901066736
 20
173.0994827683213
 30
0.0
 10
68.39988579036911
 20
173.0227234686682
 30
0.0
 10
68.43397525683761
 20
172.9496546716548
 30
0.0
 10
68.46462092049129
 20
172.8803881851987
 30
0.0
 10
68.49198929947708
 20
172.8150307395497
 30
0.0
 10
68.51624971884684
 20
172.7536839020654
 30
0.0
 10
68.53757438042503
 20
172.6964440429726
 30
0.0
 10
68.5561375241332
 20
172.6434021466132
 30
0.0
 10
68.57211757702718
 20
172.594644147276
 30
0.0
 10
68.58568955507802
 20
172.5502495700778
 30
0.0
 10
68.77877276518795
 20
171.8711177903146
 30
0.0
 10
68.60011778571127
 20
171.1079827264316
 30
0.0
 10
69.51900106348022
 20
170.700936891773
 30
0.0
  0
SPLINE
  5
110
330
1F
100
AcDbEntity
  8
0
  6
Continuous
 62
     7
370
    30
100
AcDbSpline
210
0.0
220
0.0
230
1.0
 70
     8
 71
     3
 72
    36
 73
    32
 74
     0
 42
0.00000001
 43
0.0000000001
 40
0.0
 40
0.0
 40
0.0
 40
0.0
 40
0.2191232185722415
 40
0.2236064693373422
 40
0.2286171613497137
 40
0.234155294611084
 40
0.2402208691227308
 40
0.2468138848856243
 40
0.2539343419005202
 40
0.2615822401680163
 40
0.2697575796885965
 40
0.2784603604626552
 40
0.2876905824905197
 40
0.2974482457724647
 40
0.3077333503087222
 40
0.3185458960994902
 40
0.329885883144939
 40
0.3417533114452166
 40
0.3541481810004518
 40
0.3670704918107577
 40
0.3805202438762341
 40
0.3944974371969694
 40
0.4090020717730426
 40
0.4240341476045241
 40
0.4395936646914776
 40
0.4556806230339598
 40
0.4722950226320225
 40
0.4894368634857128
 40
0.5071061455950733
 40
0.5253028689601433
 40
0.5369936693187652
 40
0.5369936693187652
 40
0.5369936693187652
 40
0.5369936693187652
 10
65.40951148250638
 20
169.6880386817024
 30
0.0
 10
66.03397858622924
 20
170.4754862203
 30
0.0
 10
65.52114091055298
 20
171.0681836522393
 30
0.0
 10
65.37649932747001
 20
171.7592552207139
 30
0.0
 10
65.36788552847808
 20
171.804871879291
 30
0.0
 10
65.35937619048882
 20
171.8554712444733
 30
0.0
 10
65.35116323961296
 20
171.9110642342439
 30
0.0
 10
65.3434446008174
 20
171.9716576767566
 30
0.0
 10
65.33641683842271
 20
172.0372519827064
 30
0.0
 10
65.33027721504932
 20
172.1078418466736
 30
0.0
 10
65.32522286128941
 20
172.1834160245046
 30
0.0
 10
65.32145082165974
 20
172.2639573960979
 30
0.0
 10
65.31915783717576
 20
172.3494429475394
 30
0.0
 10
65.31854020646456
 20
172.439843782372
 30
0.0
 10
65.31979362378153
 20
172.5351251293249
 30
0.0
 10
65.32311302408349
 20
172.6352463561545
 30
0.0
 10
65.32869242641751
 20
172.7401609867539
 30
0.0
 10
65.33672477829819
 20
172.8498167223509
 30
0.0
 10
65.34740180041487
 20
172.9641554665449
 30
0.0
 10
65.36091383197886
 20
173.0831133542392
 30
0.0
 10
65.37744967674028
 20
173.2066207844348
 30
0.0
 10
65.39719644978484
 20
173.334602456877
 30
0.0
 10
65.42033942519761
 20
173.4669774125311
 30
0.0
 10
65.44706188468675
 20
173.6036590778714
 30
0.0
 10
65.47754496725819
 20
173.7445553129583
 30
0.0
 10
65.51196752003233
 20
173.889568463279
 30
0.0
 10
65.55050595029246
 20
174.0385954153266
 30
0.0
 10
65.59333407885548
 20
174.1915276558867
 30
0.0
 10
65.64062299485304
 20
174.3482513350024
 30
0.0
 10
65.68585183919032
 20
174.4879820099577
 30
0.0
 10
65.71569307789849
 20
174.5753227921793
 30
0.0
 10
65.72757787868102
 20
174.6094130707061
 30
0.0
  0
SPLINE
  5
111
330
1F
100
AcDbEntity
  8
0
  6
Continuous
 62
     7
370
    30
100
AcDbSpline
210
0.0
220
0.0
230
1.0
 70
     8
 71
     3
 72
    36
 73
    32
 74
     0
 42
0.00000001
 43
0.0000000001
 40
0.4630063306812452
 40
0.4630063306812452
 40
0.4630063306812452
 40
0.4630063306812452
 40
0.4746971310398568
 40
0.4928938544049268
 40
0.5105631365142873
 40
0.5277049773679776
 40
0.5443193769660402
 40
0.5604063353085225
 40
0.575965852395476
 40
0.5909979282269575
 40
0.6055025628030306
 40
0.619479756123766
 40
0.6329295081892424
 40
0.6458518189995482
 40
0.6582466885547835
 40
0.670114116855061
 40
0.6814541039005098
 40
0.6922666496912778
 40
0.7025517542275353
 40
0.7123094175094803
 40
0.7215396395373448
 40
0.7302424203114036
 40
0.7384177598319837
 40
0.7460656580994798
 40
0.7531861151143758
 40
0.7597791308772692
 40
0.7658447053889159
 40
0.7713828386502863
 40
0.7763935306626577
 40
0.7808767814277586
 40
1.0
 40
1.0
 40
1.0
 40
1.0
 10
80.33487964488818
 20
171.0090365467082
 30
0.0
 10
80.32956057098195
 20
170.9733279618517
 30
0.0
 10
80.31539439024625
 20
170.8821236248381
 30
0.0
 10
80.29050646050096
 20
170.7373793647221
 30
0.0
 10
80.25954559082462
 20
170.5766311836417
 30
0.0
 10
80.22639685938733
 20
170.4213131859626
 30
0.0
 10
80.19126466680479
 20
170.2714466717312
 30
0.0
 10
80.1543533523719
 20
170.1270469460657
 30
0.0
 10
80.1158670362167
 20
169.9881233308899
 30
0.0
 10
80.07600946191443
 20
169.8546791805794
 30
0.0
 10
80.0349838396545
 20
169.7267119015056
 30
0.0
 10
79.99299269005326
 20
169.6042129754616
 30
0.0
 10
79.95023768870499
 20
169.4871679869519
 30
0.0
 10
79.90691951156327
 20
169.3755566543249
 30
0.0
 10
79.86323768124318
 20
169.2693528647267
 30
0.0
 10
79.81939041433664
 20
169.1685247128499
 30
0.0
 10
79.77557446982689
 20
169.0730345434557
 30
0.0
 10
79.73198499870462
 20
168.982838997626
 30
0.0
 10
79.68881539482807
 20
168.8978890627628
 30
0.0
 10
79.64625714727439
 20
168.8181301261395
 30
0.0
 10
79.60449969371649
 20
168.7435020325321
 30
0.0
 10
79.56373027680983
 20
168.6739391439622
 30
0.0
 10
79.52413379717114
 20
168.60937040813
 30
0.0
 10
79.48589268516297
 20
168.5497194129794
 30
0.0
 10
79.4491867166747
 20
168.49490450356
 30
0.0
 10
79.41419302463379
 20
168.444838705077
 30
0.0
 10
79.38108546724277
 20
168.3994303058834
 30
0.0
 10
79.35003612515496
 20
168.3585812796309
 30
0.0
 10
79.32120986666179
 20
168.3221927664145
 30
0.0
 10
78.87197913395019
 20
167.7774975772508
 30
0.0
 10
78.14244369320801
 20
167.4910176161353
 30
0.0
 10
78.32943673506614
 20
166.5035631149187
 30
0.0
  0
SPLINE
  5
112
330
1F
100
AcDbEntity
  8
0
  6
Continuous
 62
     7
370
    30
100
AcDbSpline
210
0.0
220
0.0
230
1.0
 70
     8
 71
     3
 72
    36
 73
    32
 74
     0
 42
0.00000001
 43
0.0000000001
 40
0.0
 40
0.0
 40
0.0
 40
0.0
 40
0.2191232185722415
 40
0.2236064693373422
 40
0.2286171613497137
 40
0.234155294611084
 40
0.2402208691227308
 40
0.2468138848856243
 40
0.2539343419005202
 40
0.2615822401680163
 40
0.2697575796885965
 40
0.2784603604626552
 40
0.2876905824905197
 40
0.2974482457724647
 40
0.3077333503087222
 40
0.3185458960994902
 40
0.329885883144939
 40
0.3417533114452166
 40
0.3541481810004518
 40
0.3670704918107577
 40
0.3805202438762341
 40
0.3944974371969694
 40
0.4090020717730426
 40
0.4240341476045241
 40
0.4395936646914776
 40
0.4556806230339598
 40
0.4722950226320225
 40
0.4894368634857128
 40
0.5071061455950733
 40
0.5253028689601433
 40
0.5369936693187541
 40
0.5369936693187541
 40
0.5369936693187541
 40
0.5369936693187541
 10
75.16138169237518
 20
169.31021497195
 30
0.0
 10
76.16417605899691
 20
169.2436098073823
 30
0.0
 10
76.36063147849239
 20
170.002357456849
 30
0.0
 10
76.84720644526397
 20
170.5139685415823
 30
0.0
 10
76.87985502374617
 20
170.546970774778
 30
0.0
 10
76.91666362998589
 20
170.5827175382196
 30
0.0
 10
76.95775027576471
 20
170.6210570819359
 30
0.0
 10
77.00323301473911
 20
170.6618303957058
 30
0.0
 10
77.05322384616547
 20
170.7048759435664
 30
0.0
 10
77.10783046170949
 20
170.7500283677417
 30
0.0
 10
77.16715559055399
 20
170.7971190455276
 30
0.0
 10
77.23129707717532
 20
170.8459760871398
 30
0.0
 10
77.30034774312859
 20
170.8964245045037
 30
0.0
 10
77.37439531742563
 20
170.9482863319576
 30
0.0
 10
77.45352235087915
 20
171.0013807639534
 30
0.0
 10
77.53780613948524
 20
171.0555242904218
 30
0.0
 10
77.62731864953853
 20
171.1105308353795
 30
0.0
 10
77.72212644667435
 20
171.1662118970461
 30
0.0
 10
77.82229062825713
 20
171.2223766898704
 30
0.0
 10
77.92786675933847
 20
171.2788322882424
 30
0.0
 10
78.03890481217388
 20
171.3353837718484
 30
0.0
 10
78.15544910935216
 20
171.3918343725714
 30
0.0
 10
78.27753827057032
 20
171.4479856228551
 30
0.0
 10
78.40520516309062
 20
171.5036375054429
 30
0.0
 10
78.5384768559128
 20
171.5585886044038
 30
0.0
 10
78.67737457769263
 20
171.6126362573575
 30
0.0
 10
78.82191367843626
 20
171.6655767088075
 30
0.0
 10
78.97210359499737
 20
171.7172052644946
 30
0.0
 10
79.1279478204024
 20
171.7673164466766
 30
0.0
 10
79.26863682346439
 20
171.8094699079931
 30
0.0
 10
79.35746863377622
 20
171.83452626933
 30
0.0
 10
79.392275719334
 20
171.844110755474
 30
0.0
  0
ARC
  5
113
330
1F
100
AcDbEntity
  8
0
  6
Continuous
 62
     7
370
    30
100
AcDbCircle
 10
69.92550512060617
 20
160.2088086781292
 30
0.0
 40
15.0
100
AcDbArc
 50
46.05573466863106
 51
50.86734225444728
  0
INSERT
  5
11F
330
1F
100
AcDbEntity
  8
图框
370
    30
100
AcDbBlockReference
  2
SW_CENTERMARKSYMBOL_0
 10
69.92550512060617
 20
160.2088086781292
 30
0.0
  0
LINE
  5
122
330
1F
100
AcDbEntity
  8
0
  6
Continuous
 62
     7
370
    30
100
AcDbLine
 10
184.3417940849515
 20
149.7088086781292
 30
0.0
 11
187.7417940849515
 21
149.7088086781292
 31
0.0
  0
LINE
  5
123
330
1F
100
AcDbEntity
  8
0
  6
Continuous
 62
     7
370
    30
100
AcDbLine
 10
175.7417940849515
 20
149.7088086781292
 30
0.0
 11
179.1468491286047
 21
149.7088086781292
 31
0.0
  0
LINE
  5
124
330
1F
100
AcDbEntity
  8
0
  6
Continuous
 62
     7
370
    30
100
AcDbLine
 10
187.7417940849515
 20
170.7088086781292
 30
0.0
 11
175.7417940849515
 21
170.7088086781292
 31
0.0
  0
LINE
  5
125
330
1F
100
AcDbEntity
  8
0
  6
Continuous
 62
     7
370
    30
100
AcDbLine
 10
155.7417940849515
 20
145.2088086781292
 30
0.0
 11
175.7417940849515
 21
145.2088086781292
 31
0.0
  0
LINE
  5
126
330
1F
100
AcDbEntity
  8
0
  6
Continuous
 62
     7
370
    30
100
AcDbLine
 10
175.7417940849515
 20
159.0274141409669
 30
0.0
 11
175.7417940849515
 21
157.7772900994035
 31
0.0
  0
LINE
  5
128
330
1F
100
AcDbEntity
  8
0
  6
Continuous
 62
     7
370
    30
100
AcDbLine
 10
155.7417940849515
 20
159.0274141409669
 30
0.0
 11
155.7417940849515
 21
157.7772900994035
 31
0.0
  0
SPLINE
  5
12B
330
1F
100
AcDbEntity
  8
0
  6
Continuous
 62
     7
370
    30
100
AcDbSpline
210
0.0
220
0.0
230
1.0
 70
    24
 71
     3
 72
    36
 73
    32
 74
     0
 42
0.00000001
 43
0.0000000001
 40
0.4630063306812459
 40
0.4630063306812459
 40
0.4630063306812459
 40
0.4630063306812459
 40
0.4746971310398568
 40
0.4928938544049268
 40
0.5105631365142873
 40
0.5277049773679776
 40
0.5443193769660402
 40
0.5604063353085225
 40
0.575965852395476
 40
0.5909979282269575
 40
0.6055025628030306
 40
0.619479756123766
 40
0.6329295081892424
 40
0.6458518189995482
 40
0.6582466885547835
 40
0.670114116855061
 40
0.6814541039005098
 40
0.6922666496912778
 40
0.7025517542275353
 40
0.7123094175094803
 40
0.7215396395373448
 40
0.7302424203114036
 40
0.7384177598319837
 40
0.7460656580994798
 40
0.7531861151143758
 40
0.7597791308772692
 40
0.7658447053889159
 40
0.7713828386502863
 40
0.7763935306626577
 40
0.7808767814277586
 40
1.0
 40
1.0
 40
1.0
 40
1.0
 10
175.7417940849515
 20
159.0274141409669
 30
0.0
 10
175.7417940849515
 20
159.0506152021058
 30
0.0
 10
175.7417940849515
 20
159.1094887132137
 30
0.0
 10
175.7417940849515
 20
159.2013275975158
 30
0.0
 10
175.7417940849515
 20
159.3011184846022
 30
0.0
 10
175.7417940849515
 20
159.3953940003415
 30
0.0
 10
175.7417940849515
 20
159.4842737440994
 30
0.0
 10
175.7417940849515
 20
159.5678817618471
 30
0.0
 10
175.7417940849515
 20
159.6463464327062
 30
0.0
 10
175.7417940849515
 20
159.7198003528719
 30
0.0
 10
175.7417940849515
 20
159.7883802169839
 30
0.0
 10
175.7417940849515
 20
159.852226697021
 30
0.0
 10
175.7417940849515
 20
159.9114843187929
 30
0.0
 10
175.7417940849515
 20
159.9663013361056
 30
0.0
 10
175.7417940849515
 20
160.0168296026777
 30
0.0
 10
175.7417940849515
 20
160.063224441888
 30
0.0
 10
175.7417940849515
 20
160.1056445144276
 30
0.0
 10
175.7417940849515
 20
160.1442516839564
 30
0.0
 10
175.7417940849515
 20
160.1792108807801
 30
0.0
 10
175.7417940849515
 20
160.2106899638575
 30
0.0
 10
175.7417940849515
 20
160.2388595804335
 30
0.0
 10
175.7417940849515
 20
160.2638930260878
 30
0.0
 10
175.7417940849515
 20
160.2859660960191
 30
0.0
 10
175.7417940849515
 20
160.3052569591794
 30
0.0
 10
175.7417940849515
 20
160.3219459486426
 30
0.0
 10
175.7417940849515
 20
160.3362156268351
 30
0.0
 10
175.7417940849515
 20
160.3482499302237
 30
0.0
 10
175.7417940849515
 20
160.3582363431641
 30
0.0
 10
175.7417940849515
 20
160.3663581912574
 30
0.0
 10
175.7417940849515
 20
160.4761733171844
 30
0.0
 10
175.7417940849515
 20
160.2068351664692
 30
0.0
 10
175.7417940849515
 20
161.0699547969492
 30
0.0
  0
SPLINE
  5
12C
330
1F
100
AcDbEntity
  8
0
  6
Continuous
 62
     7
370
    30
100
AcDbSpline
210
0.0
220
0.0
230
1.0
 70
    24
 71
     3
 72
    36
 73
    32
 74
     0
 42
0.00000001
 43
0.0000000001
 40
0.4630063306812459
 40
0.4630063306812459
 40
0.4630063306812459
 40
0.4630063306812459
 40
0.4746971310398568
 40
0.4928938544049268
 40
0.5105631365142873
 40
0.5277049773679776
 40
0.5443193769660402
 40
0.5604063353085225
 40
0.575965852395476
 40
0.5909979282269575
 40
0.6055025628030306
 40
0.619479756123766
 40
0.6329295081892424
 40
0.6458518189995482
 40
0.6582466885547835
 40
0.670114116855061
 40
0.6814541039005098
 40
0.6922666496912778
 40
0.7025517542275353
 40
0.7123094175094803
 40
0.7215396395373448
 40
0.7302424203114036
 40
0.7384177598319837
 40
0.7460656580994798
 40
0.7531861151143758
 40
0.7597791308772692
 40
0.7658447053889159
 40
0.7713828386502863
 40
0.7763935306626577
 40
0.7808767814277586
 40
1.0
 40
1.0
 40
1.0
 40
1.0
 10
155.7417940849515
 20
159.0274141409669
 30
0.0
 10
155.7417940849515
 20
159.0506152021058
 30
0.0
 10
155.7417940849515
 20
159.1094887132137
 30
0.0
 10
155.7417940849515
 20
159.2013275975158
 30
0.0
 10
155.7417940849515
 20
159.3011184846022
 30
0.0
 10
155.7417940849515
 20
159.3953940003415
 30
0.0
 10
155.7417940849515
 20
159.4842737440994
 30
0.0
 10
155.7417940849515
 20
159.5678817618471
 30
0.0
 10
155.7417940849515
 20
159.6463464327062
 30
0.0
 10
155.7417940849515
 20
159.7198003528719
 30
0.0
 10
155.7417940849515
 20
159.7883802169839
 30
0.0
 10
155.7417940849515
 20
159.852226697021
 30
0.0
 10
155.7417940849515
 20
159.9114843187929
 30
0.0
 10
155.7417940849515
 20
159.9663013361056
 30
0.0
 10
155.7417940849515
 20
160.0168296026777
 30
0.0
 10
155.7417940849515
 20
160.063224441888
 30
0.0
 10
155.7417940849515
 20
160.1056445144276
 30
0.0
 10
155.7417940849515
 20
160.1442516839564
 30
0.0
 10
155.7417940849515
 20
160.1792108807801
 30
0.0
 10
155.7417940849515
 20
160.2106899638575
 30
0.0
 10
155.7417940849515
 20
160.2388595804335
 30
0.0
 10
155.7417940849515
 20
160.2638930260878
 30
0.0
 10
155.7417940849515
 20
160.2859660960191
 30
0.0
 10
155.7417940849515
 20
160.3052569591794
 30
0.0
 10
155.7417940849515
 20
160.3219459486426
 30
0.0
 10
155.7417940849515
 20
160.3362156268351
 30
0.0
 10
155.7417940849515
 20
160.3482499302237
 30
0.0
 10
155.7417940849515
 20
160.3582363431641
 30
0.0
 10
155.7417940849515
 20
160.3663581912574
 30
0.0
 10
155.7417940849515
 20
160.4761733171844
 30
0.0
 10
155.7417940849515
 20
160.2068351664692
 30
0.0
 10
155.7417940849515
 20
161.0699547969492
 30
0.0
  0
LINE
  5
12E
330
1F
100
AcDbEntity
  8
0
  6
Continuous
 62
     7
370
    30
100
AcDbLine
 10
175.7417940849515
 20
156.8683366342245
 30
0.0
 11
175.7417940849515
 21
157.0781943394174
 31
0.0
  0
SPLINE
  5
12F
330
1F
100
AcDbEntity
  8
0
  6
Continuous
 62
     7
370
    30
100
AcDbSpline
210
0.0
220
0.0
230
1.0
 70
    24
 71
     3
 72
    12
 73
     8
 74
     0
 42
0.00000001
 43
0.0000000001
 40
0.0
 40
0.0
 40
0.0
 40
0.0
 40
0.015217315491535
 40
0.3009978391363779
 40
0.5869596791221277
 40
0.8729818951412667
 40
1.0
 40
1.0
 40
1.0
 40
1.0
 10
175.7417940849515
 20
157.0825115754792
 30
0.0
 10
175.7417940849515
 20
157.0810924320427
 30
0.0
 10
175.7417940849515
 20
157.0530218365381
 30
0.0
 10
175.7417940849514
 20
157.1567962729603
 30
0.0
 10
175.7417940849515
 20
157.3397795550806
 30
0.0
 10
175.7417940849515
 20
157.5688516991777
 30
0.0
 10
175.7417940849515
 20
157.7282667913413
 30
0.0
 10
175.7417940849515
 20
157.7772900994035
 30
0.0
  0
LINE
  5
130
330
1F
100
AcDbEntity
  8
0
  6
Continuous
 62
     7
370
    30
100
AcDbLine
 10
155.7417940849515
 20
156.8683366342245
 30
0.0
 11
155.7417940849515
 21
157.0781943394176
 31
0.0
  0
SPLINE
  5
131
330
1F
100
AcDbEntity
  8
0
  6
Continuous
 62
     7
370
    30
100
AcDbSpline
210
0.0
220
0.0
230
1.0
 70
    24
 71
     3
 72
    12
 73
     8
 74
     0
 42
0.00000001
 43
0.0000000001
 40
0.0
 40
0.0
 40
0.0
 40
0.0
 40
0.015217315491535
 40
0.3009978391363779
 40
0.5869596791221277
 40
0.8729818951412667
 40
1.0
 40
1.0
 40
1.0
 40
1.0
 10
155.7417940849515
 20
157.0825115754792
 30
0.0
 10
155.7417940849515
 20
157.0810924320427
 30
0.0
 10
155.7417940849515
 20
157.0530218365381
 30
0.0
 10
155.7417940849515
 20
157.1567962729603
 30
0.0
 10
155.7417940849515
 20
157.3397795550806
 30
0.0
 10
155.7417940849515
 20
157.5688516991777
 30
0.0
 10
155.7417940849515
 20
157.7282667913413
 30
0.0
 10
155.7417940849515
 20
157.7772900994035
 30
0.0
  0
SPLINE
  5
132
330
1F
100
AcDbEntity
  8
0
  6
Continuous
 62
     7
370
    30
100
AcDbSpline
210
0.0
220
0.0
230
1.0
 70
    24
 71
     3
 72
    36
 73
    32
 74
     0
 42
0.00000001
 43
0.0000000001
 40
0.0
 40
0.0
 40
0.0
 40
0.0
 40
0.2191232185722415
 40
0.2236064693373422
 40
0.2286171613497137
 40
0.234155294611084
 40
0.2402208691227308
 40
0.2468138848856243
 40
0.2539343419005202
 40
0.2615822401680163
 40
0.2697575796885965
 40
0.2784603604626552
 40
0.2876905824905197
 40
0.2974482457724647
 40
0.3077333503087222
 40
0.3185458960994902
 40
0.329885883144939
 40
0.3417533114452166
 40
0.3541481810004518
 40
0.3670704918107577
 40
0.3805202438762341
 40
0.3944974371969694
 40
0.4090020717730426
 40
0.4240341476045241
 40
0.4395936646914776
 40
0.4556806230339598
 40
0.4722950226320225
 40
0.4894368634857128
 40
0.5071061455950733
 40
0.5253028689601433
 40
0.5369936693187539
 40
0.5369936693187539
 40
0.5369936693187539
 40
0.5369936693187539
 10
175.7417940849515
 20
161.8770351666808
 30
0.0
 10
175.7417940849515
 20
162.8382827044036
 30
0.0
 10
175.7417940849515
 20
162.7529160880625
 30
0.0
 10
175.7417940849515
 20
163.0264517943665
 30
0.0
 10
175.7417940849515
 20
163.0452759923734
 30
0.0
 10
175.7417940849515
 20
163.0670166600658
 30
0.0
 10
175.7417940849515
 20
163.0918379516577
 30
0.0
 10
175.7417940849515
 20
163.1199066350369
 30
0.0
 10
175.7417940849515
 20
163.151384712769
 30
0.0
 10
175.7417940849515
 20
163.1864315149864
 30
0.0
 10
175.7417940849515
 20
163.2252028895784
 30
0.0
 10
175.7417940849515
 20
163.2678512756772
 30
0.0
 10
175.7417940849515
 20
163.314525514571
 30
0.0
 10
175.7417940849515
 20
163.3653707418041
 30
0.0
 10
175.7417940849515
 20
163.4205282582581
 30
0.0
 10
175.7417940849515
 20
163.4801354105124
 30
0.0
 10
175.7417940849515
 20
163.5443254716745
 30
0.0
 10
175.7417940849515
 20
163.6132275253471
 30
0.0
 10
175.7417940849515
 20
163.686966352047
 30
0.0
 10
175.7417940849515
 20
163.7656623183643
 30
0.0
 10
175.7417940849515
 20
163.8494312688654
 30
0.0
 10
175.7417940849515
 20
163.9383844208266
 30
0.0
 10
175.7417940849515
 20
164.0326282618573
 30
0.0
 10
175.7417940849515
 20
164.1322644504782
 30
0.0
 10
175.7417940849515
 20
164.2373897197172
 30
0.0
 10
175.7417940849515
 20
164.3480957837828
 30
0.0
 10
175.7417940849515
 20
164.4644692478748
 30
0.0
 10
175.7417940849515
 20
164.5865915211894
 30
0.0
 10
175.7417940849515
 20
164.7145387331747
 30
0.0
 10
175.7417940849515
 20
164.8311374128162
 30
0.0
 10
175.7417940849515
 20
164.9053114901434
 30
0.0
 10
175.7417940849515
 20
164.934457974874
 30
0.0
  0
SPLINE
  5
135
330
1F
100
AcDbEntity
  8
0
  6
Continuous
 62
     7
370
    30
100
AcDbSpline
210
0.0
220
0.0
230
1.0
 70
    24
 71
     3
 72
    36
 73
    32
 74
     0
 42
0.00000001
 43
0.0000000001
 40
0.0
 40
0.0
 40
0.0
 40
0.0
 40
0.2191232185722415
 40
0.2236064693373422
 40
0.2286171613497137
 40
0.234155294611084
 40
0.2402208691227308
 40
0.2468138848856243
 40
0.2539343419005202
 40
0.2615822401680163
 40
0.2697575796885965
 40
0.2784603604626552
 40
0.2876905824905197
 40
0.2974482457724647
 40
0.3077333503087222
 40
0.3185458960994902
 40
0.329885883144939
 40
0.3417533114452166
 40
0.3541481810004518
 40
0.3670704918107577
 40
0.3805202438762341
 40
0.3944974371969694
 40
0.4090020717730426
 40
0.4240341476045241
 40
0.4395936646914776
 40
0.4556806230339598
 40
0.4722950226320225
 40
0.4894368634857128
 40
0.5071061455950733
 40
0.5253028689601433
 40
0.5369936693187539
 40
0.5369936693187539
 40
0.5369936693187539
 40
0.5369936693187539
 10
155.7417940849515
 20
161.8770351666808
 30
0.0
 10
155.7417940849515
 20
162.8382827044036
 30
0.0
 10
155.7417940849515
 20
162.7529160880625
 30
0.0
 10
155.7417940849515
 20
163.0264517943665
 30
0.0
 10
155.7417940849515
 20
163.0452759923734
 30
0.0
 10
155.7417940849515
 20
163.0670166600658
 30
0.0
 10
155.7417940849515
 20
163.0918379516577
 30
0.0
 10
155.7417940849515
 20
163.1199066350369
 30
0.0
 10
155.7417940849515
 20
163.151384712769
 30
0.0
 10
155.7417940849515
 20
163.1864315149864
 30
0.0
 10
155.7417940849515
 20
163.2252028895784
 30
0.0
 10
155.7417940849515
 20
163.2678512756772
 30
0.0
 10
155.7417940849515
 20
163.314525514571
 30
0.0
 10
155.7417940849515
 20
163.3653707418041
 30
0.0
 10
155.7417940849515
 20
163.4205282582581
 30
0.0
 10
155.7417940849515
 20
163.4801354105124
 30
0.0
 10
155.7417940849515
 20
163.5443254716745
 30
0.0
 10
155.7417940849515
 20
163.6132275253471
 30
0.0
 10
155.7417940849515
 20
163.686966352047
 30
0.0
 10
155.7417940849515
 20
163.7656623183643
 30
0.0
 10
155.7417940849515
 20
163.8494312688654
 30
0.0
 10
155.7417940849515
 20
163.9383844208266
 30
0.0
 10
155.7417940849515
 20
164.0326282618573
 30
0.0
 10
155.7417940849515
 20
164.1322644504782
 30
0.0
 10
155.7417940849515
 20
164.2373897197172
 30
0.0
 10
155.7417940849515
 20
164.3480957837828
 30
0.0
 10
155.7417940849515
 20
164.4644692478748
 30
0.0
 10
155.7417940849515
 20
164.5865915211894
 30
0.0
 10
155.7417940849515
 20
164.7145387331747
 30
0.0
 10
155.7417940849515
 20
164.8311374128162
 30
0.0
 10
155.7417940849515
 20
164.9053114901434
 30
0.0
 10
155.7417940849515
 20
164.934457974874
 30
0.0
  0
LINE
  5
136
330
1F
100
AcDbEntity
  8
0
  6
Continuous
 62
     7
370
    30
100
AcDbLine
 10
175.7417940849515
 20
166.1119293511577
 30
0.0
 11
175.7417940849515
 21
164.934457974874
 31
0.0
  0
LINE
  5
138
330
1F
100
AcDbEntity
  8
0
  6
Continuous
 62
     7
370
    30
100
AcDbLine
 10
155.7417940849515
 20
166.1119293511577
 30
0.0
 11
155.7417940849515
 21
164.934457974874
 31
0.0
  0
SPLINE
  5
139
330
1F
100
AcDbEntity
  8
0
  6
Continuous
 62
     7
370
    30
100
AcDbSpline
210
0.0
220
0.0
230
1.0
 70
    24
 71
     3
 72
    10
 73
     6
 74
     0
 42
0.00000001
 43
0.0000000001
 40
0.0
 40
0.0
 40
0.0
 40
0.0
 40
0.2160453674477137
 40
0.7025411691823523
 40
1.0
 40
1.0
 40
1.0
 40
1.0
 10
175.7417940849515
 20
166.1119293511577
 30
0.0
 10
175.7417940849515
 20
166.1346913328254
 30
0.0
 10
175.7417940849515
 20
166.2087092550913
 30
0.0
 10
175.7417940849515
 20
166.283486360345
 30
0.0
 10
175.7417940849515
 20
166.2810245451964
 30
0.0
 10
175.7417940849515
 20
166.2800904494907
 30
0.0
  0
SPLINE
  5
13A
330
1F
100
AcDbEntity
  8
0
  6
Continuous
 62
     7
370
    30
100
AcDbSpline
210
0.0
220
0.0
230
1.0
 70
    24
 71
     3
 72
    10
 73
     6
 74
     0
 42
0.00000001
 43
0.0000000001
 40
0.0
 40
0.0
 40
0.0
 40
0.0
 40
0.2974588308176476
 40
0.7839546325522865
 40
1.0
 40
1.0
 40
1.0
 40
1.0
 10
155.7417940849515
 20
166.2800904494907
 30
0.0
 10
155.7417940849515
 20
166.2810245451964
 30
0.0
 10
155.7417940849515
 20
166.283486360345
 30
0.0
 10
155.7417940849515
 20
166.2087092550913
 30
0.0
 10
155.7417940849515
 20
166.1346913328254
 30
0.0
 10
155.7417940849515
 20
166.1119293511577
 30
0.0
  0
SPLINE
  5
13C
330
1F
100
AcDbEntity
  8
0
  6
Continuous
 62
     7
370
    30
100
AcDbSpline
210
0.0
220
0.0
230
1.0
 70
    24
 71
     3
 72
    36
 73
    32
 74
     0
 42
0.00000001
 43
0.0000000001
 40
0.4630063306812454
 40
0.4630063306812454
 40
0.4630063306812454
 40
0.4630063306812454
 40
0.4746971310398568
 40
0.4928938544049268
 40
0.5105631365142873
 40
0.5277049773679776
 40
0.5443193769660402
 40
0.5604063353085225
 40
0.575965852395476
 40
0.5909979282269575
 40
0.6055025628030306
 40
0.619479756123766
 40
0.6329295081892424
 40
0.6458518189995482
 40
0.6582466885547835
 40
0.670114116855061
 40
0.6814541039005098
 40
0.6922666496912778
 40
0.7025517542275353
 40
0.7123094175094803
 40
0.7215396395373448
 40
0.7302424203114036
 40
0.7384177598319837
 40
0.7460656580994798
 40
0.7531861151143758
 40
0.7597791308772692
 40
0.7658447053889159
 40
0.7713828386502863
 40
0.7763935306626577
 40
0.7808767814277586
 40
1.0
 40
1.0
 40
1.0
 40
1.0
 10
175.7417940849515
 20
152.2135421818923
 30
0.0
 10
175.7417940849515
 20
152.2469402024653
 30
0.0
 10
175.7417940849515
 20
152.3321041182492
 30
0.0
 10
175.7417940849515
 20
152.4666863017885
 30
0.0
 10
175.7417940849515
 20
152.6153540117811
 30
0.0
 10
175.7417940849515
 20
152.7582257400425
 30
0.0
 10
175.7417940849515
 20
152.8953297217358
 30
0.0
 10
175.7417940849515
 20
153.026699998076
 30
0.0
 10
175.7417940849515
 20
153.1523763671616
 30
0.0
 10
175.7417940849515
 20
153.2724043311179
 30
0.0
 10
175.7417940849515
 20
153.386835039589
 30
0.0
 10
175.7417940849515
 20
153.4957252296138
 30
0.0
 10
175.7417940849515
 20
153.5991371619288
 30
0.0
 10
175.7417940849515
 20
153.6971385537365
 30
0.0
 10
175.7417940849515
 20
153.7898025079863
 30
0.0
 10
175.7417940849515
 20
153.8772074392103
 30
0.0
 10
175.7417940849515
 20
153.9594369959615
 30
0.0
 10
175.7417940849515
 20
154.0365799799155
 30
0.0
 10
175.7417940849515
 20
154.1087302616331
 30
0.0
 10
175.7417940849515
 20
154.1759866932299
 30
0.0
 10
175.7417940849515
 20
154.2384530173309
 30
0.0
 10
175.7417940849515
 20
154.2962377746947
 30
0.0
 10
175.7417940849515
 20
154.3494542025844
 30
0.0
 10
175.7417940849515
 20
154.3982201511038
 30
0.0
 10
175.7417940849515
 20
154.4426579256454
 30
0.0
 10
175.7417940849515
 20
154.4828943643588
 30
0.0
 10
175.7417940849515
 20
154.5190601209083
 30
0.0
 10
175.7417940849515
 20
154.5512915547705
 30
0.0
 10
175.7417940849515
 20
154.579724108726
 30
0.0
 10
175.7417940849515
 20
155.0010834944186
 30
0.0
 10
175.7417940849515
 20
155.1046496098977
 30
0.0
 10
175.7417940849515
 20
156.1081608419639
 30
0.0
  0
SPLINE
  5
13E
330
1F
100
AcDbEntity
  8
0
  6
Continuous
 62
     7
370
    30
100
AcDbSpline
210
0.0
220
0.0
230
1.0
 70
    24
 71
     3
 72
    36
 73
    32
 74
     0
 42
0.00000001
 43
0.0000000001
 40
0.4630063306812454
 40
0.4630063306812454
 40
0.4630063306812454
 40
0.4630063306812454
 40
0.4746971310398568
 40
0.4928938544049268
 40
0.5105631365142873
 40
0.5277049773679776
 40
0.5443193769660402
 40
0.5604063353085225
 40
0.575965852395476
 40
0.5909979282269575
 40
0.6055025628030306
 40
0.619479756123766
 40
0.6329295081892424
 40
0.6458518189995482
 40
0.6582466885547835
 40
0.670114116855061
 40
0.6814541039005098
 40
0.6922666496912778
 40
0.7025517542275353
 40
0.7123094175094803
 40
0.7215396395373448
 40
0.7302424203114036
 40
0.7384177598319837
 40
0.7460656580994798
 40
0.7531861151143758
 40
0.7597791308772692
 40
0.7658447053889159
 40
0.7713828386502863
 40
0.7763935306626577
 40
0.7808767814277586
 40
1.0
 40
1.0
 40
1.0
 40
1.0
 10
155.7417940849515
 20
152.2135421818923
 30
0.0
 10
155.7417940849515
 20
152.2469402024653
 30
0.0
 10
155.7417940849515
 20
152.3321041182492
 30
0.0
 10
155.7417940849515
 20
152.4666863017885
 30
0.0
 10
155.7417940849515
 20
152.6153540117811
 30
0.0
 10
155.7417940849515
 20
152.7582257400425
 30
0.0
 10
155.7417940849515
 20
152.8953297217358
 30
0.0
 10
155.7417940849515
 20
153.026699998076
 30
0.0
 10
155.7417940849515
 20
153.1523763671616
 30
0.0
 10
155.7417940849515
 20
153.2724043311179
 30
0.0
 10
155.7417940849515
 20
153.386835039589
 30
0.0
 10
155.7417940849515
 20
153.4957252296138
 30
0.0
 10
155.7417940849515
 20
153.5991371619288
 30
0.0
 10
155.7417940849515
 20
153.6971385537365
 30
0.0
 10
155.7417940849515
 20
153.7898025079863
 30
0.0
 10
155.7417940849515
 20
153.8772074392103
 30
0.0
 10
155.7417940849515
 20
153.9594369959615
 30
0.0
 10
155.7417940849515
 20
154.0365799799155
 30
0.0
 10
155.7417940849515
 20
154.1087302616331
 30
0.0
 10
155.7417940849515
 20
154.1759866932299
 30
0.0
 10
155.7417940849515
 20
154.2384530173309
 30
0.0
 10
155.7417940849515
 20
154.2962377746947
 30
0.0
 10
155.7417940849515
 20
154.3494542025844
 30
0.0
 10
155.7417940849515
 20
154.3982201511038
 30
0.0
 10
155.7417940849515
 20
154.4426579256454
 30
0.0
 10
155.7417940849515
 20
154.4828943643588
 30
0.0
 10
155.7417940849515
 20
154.5190601209083
 30
0.0
 10
155.7417940849515
 20
154.5512915547705
 30
0.0
 10
155.7417940849515
 20
154.579724108726
 30
0.0
 10
155.7417940849515
 20
155.0010834944186
 30
0.0
 10
155.7417940849515
 20
155.1046496098977
 30
0.0
 10
155.7417940849515
 20
156.1081608419639
 30
0.0
  0
LINE
  5
13F
330
1F
100
AcDbEntity
  8
0
  6
Continuous
 62
     7
370
    30
100
AcDbLine
 10
175.7417940849515
 20
152.2135421818923
 30
0.0
 11
175.7417940849515
 21
151.1771538273436
 31
0.0
  0
LINE
  5
141
330
1F
100
AcDbEntity
  8
0
  6
Continuous
 62
     7
370
    30
100
AcDbLine
 10
155.7417940849515
 20
152.2135421818923
 30
0.0
 11
155.7417940849515
 21
151.1771538273436
 31
0.0
  0
LINE
  5
142
330
1F
100
AcDbEntity
  8
0
  6
Continuous
 62
     7
370
    30
100
AcDbLine
 10
187.7417940849515
 20
170.7088086781292
 30
0.0
 11
187.7417940849515
 21
149.7088086781292
 31
0.0
  0
SPLINE
  5
144
330
1F
100
AcDbEntity
  8
0
  6
Continuous
 62
     7
370
    30
100
AcDbSpline
210
0.0
220
0.0
230
1.0
 70
     8
 71
     3
 72
    26
 73
    22
 74
     0
 42
0.00000001
 43
0.0000000001
 40
0.0
 40
0.0
 40
0.0
 40
0.0
 40
0.0518295451985114
 40
0.1051896406415541
 40
0.157011669489205
 40
0.2102864501866799
 40
0.2630503373665316
 40
0.3172993969150577
 40
0.370777747213237
 40
0.4258659370126602
 40
0.4782752287900736
 40
0.532279368662865
 40
0.5834907976278734
 40
0.6361616223195775
 40
0.687913912652983
 40
0.7410878427837794
 40
0.7942583693564254
 40
0.8489578530267877
 40
0.9022557658752068
 40
0.957177180362747
 40
1.0
 40
1.0
 40
1.0
 40
1.0
 10
184.3417940849515
 20
149.7088086781292
 30
0.0
 10
184.3350785998827
 20
149.7104818416421
 30
0.0
 10
184.3214493183905
 20
149.7138775779539
 30
0.0
 10
184.2119903778969
 20
149.7404931519693
 30
0.0
 10
184.039391514548
 20
149.7801888673262
 30
0.0
 10
183.8041600789399
 20
149.8299461441166
 30
0.0
 10
183.5090026396013
 20
149.885059355559
 30
0.0
 10
183.163731047711
 20
149.9390836665906
 30
0.0
 10
182.772145044337
 20
149.986454755885
 30
0.0
 10
182.3540844349956
 20
150.0204138544507
 30
0.0
 10
181.9164532183132
 20
150.0374404452448
 30
0.0
 10
181.4839102240917
 20
150.0355801594695
 30
0.0
 10
181.0585632308658
 20
150.0156543226483
 30
0.0
 10
180.6582909238383
 20
149.9807049306307
 30
0.0
 10
180.283378523067
 20
149.9338116816905
 30
0.0
 10
179.9472140337166
 20
149.8802808803445
 30
0.0
 10
179.6550354007428
 20
149.8250706132857
 30
0.0
 10
179.4206641109143
 20
149.7749654141736
 30
0.0
 10
179.252248576244
 20
149.7358863994124
 30
0.0
 10
179.1552987178782
 20
149.712167576387
 30
0.0
 10
179.149423239876
 20
149.7106992385753
 30
0.0
 10
179.1468491286047
 20
149.7100559436962
 30
0.0
  0
SPLINE
  5
145
330
1F
100
AcDbEntity
  8
0
  6
Continuous
 62
     7
370
    30
100
AcDbSpline
210
0.0
220
0.0
230
1.0
 70
    11
 71
     3
 72
    44
 73
    40
 74
     0
 42
0.00000001
 43
0.0000000001
 40
0.0
 40
0.0
 40
0.0
 40
0.0
 40
0.0625000000000001
 40
0.0625000000000001
 40
0.1250000000000003
 40
0.1250000000000003
 40
0.1875000000000004
 40
0.1875000000000004
 40
0.2500000000000005
 40
0.2500000000000005
 40
0.2812500000000009
 40
0.2812500000000009
 40
0.3125000000000014
 40
0.3125000000000014
 40
0.3750000000000015
 40
0.3750000000000015
 40
0.4062500000000015
 40
0.4062500000000015
 40
0.4375000000000015
 40
0.4375000000000015
 40
0.5000000000000015
 40
0.5000000000000015
 40
0.5625000000000015
 40
0.5625000000000015
 40
0.6250000000000016
 40
0.6250000000000016
 40
0.6875000000000016
 40
0.6875000000000016
 40
0.7500000000000016
 40
0.7500000000000016
 40
0.7812500000000017
 40
0.7812500000000017
 40
0.8125000000000015
 40
0.8125000000000015
 40
0.875000000000001
 40
0.875000000000001
 40
0.9375000000000007
 40
0.9375000000000007
 40
1.0
 40
1.0
 40
1.0
 40
1.0
 10
184.3417940849515
 20
160.2088086781292
 30
0.0
 10
184.3417940849515
 20
160.553784154529
 30
0.0
 10
184.2733974000197
 20
160.8922017936633
 30
0.0
 10
184.0118972142561
 20
161.5213151647971
 30
0.0
 10
183.8187693757896
 20
161.8088819957143
 30
0.0
 10
183.3410548205699
 20
162.2864097177681
 30
0.0
 10
183.0521227048604
 20
162.4798395400597
 30
0.0
 10
182.4270706088814
 20
162.739606645914
 30
0.0
 10
182.0840363481407
 20
162.8085938201047
 30
0.0
 10
181.5731272204922
 20
162.8089153349072
 30
0.0
 10
181.4000753886329
 20
162.7918738222733
 30
0.0
 10
181.0660866237143
 20
162.7252380201006
 30
0.0
 10
180.9036863044672
 20
162.6759447150537
 30
0.0
 10
180.4302677117734
 20
162.4796318940698
 30
0.0
 10
180.1444314175496
 20
162.2883497533196
 30
0.0
 10
179.7830537631411
 20
161.9270493467689
 30
0.0
 10
179.6759429908047
 20
161.7965300505728
 30
0.0
 10
179.4876754316063
 20
161.5155408604614
 30
0.0
 10
179.4059623397567
 20
161.3632620406636
 30
0.0
 10
179.2103845156439
 20
160.892515943649
 30
0.0
 10
179.1419380191706
 20
160.5500291778855
 30
0.0
 10
179.1416506148525
 20
159.8697851875962
 30
0.0
 10
179.2101480794896
 20
159.5263541605219
 30
0.0
 10
179.4698540586848
 20
158.8998914986939
 30
0.0
 10
179.6624135387365
 20
158.6115842715985
 30
0.0
 10
180.1415414200516
 20
158.1317577232233
 30
0.0
 10
180.4265368848392
 20
157.940022353646
 30
0.0
 10
181.0589105554653
 20
157.676820729152
 30
0.0
 10
181.3973459385424
 20
157.6089926517998
 30
0.0
 10
181.911930908089
 20
157.6087172498341
 30
0.0
 10
182.0811520423219
 20
157.6254357805392
 30
0.0
 10
182.4151000229893
 20
157.6917392581417
 30
0.0
 10
182.5810640110655
 20
157.7421398039563
 30
0.0
 10
183.0515744917205
 20
157.9372909782606
 30
0.0
 10
183.3402241480681
 20
158.1306088140645
 30
0.0
 10
183.8178185548428
 20
158.6075542504739
 30
0.0
 10
184.0115650930832
 20
158.8961555351378
 30
0.0
 10
184.2722581474663
 20
159.5220260840851
 30
0.0
 10
184.3417940849515
 20
159.8638332017295
 30
0.0
 10
184.3417940849515
 20
160.2088086781292
 30
0.0
  0
LINE
  5
146
330
1F
100
AcDbEntity
  8
0
  6
Continuous
 62
     7
370
    30
100
AcDbLine
 10
155.7417940849515
 20
166.3302639161128
 30
0.0
 11
155.7417940849515
 21
166.5035631149186
 31
0.0
  0
LINE
  5
147
330
1F
100
AcDbEntity
  8
0
  6
Continuous
 62
     7
370
    30
100
AcDbLine
 10
155.7417940849515
 20
161.0699547969492
 30
0.0
 11
155.7417940849515
 21
161.8770351666808
 31
0.0
  0
LINE
  5
148
330
1F
100
AcDbEntity
  8
0
  6
Continuous
 62
     7
370
    30
100
AcDbLine
 10
155.7417940849515
 20
156.1081608419639
 30
0.0
 11
155.7417940849515
 21
156.8683366342245
 31
0.0
  0
LINE
  5
149
330
1F
100
AcDbEntity
  8
0
  6
Continuous
 62
     7
370
    30
100
AcDbLine
 10
175.7417940849515
 20
171.8441107554738
 30
0.0
 11
175.7417940849515
 21
171.009036546708
 31
0.0
  0
LINE
  5
14C
330
1F
100
AcDbEntity
  8
0
  6
Continuous
 62
     7
370
    30
100
AcDbLine
 10
155.7417940849515
 20
171.8441107554738
 30
0.0
 11
155.7417940849515
 21
171.009036546708
 31
0.0
  0
SPLINE
  5
14D
330
1F
100
AcDbEntity
  8
0
  6
Continuous
 62
     7
370
    30
100
AcDbSpline
210
0.0
220
0.0
230
1.0
 70
    24
 71
     3
 72
    36
 73
    32
 74
     0
 42
0.00000001
 43
0.0000000001
 40
0.0
 40
0.0
 40
0.0
 40
0.0
 40
0.2191232185722415
 40
0.2236064693373422
 40
0.2286171613497137
 40
0.234155294611084
 40
0.2402208691227308
 40
0.2468138848856243
 40
0.2539343419005202
 40
0.2615822401680163
 40
0.2697575796885965
 40
0.2784603604626552
 40
0.2876905824905197
 40
0.2974482457724647
 40
0.3077333503087222
 40
0.3185458960994902
 40
0.329885883144939
 40
0.3417533114452166
 40
0.3541481810004518
 40
0.3670704918107577
 40
0.3805202438762341
 40
0.3944974371969694
 40
0.4090020717730426
 40
0.4240341476045241
 40
0.4395936646914776
 40
0.4556806230339598
 40
0.4722950226320225
 40
0.4894368634857128
 40
0.5071061455950733
 40
0.5253028689601433
 40
0.5369936693187539
 40
0.5369936693187539
 40
0.5369936693187539
 40
0.5369936693187539
 10
175.7417940849515
 20
166.5035631149186
 30
0.0
 10
175.7417940849515
 20
167.4910176161346
 30
0.0
 10
175.7417940849515
 20
167.7774975772507
 30
0.0
 10
175.7417940849515
 20
168.3221927664144
 30
0.0
 10
175.7417940849515
 20
168.3585812796308
 30
0.0
 10
175.7417940849515
 20
168.3994303058832
 30
0.0
 10
175.7417940849515
 20
168.4448387050769
 30
0.0
 10
175.7417940849515
 20
168.4949045035599
 30
0.0
 10
175.7417940849515
 20
168.5497194129793
 30
0.0
 10
175.7417940849515
 20
168.6093704081299
 30
0.0
 10
175.7417940849515
 20
168.6739391439621
 30
0.0
 10
175.7417940849515
 20
168.743502032532
 30
0.0
 10
175.7417940849515
 20
168.8181301261393
 30
0.0
 10
175.7417940849515
 20
168.8978890627627
 30
0.0
 10
175.7417940849515
 20
168.9828389976259
 30
0.0
 10
175.7417940849515
 20
169.0730345434556
 30
0.0
 10
175.7417940849515
 20
169.1685247128498
 30
0.0
 10
175.7417940849515
 20
169.2693528647266
 30
0.0
 10
175.7417940849515
 20
169.3755566543248
 30
0.0
 10
175.7417940849515
 20
169.4871679869518
 30
0.0
 10
175.7417940849515
 20
169.6042129754615
 30
0.0
 10
175.7417940849515
 20
169.7267119015054
 30
0.0
 10
175.7417940849515
 20
169.8546791805793
 30
0.0
 10
175.7417940849515
 20
169.9881233308898
 30
0.0
 10
175.7417940849515
 20
170.1270469460656
 30
0.0
 10
175.7417940849515
 20
170.271446671731
 30
0.0
 10
175.7417940849515
 20
170.4213131859624
 30
0.0
 10
175.7417940849515
 20
170.5766311836416
 30
0.0
 10
175.7417940849515
 20
170.737379364722
 30
0.0
 10
175.7417940849515
 20
170.882123624838
 30
0.0
 10
175.7417940849515
 20
170.9733279618515
 30
0.0
 10
175.7417940849515
 20
171.009036546708
 30
0.0
  0
SPLINE
  5
14E
330
1F
100
AcDbEntity
  8
0
  6
Continuous
 62
     7
370
    30
100
AcDbSpline
210
0.0
220
0.0
230
1.0
 70
    24
 71
     3
 72
    36
 73
    32
 74
     0
 42
0.00000001
 43
0.0000000001
 40
0.0
 40
0.0
 40
0.0
 40
0.0
 40
0.2191232185722415
 40
0.2236064693373422
 40
0.2286171613497137
 40
0.234155294611084
 40
0.2402208691227308
 40
0.2468138848856243
 40
0.2539343419005202
 40
0.2615822401680163
 40
0.2697575796885965
 40
0.2784603604626552
 40
0.2876905824905197
 40
0.2974482457724647
 40
0.3077333503087222
 40
0.3185458960994902
 40
0.329885883144939
 40
0.3417533114452166
 40
0.3541481810004518
 40
0.3670704918107577
 40
0.3805202438762341
 40
0.3944974371969694
 40
0.4090020717730426
 40
0.4240341476045241
 40
0.4395936646914776
 40
0.4556806230339598
 40
0.4722950226320225
 40
0.4894368634857128
 40
0.5071061455950733
 40
0.5253028689601433
 40
0.5369936693187539
 40
0.5369936693187539
 40
0.5369936693187539
 40
0.5369936693187539
 10
155.7417940849515
 20
166.5035631149186
 30
0.0
 10
155.7417940849515
 20
167.4910176161346
 30
0.0
 10
155.7417940849515
 20
167.7774975772507
 30
0.0
 10
155.7417940849515
 20
168.3221927664144
 30
0.0
 10
155.7417940849515
 20
168.3585812796308
 30
0.0
 10
155.7417940849515
 20
168.3994303058832
 30
0.0
 10
155.7417940849515
 20
168.4448387050769
 30
0.0
 10
155.7417940849515
 20
168.4949045035599
 30
0.0
 10
155.7417940849515
 20
168.5497194129793
 30
0.0
 10
155.7417940849515
 20
168.6093704081299
 30
0.0
 10
155.7417940849515
 20
168.6739391439621
 30
0.0
 10
155.7417940849515
 20
168.743502032532
 30
0.0
 10
155.7417940849515
 20
168.8181301261393
 30
0.0
 10
155.7417940849515
 20
168.8978890627627
 30
0.0
 10
155.7417940849515
 20
168.9828389976259
 30
0.0
 10
155.7417940849515
 20
169.0730345434556
 30
0.0
 10
155.7417940849515
 20
169.1685247128498
 30
0.0
 10
155.7417940849515
 20
169.2693528647266
 30
0.0
 10
155.7417940849515
 20
169.3755566543248
 30
0.0
 10
155.7417940849515
 20
169.4871679869518
 30
0.0
 10
155.7417940849515
 20
169.6042129754615
 30
0.0
 10
155.7417940849515
 20
169.7267119015054
 30
0.0
 10
155.7417940849515
 20
169.8546791805793
 30
0.0
 10
155.7417940849515
 20
169.9881233308898
 30
0.0
 10
155.7417940849515
 20
170.1270469460656
 30
0.0
 10
155.7417940849515
 20
170.271446671731
 30
0.0
 10
155.7417940849515
 20
170.4213131859624
 30
0.0
 10
155.7417940849515
 20
170.5766311836416
 30
0.0
 10
155.7417940849515
 20
170.737379364722
 30
0.0
 10
155.7417940849515
 20
170.882123624838
 30
0.0
 10
155.7417940849515
 20
170.9733279618515
 30
0.0
 10
155.7417940849515
 20
171.009036546708
 30
0.0
  0
SPLINE
  5
14F
330
1F
100
AcDbEntity
  8
0
  6
Continuous
 62
     7
370
    30
100
AcDbSpline
210
0.0
220
0.0
230
1.0
 70
    24
 71
     3
 72
    15
 73
    11
 74
     0
 42
0.00000001
 43
0.0000000001
 40
0.0
 40
0.0
 40
0.0
 40
0.0
 40
0.0833371812812114
 40
0.2709977143473499
 40
0.4586186344115056
 40
0.6461205919640709
 40
0.7867219322774483
 40
0.9275151882733826
 40
0.9967618469513872
 40
1.0
 40
1.0
 40
1.0
 40
1.0
 10
175.7417940849515
 20
147.2312894236992
 30
0.0
 10
175.7417940849515
 20
147.3451429676265
 30
0.0
 10
175.7417940849515
 20
147.7153744741436
 30
0.0
 10
175.7417940849515
 20
148.3456408748192
 30
0.0
 10
175.7417940849515
 20
149.1133830720741
 30
0.0
 10
175.7417940849515
 20
149.8072103668564
 30
0.0
 10
175.7417940849514
 20
150.3845791770481
 30
0.0
 10
175.7417940849515
 20
150.7738996423581
 30
0.0
 10
175.7417940849514
 20
151.032952937865
 30
0.0
 10
175.7417940849515
 20
151.129960658086
 30
0.0
 10
175.7417940849515
 20
151.1342943362385
 30
0.0
  0
SPLINE
  5
151
330
1F
100
AcDbEntity
  8
0
  6
Continuous
 62
     7
370
    30
100
AcDbSpline
210
0.0
220
0.0
230
1.0
 70
    24
 71
     3
 72
    15
 73
    11
 74
     0
 42
0.00000001
 43
0.0000000001
 40
0.0
 40
0.0
 40
0.0
 40
0.0
 40
0.0032381530486127
 40
0.0724848117266174
 40
0.2132780677225518
 40
0.3538794080359292
 40
0.5413813655884949
 40
0.7290022856526506
 40
0.9166628187187885
 40
1.0
 40
1.0
 40
1.0
 40
1.0
 10
155.7417940849515
 20
151.1342943362385
 30
0.0
 10
155.7417940849515
 20
151.129960658086
 30
0.0
 10
155.7417940849515
 20
151.032952937865
 30
0.0
 10
155.7417940849515
 20
150.7738996423581
 30
0.0
 10
155.7417940849515
 20
150.3845791770481
 30
0.0
 10
155.7417940849515
 20
149.8072103668564
 30
0.0
 10
155.7417940849515
 20
149.1133830720741
 30
0.0
 10
155.7417940849515
 20
148.3456408748192
 30
0.0
 10
155.7417940849515
 20
147.7153744741436
 30
0.0
 10
155.7417940849515
 20
147.3451429676265
 30
0.0
 10
155.7417940849515
 20
147.2312894236992
 30
0.0
  0
LINE
  5
153
330
1F
100
AcDbEntity
  8
0
  6
Continuous
 62
     7
370
    30
100
AcDbLine
 10
175.7417940849515
 20
147.2312894236992
 30
0.0
 11
175.7417940849515
 21
146.6460608383586
 31
0.0
  0
LINE
  5
154
330
1F
100
AcDbEntity
  8
0
  6
Continuous
 62
     7
370
    30
100
AcDbLine
 10
155.7417940849515
 20
147.2312894236992
 30
0.0
 11
155.7417940849515
 21
146.6460608383586
 31
0.0
  0
SPLINE
  5
155
330
1F
100
AcDbEntity
  8
0
  6
Continuous
 62
     7
370
    30
100
AcDbSpline
210
0.0
220
0.0
230
1.0
 70
    24
 71
     3
 72
    12
 73
     8
 74
     0
 42
0.00000001
 43
0.0000000001
 40
0.0
 40
0.0
 40
0.0
 40
0.0
 40
0.0415530323239639
 40
0.3196910221739518
 40
0.5980054794820556
 40
0.8763786982073058
 40
0.9999999999999998
 40
0.9999999999999998
 40
0.9999999999999998
 40
0.9999999999999998
 10
175.7417940849515
 20
171.886970246579
 30
0.0
 10
175.7417940849515
 20
171.9243738594415
 30
0.0
 10
175.7417940849515
 20
172.2121410465814
 30
0.0
 10
175.7417940849515
 20
172.7741334005315
 30
0.0
 10
175.7417940849515
 20
173.5371529145102
 30
0.0
 10
175.7417940849515
 20
174.1489177231868
 30
0.0
 10
175.7417940849515
 20
174.5011076660485
 30
0.0
 10
175.7417940849515
 20
174.6094130707061
 30
0.0
  0
SPLINE
  5
157
330
1F
100
AcDbEntity
  8
0
  6
Continuous
 62
     7
370
    30
100
AcDbSpline
210
0.0
220
0.0
230
1.0
 70
    24
 71
     3
 72
    12
 73
     8
 74
     0
 42
0.00000001
 43
0.0000000001
 40
0.0
 40
0.0
 40
0.0
 40
0.0
 40
0.0415601172452167
 40
0.3196960510756
 40
0.5980084510596369
 40
0.8763796120264508
 40
1.0
 40
1.0
 40
1.0
 40
1.0
 10
155.7417940849515
 20
171.886950246579
 30
0.0
 10
155.7417940849515
 20
171.9243605025856
 30
0.0
 10
155.7417940849515
 20
172.2121342604039
 30
0.0
 10
155.7417940849515
 20
172.774133333105
 30
0.0
 10
155.7417940849515
 20
173.5371529329734
 30
0.0
 10
155.7417940849515
 20
174.1489177213999
 30
0.0
 10
155.7417940849515
 20
174.5011076656282
 30
0.0
 10
155.7417940849515
 20
174.6094130707061
 30
0.0
  0
LINE
  5
158
330
1F
100
AcDbEntity
  8
0
  6
Continuous
 62
     7
370
    30
100
AcDbLine
 10
155.7417940849515
 20
174.9107846744609
 30
0.0
 11
175.7417940849515
 21
174.9107846744609
 31
0.0
  0
LINE
  5
159
330
1F
100
AcDbEntity
  8
0
  6
Continuous
 62
     7
370
    30
100
AcDbLine
 10
175.7417940849515
 20
174.9107846744609
 30
0.0
 11
175.7417940849515
 21
174.6094130707061
 31
0.0
  0
LINE
  5
15A
330
1F
100
AcDbEntity
  8
0
  6
Continuous
 62
     7
370
    30
100
AcDbLine
 10
155.7417940849515
 20
174.9107846744609
 30
0.0
 11
155.7417940849515
 21
174.6094130707061
 31
0.0
  0
SPLINE
  5
15B
330
1F
100
AcDbEntity
  8
0
  6
Continuous
 62
     7
370
    30
100
AcDbSpline
210
0.0
220
0.0
230
1.0
 70
    24
 71
     3
 72
    10
 73
     6
 74
     0
 42
0.00000001
 43
0.0000000001
 40
0.0
 40
0.0
 40
0.0
 40
0.0
 40
0.2206284226904917
 40
0.7174444509639879
 40
0.9999999999999998
 40
0.9999999999999998
 40
0.9999999999999998
 40
0.9999999999999998
 10
175.7417940849515
 20
145.222029930635
 30
0.0
 10
175.7417940849515
 20
145.3185988278262
 30
0.0
 10
175.7417940849515
 20
145.6326237325991
 30
0.0
 10
175.7417940849515
 20
146.0877587919583
 30
0.0
 10
175.7417940849515
 20
146.4660680514147
 30
0.0
 10
175.7417940849515
 20
146.6032213472536
 30
0.0
  0
LINE
  5
15C
330
1F
100
AcDbEntity
  8
0
  6
Continuous
 62
     7
370
    30
100
AcDbLine
 10
155.7417940849515
 20
145.222029930635
 30
0.0
 11
175.7417940849515
 21
145.222029930635
 31
0.0
  0
SPLINE
  5
15D
330
1F
100
AcDbEntity
  8
0
  6
Continuous
 62
     7
370
    30
100
AcDbSpline
210
0.0
220
0.0
230
1.0
 70
    24
 71
     3
 72
    10
 73
     6
 74
     0
 42
0.00000001
 43
0.0000000001
 40
0.0
 40
0.0
 40
0.0
 40
0.0
 40
0.2825555490359682
 40
0.7793715773094947
 40
0.9999999999999998
 40
0.9999999999999998
 40
0.9999999999999998
 40
0.9999999999999998
 10
155.7417940849515
 20
146.6032213472535
 30
0.0
 10
155.7417940849515
 20
146.4660680514147
 30
0.0
 10
155.7417940849515
 20
146.0877587919582
 30
0.0
 10
155.7417940849515
 20
145.6326237325991
 30
0.0
 10
155.7417940849515
 20
145.3185988278262
 30
0.0
 10
155.7417940849515
 20
145.222029930635
 30
0.0
  0
LINE
  5
15E
330
1F
100
AcDbEntity
  8
0
  6
Continuous
 62
     7
370
    30
100
AcDbLine
 10
175.7417940849515
 20
145.222029930635
 30
0.0
 11
175.7417940849515
 21
145.2088086781292
 31
0.0
  0
LINE
  5
15F
330
1F
100
AcDbEntity
  8
0
  6
Continuous
 62
     7
370
    30
100
AcDbLine
 10
155.7417940849515
 20
145.222029930635
 30
0.0
 11
155.7417940849515
 21
145.2088086781292
 31
0.0
  0
INSERT
  5
16B
330
1F
100
AcDbEntity
  8
图框
370
    30
100
AcDbBlockReference
  2
SW_CENTERMARKSYMBOL_1
 10
181.7417940849515
 20
160.2088086781292
 30
0.0
  0
LINE
  5
16E
330
1F
100
AcDbEntity
  8
0
  6
Continuous
 62
     7
370
    30
100
AcDbLine
 10
80.42550512060619
 20
75.91949581723373
 30
0.0
 11
80.42550512060619
 21
87.91949581723374
 31
0.0
  0
SPLINE
  5
16F
330
1F
100
AcDbEntity
  8
0
  6
Continuous
 62
     7
370
    30
100
AcDbSpline
210
0.0
220
0.0
230
1.0
 70
    24
 71
     3
 72
    36
 73
    32
 74
     0
 42
0.00000001
 43
0.0000000001
 40
0.0
 40
0.0
 40
0.0
 40
0.0
 40
0.2191232185722415
 40
0.2236064693373422
 40
0.2286171613497137
 40
0.234155294611084
 40
0.2402208691227308
 40
0.2468138848856243
 40
0.2539343419005202
 40
0.2615822401680163
 40
0.2697575796885965
 40
0.2784603604626552
 40
0.2876905824905197
 40
0.2974482457724647
 40
0.3077333503087222
 40
0.3185458960994902
 40
0.329885883144939
 40
0.3417533114452166
 40
0.3541481810004518
 40
0.3670704918107577
 40
0.3805202438762341
 40
0.3944974371969694
 40
0.4090020717730426
 40
0.4240341476045241
 40
0.4395936646914776
 40
0.4556806230339598
 40
0.4722950226320225
 40
0.4894368634857128
 40
0.5071061455950733
 40
0.5253028689601433
 40
0.5369936693187651
 40
0.5369936693187651
 40
0.5369936693187651
 40
0.5369936693187651
 10
70.33200917773214
 20
87.91949581723374
 30
0.0
 10
71.25089245550089
 20
87.91949581723374
 30
0.0
 10
71.07223747602441
 20
87.91949581723374
 30
0.0
 10
71.26532068613435
 20
87.91949581723374
 30
0.0
 10
71.27889266418518
 20
87.91949581723374
 30
0.0
 10
71.29487271707915
 20
87.91949581723374
 30
0.0
 10
71.31343586078732
 20
87.91949581723374
 30
0.0
 10
71.33476052236554
 20
87.91949581723374
 30
0.0
 10
71.35902094173528
 20
87.91949581723374
 30
0.0
 10
71.38638932072105
 20
87.91949581723374
 30
0.0
 10
71.41703498437475
 20
87.91949581723374
 30
0.0
 10
71.45112445084325
 20
87.91949581723374
 30
0.0
 10
71.48882123054502
 20
87.91949581723374
 30
0.0
 10
71.53028570842896
 20
87.91949581723374
 30
0.0
 10
71.57567500413748
 20
87.91949581723374
 30
0.0
 10
71.62514284125759
 20
87.91949581723374
 30
0.0
 10
71.67883941659972
 20
87.91949581723374
 30
0.0
 10
71.7369112722521
 20
87.91949581723374
 30
0.0
 10
71.79950116971069
 20
87.91949581723374
 30
0.0
 10
71.86674796638671
 20
87.91949581723374
 30
0.0
 10
71.9387864945015
 20
87.91949581723374
 30
0.0
 10
72.01574744246179
 20
87.91949581723374
 30
0.0
 10
72.09775723878329
 20
87.91949581723374
 30
0.0
 10
72.1849379386354
 20
87.91949581723374
 30
0.0
 10
72.27740711307737
 20
87.91949581723374
 30
0.0
 10
72.37527774105469
 20
87.91949581723374
 30
0.0
 10
72.47865810422331
 20
87.91949581723374
 30
0.0
 10
72.58765168466777
 20
87.91949581723374
 30
0.0
 10
72.70235706557743
 20
87.91949581723374
 30
0.0
 10
72.80734130082624
 20
87.91949581723374
 30
0.0
 10
72.87435369081618
 20
87.91949581723374
 30
0.0
 10
72.90071970165556
 20
87.91949581723374
 30
0.0
  0
SPLINE
  5
171
330
1F
100
AcDbEntity
  8
0
  6
Continuous
 62
     7
370
    30
100
AcDbSpline
210
0.0
220
0.0
230
1.0
 70
    24
 71
     3
 72
    36
 73
    32
 74
     0
 42
0.00000001
 43
0.0000000001
 40
0.0
 40
0.0
 40
0.0
 40
0.0
 40
0.2191232185722415
 40
0.2236064693373422
 40
0.2286171613497137
 40
0.234155294611084
 40
0.2402208691227308
 40
0.2468138848856243
 40
0.2539343419005202
 40
0.2615822401680163
 40
0.2697575796885965
 40
0.2784603604626552
 40
0.2876905824905197
 40
0.2974482457724647
 40
0.3077333503087222
 40
0.3185458960994902
 40
0.329885883144939
 40
0.3417533114452166
 40
0.3541481810004518
 40
0.3670704918107577
 40
0.3805202438762341
 40
0.3944974371969694
 40
0.4090020717730426
 40
0.4240341476045241
 40
0.4395936646914776
 40
0.4556806230339598
 40
0.4722950226320225
 40
0.4894368634857128
 40
0.5071061455950733
 40
0.5253028689601433
 40
0.5369936693187651
 40
0.5369936693187651
 40
0.5369936693187651
 40
0.5369936693187651
 10
70.33200917773214
 20
107.9194958172337
 30
0.0
 10
71.25089245550089
 20
107.9194958172337
 30
0.0
 10
71.07223747602441
 20
107.9194958172337
 30
0.0
 10
71.26532068613435
 20
107.9194958172337
 30
0.0
 10
71.27889266418518
 20
107.9194958172337
 30
0.0
 10
71.29487271707915
 20
107.9194958172337
 30
0.0
 10
71.31343586078732
 20
107.9194958172337
 30
0.0
 10
71.33476052236554
 20
107.9194958172337
 30
0.0
 10
71.35902094173528
 20
107.9194958172337
 30
0.0
 10
71.38638932072105
 20
107.9194958172337
 30
0.0
 10
71.41703498437475
 20
107.9194958172337
 30
0.0
 10
71.45112445084325
 20
107.9194958172337
 30
0.0
 10
71.48882123054502
 20
107.9194958172337
 30
0.0
 10
71.53028570842896
 20
107.9194958172337
 30
0.0
 10
71.57567500413748
 20
107.9194958172337
 30
0.0
 10
71.62514284125759
 20
107.9194958172337
 30
0.0
 10
71.67883941659972
 20
107.9194958172337
 30
0.0
 10
71.7369112722521
 20
107.9194958172337
 30
0.0
 10
71.79950116971069
 20
107.9194958172337
 30
0.0
 10
71.86674796638671
 20
107.9194958172337
 30
0.0
 10
71.9387864945015
 20
107.9194958172337
 30
0.0
 10
72.01574744246179
 20
107.9194958172337
 30
0.0
 10
72.09775723878329
 20
107.9194958172337
 30
0.0
 10
72.1849379386354
 20
107.9194958172337
 30
0.0
 10
72.27740711307737
 20
107.9194958172337
 30
0.0
 10
72.37527774105469
 20
107.9194958172337
 30
0.0
 10
72.47865810422331
 20
107.9194958172337
 30
0.0
 10
72.58765168466777
 20
107.9194958172337
 30
0.0
 10
72.70235706557743
 20
107.9194958172337
 30
0.0
 10
72.80734130082624
 20
107.9194958172337
 30
0.0
 10
72.87435369081618
 20
107.9194958172337
 30
0.0
 10
72.90071970165556
 20
107.9194958172337
 30
0.0
  0
LINE
  5
173
330
1F
100
AcDbEntity
  8
0
  6
Continuous
 62
     7
370
    30
100
AcDbLine
 10
74.12343236253116
 20
87.91949581723374
 30
0.0
 11
72.90071970165556
 21
87.91949581723374
 31
0.0
  0
LINE
  5
175
330
1F
100
AcDbEntity
  8
0
  6
Continuous
 62
     7
370
    30
100
AcDbLine
 10
74.12343236253116
 20
107.9194958172337
 30
0.0
 11
72.90071970165556
 21
107.9194958172337
 31
0.0
  0
SPLINE
  5
177
330
1F
100
AcDbEntity
  8
0
  6
Continuous
 62
     7
370
    30
100
AcDbSpline
210
0.0
220
0.0
230
1.0
 70
    24
 71
     3
 72
    36
 73
    32
 74
     0
 42
0.00000001
 43
0.0000000001
 40
0.4630063306812352
 40
0.4630063306812352
 40
0.4630063306812352
 40
0.4630063306812352
 40
0.4746971310398568
 40
0.4928938544049268
 40
0.5105631365142873
 40
0.5277049773679776
 40
0.5443193769660402
 40
0.5604063353085225
 40
0.575965852395476
 40
0.5909979282269575
 40
0.6055025628030306
 40
0.619479756123766
 40
0.6329295081892424
 40
0.6458518189995482
 40
0.6582466885547835
 40
0.670114116855061
 40
0.6814541039005098
 40
0.6922666496912778
 40
0.7025517542275353
 40
0.7123094175094803
 40
0.7215396395373448
 40
0.7302424203114036
 40
0.7384177598319837
 40
0.7460656580994798
 40
0.7531861151143758
 40
0.7597791308772692
 40
0.7658447053889159
 40
0.7713828386502863
 40
0.7763935306626577
 40
0.7808767814277586
 40
1.0
 40
1.0
 40
1.0
 40
1.0
 10
66.95029053955682
 20
87.91949581723374
 30
0.0
 10
66.97665655039618
 20
87.91949581723374
 30
0.0
 10
67.04366894038613
 20
87.91949581723374
 30
0.0
 10
67.14865317563493
 20
87.91949581723374
 30
0.0
 10
67.26335855654459
 20
87.91949581723374
 30
0.0
 10
67.37235213698905
 20
87.91949581723374
 30
0.0
 10
67.47573250015768
 20
87.91949581723374
 30
0.0
 10
67.573603128135
 20
87.91949581723374
 30
0.0
 10
67.66607230257696
 20
87.91949581723374
 30
0.0
 10
67.75325300242909
 20
87.91949581723374
 30
0.0
 10
67.83526279875058
 20
87.91949581723374
 30
0.0
 10
67.91222374671086
 20
87.91949581723374
 30
0.0
 10
67.98426227482564
 20
87.91949581723374
 30
0.0
 10
68.05150907150167
 20
87.91949581723374
 30
0.0
 10
68.11409896896027
 20
87.91949581723374
 30
0.0
 10
68.17217082461263
 20
87.91949581723374
 30
0.0
 10
68.22586739995479
 20
87.91949581723374
 30
0.0
 10
68.27533523707488
 20
87.91949581723374
 30
0.0
 10
68.3207245327834
 20
87.91949581723374
 30
0.0
 10
68.36218901066736
 20
87.91949581723374
 30
0.0
 10
68.39988579036911
 20
87.91949581723374
 30
0.0
 10
68.43397525683761
 20
87.91949581723374
 30
0.0
 10
68.46462092049129
 20
87.91949581723374
 30
0.0
 10
68.49198929947708
 20
87.91949581723374
 30
0.0
 10
68.51624971884684
 20
87.91949581723374
 30
0.0
 10
68.53757438042503
 20
87.91949581723374
 30
0.0
 10
68.5561375241332
 20
87.91949581723374
 30
0.0
 10
68.57211757702718
 20
87.91949581723374
 30
0.0
 10
68.58568955507802
 20
87.91949581723374
 30
0.0
 10
68.77877276518795
 20
87.91949581723374
 30
0.0
 10
68.60011778571127
 20
87.91949581723374
 30
0.0
 10
69.51900106348022
 20
87.91949581723374
 30
0.0
  0
SPLINE
  5
179
330
1F
100
AcDbEntity
  8
0
  6
Continuous
 62
     7
370
    30
100
AcDbSpline
210
0.0
220
0.0
230
1.0
 70
    24
 71
     3
 72
    36
 73
    32
 74
     0
 42
0.00000001
 43
0.0000000001
 40
0.4630063306812352
 40
0.4630063306812352
 40
0.4630063306812352
 40
0.4630063306812352
 40
0.4746971310398568
 40
0.4928938544049268
 40
0.5105631365142873
 40
0.5277049773679776
 40
0.5443193769660402
 40
0.5604063353085225
 40
0.575965852395476
 40
0.5909979282269575
 40
0.6055025628030306
 40
0.619479756123766
 40
0.6329295081892424
 40
0.6458518189995482
 40
0.6582466885547835
 40
0.670114116855061
 40
0.6814541039005098
 40
0.6922666496912778
 40
0.7025517542275353
 40
0.7123094175094803
 40
0.7215396395373448
 40
0.7302424203114036
 40
0.7384177598319837
 40
0.7460656580994798
 40
0.7531861151143758
 40
0.7597791308772692
 40
0.7658447053889159
 40
0.7713828386502863
 40
0.7763935306626577
 40
0.7808767814277586
 40
1.0
 40
1.0
 40
1.0
 40
1.0
 10
66.95029053955682
 20
107.9194958172337
 30
0.0
 10
66.97665655039618
 20
107.9194958172337
 30
0.0
 10
67.04366894038613
 20
107.9194958172337
 30
0.0
 10
67.14865317563493
 20
107.9194958172337
 30
0.0
 10
67.26335855654459
 20
107.9194958172337
 30
0.0
 10
67.37235213698905
 20
107.9194958172337
 30
0.0
 10
67.47573250015768
 20
107.9194958172337
 30
0.0
 10
67.573603128135
 20
107.9194958172337
 30
0.0
 10
67.66607230257696
 20
107.9194958172337
 30
0.0
 10
67.75325300242909
 20
107.9194958172337
 30
0.0
 10
67.83526279875058
 20
107.9194958172337
 30
0.0
 10
67.91222374671086
 20
107.9194958172337
 30
0.0
 10
67.98426227482564
 20
107.9194958172337
 30
0.0
 10
68.05150907150167
 20
107.9194958172337
 30
0.0
 10
68.11409896896027
 20
107.9194958172337
 30
0.0
 10
68.17217082461263
 20
107.9194958172337
 30
0.0
 10
68.22586739995479
 20
107.9194958172337
 30
0.0
 10
68.27533523707488
 20
107.9194958172337
 30
0.0
 10
68.3207245327834
 20
107.9194958172337
 30
0.0
 10
68.36218901066736
 20
107.9194958172337
 30
0.0
 10
68.39988579036911
 20
107.9194958172337
 30
0.0
 10
68.43397525683761
 20
107.9194958172337
 30
0.0
 10
68.46462092049129
 20
107.9194958172337
 30
0.0
 10
68.49198929947708
 20
107.9194958172337
 30
0.0
 10
68.51624971884684
 20
107.9194958172337
 30
0.0
 10
68.53757438042503
 20
107.9194958172337
 30
0.0
 10
68.5561375241332
 20
107.9194958172337
 30
0.0
 10
68.57211757702718
 20
107.9194958172337
 30
0.0
 10
68.58568955507802
 20
107.9194958172337
 30
0.0
 10
68.77877276518795
 20
107.9194958172337
 30
0.0
 10
68.60011778571127
 20
107.9194958172337
 30
0.0
 10
69.51900106348022
 20
107.9194958172337
 30
0.0
  0
LINE
  5
17A
330
1F
100
AcDbEntity
  8
0
  6
Continuous
 62
     7
370
    30
100
AcDbLine
 10
66.95029053955682
 20
87.91949581723374
 30
0.0
 11
66.04017200947881
 21
87.91949581723379
 31
0.0
  0
SPLINE
  5
17B
330
1F
100
AcDbEntity
  8
0
  6
Continuous
 62
     7
370
    30
100
AcDbSpline
210
0.0
220
0.0
230
1.0
 70
     8
 71
     3
 72
     8
 73
     4
 74
     0
 42
0.00000001
 43
0.0000000001
 40
0.0
 40
0.0
 40
0.0
 40
0.0
 40
0.0001783750458136
 40
0.0001783750458136
 40
0.0001783750458136
 40
0.0001783750458136
 10
65.72757787868098
 20
88.06749993376675
 30
0.0
 10
65.83258872043542
 20
88.02084348704445
 30
0.0
 10
65.93689092197298
 20
87.97152517058597
 30
0.0
 10
66.04017200947892
 20
87.91949581723374
 30
0.0
  0
LINE
  5
17D
330
1F
100
AcDbEntity
  8
0
  6
Continuous
 62
     7
370
    30
100
AcDbLine
 10
66.95029053955682
 20
107.9194958172337
 30
0.0
 11
65.72757787868102
 21
107.9194958172337
 31
0.0
  0
SPLINE
  5
17E
330
1F
100
AcDbEntity
  8
0
  6
Continuous
 62
     7
370
    30
100
AcDbSpline
210
0.0
220
0.0
230
1.0
 70
    24
 71
     3
 72
    11
 73
     7
 74
     0
 42
0.00000001
 43
0.0000000001
 40
0.0
 40
0.0
 40
0.0
 40
0.0
 40
0.1535851366185425
 40
0.4994315903353749
 40
0.845205039803349
 40
1.0
 40
1.0
 40
1.0
 40
1.0
 10
74.12343236253116
 20
87.91949581723374
 30
0.0
 10
74.15985280708293
 20
87.91949581723374
 30
0.0
 10
74.27828562515171
 20
87.91949581723374
 30
0.0
 10
74.4257130206567
 20
87.91949581723377
 30
0.0
 10
74.53184050049941
 20
87.9194958172337
 30
0.0
 10
74.51952288979956
 20
87.91949581723374
 30
0.0
 10
74.51571381191692
 20
87.91949581723374
 30
0.0
  0
SPLINE
  5
17F
330
1F
100
AcDbEntity
  8
0
  6
Continuous
 62
     7
370
    30
100
AcDbSpline
210
0.0
220
0.0
230
1.0
 70
    24
 71
     3
 72
    11
 73
     7
 74
     0
 42
0.00000001
 43
0.0000000001
 40
0.0
 40
0.0
 40
0.0
 40
0.0
 40
0.1547949601966504
 40
0.5005684096646258
 40
0.8464148633814572
 40
1.0
 40
1.0
 40
1.0
 40
1.0
 10
74.51571381191692
 20
107.9194958172337
 30
0.0
 10
74.51952288979956
 20
107.9194958172337
 30
0.0
 10
74.53184050049941
 20
107.9194958172337
 30
0.0
 10
74.4257130206567
 20
107.9194958172337
 30
0.0
 10
74.27828562515171
 20
107.9194958172337
 30
0.0
 10
74.15985280708293
 20
107.9194958172337
 30
0.0
 10
74.12343236253116
 20
107.9194958172337
 30
0.0
  0
SPLINE
  5
180
330
1F
100
AcDbEntity
  8
0
  6
Continuous
 62
     7
370
    30
100
AcDbSpline
210
0.0
220
0.0
230
1.0
 70
     8
 71
     3
 72
    10
 73
     6
 74
     0
 42
0.00000001
 43
0.0000000001
 40
0.0
 40
0.0
 40
0.0
 40
0.0
 40
0.4208882736433616
 40
0.841190436246652
 40
1.0
 40
1.0
 40
1.0
 40
1.0
 10
65.72757787868098
 20
88.06749993376675
 30
0.0
 10
65.63462688090902
 20
88.10734965232221
 30
0.0
 10
65.4488543249561
 20
88.18699359641644
 30
0.0
 10
65.3277339305326
 20
88.23119885513523
 30
0.0
 10
65.32531364405798
 20
88.23233442972387
 30
0.0
 10
65.32464992992183
 20
88.23264583786297
 30
0.0
  0
SPLINE
  5
181
330
1F
100
AcDbEntity
  8
0
  6
Continuous
 62
     7
370
    30
100
AcDbSpline
210
0.0
220
0.0
230
1.0
 70
    24
 71
     3
 72
    11
 73
     7
 74
     0
 42
0.00000001
 43
0.0000000001
 40
0.0
 40
0.0
 40
0.0
 40
0.0
 40
0.1547949601964549
 40
0.500568409664508
 40
0.84641486338142
 40
1.0
 40
1.0
 40
1.0
 40
1.0
 10
65.33529642929527
 20
107.9194958172337
 30
0.0
 10
65.33148735141264
 20
107.9194958172337
 30
0.0
 10
65.31916974071279
 20
107.9194958172337
 30
0.0
 10
65.42529722055547
 20
107.9194958172337
 30
0.0
 10
65.57272461606046
 20
107.9194958172337
 30
0.0
 10
65.69115743412925
 20
107.9194958172337
 30
0.0
 10
65.72757787868102
 20
107.9194958172337
 30
0.0
  0
SPLINE
  5
182
330
1F
100
AcDbEntity
  8
0
  6
Continuous
 62
     7
370
    30
100
AcDbSpline
210
0.0
220
0.0
230
1.0
 70
    24
 71
     3
 72
    36
 73
    32
 74
     0
 42
0.00000001
 43
0.0000000001
 40
0.0
 40
0.0
 40
0.0
 40
0.0
 40
0.2191232185722415
 40
0.2236064693373422
 40
0.2286171613497137
 40
0.234155294611084
 40
0.2402208691227308
 40
0.2468138848856243
 40
0.2539343419005202
 40
0.2615822401680163
 40
0.2697575796885965
 40
0.2784603604626552
 40
0.2876905824905197
 40
0.2974482457724647
 40
0.3077333503087222
 40
0.3185458960994902
 40
0.329885883144939
 40
0.3417533114452166
 40
0.3541481810004518
 40
0.3670704918107577
 40
0.3805202438762341
 40
0.3944974371969694
 40
0.4090020717730426
 40
0.4240341476045241
 40
0.4395936646914776
 40
0.4556806230339598
 40
0.4722950226320225
 40
0.4894368634857128
 40
0.5071061455950733
 40
0.5253028689601433
 40
0.5369936693187541
 40
0.5369936693187541
 40
0.5369936693187541
 40
0.5369936693187541
 10
75.16138169237518
 20
87.91949581723374
 30
0.0
 10
76.16417605899691
 20
87.91949581723374
 30
0.0
 10
76.36063147849239
 20
87.91949581723374
 30
0.0
 10
76.84720644526397
 20
87.91949581723374
 30
0.0
 10
76.87985502374617
 20
87.91949581723374
 30
0.0
 10
76.91666362998589
 20
87.91949581723374
 30
0.0
 10
76.95775027576471
 20
87.91949581723374
 30
0.0
 10
77.00323301473911
 20
87.91949581723374
 30
0.0
 10
77.05322384616547
 20
87.91949581723374
 30
0.0
 10
77.10783046170949
 20
87.91949581723374
 30
0.0
 10
77.16715559055399
 20
87.91949581723374
 30
0.0
 10
77.23129707717532
 20
87.91949581723374
 30
0.0
 10
77.30034774312859
 20
87.91949581723374
 30
0.0
 10
77.37439531742563
 20
87.91949581723374
 30
0.0
 10
77.45352235087915
 20
87.91949581723374
 30
0.0
 10
77.53780613948524
 20
87.91949581723374
 30
0.0
 10
77.62731864953853
 20
87.91949581723374
 30
0.0
 10
77.72212644667435
 20
87.91949581723374
 30
0.0
 10
77.82229062825713
 20
87.91949581723374
 30
0.0
 10
77.92786675933847
 20
87.91949581723374
 30
0.0
 10
78.03890481217388
 20
87.91949581723374
 30
0.0
 10
78.15544910935216
 20
87.91949581723374
 30
0.0
 10
78.27753827057032
 20
87.91949581723374
 30
0.0
 10
78.40520516309062
 20
87.91949581723374
 30
0.0
 10
78.5384768559128
 20
87.91949581723374
 30
0.0
 10
78.67737457769263
 20
87.91949581723374
 30
0.0
 10
78.82191367843626
 20
87.91949581723374
 30
0.0
 10
78.97210359499737
 20
87.91949581723374
 30
0.0
 10
79.1279478204024
 20
87.91949581723374
 30
0.0
 10
79.26863682346439
 20
87.91949581723374
 30
0.0
 10
79.35746863377622
 20
87.91949581723374
 30
0.0
 10
79.392275719334
 20
87.91949581723374
 30
0.0
  0
SPLINE
  5
185
330
1F
100
AcDbEntity
  8
0
  6
Continuous
 62
     7
370
    30
100
AcDbSpline
210
0.0
220
0.0
230
1.0
 70
    24
 71
     3
 72
    36
 73
    32
 74
     0
 42
0.00000001
 43
0.0000000001
 40
0.0
 40
0.0
 40
0.0
 40
0.0
 40
0.2191232185722415
 40
0.2236064693373422
 40
0.2286171613497137
 40
0.234155294611084
 40
0.2402208691227308
 40
0.2468138848856243
 40
0.2539343419005202
 40
0.2615822401680163
 40
0.2697575796885965
 40
0.2784603604626552
 40
0.2876905824905197
 40
0.2974482457724647
 40
0.3077333503087222
 40
0.3185458960994902
 40
0.329885883144939
 40
0.3417533114452166
 40
0.3541481810004518
 40
0.3670704918107577
 40
0.3805202438762341
 40
0.3944974371969694
 40
0.4090020717730426
 40
0.4240341476045241
 40
0.4395936646914776
 40
0.4556806230339598
 40
0.4722950226320225
 40
0.4894368634857128
 40
0.5071061455950733
 40
0.5253028689601433
 40
0.5369936693187541
 40
0.5369936693187541
 40
0.5369936693187541
 40
0.5369936693187541
 10
75.16138169237518
 20
107.9194958172337
 30
0.0
 10
76.16417605899691
 20
107.9194958172337
 30
0.0
 10
76.36063147849239
 20
107.9194958172337
 30
0.0
 10
76.84720644526397
 20
107.9194958172337
 30
0.0
 10
76.87985502374617
 20
107.9194958172337
 30
0.0
 10
76.91666362998589
 20
107.9194958172337
 30
0.0
 10
76.95775027576471
 20
107.9194958172337
 30
0.0
 10
77.00323301473911
 20
107.9194958172337
 30
0.0
 10
77.05322384616547
 20
107.9194958172337
 30
0.0
 10
77.10783046170949
 20
107.9194958172337
 30
0.0
 10
77.16715559055399
 20
107.9194958172337
 30
0.0
 10
77.23129707717532
 20
107.9194958172337
 30
0.0
 10
77.30034774312859
 20
107.9194958172337
 30
0.0
 10
77.37439531742563
 20
107.9194958172337
 30
0.0
 10
77.45352235087915
 20
107.9194958172337
 30
0.0
 10
77.53780613948524
 20
107.9194958172337
 30
0.0
 10
77.62731864953853
 20
107.9194958172337
 30
0.0
 10
77.72212644667435
 20
107.9194958172337
 30
0.0
 10
77.82229062825713
 20
107.9194958172337
 30
0.0
 10
77.92786675933847
 20
107.9194958172337
 30
0.0
 10
78.03890481217388
 20
107.9194958172337
 30
0.0
 10
78.15544910935216
 20
107.9194958172337
 30
0.0
 10
78.27753827057032
 20
107.9194958172337
 30
0.0
 10
78.40520516309062
 20
107.9194958172337
 30
0.0
 10
78.5384768559128
 20
107.9194958172337
 30
0.0
 10
78.67737457769263
 20
107.9194958172337
 30
0.0
 10
78.82191367843626
 20
107.9194958172337
 30
0.0
 10
78.97210359499737
 20
107.9194958172337
 30
0.0
 10
79.1279478204024
 20
107.9194958172337
 30
0.0
 10
79.26863682346439
 20
107.9194958172337
 30
0.0
 10
79.35746863377622
 20
107.9194958172337
 30
0.0
 10
79.392275719334
 20
107.9194958172337
 30
0.0
  0
LINE
  5
186
330
1F
100
AcDbEntity
  8
0
  6
Continuous
 62
     7
370
    30
100
AcDbLine
 10
80.33487964488818
 20
87.91949581723374
 30
0.0
 11
79.392275719334
 21
87.91949581723374
 31
0.0
  0
LINE
  5
188
330
1F
100
AcDbEntity
  8
0
  6
Continuous
 62
     7
370
    30
100
AcDbLine
 10
80.33487964488818
 20
107.9194958172337
 30
0.0
 11
79.392275719334
 21
107.9194958172337
 31
0.0
  0
SPLINE
  5
18B
330
1F
100
AcDbEntity
  8
0
  6
Continuous
 62
     7
370
    30
100
AcDbSpline
210
0.0
220
0.0
230
1.0
 70
     8
 71
     3
 72
    18
 73
    14
 74
     0
 42
0.00000001
 43
0.0000000001
 40
0.0
 40
0.0
 40
0.0
 40
0.0
 40
0.125
 40
0.125
 40
0.25
 40
0.25
 40
0.375
 40
0.375
 40
0.5
 40
0.5
 40
0.75
 40
0.75
 40
1.0
 40
1.0
 40
1.0
 40
1.0
 10
64.68962854883705
 20
88.44132928302249
 30
0.0
 10
64.48399696019741
 20
88.49967191774423
 30
0.0
 10
64.27173031349946
 20
88.55069804770792
 30
0.0
 10
63.88730691214764
 20
88.63002009370104
 30
0.0
 10
63.71951283419909
 20
88.65808756077795
 30
0.0
 10
63.44434312715922
 20
88.69908143628947
 30
0.0
 10
63.32788354924172
 20
88.71376457577717
 30
0.0
 10
63.07043400300499
 20
88.7414026167757
 30
0.0
 10
62.92205491115136
 20
88.75467302362002
 30
0.0
 10
62.42853777986943
 20
88.78491011613203
 30
0.0
 10
62.04719422423768
 20
88.7901853909131
 30
0.0
 10
61.27244191063802
 20
88.75257884004858
 30
0.0
 10
60.87073794425805
 20
88.71091635104017
 30
0.0
 10
60.45873452181098
 20
88.6409278480994
 30
0.0
  0
SPLINE
  5
18C
330
1F
100
AcDbEntity
  8
0
  6
Continuous
 62
     7
370
    30
100
AcDbSpline
210
0.0
220
0.0
230
1.0
 70
    24
 71
     3
 72
    36
 73
    32
 74
     0
 42
0.00000001
 43
0.0000000001
 40
0.463006330681246
 40
0.463006330681246
 40
0.463006330681246
 40
0.463006330681246
 40
0.4746971310398568
 40
0.4928938544049268
 40
0.5105631365142873
 40
0.5277049773679776
 40
0.5443193769660402
 40
0.5604063353085225
 40
0.575965852395476
 40
0.5909979282269575
 40
0.6055025628030306
 40
0.619479756123766
 40
0.6329295081892424
 40
0.6458518189995482
 40
0.6582466885547835
 40
0.670114116855061
 40
0.6814541039005098
 40
0.6922666496912778
 40
0.7025517542275353
 40
0.7123094175094803
 40
0.7215396395373448
 40
0.7302424203114036
 40
0.7384177598319837
 40
0.7460656580994798
 40
0.7531861151143758
 40
0.7597791308772692
 40
0.7658447053889159
 40
0.7713828386502863
 40
0.7763935306626577
 40
0.7808767814277586
 40
1.0
 40
1.0
 40
1.0
 40
1.0
 10
60.45873452187819
 20
107.9194958172337
 30
0.0
 10
60.49354160743598
 20
107.9194958172337
 30
0.0
 10
60.58237341774781
 20
107.9194958172337
 30
0.0
 10
60.7230624208098
 20
107.9194958172337
 30
0.0
 10
60.87890664621484
 20
107.9194958172337
 30
0.0
 10
61.02909656277594
 20
107.9194958172337
 30
0.0
 10
61.17363566351956
 20
107.9194958172337
 30
0.0
 10
61.3125333852994
 20
107.9194958172337
 30
0.0
 10
61.44580507812158
 20
107.9194958172337
 30
0.0
 10
61.57347197064189
 20
107.9194958172337
 30
0.0
 10
61.69556113186004
 20
107.9194958172337
 30
0.0
 10
61.81210542903833
 20
107.9194958172337
 30
0.0
 10
61.92314348187375
 20
107.9194958172337
 30
0.0
 10
62.02871961295508
 20
107.9194958172337
 30
0.0
 10
62.12888379453787
 20
107.9194958172337
 30
0.0
 10
62.22369159167367
 20
107.9194958172337
 30
0.0
 10
62.31320410172697
 20
107.9194958172337
 30
0.0
 10
62.39748789033306
 20
107.9194958172337
 30
0.0
 10
62.4766149237866
 20
107.9194958172337
 30
0.0
 10
62.55066249808362
 20
107.9194958172337
 30
0.0
 10
62.61971316403688
 20
107.9194958172337
 30
0.0
 10
62.68385465065822
 20
107.9194958172337
 30
0.0
 10
62.74317977950275
 20
107.9194958172337
 30
0.0
 10
62.79778639504676
 20
107.9194958172337
 30
0.0
 10
62.84777722647311
 20
107.9194958172337
 30
0.0
 10
62.89325996544752
 20
107.9194958172337
 30
0.0
 10
62.93434661122634
 20
107.9194958172337
 30
0.0
 10
62.97115521746604
 20
107.9194958172337
 30
0.0
 10
63.00380379594825
 20
107.9194958172337
 30
0.0
 10
63.49037876271984
 20
107.9194958172337
 30
0.0
 10
63.68683418221483
 20
107.9194958172337
 30
0.0
 10
64.68962854883705
 20
107.9194958172337
 30
0.0
  0
SPLINE
  5
18E
330
1F
100
AcDbEntity
  8
0
  6
Continuous
 62
     7
370
    30
100
AcDbSpline
210
0.0
220
0.0
230
1.0
 70
     8
 71
     3
 72
     8
 73
     4
 74
     0
 42
0.00000001
 43
0.0000000001
 40
0.0
 40
0.0
 40
0.0
 40
0.0
 40
1.0
 40
1.0
 40
1.0
 40
1.0
 10
59.51613059632402
 20
88.43247251088376
 30
0.0
 10
59.81706690498303
 20
88.51511954282093
 30
0.0
 10
60.13106195887075
 20
88.58526493152025
 30
0.0
 10
60.45873452187837
 20
88.64092784811084
 30
0.0
  0
LINE
  5
18F
330
1F
100
AcDbEntity
  8
0
  6
Continuous
 62
     7
370
    30
100
AcDbLine
 10
60.45873452187819
 20
107.9194958172337
 30
0.0
 11
59.51613059632403
 21
107.9194958172337
 31
0.0
  0
LINE
  5
190
330
1F
100
AcDbEntity
  8
0
  6
Continuous
 62
     7
370
    30
100
AcDbLine
 10
59.42550512060618
 20
84.51949581723374
 30
0.0
 11
59.42550512060618
 21
87.91949581723374
 31
0.0
  0
SPLINE
  5
191
330
1F
100
AcDbEntity
  8
0
  6
Continuous
 62
     7
370
    30
100
AcDbSpline
210
0.0
220
0.0
230
1.0
 70
     8
 71
     3
 72
    24
 73
    20
 74
     0
 42
0.00000001
 43
0.0000000001
 40
0.0
 40
0.0
 40
0.0
 40
0.0
 40
0.1249999999999996
 40
0.1249999999999996
 40
0.2499999999999992
 40
0.2499999999999992
 40
0.3749999999999987
 40
0.3749999999999987
 40
0.4999999999999983
 40
0.4999999999999983
 40
0.5624999999999981
 40
0.5624999999999981
 40
0.6249999999999978
 40
0.6249999999999978
 40
0.7499999999999984
 40
0.7499999999999984
 40
0.8749999999999992
 40
0.8749999999999992
 40
1.0
 40
1.0
 40
1.0
 40
1.0
 10
59.42550512060618
 20
84.51949581723374
 30
0.0
 10
59.42550512060618
 20
84.51949581723374
 30
0.0
 10
59.44304945419695
 20
84.45087348620884
 30
0.0
 10
59.50276083427638
 20
84.1909699119509
 30
0.0
 10
59.54494528164907
 20
83.9983465477114
 30
0.0
 10
59.63020562390838
 20
83.51911749630163
 30
0.0
 10
59.67273885531121
 20
83.23412147934929
 30
0.0
 10
59.73450787923511
 20
82.60173427580612
 30
0.0
 10
59.75247335830299
 20
82.2633337848565
 30
0.0
 10
59.75251571560189
 20
81.74883310275088
 30
0.0
 10
59.74819211047133
 20
81.5796392481897
 30
0.0
 10
59.73157858978897
 20
81.24574475269923
 30
0.0
 10
59.71909957138752
 20
81.0798126138499
 30
0.0
 10
59.67324046925852
 20
80.60940228279939
 30
0.0
 10
59.63033238452162
 20
80.32081578932176
 30
0.0
 10
59.54546443418418
 20
79.84333570356186
 30
0.0
 10
59.50311741274274
 20
79.64963864752549
 30
0.0
 10
59.44326972488116
 20
79.38901267576771
 30
0.0
 10
59.42550512060619
 20
79.31949581723374
 30
0.0
 10
59.42550512060618
 20
79.31949581723374
 30
0.0
  0
LINE
  5
192
330
1F
100
AcDbEntity
  8
0
  6
Continuous
 62
     7
370
    30
100
AcDbLine
 10
59.42550512060618
 20
75.91949581723373
 30
0.0
 11
59.42550512060618
 21
79.31949581723374
 31
0.0
  0
LINE
  5
193
330
1F
100
AcDbEntity
  8
0
  6
Continuous
 62
     7
370
    30
100
AcDbLine
 10
80.42550512060619
 20
75.91949581723373
 30
0.0
 11
69.59962537598485
 21
75.91949581723378
 31
0.0
  0
SPLINE
  5
194
330
1F
100
AcDbEntity
  8
0
  6
Continuous
 62
     7
370
    30
100
AcDbSpline
210
0.0
220
0.0
230
1.0
 70
     8
 71
     3
 72
    18
 73
    14
 74
     0
 42
0.00000001
 43
0.0000000001
 40
0.0
 40
0.0
 40
0.0
 40
0.0
 40
0.2500000000000003
 40
0.2500000000000003
 40
0.5000000000000007
 40
0.5000000000000007
 40
0.6250000000000005
 40
0.6250000000000005
 40
0.7500000000000004
 40
0.7500000000000004
 40
0.8750000000000001
 40
0.8750000000000001
 40
1.0
 40
1.0
 40
1.0
 40
1.0
 10
69.59962537598484
 20
75.91949581723373
 30
0.0
 10
69.86324400335664
 20
77.02122897157446
 30
0.0
 10
70.0042033654108
 20
78.13201761090205
 30
0.0
 10
70.06069053573188
 20
80.37021110067161
 30
0.0
 10
69.97299043960822
 20
81.51018274860028
 30
0.0
 10
69.61524431672152
 20
83.1577565614585
 30
0.0
 10
69.45805641927647
 20
83.6987120345171
 30
0.0
 10
69.04416900151362
 20
84.75680723550627
 30
0.0
 10
68.79270923758229
 20
85.26036314523356
 30
0.0
 10
68.17696742696726
 20
86.20148700468222
 30
0.0
 10
67.80873009809481
 20
86.63900497596937
 30
0.0
 10
66.98245451174996
 20
87.3742505513386
 30
0.0
 10
66.51448674178155
 20
87.68055285678403
 30
0.0
 10
66.04017200947874
 20
87.91949581723379
 30
0.0
  0
LINE
  5
195
330
1F
100
AcDbEntity
  8
0
  6
Continuous
 62
     7
370
    30
100
AcDbLine
 10
74.53218515600919
 20
107.9194958172337
 30
0.0
 11
75.16138169237518
 21
107.9194958172337
 31
0.0
  0
LINE
  5
196
330
1F
100
AcDbEntity
  8
0
  6
Continuous
 62
     7
370
    30
100
AcDbLine
 10
69.51900106348022
 20
107.9194958172337
 30
0.0
 11
70.33200917773214
 21
107.9194958172337
 31
0.0
  0
SPLINE
  5
197
330
1F
100
AcDbEntity
  8
0
  6
Continuous
 62
     7
370
    30
100
AcDbSpline
210
0.0
220
0.0
230
1.0
 70
     8
 71
     3
 72
     8
 73
     4
 74
     0
 42
0.00000001
 43
0.0000000001
 40
0.0
 40
0.0
 40
0.0
 40
0.0
 40
1.0
 40
1.0
 40
1.0
 40
1.0
 10
65.40951148250636
 20
88.20002930888144
 30
0.0
 10
65.1688260319905
 20
88.29388746531753
 30
0.0
 10
64.92638428191937
 20
88.37415597883845
 30
0.0
 10
64.68962854884374
 20
88.44132928302059
 30
0.0
  0
LINE
  5
198
330
1F
100
AcDbEntity
  8
0
  6
Continuous
 62
     7
370
    30
100
AcDbLine
 10
64.68962854883705
 20
107.9194958172337
 30
0.0
 11
65.31882508520299
 21
107.9194958172337
 31
0.0
  0
SPLINE
  5
199
330
1F
100
AcDbEntity
  8
0
  6
Continuous
 62
     7
370
    30
100
AcDbSpline
210
0.0
220
0.0
230
1.0
 70
    24
 71
     3
 72
    13
 73
     9
 74
     0
 42
0.00000001
 43
0.0000000001
 40
0.0
 40
0.0
 40
0.0
 40
0.0
 40
0.046574688214531
 40
0.2169689167543152
 40
0.4442018246032509
 40
0.6715789026666564
 40
0.8990039875762134
 40
1.0
 40
1.0
 40
1.0
 40
1.0
 10
80.39013255602121
 20
87.91949581723374
 30
0.0
 10
80.4373849412698
 20
87.91949581723374
 30
0.0
 10
80.65751092030417
 20
87.91949581723375
 30
0.0
 10
81.13410239174283
 20
87.91949581723374
 30
0.0
 10
81.8418974313154
 20
87.91949581723374
 30
0.0
 10
82.61401198734674
 20
87.91949581723374
 30
0.0
 10
83.23932652189705
 20
87.91949581723374
 30
0.0
 10
83.60320792028302
 20
87.91949581723374
 30
0.0
 10
83.71510867979749
 20
87.91949581723374
 30
0.0
  0
SPLINE
  5
19B
330
1F
100
AcDbEntity
  8
0
  6
Continuous
 62
     7
370
    30
100
AcDbSpline
210
0.0
220
0.0
230
1.0
 70
    24
 71
     3
 72
    13
 73
     9
 74
     0
 42
0.00000001
 43
0.0000000001
 40
0.0
 40
0.0
 40
0.0
 40
0.0
 40
0.0465746882145315
 40
0.2169689167543156
 40
0.4442018246032512
 40
0.6715789026666565
 40
0.8990039875762134
 40
0.9999999999999998
 40
0.9999999999999998
 40
0.9999999999999998
 40
0.9999999999999998
 10
80.39013255602121
 20
107.9194958172337
 30
0.0
 10
80.43738494126982
 20
107.9194958172337
 30
0.0
 10
80.65751092030417
 20
107.9194958172337
 30
0.0
 10
81.13410239174283
 20
107.9194958172337
 30
0.0
 10
81.8418974313154
 20
107.9194958172337
 30
0.0
 10
82.61401198734674
 20
107.9194958172337
 30
0.0
 10
83.23932652189705
 20
107.9194958172337
 30
0.0
 10
83.60320792028302
 20
107.9194958172337
 30
0.0
 10
83.71510867979749
 20
107.9194958172337
 30
0.0
  0
SPLINE
  5
19C
330
1F
100
AcDbEntity
  8
0
  6
Continuous
 62
     7
370
    30
100
AcDbSpline
210
0.0
220
0.0
230
1.0
 70
    24
 71
     3
 72
    22
 73
    18
 74
     0
 42
0.00000001
 43
0.0000000001
 40
0.4630063306812455
 40
0.4630063306812455
 40
0.4630063306812455
 40
0.4630063306812455
 40
0.4746971310398568
 40
0.4928938544049268
 40
0.5105631365142873
 40
0.5277049773679776
 40
0.5443193769660402
 40
0.5604063353085225
 40
0.575965852395476
 40
0.5909979282269575
 40
0.6055025628030306
 40
0.619479756123766
 40
0.6329295081892424
 40
0.6458518189995482
 40
0.6582466885547835
 40
0.670114116855061
 40
0.6784421882397645
 40
0.6784421882397645
 40
0.6784421882397645
 40
0.6784421882397645
 10
56.1359015614148
 20
87.91949581723374
 30
0.0
 10
56.17117583786059
 20
87.91949581723374
 30
0.0
 10
56.26147677129123
 20
87.91949581723374
 30
0.0
 10
56.40564038705123
 20
87.91949581723374
 30
0.0
 10
56.56692142303788
 20
87.91949581723374
 30
0.0
 10
56.72390097581619
 20
87.91949581723374
 30
0.0
 10
56.87648664803943
 20
87.91949581723374
 30
0.0
 10
57.02459166946102
 20
87.91949581723374
 30
0.0
 10
57.16813494193587
 20
87.91949581723374
 30
0.0
 10
57.30704108060081
 20
87.91949581723374
 30
0.0
 10
57.44124045121443
 20
87.91949581723374
 30
0.0
 10
57.5706692036382
 20
87.91949581723374
 30
0.0
 10
57.69526930144326
 20
87.91949581723374
 30
0.0
 10
57.81498854762949
 20
87.91949581723374
 30
0.0
 10
57.92978060644507
 20
87.91949581723374
 30
0.0
 10
58.03031399191782
 20
87.91949581723374
 30
0.0
 10
58.09254963978843
 20
87.91949581723374
 30
0.0
 10
58.11820007519862
 20
87.91949581723374
 30
0.0
  0
SPLINE
  5
19E
330
1F
100
AcDbEntity
  8
0
  6
Continuous
 62
     7
370
    30
100
AcDbSpline
210
0.0
220
0.0
230
1.0
 70
     8
 71
     3
 72
    11
 73
     7
 74
     0
 42
0.00000001
 43
0.0000000001
 40
0.0
 40
0.0
 40
0.0
 40
0.0
 40
0.1742153948230359
 40
0.4988504411970882
 40
0.820853586860769
 40
1.0
 40
1.0
 40
1.0
 40
1.0
 10
59.52837536967762
 20
88.43288764235504
 30
0.0
 10
59.44795582943193
 20
88.41145026640338
 30
0.0
 10
59.21768155790054
 20
88.35006622819909
 30
0.0
 10
58.83485424999983
 20
88.22042321833468
 30
0.0
 10
58.44010514720825
 20
88.06704941260438
 30
0.0
 10
58.20296926598054
 20
87.95835198932158
 30
0.0
 10
58.11820007522234
 20
87.91949581723374
 30
0.0
  0
SPLINE
  5
19F
330
1F
100
AcDbEntity
  8
0
  6
Continuous
 62
     7
370
    30
100
AcDbSpline
210
0.0
220
0.0
230
1.0
 70
    24
 71
     3
 72
    13
 73
     9
 74
     0
 42
0.00000001
 43
0.0000000001
 40
0.0
 40
0.0
 40
0.0
 40
0.0
 40
0.0465746882145653
 40
0.216968916754334
 40
0.4442018246032654
 40
0.6715789026666651
 40
0.8990039875762144
 40
1.0
 40
1.0
 40
1.0
 40
1.0
 10
59.46087768519113
 20
107.9194958172337
 30
0.0
 10
59.4136252999425
 20
107.9194958172337
 30
0.0
 10
59.19349932090812
 20
107.9194958172337
 30
0.0
 10
58.71690784946941
 20
107.9194958172337
 30
0.0
 10
58.00911280989687
 20
107.9194958172337
 30
0.0
 10
57.23699825386553
 20
107.9194958172337
 30
0.0
 10
56.61168371931523
 20
107.9194958172337
 30
0.0
 10
56.24780232092927
 20
107.9194958172337
 30
0.0
 10
56.1359015614148
 20
107.9194958172337
 30
0.0
  0
LINE
  5
1A1
330
1F
100
AcDbEntity
  8
0
  6
Continuous
 62
     7
370
    30
100
AcDbLine
 10
84.1616646702942
 20
87.91949581723374
 30
0.0
 11
83.71510867979747
 21
87.91949581723374
 31
0.0
  0
LINE
  5
1A2
330
1F
100
AcDbEntity
  8
0
  6
Continuous
 62
     7
370
    30
100
AcDbLine
 10
84.1616646702942
 20
107.9194958172337
 30
0.0
 11
83.71510867979747
 21
107.9194958172337
 31
0.0
  0
LINE
  5
1A4
330
1F
100
AcDbEntity
  8
0
  6
Continuous
 62
     7
370
    30
100
AcDbLine
 10
56.1359015614148
 20
87.91949581723374
 30
0.0
 11
55.68934557091809
 21
87.91949581723374
 31
0.0
  0
LINE
  5
1A5
330
1F
100
AcDbEntity
  8
0
  6
Continuous
 62
     7
370
    30
100
AcDbLine
 10
56.1359015614148
 20
107.9194958172337
 30
0.0
 11
55.68934557091809
 21
107.9194958172337
 31
0.0
  0
SPLINE
  5
1A6
330
1F
100
AcDbEntity
  8
0
  6
Continuous
 62
     7
370
    30
100
AcDbSpline
210
0.0
220
0.0
230
1.0
 70
     8
 71
     3
 72
    26
 73
    22
 74
     0
 42
0.00000001
 43
0.0000000001
 40
0.0
 40
0.0
 40
0.0
 40
0.0
 40
0.0624999999999999
 40
0.0624999999999999
 40
0.1249999999999998
 40
0.1249999999999998
 40
0.2499999999999997
 40
0.2499999999999997
 40
0.3749999999999996
 40
0.3749999999999996
 40
0.4375000000000002
 40
0.4375000000000002
 40
0.5000000000000008
 40
0.5000000000000008
 40
0.6250000000000006
 40
0.6250000000000006
 40
0.7500000000000004
 40
0.7500000000000004
 40
0.8750000000000001
 40
0.8750000000000001
 40
1.0
 40
1.0
 40
1.0
 40
1.0
 10
64.92550512060619
 20
84.51949581723374
 30
0.0
 10
64.92550512060619
 20
84.51949581723374
 30
0.0
 10
64.93468699572739
 20
84.50196016257347
 30
0.0
 10
64.96961357189672
 20
84.43379842072088
 30
0.0
 10
64.99582301749043
 20
84.38223397984922
 30
0.0
 10
65.09273537411989
 20
84.18420725621329
 30
0.0
 10
65.18358792288984
 20
83.99137564909171
 30
0.0
 10
65.36981449013331
 20
83.51987841156557
 30
0.0
 10
65.46642336618024
 20
83.23677565973168
 30
0.0
 10
65.57348300475696
 20
82.76981959059304
 30
0.0
 10
65.60350204479013
 20
82.60335909063373
 30
0.0
 10
65.64386228139598
 20
82.26651713055897
 30
0.0
 10
65.65455849666228
 20
82.0956819202542
 30
0.0
 10
65.65490167693347
 20
81.5755776781533
 30
0.0
 10
65.60995765775411
 20
81.22840681735794
 30
0.0
 10
65.46586004931437
 20
80.59961390451666
 30
0.0
 10
65.3691079315752
 20
80.3171256698886
 30
0.0
 10
65.18283882635178
 20
79.8459196012363
 30
0.0
 10
65.09191970570677
 20
79.65308862459557
 30
0.0
 10
64.96364865497205
 20
79.39104309169803
 30
0.0
 10
64.92550512060606
 20
79.31949581723351
 30
0.0
 10
64.92550512060619
 20
79.31949581723374
 30
0.0
  0
LINE
  5
1A7
330
1F
100
AcDbEntity
  8
0
  6
Continuous
 62
     7
370
    30
100
AcDbLine
 10
64.92550512060619
 20
84.51949581723374
 30
0.0
 11
64.92550512084694
 21
88.37058530386629
 31
0.0
  0
LINE
  5
1A8
330
1F
100
AcDbEntity
  8
0
  6
Continuous
 62
     7
370
    30
100
AcDbLine
 10
64.92550512060619
 20
75.91949581723373
 30
0.0
 11
64.92550512060188
 21
79.31949581722547
 31
0.0
  0
SPLINE
  5
1A9
330
1F
100
AcDbEntity
  8
0
  6
Continuous
 62
     7
370
    30
100
AcDbSpline
210
0.0
220
0.0
230
1.0
 70
     8
 71
     3
 72
    26
 73
    22
 74
     0
 42
0.00000001
 43
0.0000000001
 40
0.0
 40
0.0
 40
0.0
 40
0.0
 40
0.0129885974423675
 40
0.0663395159983443
 40
0.1197058280393908
 40
0.1728872486413606
 40
0.2260926163085247
 40
0.282705003704463
 40
0.339322501120176
 40
0.4008086077232241
 40
0.4622437010011081
 40
0.5198690239335119
 40
0.5774679816806254
 40
0.627448810842949
 40
0.6774544189116597
 40
0.7286066838016037
 40
0.7797803232224868
 40
0.8380695965634936
 40
0.8963504035694443
 40
0.9577930975222731
 40
0.9999999999999998
 40
0.9999999999999998
 40
0.9999999999999998
 40
0.9999999999999998
 10
70.02446241805627
 20
79.32725515460933
 30
0.0
 10
69.99149467085212
 20
79.32421509239607
 30
0.0
 10
69.82311125587722
 20
79.30868791506014
 30
0.0
 10
69.51672858238442
 20
79.34472797948767
 30
0.0
 10
69.12131203816861
 20
79.43494368635018
 30
0.0
 10
68.74978548826994
 20
79.58971628502897
 30
0.0
 10
68.40246720207392
 20
79.79892024735779
 30
0.0
 10
68.08859439857489
 20
80.06411547225299
 30
0.0
 10
67.80761775539655
 20
80.39005708086511
 30
0.0
 10
67.57817609629603
 20
80.77163542753561
 30
0.0
 10
67.4145599148231
 20
81.194938248814
 30
0.0
 10
67.32912305836229
 20
81.63696964391457
 30
0.0
 10
67.31810463370462
 20
82.06081043508866
 30
0.0
 10
67.37310143539732
 20
82.45931442898386
 30
0.0
 10
67.47874550496067
 20
82.82645153775531
 30
0.0
 10
67.63694332832162
 20
83.17235419156993
 30
0.0
 10
67.85227805420229
 20
83.5058552348406
 30
0.0
 10
68.12770841447174
 20
83.81432576529649
 30
0.0
 10
68.47113078560316
 20
84.08805731516883
 30
0.0
 10
68.82240584470039
 20
84.29116626974469
 30
0.0
 10
69.07286260149515
 20
84.36805878717112
 30
0.0
 10
69.17485049409641
 20
84.39937000396353
 30
0.0
  0
LINE
  5
1AA
330
1F
100
AcDbEntity
  8
0
  6
Continuous
 62
     7
370
    30
100
AcDbLine
 10
64.92550512060619
 20
75.91949581723373
 30
0.0
 11
69.59962537598485
 21
75.91949581723373
 31
0.0
  0
SPLINE
  5
1AB
330
1F
100
AcDbEntity
  8
0
  6
Continuous
 62
     7
370
    30
100
AcDbSpline
210
0.0
220
0.0
230
1.0
 70
    24
 71
     3
 72
     9
 73
     5
 74
     0
 42
0.00000001
 43
0.0000000001
 40
0.0
 40
0.0
 40
0.0
 40
0.0
 40
0.591343727345254
 40
0.9999999999999998
 40
0.9999999999999998
 40
0.9999999999999998
 40
0.9999999999999998
 10
84.20492994169833
 20
87.91949581723374
 30
0.0
 10
84.34266216425386
 20
87.91949581723374
 30
0.0
 10
84.57557614674231
 20
87.91949581723375
 30
0.0
 10
84.79091150337557
 20
87.91949581723374
 30
0.0
 10
84.87890964758811
 20
87.91949581723374
 30
0.0
  0
LINE
  5
1AC
330
1F
100
AcDbEntity
  8
0
  6
Continuous
 62
     7
370
    30
100
AcDbLine
 10
84.87890964758811
 20
87.91949581723374
 30
0.0
 11
84.87890964758811
 21
107.9194958172337
 31
0.0
  0
SPLINE
  5
1AD
330
1F
100
AcDbEntity
  8
0
  6
Continuous
 62
     7
370
    30
100
AcDbSpline
210
0.0
220
0.0
230
1.0
 70
    24
 71
     3
 72
     9
 73
     5
 74
     0
 42
0.00000001
 43
0.0000000001
 40
0.0
 40
0.0
 40
0.0
 40
0.0
 40
0.591343727345254
 40
0.9999999999999998
 40
0.9999999999999998
 40
0.9999999999999998
 40
0.9999999999999998
 10
84.20492994169833
 20
107.9194958172337
 30
0.0
 10
84.34266216425386
 20
107.9194958172337
 30
0.0
 10
84.57557614674231
 20
107.9194958172337
 30
0.0
 10
84.79091150337557
 20
107.9194958172337
 30
0.0
 10
84.87890964758811
 20
107.9194958172337
 30
0.0
  0
SPLINE
  5
1AE
330
1F
100
AcDbEntity
  8
0
  6
Continuous
 62
     7
370
    30
100
AcDbSpline
210
0.0
220
0.0
230
1.0
 70
    24
 71
     3
 72
     9
 73
     5
 74
     0
 42
0.00000001
 43
0.0000000001
 40
0.0
 40
0.0
 40
0.0
 40
0.0
 40
0.4086562726547939
 40
1.0
 40
1.0
 40
1.0
 40
1.0
 10
54.97210059362427
 20
87.91949581723374
 30
0.0
 10
55.06009873783681
 20
87.91949581723374
 30
0.0
 10
55.27543409447003
 20
87.91949581723374
 30
0.0
 10
55.50834807695846
 20
87.91949581723374
 30
0.0
 10
55.64608029951396
 20
87.91949581723374
 30
0.0
  0
LINE
  5
1AF
330
1F
100
AcDbEntity
  8
0
  6
Continuous
 62
     7
370
    30
100
AcDbLine
 10
54.97210059362427
 20
107.9194958172337
 30
0.0
 11
54.97210059362427
 21
87.91949581723374
 31
0.0
  0
SPLINE
  5
1B0
330
1F
100
AcDbEntity
  8
0
  6
Continuous
 62
     7
370
    30
100
AcDbSpline
210
0.0
220
0.0
230
1.0
 70
    24
 71
     3
 72
     9
 73
     5
 74
     0
 42
0.00000001
 43
0.0000000001
 40
0.0
 40
0.0
 40
0.0
 40
0.0
 40
0.5913556005555697
 40
1.0
 40
1.0
 40
1.0
 40
1.0
 10
55.64610029951396
 20
107.9194958172337
 30
0.0
 10
55.50836126847297
 20
107.9194958172337
 30
0.0
 10
55.27544044906822
 20
107.9194958172337
 30
0.0
 10
55.06009876626766
 20
107.9194958172337
 30
0.0
 10
54.97210059362427
 20
107.9194958172337
 30
0.0
  0
LINE
  5
1B1
330
1F
100
AcDbEntity
  8
0
  6
Continuous
 62
     7
370
    30
100
AcDbLine
 10
59.42550512060618
 20
84.51949581723374
 30
0.0
 11
64.92550512060619
 21
84.51949581723374
 31
0.0
  0
LINE
  5
1B2
330
1F
100
AcDbEntity
  8
0
  6
Continuous
 62
     7
370
    30
100
AcDbLine
 10
64.92550512060188
 20
79.31949581722547
 30
0.0
 11
59.42550512060618
 21
79.31949581723374
 31
0.0
  0
LINE
  5
1B3
330
1F
100
AcDbEntity
  8
0
  6
Continuous
 62
     7
370
    30
100
AcDbLine
 10
59.42550512060618
 20
87.91949581723374
 30
0.0
 11
58.11820015787695
 21
87.91949585617452
 31
0.0
  0
LINE
  5
1B4
330
1F
100
AcDbEntity
  8
0
  6
Continuous
 62
     7
370
    30
100
AcDbLine
 10
64.92550512060619
 20
75.91949581723373
 30
0.0
 11
59.42550512060618
 21
75.91949581723373
 31
0.0
  0
HATCH
  5
1B5
330
1F
100
AcDbEntity
  8
图框
  6
Continuous
370
    30
100
AcDbHatch
 10
0.0
 20
0.0
 30
0.0
210
0.0
220
0.0
230
1.0
  2
ANSI31
 70
     0
 71
     0
 91
        1
 92
        0
 93
        5
 72
     1
 10
59.42550512060618
 20
87.91949581723374
 11
59.42550512060618
 21
84.51949581723374
 72
     1
 10
59.42550512060618
 20
84.51949581723374
 11
64.92550512060617
 21
84.51949581723374
 72
     1
 10
64.92550512060617
 20
84.51949581723374
 11
64.92550512084694
 21
88.37058530386629
 72
     4
 94
        3
 73
     1
 74
     0
 95
        8
 96
        4
 40
0.8009391516767024
 40
0.8009391516767024
 40
0.8009391516767024
 40
0.8009391516767024
 40
0.9284515580787825
 40
0.9284515580787825
 40
0.9284515580787825
 40
0.9284515580787825
 10
64.92550512084689
 20
88.37058530386631
 42
1.0
 10
62.73305825964621
 20
89.0643079805754
 42
1.0
 10
60.12128241773498
 20
88.86320151396416
 42
1.0
 10
58.11820015787909
 20
87.91949585617553
 42
1.0
 97
        0
 72
     1
 10
58.11820015787695
 20
87.91949585617452
 11
59.42550512060618
 21
87.91949581723374
 97
        0
 75
     0
 76
     1
 52
0.0
 41
1.0
 77
     0
 78
     1
 53
45.0
 43
0.0
 44
0.0
 45
-2.245064030267288
 46
2.245064030267288
 79
     0
 98
        1
 10
0.0
 20
0.0
  0
HATCH
  5
1B6
330
1F
100
AcDbEntity
  8
图框
  6
Continuous
370
    30
100
AcDbHatch
 10
0.0
 20
0.0
 30
0.0
210
0.0
220
0.0
230
1.0
  2
ANSI31
 70
     0
 71
     0
 91
        1
 92
        0
 93
        4
 72
     1
 10
64.92550512060617
 20
75.91949581723373
 11
64.92550512060187
 21
79.31949581722547
 72
     1
 10
64.92550512060187
 20
79.31949581722547
 11
59.42550512060618
 21
79.31949581723374
 72
     1
 10
59.42550512060618
 20
79.31949581723374
 11
59.42550512060618
 21
75.91949581723373
 72
     1
 10
59.42550512060618
 20
75.91949581723373
 11
64.92550512060617
 21
75.91949581723373
 97
        0
 75
     0
 76
     1
 52
0.0
 41
1.0
 77
     0
 78
     1
 53
45.0
 43
0.0
 44
0.0
 45
-2.245064030267288
 46
2.245064030267288
 79
     0
 98
        1
 10
0.0
 20
0.0
  0
LINE
  5
1B8
330
1F
100
AcDbEntity
  8
0
  6
Continuous
 62
     7
100
AcDbLine
 10
144.6443217477213
 20
98.61012993037411
 30
0.0
 11
136.1590403734826
 21
103.5085786013103
 31
0.0
  0
LINE
  5
1B9
330
1F
100
AcDbEntity
  8
0
  6
Continuous
 62
     7
100
AcDbLine
 10
125.659893680804
 20
85.32155249131601
 30
0.0
 11
134.1451750550426
 21
80.42310382037978
 31
0.0
  0
LINE
  5
1BA
330
1F
100
AcDbEntity
  8
0
  6
Continuous
 62
     7
100
AcDbLine
 10
161.5790488713751
 20
81.17575453107965
 30
0.0
 11
147.4369132476441
 21
89.33983564930674
 31
0.0
  0
LINE
  5
1BB
330
1F
100
AcDbEntity
  8
0
  6
Continuous
 62
     7
100
AcDbLine
 10
142.8306089596167
 20
81.36061484566301
 30
0.0
 11
156.9727445833477
 21
73.19653372743593
 31
0.0
  0
LWPOLYLINE
  5
1BC
330
1F
100
AcDbEntity
  8
0
  6
Continuous
 62
     7
100
AcDbPolyline
 90
       99
 70
   128
 43
0.0
 10
138.3340882296021
 20
98.70120813338241
 10
138.3188335490535
 20
99.24171926287781
 10
138.2731321921623
 20
99.76239663693785
 10
138.1971719556067
 20
100.2611006805476
 10
138.0912649762923
 20
100.7357821118202
 10
137.9558464487141
 20
101.1844903629356
 10
137.7914728366489
 20
101.6053815954425
 10
137.5988195865269
 20
101.9967262769856
 10
137.3786783518767
 20
102.3569162883252
 10
137.1319537402518
 20
102.6844715314442
 10
136.8596595960034
 20
102.9780460115883
 10
136.5629148341773
 20
103.2364333682471
 10
136.2429388426514
 20
103.458571832348
 10
135.9010464714094
 20
103.6435485892936
 10
135.5386426295404
 20
103.7906035299122
 10
135.1572165121663
 20
103.8991323739096
 10
134.7583354810187
 20
103.9686891529865
 10
134.3436386238144
 20
103.9989880434177
 10
133.914830018892
 20
103.9899045405634
 10
133.4736717327881
 20
103.9414759704851
 10
133.0219765795285
 20
103.8539013365654
 10
132.5616006713863
 20
103.7275405017595
 10
132.0944357917183
 20
103.5629127098421
 10
131.6224016212217
 20
103.3606944517227
 10
131.1474378495541
 20
103.1217166855996
 10
130.6714962047325
 20
102.8469614223743
 10
130.1965324330649
 20
102.5375576903584
 10
129.7244982625683
 20
102.1947768958534
 10
129.2573333829003
 20
101.8200275986703
 10
128.7969574747581
 20
101.4148497240547
 10
128.3452623214985
 20
100.9809082348038
 10
127.9041040353947
 20
100.519986289577
 10
127.4752954304722
 20
100.0339779155148
 10
127.0605985732679
 20
99.52488022527461
 10
126.6617175421204
 20
98.99478521046674
 10
126.2802914247461
 20
98.44587114521205
 10
125.9178875828773
 20
97.88039363514641
 10
125.5759952116353
 20
97.30067634865323
 10
125.2560192201093
 20
96.70910146841164
 10
124.9592744582832
 20
96.10809990249698
 10
124.6869803140349
 20
95.50014129525804
 10
124.4402557024099
 20
94.88772387901866
 10
124.2201144677598
 20
94.27336420830531
 10
124.0274612176378
 20
93.65958681878467
 10
123.8630876055726
 20
93.04891385340512
 10
123.7276690779943
 20
92.44385469837036
 10
123.6217620986799
 20
91.84689567153318
 10
123.5458018621244
 20
91.2604898055822
 10
123.5001005052332
 20
90.68704676800425
 10
123.4848458246846
 20
90.12892295924389
 10
123.5001005052332
 20
89.58841182974849
 10
123.5458018621244
 20
89.06773445568845
 10
123.62176209868
 20
88.56903041207869
 10
123.7276690779943
 20
88.09434898080612
 10
123.8630876055726
 20
87.64564072969067
 10
124.0274612176378
 20
87.22474949718378
 10
124.2201144677598
 20
86.83340481564071
 10
124.44025570241
 20
86.47321480430113
 10
124.686980314035
 20
86.14565956118211
 10
124.9592744582833
 20
85.852085081038
 10
125.2560192201094
 20
85.59369772437927
 10
125.5759952116354
 20
85.37155926027832
 10
125.9178875828773
 20
85.1865825033327
 10
126.2802914247462
 20
85.03952756271409
 10
126.6617175421204
 20
84.93099871871669
 10
127.060598573268
 20
84.86144193963985
 10
127.4752954304723
 20
84.83114304920865
 10
127.9041040353947
 20
84.84022655206299
 10
128.3452623214986
 20
84.8886551221412
 10
128.7969574747582
 20
84.97622975606098
 10
129.2573333829004
 20
85.10259059086685
 10
129.7244982625684
 20
85.26721838278424
 10
130.196532433065
 20
85.46943664090367
 10
130.6714962047327
 20
85.70841440702677
 10
131.1474378495542
 20
85.98316967025203
 10
131.6224016212218
 20
86.292573402268
 10
132.0944357917184
 20
86.63535419677296
 10
132.5616006713864
 20
87.01010349395605
 10
133.0219765795286
 20
87.41528136857164
 10
133.4736717327882
 20
87.84922285782258
 10
133.9148300188921
 20
88.31014480304935
 10
134.3436386238145
 20
88.79615317711161
 10
134.7583354810188
 20
89.30525086735181
 10
135.1572165121663
 20
89.83534588215968
 10
135.5386426295405
 20
90.38425994741436
 10
135.9010464714095
 20
90.94973745747999
 10
136.2429388426514
 20
91.5294547439732
 10
136.5629148341774
 20
92.12102962421479
 10
136.8596595960035
 20
92.72203119012946
 10
137.1319537402518
 20
93.32998979736839
 10
137.3786783518768
 20
93.94240721360777
 10
137.5988195865269
 20
94.55676688432111
 10
137.791472836649
 20
95.17054427384175
 10
137.9558464487141
 20
95.78121723922128
 10
138.0912649762924
 20
96.38627639425607
 10
138.1971719556067
 20
96.98323542109324
 10
138.2731321921623
 20
97.56964128704423
 10
138.3188335490535
 20
98.14308432462219
 10
138.3340882296021
 20
98.70120813338241
  0
ARC
  5
1BD
330
1F
100
AcDbEntity
  8
0
  6
Continuous
 62
     7
100
AcDbCircle
 10
142.8611323057937
 20
95.52748910814868
 30
0.0
 40
3.561241219666634
100
AcDbArc
 50
45.94972004395518
 51
59.95226566913931
  0
LINE
  5
1BE
330
1F
100
AcDbEntity
  8
0
  6
Continuous
 62
     7
100
AcDbLine
 10
145.3372254345945
 20
98.08705974443865
 30
0.0
 11
145.9282627436323
 21
97.74586116854708
 31
0.0
  0
ARC
  5
1BF
330
1F
100
AcDbEntity
  8
0
  6
Continuous
 62
     7
100
AcDbCircle
 10
141.3249089550195
 20
94.44646261052637
 30
0.0
 40
5.44082694023444
100
AcDbArc
 50
7.010182726579697
 51
37.11097206807576
  0
LINE
  5
1C0
330
1F
100
AcDbEntity
  8
0
  6
Continuous
 62
     7
100
AcDbLine
 10
146.7250628688142
 20
95.11049235451984
 30
0.0
 11
147.7659333359149
 21
94.50961062398988
 31
0.0
  0
LINE
  5
1C1
330
1F
100
AcDbEntity
  8
0
  6
Continuous
 62
     7
100
AcDbLine
 10
146.7943574235547
 20
94.49148118912825
 30
0.0
 11
147.1527780712888
 21
94.2845693534336
 31
0.0
  0
ARC
  5
1C2
330
1F
100
AcDbEntity
  8
0
  6
Continuous
 62
     7
100
AcDbCircle
 10
135.1600016722764
 20
93.80740821613413
 30
0.0
 40
11.6544493469097
100
AcDbArc
 50
345.3123828516046
 51
3.364983952888902
  0
LINE
  5
1C3
330
1F
100
AcDbEntity
  8
0
  6
Continuous
 62
     7
100
AcDbLine
 10
146.4336135984109
 20
90.85243550583689
 30
0.0
 11
160.5757492221419
 21
82.68835438760978
 31
0.0
  0
ARC
  5
1C4
330
1F
100
AcDbEntity
  8
0
  6
Continuous
 62
     7
100
AcDbCircle
 10
145.8197967142528
 20
86.36482788439469
 30
0.0
 40
15.20705730204367
100
AcDbArc
 50
343.1230463420104
 51
346.0095002065336
  0
LINE
  5
1C5
330
1F
100
AcDbEntity
  8
0
  6
Continuous
 62
     7
100
AcDbLine
 10
146.2297570818356
 20
90.11403708520102
 30
0.0
 11
160.3718927055665
 21
81.94995596697394
 31
0.0
  0
ARC
  5
1C6
330
1F
100
AcDbEntity
  8
0
  6
Continuous
 62
     7
100
AcDbCircle
 10
129.5402119982447
 20
95.24018600487107
 30
0.0
 40
17.45904687672972
100
AcDbArc
 50
329.1539627686149
 51
342.9258007016303
  0
LINE
  5
1C7
330
1F
100
AcDbEntity
  8
0
  6
Continuous
 62
     7
100
AcDbLine
 10
144.5296451388896
 20
86.28835870727519
 30
0.0
 11
158.6717807626206
 21
78.12427758904809
 31
0.0
  0
ARC
  5
1C8
330
1F
100
AcDbEntity
  8
0
  6
Continuous
 62
     7
100
AcDbCircle
 10
143.0991230343147
 20
87.37649358755408
 30
0.0
 40
18.11383917357038
100
AcDbArc
 50
326.7153921292368
 51
329.2840933451346
  0
LINE
  5
1C9
330
1F
100
AcDbEntity
  8
0
  6
Continuous
 62
     7
100
AcDbLine
 10
144.0993386222085
 20
85.5997312108971
 30
0.0
 11
158.2414742459395
 21
77.43565009267001
 31
0.0
  0
ARC
  5
1CA
330
1F
100
AcDbEntity
  8
0
  6
Continuous
 62
     7
100
AcDbCircle
 10
130.2928555996446
 20
94.57932872446612
 30
0.0
 40
16.46973421030348
100
AcDbArc
 50
312.6402357296996
 51
326.9604295909496
  0
LINE
  5
1CB
330
1F
100
AcDbEntity
  8
0
  6
Continuous
 62
     7
100
AcDbLine
 10
141.4493337190193
 20
82.4638369502972
 30
0.0
 11
142.2636154583057
 21
81.99376210803155
 31
0.0
  0
ARC
  5
1CC
330
1F
100
AcDbEntity
  8
0
  6
Continuous
 62
     7
100
AcDbCircle
 10
146.6179409619641
 20
84.14241643860636
 30
0.0
 40
13.31908981326869
100
AcDbArc
 50
309.1849851246198
 51
311.1554105282755
  0
LINE
  5
1CD
330
1F
100
AcDbEntity
  8
0
  6
Continuous
 62
     7
100
AcDbLine
 10
140.8911552394484
 20
81.98273663873614
 30
0.0
 11
155.0332908631794
 21
73.81865552050908
 31
0.0
  0
ARC
  5
1CE
330
1F
100
AcDbEntity
  8
0
  6
Continuous
 62
     7
100
AcDbCircle
 10
134.5476323911171
 20
89.51524032199584
 30
0.0
 40
9.847786241872993
100
AcDbArc
 50
289.8921055502485
 51
310.102517917054
  0
LINE
  5
1CF
330
1F
100
AcDbEntity
  8
0
  6
Continuous
 62
     7
100
AcDbLine
 10
137.8983415633155
 20
80.25502207894302
 30
0.0
 11
138.1000205909492
 21
80.13859525450474
 31
0.0
  0
LINE
  5
1D0
330
1F
100
AcDbEntity
  8
0
  6
Continuous
 62
     7
100
AcDbLine
 10
137.3401630837447
 20
80.09166323569036
 30
0.0
 11
138.2679615873808
 21
79.55605656024983
 31
0.0
  0
ARC
  5
1D1
330
1F
100
AcDbEntity
  8
0
  6
Continuous
 62
     7
100
AcDbCircle
 10
136.1395480693141
 20
84.45199830128581
 30
0.0
 40
4.522609677734455
100
AcDbArc
 50
251.3082590722433
 51
285.3948535348087
  0
LINE
  5
1D2
330
1F
100
AcDbEntity
  8
0
  6
Continuous
 62
     7
100
AcDbLine
 10
134.2598516638743
 20
80.35973312849247
 30
0.0
 11
134.713950214697
 21
80.0975876150267
 31
0.0
  0
LINE
  5
1D3
330
1F
100
AcDbEntity
  8
0
  6
Continuous
 62
     7
100
AcDbLine
 10
134.1451750550426
 20
80.42310382037976
 30
0.0
 11
134.2598516638743
 21
80.35973312849247
 31
0.0
  0
SPLINE
  5
1D4
330
1F
100
AcDbEntity
  8
0
  6
Continuous
 62
     7
100
AcDbSpline
210
0.0
220
0.0
230
1.0
 70
    11
 71
     3
 72
    44
 73
    40
 74
     0
 42
0.00000001
 43
0.0000000001
 40
0.0
 40
0.0
 40
0.0
 40
0.0
 40
0.0625000000000004
 40
0.0625000000000004
 40
0.1250000000000008
 40
0.1250000000000008
 40
0.1875000000000012
 40
0.1875000000000012
 40
0.2500000000000016
 40
0.2500000000000016
 40
0.2812500000000022
 40
0.2812500000000022
 40
0.3125000000000027
 40
0.3125000000000027
 40
0.3750000000000031
 40
0.3750000000000031
 40
0.4062500000000032
 40
0.4062500000000032
 40
0.4375000000000032
 40
0.4375000000000032
 40
0.5000000000000029
 40
0.5000000000000029
 40
0.5625000000000027
 40
0.5625000000000027
 40
0.6250000000000026
 40
0.6250000000000026
 40
0.6875000000000023
 40
0.6875000000000023
 40
0.7500000000000023
 40
0.7500000000000023
 40
0.7812500000000023
 40
0.7812500000000023
 40
0.8125000000000021
 40
0.8125000000000021
 40
0.8750000000000014
 40
0.8750000000000014
 40
0.9375000000000007
 40
0.9375000000000007
 40
1.0
 40
1.0
 40
1.0
 40
1.0
 10
133.3136300831776
 20
84.45349323141419
 30
0.0
 10
133.0696955844723
 20
84.31267284275788
 30
0.0
 10
132.8787619366932
 20
84.16089844822227
 30
0.0
 10
132.6188201604644
 20
83.84639159715311
 30
0.0
 10
132.5520417084941
 20
83.68465660166117
 30
0.0
 10
132.5521738194925
 20
83.36408050735016
 30
0.0
 10
132.6197041387873
 20
83.20223483519347
 30
0.0
 10
132.8779996323701
 20
82.89086882450776
 30
0.0
 10
133.071780185634
 20
82.73758568383843
 30
0.0
 10
133.4328201490673
 20
82.52896635905736
 30
0.0
 10
133.5672364420169
 20
82.4616908514727
 30
0.0
 10
133.8505207901171
 20
82.33893584766162
 30
0.0
 10
134.0002107873893
 20
82.28279884925617
 30
0.0
 10
134.4737824115743
 20
82.13201930739765
 30
0.0
 10
134.8111560923737
 20
82.0586925167594
 30
0.0
 10
135.3221666498926
 20
82.00618933913821
 30
0.0
 10
135.4901964827658
 20
81.99855325905366
 30
0.0
 10
135.8220111123203
 20
82.00447401604066
 30
0.0
 10
135.987468379789
 20
82.01842143402494
 30
0.0
 10
136.458630542885
 20
82.09406250185397
 30
0.0
 10
136.7492042392278
 20
82.19163240545624
 30
0.0
 10
137.2304126031649
 20
82.46913533111497
 30
0.0
 10
137.4248199895401
 20
82.651587013635
 30
0.0
 10
137.6841561268753
 20
83.06205141304102
 30
0.0
 10
137.7518600080932
 20
83.29278474551886
 30
0.0
 10
137.7523540403091
 20
83.75385895413312
 30
0.0
 10
137.6864091945718
 20
83.98320722315444
 30
0.0
 10
137.4253651373273
 20
84.39925247666907
 30
0.0
 10
137.2340168764107
 20
84.57978060476673
 30
0.0
 10
136.8703450935451
 20
84.79000617032797
 30
0.0
 10
136.7388658955759
 20
84.84873432032985
 30
0.0
 10
136.4558453752534
 20
84.94443270264856
 30
0.0
 10
136.3028525461309
 20
84.98142034196893
 30
0.0
 10
135.8321586759334
 20
85.05638347003076
 30
0.0
 10
135.4913561939216
 20
85.0602605097152
 30
0.0
 10
134.8163945978933
 20
84.99121772881492
 30
0.0
 10
134.4753231814271
 20
84.91791200642335
 30
0.0
 10
133.848428045559
 20
84.71996542933561
 30
0.0
 10
133.5575645818829
 20
84.59431362007054
 30
0.0
 10
133.3136300831776
 20
84.45349323141419
 30
0.0
  0
LWPOLYLINE
  5
1D5
330
1F
100
AcDbEntity
  8
0
  6
Continuous
 62
     7
100
AcDbPolyline
 90
       68
 70
   128
 43
0.0
 10
134.4450009330761
 20
96.45608582586994
 10
134.4294657335312
 20
96.82942803552077
 10
134.3829966587889
 20
97.1815527408051
 10
134.3060020807486
 20
97.50936545715187
 10
134.1991586305308
 20
97.80998535462289
 10
134.0634052522176
 20
98.0807705747501
 10
133.8999349513788
 20
98.31934144728254
 10
133.7101843108959
 20
98.52360140281433
 10
133.4958208662203
 20
98.69175539751182
 10
133.2587284510114
 20
98.82232568802345
 10
133.000990641939
 20
98.91416481794141
 10
132.7248724481365
 20
98.96646570168975
 10
132.4328004062193
 20
98.97876871722155
 10
132.1273412557934
 20
98.95096574519399
 10
131.8111793828561
 20
98.88330111912491
 10
131.4870932293145
 20
98.77636947818118
 10
131.1579308759391
 20
98.63111054146827
 10
130.8265850133267
 20
98.44880084974491
 10
130.4959675208317
 20
98.23104254713724
 10
130.1689838768661
 20
97.97974930143826
 10
129.8485076254502
 20
97.69712948672674
 10
129.5373551234043
 20
97.38566677609632
 10
129.2382607901045
 20
97.048098315047
 10
128.953853077306
 20
96.6873906673522
 10
128.6866313702151
 20
96.30671374478952
 10
128.438944022802
 20
95.90941294984213
 10
128.2129677203817
 20
95.49897977618149
 10
128.0106883508251
 20
95.07902112529531
 10
127.8338835525051
 20
94.65322760890773
 10
127.6841070923465
 20
94.22534111575066
 10
127.5626752112666
 20
93.79912192771113
 10
127.4706550570025
 20
93.37831567433887
 10
127.4088553059787
 20
92.96662041611913
 10
127.3778190566292
 20
92.5676541457841
 10
127.3778190566292
 20
92.18492299326284
 10
127.4088553059787
 20
91.82179041368524
 10
127.4706550570025
 20
91.4814476292175
 10
127.5626752112666
 20
91.16688558448696
 10
127.6841070923465
 20
90.88086866205317
 10
127.8338835525051
 20
90.62591038891458
 10
128.0106883508252
 20
90.40425134754283
 10
128.2129677203817
 20
90.21783948556352
 10
128.438944022802
 20
90.06831299712239
 10
128.6866313702151
 20
89.95698592637628
 10
128.953853077306
 20
89.88483661962579
 10
129.2382607901045
 20
89.85249912757288
 10
129.5373551234044
 20
89.8602576332604
 10
129.8485076254502
 20
89.90804395466144
 10
130.1689838768662
 20
89.9954381438653
 10
130.4959675208318
 20
90.12167217759492
 10
130.8265850133267
 20
90.28563670662293
 10
131.1579308759392
 20
90.48589080477276
 10
131.4870932293146
 20
90.72067463182943
 10
131.8111793828561
 20
90.98792489907884
 10
132.1273412557935
 20
91.28529300156314
 10
132.4328004062193
 20
91.61016565770543
 10
132.7248724481365
 20
91.95968787492237
 10
133.000990641939
 20
92.33078803940156
 10
133.2587284510114
 20
92.72020490955418
 10
133.4958208662203
 20
93.12451627592338
 10
133.710184310896
 20
93.54016903568403
 10
133.8999349513788
 20
93.96351041743805
 10
134.0634052522176
 20
94.39082008190082
 10
134.1991586305308
 20
94.81834281637665
 10
134.3060020807486
 20
95.24232153570281
 10
134.3829966587889
 20
95.65903029964927
 10
134.4294657335312
 20
96.06480705661514
 10
134.4450009330761
 20
96.45608582586994
  0
SPLINE
  5
1D6
330
1F
100
AcDbEntity
  8
0
  6
Continuous
 62
     7
100
AcDbSpline
210
0.0
220
0.0
230
1.0
 70
     8
 71
     3
 72
    23
 73
    19
 74
     0
 42
0.00000001
 43
0.0000000001
 40
0.0
 40
0.0
 40
0.0
 40
0.0
 40
0.0211045025421477
 40
0.0968136413321683
 40
0.1659065246944152
 40
0.2349879448792535
 40
0.2981604846714018
 40
0.3613553924667671
 40
0.4262255695490352
 40
0.4911207475235579
 40
0.5628002916021769
 40
0.634473878957996
 40
0.7104231355690036
 40
0.7862980113024252
 40
0.8547252955257015
 40
0.9231444349600032
 40
0.9839832389333372
 40
1.0
 40
1.0
 40
1.0
 40
1.0
 10
130.0791185753109
 20
89.97703025251698
 30
0.0
 10
130.0571581396861
 20
90.01177896425046
 30
0.0
 10
129.9564180377179
 20
90.17118330499732
 30
0.0
 10
129.8496712699011
 20
90.45946454833172
 30
0.0
 10
129.7731161467309
 20
90.82965650393711
 30
0.0
 10
129.7768573160483
 20
91.17118522354099
 30
0.0
 10
129.8496506979391
 20
91.48339824913255
 30
0.0
 10
129.9790335369578
 20
91.7632679875558
 30
0.0
 10
130.1641966649119
 20
92.01104972379498
 30
0.0
 10
130.4037782710141
 20
92.22779506458417
 30
0.0
 10
130.6929223077829
 20
92.39923229818188
 30
0.0
 10
131.0289196211028
 20
92.51609927669582
 30
0.0
 10
131.3910607302024
 20
92.55796055470339
 30
0.0
 10
131.7506343110699
 20
92.51512825572287
 30
0.0
 10
132.0820645406787
 20
92.3879156679385
 30
0.0
 10
132.3615147622527
 20
92.19568610509149
 30
0.0
 10
132.5480129832865
 20
92.017632895658
 30
0.0
 10
132.6294927070854
 20
91.90042560735243
 30
0.0
 10
132.6464731465264
 20
91.8759995149662
 30
0.0
  0
ARC
  5
1D7
330
1F
100
AcDbEntity
  8
0
  6
Continuous
 62
     7
100
AcDbCircle
 10
125.1567884463652
 20
97.80277565774639
 30
0.0
 40
25.13205137384025
100
AcDbArc
 50
334.6198779169508
 51
337.4598855532928
  0
SPLINE
  5
1D8
330
1F
100
AcDbEntity
  8
0
  6
Continuous
 62
     7
100
AcDbSpline
210
0.0
220
0.0
230
1.0
 70
     8
 71
     3
 72
    36
 73
    32
 74
     0
 42
0.00000001
 43
0.0000000001
 40
0.4630063306812465
 40
0.4630063306812465
 40
0.4630063306812465
 40
0.4630063306812465
 40
0.4746971310398568
 40
0.4928938544049268
 40
0.5105631365142873
 40
0.5277049773679776
 40
0.5443193769660402
 40
0.5604063353085225
 40
0.575965852395476
 40
0.5909979282269575
 40
0.6055025628030306
 40
0.619479756123766
 40
0.6329295081892424
 40
0.6458518189995482
 40
0.6582466885547835
 40
0.670114116855061
 40
0.6814541039005098
 40
0.6922666496912778
 40
0.7025517542275353
 40
0.7123094175094803
 40
0.7215396395373448
 40
0.7302424203114036
 40
0.7384177598319837
 40
0.7460656580994798
 40
0.7531861151143758
 40
0.7597791308772692
 40
0.7658447053889159
 40
0.7713828386502863
 40
0.7763935306626577
 40
0.7808767814277586
 40
1.0
 40
1.0
 40
1.0
 40
1.0
 10
147.863196035284
 20
87.03063285033627
 30
0.0
 10
147.8376769952045
 20
87.01669804559562
 30
0.0
 10
147.7724485873022
 20
86.98154879827747
 30
0.0
 10
147.6687239280112
 20
86.92759748554987
 30
0.0
 10
147.5532476869064
 20
86.87020962127261
 30
0.0
 10
147.4413966929307
 20
86.81722247618152
 30
0.0
 10
147.3332033192122
 20
86.76849115075739
 30
0.0
 10
147.2286957255055
 20
86.72386777281865
 30
0.0
 10
147.1278978529747
 20
86.68320162361247
 30
0.0
 10
147.0308294217621
 20
86.64633926552617
 30
0.0
 10
146.9375059313397
 20
86.61312467134065
 30
0.0
 10
146.8479386636409
 20
86.58339935494737
 30
0.0
 10
146.7621346889671
 20
86.55700250344892
 30
0.0
 10
146.6800968746632
 20
86.53377111056343
 30
0.0
 10
146.6018238965526
 20
86.51354011125171
 30
0.0
 10
146.5273102531243
 20
86.49614251748513
 30
0.0
 10
146.4565462824604
 20
86.48140955507626
 30
0.0
 10
146.3895181818861
 20
86.46917080147389
 30
0.0
 10
146.3262080303544
 20
86.45925432449793
 30
0.0
 10
146.266593813453
 20
86.45148682172765
 30
0.0
 10
146.2106494513609
 20
86.44569376116457
 30
0.0
 10
146.158344828545
 20
86.44169952066636
 30
0.0
 10
146.1096458292653
 20
86.43932753435313
 30
0.0
 10
146.0645143649493
 20
86.43840041771033
 30
0.0
 10
146.0229084405216
 20
86.43874016670748
 30
0.0
 10
145.9847821013704
 20
86.44016811027801
 30
0.0
 10
145.9500857887321
 20
86.44250568495785
 30
0.0
 10
145.9187653597269
 20
86.44557250027485
 30
0.0
 10
145.8907654716325
 20
86.44919323731041
 30
0.0
 10
145.4701270723282
 20
86.5168939900789
 30
0.0
 10
145.2068521400884
 20
86.92806452603925
 30
0.0
 10
144.5296451388896
 20
86.28835870727519
 30
0.0
  0
SPLINE
  5
1D9
330
1F
100
AcDbEntity
  8
0
  6
Continuous
 62
     7
100
AcDbSpline
210
0.0
220
0.0
230
1.0
 70
     8
 71
     3
 72
    36
 73
    32
 74
     0
 42
0.00000001
 43
0.0000000001
 40
0.0
 40
0.0
 40
0.0
 40
0.0
 40
0.2191232185722415
 40
0.2236064693373422
 40
0.2286171613497137
 40
0.234155294611084
 40
0.2402208691227308
 40
0.2468138848856243
 40
0.2539343419005202
 40
0.2615822401680163
 40
0.2697575796885965
 40
0.2784603604626552
 40
0.2876905824905197
 40
0.2974482457724647
 40
0.3077333503087222
 40
0.3185458960994902
 40
0.329885883144939
 40
0.3417533114452166
 40
0.3541481810004518
 40
0.3670704918107577
 40
0.3805202438762341
 40
0.3944974371969694
 40
0.4090020717730426
 40
0.4240341476045241
 40
0.4395936646914776
 40
0.4556806230339598
 40
0.4722950226320225
 40
0.4894368634857128
 40
0.5071061455950733
 40
0.5253028689601433
 40
0.5369936693187553
 40
0.5369936693187553
 40
0.5369936693187553
 40
0.5369936693187553
 10
146.2297570818356
 20
90.11403708520102
 30
0.0
 10
146.268473982494
 20
89.31698000003368
 30
0.0
 10
146.8178221358289
 20
89.5495459785933
 30
0.0
 10
147.2184200442105
 20
89.43674909370011
 30
0.0
 10
147.2443687141994
 20
89.42851260133878
 30
0.0
 10
147.272598479174
 20
89.41849101659959
 30
0.0
 10
147.3030128764796
 20
89.40651805821925
 30
0.0
 10
147.3355103506897
 20
89.39242375642015
 30
0.0
 10
147.3699870573994
 20
89.37604147905428
 30
0.0
 10
147.4063361023324
 20
89.3572059488437
 30
0.0
 10
147.4444478764279
 20
89.3357540224801
 30
0.0
 10
147.4842100609598
 20
89.31152463032359
 30
0.0
 10
147.5255077342382
 20
89.28435896664797
 30
0.0
 10
147.5682234504033
 20
89.25410060344239
 30
0.0
 10
147.6122373287839
 20
89.22059562498128
 30
0.0
 10
147.6574271423866
 20
89.18369275433645
 30
0.0
 10
147.7036684088091
 20
89.14324348020283
 30
0.0
 10
147.7508344825475
 20
89.09910218149482
 30
0.0
 10
147.7987966489287
 20
89.05112625035606
 30
0.0
 10
147.8474242195311
 20
88.99917621330075
 30
0.0
 10
147.8965846290616
 20
88.94311585047271
 30
0.0
 10
147.9461435336253
 20
88.8828123129325
 30
0.0
 10
147.9959649103334
 20
88.81813623790566
 30
0.0
 10
148.0459111581898
 20
88.74896186192
 30
0.0
 10
148.0958432001979
 20
88.67516713176264
 30
0.0
 10
148.1456205866285
 20
88.59663381318828
 30
0.0
 10
148.1951015993876
 20
88.51324759731104
 30
0.0
 10
148.2441433574239
 20
88.42489820461439
 30
0.0
 10
148.2926019231132
 20
88.33147948651355
 30
0.0
 10
148.3341828427599
 20
88.24559179507026
 30
0.0
 10
148.3593425249426
 20
88.19057635749677
 30
0.0
 10
148.3690370543659
 20
88.16890204337326
 30
0.0
  0
LINE
  5
1DA
330
1F
100
AcDbEntity
  8
0
  6
Continuous
 62
     7
100
AcDbLine
 10
148.3690370543659
 20
88.16890204337326
 30
0.0
 11
162.5111726780969
 21
80.00482092514619
 31
0.0
  0
ARC
  5
1DB
330
1F
100
AcDbEntity
  8
0
  6
Continuous
 62
     7
100
AcDbCircle
 10
139.2989240701172
 20
89.63869453950939
 30
0.0
 40
25.13205137381703
100
AcDbArc
 50
334.6198779169507
 51
337.4598855532953
  0
LINE
  5
1DC
330
1F
100
AcDbEntity
  8
0
  6
Continuous
 62
     7
100
AcDbLine
 10
162.005331659015
 20
78.86655173210918
 30
0.0
 11
147.863196035284
 21
87.03063285033627
 31
0.0
  0
ARC
  5
1DD
330
1F
100
AcDbEntity
  8
0
  6
Continuous
 62
     7
100
AcDbCircle
 10
126.21949482998
 20
96.81957313392796
 30
0.0
 40
23.70523560391965
100
AcDbArc
 50
318.3238959517743
 51
321.2767693688761
  0
SPLINE
  5
1DE
330
1F
100
AcDbEntity
  8
0
  6
Continuous
 62
     7
100
AcDbSpline
210
0.0
220
0.0
230
1.0
 70
     8
 71
     3
 72
    36
 73
    32
 74
     0
 42
0.00000001
 43
0.0000000001
 40
0.4630063306812453
 40
0.4630063306812453
 40
0.4630063306812453
 40
0.4630063306812453
 40
0.4746971310398568
 40
0.4928938544049268
 40
0.5105631365142873
 40
0.5277049773679776
 40
0.5443193769660402
 40
0.5604063353085225
 40
0.575965852395476
 40
0.5909979282269575
 40
0.6055025628030306
 40
0.619479756123766
 40
0.6329295081892424
 40
0.6458518189995482
 40
0.6582466885547835
 40
0.670114116855061
 40
0.6814541039005098
 40
0.6922666496912778
 40
0.7025517542275353
 40
0.7123094175094803
 40
0.7215396395373448
 40
0.7302424203114036
 40
0.7384177598319837
 40
0.7460656580994798
 40
0.7531861151143758
 40
0.7597791308772692
 40
0.7658447053889159
 40
0.7713828386502863
 40
0.7763935306626577
 40
0.7808767814277586
 40
1.0
 40
1.0
 40
1.0
 40
1.0
 10
143.9253041639126
 20
81.05751391351629
 30
0.0
 10
143.903028930468
 20
81.0590550937526
 30
0.0
 10
143.8462806841446
 20
81.06351876649078
 30
0.0
 10
143.7568225880734
 20
81.0727877248758
 30
0.0
 10
143.658306148757
 20
81.08609789975554
 30
0.0
 10
143.5639285017059
 20
81.10189542875017
 30
0.0
 10
143.4736524774508
 20
81.11999663140514
 30
0.0
 10
143.3874369583132
 20
81.14021733065813
 30
0.0
 10
143.3052369257425
 20
81.16237299728069
 30
0.0
 10
143.227003510124
 20
81.18627889426232
 30
0.0
 10
143.1526840430255
 20
81.21175022105145
 30
0.0
 10
143.0822221118486
 20
81.23860225756763
 30
0.0
 10
143.0155576168485
 20
81.26665050789904
 30
0.0
 10
142.952626830488
 20
81.29571084360012
 30
0.0
 10
142.8933624590857
 20
81.32559964650459
 30
0.0
 10
142.8376937067198
 20
81.35613395096827
 30
0.0
 10
142.7855463413508
 20
81.38713158546087
 30
0.0
 10
142.7368427631095
 20
81.41841131341047
 30
0.0
 10
142.6915020747496
 20
81.44979297326313
 30
0.0
 10
142.6494401540763
 20
81.48109761751532
 30
0.0
 10
142.6105697288138
 20
81.5121476511911
 30
0.0
 10
142.5748004521148
 20
81.54276696777976
 30
0.0
 10
142.5420389846703
 20
81.57278108906981
 30
0.0
 10
142.5121890629348
 20
81.60201728662478
 30
0.0
 10
142.4851516225819
 20
81.63030475986307
 30
0.0
 10
142.4608247447421
 20
81.65747461851344
 30
0.0
 10
142.4391041998621
 20
81.6833605101115
 30
0.0
 10
142.4198820290928
 20
81.70779711485518
 30
0.0
 10
142.403051530927
 20
81.73062558663254
 30
0.0
 10
142.1555645563542
 20
82.08844873752367
 30
0.0
 10
142.1490828024432
 20
82.72464192251584
 30
0.0
 10
141.4493337190193
 20
82.4638369502972
 30
0.0
  0
SPLINE
  5
1DF
330
1F
100
AcDbEntity
  8
0
  6
Continuous
 62
     7
100
AcDbSpline
210
0.0
220
0.0
230
1.0
 70
     8
 71
     3
 72
    36
 73
    32
 74
     0
 42
0.00000001
 43
0.0000000001
 40
0.0
 40
0.0
 40
0.0
 40
0.0
 40
0.2191232185722415
 40
0.2236064693373422
 40
0.2286171613497137
 40
0.234155294611084
 40
0.2402208691227308
 40
0.2468138848856243
 40
0.2539343419005202
 40
0.2615822401680163
 40
0.2697575796885965
 40
0.2784603604626552
 40
0.2876905824905197
 40
0.2974482457724647
 40
0.3077333503087222
 40
0.3185458960994902
 40
0.329885883144939
 40
0.3417533114452166
 40
0.3541481810004518
 40
0.3670704918107577
 40
0.3805202438762341
 40
0.3944974371969694
 40
0.4090020717730426
 40
0.4240341476045241
 40
0.4395936646914776
 40
0.4556806230339598
 40
0.4722950226320225
 40
0.4894368634857128
 40
0.5071061455950733
 40
0.5253028689601433
 40
0.5369936693187545
 40
0.5369936693187545
 40
0.5369936693187545
 40
0.5369936693187545
 10
144.0993386222085
 20
85.5997312108971
 30
0.0
 10
143.8038580067354
 20
84.68282700341124
 30
0.0
 10
144.2562488913471
 20
84.57430223217501
 30
0.0
 10
144.4724982762848
 20
84.17951395041429
 30
0.0
 10
144.4861314920247
 20
84.15290196125662
 30
0.0
 10
144.5005361712935
 20
84.1227645580243
 30
0.0
 10
144.5155823929481
 20
84.0889805784376
 30
0.0
 10
144.5311354251858
 20
84.05142815331199
 30
0.0
 10
144.547060384395
 20
84.00999067955952
 30
0.0
 10
144.5632209402486
 20
83.96455511427944
 30
0.0
 10
144.5794798481024
 20
83.91501262085567
 30
0.0
 10
144.5956989280697
 20
83.86125849811968
 30
0.0
 10
144.6117392112744
 20
83.80319232143168
 30
0.0
 10
144.6274610371124
 20
83.74071801703344
 30
0.0
 10
144.6427241657705
 20
83.67374395252971
 30
0.0
 10
144.6573878869352
 20
83.60218301894546
 30
0.0
 10
144.6713111302111
 20
83.52595271150805
 30
0.0
 10
144.6843525755521
 20
83.44497520700221
 30
0.0
 10
144.6963707641158
 20
83.35917743826126
 30
0.0
 10
144.7072242093382
 20
83.26849116557198
 30
0.0
 10
144.7167715082014
 20
83.17285304499863
 30
0.0
 10
144.7248714526184
 20
83.07220469356808
 30
0.0
 10
144.73138314087
 20
82.9664927512791
 30
0.0
 10
144.7361660890289
 20
82.85566893989368
 30
0.0
 10
144.7390803423018
 20
82.73969011847317
 30
0.0
 10
144.739986586226
 20
82.61851833562195
 30
0.0
 10
144.7387462576518
 20
82.49212087840414
 30
0.0
 10
144.7352216554446
 20
82.36047031790036
 30
0.0
 10
144.7292760508419
 20
82.22354455137313
 30
0.0
 10
144.7218692225515
 20
82.09965008418484
 30
0.0
 10
144.7161613935194
 20
82.02127875640385
 30
0.0
 10
144.7137705859992
 20
81.99054891459175
 30
0.0
  0
LINE
  5
1E0
330
1F
100
AcDbEntity
  8
0
  6
Continuous
 62
     7
100
AcDbLine
 10
144.7137705859992
 20
81.99054891459176
 30
0.0
 11
158.8559062097302
 21
73.8264677963647
 31
0.0
  0
ARC
  5
1E1
330
1F
100
AcDbEntity
  8
0
  6
Continuous
 62
     7
100
AcDbCircle
 10
140.3616304537249
 20
88.6554920156896
 30
0.0
 40
23.7052356039017
100
AcDbArc
 50
318.3238959517722
 51
321.2767693688763
  0
LINE
  5
1E2
330
1F
100
AcDbEntity
  8
0
  6
Continuous
 62
     7
100
AcDbLine
 10
158.0674397876435
 20
72.89343279528923
 30
0.0
 11
143.9253041639126
 21
81.05751391351629
 31
0.0
  0
SPLINE
  5
1E3
330
1F
100
AcDbEntity
  8
0
  6
Continuous
 62
     7
100
AcDbSpline
210
0.0
220
0.0
230
1.0
 70
     8
 71
     3
 72
    36
 73
    32
 74
     0
 42
0.00000001
 43
0.0000000001
 40
0.4630063306812465
 40
0.4630063306812465
 40
0.4630063306812465
 40
0.4630063306812465
 40
0.4746971310398568
 40
0.4928938544049268
 40
0.5105631365142873
 40
0.5277049773679776
 40
0.5443193769660402
 40
0.5604063353085225
 40
0.575965852395476
 40
0.5909979282269575
 40
0.6055025628030306
 40
0.619479756123766
 40
0.6329295081892424
 40
0.6458518189995482
 40
0.6582466885547835
 40
0.670114116855061
 40
0.6814541039005098
 40
0.6922666496912778
 40
0.7025517542275353
 40
0.7123094175094803
 40
0.7215396395373448
 40
0.7302424203114036
 40
0.7384177598319837
 40
0.7460656580994798
 40
0.7531861151143758
 40
0.7597791308772692
 40
0.7658447053889159
 40
0.7713828386502863
 40
0.7763935306626577
 40
0.7808767814277586
 40
1.0
 40
1.0
 40
1.0
 40
1.0
 10
162.005331659015
 20
78.86655173210918
 30
0.0
 10
161.9798126189354
 20
78.85261692736856
 30
0.0
 10
161.9145842110332
 20
78.81746768005041
 30
0.0
 10
161.8108595517422
 20
78.7635163673228
 30
0.0
 10
161.6953833106374
 20
78.70612850304553
 30
0.0
 10
161.5835323166617
 20
78.65314135795443
 30
0.0
 10
161.4753389429432
 20
78.60441003253033
 30
0.0
 10
161.3708313492365
 20
78.55978665459158
 30
0.0
 10
161.2700334767057
 20
78.51912050538541
 30
0.0
 10
161.1729650454931
 20
78.48225814729909
 30
0.0
 10
161.0796415550707
 20
78.44904355311358
 30
0.0
 10
160.9900742873718
 20
78.41931823672029
 30
0.0
 10
160.9042703126982
 20
78.39292138522186
 30
0.0
 10
160.8222324983942
 20
78.36968999233635
 30
0.0
 10
160.7439595202836
 20
78.34945899302464
 30
0.0
 10
160.6694458768553
 20
78.33206139925805
 30
0.0
 10
160.5986819061914
 20
78.31732843684918
 30
0.0
 10
160.5316538056171
 20
78.30508968324683
 30
0.0
 10
160.4683436540853
 20
78.29517320627086
 30
0.0
 10
160.408729437184
 20
78.28740570350058
 30
0.0
 10
160.3527850750919
 20
78.28161264293749
 30
0.0
 10
160.300480452276
 20
78.2776184024393
 30
0.0
 10
160.2517814529963
 20
78.27524641612606
 30
0.0
 10
160.2066499886802
 20
78.27431929948324
 30
0.0
 10
160.1650440642526
 20
78.27465904848041
 30
0.0
 10
160.1269177251013
 20
78.27608699205095
 30
0.0
 10
160.0922214124631
 20
78.27842456673078
 30
0.0
 10
160.0609009834579
 20
78.28149138204776
 30
0.0
 10
160.0329010953634
 20
78.28511211908335
 30
0.0
 10
159.6122626960591
 20
78.35281287185186
 30
0.0
 10
159.3489877638194
 20
78.76398340781218
 30
0.0
 10
158.6717807626206
 20
78.12427758904809
 30
0.0
  0
LINE
  5
1E4
330
1F
100
AcDbEntity
  8
0
  6
Continuous
 62
     7
100
AcDbLine
 10
160.3718927055665
 20
81.94995596697394
 30
0.0
 11
160.3855160821022
 21
81.86476634429808
 31
0.0
  0
SPLINE
  5
1E5
330
1F
100
AcDbEntity
  8
0
  6
Continuous
 62
     7
100
AcDbSpline
210
0.0
220
0.0
230
1.0
 70
     8
 71
     3
 72
    11
 73
     7
 74
     0
 42
0.00000001
 43
0.0000000001
 40
0.0
 40
0.0
 40
0.0
 40
0.0
 40
0.2418637931368231
 40
0.5520173760764734
 40
0.8622364427291973
 40
0.9999999999999998
 40
0.9999999999999998
 40
0.9999999999999998
 40
0.9999999999999998
 10
161.5727164386789
 20
81.16545834567176
 30
0.0
 10
161.6712291904812
 20
81.10409242522145
 30
0.0
 10
161.8960695853775
 20
80.96403403141163
 30
0.0
 10
162.1697443638844
 20
80.62741279763061
 30
0.0
 10
162.3770754751057
 20
80.29264172901966
 30
0.0
 10
162.479633918994
 20
80.07251443996741
 30
0.0
 10
162.5111726780969
 20
80.00482092514619
 30
0.0
  0
SPLINE
  5
1E6
330
1F
100
AcDbEntity
  8
0
  6
Continuous
 62
     7
100
AcDbSpline
210
0.0
220
0.0
230
1.0
 70
     8
 71
     3
 72
    36
 73
    32
 74
     0
 42
0.00000001
 43
0.0000000001
 40
0.0
 40
0.0
 40
0.0
 40
0.0
 40
0.2191232185722415
 40
0.2236064693373422
 40
0.2286171613497137
 40
0.234155294611084
 40
0.2402208691227308
 40
0.2468138848856243
 40
0.2539343419005202
 40
0.2615822401680163
 40
0.2697575796885965
 40
0.2784603604626552
 40
0.2876905824905197
 40
0.2974482457724647
 40
0.3077333503087222
 40
0.3185458960994902
 40
0.329885883144939
 40
0.3417533114452166
 40
0.3541481810004518
 40
0.3670704918107577
 40
0.3805202438762341
 40
0.3944974371969694
 40
0.4090020717730426
 40
0.4240341476045241
 40
0.4395936646914776
 40
0.4556806230339598
 40
0.4722950226320225
 40
0.4894368634857128
 40
0.5071061455950733
 40
0.5253028689601433
 40
0.5369936693187545
 40
0.5369936693187545
 40
0.5369936693187545
 40
0.5369936693187545
 10
158.2414742459395
 20
77.43565009267001
 30
0.0
 10
157.9459936304664
 20
76.51874588518416
 30
0.0
 10
158.3983845150781
 20
76.41022111394796
 30
0.0
 10
158.6146339000158
 20
76.01543283218721
 30
0.0
 10
158.6282671157557
 20
75.98882084302954
 30
0.0
 10
158.6426717950244
 20
75.95868343979723
 30
0.0
 10
158.6577180166791
 20
75.92489946021053
 30
0.0
 10
158.6732710489168
 20
75.88734703508491
 30
0.0
 10
158.689196008126
 20
75.84590956133244
 30
0.0
 10
158.7053565639796
 20
75.80047399605238
 30
0.0
 10
158.7216154718334
 20
75.75093150262858
 30
0.0
 10
158.7378345518007
 20
75.69717737989261
 30
0.0
 10
158.7538748350054
 20
75.63911120320462
 30
0.0
 10
158.7695966608434
 20
75.57663689880638
 30
0.0
 10
158.7848597895014
 20
75.50966283430263
 30
0.0
 10
158.7995235106662
 20
75.43810190071837
 30
0.0
 10
158.8134467539421
 20
75.36187159328098
 30
0.0
 10
158.8264881992831
 20
75.28089408877512
 30
0.0
 10
158.8385063878468
 20
75.19509632003418
 30
0.0
 10
158.8493598330691
 20
75.10441004734492
 30
0.0
 10
158.8589071319324
 20
75.00877192677155
 30
0.0
 10
158.8670070763493
 20
74.90812357534102
 30
0.0
 10
158.873518764601
 20
74.80241163305201
 30
0.0
 10
158.8783017127598
 20
74.6915878216666
 30
0.0
 10
158.8812159660328
 20
74.57560900024609
 30
0.0
 10
158.882122209957
 20
74.45443721739486
 30
0.0
 10
158.8808818813828
 20
74.32803976017708
 30
0.0
 10
158.8773572791756
 20
74.19638919967329
 30
0.0
 10
158.871411674573
 20
74.05946343314607
 30
0.0
 10
158.8640048462824
 20
73.93556896595779
 30
0.0
 10
158.8582970172504
 20
73.85719763817679
 30
0.0
 10
158.8559062097302
 20
73.8264677963647
 30
0.0
  0
SPLINE
  5
1E7
330
1F
100
AcDbEntity
  8
0
  6
Continuous
 62
     7
100
AcDbSpline
210
0.0
220
0.0
230
1.0
 70
     8
 71
     3
 72
    11
 73
     7
 74
     0
 42
0.00000001
 43
0.0000000001
 40
0.0
 40
0.0
 40
0.0
 40
0.0
 40
0.0231443371661369
 40
0.4227760670585579
 40
0.8224921724699964
 40
1.0
 40
1.0
 40
1.0
 40
1.0
 10
156.9745879349851
 20
73.19943745742198
 30
0.0
 10
156.9814452664808
 20
73.19416214950348
 30
0.0
 10
157.1067076846448
 20
73.09779845075961
 30
0.0
 10
157.4070626081987
 20
73.00587385758733
 30
0.0
 10
157.7693221984335
 20
72.91874270199625
 30
0.0
 10
157.997324538252
 20
72.89938551490412
 30
0.0
 10
158.0674397876435
 20
72.89343279528923
 30
0.0
  0
ARC
  5
1E8
330
1F
100
AcDbEntity
  8
0
  6
Continuous
 62
     7
100
AcDbCircle
 10
133.2535836165474
 20
95.76627448668126
 30
0.0
 40
16.75165266368044
100
AcDbArc
 50
352.477629816262
 51
356.1997369882341
  0
SPLINE
  5
1E9
330
1F
100
AcDbEntity
  8
0
  6
Continuous
 62
     7
100
AcDbSpline
210
0.0
220
0.0
230
1.0
 70
     8
 71
     3
 72
    36
 73
    32
 74
     0
 42
0.00000001
 43
0.0000000001
 40
0.4630063306812455
 40
0.4630063306812455
 40
0.4630063306812455
 40
0.4630063306812455
 40
0.4746971310398568
 40
0.4928938544049268
 40
0.5105631365142873
 40
0.5277049773679776
 40
0.5443193769660402
 40
0.5604063353085225
 40
0.575965852395476
 40
0.5909979282269575
 40
0.6055025628030306
 40
0.619479756123766
 40
0.6329295081892424
 40
0.6458518189995482
 40
0.6582466885547835
 40
0.670114116855061
 40
0.6814541039005098
 40
0.6922666496912778
 40
0.7025517542275353
 40
0.7123094175094803
 40
0.7215396395373448
 40
0.7302424203114036
 40
0.7384177598319837
 40
0.7460656580994798
 40
0.7531861151143758
 40
0.7597791308772692
 40
0.7658447053889159
 40
0.7713828386502863
 40
0.7763935306626577
 40
0.7808767814277586
 40
1.0
 40
1.0
 40
1.0
 40
1.0
 10
149.8610686095857
 20
93.5732607679378
 30
0.0
 10
149.8381518674158
 20
93.54704227405369
 30
0.0
 10
149.7793863400976
 20
93.48033237564548
 30
0.0
 10
149.6851571870126
 20
93.37552038736735
 30
0.0
 10
149.5791753593171
 20
93.26058135204025
 30
0.0
 10
149.4754747331859
 20
93.15094824923944
 30
0.0
 10
149.3741498080515
 20
93.04654815511479
 30
0.0
 10
149.2752915700408
 20
92.94730337810008
 30
0.0
 10
149.1789874354007
 20
92.8531315377681
 30
0.0
 10
149.0853211963834
 20
92.76394564661185
 30
0.0
 10
148.9943729696227
 20
92.67965419470034
 30
0.0
 10
148.9062191470293
 20
92.60016123715439
 30
0.0
 10
148.8209323492297
 20
92.52536648438786
 30
0.0
 10
148.7385813815765
 20
92.4551653950572
 30
0.0
 10
148.6592311927511
 20
92.38944927166164
 30
0.0
 10
148.582942835983
 20
92.32810535873298
 30
0.0
 10
148.5097734329051
 20
92.27101694355907
 30
0.0
 10
148.4397761400631
 20
92.21806345936208
 30
0.0
 10
148.3730001181055
 20
92.16912059092615
 30
0.0
 10
148.3094905036389
 20
92.12406038240954
 30
0.0
 10
148.24928838387
 20
92.08275134796867
 30
0.0
 10
148.1924307736852
 20
92.04505858274592
 30
0.0
 10
148.1389505964187
 20
92.01084388230825
 30
0.0
 10
148.0888766641038
 20
91.9799658427175
 30
0.0
 10
148.042233671482
 20
91.95228003507274
 30
0.0
 10
147.9990421558466
 20
91.92763893890003
 30
0.0
 10
147.9593185825397
 20
91.90589268647331
 30
0.0
 10
147.9230750281316
 20
91.88688714193359
 30
0.0
 10
147.8903201870358
 20
91.87047067700715
 30
0.0
 10
147.3928935510383
 20
91.63253960507628
 30
0.0
 10
146.9331385546391
 20
91.72449327735838
 30
0.0
 10
146.4336135984109
 20
90.85243550583689
 30
0.0
  0
SPLINE
  5
1EA
330
1F
100
AcDbEntity
  8
0
  6
Continuous
 62
     7
100
AcDbSpline
210
0.0
220
0.0
230
1.0
 70
     8
 71
     3
 72
    36
 73
    32
 74
     0
 42
0.00000001
 43
0.0000000001
 40
0.0
 40
0.0
 40
0.0
 40
0.0
 40
0.2191232185722415
 40
0.2236064693373422
 40
0.2286171613497137
 40
0.234155294611084
 40
0.2402208691227308
 40
0.2468138848856243
 40
0.2539343419005202
 40
0.2615822401680163
 40
0.2697575796885965
 40
0.2784603604626552
 40
0.2876905824905197
 40
0.2974482457724647
 40
0.3077333503087222
 40
0.3185458960994902
 40
0.329885883144939
 40
0.3417533114452166
 40
0.3541481810004518
 40
0.3670704918107577
 40
0.3805202438762341
 40
0.3944974371969694
 40
0.4090020717730426
 40
0.4240341476045241
 40
0.4395936646914776
 40
0.4556806230339598
 40
0.4722950226320225
 40
0.4894368634857128
 40
0.5071061455950733
 40
0.5253028689601433
 40
0.536993669318754
 40
0.536993669318754
 40
0.536993669318754
 40
0.536993669318754
 10
146.7943574235547
 20
94.49148118912825
 30
0.0
 10
147.1584022649929
 20
93.99686739891212
 30
0.0
 10
147.678858645485
 20
94.51724606430342
 30
0.0
 10
148.1720329242286
 20
94.71228098325699
 30
0.0
 10
148.2043525208873
 20
94.7243068688315
 30
0.0
 10
148.2399402726176
 20
94.736696926876
 30
0.0
 10
148.2787552736847
 20
94.74927785017717
 30
0.0
 10
148.3207524101626
 20
94.76187050639197
 30
0.0
 10
148.3658826663551
 20
94.77429640772939
 30
0.0
 10
148.4140930722267
 20
94.78637590556678
 30
0.0
 10
148.4653267644153
 20
94.79792892406958
 30
0.0
 10
148.5195230162219
 20
94.80877492423974
 30
0.0
 10
148.5766172803168
 20
94.81873309974286
 30
0.0
 10
148.6365412310157
 20
94.82762250408752
 30
0.0
 10
148.6992228100065
 20
94.8352621984557
 30
0.0
 10
148.7645862743472
 20
94.84147139368724
 30
0.0
 10
148.8325522470466
 20
94.84606959409481
 30
0.0
 10
148.9030377701017
 20
94.84887674075833
 30
0.0
 10
148.9759563599892
 20
94.84971335487299
 30
0.0
 10
149.0512180655724
 20
94.84840068087519
 30
0.0
 10
149.1287295283939
 20
94.84476082931578
 30
0.0
 10
149.2083940453184
 20
94.83861691937994
 30
0.0
 10
149.2901116334918
 20
94.8297932209727
 30
0.0
 10
149.3737790975793
 20
94.81811529628354
 30
0.0
 10
149.4592900992448
 20
94.80341014074548
 30
0.0
 10
149.5465352288331
 20
94.78550632330424
 30
0.0
 10
149.6354020792133
 20
94.76423412591222
 30
0.0
 10
149.7257753217441
 20
94.73942568216392
 30
0.0
 10
149.817536784315
 20
94.71091511498874
 30
0.0
 10
149.8985797643123
 20
94.68271003434123
 30
0.0
 10
149.9488431777288
 20
94.66365386071542
 30
0.0
 10
149.9684021442364
 20
94.6560003984424
 30
0.0
  0
SPLINE
  5
1EB
330
1F
100
AcDbEntity
  8
0
  6
Continuous
 62
     7
100
AcDbSpline
210
0.0
220
0.0
230
1.0
 70
     8
 71
     3
 72
    36
 73
    32
 74
     0
 42
0.00000001
 43
0.0000000001
 40
0.4630063306812455
 40
0.4630063306812455
 40
0.4630063306812455
 40
0.4630063306812455
 40
0.4746971310398568
 40
0.4928938544049268
 40
0.5105631365142873
 40
0.5277049773679776
 40
0.5443193769660402
 40
0.5604063353085225
 40
0.575965852395476
 40
0.5909979282269575
 40
0.6055025628030306
 40
0.619479756123766
 40
0.6329295081892424
 40
0.6458518189995482
 40
0.6582466885547835
 40
0.670114116855061
 40
0.6814541039005098
 40
0.6922666496912778
 40
0.7025517542275353
 40
0.7123094175094803
 40
0.7215396395373448
 40
0.7302424203114036
 40
0.7384177598319837
 40
0.7460656580994798
 40
0.7531861151143758
 40
0.7597791308772692
 40
0.7658447053889159
 40
0.7713828386502863
 40
0.7763935306626577
 40
0.7808767814277586
 40
1.0
 40
1.0
 40
1.0
 40
1.0
 10
164.0032042333167
 20
85.40917964971072
 30
0.0
 10
163.9802874911468
 20
85.38296115582662
 30
0.0
 10
163.9215219638285
 20
85.31625125741838
 30
0.0
 10
163.8272928107436
 20
85.21143926914028
 30
0.0
 10
163.721310983048
 20
85.09650023381317
 30
0.0
 10
163.6176103569169
 20
84.98686713101236
 30
0.0
 10
163.5162854317824
 20
84.88246703688771
 30
0.0
 10
163.4174271937717
 20
84.78322225987302
 30
0.0
 10
163.3211230591317
 20
84.68905041954101
 30
0.0
 10
163.2274568201143
 20
84.59986452838476
 30
0.0
 10
163.1365085933537
 20
84.51557307647327
 30
0.0
 10
163.0483547707603
 20
84.43608011892731
 30
0.0
 10
162.9630679729607
 20
84.36128536616077
 30
0.0
 10
162.8807170053075
 20
84.29108427683013
 30
0.0
 10
162.8013668164821
 20
84.22536815343455
 30
0.0
 10
162.725078459714
 20
84.16402424050589
 30
0.0
 10
162.651909056636
 20
84.10693582533198
 30
0.0
 10
162.5819117637941
 20
84.053982341135
 30
0.0
 10
162.5151357418365
 20
84.00503947269909
 30
0.0
 10
162.4516261273699
 20
83.95997926418246
 30
0.0
 10
162.391424007601
 20
83.91867022974158
 30
0.0
 10
162.3345663974162
 20
83.88097746451883
 30
0.0
 10
162.2810862201497
 20
83.84676276408118
 30
0.0
 10
162.2310122878348
 20
83.81588472449044
 30
0.0
 10
162.184369295213
 20
83.78819891684566
 30
0.0
 10
162.1411777795776
 20
83.76355782067294
 30
0.0
 10
162.1014542062706
 20
83.74181156824622
 30
0.0
 10
162.0652106518625
 20
83.72280602370654
 30
0.0
 10
162.0324558107667
 20
83.70638955878009
 30
0.0
 10
161.5350291747692
 20
83.46845848684921
 30
0.0
 10
161.0752741783701
 20
83.5604121591313
 30
0.0
 10
160.5757492221419
 20
82.68835438760978
 30
0.0
  0
LINE
  5
1EC
330
1F
100
AcDbEntity
  8
0
  6
Continuous
 62
     7
100
AcDbLine
 10
164.0032042333167
 20
85.40917964971074
 30
0.0
 11
149.8610686095857
 21
93.5732607679378
 31
0.0
  0
LINE
  5
1ED
330
1F
100
AcDbEntity
  8
0
  6
Continuous
 62
     7
100
AcDbLine
 10
149.9684021442364
 20
94.6560003984424
 30
0.0
 11
164.1105377679674
 21
86.49191928021535
 31
0.0
  0
ARC
  5
1EE
330
1F
100
AcDbEntity
  8
0
  6
Continuous
 62
     7
100
AcDbCircle
 10
147.3957192402744
 20
87.60219336845416
 30
0.0
 40
16.75165266368441
100
AcDbArc
 50
352.477629816264
 51
356.1997369882351
  0
ARC
  5
1EF
330
1F
100
AcDbEntity
  8
0
  6
Continuous
 62
     7
100
AcDbCircle
 10
132.3314443726899
 20
89.51462755952737
 30
0.0
 40
14.13710681011055
100
AcDbArc
 50
297.9132927387881
 51
302.0813307285135
  0
SPLINE
  5
1F0
330
1F
100
AcDbEntity
  8
0
  6
Continuous
 62
     7
100
AcDbSpline
210
0.0
220
0.0
230
1.0
 70
     8
 71
     3
 72
    36
 73
    32
 74
     0
 42
0.00000001
 43
0.0000000001
 40
0.4630063306812459
 40
0.4630063306812459
 40
0.4630063306812459
 40
0.4630063306812459
 40
0.4746971310398568
 40
0.4928938544049268
 40
0.5105631365142873
 40
0.5277049773679776
 40
0.5443193769660402
 40
0.5604063353085225
 40
0.575965852395476
 40
0.5909979282269575
 40
0.6055025628030306
 40
0.619479756123766
 40
0.6329295081892424
 40
0.6458518189995482
 40
0.6582466885547835
 40
0.670114116855061
 40
0.6814541039005098
 40
0.6922666496912778
 40
0.7025517542275353
 40
0.7123094175094803
 40
0.7215396395373448
 40
0.7302424203114036
 40
0.7384177598319837
 40
0.7460656580994798
 40
0.7531861151143758
 40
0.7597791308772692
 40
0.7658447053889159
 40
0.7713828386502863
 40
0.7763935306626577
 40
0.7808767814277586
 40
1.0
 40
1.0
 40
1.0
 40
1.0
 10
138.9495165664611
 20
77.02227352201679
 30
0.0
 10
138.9355881271879
 20
77.03893762141115
 30
0.0
 10
138.9003203817856
 20
77.08199164057441
 30
0.0
 10
138.8456226206572
 20
77.15235746340906
 30
0.0
 10
138.7866349121247
 20
77.23331647678588
 30
0.0
 10
138.7313513935638
 20
77.31427965635447
 30
0.0
 10
138.6796738679849
 20
77.39506661970338
 30
0.0
 10
138.6315013598412
 20
77.47549907763508
 30
0.0
 10
138.5867302040747
 20
77.55540096386789
 30
0.0
 10
138.5452541367536
 20
77.63459856301622
 30
0.0
 10
138.5069643872448
 20
77.71292063677538
 30
0.0
 10
138.4717497718639
 20
77.79019854823729
 30
0.0
 10
138.4394967889478
 20
77.86626638426567
 30
0.0
 10
138.4100897152878
 20
77.94096107585923
 30
0.0
 10
138.3834107038689
 20
78.01412251643363
 30
0.0
 10
138.3593398828513
 20
78.08559367795318
 30
0.0
 10
138.3377554557394
 20
78.15522072484701
 30
0.0
 10
138.3185338026643
 20
78.2228531256369
 30
0.0
 10
138.301549582765
 20
78.28834376223595
 30
0.0
 10
138.2866758374449
 20
78.35154903677427
 30
0.0
 10
138.2737840950002
 20
78.41232897616724
 30
0.0
 10
138.2627444746433
 20
78.4705473334151
 30
0.0
 10
138.2534257964072
 20
78.52607168883022
 30
0.0
 10
138.2456956745913
 20
78.57877354005755
 30
0.0
 10
138.2394206700616
 20
78.62852841831905
 30
0.0
 10
138.2344662480756
 20
78.67521590486473
 30
0.0
 10
138.2306973860249
 20
78.71871996757471
 30
0.0
 10
138.2279770411625
 20
78.75892823009134
 30
0.0
 10
138.2261715972255
 20
78.7957347088392
 30
0.0
 10
138.2085323307176
 20
79.36170728622023
 30
0.0
 10
138.4603286468427
 20
80.07717892852156
 30
0.0
 10
137.8983415633155
 20
80.25502207894302
 30
0.0
  0
SPLINE
  5
1F1
330
1F
100
AcDbEntity
  8
0
  6
Continuous
 62
     7
100
AcDbSpline
210
0.0
220
0.0
230
1.0
 70
     8
 71
     3
 72
    36
 73
    32
 74
     0
 42
0.00000001
 43
0.0000000001
 40
0.0
 40
0.0
 40
0.0
 40
0.0
 40
0.2191232185722415
 40
0.2236064693373422
 40
0.2286171613497137
 40
0.234155294611084
 40
0.2402208691227308
 40
0.2468138848856243
 40
0.2539343419005202
 40
0.2615822401680163
 40
0.2697575796885965
 40
0.2784603604626552
 40
0.2876905824905197
 40
0.2974482457724647
 40
0.3077333503087222
 40
0.3185458960994902
 40
0.329885883144939
 40
0.3417533114452166
 40
0.3541481810004518
 40
0.3670704918107577
 40
0.3805202438762341
 40
0.3944974371969694
 40
0.4090020717730426
 40
0.4240341476045241
 40
0.4395936646914776
 40
0.4556806230339598
 40
0.4722950226320225
 40
0.4894368634857128
 40
0.5071061455950733
 40
0.5253028689601433
 40
0.5369936693187541
 40
0.5369936693187541
 40
0.5369936693187541
 40
0.5369936693187541
 10
140.8911552394484
 20
81.98273663873614
 30
0.0
 10
140.3291681559213
 20
81.15603701297322
 30
0.0
 10
140.5809644720464
 20
80.73128320916612
 30
0.0
 10
140.5633252055384
 20
80.14494476817466
 30
0.0
 10
140.5615197616014
 20
80.10605376822743
 30
0.0
 10
140.5587994167391
 20
80.06270466238744
 30
0.0
 10
140.5550305546884
 20
80.01484916417657
 30
0.0
 10
140.5500761327024
 20
79.96244142376498
 30
0.0
 10
140.5438011281727
 20
79.9054415794869
 30
0.0
 10
140.5360710063568
 20
79.8438147195851
 30
0.0
 10
140.5267523281206
 20
79.77753124729272
 30
0.0
 10
140.5157127077638
 20
79.7065668156887
 30
0.0
 10
140.502820965319
 20
79.63090238729425
 30
0.0
 10
140.487947219999
 20
79.55052425194401
 30
0.0
 10
140.4709630000997
 20
79.46542405245049
 30
0.0
 10
140.4517413470246
 20
79.3755988034082
 30
0.0
 10
140.4301569199127
 20
79.28105090742615
 30
0.0
 10
140.4060860988951
 20
79.18178816752001
 30
0.0
 10
140.3794070874762
 20
79.07782379602022
 30
0.0
 10
140.3500000138163
 20
78.96917641988206
 30
0.0
 10
140.3177470309
 20
78.85587008242244
 30
0.0
 10
140.2825324155192
 20
78.73793424147018
 30
0.0
 10
140.2442426660103
 20
78.61540376393044
 30
0.0
 10
140.2027665986893
 20
78.48831891676195
 30
0.0
 10
140.1579954429228
 20
78.35672535436941
 30
0.0
 10
140.1098229347791
 20
78.22067410241428
 30
0.0
 10
140.0581454092002
 20
78.08022153805001
 30
0.0
 10
140.0028618906393
 20
77.93542936658926
 30
0.0
 10
139.9438741821068
 20
77.78636459461269
 30
0.0
 10
139.8891764209784
 20
77.65284608102205
 30
0.0
 10
139.8539086755761
 20
77.5690727897513
 30
0.0
 10
139.8399802363029
 20
77.53632725667502
 30
0.0
  0
SPLINE
  5
1F2
330
1F
100
AcDbEntity
  8
0
  6
Continuous
 62
     7
100
AcDbSpline
210
0.0
220
0.0
230
1.0
 70
     8
 71
     3
 72
    36
 73
    32
 74
     0
 42
0.00000001
 43
0.0000000001
 40
0.0
 40
0.0
 40
0.0
 40
0.0
 40
0.2191232185722415
 40
0.2236064693373422
 40
0.2286171613497137
 40
0.234155294611084
 40
0.2402208691227308
 40
0.2468138848856243
 40
0.2539343419005202
 40
0.2615822401680163
 40
0.2697575796885965
 40
0.2784603604626552
 40
0.2876905824905197
 40
0.2974482457724647
 40
0.3077333503087222
 40
0.3185458960994902
 40
0.329885883144939
 40
0.3417533114452166
 40
0.3541481810004518
 40
0.3670704918107577
 40
0.3805202438762341
 40
0.3944974371969694
 40
0.4090020717730426
 40
0.4240341476045241
 40
0.4395936646914776
 40
0.4556806230339598
 40
0.4722950226320225
 40
0.4894368634857128
 40
0.5071061455950733
 40
0.5253028689601433
 40
0.5369936693187541
 40
0.5369936693187541
 40
0.5369936693187541
 40
0.5369936693187541
 10
155.0332908631794
 20
73.81865552050908
 30
0.0
 10
154.4713037796523
 20
72.99195589474615
 30
0.0
 10
154.7231000957773
 20
72.56720209093903
 30
0.0
 10
154.7054608292694
 20
71.98086364994761
 30
0.0
 10
154.7036553853324
 20
71.94197265000036
 30
0.0
 10
154.7009350404701
 20
71.89862354416034
 30
0.0
 10
154.6971661784193
 20
71.85076804594952
 30
0.0
 10
154.6922117564334
 20
71.79836030553791
 30
0.0
 10
154.6859367519037
 20
71.74136046125984
 30
0.0
 10
154.6782066300878
 20
71.67973360135802
 30
0.0
 10
154.6688879518516
 20
71.61345012906564
 30
0.0
 10
154.6578483314948
 20
71.54248569746162
 30
0.0
 10
154.64495658905
 20
71.46682126906717
 30
0.0
 10
154.63008284373
 20
71.38644313371695
 30
0.0
 10
154.6130986238306
 20
71.30134293422341
 30
0.0
 10
154.5938769707556
 20
71.21151768518112
 30
0.0
 10
154.5722925436437
 20
71.11696978919908
 30
0.0
 10
154.548221722626
 20
71.01770704929293
 30
0.0
 10
154.5215427112072
 20
70.91374267779315
 30
0.0
 10
154.4921356375472
 20
70.80509530165499
 30
0.0
 10
154.459882654631
 20
70.69178896419536
 30
0.0
 10
154.4246680392502
 20
70.57385312324311
 30
0.0
 10
154.3863782897413
 20
70.45132264570336
 30
0.0
 10
154.3449022224203
 20
70.32423779853488
 30
0.0
 10
154.3001310666538
 20
70.19264423614233
 30
0.0
 10
154.2519585585101
 20
70.05659298418719
 30
0.0
 10
154.2002810329312
 20
69.91614041982294
 30
0.0
 10
154.1449975143702
 20
69.77134824836219
 30
0.0
 10
154.0860098058378
 20
69.62228347638561
 30
0.0
 10
154.0313120447094
 20
69.48876496279495
 30
0.0
 10
153.996044299307
 20
69.40499167152423
 30
0.0
 10
153.9821158600338
 20
69.37224613844795
 30
0.0
  0
LINE
  5
1F3
330
1F
100
AcDbEntity
  8
0
  6
Continuous
 62
     7
100
AcDbLine
 10
139.8399802363029
 20
77.53632725667502
 30
0.0
 11
153.9821158600338
 21
69.37224613844795
 31
0.0
  0
ARC
  5
1F4
330
1F
100
AcDbEntity
  8
0
  6
Continuous
 62
     7
100
AcDbCircle
 10
146.4735799964267
 20
81.35054644128986
 30
0.0
 40
14.13710681009862
100
AcDbArc
 50
297.9132927387872
 51
302.0813307285159
  0
LINE
  5
1F5
330
1F
100
AcDbEntity
  8
0
  6
Continuous
 62
     7
100
AcDbLine
 10
153.0916521901921
 20
68.85819240378971
 30
0.0
 11
138.9495165664611
 21
77.02227352201679
 31
0.0
  0
SPLINE
  5
1F6
330
1F
100
AcDbEntity
  8
0
  6
Continuous
 62
     7
100
AcDbSpline
210
0.0
220
0.0
230
1.0
 70
     8
 71
     3
 72
    13
 73
     9
 74
     0
 42
0.00000001
 43
0.0000000001
 40
0.0
 40
0.0
 40
0.0
 40
0.0
 40
0.150640049993246
 40
0.3024359291722413
 40
0.5048666060849732
 40
0.7074257171861407
 40
0.9100275952371072
 40
1.0
 40
1.0
 40
1.0
 40
1.0
 10
161.470570958357
 20
88.01593967971708
 30
0.0
 10
161.6013310987115
 20
88.13115611316886
 30
0.0
 10
161.8638546742715
 20
88.36247301135406
 30
0.0
 10
162.289577173355
 20
88.79701540543633
 30
0.0
 10
162.699949369975
 20
89.37233231677701
 30
0.0
 10
163.1032821985958
 20
90.02967243405329
 30
0.0
 10
163.3973512203158
 20
90.58623640502787
 30
0.0
 10
163.5549149908664
 20
90.91987793898203
 30
0.0
 10
163.6033689807509
 20
91.02247933938514
 30
0.0
  0
SPLINE
  5
1F7
330
1F
100
AcDbEntity
  8
0
  6
Continuous
 62
     7
100
AcDbSpline
210
0.0
220
0.0
230
1.0
 70
     8
 71
     3
 72
    36
 73
    32
 74
     0
 42
0.00000001
 43
0.0000000001
 40
0.4630063306812464
 40
0.4630063306812464
 40
0.4630063306812464
 40
0.4630063306812464
 40
0.4746971310398568
 40
0.4928938544049268
 40
0.5105631365142873
 40
0.5277049773679776
 40
0.5443193769660402
 40
0.5604063353085225
 40
0.575965852395476
 40
0.5909979282269575
 40
0.6055025628030306
 40
0.619479756123766
 40
0.6329295081892424
 40
0.6458518189995482
 40
0.6582466885547835
 40
0.670114116855061
 40
0.6814541039005098
 40
0.6922666496912778
 40
0.7025517542275353
 40
0.7123094175094803
 40
0.7215396395373448
 40
0.7302424203114036
 40
0.7384177598319837
 40
0.7460656580994798
 40
0.7531861151143758
 40
0.7597791308772692
 40
0.7658447053889159
 40
0.7713828386502863
 40
0.7763935306626577
 40
0.7808767814277586
 40
1.0
 40
1.0
 40
1.0
 40
1.0
 10
149.4612333570199
 20
99.18656045761224
 30
0.0
 10
149.446168862214
 20
99.1540646155664
 30
0.0
 10
149.407328689587
 20
99.07107649985199
 30
0.0
 10
149.3441818060955
 20
98.9394149994165
 30
0.0
 10
149.2719735513147
 20
98.79325594086747
 30
0.0
 10
149.2001798567468
 20
98.65209250298651
 30
0.0
 10
149.1289356994469
 20
98.51594044356776
 30
0.0
 10
149.0583740480896
 20
98.38481004986194
 30
0.0
 10
148.9886257679956
 20
98.25870615213045
 30
0.0
 10
148.9198195277319
 20
98.1376281407617
 30
0.0
 10
148.852081707339
 20
98.02156998693501
 30
0.0
 10
148.7855363082384
 20
97.91052026681617
 30
0.0
 10
148.7203048648715
 20
97.80446218926586
 30
0.0
 10
148.6565063581215
 20
97.70337362704088
 30
0.0
 10
148.5942571305679
 20
97.60722715146624
 30
0.0
 10
148.5336708036212
 20
97.51599007055318
 30
0.0
 10
148.4748581965874
 20
97.42962447054058
 30
0.0
 10
148.4179272477091
 20
97.34808726081981
 30
0.0
 10
148.3629829372178
 20
97.27133022225714
 30
0.0
 10
148.3101272124865
 20
97.19930005873095
 30
0.0
 10
148.2594589151656
 20
97.13193845237483
 30
0.0
 10
148.2110737108968
 20
97.069182120693
 30
0.0
 10
148.1650640197492
 20
97.01096288166935
 30
0.0
 10
148.1215189538725
 20
96.95720770588021
 30
0.0
 10
148.0805242405572
 20
96.90783882647478
 30
0.0
 10
148.0421622041556
 20
96.86277366873456
 30
0.0
 10
148.0065115621036
 20
96.82192539356151
 30
0.0
 10
147.9736478438253
 20
96.78520143037752
 30
0.0
 10
147.9436417890846
 20
96.75250857776385
 30
0.0
 10
147.4833813640601
 20
96.26345282233272
 30
0.0
 10
146.9324706325282
 20
96.01512415277861
 30
0.0
 10
146.7250628688142
 20
95.11049235451984
 30
0.0
  0
LINE
  5
1F8
330
1F
100
AcDbEntity
  8
0
  6
Continuous
 62
     7
100
AcDbLine
 10
163.6033689807509
 20
91.02247933938514
 30
0.0
 11
149.4612333570199
 21
99.18656045761224
 31
0.0
  0
ARC
  5
1F9
330
1F
100
AcDbEntity
  8
0
  6
Continuous
 62
     7
100
AcDbCircle
 10
142.1480862671762
 20
96.67642544258603
 30
0.0
 40
7.731940128541567
100
AcDbArc
 50
18.94406342432281
 51
25.17709137033631
  0
SPLINE
  5
1FA
330
1F
100
AcDbEntity
  8
0
  6
Continuous
 62
     7
100
AcDbSpline
210
0.0
220
0.0
230
1.0
 70
     8
 71
     3
 72
    36
 73
    32
 74
     0
 42
0.00000001
 43
0.0000000001
 40
0.0
 40
0.0
 40
0.0
 40
0.0
 40
0.2191232185722415
 40
0.2236064693373422
 40
0.2286171613497137
 40
0.234155294611084
 40
0.2402208691227308
 40
0.2468138848856243
 40
0.2539343419005202
 40
0.2615822401680163
 40
0.2697575796885965
 40
0.2784603604626552
 40
0.2876905824905197
 40
0.2974482457724647
 40
0.3077333503087222
 40
0.3185458960994902
 40
0.329885883144939
 40
0.3417533114452166
 40
0.3541481810004518
 40
0.3670704918107577
 40
0.3805202438762341
 40
0.3944974371969694
 40
0.4090020717730426
 40
0.4240341476045241
 40
0.4395936646914776
 40
0.4556806230339598
 40
0.4722950226320225
 40
0.4894368634857128
 40
0.5071061455950733
 40
0.5253028689601433
 40
0.5369936693187539
 40
0.5369936693187539
 40
0.5369936693187539
 40
0.5369936693187539
 10
145.6637965132497
 20
97.7292438323893
 30
0.0
 10
146.2697710095102
 20
97.65038339572052
 30
0.0
 10
146.6421053325681
 20
98.33936226694515
 30
0.0
 10
147.1148756978077
 20
98.79754884023874
 30
0.0
 10
147.1461621910351
 20
98.82708211829161
 30
0.0
 10
147.1809552044787
 20
98.8590454061382
 30
0.0
 10
147.2192787603342
 20
98.89329807320912
 30
0.0
 10
147.2611545212332
 20
98.92969286165701
 30
0.0
 10
147.3065995290934
 20
98.96808031744965
 30
0.0
 10
147.3556268729168
 20
99.0083075759542
 30
0.0
 10
147.4082454617511
 20
99.05021888201334
 30
0.0
 10
147.4644600726791
 20
99.09365558657967
 30
0.0
 10
147.5242713197468
 20
99.13845630326278
 30
0.0
 10
147.5876756500363
 20
99.18445701975125
 30
0.0
 10
147.6546653352855
 20
99.2314912250373
 30
0.0
 10
147.7252284683987
 20
99.27939003434659
 30
0.0
 10
147.7993489621082
 20
99.32798231699628
 30
0.0
 10
147.8770065505909
 20
99.3770948255605
 30
0.0
 10
147.9581767938057
 20
99.42655232671725
 30
0.0
 10
148.0428310846225
 20
99.47617773357039
 30
0.0
 10
148.130936658717
 20
99.52579223940688
 30
0.0
 10
148.2224566072364
 20
99.57521545279959
 30
0.0
 10
148.3173498922282
 20
99.62426553397996
 30
0.0
 10
148.4155713648267
 20
99.67275933239932
 30
0.0
 10
148.5170717861873
 20
99.72051252539801
 30
0.0
 10
148.6217978511623
 20
99.76733975790132
 30
0.0
 10
148.7296922147033
 20
99.81305478305925
 30
0.0
 10
148.8406935209804
 20
99.85747060374784
 30
0.0
 10
148.9547364352034
 20
99.9003996148486
 30
0.0
 10
149.0566755055077
 20
99.93633858906513
 30
0.0
 10
149.1205279078839
 20
99.9576072191129
 30
0.0
 10
149.1454705879602
 20
99.96572792466288
 30
0.0
  0
SPLINE
  5
1FB
330
1F
100
AcDbEntity
  8
0
  6
Continuous
 62
     7
100
AcDbSpline
210
0.0
220
0.0
230
1.0
 70
     8
 71
     3
 72
    36
 73
    32
 74
     0
 42
0.00000001
 43
0.0000000001
 40
0.0
 40
0.0
 40
0.0
 40
0.0
 40
0.2191232185722415
 40
0.2236064693373422
 40
0.2286171613497137
 40
0.234155294611084
 40
0.2402208691227308
 40
0.2468138848856243
 40
0.2539343419005202
 40
0.2615822401680163
 40
0.2697575796885965
 40
0.2784603604626552
 40
0.2876905824905197
 40
0.2974482457724647
 40
0.3077333503087222
 40
0.3185458960994902
 40
0.329885883144939
 40
0.3417533114452166
 40
0.3541481810004518
 40
0.3670704918107577
 40
0.3805202438762341
 40
0.3944974371969694
 40
0.4090020717730426
 40
0.4240341476045241
 40
0.4395936646914776
 40
0.4556806230339598
 40
0.4722950226320225
 40
0.4894368634857128
 40
0.5071061455950733
 40
0.5253028689601433
 40
0.5369936693187542
 40
0.5369936693187542
 40
0.5369936693187542
 40
0.5369936693187542
 10
137.3401630837447
 20
80.09166323569036
 30
0.0
 10
136.640414000321
 20
79.54455511310213
 30
0.0
 10
136.6339322464097
 20
78.90087825433809
 30
0.0
 10
136.386445271837
 20
78.25731272480287
 30
0.0
 10
136.3696147736711
 20
78.21505217346663
 30
0.0
 10
136.3503926029018
 20
78.16842212275351
 30
0.0
 10
136.3286720580218
 20
78.11745822383738
 30
0.0
 10
136.304345180182
 20
78.06220114988633
 30
0.0
 10
136.2773077398291
 20
78.00269691248416
 30
0.0
 10
136.2474578180937
 20
77.93899672887995
 30
0.0
 10
136.2146963506492
 20
77.87115702241873
 30
0.0
 10
136.1789270739502
 20
77.79923937801303
 30
0.0
 10
136.1400566486877
 20
77.72331050660209
 30
0.0
 10
136.0979947280144
 20
77.64344220244706
 30
0.0
 10
136.0526540396545
 20
77.5597112980991
 30
0.0
 10
136.0039504614131
 20
77.4721996156428
 30
0.0
 10
135.9518030960441
 20
77.38099391465991
 30
0.0
 10
135.8961343436782
 20
77.28618583682031
 30
0.0
 10
135.8368699722759
 20
77.18787184716576
 30
0.0
 10
135.7739391859155
 20
77.08615317210915
 30
0.0
 10
135.7072746909154
 20
76.98113573418587
 30
0.0
 10
135.6368127597384
 20
76.8729300835931
 30
0.0
 10
135.56249329264
 20
76.76165132655462
 30
0.0
 10
135.4842598770215
 20
76.64741905055095
 30
0.0
 10
135.4020598444507
 20
76.53035724645613
 30
0.0
 10
135.3158443253131
 20
76.4105942276247
 30
0.0
 10
135.225568301058
 20
76.28826254597292
 30
0.0
 10
135.131190654007
 20
76.16349890510206
 30
0.0
 10
135.0326742146906
 20
76.03644407051071
 30
0.0
 10
134.9432161186194
 20
75.92388899290881
 30
0.0
 10
134.886467872296
 20
75.85390518960084
 30
0.0
 10
134.8641926388514
 20
75.82664557226171
 30
0.0
  0
SPLINE
  5
1FC
330
1F
100
AcDbEntity
  8
0
  6
Continuous
 62
     7
100
AcDbSpline
210
0.0
220
0.0
230
1.0
 70
     8
 71
     3
 72
    12
 73
     8
 74
     0
 42
0.00000001
 43
0.0000000001
 40
0.0
 40
0.0
 40
0.0
 40
0.0
 40
0.1496429271495119
 40
0.396413603956857
 40
0.6433408469136073
 40
0.8903202244050421
 40
0.9999999999999998
 40
0.9999999999999998
 40
0.9999999999999998
 40
0.9999999999999998
 10
150.5950758810349
 20
70.29943522935005
 30
0.0
 10
150.5450405387294
 20
70.15668625751809
 30
0.0
 10
150.4124937438602
 20
69.77853517839289
 30
0.0
 10
150.0840330176039
 20
69.18514034208183
 30
0.0
 10
149.6722967921267
 20
68.53518963366624
 30
0.0
 10
149.3039046979646
 20
68.03229341347256
 30
0.0
 10
149.0763162362379
 20
67.74952221545672
 30
0.0
 10
149.0063282625824
 20
67.66256445403462
 30
0.0
  0
LINE
  5
1FD
330
1F
100
AcDbEntity
  8
0
  6
Continuous
 62
     7
100
AcDbLine
 10
134.8641926388514
 20
75.8266455722617
 30
0.0
 11
149.0063282625824
 21
67.66256445403462
 31
0.0
  0
ARC
  5
1FE
330
1F
100
AcDbEntity
  8
0
  6
Continuous
 62
     7
100
AcDbCircle
 10
134.653363498054
 20
82.21089882609264
 30
0.0
 40
6.387733442752635
100
AcDbArc
 50
264.8117039709266
 51
271.8914086361269
  0
SPLINE
  5
1FF
330
1F
100
AcDbEntity
  8
0
  6
Continuous
 62
     7
100
AcDbSpline
210
0.0
220
0.0
230
1.0
 70
     8
 71
     3
 72
    36
 73
    32
 74
     0
 42
0.00000001
 43
0.0000000001
 40
0.4630063306812452
 40
0.4630063306812452
 40
0.4630063306812452
 40
0.4630063306812452
 40
0.4746971310398568
 40
0.4928938544049268
 40
0.5105631365142873
 40
0.5277049773679776
 40
0.5443193769660402
 40
0.5604063353085225
 40
0.575965852395476
 40
0.5909979282269575
 40
0.6055025628030306
 40
0.619479756123766
 40
0.6329295081892424
 40
0.6458518189995482
 40
0.6582466885547835
 40
0.670114116855061
 40
0.6814541039005098
 40
0.6922666496912778
 40
0.7025517542275353
 40
0.7123094175094803
 40
0.7215396395373448
 40
0.7302424203114036
 40
0.7384177598319837
 40
0.7460656580994798
 40
0.7531861151143758
 40
0.7597791308772692
 40
0.7658447053889159
 40
0.7713828386502863
 40
0.7763935306626577
 40
0.7808767814277586
 40
1.0
 40
1.0
 40
1.0
 40
1.0
 10
134.0757262167648
 20
75.84933661961182
 30
0.0
 10
134.0733354092445
 20
75.87730609381715
 30
0.0
 10
134.0676275802125
 20
75.94908730247239
 30
0.0
 10
134.060220751922
 20
76.06443002774537
 30
0.0
 10
134.0542751473193
 20
76.19449114531651
 30
0.0
 10
134.0507505451122
 20
76.32207228673195
 30
0.0
 10
134.0495102165379
 20
76.44703769106001
 30
0.0
 10
134.0504164604622
 20
76.5692558008745
 30
0.0
 10
134.0533307137351
 20
76.68859934750371
 30
0.0
 10
134.0581136618939
 20
76.80494543328844
 30
0.0
 10
134.0646253501456
 20
76.91817561080267
 30
0.0
 10
134.0727252945626
 20
77.0281759589942
 30
0.0
 10
134.0822725934258
 20
77.13483715620225
 30
0.0
 10
134.0931260386481
 20
77.23805455001283
 30
0.0
 10
134.1051442272118
 20
77.33772822391246
 30
0.0
 10
134.1181856725528
 20
77.43376306070466
 30
0.0
 10
134.1321089158287
 20
77.52606880265318
 30
0.0
 10
134.1467726369935
 20
77.6145601083212
 30
0.0
 10
134.1620357656515
 20
77.69915660606952
 30
0.0
 10
134.1777575914895
 20
77.77978294420337
 30
0.0
 10
134.1937978746943
 20
77.85636883767631
 30
0.0
 10
134.2100169546615
 20
77.92884911154512
 30
0.0
 10
134.2262758625153
 20
77.99716374040073
 30
0.0
 10
134.242436418369
 20
78.0612578863104
 30
0.0
 10
134.2583613775781
 20
78.12108192659668
 30
0.0
 10
134.2739144098158
 20
78.17659150051529
 30
0.0
 10
134.2889606314705
 20
78.22774747785112
 30
0.0
 10
134.3033653107392
 20
78.2745161697602
 30
0.0
 10
134.3169985264792
 20
78.31686873476359
 30
0.0
 10
134.5332479114168
 20
78.96133324186549
 30
0.0
 10
134.9856387960283
 20
79.59217741059274
 30
0.0
 10
134.6901581805554
 20
80.16792696113503
 30
0.0
  0
LINE
  5
200
330
1F
100
AcDbEntity
  8
0
  6
Continuous
 62
     7
100
AcDbLine
 10
149.1454705879602
 20
99.96572792466288
 30
0.0
 11
163.2876062116912
 21
91.80164680643581
 31
0.0
  0
ARC
  5
201
330
1F
100
AcDbEntity
  8
0
  6
Continuous
 62
     7
100
AcDbCircle
 10
156.2902218908987
 20
88.51234432435566
 30
0.0
 40
7.731940128550617
100
AcDbArc
 50
18.94406342432551
 51
25.1770913703319
  0
LINE
  5
202
330
1F
100
AcDbEntity
  8
0
  6
Continuous
 62
     7
100
AcDbLine
 10
148.2178618404958
 20
67.68525550138476
 30
0.0
 11
134.0757262167648
 21
75.84933661961182
 31
0.0
  0
ARC
  5
203
330
1F
100
AcDbEntity
  8
0
  6
Continuous
 62
     7
100
AcDbCircle
 10
148.795499121785
 20
74.04681770786125
 30
0.0
 40
6.387733442748316
100
AcDbArc
 50
264.8117039709233
 51
271.891408636128
  0
SPLINE
  5
204
330
1F
100
AcDbEntity
  8
0
  6
Continuous
 62
     7
100
AcDbSpline
210
0.0
220
0.0
230
1.0
 70
     8
 71
     3
 72
    36
 73
    32
 74
     0
 42
0.00000001
 43
0.0000000001
 40
0.4630063306812452
 40
0.4630063306812452
 40
0.4630063306812452
 40
0.4630063306812452
 40
0.4746971310398568
 40
0.4928938544049268
 40
0.5105631365142873
 40
0.5277049773679776
 40
0.5443193769660402
 40
0.5604063353085225
 40
0.575965852395476
 40
0.5909979282269575
 40
0.6055025628030306
 40
0.619479756123766
 40
0.6329295081892424
 40
0.6458518189995482
 40
0.6582466885547835
 40
0.670114116855061
 40
0.6814541039005098
 40
0.6922666496912778
 40
0.7025517542275353
 40
0.7123094175094803
 40
0.7215396395373448
 40
0.7302424203114036
 40
0.7384177598319837
 40
0.7460656580994798
 40
0.7531861151143758
 40
0.7597791308772692
 40
0.7658447053889159
 40
0.7713828386502863
 40
0.7763935306626577
 40
0.7808767814277586
 40
1.0
 40
1.0
 40
1.0
 40
1.0
 10
146.7552877154122
 20
102.5845926080497
 30
0.0
 10
146.7515265621835
 20
102.5532638236375
 30
0.0
 10
146.7415095597217
 20
102.4730090678118
 30
0.0
 10
146.7239111358292
 20
102.3446601182756
 30
0.0
 10
146.7020184949296
 20
102.2007643154107
 30
0.0
 10
146.6785788021425
 20
102.0604093848642
 30
0.0
 10
146.6537365905295
 20
101.923696156154
 30
0.0
 10
146.6276363497915
 20
101.7907205386626
 30
0.0
 10
146.6004224146552
 20
101.6615734667852
 30
0.0
 10
146.5722388535845
 20
101.5363408484603
 30
0.0
 10
146.5432293578821
 20
101.4151035171077
 30
0.0
 10
146.5135371312492
 20
101.297937187001
 30
0.0
 10
146.4833047798662
 20
101.1849124120953
 30
0.0
 10
146.4526742030607
 20
101.0760945483325
 30
0.0
 10
146.4217864846267
 20
100.9715437194423
 30
0.0
 10
146.3907817848606
 20
100.871314786256
 30
0.0
 10
146.3597992333736
 20
100.7754573195493
 30
0.0
 10
146.3289768227548
 20
100.6840155764219
 30
0.0
 10
146.2984513031125
 20
100.5970284802445
 30
0.0
 10
146.2683580776719
 20
100.5145296041151
 30
0.0
 10
146.238831099096
 20
100.4365471580646
 30
0.0
 10
146.2100027679363
 20
100.3631039792162
 30
0.0
 10
146.1820038286726
 20
100.2942175276489
 30
0.0
 10
146.1549632790516
 20
100.2298998786146
 30
0.0
 10
146.1290082398235
 20
100.1701577427608
 30
0.0
 10
146.1042639628826
 20
100.1149924079974
 30
0.0
 10
146.0808533845429
 20
100.064399957645
 30
0.0
 10
146.0588981842012
 20
100.0183705932105
 30
0.0
 10
146.0385149413445
 20
99.97689089145183
 30
0.0
 10
145.7208608439267
 20
99.34874723232892
 30
0.0
 10
145.205001386662
 20
98.81702532644858
 30
0.0
 10
145.3372254345945
 20
98.08705974443864
 30
0.0
  0
LINE
  5
205
330
1F
100
AcDbEntity
  8
0
  6
Continuous
 62
     7
100
AcDbLine
 10
160.8974233391432
 20
94.42051148982264
 30
0.0
 11
146.7552877154122
 21
102.5845926080497
 31
0.0
  0
SPLINE
  5
206
330
1F
100
AcDbEntity
  8
0
  6
Continuous
 62
     7
100
AcDbSpline
210
0.0
220
0.0
230
1.0
 70
     8
 71
     3
 72
    10
 73
     6
 74
     0
 42
0.00000001
 43
0.0000000001
 40
0.0
 40
0.0
 40
0.0
 40
0.0
 40
0.117645126706825
 40
0.7286583460414584
 40
1.0
 40
1.0
 40
1.0
 40
1.0
 10
160.6923307069244
 20
93.29986746481427
 30
0.0
 10
160.7046082902711
 20
93.34484256291435
 30
0.0
 10
160.7806519295205
 20
93.62340472279312
 30
0.0
 10
160.8414764023996
 20
93.99716447365831
 30
0.0
 10
160.8842649963803
 20
94.32094312253452
 30
0.0
 10
160.8974233391432
 20
94.42051148982264
 30
0.0
  0
ARC
  5
207
330
1F
100
AcDbEntity
  8
0
  6
Continuous
 62
     7
100
AcDbCircle
 10
144.3672237854133
 20
98.12330429930142
 30
0.0
 40
5.060231487544445
100
AcDbArc
 50
61.84049264896098
 51
70.11031966941505
  0
SPLINE
  5
208
330
1F
100
AcDbEntity
  8
0
  6
Continuous
 62
     7
100
AcDbSpline
210
0.0
220
0.0
230
1.0
 70
     8
 71
     3
 72
    16
 73
    12
 74
     0
 42
0.00000001
 43
0.0000000001
 40
0.0
 40
0.0
 40
0.0
 40
0.0
 40
0.0498038713764116
 40
0.1125284860446161
 40
0.1741825684127265
 40
0.2995384941392277
 40
0.4247235468513774
 40
0.5916667807318755
 40
0.7587159334339933
 40
0.9258003557553788
 40
1.0
 40
1.0
 40
1.0
 40
1.0
 10
143.4269899407999
 20
99.31288062404071
 30
0.0
 10
143.4796961029766
 20
99.35956799014933
 30
0.0
 10
143.5987821192051
 20
99.46505494287857
 30
0.0
 10
143.7560490547468
 20
99.68581430441737
 30
0.0
 10
143.9442644924527
 20
100.0217704285874
 30
0.0
 10
144.1266486530686
 20
100.4603705106257
 30
0.0
 10
144.4364116581582
 20
101.0282067738974
 30
0.0
 10
144.8541511509252
 20
101.5941175084383
 30
0.0
 10
145.3414233910036
 20
102.1598797275381
 30
0.0
 10
145.7587718857365
 20
102.5812768782751
 30
0.0
 10
146.0111536736376
 20
102.8110348835351
 30
0.0
 10
146.0887660876798
 20
102.881690034931
 30
0.0
  0
ARC
  5
209
330
1F
100
AcDbEntity
  8
0
  6
Continuous
 62
     7
100
AcDbCircle
 10
134.7267649476015
 20
81.22972932017971
 30
0.0
 40
5.500594642662563
100
AcDbArc
 50
218.4749784909666
 51
226.2971170804912
  0
SPLINE
  5
20A
330
1F
100
AcDbEntity
  8
0
  6
Continuous
 62
     7
100
AcDbSpline
210
0.0
220
0.0
230
1.0
 70
     8
 71
     3
 72
    15
 73
    11
 74
     0
 42
0.00000001
 43
0.0000000001
 40
0.0
 40
0.0
 40
0.0
 40
0.0
 40
0.0809481228373704
 40
0.263228920541638
 40
0.4454712408448083
 40
0.6275980089796282
 40
0.7641686775792904
 40
0.9009257601421708
 40
0.9681872987083711
 40
1.0
 40
1.0
 40
1.0
 40
1.0
 10
130.420459748398
 20
77.80740891522039
 30
0.0
 10
130.4520383978605
 20
77.91149274132549
 30
0.0
 10
130.5547265581143
 20
78.24995486041046
 30
0.0
 10
130.7601356393052
 20
78.82524075733336
 30
0.0
 10
131.0635754015317
 20
79.52456188597709
 30
0.0
 10
131.3925636756098
 20
80.15469945946522
 30
0.0
 10
131.7658781023497
 20
80.67701922244891
 30
0.0
 10
132.0698940916666
 20
81.02546143157075
 30
0.0
 10
132.2665839106812
 20
81.29496057376275
 30
0.0
 10
132.3286234577007
 20
81.42009578873526
 30
0.0
 10
132.3485443330002
 20
81.46027665937024
 30
0.0
  0
SPLINE
  5
20B
330
1F
100
AcDbEntity
  8
0
  6
Continuous
 62
     7
100
AcDbSpline
210
0.0
220
0.0
230
1.0
 70
     8
 71
     3
 72
    36
 73
    32
 74
     0
 42
0.00000001
 43
0.0000000001
 40
0.0
 40
0.0
 40
0.0
 40
0.0
 40
0.2191232185722415
 40
0.2236064693373422
 40
0.2286171613497137
 40
0.234155294611084
 40
0.2402208691227308
 40
0.2468138848856243
 40
0.2539343419005202
 40
0.2615822401680163
 40
0.2697575796885965
 40
0.2784603604626552
 40
0.2876905824905197
 40
0.2974482457724647
 40
0.3077333503087222
 40
0.3185458960994902
 40
0.329885883144939
 40
0.3417533114452166
 40
0.3541481810004518
 40
0.3670704918107577
 40
0.3805202438762341
 40
0.3944974371969694
 40
0.4090020717730426
 40
0.4240341476045241
 40
0.4395936646914776
 40
0.4556806230339598
 40
0.4722950226320225
 40
0.4894368634857128
 40
0.5071061455950733
 40
0.5253028689601433
 40
0.5369936693187541
 40
0.5369936693187541
 40
0.5369936693187541
 40
0.5369936693187541
 10
134.2598516638743
 20
80.35973312849247
 30
0.0
 10
133.5826446626759
 20
80.21755238659627
 30
0.0
 10
133.3193697304357
 20
79.50241108407111
 30
0.0
 10
132.8987313311315
 20
78.9490515730032
 30
0.0
 10
132.870731443037
 20
78.91310285329423
 30
0.0
 10
132.8394110140318
 20
78.87387424037337
 30
0.0
 10
132.8047147013936
 20
78.83147715581205
 30
0.0
 10
132.7665883622423
 20
78.78602947804383
 30
0.0
 10
132.7249824378147
 20
78.7376525512026
 30
0.0
 10
132.6798509734986
 20
78.68647198828928
 30
0.0
 10
132.6311519742189
 20
78.63261730685239
 30
0.0
 10
132.578847351403
 20
78.5762219152768
 30
0.0
 10
132.5229029893109
 20
78.51742299024749
 30
0.0
 10
132.4632887724095
 20
78.4563613832522
 30
0.0
 10
132.3999786208779
 20
78.39318151516916
 30
0.0
 10
132.3329505203035
 20
78.32803127111947
 30
0.0
 10
132.2621865496396
 20
78.26106189208307
 30
0.0
 10
132.1876729062113
 20
78.19242786438185
 30
0.0
 10
132.1093999281007
 20
78.12228680679041
 30
0.0
 10
132.0273621137967
 20
78.05079935542787
 30
0.0
 10
131.9415581391231
 20
77.97812904647185
 30
0.0
 10
131.8519908714242
 20
77.90444219676992
 30
0.0
 10
131.7586673810018
 20
77.82990778241583
 30
0.0
 10
131.6615989497892
 20
77.75469731536123
 30
0.0
 10
131.5608010772584
 20
77.67898471813461
 30
0.0
 10
131.4562934835517
 20
77.60294619674029
 30
0.0
 10
131.3481001098332
 20
77.52676011181089
 30
0.0
 10
131.2362491158575
 20
77.45060684808852
 30
0.0
 10
131.1207728747527
 20
77.37466868231054
 30
0.0
 10
131.0170482154617
 20
77.30886205254025
 30
0.0
 10
130.9518198075595
 20
77.26870018313666
 30
0.0
 10
130.9263007674799
 20
77.25317133135304
 30
0.0
  0
LINE
  5
20C
330
1F
100
AcDbEntity
  8
0
  6
Continuous
 62
     7
100
AcDbLine
 10
130.92630076748
 20
77.25317133135304
 30
0.0
 11
145.0684363912109
 21
69.08909021312597
 31
0.0
  0
SPLINE
  5
20D
330
1F
100
AcDbEntity
  8
0
  6
Continuous
 62
     7
100
AcDbSpline
210
0.0
220
0.0
230
1.0
 70
     8
 71
     3
 72
     9
 73
     5
 74
     0
 42
0.00000001
 43
0.0000000001
 40
0.0
 40
0.0
 40
0.0
 40
0.0
 40
0.281455332182749
 40
1.0
 40
1.0
 40
1.0
 40
1.0
 10
145.4047619478133
 20
69.30922350229948
 30
0.0
 10
145.3733642720913
 20
69.28647292948075
 30
0.0
 10
145.2618095345121
 20
69.20564101685609
 30
0.0
 10
145.1492880813765
 20
69.13782153801871
 30
0.0
 10
145.0684363912109
 20
69.08909021312597
 30
0.0
  0
SPLINE
  5
20E
330
1F
100
AcDbEntity
  8
0
  6
Continuous
 62
     7
100
AcDbSpline
210
0.0
220
0.0
230
1.0
 70
     8
 71
     3
 72
    14
 73
    10
 74
     0
 42
0.00000001
 43
0.0000000001
 40
0.0
 40
0.0
 40
0.0
 40
0.0
 40
0.0878544014122527
 40
0.2856869120366847
 40
0.4834776624704811
 40
0.6811430021322121
 40
0.8293655169939416
 40
0.9777903501624981
 40
0.9999999999999998
 40
0.9999999999999998
 40
0.9999999999999998
 40
0.9999999999999998
 10
142.3631312210748
 20
102.9889090043117
 30
0.0
 10
142.3887990349111
 20
102.9152822755621
 30
0.0
 10
142.4722662073661
 20
102.6758612284465
 30
0.0
 10
142.5806245334741
 20
102.2393014508187
 30
0.0
 10
142.6551425160926
 20
101.6575135606227
 30
0.0
 10
142.6594649471434
 20
101.0789739947369
 30
0.0
 10
142.5625588660049
 20
100.5063889007292
 30
0.0
 10
142.4360952388766
 20
100.12372526794
 30
0.0
 10
142.4075082140308
 20
99.92891876759248
 30
0.0
 10
142.4037873494053
 20
99.90356290702687
 30
0.0
  0
LINE
  5
20F
330
1F
100
AcDbEntity
  8
0
  6
Continuous
 62
     7
100
AcDbLine
 10
144.8403013762011
 20
101.5588691130122
 30
0.0
 11
142.3631312210748
 21
102.9889090043117
 31
0.0
  0
ARC
  5
210
330
1F
100
AcDbEntity
  8
0
  6
Continuous
 62
     7
100
AcDbCircle
 10
144.5991923703741
 20
93.74492697809751
 30
0.0
 40
9.510582167479427
100
AcDbArc
 50
103.5982816228242
 51
109.0274437834717
  0
SPLINE
  5
211
330
1F
100
AcDbEntity
  8
0
  6
Continuous
 62
     7
100
AcDbSpline
210
0.0
220
0.0
230
1.0
 70
     8
 71
     3
 72
    11
 73
     7
 74
     0
 42
0.00000001
 43
0.0000000001
 40
0.0
 40
0.0
 40
0.0
 40
0.0
 40
0.0659282602219003
 40
0.4480570837660301
 40
0.8302665873848555
 40
1.0
 40
1.0
 40
1.0
 40
1.0
 10
140.6032357772101
 20
100.9429992046314
 30
0.0
 10
140.6171979051413
 20
100.9835282518122
 30
0.0
 10
140.71208635363
 20
101.2589689600385
 30
0.0
 10
140.9587173118334
 20
101.7630506137262
 30
0.0
 10
141.2500911844185
 20
102.3183269853781
 30
0.0
 10
141.4401086585949
 20
102.6376704812994
 30
0.0
 10
141.498542807127
 20
102.7358749509374
 30
0.0
  0
SPLINE
  5
212
330
1F
100
AcDbEntity
  8
0
  6
Continuous
 62
     7
100
AcDbSpline
210
0.0
220
0.0
230
1.0
 70
     8
 71
     3
 72
    12
 73
     8
 74
     0
 42
0.00000001
 43
0.0000000001
 40
0.0
 40
0.0
 40
0.0
 40
0.0
 40
0.1561301357770186
 40
0.4010182471130921
 40
0.6460617301858839
 40
0.8911569500691417
 40
1.0
 40
1.0
 40
1.0
 40
1.0
 10
131.073452581498
 20
82.19637145929407
 30
0.0
 10
130.9582538405953
 20
82.11171509294301
 30
0.0
 10
130.6623673551546
 20
81.89427630399867
 30
0.0
 10
130.1823629078655
 20
81.70008235088522
 30
0.0
 10
129.6546521357341
 20
81.55280964292696
 30
0.0
 10
129.2385413627868
 20
81.49776523235228
 30
0.0
 10
129.0013647222985
 20
81.4911415790331
 30
0.0
 10
128.9284281931781
 20
81.48910467404027
 30
0.0
  0
LINE
  5
213
330
1F
100
AcDbEntity
  8
0
  6
Continuous
 62
     7
100
AcDbLine
 10
128.9284281931781
 20
81.48910467404027
 30
0.0
 11
131.3731148844452
 21
80.0778170872727
 31
0.0
  0
ARC
  5
214
330
1F
100
AcDbEntity
  8
0
  6
Continuous
 62
     7
100
AcDbCircle
 10
140.473783215257
 20
83.2669524699966
 30
0.0
 40
11.68143678540566
100
AcDbArc
 50
184.0205378176712
 51
188.7541094476588
  0
SPLINE
  5
215
330
1F
100
AcDbEntity
  8
0
  6
Continuous
 62
     7
100
AcDbSpline
210
0.0
220
0.0
230
1.0
 70
     8
 71
     3
 72
     9
 73
     5
 74
     0
 42
0.00000001
 43
0.0000000001
 40
0.0
 40
0.0
 40
0.0
 40
0.0
 40
0.372790575973052
 40
1.0
 40
1.0
 40
1.0
 40
1.0
 10
128.8210946585274
 20
82.44791964324777
 30
0.0
 10
128.8833794706309
 20
82.54334613830348
 30
0.0
 10
129.050456688023
 20
82.79932496718517
 30
0.0
 10
129.2311597417872
 20
83.04216432761297
 30
0.0
 10
129.3444984000586
 20
83.19447546299796
 30
0.0
  0
MULTILEADER
  5
292
330
1F
100
AcDbEntity
  8
0
160
               452
310
C4010000170000000C00000016000000000000C00C00000033000000000000000C00000013000000993A00000C00000033000000000000000C00000010000000000000000C00000016000000000000C00C00000012000000FF7F00000C00000013000000010000000C00000014000000010000005400000007000000030000
310
00E910F5CE4D3867403F350A2748186440000000000000000075E7F2C6BCB76640F575898FAE066440000000000000000039F3DF73A52B6740C868871A0741644000000000000000000C00000014000000010000000C00000013000000891300003C000000060000000200000011826AA1F931674004CFC8A0A72C64400000
310
000000000000E063168A69EE6940FED8FA8A3E06654000000000000000000C00000013000000112700003C0000000600000002000000E063168A69EE6940FED8FA8A3E0665400000000000000000CCB5CEA8EEF96940FED8FA8A3E06654000000000000000000C00000016000000000000C00C00000012000000FF7F00000C
310
00000017000000000000000C000000130000009A3A00000C00000016000000000000C00C00000012000000FF7F00000C00000017000000FFFFFFFF0C0000003300000000000000
100
AcDbMLeader
270
     2
300
CONTEXT_DATA{
 40
1.0
 10
207.8103832280452
 20
168.1951346301429
 30
0.0
 41
4.0
140
4.0
145
2.0
174
     1
175
     6
176
     0
177
     0
290
     1
304

 11
0.0
 21
0.0
 31
1.0
340
11
 12
209.8103832280452
 22
170.1951346301429
 32
0.0
 13
1.0
 23
0.0
 33
0.0
 42
0.0
 43
0.0
 44
0.0
 45
1.0
170
     1
 90
-1073741824
171
     1
172
     5
 91
-1073741824
141
0.0
 92
        0
291
     0
292
     0
173
     0
293
     0
142
0.0
143
0.0
294
     0
295
     0
296
     0
110
181.7417940849515
120
160.2088086781292
130
0.0
111
1.0
121
0.0
131
0.0
112
0.0
122
1.0
132
0.0
297
     0
302
LEADER{
290
     1
291
     1
 10
207.4503832280452
 20
168.1951346301429
 30
0.0
 11
1.0
 21
0.0
 31
0.0
 90
        0
 40
0.36
304
LEADER_LINE{
 10
181.7417940849515
 20
160.2088086781292
 30
0.0
 91
        0
305
}
271
     0
303
}
272
     9
273
     9
301
}
340
24E
 90
   279552
170
     1
 91
-1056964608
341
14
171
    -2
290
     1
291
     1
 41
0.36
 42
4.0
172
     2
343
11
173
     1
 95
        6
174
     1
175
     0
 92
-1056964608
292
     0
 93
-1056964608
 10
1.0
 20
1.0
 30
1.0
 43
0.0
176
     0
293
     0
294
     0
178
     0
179
     1
 45
1.0
271
     0
272
     9
273
     9
295
     1
  0
LINE
  5
299
330
1F
100
AcDbEntity
  8
0
370
    30
100
AcDbLine
 10
207.4503832280452
 20
168.1951346301429
 30
0.0
 11
217.3128558465525
 21
168.1951346301429
 31
0.0
  0
MTEXT
  5
29A
330
1F
100
AcDbEntity
  8
0
370
    30
100
AcDbMText
 10
208.3174133478631
 20
172.3116964798531
 30
0.0
 40
3.5
 41
13.11383757005592
 46
0.0
 71
     1
 72
     5
  1
M3
 73
     1
 44
1.0
101
Embedded Object
 70
     1
 10
1.0
 20
0.0
 30
0.0
 11
208.3174133478631
 21
172.3116964798531
 31
0.0
 40
13.11383757005592
 41
0.0
 42
6.333333333333333
 43
3.5
 71
     2
 72
     1
 44
13.11383757005592
 45
17.5
 73
     0
 74
     0
 46
0.0
  0
DIMENSION
  5
29B
330
1F
100
AcDbEntity
  8
0
100
AcDbDimension
280
     0
  2
*D4
 10
60.26210805755794
 20
164.3159679399392
 30
0.0
 11
98.14989465676925
 21
151.2458738729428
 31
0.0
 70
   163
 71
     5
 42
10.5
 73
     0
 74
     0
 75
     0
  3
ISO-25
100
AcDbDiametricDimension
 15
79.58890218365436
 25
156.1016494163193
 35
0.0
 40
0.0
1001
ACAD
1000
DSTYLE
1002
{
1070
    41
1040
4.08
1070
    42
1040
0.0
1070
    44
1040
2.0
1070
    73
1070
     1
1070
    74
1070
     1
1070
    78
1070
     0
1070
   140
1040
3.5
1070
   143
1040
0.0393700787401575
1070
   144
1040
0.5
1070
   147
1040
1.524
1070
   179
1070
     2
1070
   284
1070
     0
1002
}
1001
ACAD_DSTYLE_DIMRADIAL_EXTENSION
1070
   387
1070
     1
1070
   388
1040
0.0
1070
   390
1040
0.0
  0
DIMENSION
  5
2A8
330
1F
100
AcDbEntity
  8
0
100
AcDbDimension
280
     0
  2
*D5
 10
49.15930925309458
 20
179.7152946640611
 30
0.0
 11
54.77473545130784
 21
187.3602601070913
 31
0.0
 70
    33
 71
     5
 42
7.500000000000071
 73
     0
 74
     0
 75
     0
  3
ISO-25
100
AcDbAlignedDimension
 13
69.92550512060617
 23
160.2088086781292
 33
0.0
 14
72.90071970165557
 24
174.910784674461
 34
0.0
1001
ACAD
1000
DSTYLE
1002
{
1070
    41
1040
4.08
1070
    42
1040
0.0
1070
    44
1040
2.0
1070
    73
1070
     1
1070
    74
1070
     1
1070
    78
1070
     0
1070
   140
1040
3.5
1070
   143
1040
0.0393700787401575
1070
   144
1040
0.5
1070
   147
1040
1.524
1070
   179
1070
     2
1070
   284
1070
     0
1002
}
  0
DIMENSION
  5
2B7
330
1F
100
AcDbEntity
  8
0
100
AcDbDimension
280
     0
  2
*D6
 10
80.42550512060619
 20
68.66258009910803
 30
0.0
 11
69.92550512060619
 21
72.30860807113599
 31
0.0
 70
    32
 71
     5
 42
10.5
 73
     0
 74
     0
 75
     0
  3
ISO-25
100
AcDbAlignedDimension
 13
59.42550512060618
 23
75.91949581723373
 33
0.0
 14
80.42550512060619
 24
75.91949581723373
 34
0.0
100
AcDbRotatedDimension
1001
ACAD
1000
DSTYLE
1002
{
1070
    41
1040
4.08
1070
    42
1040
0.0
1070
    44
1040
2.0
1070
    73
1070
     1
1070
    74
1070
     1
1070
    78
1070
     0
1070
   140
1040
3.5
1070
   143
1040
0.0393700787401575
1070
   144
1040
0.5
1070
   147
1040
1.524
1070
   179
1070
     2
1070
   284
1070
     0
1002
}
  0
DIMENSION
  5
327
330
1F
100
AcDbEntity
  8
0
100
AcDbDimension
280
     0
  2
*D10
 10
65.49257144533777
 20
157.8959967465898
 30
0.0
 11
113.3421312631796
 21
180.9814648539043
 31
0.0
 70
   163
 71
     5
 42
4.999999999999971
 73
     0
 74
     0
 75
     0
  3
ISO-25
100
AcDbDiametricDimension
 15
74.35843879587455
 25
162.5216206096687
 35
0.0
 40
0.0
1001
ACAD
1000
DSTYLE
1002
{
1070
    41
1040
4.08
1070
    42
1040
0.0
1070
    44
1040
2.0
1070
    73
1070
     1
1070
    74
1070
     1
1070
    78
1070
     0
1070
   140
1040
3.5
1070
   143
1040
0.0393700787401575
1070
   144
1040
0.5
1070
   147
1040
1.524
1070
   179
1070
     2
1070
   271
1070
     0
1070
   272
1070
     0
1070
   284
1070
     0
1002
}
1001
ACAD_DSTYLE_DIMRADIAL_EXTENSION
1070
   387
1070
     1
1070
   388
1040
0.0
1070
   390
1040
0.0
  0
DIMENSION
  5
334
330
1F
100
AcDbEntity
  8
0
100
AcDbDimension
280
     0
  2
*D11
 10
175.7417940849515
 20
115.6493404532498
 30
0.0
 11
165.7417940849515
 21
118.9233404532498
 31
0.0
 70
    32
 71
     5
 42
10.0
 73
     0
 74
     0
 75
     0
  3
ISO-25
100
AcDbAlignedDimension
 13
155.7417940849515
 23
145.2088086781292
 33
0.0
 14
175.7417940849515
 24
145.2088086781292
 34
0.0
100
AcDbRotatedDimension
1001
ACAD
1000
DSTYLE
1002
{
1070
    41
1040
4.08
1070
    42
1040
0.0
1070
    44
1040
2.0
1070
    73
1070
     1
1070
    74
1070
     1
1070
    78
1070
     0
1070
   140
1040
3.5
1070
   143
1040
0.0393700787401575
1070
   144
1040
0.5
1070
   147
1040
1.524
1070
   179
1070
     2
1070
   271
1070
     0
1070
   272
1070
     0
1070
   284
1070
     0
1002
}
  0
DIMENSION
  5
341
330
1F
100
AcDbEntity
  8
0
100
AcDbDimension
280
     0
  2
*D12
 10
187.7417940849515
 20
195.1834866935544
 30
0.0
 11
181.7417940849515
 21
198.4574866935544
 31
0.0
 70
    32
 71
     5
 42
6.0
 73
     0
 74
     0
 75
     0
  3
ISO-25
100
AcDbAlignedDimension
 13
175.7417940849515
 23
170.7088086781292
 33
0.0
 14
187.7417940849515
 24
170.7088086781292
 34
0.0
100
AcDbRotatedDimension
1001
ACAD
1000
DSTYLE
1002
{
1070
    41
1040
4.08
1070
    42
1040
0.0
1070
    44
1040
2.0
1070
    73
1070
     1
1070
    74
1070
     1
1070
    78
1070
     0
1070
   140
1040
3.5
1070
   143
1040
0.0393700787401575
1070
   144
1040
0.5
1070
   147
1040
1.524
1070
   179
1070
     2
1070
   271
1070
     0
1070
   272
1070
     0
1070
   284
1070
     0
1002
}
  0
MTEXT
  5
4B7
330
1F
100
AcDbEntity
  8
0
100
AcDbMText
 10
211.9836069697992
 20
134.3817340926503
 30
0.0
 40
3.5
 41
52.28434366711645
 46
0.0
 71
     1
 72
     5
  1
标注:\P1.模数为1\P2.齿数为13\P3.压力角为20°
 73
     1
 44
1.0
101
Embedded Object
 70
     1
 10
1.0
 20
0.0
 30
0.0
 11
211.9836069697992
 21
134.3817340926503
 31
0.0
 40
52.28434366711645
 41
0.0
 42
32.35567970204841
 43
24.01117318435755
 71
     2
 72
     1
 44
52.28434366711645
 45
17.5
 73
     0
 74
     0
 46
0.0
  0
LINE
  5
4C6
330
1F
100
AcDbEntity
  8
0
370
    30
100
AcDbLine
 10
175.7417940849515
 20
174.6094130707061
 30
0.0
 11
175.7417940849515
 21
145.222029930635
 31
0.0
  0
LINE
  5
4C7
330
1F
100
AcDbEntity
  8
0
370
    30
100
AcDbLine
 10
69.51900106348022
 20
87.91949581723374
 30
0.0
 11
80.42550512060619
 21
87.91949581723374
 31
0.0
  0
ENDSEC
  0
SECTION
  2
OBJECTS
  0
DICTIONARY
  5
C
330
0
100
AcDbDictionary
281
     1
  3
ACAD_CIP_PREVIOUS_PRODUCT_INFO
350
258
  3
ACAD_COLOR
350
24A
  3
ACAD_DETAILVIEWSTYLE
350
251
  3
ACAD_GROUP
350
D
  3
ACAD_LAST_SAVED_VERSION_INFO
350
2DE
  3
ACAD_LAYOUT
350
1A
  3
ACAD_MATERIAL
350
218
  3
ACAD_MLEADERSTYLE
350
24D
  3
ACAD_MLINESTYLE
350
17
  3
ACAD_PLOTSETTINGS
350
19
  3
ACAD_PLOTSTYLENAME
350
E
  3
ACAD_SCALELIST
350
47
  3
ACAD_SECTIONVIEWSTYLE
350
24F
  3
ACAD_TABLESTYLE
350
24B
  3
ACAD_VISUALSTYLE
350
231
  3
ACDB_RECOMPOSE_DATA
350
4DA
  3
AcDbVariableDictionary
350
259
  0
DICTIONARY
  5
2FE
330
2
100
AcDbDictionary
280
     1
281
     1
  3
ACAD_LAYERSTATES
360
2FF
  0
DICTIONARY
  5
2DF
330
10
100
AcDbDictionary
280
     1
281
     1
  3
ADSK_XREC_LAYER_RECONCILED
360
2E0
  0
DICTIONARY
  5
2E1
330
63
100
AcDbDictionary
280
     1
281
     1
  3
ADSK_XREC_LAYER_RECONCILED
360
2E2
  0
DICTIONARY
  5
2E3
330
64
100
AcDbDictionary
280
     1
281
     1
  3
ADSK_XREC_LAYER_RECONCILED
360
2E4
  0
DICTIONARY
  5
2E5
330
65
100
AcDbDictionary
280
     1
281
     1
  3
ADSK_XREC_LAYER_RECONCILED
360
2E6
  0
DICTIONARY
  5
2E7
330
66
100
AcDbDictionary
280
     1
281
     1
  3
ADSK_XREC_LAYER_RECONCILED
360
2E8
  0
DICTIONARY
  5
2E9
330
67
100
AcDbDictionary
280
     1
281
     1
  3
ADSK_XREC_LAYER_RECONCILED
360
2EA
  0
DICTIONARY
  5
2EB
330
68
100
AcDbDictionary
280
     1
281
     1
  3
ADSK_XREC_LAYER_RECONCILED
360
2EC
  0
DICTIONARY
  5
2ED
330
69
100
AcDbDictionary
280
     1
281
     1
  3
ADSK_XREC_LAYER_RECONCILED
360
2EE
  0
DICTIONARY
  5
2EF
330
6A
100
AcDbDictionary
280
     1
281
     1
  3
ADSK_XREC_LAYER_RECONCILED
360
2F0
  0
DICTIONARY
  5
2F1
330
6B
100
AcDbDictionary
280
     1
281
     1
  3
ADSK_XREC_LAYER_RECONCILED
360
2F2
  0
DICTIONARY
  5
2F3
330
6C
100
AcDbDictionary
280
     1
281
     1
  3
ADSK_XREC_LAYER_RECONCILED
360
2F4
  0
DICTIONARY
  5
2F5
330
6D
100
AcDbDictionary
280
     1
281
     1
  3
ADSK_XREC_LAYER_RECONCILED
360
2F6
  0
DICTIONARY
  5
2F7
330
6E
100
AcDbDictionary
280
     1
281
     1
  3
ADSK_XREC_LAYER_RECONCILED
360
2F8
  0
DICTIONARY
  5
2F9
330
6F
100
AcDbDictionary
280
     1
281
     1
  3
ADSK_XREC_LAYER_RECONCILED
360
2FA
  0
XRECORD
  5
258
102
{ACAD_REACTORS
330
C
102
}
330
C
100
AcDbXrecord
280
     1
300

300

300

  0
DICTIONARY
  5
24A
102
{ACAD_REACTORS
330
C
102
}
330
C
100
AcDbDictionary
281
     1
  0
DICTIONARY
  5
251
102
{ACAD_REACTORS
330
C
102
}
330
C
100
AcDbDictionary
281
     1
  3
Metric50
350
252
  0
DICTIONARY
  5
D
102
{ACAD_REACTORS
330
C
102
}
330
C
100
AcDbDictionary
281
     1
  0
XRECORD
  5
2DE
102
{ACAD_REACTORS
330
C
102
}
330
C
100
AcDbXrecord
280
     1
300
{C43170D7-91C0-DB45-966E-6DF83358E4B4}
301
{25DA53D0-CF5F-EA4D-93A8-0E1FB8F8F465}
302
{C43170D7-91C0-DB45-966E-6DF83358E4B4}
303
D:\sw1\工程训练\cad\圆柱齿轮13×1.DWG
  0
DICTIONARY
  5
1A
102
{ACAD_REACTORS
330
C
102
}
330
C
100
AcDbDictionary
281
     1
  3
Layout1
350
1E
  3
Layout2
350
26
  3
Model
350
22
  0
DICTIONARY
  5
218
102
{ACAD_REACTORS
330
C
102
}
330
C
100
AcDbDictionary
281
     1
  3
ByBlock
350
221
  3
ByLayer
350
219
  3
Global
350
229
  0
DICTIONARY
  5
24D
102
{ACAD_REACTORS
330
C
102
}
330
C
100
AcDbDictionary
281
     1
  3
Standard
350
24E
  0
DICTIONARY
  5
17
102
{ACAD_REACTORS
330
C
102
}
330
C
100
AcDbDictionary
281
     1
  3
Standard
350
18
  0
DICTIONARY
  5
19
102
{ACAD_REACTORS
330
C
102
}
330
C
100
AcDbDictionary
281
     1
  0
ACDBDICTIONARYWDFLT
  5
E
102
{ACAD_REACTORS
330
C
102
}
330
C
100
AcDbDictionary
281
     1
  3
Normal
350
F
100
AcDbDictionaryWithDefault
340
F
  0
DICTIONARY
  5
47
102
{ACAD_REACTORS
330
C
102
}
330
C
100
AcDbDictionary
281
     1
  3
A0
350
48
  3
A1
350
49
  3
A2
350
4A
  3
A3
350
4B
  3
A4
350
4C
  3
A5
350
4D
  3
A6
350
4E
  3
A7
350
4F
  3
A8
350
50
  3
A9
350
51
  3
B0
350
52
  3
B1
350
53
  3
B2
350
54
  3
B3
350
55
  3
B4
350
56
  3
B5
350
57
  3
B6
350
58
  0
DICTIONARY
  5
24F
102
{ACAD_REACTORS
330
C
102
}
330
C
100
AcDbDictionary
281
     1
  3
Metric50
350
250
  0
DICTIONARY
  5
24B
102
{ACAD_REACTORS
330
C
102
}
330
C
100
AcDbDictionary
281
     1
  3
Standard
350
24C
  0
DICTIONARY
  5
231
102
{ACAD_REACTORS
330
C
102
}
330
C
100
AcDbDictionary
281
     1
  3
2dWireframe
350
237
  3
Basic
350
236
  3
Brighten
350
23D
  3
ColorChange
350
241
  3
Conceptual
350
23A
  3
Dim
350
23C
  3
EdgeColorOff
350
249
  3
Facepattern
350
240
  3
Flat
350
232
  3
FlatWithEdges
350
233
  3
Gouraud
350
234
  3
GouraudWithEdges
350
235
  3
Hidden
350
239
  3
JitterOff
350
247
  3
Linepattern
350
23F
  3
OverhangOff
350
248
  3
Realistic
350
23B
  3
Shaded
350
246
  3
Shaded with edges
350
245
  3
Shades of Gray
350
242
  3
Sketchy
350
243
  3
Thicken
350
23E
  3
Wireframe
350
238
  3
X-Ray
350
244
  0
XRECORD
  5
4DA
102
{ACAD_REACTORS
330
C
102
}
330
C
100
AcDbXrecord
280
     1
 90
        1
330
24C
  0
DICTIONARY
  5
259
102
{ACAD_REACTORS
330
C
102
}
330
C
100
AcDbDictionary
281
     1
  3
CANNOSCALE
350
30A
  3
CMLEADERSTYLE
350
306
  3
CTABLESTYLE
350
305
  3
CVIEWDETAILSTYLE
350
307
  3
CVIEWSECTIONSTYLE
350
308
  3
LAYEREVAL
350
30C
  3
LAYERNOTIFY
350
30D
  3
LIGHTINGUNITS
350
30B
  3
MSLTSCALE
350
309
  0
DICTIONARY
  5
2FF
102
{ACAD_REACTORS
330
2FE
102
}
330
2FE
100
AcDbDictionary
281
     1
  0
XRECORD
  5
2E0
102
{ACAD_REACTORS
330
2DF
102
}
330
2DF
100
AcDbXrecord
280
     1
290
     1
  0
XRECORD
  5
2E2
102
{ACAD_REACTORS
330
2E1
102
}
330
2E1
100
AcDbXrecord
280
     1
290
     1
  0
XRECORD
  5
2E4
102
{ACAD_REACTORS
330
2E3
102
}
330
2E3
100
AcDbXrecord
280
     1
290
     1
  0
XRECORD
  5
2E6
102
{ACAD_REACTORS
330
2E5
102
}
330
2E5
100
AcDbXrecord
280
     1
290
     1
  0
XRECORD
  5
2E8
102
{ACAD_REACTORS
330
2E7
102
}
330
2E7
100
AcDbXrecord
280
     1
290
     1
  0
XRECORD
  5
2EA
102
{ACAD_REACTORS
330
2E9
102
}
330
2E9
100
AcDbXrecord
280
     1
290
     1
  0
XRECORD
  5
2EC
102
{ACAD_REACTORS
330
2EB
102
}
330
2EB
100
AcDbXrecord
280
     1
290
     1
  0
XRECORD
  5
2EE
102
{ACAD_REACTORS
330
2ED
102
}
330
2ED
100
AcDbXrecord
280
     1
290
     1
  0
XRECORD
  5
2F0
102
{ACAD_REACTORS
330
2EF
102
}
330
2EF
100
AcDbXrecord
280
     1
290
     1
  0
XRECORD
  5
2F2
102
{ACAD_REACTORS
330
2F1
102
}
330
2F1
100
AcDbXrecord
280
     1
290
     1
  0
XRECORD
  5
2F4
102
{ACAD_REACTORS
330
2F3
102
}
330
2F3
100
AcDbXrecord
280
     1
290
     1
  0
XRECORD
  5
2F6
102
{ACAD_REACTORS
330
2F5
102
}
330
2F5
100
AcDbXrecord
280
     1
290
     1
  0
XRECORD
  5
2F8
102
{ACAD_REACTORS
330
2F7
102
}
330
2F7
100
AcDbXrecord
280
     1
290
     1
  0
XRECORD
  5
2FA
102
{ACAD_REACTORS
330
2F9
102
}
330
2F9
100
AcDbXrecord
280
     1
290
     1
  0
ACDBDETAILVIEWSTYLE
  5
252
102
{ACAD_REACTORS
330
251
102
}
330
251
100
AcDbModelDocViewStyle
 70
     0
  3
Metric50
290
     1
300
Metric50
 90
        0
100
AcDbDetailViewStyle
 70
     0
 71
     0
 90
        3
 71
     1
340
11
 62
   256
 40
5.0
340
0
 62
   256
 40
5.0
300

 40
0.0
280
     1
 71
     2
340
16
 90
       25
 62
   256
 71
     3
340
11
 62
   256
 40
5.0
 90
        0
 40
15.0
 90
        1
300
%<\AcVar ViewDetailId>% (%<\AcVar ViewScale \f "%sn">%)
 71
     4
340
16
 90
       25
 62
   256
340
16
 90
       25
 62
   256
280
     0
  0
LAYOUT
  5
1E
102
{ACAD_REACTORS
330
1A
102
}
330
1A
100
AcDbPlotSettings
  1

  2
none_device
  4

  6

 40
0.0
 41
0.0
 42
0.0
 43
0.0
 44
0.0
 45
0.0
 46
0.0
 47
0.0
 48
0.0
 49
0.0
140
0.0
141
0.0
142
1.0
143
1.0
 70
   688
 72
     1
 73
     0
 74
     5
  7

 75
    16
147
1.0
 76
     0
 77
     2
 78
   300
148
0.0
149
0.0
100
AcDbLayout
  1
Layout1
 70
     1
 71
     1
 10
0.0
 20
0.0
 11
420.0
 21
297.0
 12
0.0
 22
0.0
 32
0.0
 14
1.000000000000000E+20
 24
1.000000000000000E+20
 34
1.000000000000000E+20
 15
-1.000000000000000E+20
 25
-1.000000000000000E+20
 35
-1.000000000000000E+20
146
0.0
 13
0.0
 23
0.0
 33
0.0
 16
1.0
 26
0.0
 36
0.0
 17
0.0
 27
1.0
 37
0.0
 76
     0
330
1B
  0
LAYOUT
  5
26
102
{ACAD_REACTORS
330
1A
102
}
330
1A
100
AcDbPlotSettings
  1

  2
none_device
  4

  6

 40
0.0
 41
0.0
 42
0.0
 43
0.0
 44
0.0
 45
0.0
 46
0.0
 47
0.0
 48
0.0
 49
0.0
140
0.0
141
0.0
142
1.0
143
1.0
 70
   688
 72
     1
 73
     0
 74
     5
  7

 75
    16
147
1.0
 76
     0
 77
     2
 78
   300
148
0.0
149
0.0
100
AcDbLayout
  1
Layout2
 70
     1
 71
     2
 10
0.0
 20
0.0
 11
0.0
 21
0.0
 12
0.0
 22
0.0
 32
0.0
 14
0.0
 24
0.0
 34
0.0
 15
0.0
 25
0.0
 35
0.0
146
0.0
 13
0.0
 23
0.0
 33
0.0
 16
1.0
 26
0.0
 36
0.0
 17
0.0
 27
1.0
 37
0.0
 76
     0
330
23
  0
LAYOUT
  5
22
102
{ACAD_REACTORS
330
1A
102
}
330
1A
100
AcDbPlotSettings
  1

  2
none_device
  4
Letter_(8.50_x_11.00_Inches)
  6

 40
6.349999999999999
 41
6.349999999999999
 42
6.350005079999999
 43
6.350005079999999
 44
215.9
 45
279.4
 46
0.0
 47
0.0
 48
0.0
 49
0.0
140
0.0
141
0.0
142
1.0
143
1.0
 70
  1712
 72
     1
 73
     0
 74
     0
  7

 75
     0
147
1.0
 76
     0
 77
     2
 78
   300
148
0.0
149
0.0
100
AcDbLayout
  1
Model
 70
     1
 71
     0
 10
0.0
 20
0.0
 11
297.0
 21
210.0
 12
0.0
 22
0.0
 32
0.0
 14
0.0
 24
0.0
 34
0.0
 15
297.0
 25
210.0
 35
0.0
146
0.0
 13
0.0
 23
0.0
 33
0.0
 16
1.0
 26
0.0
 36
0.0
 17
0.0
 27
1.0
 37
0.0
 76
     0
330
1F
331
29
  0
MATERIAL
  5
221
102
{ACAD_XDICTIONARY
360
222
102
}
102
{ACAD_REACTORS
330
218
102
}
330
218
100
AcDbMaterial
  1
ByBlock
 72
     0
 43
0.0008202099737533
 43
0.0
 43
0.0
 43
0.0
 43
0.0
 43
0.0008202099737533
 43
0.0
 43
0.0
 43
0.0
 43
0.0
 43
1.0
 43
0.0
 43
0.0
 43
0.0
 43
0.0
 43
1.0
 77
     0
 47
0.0008202099737533
 47
0.0
 47
0.0
 47
0.0
 47
0.0
 47
0.0008202099737533
 47
0.0
 47
0.0
 47
0.0
 47
0.0
 47
1.0
 47
0.0
 47
0.0
 47
0.0
 47
0.0
 47
1.0
171
     0
 49
0.0008202099737533
 49
0.0
 49
0.0
 49
0.0
 49
0.0
 49
0.0008202099737533
 49
0.0
 49
0.0
 49
0.0
 49
0.0
 49
1.0
 49
0.0
 49
0.0
 49
0.0
 49
0.0
 49
1.0
175
     0
142
0.0008202099737533
142
0.0
142
0.0
142
0.0
142
0.0
142
0.0008202099737533
142
0.0
142
0.0
142
0.0
142
0.0
142
1.0
142
0.0
142
0.0
142
0.0
142
0.0
142
1.0
179
     0
144
0.0008202099737533
144
0.0
144
0.0
144
0.0
144
0.0
144
0.0008202099737533
144
0.0
144
0.0
144
0.0
144
0.0
144
1.0
144
0.0
144
0.0
144
0.0
144
0.0
144
1.0
147
0.0008202099737533
147
0.0
147
0.0
147
0.0
147
0.0
147
0.0008202099737533
147
0.0
147
0.0
147
0.0
147
0.0
147
1.0
147
0.0
147
0.0
147
0.0
147
0.0
147
1.0
  0
MATERIAL
  5
219
102
{ACAD_XDICTIONARY
360
21A
102
}
102
{ACAD_REACTORS
330
218
102
}
330
218
100
AcDbMaterial
  1
ByLayer
 72
     0
 43
0.0008202099737533
 43
0.0
 43
0.0
 43
0.0
 43
0.0
 43
0.0008202099737533
 43
0.0
 43
0.0
 43
0.0
 43
0.0
 43
1.0
 43
0.0
 43
0.0
 43
0.0
 43
0.0
 43
1.0
 77
     0
 47
0.0008202099737533
 47
0.0
 47
0.0
 47
0.0
 47
0.0
 47
0.0008202099737533
 47
0.0
 47
0.0
 47
0.0
 47
0.0
 47
1.0
 47
0.0
 47
0.0
 47
0.0
 47
0.0
 47
1.0
171
     0
 49
0.0008202099737533
 49
0.0
 49
0.0
 49
0.0
 49
0.0
 49
0.0008202099737533
 49
0.0
 49
0.0
 49
0.0
 49
0.0
 49
1.0
 49
0.0
 49
0.0
 49
0.0
 49
0.0
 49
1.0
175
     0
142
0.0008202099737533
142
0.0
142
0.0
142
0.0
142
0.0
142
0.0008202099737533
142
0.0
142
0.0
142
0.0
142
0.0
142
1.0
142
0.0
142
0.0
142
0.0
142
0.0
142
1.0
179
     0
144
0.0008202099737533
144
0.0
144
0.0
144
0.0
144
0.0
144
0.0008202099737533
144
0.0
144
0.0
144
0.0
144
0.0
144
1.0
144
0.0
144
0.0
144
0.0
144
0.0
144
1.0
147
0.0008202099737533
147
0.0
147
0.0
147
0.0
147
0.0
147
0.0008202099737533
147
0.0
147
0.0
147
0.0
147
0.0
147
1.0
147
0.0
147
0.0
147
0.0
147
0.0
147
1.0
  0
MATERIAL
  5
229
102
{ACAD_XDICTIONARY
360
22A
102
}
102
{ACAD_REACTORS
330
218
102
}
330
218
100
AcDbMaterial
  1
Global
 72
     0
 43
0.0008202099737533
 43
0.0
 43
0.0
 43
0.0
 43
0.0
 43
0.0008202099737533
 43
0.0
 43
0.0
 43
0.0
 43
0.0
 43
1.0
 43
0.0
 43
0.0
 43
0.0
 43
0.0
 43
1.0
 77
     0
 47
0.0008202099737533
 47
0.0
 47
0.0
 47
0.0
 47
0.0
 47
0.0008202099737533
 47
0.0
 47
0.0
 47
0.0
 47
0.0
 47
1.0
 47
0.0
 47
0.0
 47
0.0
 47
0.0
 47
1.0
171
     0
 49
0.0008202099737533
 49
0.0
 49
0.0
 49
0.0
 49
0.0
 49
0.0008202099737533
 49
0.0
 49
0.0
 49
0.0
 49
0.0
 49
1.0
 49
0.0
 49
0.0
 49
0.0
 49
0.0
 49
1.0
175
     0
142
0.0008202099737533
142
0.0
142
0.0
142
0.0
142
0.0
142
0.0008202099737533
142
0.0
142
0.0
142
0.0
142
0.0
142
1.0
142
0.0
142
0.0
142
0.0
142
0.0
142
1.0
179
     0
144
0.0008202099737533
144
0.0
144
0.0
144
0.0
144
0.0
144
0.0008202099737533
144
0.0
144
0.0
144
0.0
144
0.0
144
1.0
144
0.0
144
0.0
144
0.0
144
0.0
144
1.0
147
0.0008202099737533
147
0.0
147
0.0
147
0.0
147
0.0
147
0.0008202099737533
147
0.0
147
0.0
147
0.0
147
0.0
147
1.0
147
0.0
147
0.0
147
0.0
147
0.0
147
1.0
  0
MLEADERSTYLE
  5
24E
102
{ACAD_REACTORS
330
24D
330
292
102
}
330
24D
100
AcDbMLeaderStyle
179
     2
170
     2
171
     1
172
     0
 90
        2
 40
0.0
 41
0.0
173
     1
 91
-1056964608
340
14
 92
       -2
290
     1
 42
2.0
291
     1
 43
0.36
  3
Standard
 44
4.0
300

342
11
174
     1
178
     6
175
     1
176
     0
 93
-1056964608
 45
4.0
292
     0
297
     0
 46
4.0
 94
-1056964608
 47
1.0
 49
1.0
140
1.0
293
     1
141
0.0
294
     1
177
     0
142
1.0
295
     0
296
     0
143
0.125
271
     0
272
     9
273
     9
298
     1
  0
MLINESTYLE
  5
18
102
{ACAD_REACTORS
330
17
102
}
330
17
100
AcDbMlineStyle
  2
STANDARD
 70
     0
  3

 62
   256
 51
90.0
 52
90.0
 71
     2
 49
0.5
 62
   256
  6
BYLAYER
 49
-0.5
 62
   256
  6
BYLAYER
  0
ACDBPLACEHOLDER
  5
F
102
{ACAD_REACTORS
330
E
102
}
330
E
  0
SCALE
  5
48
102
{ACAD_REACTORS
330
47
102
}
330
47
100
AcDbScale
 70
     0
300
1:1
140
1.0
141
1.0
290
     1
  0
SCALE
  5
49
102
{ACAD_REACTORS
330
47
102
}
330
47
100
AcDbScale
 70
     0
300
1:2
140
1.0
141
2.0
290
     0
  0
SCALE
  5
4A
102
{ACAD_REACTORS
330
47
102
}
330
47
100
AcDbScale
 70
     0
300
1:4
140
1.0
141
4.0
290
     0
  0
SCALE
  5
4B
102
{ACAD_REACTORS
330
47
102
}
330
47
100
AcDbScale
 70
     0
300
1:5
140
1.0
141
5.0
290
     0
  0
SCALE
  5
4C
102
{ACAD_REACTORS
330
47
102
}
330
47
100
AcDbScale
 70
     0
300
1:8
140
1.0
141
8.0
290
     0
  0
SCALE
  5
4D
102
{ACAD_REACTORS
330
47
102
}
330
47
100
AcDbScale
 70
     0
300
1:10
140
1.0
141
10.0
290
     0
  0
SCALE
  5
4E
102
{ACAD_REACTORS
330
47
102
}
330
47
100
AcDbScale
 70
     0
300
1:16
140
1.0
141
16.0
290
     0
  0
SCALE
  5
4F
102
{ACAD_REACTORS
330
47
102
}
330
47
100
AcDbScale
 70
     0
300
1:20
140
1.0
141
20.0
290
     0
  0
SCALE
  5
50
102
{ACAD_REACTORS
330
47
102
}
330
47
100
AcDbScale
 70
     0
300
1:30
140
1.0
141
30.0
290
     0
  0
SCALE
  5
51
102
{ACAD_REACTORS
330
47
102
}
330
47
100
AcDbScale
 70
     0
300
1:40
140
1.0
141
40.0
290
     0
  0
SCALE
  5
52
102
{ACAD_REACTORS
330
47
102
}
330
47
100
AcDbScale
 70
     0
300
1:50
140
1.0
141
50.0
290
     0
  0
SCALE
  5
53
102
{ACAD_REACTORS
330
47
102
}
330
47
100
AcDbScale
 70
     0
300
1:100
140
1.0
141
100.0
290
     0
  0
SCALE
  5
54
102
{ACAD_REACTORS
330
47
102
}
330
47
100
AcDbScale
 70
     0
300
2:1
140
2.0
141
1.0
290
     0
  0
SCALE
  5
55
102
{ACAD_REACTORS
330
47
102
}
330
47
100
AcDbScale
 70
     0
300
4:1
140
4.0
141
1.0
290
     0
  0
SCALE
  5
56
102
{ACAD_REACTORS
330
47
102
}
330
47
100
AcDbScale
 70
     0
300
8:1
140
8.0
141
1.0
290
     0
  0
SCALE
  5
57
102
{ACAD_REACTORS
330
47
102
}
330
47
100
AcDbScale
 70
     0
300
10:1
140
10.0
141
1.0
290
     0
  0
SCALE
  5
58
102
{ACAD_REACTORS
330
47
102
}
330
47
100
AcDbScale
 70
     0
300
100:1
140
100.0
141
1.0
290
     0
  0
ACDBSECTIONVIEWSTYLE
  5
250
102
{ACAD_REACTORS
330
24F
102
}
330
24F
100
AcDbModelDocViewStyle
 70
     0
  3
Metric50
290
     1
300
Metric50
 90
        0
100
AcDbSectionViewStyle
 70
     0
 71
     0
 90
      102
 71
     1
340
11
 62
   256
 40
5.0
340
0
340
0
 62
   256
 40
5.0
300
I, O, Q, S, X, Z
 40
10.0
 90
        0
 40
2.5
 90
        0
 71
     2
340
16
 90
       25
 62
   256
340
16
 90
       50
 62
   256
 40
5.0
 40
2.5
 40
5.0
 71
     3
340
11
 62
   256
 40
5.0
 90
        0
 40
15.0
 90
        1
300
%<\AcVar ViewSectionStartId>%-%<\AcVar ViewSectionEndId>% (%<\AcVar ViewScale \f "%sn">%)
 71
     4
 62
   256
 62
   257
300
ANSI31
 40
1.0
 90
        0
290
     0
290
     0
 90
        6
 40
0.0
 40
1.570796326794896
 40
0.2617993877991494
 40
1.308996938995747
 40
-0.2617993877991494
 40
1.832595714594046
  0
TABLESTYLE
  5
24C
102
{ACAD_XDICTIONARY
360
4D8
102
}
102
{ACAD_REACTORS
330
24B
102
}
330
24B
100
AcDbTableStyle
280
     0
  3
Standard
 70
     0
 71
     0
 40
1.5
 41
1.5
280
     0
281
     0
  7
STANDARD
140
4.5
170
     2
 62
     0
 63
     7
283
     0
 90
      512
 91
        0
  1

274
    -2
284
     1
 64
     0
275
    -2
285
     1
 65
     0
276
    -2
286
     1
 66
     0
277
    -2
287
     1
 67
     0
278
    -2
288
     1
 68
     0
279
    -2
289
     1
 69
     0
  7
STANDARD
140
6.0
170
     5
 62
     0
 63
     7
283
     0
 90
      512
 91
        0
  1

274
    -2
284
     1
 64
     0
275
    -2
285
     1
 65
     0
276
    -2
286
     1
 66
     0
277
    -2
287
     1
 67
     0
278
    -2
288
     1
 68
     0
279
    -2
289
     1
 69
     0
  7
STANDARD
140
4.5
170
     5
 62
     0
 63
     7
283
     0
 90
      512
 91
        0
  1

274
    -2
284
     1
 64
     0
275
    -2
285
     1
 65
     0
276
    -2
286
     1
 66
     0
277
    -2
287
     1
 67
     0
278
    -2
288
     1
 68
     0
279
    -2
289
     1
 69
     0
  0
VISUALSTYLE
  5
237
102
{ACAD_REACTORS
330
231
102
}
330
231
100
AcDbVisualStyle
  2
2dWireframe
 70
     4
177
     3
291
     0
 70
    58
 90
        0
176
     1
 90
        2
176
     1
 90
        0
176
     1
 90
        0
176
     1
 40
0.6
176
     1
 40
30.0
176
     1
 62
     7
420
 16777215
176
     1
 90
        1
176
     1
 90
        4
176
     1
 62
     7
176
     1
 62
   257
176
     1
 90
        1
176
     1
 90
        1
176
     1
 40
1.0
176
     1
 90
        0
176
     1
 62
   257
176
     1
 40
1.0
176
     1
 90
        1
176
     1
 90
        6
176
     1
 90
        2
176
     1
 62
     7
176
     1
 90
        5
176
     1
 90
        0
176
     1
 90
        0
176
     1
290
     0
176
     1
 90
        1
176
     1
 40
0.0
176
     1
 90
        0
176
     1
290
     1
176
     1
290
     1
176
     1
290
     0
176
     1
290
     0
176
     1
290
     0
176
     1
290
     0
176
     1
290
     0
176
     1
290
     0
176
     1
290
     0
176
     1
 90
       50
176
     1
 40
0.0
176
     1
 40
1.0
176
     1
 90
        0
176
     1
 62
    18
420
        0
176
     1
 90
       50
176
     1
 90
        3
176
     1
 62
     5
420
      255
176
     1
290
     0
176
     1
 90
       50
176
     1
 90
       50
176
     1
 90
       50
176
     1
290
     0
176
     1
 90
       50
176
     1
 62
   256
176
     0
 40
1.0
176
     0
 90
        2
176
     1
  1
strokes_ogs.tif
176
     1
290
     0
176
     1
 40
1.0
176
     1
 40
1.0
176
     1
  0
VISUALSTYLE
  5
236
102
{ACAD_REACTORS
330
231
102
}
330
231
100
AcDbVisualStyle
  2
Basic
 70
     7
177
     3
291
     1
 70
    58
 90
        1
176
     1
 90
        0
176
     1
 90
        1
176
     1
 90
        0
176
     1
 40
0.6
176
     1
 40
30.0
176
     1
 62
     7
420
 16777215
176
     1
 90
        0
176
     1
 90
        4
176
     1
 62
     7
176
     1
 62
   257
176
     1
 90
        1
176
     1
 90
        1
176
     1
 40
1.0
176
     1
 90
        8
176
     1
 62
     7
176
     1
 40
1.0
176
     1
 90
        1
176
     1
 90
        6
176
     1
 90
        2
176
     1
 62
     7
176
     1
 90
        5
176
     1
 90
        0
176
     1
 90
        0
176
     1
290
     0
176
     1
 90
        1
176
     1
 40
0.0
176
     1
 90
        0
176
     1
290
     0
176
     1
290
     1
176
     1
290
     1
176
     1
290
     0
176
     1
290
     0
176
     1
290
     0
176
     1
290
     0
176
     1
290
     0
176
     1
290
     0
176
     1
 90
       50
176
     1
 40
0.0
176
     1
 40
1.0
176
     1
 90
        0
176
     1
 62
    18
420
        0
176
     1
 90
       50
176
     1
 90
        3
176
     1
 62
     5
420
      255
176
     1
290
     0
176
     1
 90
       50
176
     1
 90
       50
176
     1
 90
       50
176
     1
290
     0
176
     1
 90
       50
176
     1
 62
   256
176
     0
 40
1.0
176
     0
 90
        2
176
     1
  1
strokes_ogs.tif
176
     1
290
     0
176
     1
 40
1.0
176
     1
 40
1.0
176
     1
  0
VISUALSTYLE
  5
23D
102
{ACAD_REACTORS
330
231
102
}
330
231
100
AcDbVisualStyle
  2
Brighten
 70
    12
177
     3
291
     1
 70
    58
 90
        2
176
     1
 90
        2
176
     1
 90
        0
176
     1
 90
        0
176
     1
 40
0.6
176
     1
 40
30.0
176
     1
 62
     7
420
 16777215
176
     1
 90
        1
176
     1
 90
        4
176
     1
 62
     7
176
     1
 62
   257
176
     1
 90
        1
176
     1
 90
        1
176
     1
 40
1.0
176
     1
 90
        8
176
     1
 62
     7
176
     1
 40
1.0
176
     1
 90
        1
176
     1
 90
        6
176
     1
 90
        2
176
     1
 62
     7
176
     1
 90
        5
176
     1
 90
        0
176
     1
 90
        0
176
     1
290
     0
176
     1
 90
        1
176
     1
 40
50.0
176
     1
 90
        0
176
     1
290
     0
176
     1
290
     1
176
     1
290
     1
176
     1
290
     0
176
     1
290
     0
176
     1
290
     0
176
     1
290
     0
176
     1
290
     0
176
     1
290
     0
176
     1
 90
       50
176
     1
 40
0.0
176
     1
 40
1.0
176
     1
 90
        0
176
     1
 62
    18
420
        0
176
     1
 90
       50
176
     1
 90
        3
176
     1
 62
     5
420
      255
176
     1
290
     0
176
     1
 90
       50
176
     1
 90
       50
176
     1
 90
       50
176
     1
290
     0
176
     1
 90
       50
176
     1
 62
   256
176
     0
 40
1.0
176
     0
 90
        2
176
     1
  1
strokes_ogs.tif
176
     1
290
     0
176
     1
 40
1.0
176
     1
 40
1.0
176
     1
  0
VISUALSTYLE
  5
241
102
{ACAD_REACTORS
330
231
102
}
330
231
100
AcDbVisualStyle
  2
ColorChange
 70
    16
177
     3
291
     1
 70
    58
 90
        2
176
     1
 90
        2
176
     1
 90
        3
176
     1
 90
        0
176
     1
 40
0.6
176
     1
 40
30.0
176
     1
 62
     8
420
  8421504
176
     1
 90
        1
176
     1
 90
        4
176
     1
 62
     7
176
     1
 62
   257
176
     1
 90
        1
176
     1
 90
        1
176
     1
 40
1.0
176
     1
 90
        8
176
     1
 62
     8
420
  8421504
176
     1
 40
1.0
176
     1
 90
        1
176
     1
 90
        6
176
     1
 90
        2
176
     1
 62
     7
176
     1
 90
        5
176
     1
 90
        0
176
     1
 90
        0
176
     1
290
     0
176
     1
 90
        1
176
     1
 40
0.0
176
     1
 90
        0
176
     1
290
     0
176
     1
290
     1
176
     1
290
     1
176
     1
290
     0
176
     1
290
     0
176
     1
290
     0
176
     1
290
     0
176
     1
290
     0
176
     1
290
     0
176
     1
 90
       50
176
     1
 40
0.0
176
     1
 40
1.0
176
     1
 90
        0
176
     1
 62
    18
420
        0
176
     1
 90
       50
176
     1
 90
        3
176
     1
 62
     5
420
      255
176
     1
290
     0
176
     1
 90
       50
176
     1
 90
       50
176
     1
 90
       50
176
     1
290
     0
176
     1
 90
       50
176
     1
 62
   256
176
     0
 40
1.0
176
     0
 90
        2
176
     1
  1
strokes_ogs.tif
176
     1
290
     0
176
     1
 40
1.0
176
     1
 40
1.0
176
     1
  0
VISUALSTYLE
  5
23A
102
{ACAD_REACTORS
330
231
102
}
330
231
100
AcDbVisualStyle
  2
Conceptual
 70
     9
177
     3
291
     0
 70
    58
 90
        3
176
     1
 90
        2
176
     1
 90
        0
176
     1
 90
        0
176
     1
 40
0.6
176
     1
 40
30.0
176
     1
 62
     7
420
 16777215
176
     1
 90
        2
176
     1
 90
        2
176
     1
 62
     7
176
     1
 62
   257
176
     1
 90
        1
176
     1
 90
        1
176
     1
 40
179.0
176
     1
 90
        8
176
     1
 62
     7
176
     1
 40
1.0
176
     1
 90
        1
176
     1
 90
        6
176
     1
 90
        2
176
     1
 62
     7
176
     1
 90
        3
176
     1
 90
        0
176
     1
 90
        0
176
     1
290
     0
176
     1
 90
        1
176
     1
 40
0.0
176
     1
 90
        0
176
     1
290
     0
176
     1
290
     1
176
     1
290
     1
176
     1
290
     0
176
     1
290
     0
176
     1
290
     0
176
     1
290
     0
176
     1
290
     0
176
     1
290
     0
176
     1
 90
       50
176
     1
 40
0.0
176
     1
 40
1.0
176
     1
 90
        0
176
     1
 62
    18
420
        0
176
     1
 90
       50
176
     1
 90
        3
176
     1
 62
     5
420
      255
176
     1
290
     0
176
     1
 90
       50
176
     1
 90
       50
176
     1
 90
       50
176
     1
290
     0
176
     1
 90
       50
176
     1
 62
   256
176
     0
 40
1.0
176
     0
 90
        2
176
     1
  1
strokes_ogs.tif
176
     1
290
     0
176
     1
 40
1.0
176
     1
 40
1.0
176
     1
  0
VISUALSTYLE
  5
23C
102
{ACAD_REACTORS
330
231
102
}
330
231
100
AcDbVisualStyle
  2
Dim
 70
    11
177
     3
291
     1
 70
    58
 90
        2
176
     1
 90
        2
176
     1
 90
        0
176
     1
 90
        0
176
     1
 40
0.6
176
     1
 40
30.0
176
     1
 62
     7
420
 16777215
176
     1
 90
        1
176
     1
 90
        4
176
     1
 62
     7
176
     1
 62
   257
176
     1
 90
        1
176
     1
 90
        1
176
     1
 40
1.0
176
     1
 90
        8
176
     1
 62
     7
176
     1
 40
1.0
176
     1
 90
        1
176
     1
 90
        6
176
     1
 90
        2
176
     1
 62
     7
176
     1
 90
        5
176
     1
 90
        0
176
     1
 90
        0
176
     1
290
     0
176
     1
 90
        1
176
     1
 40
-50.0
176
     1
 90
        0
176
     1
290
     0
176
     1
290
     1
176
     1
290
     1
176
     1
290
     0
176
     1
290
     0
176
     1
290
     0
176
     1
290
     0
176
     1
290
     0
176
     1
290
     0
176
     1
 90
       50
176
     1
 40
0.0
176
     1
 40
1.0
176
     1
 90
        0
176
     1
 62
    18
420
        0
176
     1
 90
       50
176
     1
 90
        3
176
     1
 62
     5
420
      255
176
     1
290
     0
176
     1
 90
       50
176
     1
 90
       50
176
     1
 90
       50
176
     1
290
     0
176
     1
 90
       50
176
     1
 62
   256
176
     0
 40
1.0
176
     0
 90
        2
176
     1
  1
strokes_ogs.tif
176
     1
290
     0
176
     1
 40
1.0
176
     1
 40
1.0
176
     1
  0
VISUALSTYLE
  5
249
102
{ACAD_REACTORS
330
231
102
}
330
231
100
AcDbVisualStyle
  2
EdgeColorOff
 70
    22
177
     3
291
     1
 70
    58
 90
        2
176
     0
 90
        2
176
     0
 90
        0
176
     0
 90
        0
176
     0
 40
0.6
176
     0
 40
30.0
176
     0
 62
     7
420
 16777215
176
     0
 90
        1
176
     0
 90
        4
176
     0
 62
     7
176
     0
 62
   257
176
     0
 90
        1
176
     0
 90
        1
176
     0
 40
1.0
176
     0
 90
        8
176
     2
 62
     7
176
     0
 40
1.0
176
     0
 90
        1
176
     0
 90
        6
176
     0
 90
        2
176
     0
 62
     7
176
     0
 90
        5
176
     0
 90
        0
176
     0
 90
        0
176
     0
290
     0
176
     0
 90
        1
176
     0
 40
0.0
176
     0
 90
        0
176
     0
290
     0
176
     0
290
     1
176
     0
290
     1
176
     0
290
     0
176
     0
290
     0
176
     0
290
     0
176
     0
290
     0
176
     0
290
     0
176
     0
290
     0
176
     0
 90
       50
176
     0
 40
0.0
176
     0
 40
1.0
176
     0
 90
        0
176
     0
 62
    18
420
        0
176
     0
 90
       50
176
     0
 90
        3
176
     0
 62
     5
420
      255
176
     0
290
     0
176
     0
 90
       50
176
     0
 90
       50
176
     0
 90
       50
176
     0
290
     0
176
     0
 90
       50
176
     0
 62
   256
176
     0
 40
1.0
176
     0
 90
        2
176
     0
  1
strokes_ogs.tif
176
     0
290
     0
176
     0
 40
1.0
176
     0
 40
1.0
176
     0
  0
VISUALSTYLE
  5
240
102
{ACAD_REACTORS
330
231
102
}
330
231
100
AcDbVisualStyle
  2
Facepattern
 70
    15
177
     3
291
     1
 70
    58
 90
        2
176
     1
 90
        2
176
     1
 90
        0
176
     1
 90
        0
176
     1
 40
0.6
176
     1
 40
30.0
176
     1
 62
     7
420
 16777215
176
     1
 90
        1
176
     1
 90
        4
176
     1
 62
     7
176
     1
 62
   257
176
     1
 90
        1
176
     1
 90
        1
176
     1
 40
1.0
176
     1
 90
        8
176
     1
 62
     7
176
     1
 40
1.0
176
     1
 90
        1
176
     1
 90
        6
176
     1
 90
        2
176
     1
 62
     7
176
     1
 90
        5
176
     1
 90
        0
176
     1
 90
        0
176
     1
290
     0
176
     1
 90
        1
176
     1
 40
0.0
176
     1
 90
        0
176
     1
290
     0
176
     1
290
     1
176
     1
290
     1
176
     1
290
     0
176
     1
290
     0
176
     1
290
     0
176
     1
290
     0
176
     1
290
     0
176
     1
290
     0
176
     1
 90
       50
176
     1
 40
0.0
176
     1
 40
1.0
176
     1
 90
        0
176
     1
 62
    18
420
        0
176
     1
 90
       50
176
     1
 90
        3
176
     1
 62
     5
420
      255
176
     1
290
     0
176
     1
 90
       50
176
     1
 90
       50
176
     1
 90
       50
176
     1
290
     0
176
     1
 90
       50
176
     1
 62
   256
176
     0
 40
1.0
176
     0
 90
        2
176
     1
  1
strokes_ogs.tif
176
     1
290
     0
176
     1
 40
1.0
176
     1
 40
1.0
176
     1
  0
VISUALSTYLE
  5
232
102
{ACAD_REACTORS
330
231
102
}
330
231
100
AcDbVisualStyle
  2
Flat
 70
     0
177
     3
291
     1
 70
    58
 90
        2
176
     1
 90
        1
176
     1
 90
        1
176
     1
 90
        2
176
     1
 40
0.6
176
     1
 40
30.0
176
     1
 62
     7
420
 16777215
176
     1
 90
        0
176
     1
 90
        0
176
     1
 62
     7
176
     1
 62
   257
176
     1
 90
        1
176
     1
 90
        1
176
     1
 40
1.0
176
     1
 90
        8
176
     1
 62
     7
176
     1
 40
1.0
176
     1
 90
        1
176
     1
 90
        6
176
     1
 90
        2
176
     1
 62
     7
176
     1
 90
        5
176
     1
 90
        0
176
     1
 90
        0
176
     1
290
     0
176
     1
 90
       13
176
     1
 40
0.0
176
     1
 90
        0
176
     1
290
     0
176
     1
290
     1
176
     1
290
     1
176
     1
290
     0
176
     1
290
     0
176
     1
290
     0
176
     1
290
     0
176
     1
290
     0
176
     1
290
     0
176
     1
 90
       50
176
     1
 40
0.0
176
     1
 40
1.0
176
     1
 90
        0
176
     1
 62
    18
420
        0
176
     1
 90
       50
176
     1
 90
        3
176
     1
 62
     5
420
      255
176
     1
290
     0
176
     1
 90
       50
176
     1
 90
       50
176
     1
 90
       50
176
     1
290
     0
176
     1
 90
       50
176
     1
 62
   256
176
     0
 40
1.0
176
     0
 90
        2
176
     1
  1
strokes_ogs.tif
176
     1
290
     0
176
     1
 40
1.0
176
     1
 40
1.0
176
     1
  0
VISUALSTYLE
  5
233
102
{ACAD_REACTORS
330
231
102
}
330
231
100
AcDbVisualStyle
  2
FlatWithEdges
 70
     1
177
     3
291
     1
 70
    58
 90
        2
176
     1
 90
        1
176
     1
 90
        1
176
     1
 90
        2
176
     1
 40
0.6
176
     1
 40
30.0
176
     1
 62
     7
420
 16777215
176
     1
 90
        1
176
     1
 90
        0
176
     1
 62
     7
176
     1
 62
   257
176
     1
 90
        1
176
     1
 90
        1
176
     1
 40
1.0
176
     1
 90
        0
176
     1
 62
   257
176
     1
 40
1.0
176
     1
 90
        1
176
     1
 90
        6
176
     1
 90
        2
176
     1
 62
     7
176
     1
 90
        5
176
     1
 90
        0
176
     1
 90
        0
176
     1
290
     0
176
     1
 90
       13
176
     1
 40
0.0
176
     1
 90
        0
176
     1
290
     0
176
     1
290
     1
176
     1
290
     1
176
     1
290
     0
176
     1
290
     0
176
     1
290
     0
176
     1
290
     0
176
     1
290
     0
176
     1
290
     0
176
     1
 90
       50
176
     1
 40
0.0
176
     1
 40
1.0
176
     1
 90
        0
176
     1
 62
    18
420
        0
176
     1
 90
       50
176
     1
 90
        3
176
     1
 62
     5
420
      255
176
     1
290
     0
176
     1
 90
       50
176
     1
 90
       50
176
     1
 90
       50
176
     1
290
     0
176
     1
 90
       50
176
     1
 62
   256
176
     0
 40
1.0
176
     0
 90
        2
176
     1
  1
strokes_ogs.tif
176
     1
290
     0
176
     1
 40
1.0
176
     1
 40
1.0
176
     1
  0
VISUALSTYLE
  5
234
102
{ACAD_REACTORS
330
231
102
}
330
231
100
AcDbVisualStyle
  2
Gouraud
 70
     2
177
     3
291
     1
 70
    58
 90
        2
176
     1
 90
        2
176
     1
 90
        1
176
     1
 90
        2
176
     1
 40
0.6
176
     1
 40
30.0
176
     1
 62
     7
420
 16777215
176
     1
 90
        0
176
     1
 90
        0
176
     1
 62
     7
176
     1
 62
   257
176
     1
 90
        1
176
     1
 90
        1
176
     1
 40
1.0
176
     1
 90
        0
176
     1
 62
     7
176
     1
 40
1.0
176
     1
 90
        1
176
     1
 90
        6
176
     1
 90
        2
176
     1
 62
     7
176
     1
 90
        5
176
     1
 90
        0
176
     1
 90
        0
176
     1
290
     0
176
     1
 90
       13
176
     1
 40
0.0
176
     1
 90
        0
176
     1
290
     0
176
     1
290
     1
176
     1
290
     1
176
     1
290
     0
176
     1
290
     0
176
     1
290
     0
176
     1
290
     0
176
     1
290
     0
176
     1
290
     0
176
     1
 90
       50
176
     1
 40
0.0
176
     1
 40
1.0
176
     1
 90
        0
176
     1
 62
    18
420
        0
176
     1
 90
       50
176
     1
 90
        3
176
     1
 62
     5
420
      255
176
     1
290
     0
176
     1
 90
       50
176
     1
 90
       50
176
     1
 90
       50
176
     1
290
     0
176
     1
 90
       50
176
     1
 62
   256
176
     0
 40
1.0
176
     0
 90
        2
176
     1
  1
strokes_ogs.tif
176
     1
290
     0
176
     1
 40
1.0
176
     1
 40
1.0
176
     1
  0
VISUALSTYLE
  5
235
102
{ACAD_REACTORS
330
231
102
}
330
231
100
AcDbVisualStyle
  2
GouraudWithEdges
 70
     3
177
     3
291
     1
 70
    58
 90
        2
176
     1
 90
        2
176
     1
 90
        1
176
     1
 90
        2
176
     1
 40
0.6
176
     1
 40
30.0
176
     1
 62
     7
420
 16777215
176
     1
 90
        1
176
     1
 90
        0
176
     1
 62
     7
176
     1
 62
   257
176
     1
 90
        1
176
     1
 90
        1
176
     1
 40
1.0
176
     1
 90
        0
176
     1
 62
   257
176
     1
 40
1.0
176
     1
 90
        1
176
     1
 90
        6
176
     1
 90
        2
176
     1
 62
     7
176
     1
 90
        5
176
     1
 90
        0
176
     1
 90
        0
176
     1
290
     0
176
     1
 90
       13
176
     1
 40
0.0
176
     1
 90
        0
176
     1
290
     0
176
     1
290
     1
176
     1
290
     1
176
     1
290
     0
176
     1
290
     0
176
     1
290
     0
176
     1
290
     0
176
     1
290
     0
176
     1
290
     0
176
     1
 90
       50
176
     1
 40
0.0
176
     1
 40
1.0
176
     1
 90
        0
176
     1
 62
    18
420
        0
176
     1
 90
       50
176
     1
 90
        3
176
     1
 62
     5
420
      255
176
     1
290
     0
176
     1
 90
       50
176
     1
 90
       50
176
     1
 90
       50
176
     1
290
     0
176
     1
 90
       50
176
     1
 62
   256
176
     0
 40
1.0
176
     0
 90
        2
176
     1
  1
strokes_ogs.tif
176
     1
290
     0
176
     1
 40
1.0
176
     1
 40
1.0
176
     1
  0
VISUALSTYLE
  5
239
102
{ACAD_REACTORS
330
231
102
}
330
231
100
AcDbVisualStyle
  2
Hidden
 70
     6
177
     3
291
     0
 70
    58
 90
        1
176
     1
 90
        2
176
     1
 90
        2
176
     1
 90
        0
176
     1
 40
0.6
176
     1
 40
30.0
176
     1
 62
     7
420
 16777215
176
     1
 90
        2
176
     1
 90
        2
176
     1
 62
     7
176
     1
 62
   257
176
     1
 90
        2
176
     1
 90
        1
176
     1
 40
40.0
176
     1
 90
        0
176
     1
 62
   257
176
     1
 40
1.0
176
     1
 90
        1
176
     1
 90
        6
176
     1
 90
        2
176
     1
 62
     7
176
     1
 90
        3
176
     1
 90
        0
176
     1
 90
        0
176
     1
290
     0
176
     1
 90
        1
176
     1
 40
0.0
176
     1
 90
        0
176
     1
290
     0
176
     1
290
     1
176
     1
290
     1
176
     1
290
     0
176
     1
290
     0
176
     1
290
     0
176
     1
290
     0
176
     1
290
     0
176
     1
290
     0
176
     1
 90
       50
176
     1
 40
0.0
176
     1
 40
1.0
176
     1
 90
        0
176
     1
 62
    18
420
        0
176
     1
 90
       50
176
     1
 90
        3
176
     1
 62
     5
420
      255
176
     1
290
     0
176
     1
 90
       50
176
     1
 90
       50
176
     1
 90
       50
176
     1
290
     0
176
     1
 90
       50
176
     1
 62
   256
176
     0
 40
1.0
176
     0
 90
        2
176
     1
  1
strokes_ogs.tif
176
     1
290
     0
176
     1
 40
1.0
176
     1
 40
1.0
176
     1
  0
VISUALSTYLE
  5
247
102
{ACAD_REACTORS
330
231
102
}
330
231
100
AcDbVisualStyle
  2
JitterOff
 70
    20
177
     3
291
     1
 70
    58
 90
        2
176
     0
 90
        2
176
     0
 90
        0
176
     0
 90
        0
176
     0
 40
0.6
176
     0
 40
30.0
176
     0
 62
     7
420
 16777215
176
     0
 90
        1
176
     0
 90
        4
176
     0
 62
     7
176
     0
 62
   257
176
     0
 90
        1
176
     0
 90
        1
176
     0
 40
1.0
176
     0
 90
       10
176
     2
 62
     7
176
     0
 40
1.0
176
     0
 90
        1
176
     0
 90
        6
176
     0
 90
        2
176
     0
 62
     7
176
     0
 90
        5
176
     0
 90
        0
176
     0
 90
        0
176
     0
290
     0
176
     0
 90
        1
176
     0
 40
0.0
176
     0
 90
        0
176
     0
290
     0
176
     0
290
     1
176
     0
290
     1
176
     0
290
     0
176
     0
290
     0
176
     0
290
     0
176
     0
290
     0
176
     0
290
     0
176
     0
290
     0
176
     0
 90
       50
176
     0
 40
0.0
176
     0
 40
1.0
176
     0
 90
        0
176
     0
 62
    18
420
        0
176
     0
 90
       50
176
     0
 90
        3
176
     0
 62
     5
420
      255
176
     0
290
     0
176
     0
 90
       50
176
     0
 90
       50
176
     0
 90
       50
176
     0
290
     0
176
     0
 90
       50
176
     0
 62
   256
176
     0
 40
1.0
176
     0
 90
        2
176
     0
  1
strokes_ogs.tif
176
     0
290
     0
176
     0
 40
1.0
176
     0
 40
1.0
176
     0
  0
VISUALSTYLE
  5
23F
102
{ACAD_REACTORS
330
231
102
}
330
231
100
AcDbVisualStyle
  2
Linepattern
 70
    14
177
     3
291
     1
 70
    58
 90
        2
176
     1
 90
        2
176
     1
 90
        0
176
     1
 90
        0
176
     1
 40
0.6
176
     1
 40
30.0
176
     1
 62
     7
420
 16777215
176
     1
 90
        1
176
     1
 90
        4
176
     1
 62
     7
176
     1
 62
   257
176
     1
 90
        7
176
     1
 90
        7
176
     1
 40
1.0
176
     1
 90
        8
176
     1
 62
     7
176
     1
 40
1.0
176
     1
 90
        1
176
     1
 90
        6
176
     1
 90
        2
176
     1
 62
     7
176
     1
 90
        5
176
     1
 90
        0
176
     1
 90
        0
176
     1
290
     0
176
     1
 90
        1
176
     1
 40
0.0
176
     1
 90
        0
176
     1
290
     0
176
     1
290
     1
176
     1
290
     1
176
     1
290
     0
176
     1
290
     0
176
     1
290
     0
176
     1
290
     0
176
     1
290
     0
176
     1
290
     0
176
     1
 90
       50
176
     1
 40
0.0
176
     1
 40
1.0
176
     1
 90
        0
176
     1
 62
    18
420
        0
176
     1
 90
       50
176
     1
 90
        3
176
     1
 62
     5
420
      255
176
     1
290
     0
176
     1
 90
       50
176
     1
 90
       50
176
     1
 90
       50
176
     1
290
     0
176
     1
 90
       50
176
     1
 62
   256
176
     0
 40
1.0
176
     0
 90
        2
176
     1
  1
strokes_ogs.tif
176
     1
290
     0
176
     1
 40
1.0
176
     1
 40
1.0
176
     1
  0
VISUALSTYLE
  5
248
102
{ACAD_REACTORS
330
231
102
}
330
231
100
AcDbVisualStyle
  2
OverhangOff
 70
    21
177
     3
291
     1
 70
    58
 90
        2
176
     0
 90
        2
176
     0
 90
        0
176
     0
 90
        0
176
     0
 40
0.6
176
     0
 40
30.0
176
     0
 62
     7
420
 16777215
176
     0
 90
        1
176
     0
 90
        4
176
     0
 62
     7
176
     0
 62
   257
176
     0
 90
        1
176
     0
 90
        1
176
     0
 40
1.0
176
     0
 90
        9
176
     2
 62
     7
176
     0
 40
1.0
176
     0
 90
        1
176
     0
 90
        6
176
     0
 90
        2
176
     0
 62
     7
176
     0
 90
        5
176
     0
 90
        0
176
     0
 90
        0
176
     0
290
     0
176
     0
 90
        1
176
     0
 40
0.0
176
     0
 90
        0
176
     0
290
     0
176
     0
290
     1
176
     0
290
     1
176
     0
290
     0
176
     0
290
     0
176
     0
290
     0
176
     0
290
     0
176
     0
290
     0
176
     0
290
     0
176
     0
 90
       50
176
     0
 40
0.0
176
     0
 40
1.0
176
     0
 90
        0
176
     0
 62
    18
420
        0
176
     0
 90
       50
176
     0
 90
        3
176
     0
 62
     5
420
      255
176
     0
290
     0
176
     0
 90
       50
176
     0
 90
       50
176
     0
 90
       50
176
     0
290
     0
176
     0
 90
       50
176
     0
 62
   256
176
     0
 40
1.0
176
     0
 90
        2
176
     0
  1
strokes_ogs.tif
176
     0
290
     0
176
     0
 40
1.0
176
     0
 40
1.0
176
     0
  0
VISUALSTYLE
  5
23B
102
{ACAD_REACTORS
330
231
102
}
330
231
100
AcDbVisualStyle
  2
Realistic
 70
     8
177
     3
291
     0
 70
    58
 90
        2
176
     1
 90
        3
176
     1
 90
        0
176
     1
 90
        2
176
     1
 40
0.6
176
     1
 40
30.0
176
     1
 62
     7
420
 16777215
176
     1
 90
        0
176
     1
 90
        0
176
     1
 62
     7
176
     1
 62
   257
176
     1
 90
        1
176
     1
 90
        1
176
     1
 40
1.0
176
     1
 90
        8
176
     1
 62
   257
176
     1
 40
1.0
176
     1
 90
        1
176
     1
 90
        6
176
     1
 90
        2
176
     1
 62
     7
176
     1
 90
        3
176
     1
 90
        0
176
     1
 90
        0
176
     1
290
     0
176
     1
 90
       13
176
     1
 40
0.0
176
     1
 90
        0
176
     1
290
     0
176
     1
290
     1
176
     1
290
     1
176
     1
290
     0
176
     1
290
     0
176
     1
290
     0
176
     1
290
     0
176
     1
290
     0
176
     1
290
     0
176
     1
 90
       50
176
     1
 40
0.0
176
     1
 40
1.0
176
     1
 90
        0
176
     1
 62
    18
420
        0
176
     1
 90
       50
176
     1
 90
        3
176
     1
 62
     5
420
      255
176
     1
290
     0
176
     1
 90
       50
176
     1
 90
       50
176
     1
 90
       50
176
     1
290
     0
176
     1
 90
       50
176
     1
 62
   256
176
     0
 40
1.0
176
     0
 90
        2
176
     1
  1
strokes_ogs.tif
176
     1
290
     0
176
     1
 40
1.0
176
     1
 40
1.0
176
     1
  0
VISUALSTYLE
  5
246
102
{ACAD_REACTORS
330
231
102
}
330
231
100
AcDbVisualStyle
  2
Shaded
 70
    27
177
     3
291
     0
 70
    58
 90
        2
176
     1
 90
        2
176
     1
 90
        1
176
     1
 90
        2
176
     1
 40
0.6
176
     1
 40
30.0
176
     1
 62
     7
420
 16777215
176
     1
 90
        0
176
     1
 90
        4
176
     1
 62
     7
176
     1
 62
   257
176
     1
 90
        1
176
     1
 90
        1
176
     1
 40
1.0
176
     1
 90
        8
176
     1
 62
   257
176
     1
 40
1.0
176
     1
 90
        1
176
     1
 90
        6
176
     1
 90
        2
176
     1
 62
     8
420
  7895160
176
     1
 90
        3
176
     1
 90
        0
176
     1
 90
        0
176
     1
290
     0
176
     1
 90
        5
176
     1
 40
0.0
176
     1
 90
        0
176
     1
290
     0
176
     1
290
     1
176
     1
290
     1
176
     1
290
     0
176
     1
290
     0
176
     1
290
     0
176
     1
290
     0
176
     1
290
     0
176
     1
290
     0
176
     1
 90
       50
176
     1
 40
0.0
176
     1
 40
1.0
176
     1
 90
        0
176
     1
 62
    18
420
        0
176
     1
 90
       50
176
     1
 90
        3
176
     1
 62
     5
420
      255
176
     1
290
     0
176
     1
 90
       50
176
     1
 90
       50
176
     1
 90
       50
176
     1
290
     0
176
     1
 90
       50
176
     1
 62
   256
176
     0
 40
1.0
176
     0
 90
        2
176
     1
  1
strokes_ogs.tif
176
     1
290
     0
176
     1
 40
1.0
176
     1
 40
1.0
176
     1
  0
VISUALSTYLE
  5
245
102
{ACAD_REACTORS
330
231
102
}
330
231
100
AcDbVisualStyle
  2
Shaded with edges
 70
    26
177
     3
291
     0
 70
    58
 90
        2
176
     1
 90
        2
176
     1
 90
        1
176
     1
 90
        2
176
     1
 40
0.6
176
     1
 40
30.0
176
     1
 62
     7
420
 16777215
176
     1
 90
        1
176
     1
 90
        2
176
     1
 62
     7
176
     1
 62
   257
176
     1
 90
        2
176
     1
 90
        1
176
     1
 40
1.0
176
     1
 90
        8
176
     1
 62
   257
176
     1
 40
1.0
176
     1
 90
        1
176
     1
 90
        6
176
     1
 90
        2
176
     1
 62
     7
176
     1
 90
        3
176
     1
 90
        0
176
     1
 90
        0
176
     1
290
     0
176
     1
 90
        5
176
     1
 40
0.0
176
     1
 90
        0
176
     1
290
     0
176
     1
290
     1
176
     1
290
     1
176
     1
290
     0
176
     1
290
     0
176
     1
290
     0
176
     1
290
     0
176
     1
290
     0
176
     1
290
     0
176
     1
 90
       50
176
     1
 40
0.0
176
     1
 40
1.0
176
     1
 90
        0
176
     1
 62
    18
420
        0
176
     1
 90
       50
176
     1
 90
        3
176
     1
 62
     5
420
      255
176
     1
290
     0
176
     1
 90
       50
176
     1
 90
       50
176
     1
 90
       50
176
     1
290
     0
176
     1
 90
       50
176
     1
 62
   256
176
     0
 40
1.0
176
     0
 90
        2
176
     1
  1
strokes_ogs.tif
176
     1
290
     0
176
     1
 40
1.0
176
     1
 40
1.0
176
     1
  0
VISUALSTYLE
  5
242
102
{ACAD_REACTORS
330
231
102
}
330
231
100
AcDbVisualStyle
  2
Shades of Gray
 70
    23
177
     3
291
     0
 70
    58
 90
        2
176
     1
 90
        2
176
     1
 90
        3
176
     1
 90
        0
176
     1
 40
0.6
176
     1
 40
30.0
176
     1
 62
     7
420
 16777215
176
     1
 90
        2
176
     1
 90
        2
176
     1
 62
     7
176
     1
 62
     7
176
     1
 90
        1
176
     1
 90
        1
176
     1
 40
40.0
176
     1
 90
        8
176
     1
 62
     7
176
     1
 40
1.0
176
     1
 90
        1
176
     1
 90
        6
176
     1
 90
        2
176
     1
 62
     7
176
     1
 90
        3
176
     1
 90
        0
176
     1
 90
        0
176
     1
290
     0
176
     1
 90
        1
176
     1
 40
0.0
176
     1
 90
        0
176
     1
290
     0
176
     1
290
     1
176
     1
290
     1
176
     1
290
     0
176
     1
290
     0
176
     1
290
     0
176
     1
290
     0
176
     1
290
     0
176
     1
290
     0
176
     1
 90
       50
176
     1
 40
0.0
176
     1
 40
1.0
176
     1
 90
        0
176
     1
 62
    18
420
        0
176
     1
 90
       50
176
     1
 90
        3
176
     1
 62
     5
420
      255
176
     1
290
     0
176
     1
 90
       50
176
     1
 90
       50
176
     1
 90
       50
176
     1
290
     0
176
     1
 90
       50
176
     1
 62
   256
176
     0
 40
1.0
176
     0
 90
        2
176
     1
  1
strokes_ogs.tif
176
     1
290
     0
176
     1
 40
1.0
176
     1
 40
1.0
176
     1
  0
VISUALSTYLE
  5
243
102
{ACAD_REACTORS
330
231
102
}
330
231
100
AcDbVisualStyle
  2
Sketchy
 70
    24
177
     3
291
     0
 70
    58
 90
        1
176
     1
 90
        2
176
     1
 90
        2
176
     1
 90
        0
176
     1
 40
0.6
176
     1
 40
30.0
176
     1
 62
     7
420
 16777215
176
     1
 90
        2
176
     1
 90
        2
176
     1
 62
     7
176
     1
 62
     7
176
     1
 90
        1
176
     1
 90
        1
176
     1
 40
40.0
176
     1
 90
       11
176
     1
 62
     7
176
     1
 40
1.0
176
     1
 90
        1
176
     1
 90
        6
176
     1
 90
        2
176
     1
 62
     7
176
     1
 90
        6
176
     1
 90
        0
176
     1
 90
        0
176
     1
290
     0
176
     1
 90
        1
176
     1
 40
0.0
176
     1
 90
        0
176
     1
290
     0
176
     1
290
     1
176
     1
290
     1
176
     1
290
     0
176
     1
290
     0
176
     1
290
     0
176
     1
290
     0
176
     1
290
     0
176
     1
290
     0
176
     1
 90
       50
176
     1
 40
0.0
176
     1
 40
1.0
176
     1
 90
        0
176
     1
 62
    18
420
        0
176
     1
 90
       50
176
     1
 90
        3
176
     1
 62
     5
420
      255
176
     1
290
     0
176
     1
 90
       50
176
     1
 90
       50
176
     1
 90
       50
176
     1
290
     0
176
     1
 90
       50
176
     1
 62
   256
176
     0
 40
1.0
176
     0
 90
        2
176
     1
  1
strokes_ogs.tif
176
     1
290
     0
176
     1
 40
1.0
176
     1
 40
1.0
176
     1
  0
VISUALSTYLE
  5
23E
102
{ACAD_REACTORS
330
231
102
}
330
231
100
AcDbVisualStyle
  2
Thicken
 70
    13
177
     3
291
     1
 70
    58
 90
        2
176
     1
 90
        2
176
     1
 90
        0
176
     1
 90
        0
176
     1
 40
0.6
176
     1
 40
30.0
176
     1
 62
     7
420
 16777215
176
     1
 90
        1
176
     1
 90
        4
176
     1
 62
     7
176
     1
 62
   257
176
     1
 90
        1
176
     1
 90
        1
176
     1
 40
1.0
176
     1
 90
       12
176
     1
 62
     7
176
     1
 40
1.0
176
     1
 90
        1
176
     1
 90
        6
176
     1
 90
        2
176
     1
 62
     7
176
     1
 90
        5
176
     1
 90
        0
176
     1
 90
        0
176
     1
290
     0
176
     1
 90
        1
176
     1
 40
0.0
176
     1
 90
        0
176
     1
290
     0
176
     1
290
     1
176
     1
290
     1
176
     1
290
     0
176
     1
290
     0
176
     1
290
     0
176
     1
290
     0
176
     1
290
     0
176
     1
290
     0
176
     1
 90
       50
176
     1
 40
0.0
176
     1
 40
1.0
176
     1
 90
        0
176
     1
 62
    18
420
        0
176
     1
 90
       50
176
     1
 90
        3
176
     1
 62
     5
420
      255
176
     1
290
     0
176
     1
 90
       50
176
     1
 90
       50
176
     1
 90
       50
176
     1
290
     0
176
     1
 90
       50
176
     1
 62
   256
176
     0
 40
1.0
176
     0
 90
        2
176
     1
  1
strokes_ogs.tif
176
     1
290
     0
176
     1
 40
1.0
176
     1
 40
1.0
176
     1
  0
VISUALSTYLE
  5
238
102
{ACAD_REACTORS
330
231
102
}
330
231
100
AcDbVisualStyle
  2
Wireframe
 70
     5
177
     3
291
     0
 70
    58
 90
        0
176
     1
 90
        2
176
     1
 90
        0
176
     1
 90
        0
176
     1
 40
0.6
176
     1
 40
30.0
176
     1
 62
     7
420
 16777215
176
     1
 90
        1
176
     1
 90
        4
176
     1
 62
     7
176
     1
 62
   257
176
     1
 90
        1
176
     1
 90
        1
176
     1
 40
1.0
176
     1
 90
        0
176
     1
 62
   257
176
     1
 40
1.0
176
     1
 90
        1
176
     1
 90
        6
176
     1
 90
        2
176
     1
 62
     7
176
     1
 90
        3
176
     1
 90
        0
176
     1
 90
        0
176
     1
290
     0
176
     1
 90
        1
176
     1
 40
0.0
176
     1
 90
        0
176
     1
290
     0
176
     1
290
     1
176
     1
290
     1
176
     1
290
     0
176
     1
290
     0
176
     1
290
     0
176
     1
290
     0
176
     1
290
     0
176
     1
290
     0
176
     1
 90
       50
176
     1
 40
0.0
176
     1
 40
1.0
176
     1
 90
        0
176
     1
 62
    18
420
        0
176
     1
 90
       50
176
     1
 90
        3
176
     1
 62
     5
420
      255
176
     1
290
     0
176
     1
 90
       50
176
     1
 90
       50
176
     1
 90
       50
176
     1
290
     0
176
     1
 90
       50
176
     1
 62
   256
176
     0
 40
1.0
176
     0
 90
        2
176
     1
  1
strokes_ogs.tif
176
     1
290
     0
176
     1
 40
1.0
176
     1
 40
1.0
176
     1
  0
VISUALSTYLE
  5
244
102
{ACAD_REACTORS
330
231
102
}
330
231
100
AcDbVisualStyle
  2
X-Ray
 70
    25
177
     3
291
     0
 70
    58
 90
        2
176
     1
 90
        2
176
     1
 90
        1
176
     1
 90
        1
176
     1
 40
0.5
176
     1
 40
30.0
176
     1
 62
     7
420
 16777215
176
     1
 90
        1
176
     1
 90
        0
176
     1
 62
     7
176
     1
 62
   257
176
     1
 90
        1
176
     1
 90
        1
176
     1
 40
1.0
176
     1
 90
        8
176
     1
 62
     7
176
     1
 40
1.0
176
     1
 90
        1
176
     1
 90
        6
176
     1
 90
        2
176
     1
 62
     7
176
     1
 90
        3
176
     1
 90
        0
176
     1
 90
        0
176
     1
290
     0
176
     1
 90
       13
176
     1
 40
0.0
176
     1
 90
        0
176
     1
290
     0
176
     1
290
     1
176
     1
290
     1
176
     1
290
     0
176
     1
290
     0
176
     1
290
     0
176
     1
290
     0
176
     1
290
     0
176
     1
290
     0
176
     1
 90
       50
176
     1
 40
0.0
176
     1
 40
1.0
176
     1
 90
        0
176
     1
 62
    18
420
        0
176
     1
 90
       50
176
     1
 90
        3
176
     1
 62
     5
420
      255
176
     1
290
     0
176
     1
 90
       50
176
     1
 90
       50
176
     1
 90
       50
176
     1
290
     0
176
     1
 90
       50
176
     1
 62
   256
176
     0
 40
1.0
176
     0
 90
        2
176
     1
  1
strokes_ogs.tif
176
     1
290
     0
176
     1
 40
1.0
176
     1
 40
1.0
176
     1
  0
DICTIONARYVAR
  5
30A
102
{ACAD_REACTORS
330
259
102
}
330
259
100
DictionaryVariables
280
     0
  1
1:1
  0
DICTIONARYVAR
  5
306
102
{ACAD_REACTORS
330
259
102
}
330
259
100
DictionaryVariables
280
     0
  1
STANDARD
  0
DICTIONARYVAR
  5
305
102
{ACAD_REACTORS
330
259
102
}
330
259
100
DictionaryVariables
280
     0
  1
STANDARD
  0
DICTIONARYVAR
  5
307
102
{ACAD_REACTORS
330
259
102
}
330
259
100
DictionaryVariables
280
     0
  1
Metric50
  0
DICTIONARYVAR
  5
308
102
{ACAD_REACTORS
330
259
102
}
330
259
100
DictionaryVariables
280
     0
  1
Metric50
  0
DICTIONARYVAR
  5
30C
102
{ACAD_REACTORS
330
259
102
}
330
259
100
DictionaryVariables
280
     0
  1
1
  0
DICTIONARYVAR
  5
30D
102
{ACAD_REACTORS
330
259
102
}
330
259
100
DictionaryVariables
280
     0
  1
15
  0
DICTIONARYVAR
  5
30B
102
{ACAD_REACTORS
330
259
102
}
330
259
100
DictionaryVariables
280
     0
  1
0
  0
DICTIONARYVAR
  5
309
102
{ACAD_REACTORS
330
259
102
}
330
259
100
DictionaryVariables
280
     0
  1
0
  0
DICTIONARY
  5
222
330
221
100
AcDbDictionary
280
     1
281
     1
  3
BUMPTILE
360
224
  3
DIFFUSETILE
360
223
  3
OPACITYTILE
360
227
  3
REFLECTIONTILE
360
226
  3
REFRACTIONTILE
360
228
  3
SPECULARTILE
360
225
  0
DICTIONARY
  5
21A
330
219
100
AcDbDictionary
280
     1
281
     1
  3
BUMPTILE
360
21C
  3
DIFFUSETILE
360
21B
  3
OPACITYTILE
360
21F
  3
REFLECTIONTILE
360
21E
  3
REFRACTIONTILE
360
220
  3
SPECULARTILE
360
21D
  0
DICTIONARY
  5
22A
330
229
100
AcDbDictionary
280
     1
281
     1
  3
BUMPTILE
360
22C
  3
DIFFUSETILE
360
22B
  3
FBXASSET
360
324
  3
OPACITYTILE
360
22F
  3
REFLECTIONTILE
360
22E
  3
REFRACTIONTILE
360
230
  3
SPECULARTILE
360
22D
  0
DICTIONARY
  5
4D8
330
24C
100
AcDbDictionary
280
     1
281
     1
  3
ACAD_ROUNDTRIP_2008_TABLESTYLE_CELLSTYLEMAP
360
4D9
  0
XRECORD
  5
224
102
{ACAD_REACTORS
330
222
102
}
330
222
100
AcDbXrecord
280
     1
270
     1
271
     1
  0
XRECORD
  5
223
102
{ACAD_REACTORS
330
222
102
}
330
222
100
AcDbXrecord
280
     1
270
     1
271
     1
  0
XRECORD
  5
227
102
{ACAD_REACTORS
330
222
102
}
330
222
100
AcDbXrecord
280
     1
270
     1
271
     1
  0
XRECORD
  5
226
102
{ACAD_REACTORS
330
222
102
}
330
222
100
AcDbXrecord
280
     1
270
     1
271
     1
  0
XRECORD
  5
228
102
{ACAD_REACTORS
330
222
102
}
330
222
100
AcDbXrecord
280
     1
270
     1
271
     1
  0
XRECORD
  5
225
102
{ACAD_REACTORS
330
222
102
}
330
222
100
AcDbXrecord
280
     1
270
     1
271
     1
  0
XRECORD
  5
21C
102
{ACAD_REACTORS
330
21A
102
}
330
21A
100
AcDbXrecord
280
     1
270
     1
271
     1
  0
XRECORD
  5
21B
102
{ACAD_REACTORS
330
21A
102
}
330
21A
100
AcDbXrecord
280
     1
270
     1
271
     1
  0
XRECORD
  5
21F
102
{ACAD_REACTORS
330
21A
102
}
330
21A
100
AcDbXrecord
280
     1
270
     1
271
     1
  0
XRECORD
  5
21E
102
{ACAD_REACTORS
330
21A
102
}
330
21A
100
AcDbXrecord
280
     1
270
     1
271
     1
  0
XRECORD
  5
220
102
{ACAD_REACTORS
330
21A
102
}
330
21A
100
AcDbXrecord
280
     1
270
     1
271
     1
  0
XRECORD
  5
21D
102
{ACAD_REACTORS
330
21A
102
}
330
21A
100
AcDbXrecord
280
     1
270
     1
271
     1
  0
XRECORD
  5
22C
102
{ACAD_REACTORS
330
22A
102
}
330
22A
100
AcDbXrecord
280
     1
270
     1
271
     1
  0
XRECORD
  5
22B
102
{ACAD_REACTORS
330
22A
102
}
330
22A
100
AcDbXrecord
280
     1
270
     1
271
     1
  0
XRECORD
  5
324
102
{ACAD_REACTORS
330
22A
102
}
330
22A
100
AcDbXrecord
280
     1
 70
     1
 90
-1506045146
 71
     1
  1
062651CB-35B0-4125-B695-82DC8A3C5C2E
311
504B0304140006080800234A975C7BB33A2BF5000000A80100004F00000044384634373832352D374231322D343742352D414343372D3733463235443838383336312F4173736574446174612F446566696E6974696F6E4974657261746F7250726F706572746965732E62696EBD503B4EC430103514200A0A240E40416B1C
311
FF1D2484623B4B45030740DE6076237993D53A11ED96DC1AC6225C8191DECCE8CDEF69BE1042DF8B418A4E0047F097109FE2100F7DF7DA6DE32EA0B3C2A4711DD22D64B5A68D69A9C02D672D162B25B0555E615A7BA765E3B957FE14FACE013E7E84394D65E5739FBB985218E238E72B20961B37BB30C1AD90EECAD0054225
311
1C01E8AF90CBA6CDAFA222F21310DEF7F78F21E7383D106F56421B26B1B69461A1ADC48D731A6BBE62D21B63B8A2E425E6713E7431934A3125A9B3984B5B614161D0AA5A62C3BC330D77D2B1964CDBB9BCE6BAC8580FA14FA4228B84B7FDB001FADFEC07504B0304140006080800234A975C4012CF27F60000003002000045
311
00000044384634373832352D374231322D343742352D414343372D3733463235443838383336312F4173736574446174612F496E7374616E636550726F706572746965732E62696EEB606060F80F0540260323103700495E20ED9E9A975A94991C9C9C919A9BA802143030333233357476D235367532D035313432D57532B3
311
34D5B5307271B670347636753672654768046931363471713532B5D435353131D635313332D475727372D13534373670367376B67474B5042A03DBCBA019D37FE8ABC6157B20CD04146B0062181F4C03F940F0C11E2409D1C1C020E0C02000E242808A038C8583FE600F9580337028045AC300B4871928DD805002D3F5006A
311
0C0F420A89050A4F840C4C0F9202283365A703A620B208C40D2011909126C85248EC0FF62C401E28E6F88038B83CB1243943D7A928312F25350524C341450800504B0304140006080800234A975CB5A795FFE3790000DE7900006B00000044384634373832352D374231322D343742352D414343372D373346323544383838
311
3336312F5265736F75726365732F30363236353143422D333542302D343132352D423639352D3832444338413343354332452F7468756D626E61696C2F302F67656E657269635F706E6701DE79218689504E470D0A1A0A0000000D49484452000001000000010008030000006BAC58540000000467414D410000B18F0BFC61
311
05000000017352474200AECE1CE900000192504C5445818181B3B3B35A5A5A4848486060605C5C5C6464648383835E5E5E6262624E4E4EAFAFAF4A4A4AB5B5B54C4C4CB1B1B1858585B7B7B7585858ADADAD7C7C7C464646787878ABABAB747474A7A7A7686868707070B9B9B96E6E6E6A6A6A8B8B8B666666545454565656
311
A5A5A5505050A1A1A1BBBBBB8F8F8F9F9F9F4242425252527676764040403E3E3E9B9B9B7A7A7A8989897E7E7E9393939797974444448787873C3C3C727272BDBDBD3A3A3A6C6C6CA9A9A9A3A3A32020209D9D9DBFBFBF8D8D8D9595959191912626269999992222222424241E1E1EC1C1C1282828C3C3C32C2C2C2A2A2A2E
311
2E2E303030C5C5C53232321C1C1C363636383838343434C7C7C71A1A1A0E0E0E121212484A484C4E4C1616160A0A0A4A4C4A787A781414147C7E7C9193915E605E464846838583878987B1B3B18587856668665A5C5A626462818381A7A7A5A3A3A1B1B1AFADAFAD7072705C5E5C9D9D9BABADAB7E817EB7B9B7585A58BBBD
311
BB4C4C4A8D8F8D747674B5B5B3B7B7B59FA19F606260ABABA9A5A5A39B9B99A9A9A78F8F8D6C6C6AC7C7C5451AD12700002000494441547801DCBD89771BD7B5A70B8EE04C702641712605CE034890E220088028C93245451215B713AF388E7DFD9EEDB8DDCE6ABFF4B57D97137BE50FEFEFDBA74049B6AEED74869B7E8740
311
4D2814EBB7F76F0F67A8835CEEBFA0E42B854AA5B2BB5B6BCC951A8D52A93657A914FE0BEEE39FFE2FF395B9B9C6CAD2D4C4606F4B7FFF8D1B37EEDCB97587F7CD9B4343BD134BABE7DB48E3FFA7A228ECD6F6574E4786C0FC8B5FFCE2CD5FFCE297BF7CF3CD5FFC92B52FFE58BFF9E69B776E0EF5F79E55CBBBF9FC3F5D3D
311
FFB07F5898ABAF7CDA3B74E74EC0CE20230561BF096E97E05712BFFCC59BC80539DCE83DDD6E54FE61B7747DE17FB8980BBBFB2BBD4337DF487881AAE6C5ACC6AF25207877B2B527BFF1CB3B77FA47561ABBD7F7FA7FE146A5B6BD74E3164C7F51449AE95DB412200EC539418717E7F2F11B376FF62E95FEAF1442BED0581D
311
BCA1BD2780D23F506AFA16E1A7AD974EF17876F00DD7BCB187A1A97AE51FCED5BF2BC1F2BBE5B3C19BE27B43CF26DE00933658FE129B109C2FFF922CC22C4260FA01BEFB462A77DEBC35F42F600C3F5B0795D2E9E02DAD5E650B4438A92801B65C35CBAB7B1EE5041CE69D3B6F1822DFB873EBD6AD3B6FBC71EBC6C86AE967
311
DFC2DFA4CEBFF1BF54F6276EBC114E2F43FEC60B01A0D440A868B2920E5C4BC10D60931ADCB871F3268B21D3851B08E1D6AD9BFD4BF57F7577909FAB86F29B982571136AF01DF5FE32AC3BD9406CAAF2440A54CF176EDD01FBADA1FEFEFE21FE4C9858DFF4183458A9FD2B6708A5A5A137E0EE1D11A9EC0C7C58B2C73C0AD6
311
B479BD76B7790CF899E287FA5B06FB7B07C9195B7851FA8794031EF1FC5F9406BBFB23375420286399B631E93B08022A785C4DBF9996EC3551874094D71B6F487E80F6837E50F483BDBDBD83232323AC420A18C68DA196EDDADF68A77F938F78FD972BABBDB7B87FB164AC6FC2CB760365821ACB74AED44FFAD7E7431ECD7E
311
08AC421F391D199998989A383D9D98E8E56F84A318C58D9BFD2DAB73FF5222C8EFAEF4DE7AF30D756E5108683DA471E70D0502099A7240F19E4089D3FD203E620F1B47BF43501E85031AE44B4B9F2E4D2D9D4D51D8970983FA861B3706FF950CA170DE82F6B312CC4F42C8966295F7D725ED29882415DC055F36DEA1FE96FE
311
C141493F05FAA9A9A5A595B333DED5B3D5A533F62183323032F46EFF13EA0AAFA5FBF7C8976F8C10F7280A014832593B90004D52341980D907EAEB73411EB2F1EBC9F507F92746C40E7AE0AFAE54292BAB2BAB67CAE0746264A277B06508168C94BF772BE9765F7BF0B548FE1E07F3B5A521340A5CB5297C4B12811B89E821
311
91ECF3E41B3259C529F135E23CF4C7F961FB13537F5A02ECCAEA76B5BA5D3D3FDF3F2FEFEFB3AA22053E5008833428DC6C59FA2F770595F311F235D427F379BB8A121BD901B96076A388DC4C3C61C7933CCCD770FF375A6E0CE9F535FE2534BF5ADD3E3FAFD71BF57AA951B6D4CFEBFB8864758A26154430080B06ABFF5576
311
10ECC93726224F155D1471041E0D42F82F4891C926C1355B0831649FF365F46FF05300A7A790BD8ADEEB0D4AA9569A9BDBADCCD56AA55AE377F5F3F3EA2A34983A1DE91D810543138D7F28E57FF4E2B5335A3928B76EA1CB9B00BF158C8F63A2E788826896D0B5E7C461949ECE089144F8EBEFC7FB4D8C9C4E9DAD60F7FBE5
311
72B416C2F2423ECF8B86C439E450DA970634ACFDA977629098D0B2FAF313A36B3869E37AF7853378CDA1171FBEBA95DF1E44FD5144A420588641B0055A79ED91CC0DC41E27064512FB33F1F04D09D0D2DF0203A646A6CECE80DF28356A348CED8C4F1EF137B9319E1BCD29867CA556AA97F7B757567006A447FD375A26CAAF
311
DED9CFDCFB2BB0BEEE8AA5911BC2C7F85DF88A3775389990AA72219D582409210F85A4E66F2987D875C30848023088FDF77E87F96FD7CBA5B9DCCEF4F4C9FC7C676777577B7B7B67E7ECCCE4E8DEE85E81A6D55AA3BC7FBEB242589CE8ED4770E785D7DDE23FF2587EBF57F50B9E820527316488E5C32D50F979BCA5820729
311
7E2B6D658702FFCD211840FE43FC9F3A5BAD9E97E6F21B9FCF16BBBB3A3A5A175B5B1787875B5B3B86DFEFFC687A72674F19D46A8DFDF3EACA59E405375ACE76FFA922C817CE86A89BDD92F400F2C55B7462F610459837D3A61ACF50C7471C8F2F2A9D38C3DA2F068007F80EFCDBFBE5DCC674B1D83EBCBEB8BCBCBC3ED0D3
311
D333D0B3DE33BCBEB0D8DA35FBF9F8CECE68AE020BCE61C112A4C1138CD47F9AD13F7DC6AB9CF9CFCFAF9D0E01FFE6CD503F5B91C5218E2899CA15098714848B04FCE5654884ABF0E554F11F6C21D73D5D5AADD64B7B9327DDAD8B0B7D7D6D6D07070763BC0F3E38E8EB4310EBEB8BC3DDB347E3E37B5842B97C4E44A0C630
311
427E5CFDFB71E03F471E12CA9FF70E055AE141042DD81234B879EB4606361D9328149037D7D76A571A7E974FA20AD0323832713AB5BA7ABE3B3E3D3FBC30307070B0B9B645D93C3CDC3CDCA41CFC6AAC2D64D0D579B4B1B397A7C1BDBEBD7D36657A3CD4B2F44F4909F2B9CA597F4245C59DEC354316F0587020D0C661742B
311
C02869435FD12CF195C422DB3C5A3E2305C000CE6B7B27ED8B7D63079B5B5B878787C787C7C7C757C76C51B60ED60EDAFA06D67B965B3B672677080BB5329E60E9B477847AE2E9EB53E35779FD37EFCD2D0DDD68AA355B6B0D81860502B8B68C801F5C697E9AD62F4B406244CB975560BAC756AAA577675B07C6D03778C17E
311
7C95CAF1B3ABABE3E3ADADE3CDB1B1B6B681014470343EBA979F8B90383545727C63E43549D14FD0F927E5F1FDEFD7263058FE02EBCD1BDCBCA053496BD58E69BC44F9F854D4D979AE9ADB908824382AC1D4014E9756EAF9CE85B6B54DB01F02F8EA5908E0D9D5F1B3E72188C3C3AB67879B07C8A0A767B8B831FE5E7EB754
311
DEAE5261460243FFF07858D8EF0D658BDC563A2C5EF5833C13C90B69248C4DD97842B61DFA7F210A2F6108A0F96B62E2D3B3F3DD939EA47E30ABF5AB2B903F4BE5F9B36757CF65021E616DAC6F60A1FB647274B4B05B2E5341B082D43278F67D8DFDA48AFF9A13F22B34C7586C9992BA6E66CABC190E313E7C811AA57304B4
311
21A75B289B9D174CC868C24548823E230B9A5A2DCD2CAFE1F98E61C015CA7E96B083FC59F3ED06EE60F360B3AD6F79787ED278D0A86FAFE00BA9220EAEFE1D5DE1F7855939C3FCC1332426B377F692406E022C010DB437EF009803F0DCFD3B7C94440571D8F2C328F115F47FD324802070BAB43FBA80EFDB92FCA1F7E7CF9F
311
A875CBB327CF9EB08C4DE4815BC4210E2CB7CF1CEDECEDCED5B757490968286899FAF95583BF46F9393CEE6A86D6F618CAAD9BFF0BE22B042412C5CFB50556815CC5BBE33E9F61ECEC26A9BCB8145FD10590078F9C9E953B513FAE1FE387FAC246E14F9E3CE7F5F8194BD6594140876B6B84C5D6799C61A16434201E523758
311
2AFD75C07EEED9863F463284E2E13425A036BD41061259289B6BDC1ED656FC8B8592C9D00701E27CEA749F0D8EF44EAD8C1F80FFF8F8F9D513191F6803384C800097F24069C407CFAE88136B7DCB3D5D4A60B711F19070D83235F77331FD35E715966889038E2E0B346EAB7936C4162043E1A1F144093695443A570144898B
311
C4079CEF1912809A3035A1D3F361235F90FFF1E3E0FB93C7E2750719F88E7D8E68123883ADB5B18185AE99F1D11C1238A792DC4BEDE8EC6FF503DF377E0445F68FAF4E08D43082D02170F30131A154206CC559A8D9CFDD762B31273E4947A581E0D9BB71E33FFA07CD02CE2A6BE1EC80167497F2A81CFA3F7EFE58D0CF5D5D
311
170DE4F89070B0BC4040CC17BEAC6B0586C3D3FF0309BC06F44B04A1E13729929B4DF73C44070692C810B08AC3012E8EE9EAE22067796288C193B2139B970B86F47FAD0F98382B1E035D9C32FD318A4FAFCB274F2E1FA772F94411B0CD42493C23393A685B5FEF3E1ACF554AF5F3552A478383374E6B2FDDFC4F6DFE38F4F4
311
ED7A7FE838F488EA852482F412D3CB07E293D02C9F074F12E84C5AAC423271450572A385449844706475FD38DC3C22486A0639E5F1E38B0CFE93CB4B25910EF309A2224BD8DAD40C682C28341AD69047E8539A6AFC14EC573F7FAD10AE0FE6EB13E87B28E093B513B5803514DE408809BC12A14876DE0A25F643009E9176D9
311
F0C330164285A7444DC8CAF0E9FE41429EE0A2F6A6DE91C0856C501272404A8468822E24C807030B1D33D40D4AFBDBABB411D093D88C86D7205E05FC57EDD1F805FA4CED5920F0CED39157E007CE21757C5DE440ECBCB46CD283E378029B43FB077B4F47E60E9F61E8D01BE017D7E843EB49F50A2028F1E442FCC90C9EE308
311
E4C0C2C94EAE30B75FAD3A0EAFA57FE9EF960F14BE15638840EAF3BA490BB6850EDB38EECAFD21A0C746D0C4234DBD035EFC7EDD121FA585FAB73DB89FE6A03CF833AB0730E5E2F1A36CE3F202A128934B44E396961121E1F2C9F32BFCC0C140CFE22C1CA8E109B182919696BFB98120234F61B59F7BF46EC30CF067B21A33
311
B0FB3E402448EE266CCD93135A8E823DB31F85E677434E608F53F8100BC0098EA2FD6BC01770E0F2F2D1E5452A711C4BB8486248FAD756D852026B6DC90A2AA5C6B69E9068B8F27AFABFFEE8AB36F1D23985D5960014FD711940800B560250D2272CC54FF1D3A660B275AC3881E349689C1616E1E9044129D032313509DE47
311
00BC867C71F128C400159407C761022BA8A040F40A244788808C60B3AD67A17576279F6F946923191921B0545FC2F12AC0EFEFBD7262B6935679FC7F80629160ABFAEC88E8430E76D82A8DE62ACE50BD4A42FBF03B387B37FD321B37E31C3F063D99703F5160E6C9E5A300CF32A91E0A085A29C0FC507F6C21012303C6104B
311
82C1F1E156DB3229D1A855A32A8352C9077AF733A0AFE0FB3EF81FDF2F0F82C21B0EB06998866878B103305E31EC17F4FD43831E570A2118D1667632D4FFFFB125782F96168A833DBE78C3F11F8383A79D49F58F1E3DBC780417AE6581381E8610604888E2913E12492881274822C221AD04CB0B1D273B8542837460898C68
311
6864FF6F801E8269F40AD0481DFAF5E6E9C1F3BE391C325004DF0746A4E4448F7B52C0D5EAD39EC46896B888C4210D68E99DFA2820DF7FF850EC407EB55C3EBC5028611409BFCB8889C90F1C52355AEF98B18100094C9D0EF6F64FD47E5CBF3FF5293DDFB4B50DDD54F351446FA1F14580DC3902C085F593CB24ACC917B213
311
BBC11B3F0A61042FD8B24F4FB9C4556D0CB9E1A880DE89934CE9607F18F81FDD950DD0E1D143F41D56110E227C250621FF098838042BC85B5B6BCBCBC31DD37B34966E9FFD9936A2FEFEA9EBA4182E5CD3E17AE35501FCE0707E5525A7DBC64DFD077825BE37CE0BBE1BBEC061410C660B6E49912665E2B3749C7C9F938340
311
22F74CDE6CA5EB501D9CBC04B768292C5CCB84478F3CA83074092C6082169015E5800D5839DC6C1B58EFE83ECA513BDE3EFB8EF1242D2D4B3FD55AFE03D42F8492AF8A3F21444FA2FA9ABBF525EAF84C09F0168527B0138A85D1EC0443C467B28BF844EAF76323BE13D7C11F72FED783837B970FEFDE7D7817E077C17EF7E2
311
A1C2C0FE851FE4C008388C15E818958746129E1009D054B67530D6B3D8DA3D59D82D9D57CF70039FF50FFE0DE94089DB269C3655A4F25B38C49D0BD48E59F1526887C18FC5272197F85CA72862A593A4843CD25F920487DDF7AA0441A2C0600D062001F103FCEEA3D8560CEC3EBACB01CAE5A51E420349F602191E5F901893
311
142381351CE17047E764BE50DEAF9E4D8C38B6ECFFACEB141E54A6865A88A60133EE9CBB4C256930B0B168C1C3AB59FE1743FB422C7166082E934AFA5EFA3E4BCE0B69362FA7041818B7FDECE1DDFB4D022007CA23E521F0700AAEB5888BBBF08023E128B4045381542FA256B0D04E28A0C3804E233A1BFB476A2F48FD135B
311
AF9843BEDA3264EB42BA499601F16B566E72C7EA35908ABCB9176BBED43204C696AFD3D7B24B08D3AFA44BE243D88A6D9D0B6562B52F741E1610C0EFBBAF2B0829289A640EC4C8A4FF66A24430786CEBE1E1E61AF9507BFB496EAEB64F8F49B4129EBDEC065EC1F8A3F228A3CD0950883B41BEC6D1944AE06147289600A772
311
6313AC69A3F91197F1438BCB743E76F01F6EF1D1C854071670FFFE43FF1EDED702EE5A14C85D0C42DF90B86068800659AC88981855E3E774A71C0CAC2F76754EE7CC87C808D1E1E0F6CF47FD4224731337BE1E39C5010823EE997B1491BBD99FC8D8EF77482BEB5EB2CF66499A8E0F7511B19B3EFBDACB6507BC78731B1B38
311
3D02FFDD7BE8DD9256F7D0BA7B46015941097B80018F700FFA024CC08078F51806100ADBFA163ABA8A3B95B9D2F92AC30BC908ED31FABE0CBEBFFF0279B675868F9AA24E9530B08C174055B7F48E4F58002F3E82F0BDFA003E8B431EB6C4A91E4D9B5FFB791265BA8827BBE5F1BCFA7F789F72F75EC800F8AE43FFAEC42F13
311
009FB905A9A0132015D0068ED7682AC608BA6771038DEDB3B33082891FAB1ABF5614F93238079726B833958796B845B731FCB86316713C1DC581B1E19B424EE32674093F80776F7E27C6FBFAC85C536CD955B96EDA2A3FBF770FF4BE11845470EB3E42D022000E0FE07D161811020742162444668308801E133A4C163BE68F
311
6826A5523071CA78B2FED51F28F8C70FE4190073A3E5D3259D7A288CD19BDE623F10021BAB0C6E327FD507B2741627727EA00D31856492F9F009D7F152D930704E642795C1C1B336E0DEBB7F0FDCB79318543B25341F36802D64A981A690B94259607DE0B19D466BF8C1C5E1CEF9A3FC5C639FD6117B4BAEAB453F8EFBDA50
311
0A67E8BAF76C8A06566E36EE1184E8329419161F83D843D5DE7D8221163E145F56921C3EE383978072129E290A9B7166E63D26BAB1FCDBF710009E4051842390031845F20077CD079407C575F20364C4910ED2A574BC357630B0BCD8DE39335EB175646A698458F6A346F003A93002E846FFE0C459B8006E506D79BF902908
311
A0AA05CB5E73530E33BA1D3C2EF99C712B7C8B41DF4D2A7830BE8707485FCFAEEB85A09AB6D39BBF7B4F23E00509C20DB04E240822A4B810E04D8D53D10D504C059ED86BB8697F514777717A8F8144D48A4C89077F7EDB00E2D89DC02A7B975640A282C49A4AA84B70B12BFED8EA6584860DFB7EE23FCB00C6BAF7332FF259
311
FA3C9346508813E372F1DDE425065BB61FDF8300F7EEDDBE8D0C6EDF46F7D8823478590AE23759D60DA6B7A9F125EDE8F4A5D2B37470D0B63C30DCDE3D3D59A8D1501EB1B0A5377517BDD6E301F995E3F955F0F58FAC2E81CE172A8344AC03DC6781939D2484B8FFC15E8F3ACCD3954CE19576B942D0A029188EC7013FE59A
311
E90B71292DE774F1F63D60230180B30A2EDC65291B6211B4081128856001A680015CE000708254891851D4B3BED0FA4D7166B466BFF1D2A924885AD12B387FC0FCE6819AC3AE06A7AA4B715F0927B74D119D4A668FB54B8A8C268D8B038A207D10A7B1E95E42195B695BE0240F7408B311257C23F581E987C180140C584A02
311
B1670CB817CEC0A080F259F1360E58452013200E3EC107AC1DF4FD7B0F6D23F33347F9527D9F51E6138E31AF35F1BDAAEEEBA3D71BB402E2FB47CECEE96B4DB85536772B07C82A34F3E66D0BCEC207FEB9E70643761276F7B50D5EE963CFF80C7AF4A2130F5BF8C4EBFB5F07B709840480DBD8007FB7EF3F90104908BA457D
311
43AA2A6A02C91422285E5AAC143F3313A0CB74D9D164933B86C25587134E8D342B453FC982860D09FD13ABE72055ED020E85D3E312F74C25CB0293D978A1C4001927C80B86FD06349126EC219F0C735C8053D8F5F310817EA01F1B7851F406144C211C6362C27DD51F1E310C0102280ADB891E9B085CC528A2B1369A46BA19
311
5B9A2B351862CE43174BA73FB7CBB430A5798F4C54B7333B96C3224A9863AD02B9FBD8E63092191924E77C199D92887DA594B6DCF0112857162FD0949FE6A441F5E62E42FB2105BC405A2301A3424601DC807912CB2C39C604A27908021CDA30C4C8C2019A883B3A8BD393BB3546136EAF561980FB63E9E035FF73B96D09A9
311
05ACB2C11D79571C5159026227DDBDB81396EB03F14100BEB66DE1FA9EF82C3ECCBE318119C4269FD014E66361FC8BB0B4EA9A98EF3D8848A01360430284335004C183CC25BCA82D2302EB03B8419241C64DF4F5ADAF77B533BE786334BFCBB8DA72BDBEFFC36103AFB30608A0B39B58D93F0BF42180841DD26BDC22CF0A77
311
0E90240006BAC65197D90920131C7B2EB3CFD3C71C6378A305EE8488FC1FF8D391E2BDDB0F6E3F45E7C8207C419800DB410073A3173942CA8D5242642A74496FF115832A6314D9FA4257577BF7FCF8F8E8CEE8DEDE5EBE76DD3CF892BA7FB8B90F629431B5525E92A15A3A4A6FEA3FDD73136172060959206591F4C927196C
311
F645AA285CF3014630121754261C0D31E1A7E3DA2DBDB54B04703BDE3A4209F02045C4BB0F529A14BED07098A2A1CD47513DA64B512F409BC01663090796D787173B5AA141B1B39BB470EEBCF1E30F9D263ACC4D05110797CEF7B923B027F089F74D1D06F0A4D8C0CDA6604023FCA45B76C5CDE0BF3845ECBE13E0C0ED7370
311
0A8A753C1AC8AEFFF1B407FC8A20F42F0D94019121DE304077A027D4112283BB8FF0072444D68AAD111D6F591BC0061854BBC048EBBE9E81F6A33A95C21BFD13AF3C7E7DCDFFEB0DE8903F77B41DF178E99C289895B0EA8CD640549D68935BA7C5294E0A1D66DA0CC419BD398E6265789CA1241441AC94532A3C19C95340BE
311
FC68703077EFC1D307B71F3C500859C11494838E902203A2BE90EACC5135B80B078804340C920C2300BCC06F7A1C71B875DC572C9BD1D84BD5FB9363CA6BA7D03E5C40FDFC54FC23C9B4B9DDD028787D89219038523BF64E638BB37CC25335937A00DFD32869C5B390C8C32FF25C8C47A7181B4A599A224A9DADB0E0406FEF
311
F9F183B7448F081E3C55024FB33828784AB61704482CD0160C04174F9E33BA9291D58C2F1F1B1B3B5863B0D9F3E51C35C253D54A23E560E2C0CB3A6F7A81382601C2079CAE96B7B1560D20A341E85A928A4E01083256420576C2ED477E2E565FD9223BCC691CF394D3D8E281501E0EE5C1C8159E92585D255CF30CC854C753
311
18006EA4A01028EC853F9407C6053910BE105348324002260254886C156260F9189EE0F8C9A3CBAE9D5A992184568A69D5183A7DB97DB089FDC57AEE54F858FE54F577DBA85309640290F2D220952620750C5811FB772A7876D1E4040FBFC6474D51246D8B3FB378283FB514F8AB3C20B8BF7DBE5DE541C9A5D3D38DDB30E0
311
0151E02523081BC89C2214103E0BC1B3D0199A08E002681A2613A2616CEDF0F0F9C5DDC75DA395C25C0309C03DEC8091A4AFD3FEB504AAC6633930556DAC86EE3561941E862C4A75DD6B6BB3A0C59BE153DFA73EDFCBC3CE2188D3D378FC976D0EF9A95B7C8532F527CE3CF539581E0FE501291E9139FFB65EFF5DBD8E0C18
311
DE3077170A64E033FD278F18068028802F156C3809FDEB11B1019C208D020C9BA2870457F0F8E1FDC7EDD393E3B9FC9C4308E9315704233F960E554802C14716B0B45DAB5EAB5E25AB7830EBB8D25E6CA94E4AA01794FB1EE164FE9F040FE82C940A4BCEF913075D087E85A7237D3CF29C47E4E676777779528C4781761F0B
311
FBC1D3A77880E40C9A2E5109180D5255317890394229F0F082010354082D574F1E3FBAB7D6553C2113DACB97BEB5526C7C6F69F9310A94C46CD89FF8F379AD1AA035FD00FF3F320180F01417A6F255A3A8D86319FE0C0B0E06A0DCD33F79841339C01E5BBE1911AFCFF7C1E0A540BFBDBFCF2372352686D863F83F59CB6865
311
F43104007EE06F52406F680341102048A01BB048823082CBCB0B6AC48C313F3E7CFEF8F2D1FDC3D6F6F9F9D9E98D9D7CAE5EADE2A6512FAD7AB526E17F600C85550DDE9ACFE9D97E694513103BC69F8A2813176032C890C1E9C49FC09C61670FF8705B1D7386260E7C8E7122C7F8208A55139E8C8D4763F7EBF5728DF9C346
311
77364E3A3F9AEFDEC9CD95470788834F9FBEC512379890B38C94205B2557987C4186DF5C0837608DF0F9F3CB87B7EF6E920475752A01460E556919B2B64296FB9FB70DD5F47232A0F77465BF140CD001F00ADCA175090E2665A14E6329B62660E02A1CB50C6025E3DA252A670B3F0FFAA5EAD94A509FE7036B159E0D1D9F2E
311
76B7AE1FD5A606198D3A747AF450023CBDFD162278B9446688111009B4029B0F2180AE20A542D40610C073B47FEFE1416B2B12200F3C991C2F54EC2491027A816B0A34A9D05C6F437AC23462385DADD75642EDDA738AF1600DBE07EE8437804D2D011A94DF71C2085EDD40266A407FFA1D1C00B0C03927E60338E3B9D8C47D
311
1F8CAED578E06F7CFAA4BB63B175FA7C301B747CB377F45192003CB8FD34B12009224543D8604494011A80C1903CE0518C986208E1C5FDDB8FDA161686873BBABABAE74FA637BEA894A44078C19696F326E057D7F95D061A6B0394A9D5F2DCAAFE4C2388D8A6E9AB7695CB0BDD0A332430F1A9333DA41D1FFB97FA09AE84E7
311
38C75C407C260408F8DBD5EDED7DE1570A7BE333C54F16963B46AB0C2B71208EA3D16EF4EEDCD7005241166C005A73C03164792151205C007288AE337B4D7103741BDE7B7AC913350B348B2D767515674EC6F72A0402BBCB41C81305AFCF05F2758D3ECAC8D26AB97606DB9581A4B7A8FFB068CD5C0604E6849046B70C2B60
311
FF0CDDF93C13822B4E82FA0479A68220E66D9FD775FB3C1A9CDBDB9829B6AF2F77EC9E0678FB20ED8D1B1A1A39D10F9812E20D6281F5673121AACAA9C53424000DAC173F7E18C3052EEE3E78E7F1160F5AAEAFB70E0F7775CFCE4EF384DDEEBEB9C0889D5243BDF557559FEDE5F17AB21E118C4C31A3DF6A96B56AC6218029
311
3910ECD6B721047664BCFCC6B2DD3C65CA0F0C823DFEF84083C7ECCDF05898EEF158F4FEF97EB9C123F1B9D1D1A3D9F9AEC5F5CEDA84A3C96C14A55584D62893D6A54D8D2028D05C8B1F124884543F3223B29D208B04910D3FC43F5C52196AEB5B5F5E58E8E82610F08C21BD443801233C0CE8BD1E40F84A1CA86001990048
311
031ABBAB11EF83F9283EA89F181F2A0D9A9F62D94B7F625FD727E6A93F63F200F614F7CF100D4511C07DB45FC5F0CB4CA359ABE4774631FDAE85E599EA0878A3C33D5AD6430CF4C055EE5FDB80629000D7855DED3F436F3B61B3DC7FFACEFD2B1BC6FB0696312CFA477CE87A87070C7998E04FBA78AE3F915A065E819FCF35
311
B410321D9ABB308146A11AD5196CDDD7C477A171C8AFC74B45CBC6F641AB53C8D4ADA5870C02379BC0470CF83DB55F073E29CF5CE5F7A3F8FD62EB7AEB1774C2C6780B9523F9287193FD23DDB79FBEA513B45200E2E0C1B51350163AC19043C600F2C1DBF7DEBA7BB9B5457BC0D840CF325EB0BBABBB786D30143700002000
311
4944415472B491ABCCEDAFC0591201CAC8EBFACBF367FE7B6E40E69F551BBBE7123E3C00AC560CE20C62436E8C3C54CC225EE08C0D74CE26148877689EDD004FB2BFBFFFBB984035373A7954EC5EE8591FE531348654514DB1D1C56411DFA2A7C212BE5ED91278F2851A432244C6822C29C85A8B320ADCBDFDD63BF71FD326
311
48E7D098CD018BC35D7FE89E250EF2AC75F96C15271602687965C844B8807C6E7729D93F22E81D39ABD62A0820C1FE9F11CFA7208125D33E96FD69E83AF6052DD32D49FF0802CD9F9DFD39260389A950887A647CCC99BAB17132DFB5DED35138FB3A060F6295AA5E195BF0BB56495A5A4A8FA440026E46A047D40ED2520A44
311
1C302D240F201FB8F7E0EDDB0E12A04D8816215A0579E8FE1B1281E9F19C9900DE79842E2A7CCD48E9876EB01C75DBA0E0C8D44AB5512947A00BE7CF5DE9E1A6A6BE43CF1A78783DFD5A404E4477336C1ED8B18908B2A847B2AFE9839E891137A6673BBB96FBBA2A4B8E9373B001F08369BA11BE8ABC4302FD2345FD6014A1
311
27068427D007BE28B41D9B0D40FFB7EE531FA673C8870A69135B1CEEE8D009C08042A5B4EDA314920B635BF941E7487E45256439DFE9D276295F87E698389CD49FB394FE19720412DEDDC40E9CE9C6DD605E0B719FADC416CB15AB3A61F9B5B9B9426E54F81D8B03DD950946D432B40CEDAB7BB5AF11213CBA73C9BCCCDAFB
311
CF06127C7980FE6D1DC9B4DF14832D6568FEAEEBA76FBF438300B541064ED33F3AC0B0D10505306FD370AED02859234402F6C3FED006766DDED2034D90D119057225EEE3DAF787EBF30EC51ACB4F551678BD6728E1944730C095F13E4D81A4DFFBF67C5BEE37E62A85FCCEC6CC6C7BC77A5B477E22223ECA4FCC0F87E2A5E3
311
EB782BDB25B8CFC6736A044DE5A7CDA604526361D650484FE283B77EFBD65D52C1C73C4F48E7D0D81ACF572F2E2280F98FB230508FA906B42DE240ED651B301CEC83DE1790C9FD96B6CBF986BECF3BD332C18EF627A0B6EECD5B152E02088D03D828AFFAD26B05BF671B4F9A09A8CE0CD2707F67F2A4B3BB75B9ADA331C130
311
5BBAC182FB4A79820B7EEAF73199B8404C0B81231CDCBB871B80FC41FF5860E8E108222A1A076C29E6E03B6F3FBD4F1F295DC457573C7ADED636D6B7B8C88413DDF3B327E1046AA51040B40CB50C7E3F1D2E44DAD34CFA604029BFFBE714DF0C069908027EB275F1F366C132E1A7450B04011CF82B2B647CE754F650FF6E25
311
BF37AAF65B7BDA16CAA791F1D09F6CAB989EC5AB7809BE145FA459E8D3E4B0FB47DAEF093B946FED585B80FE1A0305FD5330FEDB4FDF79FBF6BDE81D8300CF6815E5F9896552412A03F31FCDCC7CB5E32365550CD9365FDCCEC8752E943161D78047336F8AF6539840A1F2E764FDA2970999F205CD2BD1F5CF496571F76EAE
311
FA0E1CF8FD2A55FD06391F9EEF8B9DC9994E72BEBEE1FC928E2F223EBA0FBFBFB4F2DF137BC894B8087643D64ADE6EDED67F7680FAC9060239E845FC94AE93D880F994FBF71FBCF5F66F9F32C292EA900F9C1E6F1105E81C5B5F58A067A448143842008D7275EA3BBA3D2516FDF02FF79260020D6B3C714711F3CFB61BFF56
311
A826E627E82256F7400FB387FEF23C1C1E77FD6A21EBB1B2B35F2F95E7760BE1FA3ABB3A981423477517EEE36FF96F122B942F6FB64D9502BD1B9089162532A2FEFED255028FE653C9F46FA321E0B588B7DE79FBED07C44106CC85133CA65190543004D01D02D8181DDDA5A9C91A7110805B7875B689FC3902200FB192E7DF
311
D936B37B57D9C338BD49E99E181F4E5FCAB2ABC1CA7AAB382CBC7D515457CFABE6FBC63D525E5CDF74B16378B9AD6774A58531912D232DF01BAA913DFB7D3AAFF912984302B84D0500077800D26C60A4742101DE420C610C2E92FA93056022EFBCFD5BB6B38651470CD33BD87630C05831BA864C85997B8754B05167F07064
311
99DC442FCD22592AEC2ABF3FF13F950039BF159FA9B36ABDB2778EFF83F70972B83BFD3F4899E64DD8346AA495CB155A7499F2CE39B0AAE755125EB84FD8CF8D8E4F4E9FB4B72E8F1DBCCB98B31BC4607C2CFF21C8145FB48EA0F2159F86A3098415609554DEFA7B27EF1301033DD06D274BAF6821D220DEF96FA4CBB60B3C
311
A241C021D38E1AA76B4406B4767576166766A6C7F77273F5F395291BBA19F64F2E3095C14F3E60371827741CB27E89543857D6D96BF9A47C6A9A26057840332EB843717AAD171880217B71FCCC0355AED3D4819911F79D0EA8AD6DA31A83E36C5DC2D470295C011302387069158F6C9966022367ECF1D00BA9BB95C389AE7B
311
6105A1FB640689033A7FCCFFEDB762189103A61C3A4FEFE0D6A6B5A19EC5755A443AE78BC5E9235B047890A65919A0D2F96AA3C01CEE913BB3ED239C3E0CD8DDAB99E4348BF3F8B977B6C43DEBEFBD7721A839A63B94C06A10DB87FCBFA3C2932F8C26F88B6D6BB30C3C4E09AFE40FAB52EFAA1EC0316920E031A46D65A0FF
311
E45A673432E907FBCF86717AC04F2CD0EF512D665FF53F05BFCDC43489F150890C60A8E0314E70A06F619D30D841189CA15D3417F3CD50191AE4396543F0C42BCFD696C58DF163F5B46D708BD5FDDA5E5E5FDF9401BC4F7E00E8A17520833D1CBFF495B5D1CE037C664123EEE74737268B5D1D3DBFDA6AAD8C08DF2C0BC7A7
311
37E10AAB2A7B958990CEBF556CDBEE823CB09FB344143463C630CFFF585D330CF0320E921744A7918280FEEF981161008E9FBC78C830217A07B7D6985E83F9A79884ABB5AB383B4D7D788F9FB3D867A2112A43F19042B33A108690CF6F472F8661CFAC971478757F6E6F2F7AEB82FEA85E5715941778B278281F28C268AB24
311
BDB470EF3303E09C359E9DF1CF990D8A096106E6A66C8620DDE7D281DF0B2831F20439A30D68386CE13E002F7EDA8D7806162B205D6A19AA1FABFD6B1B400EC2BFFDD66FDF7E8755B4883C043F43046C1326136680404F1F934EBDDFDD39CB58A98DF1BD7880E0532E671FA1435E9D6EA5E9071000BE8F262E7C4044FD95D5
311
FD526EB40A05A634775F32205C3D779FDC168CD5E56BF982508BF572BDA4F6F57D3304BE9EB18149461B12F760D7485891CA47CFC44909136FBF4931716A2E100123FC6CCAA6A644F25EDF4AC980B14039009BECE8B798BF69A05DC5B6885CD23F8E13A46FF0C0A986D617F001C52241801E87C2974C31411DA3A5D7B61754
311
72763D637D3E57C33B908F867F4A59CFCA7923375E5F027A983E18BD7BD4E6FDDBB2250C1529F4202EFAAF979DFFB1F2612E87EBEFEC58581EDB9AA95AD1D7C1905F7305BF8182D5BBB524D47C4E3B81CD843220DE1E6536497C0962C225F75A2D6A998303B23FC501F0B3F736EE1FF01200FC8C99F5515207C9C40081DF30
311
4C0A17D06E26CCBC5B3C47459308178301FA8057C2C0AE9D99B05F038828B08400F2E3251254DD7EB8BC4853B101F99AB48E387457C96951E5DB670648BAB70A7B04FE93EEC5F5B183F9739C98952C6845C380D401B8FC86E70A20744EC720E09D35955D96A9041720196D183AC2CFE6AEA816652D0234883D788BEC8F5DF2
311
615261DB031C2381092401B48D8D2D870FECEA9C3D99DDB036C8A051058030E32190976718C89F031DFBFF2EEA3D88606A8A19BD0AE305BDFD12BA4FF46F1A0002B07137989C748936E9DB2C91F43B07E4E4D16C3779CF5A4FFE8CC981F07C29E34B7C012AF0054FAEA4A6A3D49D3A16D2B3CF220A029003366663053C89B3
311
FB1827080DEC2780076FBFFD8E39810CB0593CC68B5D9009F2D400418028B0BC6CC74067E7C9CC0C2690FBB084AA5254A12AF63543B35EB40D17B693F7E3464D5094C00AA9E04E0E0524F5C35C5EC6BA94B21AAF2440725E2A9FF94FE7A8F0E769EB83FDEB039B631B18BF396F5C13CF89ACC02C387DA56DC3B1CD84B96CFA
311
AA37B55FE723B611062258257D331F186AC93D8AD600B4FEF4AD777E4BF68F2168FF08C081A37AC13446C859964803961928476D78F68419390D830C1935B5C2A0A22A3AB17D3D6428BF12DC373B8D464E04C0A496BB3B3B75639DCC2500E0F0B15FB6F47B5A7ED0183A87CAE8D535F2EDBD4B3B7FC762DFE65A07C30B2851
311
DB890082ADC07131EEEFA3DB7DD5CD32C0860CA83CD4B7993A175F422A8149B1C1D94C1145059D9C78A8A572A90B7C8B1E3392FF77A80C50220880FF3669004E90F101740D2B808181455A044904674E7482CC3EC85C4BCE339404C0B0BF6A5611E4F9B8157BAB6DE327EC9BFBA1B4557ECB609C1F45326499EFB90EE78F18
311
227F09E563C9E63D847EDB3B68EB9C39E95AC4F7ADCF7D87F6752BB6912040281E4A0D8A8314E80D60470999B8A51FB1488A66A9F3F81FFA61C83F4FA6969E472288FADFD61B005E0EA4284822E018911828E868614DA0C36E11F3A051070BF2F0840E35F200E2C0C80A776CC9E7E6841C0503D0EDF15ED9AFE527E798D23B
311
EE5F0604E58DFB7099D739BF0BA5D332EF29F1535995BDBD0DE681C4F71DFE6A7AC5A13554AE6910963E9ABC9A0DB5B202225545F5CFACC942B5B93C207352B6E5310BF349AF200175D7DFDF78F6D683B7C87E087FA9B35812C4F8F13452CED610A2207541E6D659A739441F3833CD0C9C3C3DC2B0712F62333C4FA9327C9C
311
A1124904B4FDE0FE21C119776CB0C212AAFBA5CAF80EB43772ADFE77CD9FA8A4144C54C2FB2304C65F62FC3678E4F6C68F30FEE1BE8383CE7DB86F58B1AE0C51F0F055E188D02F00911DDB0991832228B3172B3E623E513FF1734FF414A611A603163F401BEA790FC9FF7FC3FD3DB02DC00184145B850D01D120424DC03C00
311
FCEB7880EEEE939399F1F18DBD4AA54C939899304D913CC2D5CFBC55E50C7FBE4C0E14AEEF53D6843DFF56BE2D554637EA047D3C210E2C61077875FB5B40E19F43AB7470CAFE1C0D3ED3B3B4778D1DF6D4F837C08747180FE8394F2CA1E0A46B6DA62CE2B2DABEDE0B1924098580FC16B369730E9E90541D3730D47FDE16EE
311
1FFAD3419CDA05ED1F2715C607F2E81893AFC5936303F40EB776F1D808BDE393A3FA401E1C706E154C892860AD74A2949C409E28A8FB3349C764D13E4D1D3468952B7B1B35001BF41142CAD58D6011C8B78961EACAB66E9AFBC627673B61FFDA4167950A274145BF11EA17BA9AA60815C2C43AE1F648E3772E53C94E6364AF
311
826019E723069A8AA353A3BF7FB5359281700061FF64C28C10B9AF0B70B0B0D30A31CD1CFD22F68C76DA1E44558869257892363C091D313EFA46B57C3BEB252E9C6BF5B4799EC58F1910F469E25AA17B343799DB3E33CF410061F96C6D63FA91B1000CEBB7D2971BDD39A2A76361E000F5DBC1688D47CB812DD60F8001AF25
311
B328D173A9E4BAC18CE9F1F628704330741B2649B92E9714447C68559C6CD2F681919367E4811100750058809D0230C087A89FF3C80C23C4C60882E481F48D531764BABD5CCECA308DE2F63D3BB50373D630796126803C2D1FBAC148F7592881B395ED7D26B7DD38D7096AF98841CB37592561D9C6565317AFBE9FC4AF7371
311
E060736C7635E0CBA1809FC80F544DBAA1F2F9393D970D44C0615A0C6930E758B9E63AE690F73045F0C8C0731DE9CD80F718E94652383458799E02C06D328010011C7090D8C5E5336A83D4059953877EA1E1D66FBE994F04608C4C991917230FB61F9AEE183A40AB9108D032449FD1A7283DD25ED15360EF7EA9303EDDC004
311
3403531EDEAB10DFF87F5E2FD56DF0F1B701A9F614DB17FA0E0EDF6FD0B1622A81FA3D1DE5A33F551930335C353A87F9AB05C60455193448246944A232C5D07636D864CDD7A50D0B4440CDCC465D1C418321F50E1648D500294065D869559EF3C40C8FCC6C323E989AD0F0C73142480B200842802C061008B480A9954AF282
311
052B3AF67350FD0DD30D1F4075AC303A5D490250F5400ACF479656861E4C77AFF327F3EBECA4B57B6B6C8FF62602BF150744656A87DABD7BC6BED50527B2120C001A0B3718C74F0C65CD34F275164D7968148DDF259AB8AD6CA81CDA4E8819509B996A7F642D987A401A2B04018C01E6C169A8700F9DE3B489DB2BC49C9B7B
311
858A4F50D22AE15428FCA4A1EDB20C83492690CFE361CC7F8C8066FFD0D77AEE797977F468A36E0B0DFC87F90EE6348BC748F7CB73B5B9DD5C6EE7AB19ADBF6DF359F1DC2A0F9E44F213F8041F64274C0859A2AB7C37440FEDDD2F95BE44065F22067E3EA0CC3BD8C0D8194EAB291CCEE20B9CD8E02950AD806080047A279F
311
19024C837C848816719AC4A34DF8F0706CED904E8185753A458A27E4C1E37B5F30A104932BE140E0BF4E400160F320B054A8705042FFC47B4940810173F9C9E97240C7FCC3F3813EA239B745DE9F1B1F3FC2F9330374DBD1A7B475923F9A2ED81716D18D1B577DAAB9D1A0458655AD3CA7E211867AE7C702DCACCD291E0F79
311
8013DC01BC326087775C0833E04EA3778FBCB8DA4687A0255CA0AD210C15661E4E92001A4449031D1DD27D327334BE830B64DAD90CBF537A45FBD4E94A7A88888E715B7E74FCD040E818BDC1BF5AC609CCCC015DED23877080FCDC47BD8EF3A7B783A17D33F3ADEB6D6BC7AD75EA7C7852C5B6FDADA6AFEFC2D181C03F8C40
311
DD8A4AB5024F0B72E34B57BC1182472DC80946789AFB711DB7F1193C03C893B0345F420246114D3EA71D04FBA731C0DAB0D3CD311B218F0D5A15ECC105D02F3AC32F13600084731A83220040019B03180634B5923D438300B05BAC80881F061095FED5D572A3323ABD83F1D37A2301A8C930AB3F66ADF7CBEFED30BAAD7D78
311
A06DEB6A87F15491F5AB7E25842B6B34BEFC12C8A159F187C64B3CBD2356DE5FBAB98BBE9583F0E3280C0076DA15BF34C15238145742B07080B1EFB83382F9FEF2239D003541041083C5AF9EF3C8944DC2030BC3ADEDDD9D27475800693049E05413BFB3FEB4308731512F13400D06F813368A0101D8D863EB3E75FCCADED1
311
24F532AD3F123F131AB46A93DF1ECE7F96CE9EB6C365C6D6A07EEC461FC919FE288AF7AE1A7D012D291EB073735FF26BBB1C99FB706E972192819B7A34BF22424BEA1CC7958AC2E04BFC8E02DB90A4A1DD04811ACDBC181037864672C78F6C0EC3073A40CC49D5E813593B7002763BC6A909D31AC86F3F6E335C9E1C309BC5
311
8F16418642E2AF6B290A34FEDC0CFEE08FCA0F56700699CB73B9C99302AA17BD516D7F1FD755A2B32B3FBE7134D3BEC813195BD355020A7DBB541539CD2C06E45F46FC0EE08293E6C0E1972176D9B678340AA1A4823404EF79B1E2347E47C35D0A2260730E0B513025DC0BD1C07E3366E9B9D17F767405FB53107070003561
311
8606F0B40C73C974CFD321B0C174A80C0F3AA54945FFEF348F5488895713E89B5C98DA501E06D8D24FF04FF0CD7ECD7BAA755A854EC6A180AD13BE094E8D5D63BFD6DFA5F5D3E4DB1BA18FD8473DC6E17FFC9832B71A2A94D96E808BB53F9192955D62C82E282B05168AA0927D54AB20A20A74800B7CC9655C8B15F62377CA
311
4C91641F9F4D0478F4FEFDCE273A002CC0A725EC165CE3A149F0333E8E9600B2C05A7D15FD831F0938DBE5D0FF13E3C0F0765965A0961C3FA86DEEB0E28304747BFBA5FCDEE44C23544F7BB7BF7A132DDE34F99E44EC3FEEAE92F667A10F7E90B0E8C6442DF5A5318B0F816311DB2E6DC6F172C363FC800EE09186BB9EC82A
311
24C0117700CD884AA42023B81EA6E0CF8B3056411110D78606EBC5AD5417B45BCC8E61EA01C4006AC233933E35D860BC1B6CB9C9CCCE7840D2E0C1C1FFC11CCE54D59300F2B47D66A10F09D8E24B71B9BDDF98FB62A3B897C53EC88D16D1FFE8C649B17BB8E760EB20B784F52F992544753F2CBF642CD3C9C70D8722C19714
311
2C567E74FB431EE248A8F3FC00377F5142144A82FFC28AC2970A780C85A7EE9146FA4B2981F3C93BCB0F3FBCB6DD3DE69C72B6073B99140DE28B8E919D9D9E7C2F5FA99FC1FFD07E9AC0965CDAEA0A945FADE52C791EA989E8E7A21A355FB37E44405D171B98A6E946DB26AE71DBD01FEF07FD378F5B4B518724481820890E
311
7486E3FCE61A60E096D577701890EE07CA5D7F2B086040749FCEF3F81972E510A86359C9BB579883035887542090614E5C4461705D7CA1CF84DB564838606CF1597E8119790D021080C935A908324EDE9F60A04B7830A33F0670CB08605B8D01BF9A3D435693FAB4FD84EF6754930640C1F9D74B052A7ABBA9F502B39DA3BF
311
6BC7514EA4BEC71D752BFDC198EDA8DFE8F32B3EF811E4576B0A2074B99B070A069F60173E7427BDF285024E35A4418B7A412914F2800F1965C4F1120A2D5D2C64400563D5942044807BE7C738EBF3034C4A6F4D70C04ED1F97673C039FABC4CFF18866E08200BB66BDC9CCDCC3FFD1E43BEFC52C317F0F5E64900FBFCDA4D
311
EE68768FFF46350E0EDADB7B34DBBEDE3776BC55599AF84E312229F931E700D04478D66A0D88D09B2276141AF0F8811C5F8067DC04C0F90929F7F1AC9CCD368488AFB965C97B855A3E2E93AE5B4866502E55991B82D4388614F2C36B8484A5FA06E3EFFA984A6AF17D5C2073299D9F12FD63826F67FC460E54030981684E9F
311
BFC22009A3006962285FDF4FC84B699FB5BEF3736C6072F6844C15EDF25883037DE6BB7AFAD6AE164B367812FA8CFCA6FA25725D99AEC5C6EDEEC64ADDA2BE0056002032E1D7A20A54CF444E360D520A5B69816C0A953CE0434A8A898BF18E2B704588C01BDB2133342F5404FEE698957C200EF54E31BE6DF4E888C9C67F5F
311
3F1B41F922777E7FA6332677C20098C59F762F5DFE4A23F9801A3BB6F8A4F66E0D40EC867E92DEFCE84C714FC7CE8DD3DD3BDBF9C781B1C3B549FAD2C89D711808CAB100E09700BB85240374A7209212F320CA577222A7020E7824500179FC7096C714884BDFD9499E027ABEB3CB0226CD293CAE6E0C41A6788F396606A073
311
E28CBE5CC67D584D36CA39D37974FE1023253E3FFB007A26F657FFC901D851130DDC2BF54884F20D5D40A0B7E5C7BCC7CC87B84F2ED820192CCE1AABA1FF24ADBE1D03635B5B3B53D4A5F84120125FADC36A0E792D3AD7E255792CD5241A4C84171F1104090017DA493D0A7790A7BDE6DF326180398E4B0DEADA5C2763825E
311
43E05C388E184678C88CE6422606C017F030366981353DF03A753DBF6370879F79889DD0BF75408724DB53C5B0063AB6568D02DC47AE4627B58D7E367A6000267E7840C23A0940B992DB98ED1C4731B4FB4DCFB6D3EAFB6CAC7646F0335C5031888CD74E2103380260AD47176D703960230370FBBF28813524C17FFFBD6288
311
BB28E4F905ADB4A788B40B4A6201C1878BED224DE9906C4C79EF32EE679B9F5D3B5DFA137327320643909A823F62106CB8F9BFE4BFEAFF0FC7A6393EC7F64A698EFF8ACE31BA05ECE6DAB6DF124118D1D13F892F3D3530602E3F3ED3D59DFB821ECFA3D9AE85B1ADAB9E328DE738BF55D5DFD039445AE76D0194180F57B15B
311
EE5F09C07F952F9A10372BC894CF7DA12CF6507E2A8916E0DF430C519485C55D61EFE209912D8C32866214E121611E22A0B1238DB18E86636A3BFAFD5B4EE02FF1E505F902BDF424D0516907BFC95EF3A76B6B3872769D67E25B548F0DA46E2B93DFDFD5F2B9E9EEE1EE1DCC7FBE6380DFBF38A165CAC73DF912AD76A4690D
311
2B766A3EB4AFA2D05BE543EA20B095FB17AE3F1928D84482049B659E671A4763CFA567C08824913D37F2F92F841FC244085C1681225C04AD6DE1684831682CE0D6096B56101C0D4FB3A1BD3F11FC1105AECF5660BD3FEEDF162B0D9DEC6DB55AF27FC98050BDDEDFF63ED14B01336053A19DE9AEF5F5D9E9D9F9E19ECDADCD
311
497BCC57681922F327EB41FF681E17C1921B04FBAE371AC69E53F98183E91B84897A5DB164158BD1D12FF6F6BEF0E02847727BF2628F9FD48B6FB11DF6928C868B29590A0606F92140D0C08850DAA7DD8A5FE8A50389F61288AEB743E9C801BB67DBE0A7F64F63BC87770FDF57AA73FE1F5A84F8DD3AADDFC32087FBC0A7D6
311
45C327B97D65E7A8BBA76DFD9BCEE1B1CDE3F5F7CE4E6DF4013ECD7CB60BD1239E8A4E9A5722AD9C4FAC8F7FF17B214AF8801950430639A08E3ABD05A0D94E253BD5951C885B0CE750309070555FF21F2EF83FF53F4E15038B8D8A244740A5C9CBC120043DA0B323FB1DA0A4EDA268C05A304619505000BE10415DE898809D
311
B6B66896E60AE347ED3D6DC707CB7D5B5BC374A158EDC343D0EA61C217D4878CBBDC1D85686782C3CF4272E7DCFB5E9EF628F5A95AC1AC0C6848F5771329EF8DF2BB79EFEDEC8DBEC72EB7F245287FD4B31008AB38EA4D52F2BF57167159E3004CD8950E217DDD6F699FC763E9D1A0AECC701F7BD4430A3E030374066938F8
311
83C01DE40E7DAFD609345E33570F4CE6BE467FBD7F793B5AF2A9D331D86DBA7BF98067918F9FCDD609A0384B523F4413B574B818C6889FAEFC5E7B8F90CEFD62BC2C85B2478D54DD076635BE434FCADE68B3ECF1C8708E27863DBEC352D87BCC7A92A8E135700CDE65BC114026DE5DB68275E656D2C0D4087293D43BB4C9C1
311
4EA83C0D806783B40DD7CD4F19EE9F33801F55A3F1FD600017A6CD5DE607783D5F74E34680E7DAB98D99F6E5B5ABC7F7DF19D8278322F6A97FDB2FADE1539BD945DDF868EE2B8B70D9EDAA45D1BB0A5801198CF1DA891540474745BF0317F8A3703E02510AE94B084221F887FE950272D62D4232781054A87C58D015CD45EB
311
F9B70E60820A2056E9D4D619E8494BBFA68B61EBDD8CF52CCBA124BACD4A4077E8420A7F36FCDAF661E577B792A7E1B7E337C7CF1FDEBB3B49F501F3C7366C1730E793F51FA20A9C3D2E9F18E63DC277449054CEADA36DA0807467D45F8A744E1BDED725A033868703F1392BBE221158220588F30574A0B0893D0515B0B7C4
311
04AD0E7F40C11D504C49BD7DA39A85A19CD7357DFC966E5D92272FF06D59CA5A6A1C8AE30E52F1247C1F1D78F81887F9F3E387075B170F9F5EEE4A7F5BFC69DF02FD8795FCFFAB472E7C88D563DA514861B85BD41594A75F5E866BE69471110A9F75C8609C7E6BF6C7C727431EE3E9E3773D2378C25226E82C08104A57ED27
311
3FE0921D6990E02B006BD038263BA360355E8DC446A380F0BA35FA9945A80CF60DFD54054202F91897C241C147D59F8E0FC67CD0F2BF377A3463F8BBBABCFBD6833C57E214AC3F5AE9C2FDE88852968F20337972C7E04EE5658223008AE82D93BC37D8DDD900BD6B16EF221F0D4149045D740A8A215D4FC186C658E01994B8
311
CCD317465828704BB630DA2243B3B4ADD3EA554A97408454148C04A1A0CAAC2E04033C04073851F54380E0BF2DFFA43FAD3D6B574F2E1E5EF6E5F4FEFBD1CA87C161FCBCF5C7AAE2F726F814027BAE10F79BC3D765D61D1803952210A9AA07F8C6BB2105B61145B324F96014EF223D4A9261080239F03FF6F4DD4975C183B8
311
87E081F7A467A25EAA0C94028FEB808637768B07400A8235D4EF33143253198900E079E3FACB0C59B00F827A5785A6FFE2FCF0C0E6F1714F11CDE5140D931D707950631F3DE877F300002000494441540ADFB08704E252AADE1BD4E8DF55796A32B9B6F17737C67702E5C638682737286CB0E0A89B624D5BF28222432848C9
311
AB8C07170C97B814FF492A61072407D638006F7C8400860444C01B1930A522788045633DFA9507267A3A42BA05925BAD705CDD3792FA23C1075C6EE768A673919EB6C3FCFE7629B7310AA794CC9C0D14A1FB88F95C845BF22543F57996E0B26C9E4C2ADF187F979F8A55F11B47BC26594C52588518D25E6C2B1CCED231EA1B
311
748F093E5726A21A54C91EF95789041030C20FD5AD68613432E19A4D0DA2505B6BD843516E10BB00AF9AC315EE9FDB39CC1F9EA59CD88F9CD071D470C86C4647FDEDDBB1CDAB81DA94034747A779F4CED497CFF817348F69F52E55490840E48840BA72DB71F3E84F6DA2F4717AA928F153DA6E4C7E8E00363CEC9A2E1C8E65
311
F298FC4A52F087FCDEE5CBA38A80CBE11FF7BC2AFF249203FFAB77A128A001B1987BD334AD9B901890A8C2005B6B248196AD09C0025ED841325B31845032E327C531C839E66DBAB39566B631C2FF0A1DA5A3CC47E665AD8751B47CFE33899DF047C9F3C365E3B11278D49DF939298E09002F6430F9958803309827A7C79104
311
8CA070061B7E9A64C557D235F83EE24822E5EAB805F9862F20FC58F483DC0EF02181F572930205107E00E523861895A2811309808F2B6C14B2AA579E893753C155D2F54302007E9FF36AC5FEDBCAD47E182D91A73920CFA5C18E01F8FFF4C3F1FF553BCAD0E58DEF85DD63B91BE38ECE1A9FFC4AD4A1FBA30D462C328C5A03
311
40DFD393D3D3D3C0659195C96990F391EFF4175213BC74C020922D4830FE215E76940962BC0713A3B82784C0CB6623DC40D6E1485BAD454F6892200B225096127FBD82D2B12006BAE2E329C771E25FEBC0DAB3B5395289D56D7A8A89081B34EE06F80F819EFE75C67DEEE95D227E283FE98A7B9F1C97D2D05B4D07A469153C
311
3DA3048EA68FA667A6D90E291C7D7E2D063E4D044964D055F2DBF3E31BB851AE9F78A0A7314F0AD24901F581D74A6929142039C65AF5830D1C809536CDC05E4BA51038F79D713DA930CF18BA3010E385351CF47F74D439BCBC793556A1F99814926AF12835E251C59BEA3C083EC2B2760FEBDF4304C9EB87B35769E1EB24B6
311
48542CFA4EBA9EF93CD42F03C08F249A2C98897D8E2225E90077823F4A52171A61219998CED6FA050992B6B0A74A2220ED12123004FB977084208F8E2AFC80F456CB110BCA647A3A0F854085D84FE0052BE31FFE7F925610BAFEC06FC33F9931BF063F39DB3D1BB20EE357F594045F4226131578582CB055A59A073AE04139
311
89D215019B6EB8A21CF154D71164E0D8F4E730C2CD382D098DA5261456A425643686BC8301710F2C50665881399156AA2B4C3191BC555728384800CE10040F746A3D8A80A5F0E500A93456FEC52833BBB45203DACCA37FE1D3EE4B9BF0EC27ED47D89B8266F11EA2DB8B5A8BB93EAEDF0C06B7AD0402B9EAC6E787365535AF
311
19F15158308A9D9785C1BC1C01377F8C6B4D07B50DAD25649764A91DC9812C7B34CA98184084F7C01055466B48058CD44085AF26648520C85C41C67805462D8425680425559F4440F3ABBE1F3F81B1EC72708767DDC8FFB6465796C8FE310FEABE0C9B242A74137EC3E0427091967023299BE5D6D4D0C6D15747DC2AEA4ECC
311
57C72856E827D33CBD319D70FF854369EB841282F84B7CA4881447ACFCB257E252E00FBB3272120A75B99119840858486615636E0E0334031AAA8C08A62E080053A0AAA4158431EC727A084021D41CF5D630C94184F6FE7432E8F5F9A4FCDF3EA7CF136FC2988093F98ED622E38E4976E1BF0CF49D2889E6DF3566719FE1F9
311
B47A2D3BF89C69155DCF24F88C609EE551160F0415900B4C48FB013D8900A9192A700748002924771A3686A0A580FE4009E00ACC090253E280B90AC15048E047020483A038A60ED232831F2CC90498648690D960C48E439F18F4DDBEB0B6F5AC7B7B89F6230243B4FA160A7B9327F3AD5D937C8BFFE5FF8B3A5E64283BEF8E
311
AB9F71159514CFED62DBC880614AA1F7994CCFAE7D8C87057F451733699B8DF87056E1F0654B5021E38097E4E23221B810DE20559AD183A61C2C88A648DB096081E9801CA00BC1DA0124E08DAAC15FD2936905CA8DA1C40E42B13F1764E0C4015EAD7F8BFEC99A310B1B7C0BCC7746D3C0702759C89EAD57122092122D1F85
311
7067684A578F1DAB7EAC400841F493A468113282FFE42316CC74C756B1C880FE78795C692813CF4644480EE9B02991BCA257A71861F00666D9410288487618D120D0E80D7773E2B7DD180E100EC98B221C94BFC4FF531A09B986230F1CD08378A8E4D0FDD7D9B1BC75F5C12EAD7FF83F3ED19EB018620303C217A6A35D826E
311
72ABF2D8E2BB1B783F6E48D2E3F360806E1D192085D022103473A10375B63853EC54F500B5B064DBC20945B88160DCF7E4F83A0200BF6FAEAC88E9F54D22D898E43F378D20B51B5D6B1457000922202800DD401A9266483029C0D6D57ED80D42A0E6E08835F0F3AC73D7FAE6D56185F04FC44472B854EB7D9CBF7134DF3DDC
311
35A9F6B38417DD6F508B37C1A718B0D054124176F7222F62DFB327F34D451799D56216880193254FF782D7DDE26C271BF38C6E422E271CE4AB8823C9510F021126A7A944E00DB4031D013C88EA0746C96D4574069BD5439C4110403B40020C30B07A604F1E41D19C21A93FD9002DFC35F23B1E7B98E95E38387E3603FE7393
311
680410D702FF9ED5A3C5E5CE68B5827D721FA78F3A9A0C08A79722D9C9B418F46C0057BB1640C70AA4A03D29CECF33987596D53CFB27B32C3BE304C540E14BF8464E080918268D254838C91A01F0FFB99154FD8A9C0495EAA6534A6C464440B4A71E16100E7405088122A35F7A511DC003D002E6C8E7E15F6D1D2FD0901413
311
9EC11FDC89394621F77B9F88EB5A583C41E2FEDBC8F82334494C0BFA97FF3C3A34ADE60385B60E5A30CF036E5E75370BE3B83AE73B3B7DC0BB337DA0045299ED0C66681E4AE223D01B1BC3BD4C921E2005FEB5114739040758189BA8A320067B62A3995E4720055065AC2B4A8006BF8CFCC907C0063EACE41813C5F017065A
311
D46CFDC6FF1BFEE052932CA3478C8E5A6F25DC8503D40F61FC1B047E4DFFE8E84407C81F1AC7B5C79DA358551CD0D13785A9AEB38D6EB68A0A8087FC6543E7471082873CDCE5CBEA1EFC5CC0579469E225428E9A43D6A6000B4219DE52E8DF00A55F4BF5035960661C2DB88AC1F67C2890A93FC420193C8326409E7B595FBB
311
BA9AE1D1511B3F6D65B09AC10A71C2317201A603E88C56CC68C91279E83F5C147787EFE6C675F00941D23EF092920330982DF38C65EDFCA89DA98E8ADDECCD77CB86D85118F3DD9884820B1128010D02F1060F582871CC8FF42024C02239273A1CC3BF71E770DFB7E96081682803188118B50310BD620234F230B12711B063
311
E0F0490FCDA9248B580D3D3DE944A30CFCF2A1E0F6E59E8FBEA289CCCC943785BB8880ADA9C2FD70F6A13F5418444E3A669273C006C4B4EEEC067827539FFBEA9CFF04D84E7F170480037005AAC8829084329899F90B5E013927F8E646514B4824B01D11F72C012CEACD163B6358A4454A4221D06E68A71062520649BF9E91
311
27D0772D6E5EADED52FF216BC2FC513C7D3C5CC4C8AF009811826AE20203B076A2AA66D8D32E317DEE0EFC000FCE16D9E0BEB17C74AB009256C5D8AD1CBABBDA61402612C675FBD72D07E633B1A42F2421208CE01397560811204306617A5141706105C9F4984C459F2D0F6C392FA05BED808512B0B9A8A9FC6CED89640EA3
311
47D31F0DF76D3D9E61E800FE9F7601BE4C9614A1C58E6C839F13A12D0EB426DE6386B82369A9E6A7F1F9146EB578A2EF4289AA109B4F6CEFEC0463E0072A05CC9DEDEDFE08407B173B8AA65399C80B2911252E6290C82CC1B8909140C11B7AE161B42B93905045D017E00CED6D27AAA15F2C2179F1E83D411A7020B9408D20
311
2381E7E5DEE5A9E7E5CDE3B186433F488AC81554BEC09BC579018ADD1DCB3D9D70F02B14BF9159A4DA376225FE43DA224FED327941705DA582B2FD1BB5DC0540667B650BECDD1D5DDFB0C7F36DEE2B94F6EE2EE4E426F20A1174C31DF153321A24114C4FFF25E505475F6906D4149B21F1BD9D9DF7B059F8E0FD83323CB979
311
91FE80EE131A9003B81C491B218B1D42C0C0D593D9D548003839DC29A740298B0C23F0CE14BB167BD61989AEF0B985C8FAC8F923A73F31953989F0F6C96CA6C4D0A9A88184BEDBBBDA3BBADE77CD8E2FFEDEEF46184A86671D7DDC51417477BE9F04804F305AC82C2D018A21EA903866A0F959FBD4139916D036635EE03DDB
311
7408BCF0627A03027AD314C09B0A27F0A79490D53839D0DAF1416995CAB24101FA63F75029D57A4CBBA9FB4D120ADB17FB5A999FC9420DFE04FA670430B90FE7F589F7FE8D50A4B5F004CE5F07EB4EA007F8AEAE8E8EF7DB3BE2F81F42166C7246FA9E62D02C8209BA1024414C483498B50229FD923F2414040B2081390AAC
311
353B5283EADA12A30B1080866D746B9ABF5BC107F33C2A015B275480759334B83AB02175EFD0DEC785DFC505E0064F4EBA5A97073A74C5C9FEC97BD25D819E28AEE661FD2732B8BBFB1BF13441B3C1F45E8AC1752BBF80C113DE960E0AC7D9D02C58C80505A19BA0E84B14402601A590A4AE00A825E98C3212342302EE10FC
311
5100681F86834A2804BC409D70270A2091DCE874B16BE0706C974EB3D26EFEDFFCA6C4579AA4DB781708469F055532A7046C6BEB0CF39F3ED2EC4FBCA3D00EA91CA68FD2B87B5C191E0EB2C300F00A1C9881F263571C6CFD83D079D09F176FAD839340CF030F70458F81F09AEE1329505150CA0A00576B56C06D58070B2308
311
6F685E44232D9D53DE3FC3731044F286D19F459351863F749F1104198D6E14BBC68E17CAE70D7AFD958E350BEBBC70C9C4DFBA075240DA27D40AD7DB063A097DD3F041EDB3E4B682A7A12A548F3393DB01945547175879989302521EEB1431B08759B632B174E0F700E774FCA1BB83F95029ED1A084288C8893520E49415E0
311
0DA080AE8027C34206D35491D050A4C6B080F6A20889A2FF82379AB6234F6710C05F9080ADF002B9C9F9C583AB220F45D618D7E7F7547FB27CED8A8B7A7D24EDA4988B0C1C2A1AFB53FDC61BF3DE50D63C560F0120B0372F0839DDDAF13E583B868717C1CB8CC71D1D7F440CC82184803144196EFD58BBE00B7EE77DE8C015
311
942357FB06FC906A5E2B8882CCF9FFE184B0035A5CF186A962A63F84B3AAEE3D5A2C830008807568B6A9F424086D2095A3E262DBF124350082C4B5DF4704A9D2C93553DE47BD6766B69349610716999FA25854F759CA9792599D3837ACF6247CE8597B0F960FA3EC45B61715050260C5844FCCFEC9666BC71F875B17E3BCB4
311
CB151405D7D08F846B4CB952248B4603CC402B609E90F0044A007FA800EC46D07A51232B00E5683C55D5096E1374DA4FCBBDE2C25A5B8D26008227CA7758033D7D70DF12CAF7F247939F93F1CC63047D63ADA0B7CC8771B234D8095FCDB577B586D1834062035670E204B245EC093FCBE15626C10D210CB38A13F50E10A0D5
311
C0814B0C4B30AA9858516001669002229618F100767AA3D6D2528595FE7A398C2D2300ED0013A0AE60B91644A057327BD3C36BEBF48C91279B45F8BD145494674AFB211A91977CB838DF35DCB3D6D6AA2FB2784B591ED785DFD7DB77747DAC9D2F7674810EFC2895F9ED8007EC7885101679C06F21E4B1C8A6120956F80518
311
D1DAF1717BEBFB5803E20C6F2A11B2E48AFF4AD2810A70054623E341B3D1ACD92DA91150DE631EEB2C28882D092049C0DD38E262A7BD6F98549930C9D44B7C37028AEA9F8C5628A2BEF5704C0DCB2B428181B1BE766F43014498D2E57791E4C8DA6BD2ABF5003F0C40202E2E32EDFB02852D16C30B7F646B98FDF86C789169
311
0043128B0A0DE6B4EA27F08C30CA34C9D0AA0852A5997F8D11A6EE84E040B20472020256F4AFEBBB74E6705A12083B249089218E6452C8E5A69717E904A3F5EF3D5D08EC1F4D4E85086B238CFFC11AB9AE972CB775616C6D1DE04DDF073B4DE3747C41FBAE6072901CAD0237100670C5A00C2C3CE063610ED824826C1F6650
311
700E88C00B62468903A0D71D3A390255AD7040048348C56C4647413C2C2561216E0C469203EF06A5B101AD40D0E207F78B124747DB5B4BBB4E88B1C373C114E0470B345156EDDBCE1B4DBDF81DBC400746B0B54E05F693707B89A5E430982C2AC7D10DFF11D5B102B9505034B35D07E8E5F585757F088B390F2D4C85CF7218
311
E8418BB4F25B885053D07D5A908326809F31D6CC6B77CC948413B28664484439D118DBAC27DB5AC40C1AD166F25E6A2F0AE82100C0BF220405323E1FF80DFC518CACA8DE1003F3C9FAE9C7B2D60703A0004F8EAEAD2DE0F5485452D15B77B4B67F4C2403B8D8F9C533558ADE058A9E177A1698F75DC0EB4C800F74C0270178
311
C8579C1FACD025F0560844502D2BBC01E620030CB93636C1041636A693949CD80139FD15BE107F905590A292840F8860706D07E2970A2F15E5B13B87C3143CB2930374CC46A6F9B9D7A5CCCC14E11B9E879A49FBE27ADBD6DA82410FBB94FAA8487D61B51F4BE0A03FD08743C31020D6628ED20305A22C2C2FAFA7ED1E7881
311
C438AA5B9035F20759E243C51F34D0D5F02F11403B9E204CC1686C0B6C9000470561519CBE1B0E4FBEAB37A39EE4B84C05F023858779341991F36D9D9F351E7BB3B5ADF00148D9D05784F9AD8B037D48C01BFA83D4247F03BB768BEEF973A14E610090D4B96B1EEC5C5E66928F28EBEB6CF578B067DD83086081579848E60D
311
FC7684044D8174993C39F886043481F6A2B743B18749E52447CD4D230513032D20D20206E536E15BCF7B7D211634F98FF9986287F33F9A94615A5A0A7CACF8DF5DCC1AC6EF9AF1945EB78E0A2FED1DA2ACC00EF983F9A012260BD722EF61C9DBCDD8719703ECF839029010CA0B9F100B1D2842153E01A1A3837AB579516A31
311
982FD2908A09100DAE591016CBCD4B011A2F4DE299E1338CE065DC4841BF9895D8C81714800CD08F5AD39601BC929B55D291F6CDCEF2AB40DD5D98F4E6F107C47AEE4A09A079C05316F479DAF4C2BAB83221BCC0CE23FE3D3D4C7BC9AB673D89A3677D6020F6E182332028012FA0FBE0B2668FB85485902A8E7FA0BA2105C2
311
13E20BC2169211A4BABA7D693C3F1DA961F203694853137073AD5CD25F1C017DE0477626D7BA55B88F83B5EE513C41D814639FD1BF759171F4577D3CAB0C3DFF68B2D3B1F8478C18F67BEBB2598FA76A4545E9E961BACF657E0791D2373030E0EC9FAEDD17BEA7703A738185D08236C407448A4CB504CBF01FF43859D31154
311
88EA01B55078000DF085911805790DE1B41B6F8CB2889C3834FE02AFE07D85143C6C008438A944EA63E047023A7EF37E13B0903AFEA7BBAB9579330FAFDAACD540022980B65A75FBA17D388F1E6576405CCE7032D95BDA420E7DC0EFA320879E5F8B3B04C1D2D9C1114210C19FCC49DC6A855E12010184DB8968109ED016E4
311
683CD552A36B3AFA13BFC2114068935A7E774CD2C7225642B73325938052D8634ABC18DC9442BF9E0402E85B42F9F3273672DA8E8F1070405D1DC3248487574CD98092B8B956E6AFE1566530B78FAE05B4A0DE51FBAF85DD075C7E11939F80E015A58D1F87E400CFFD2306C4D1D3C634380A201545A92BE01F445800BE1230
311
2AB477BD6F62600D211232EB061448A0D2B877BB940D63D059C37E0569A83DE93E214F4BD86209FF6F479C640AFF8AF6D1BFD987D029A94DB7C329B4184D4BB013BF912FB88FEEF913071A8D82B651BC10DB067A7EC52FE1B421883144C00F64FA23A11CF708BF16CA59F18D4C04B8085964B2D8DA4A855187000BE440BC81
311
6FFB13374640B0EB1D0998AF38A1AEF503F14302E2811081FC12EA6CD38A63B33035125F40F170C0B0AA45E9FCA38FC6D688D48563B5C4B4B7C359D3C7AE0EFB16ACD5E2FAA47EF8307044B4EBE1C71E84E742D81431FB06B90B600B9C239E277A57C94C427EE10E7826980C0136600D916A06058CBE8604DB4D314FBC014E
311
DAACD0820F14BF75449B70339490FE5A0491221BF95F949DF1235380E969AABDBE2D32EB4403D3FDF17F42F9A0A7C28ED75BE86BDB7C7EC80C76F86B8800F77B305EB88F00A4352E0F8089EF811EA02A3DF08F7DA008F803BE4B4EF5F41E56087099E920708C3D720916444440FDFA013D4E1201414123A09290F5BD7AB729
311
298209C4306D007BB0829FD4EC3A6D7E4F00B67DF38CA0764F832F0448E58439B952CB4F70DF964AFA74CCFDBABBDF273E2FF4F56D3DBFF2A78D42FFF2755DF307066497F44062AADFC0CC546F6DCCFECECFA232E14F408F05477D311B683A35BC245FCF8A5CD2AF20022C21022266905A5BCC8B20235D6FF04019CC04058A
311
C80023662E25F342063165956320BE50370F2A657BACC817DDA3DDD3EFE04028645780A768FE38DBA88BF2EF3ADADFC7FEACA952E5A77568ECF0C971DF32BF1D24F8486B22A649EC81B1B60315CBEFC026091CA45F858D7D04C1B437079431E63E38F880758842E780A9E03791C0FAAFE10012588C3C592FE35461A6047802
311
BA18686887023A422A49599399893103942CF6DA53A8E387825FA0678B261F139F801E2B17C901D0F5217E07AC2401A87D0480F753FBED44FE949C93A1D042B879FCE499B3D861AEB23F9C1F372F0C24D0B7D6E70FE1AAF60F84BAE642D82F0A9F53E22783915518494FDBC0AFAE7DA282E5050B703570E06319A015E00D69
311
3A6BEFFAE493941C3B08C13B96BD20D0115A9565701DC58568A3009DA13E965765C03091F0FF339F7309D44F6E61F837F1B1FF920450EB8FC48F9B40158BE89C81A597CFB0DAF5F5755D3886DC13D4479599B583758CBF35663AA234F133F91D3BCCFCE0A794367F385C59B19431780F1C099131384056616E15A1563B5002
311
1D369C593FB292685A68A8B2A50A0A2085CF05434617E05FC24A6B077B990014421A68401AC4D65788EE25F737EB780D08A6E38F060F2ABD889E1B889C44852C2FF368C1E3E710D73B6589EA83F7417B341ADA1F639A23D15298F087AD0326410E116C3A1B325218433C71AE62C07C1480F1C045629724A076A4BB8D622D24
311
690486727F56108D07046DAB065000678E04C4F8C342DE27F4AC102D854F2D08D59B4ED0E4F697B0FF62F113646BC5B7F3131D4EA8BF8B265EA3F2026E7061B96F6DF3D993276B2180B8E57067587428579460551049049B074CF8B1066C7E14C705F0B39298C0997C17F701097023BAC31081390196801FB0C2A123800429
311
27503D5A01CA127F9841B460310639C674BC8CDF1A320501448E0068905B07F6E5602F8C1F07786253438CEC51AE61FDB25FF71B09893AC026A9EAE3F30F369F5D5EAEA5801FBAD3C98B38C13EE017B054F81A56F05259DBDA64FE270B1FC4C77200FE276FE814B916E222575ED717A62A92956504605268408CFE13FD61F8
311
4252228376060206802B9550F00B9D47E6AF1022538A752CF4FFF1F5931384A9FF8700EDD4FFA2B93FCBFABB3EA6C607FF714B0B8B04EBBE83B52B246092AB018C0D0002FC490849F1E214AE6FC42009D6D86616C835B65DB9862EFC4480C14137603C3089D0A5588FA27E693DD184131BA4E88C35045ACEF1CDE1A82323C2
311
0B842F2419604821196EE8185BC834AD44F8E9B7549A32900196E9ECBBE20FFB4706861AACADBBFD9B56A23FFD3AB8BFACC18B1B5AC0ECD7B6AE2E2E9CCD2BE8AF1B1BC3A813B94107E82DE67A42E7CC7D4A6116700B5B2EE3C338A09B840F07C40A64800D7C605AC42B72227C4C7020AB1F20056E26F542717F56534261DE
311
3766AC10A6ED2D006DD03BA9DBA507AE0510A8B385C92363B9154167F1230C40D76AF6F3BE0CA08F8BA2FFBBCEFB09D0986550E0F0EAE2F2780CDF850CB0F88CFC2815FE87BD83909F474F45DD47F1C821DB2107A8817FD45384F57891B65F2543D0C1E20A89B4A8DF806862AC27C60F6A054627FD344250718AC0FA21CDC4
311
E28DBF2650D1B39D8B8A420C348A4F846E2BE824BF8C45E1DB8EEB52F576F47A75FF95F90FCE0FD3A7A08D48D5B9AFBE3EA658E1676FE3372FB57F0AD8D70ED4AEBA3D4C2BE0AAF1C3AD63A6004D12900CFC481A47430C9EACB390038642C8C41B13303166614210592736B8603AD4FAB17189DBB32F3915F0C380795A089A
311
15228460BDE8E52203527D41B5470901B088D84FF8B3FE2BA7F4FD30ACAB3DE0B7E2FF95807AB0010FFDE3A048F7360F9F3FB9380EE537F16F8673131325D3351A3F664022020811A0FE8C019CA17370725CBFF64132025DA1BE2555102212E80A907FB43ED80A991A8AAC183932C19AE17524B06590B6AD286EB99BAD18FF
311
4BD64BAB519202F992A963648ED30E7521F909F090C0213E367A77D8836BEB6F34D92EDA624183070248351F1A079E5D3E7A9EE81F2CE6678F92E299EE312B6C0572C0A7B5EEE07853612403813152C7125E2022A20C18F855DBAFA399817FC97FB6E1CDCA31D348434ACD0012F0D32A5456B4007E6E92D72B1A4E9971223A
311
42C1042819E4049C0C5801300C0013FA48F8944FBAE71DAFC27F1826FA2304ECDF3F6C10FF47D5C7E49748DDD687DE8E91C09394EE0682A4F84CFD6067EEDF43E67EA46CB2F4070160439245F00343D03BF25D7E2F26FC400A896DBF19FB8D4D0A66DA669C3D608F9CD048A0533621B25690EE19D5D15248E390F042B12C68
311
2511B02BFE3E5700E4C9A9B2107A8F45248FA48234FD23005ED1F4EFE80D1320836F04003BF42856D478D1DCA3ABEEE3C68F9F30C3A16E5C238EA5DE3FF37DACC2F8B7980033F47FAC34421EF0418A045394802CE032D61C70023D788136788613887C0011A4EA316E005718AE191F8D0D841B9C679CD2FC478442D0054291
311
66F5A24403B1E6ACF3298F388B6D0BA933D92339D48969A5C11F09B4FF017A9900A4F887010C474717E10F36468032FF33F4AD610517777104CD920C3CD15FC5F3B3A0C75BBCA3B00F2724863C10BCD4A0E00736C7981F2F72E4B001438B99714FCFAF713A2603BC710376A1715FC602022202E06FDEBBC680A3DF1C4C095A
311
12C50B554FE7623B50374FB2129DDEA4C392C9188077658C87F55FF92FFA507FF03FC8DFD3F31BDAB46DD51AEB03F7E1B38B8B87CFF47EA1479C3EBAD5C6B382C221C0F1B358B39D76D9D3142C4A20935F541E492E0EF081BA41B3620A8E172B584EA1485632E22A8221CEDAC6110AFA4B6D43E2B76A18AB240BB24337721C
311
9321D2C033B2D3E2641A55A400A28403C12D1DADE39AD23FC5FC08C47A64DC3FF6DFF76B5235124022D7E6D6D5F3CB870F9F31C96FE477FAFE54100068A3A87FA5908A2C08011CF31309C10025B089FEF9C510522B8DC07C30AA469841723A10C08E27F00F7FBC181C083F2809EC3B2B328E294AEAD5A071B3A95C81D2DE3F
311
930372D022C9C793535B92FDAD5426E90490C3C81D000017C6494441544698C416520C1C40C71FC204B22448FD9303782FBA67089A1A7D4CE38E89050FEF5F1E078A4DCCFADA058032C34C1CBC2E1202B1F8962B1A8024F0EB7A11F209E96FB369D4B64202FE7BA230AD24C46413536EAE955B341B726C593B5D4630C0BE82
311
2480908522B0D85430230352618DCD4F7BA6D568BF4343801480006658EA3EDCBFFA9702B4FDE9022163C43F9B72B58001A23FCE6F0B3FF0E4E1DDFB9801A6FC42FD0132CC1F2224F89933107AD30B6C9131A53818AE944BE25A70810821C38F098411980E46D108F483DC63F49B91B852351604091D60546702F58A3872A1
311
716411B642C7629C267E64E77719F46B0548FD6BFFFC86A38DBFADFCDF700228C124C8664FAA02BFB1F92B09800876FCE4F2D1C3FB4FD0A44E0106A8DB8079751CBF0BD9340066C3D52BC64706467C05B5A54401BE4A1B0132A55EAC1CCCB10D378A3DFEB9812022327745EF2102886A9142C812A1A2C9708027BB55B70063
311
57459F9C2080E0BC34489FC629510F3017B62D5073E2A2C64048A0A42580E413BA9E08274091A398EA80B5BF31C87BF5ECF8F1C5DDFB4F22AAC181F070AAFDDAE5650C4000516440D8806786D874215149E69ABEC43FF0EFC820FEA112B0522003C84BE03FB76623513B6D840820358B084119B0CEC8C00AE888826339A540
311
91F5FCA513AFE147975BB1A86FC50618D9D74502F0C7C8815AA306602FEE3A5E79E0D7DED1B221001118B73182CD439A092FF801105D1AA14E1918EC282F6260869D55108065988BD67F68E5581720A708051F7C8070F582389C682BE53F2AFD85853F2A013D21564028E06E79B7A71E43212180A81541EBC88F451E023851
311
00491AB0C4A3BC5309A95911E66D04C0B448366988ECD204C2FC930F8CEE8FA410EE4C25B58DD1B6EBAD83F6196670F7DE635282C0A56A851AB035831725F0471A10FE52097089C80495804100318405F0DFC2136004B4C40705EC9154315129205EC357930035688F61AC02188250CFA9A980233925F16A117A48CA54DAB6
311
400221976B75D863330942E20EE3B00B08FBB71AA813B0E502FD2B023DF70114E0D7DF2E2EEEDE7B789504200112075478F2FBD6897835C91F0C20782401E801A2F9142700B74805703426023A81CC0BE88B537D0003E0C5181D29EB8D83050964DD2580910A1E7A8138F76253DC01DC2F3824391AD748276C0B0CDF123666
311
25D038603D0003E0266CB42704C8CE7FA7F11B4D59C0BF454A78F8FCF1E50513715D469607031272358F04E0003C90107223A581218F10008B10247CD20D860FF0BF48801040B361808148714764028EAC137E871501EFDD97C89B52107FF1235B0928C562530082573CE137840EFEF82A0BDC602736C595912FBEC69E6A3A
311
26903B3A300C5A098A9E3F1810CDFFBA019D97B4E7A7A075850F2E92569BD960CA7B8304995FD006FC4213BB1448A6F4BFBB3A9F9FC4962D0A1369129B10073771FEDA38B1737B663A71C088D8848027FC3008DAC4E4397A6F76271DFFFCF77D6BD7F1F67DA51E0E08875A6BAFBD6BD7AE52CC04A0B4A2206F650EC412841A
311
48258258E8662C3838FBE21E25172C2A15A4F78D82DCF68A005DCF07047C183E1CE47731BBCCB5469D9169E0D588945BEB637E87802A03D88FB82486210D28FB3B858D13DC7CE75F5E6F3B03C1744D30CC58C7C7A256146853A05243060B850072A7010CA47CFBF9A1E24F414037B8781E8E9F219A774B36481CB43E48A798
311
19D638C8760D672FAC19FB9D3FC5EA9158DBD0159C27860409682E8FF2595652FE189D2CC2D7C023E944158355806FC320087CC74116030CC376C559C098B93A041C5DDA48AF33827D2327DC761D19C17CC62780D82A170E6CE7415A5E7FE825E053048F88D2AC2A561CA4D4C60098DA28EF1A01382772484698F60C8DD24B
311
F396EA76260542810A625978C03580A9CAB91D10249BE579B0377A3DD15749A45F24C4D81FF3D7D7996F6A1690288008C0FF6CC186DA9D5FC95BB09B1301004B016E707FDFED306A1BE8FA208828F00BF342186839839F1F6FA338DC5A0200FF383DE92614C03A4508DA18F4D85F9354F7E867AA77A42FF49BBE6757A1A745
311
4448D0BFC3C220714FE43A3D8F1547BE10F0BC5A05985AC3C28829A06FE24CD062700601F4AF12AF99099B08E7071DC4626A97C920C3FF96E190C9D1FD7CB6163E800D79E5F3F10A9306C02B799E80F1AB380E0571A584C0370A220C3125000B500900D96FEA40409F980E2083E4EDF4D8D2480AE5667222E020BCDAD4EF19
311
682120818FE18EC7FD6AAD67C03F7DF1955E697456F517AC4F24700C30171C67E9168B109A4F60AFA60F98BE30941BF776DBC7C70792A2FBE98AAA97224F8BEA39B47BFD14A8CD03320DA2B676E3AA397E652E30A42CE2987B7DA1EF7F75242413800A04C0270C62A13372400B435ACD84B8B5009208F5AC73EB149FFF3508
311
E21C2201E0338BE07E50EB47E7FF6D97724A601028C5519073E7978EC88834410450E074DD58AD13A4900103A6444A9CB99103229F0EF8C0C78161EBC68137240734CDCFC349807851E0EB46CE864D2E405ED341B71A390CF2DE20CF5193189E1901E866D0230409684B193D17E2928534D04240937D3C84477494FC5E0FE0
311
B448E35AFC19007926C1C6A6E622FDB8A12E30993C6710E070397C4B26304C0AE38218D19F01FFB15BAE1C0E7E74DF75F2406E373C414E848FF8E500EFAF3C1029C9C0ADAB2313A7426CA9B2C1B9E30032C84EF31A09A88A386F136E8C2F1D582EA0459207015F10F1F001F0B1B7DF7222011EA2001F00BFD36BAEE0850928
311
B08C077030FE3806C880EAA74BCE0863A952812E6008B3A89199C1EE918AF96AF583F1A073B0A355B9D861AF1460DCFB3BFC6B7EFDC834B09700CBED3510E48DC7129041C991F06BA5006CA6B5B34EE21501374E8DFC910042036111EC9C7CFA1C05D48A7270F7F835BF04A4194DA4CF76CEC66718C84CD020D04C412AC848
311
F03E3C61A1C8D50D0EA6838A00376054D3DF61A0E393E1F8B058A6C994093476D601A4A06F0CFD3C0A6BFA910E75CC10400A80FDA93AC9B5EA4303F6C0D188B559086091CC5910137772E14F2376D03181B5CFE74C0EA38440D0AC256D6C4D104CE05302FCC00B60B9CD4D71E08BD40C144A025E60D4C1F45FE846A2105D71
311
7EEA84808A5DD90A168E133640311CF05DD870768683F5D2F1800F485AEBE5CABD8FFA3C0BEB33702493AEB551B1EB035EF5C8E5757FA7832141F88E8578A363802B560007AF93D7D470B478C4D00B412D634C9140C4F9275C00DCE8DFE3C7F8C0AFBC5B2CE82E3C3BDF393D4375D50C43CD1C17E3777CD2C170725B7B42B4
311
1DF15BFC344DAD089C1E9118522B4A2C60B794E4E8F33081BB7C8CFCEEA0B2015E49D586429C6C78646180B7710E06018A3082243C275F077FBE412C17DE80D3E6B9462C5204C5D980D1DF84A864401C483CD01B143F4A4868087A0F780F37230200A4FBF6AED325114C367C22512750A5C7C3E32D545CE20A0904183BA100
311
15DCAD89864B3E1EE97EBAE8B204266A48E010511838E2FE413FB116E60880C2D8440AC3880DDA6DF6618C138CF1CB2A09637E18D00F80CB0DC05322E31EADB8081C29410903F06BFCDF5AB46024E4A75828056440503C707856EF0C037623DD4922A400E8A6BD75E4D2800905F18450A00CEE88860C8964C7B3F90F56528B
311
A18F71CFBBBCD2D05797E168FC37DB26DBE0DD2EAEF39686C18440820013C1444055402A541400DD362A0A402F1FE51246404E098249FEE30708C10CA0B54601053159480C00BAA9B1223A773234FE72FD5C3BD81804D8D196FE3D5315A0C981D88D04FA01DFC185CA93F9120E1F480B08063364A0A318F08DF95056E4C91F
311
1150D31B011200383502E079EE43CC18603AE2F88FD139C802A739F208E88D06DC78267C448C27C4113C19B0F51B0E9C1C021CF8F9167C6B1F2E10E461002910105D1042792D1CA303F469714C018C23D72179E165049C40E801CB96CF334562E5807291D1E0C70FE6CAD91656715F0E5C5E70F8D7F83290549B1BAA6F781D
311
25180EBCA93EC84E72A74081CE3020789B3790E1A9E478E658C099BECFF01E530E80EC5FE31204ACFF70AF8177A03059240CD074978A002A878BF883FEEC81DD684E406CA630ACFDE87292822A11953710F000885D6F68A67ED40CD772B0828359B753F7CE23D9479AB9845771B389D6A77130F8C134EFC83947392029B10E
311
4425440A84AF0E54825228FC1634D369874739C837A9DDC83C20D320C36042610ECDFA750303710224D01202488012CA847424F8D53F78AB6BECE9B3B35A7F32396AC6B7444566327DBB4DF06FD9616744F4D3A397EB3B0A3FBA8D763702883ED742FE5CD24146D8E353ACCF811C806AE09914D8446E93840FF4D6C963FF32
311
BFB6AB015D1D3B0C9A0968776F021F21404B6260CF84A14F35180CE20B5E85BDA2EC91FD5A7DBA7E5705F4F0F97AF26CE18E3BA078138202400A62930FA6CC7882F911A92F33E547E64990B0F27323D73B6222863F86425153FA8009361C675554C25382CE148420C8DCC47A20122806CA178A0918C14CBD33440289078A00
311
EC6070184CA9907FD0A1270478E0B325B67C2193694EDB7DD0F3C238447C8A11485562FB4902134E6AC952FD5320A4F7C780882DA9684285CD81D278C0E8FF8DEC9F45D22DC3C2CA99C2728110888799575B6834BF22B0F01EDE72D7F21B672C40F0A972999E2200B7C91403F9BB3D09C01990819238CBAE5E7510D7D57450
311
507E3DB04AAA0A3C280064E0775380C8C16EEA4834346A04BF0CE847B4B3AF760D06D24BBB267C32E2C9257DE5EB748AD101AF1FD33265E2B674EED8C01A0AC901392211011AC810560F77778E85B13BAFE3E25C95B70919A4862C15928BD8989664AD8638101D009A80F00BDC41AF27602A4BDA0C077E550048E7F1011410
311
F01405045E1C140B4D0E70E0F6E034171C3D6FD12004FCC1FA304312518910356628A4A326EC9ADF5DFFD1B2C0399503F14B4F8E3E0E4E39A06ABCB56A8014687E86E462BDDE5124615ECDB412B7314F62E6E0C76ADEC0F717B360E741960104CF1706CFA18E0605004B01AE007869B095ED92144A807841EFF2811C047889
311
A04901C809062057192688C92346F97F279449F89B113500BAD282D1DA80A55C27EFFE02C8D4F395003F285B617BBF0831F49B055342DDDD414378E8888E92C16789F269A27C9A221FAA4A0DFDDB9F935B2ECC04DC51481558A69301E0460B02665AC4DD30C03D480866C3409400051811876014C0F294C542821AB045011A
311
3E3F09001FF304E3A0BED05CC11A811B865001769507FC01ADC611F400CF68C7B093606E30F3C7E0F00C1D10C31951C1E2D7252181DA00345842A19130715C736EC9ECE686A712FDB31E4D3E50AB336E5666D7B212C0113C4A4406029709B43D0228F3FBAF49921B19CA0C82A2D5BC4A2079809240F37D3E10F9637607C398
311
3F0458508A98B8B4EFC92AC13530180CF55359500080061DF59B98BB3FEACEE881DC8127F182A885A86FB12B43C590A4380504E32305E3148BBEEB2D2782029765428092545BA5C2C681FC5F8E869C0EE1034A822FF09A12C94084505AA868080303473F8161F7AA0A6610745E280BE4427FB770106F8800EADABA19F45321
311
0435BDB2348471B13B65F2FCB554827632C4C44467333E4127095D22092ED492009930413251B5408345065065E415266E20279A40B3F520370BE2050C8360E6BB4601C1673B9BFE007EF5200B6483CD195400A783E6DEA0653515B0FCE8E86D1618FC1EFC15C2E727F24F2A2DAB57326D8D0877D4E298894E7A0C3C7D9CE8
311
A0E2D17AA2020FA1097D6372F2A9F955060FDD467AD0426368C24A8340FD0D6687A76316DEF5179ED9042005A2BF02A5DD810A4DEFA4A8F700EFC50FF4FB8C06410F0303C106ADF8852ACC6A2CA9046E9ED070739339857222CC009E206479886EA26227BF7A341A15C351A8404A6C10080A2140FA4B4E8D9B9A1164589933
311
2363FD69887F436A660566964250FD752E787B64BCF8E6C8190DF8EA0C854C062D8A5A1346F810414313E606ECA0AC3A01D6928544029D5F42E202C0CB386F880F7842A31287061F32F3CBE09F2950783394F2F2B23D85386C6F51943E99DD10C8A0000BA9569A14805693274BD0E4F4DC3F28E331EEA91C4F33ABE057889B
311
FB92819187840A08E57A276A8BFCB75B0342668C70C565C8059996D209C2800941A21FB82B2F520BC2E6FE6F1A8827043DE17000DACC8193E78BBB8DF1467978C06F6AFE986123E3A95272CAC122046F4C65C4B88FED2F1CD1D918F7CDBF8903BF1A90057D42F4DC133AF804ACBB58446A0DB78806FC053FA1E45D0AF11126
311
13CC0DD976C5E70AD3282F42725C0D02AC8588DE451B1C01ABF063E7748A3882F0DD484BB78D037F9812240EB88B6034C0AD53E5116D4C6D920C6A89F084E6D0598AD7EB6930CC7B293E27A666E5CDFE9A3FA52FEB3C97976FDAAE9A60008FCA6B33099CF9880D35D419FC687D424378E3099441E110C5B3C6DC311E665351
311
4A67A530D863326C4D8430E0C28024803B5B069B0E60C10EDB6DF087034171DF01F1F3404B27B1056D8C0E56E7CA6056E7798147BE4C2F01CED5987E413AC6A724876DE3F599E0601CE7B9CEF3BEB3671E12DCE8AF9631B8031D3F360B6955DC2342B2A0E4632A00264C0DA002220CFEC3E10D9BADC8904D88DC51928593AA
311
16C91DF6FFF82B3234404C7214D0F8608E0052283EFB2B0563F1D072936C4017706010BCF1B16CDE0C1FA9C777E44E1F5259B0C9BBC8794A82A6C182A3AF56B16921405351FDDC91B5BAAA617860E8D76C97C377FE701A4EB4378FA97C2C8E3CC8950886C6FD93AF70A1F5F676B7ED16CBC56AF5D09110EEB8607CC08A7958
311
82358280DDB98AFFE7087C6EB593D62F041CDB4018935238E73F1098100D0C8769818F777057F64C703C6530E142FDF5C837AE1CF66C94C4887D3A3726AB990DEA248F73B5D32C8E04F6714B1E67C53FC52040252E605B322407CBF8C7F05453462A295ABF4D95592DDD76AC23512E9A2DF964715C80DD752CA8E263AC36F0
311
2C3C28A133EB22AC8D099BDEFDE28C3E8FFEE3815D5D00C17C00511058354D62443C1A546280E43572A9C661A34FA5891F8E7570608C8DF21DF51DF9D2A84D4501F41B8CD4F4C9DEB2F901E810C0E4CEB6EC08DFB06341C864CF8D0EEE779A606545E1E64AAF30A4324C20FDD3BD558BD966BA994FA915CD162B1978642AD0
311
1694E533EC190368A68234657085B5F88E27A0805E04B8BB6A00A51646EE3C10A50FF007FF410F1963CA69BE2002F0F902E701AEC995FD41F83A3F0C3809A3288A083003A6CC2A20E6D703EE48E3777AC07ADD51EB6101603A9FCF17B3D5928F6D742EE7E4CF38AE2B03C5FB39C81D7B2978FAFE85AF3D2710B0582C970F0F
311
EB0E4D1103B8BE2B4D560CA10002FC8F334C891C07B44FE06B2E3ACE5E1E2D1FC32203110ABF9CA0E8381F68EC3C06701328E5A38278A5FCD944CEA5283DA933DF2A2448BD23F1C5D8BE04CC2DC3B43B3EEC29F8B5FF926D11D3E97EBF7FA1BD1E5E5F5FE6D3D972F548547783146ECD84873F377C5820F7F9FCE5E07378D6
311
CBCB7E036DF7F7104079A05B77C6942D1BA95D47424BFC3DB6411009A42E207871B7EE9B06614BBD20F22F7523FB985F3F7068E37600273A3ED0C1CCC380F6EC4AF01CC1CF95E4848B7BF950AD14C44F10460221E02D21D01DAE800F323704C00035DFE97CB37F797D3D1C0E4FBF35EE1E5E9E0E879FBF3DF6F474780A01FB
311
3DAF01FE0C0798218007C2090A3008BA7682A338F4A8804A06CBFE6A80CEC766F49853F15B2F45FCEA3F8250012841315016E75E797EFEEC4ACA6C79F515CF1738F7C36E2406071051043817C9E8C5888D49D0332E800062FF54FA562BF7446CC0BFDFBF8603D1FEFCC9F7FFB5A7F000430755C2D3F72F2D02A022820897AB
311
DD44594475BDCCA4A10AF34C06B08B4AB58BBFAE30999DC66C7CE903A83CF8EB006EEEAA063430F84B05F0ECF644825F5E95073870E72A0771AB89B080022A0C5A9FAF34C89286257FB7BEA000EC65B59750C68E0815B0D9834B15606328F80709DE09018AC2A7817F83F96DB3D562C10A0A31300230CD4200B87F85808BAF
311
64D04600254047F9C14DE93464009E7F5AABB4FDD6D55142A2C0BF1541FCE19C20C899BF4F76AB54B84CB97F88F48ECC029FD253F0C70DF4816B9AC94BCBD653B1A283C4001A0337955E4AFED3FB790B6B1F5EA0B5514074103A38D84280EE0F5F9BE974EAB2D16AB1EA969684B6E4166CA28264B300474C7308D20013B204
311
A65F82970718D05678B3315D442E1C0A327E2F56556040C005D2FAB1326A68A07507C9E46A3648555A7080F5F50219A00E6222E3E0862CE95B5680930530742F1D041805E69B788161F015944D041182B861A2C17F3AF01CF5BFDF6C343F9171F5B004BF59C016719164B888EA206A02AD05E8464D06B48E4381A0E9345FD1
311
71625AC22198F57C003BEA5510F81FF78D31C9B033D0030000000049454E44AE426082504B0304140006080800234A975C28BB58AF800100009E0500003D00000044384634373832352D374231322D343742352D414343372D3733463235443838383336312F536368656D61732F436F6D6D6F6E536368656D612E786D6CBD
311
544D4FC23018BEFB2B96DE15493C78601010A34B880709DEDFB52FD0D8B54BD70DF6EFED3AC0B12E6442E2716BFB3CEFF3D18E26FB440405EA8C2B1992E1C323095052C5B8DC842437EBFB673219DF8DA659866649B798C078B48AE6410122242F2A4994AC7F93815DF85C049C8564CA0A901499DD886B2EB9B1E02448F358
311
701A9235880C49A0119892A20C89D1B9FD768815CAD268CB5E0355B40B1E47F3E37A2020464BED06AA57CE8FCC20C3C3446D46761A2632A8C1283D07031EFF2AE7CCB1BFEEE916E406DFAC8E36FFD99A9D60A6944090EEDC3B670C7DC13DE86B6B2C5C240D6E503BB85ACD579D513F1B9F9A69DC9CC22AFA80C426D40AF0B2
311
1EA168559156B6276F0F726A6BFF04DCD513A87A62CAD41FB24FCB2858B3952E3D852084DA25B9303C15687973CC8E8AAE11DF2836C38C6A9E765E8C1BA1BFB1DC29CDFE518C8B5A7655A4ED7E77291ABEB80DBD82EC866ADE1B8D05AF9E35CF09D7A061F38A986D9EC412B8F0F65E5D81534D9B231D1E5A8FE577A241F3A5
311
FD01504B0304140006080800234A975C1004A04F380500005C1700003E00000044384634373832352D374231322D343742352D414343372D3733463235443838383336312F536368656D61732F47656E65726963536368656D612E786D6CED585B6FDB36147EDFAF20F41EC7F69A2005E214768278069665709ABE0A3445D9
311
DCA80B44CA89F7EB7B0E2FBAC4B2A32643D10E33505411A9C373BEF39D1B2F3F3D27926C79A144964E82D16018109EB22C12E97A12943A3EB9083E5DFD7239558AEB07B6E109BDBA7C5CDC902D959360CE535E0866DF07A7579733AAB85D5AF234E2C51DD5B081CA7A87DEE56E47E2D6689E735AD0947194500A22A249308D
311
B6F82682A3782C52A141BD80E4E54A0A3609622A150F48C16994A57237097451C2DF462738529D3AC5FCFFB5B401988BC78824973CE1A9A628D91CB968BDBAC335B9A4BB379C6ABF5D2474CD7B9F773F7F78C349F055EF13FE2CF856F0A7379CE2BEBCCE6456F8E316A9E66B5E18E4AC77BF5812F5937FDEF0F5BFE3E3C785
311
576D96659253EB54863A87AB5D98ADFEE24C3B8E38FE48BAE2C062631799EDC8BDDD833C6E88585B9287340B23AEA990CA49B1A473421E81F856D06D9125E45E6F001C4F7F85D6DECA8C6A835753A250DA50DF92F743409CBC3BFA4C6EFCE2618D302A0CEDDB264D93950002937BC66489A18D0A345DD650415124BE376A74
311
5EA9F0E016108E328D14C979C1302CD6BC0A4191B2C2C49112FFC0DB51401288D6A44C26C1B87A160AB6A11E5BD862514BE8B3DB750607BABFF6F781D6A74EED6EA7AC28FB3BA68C87AC94B2138A99DB41AE7147A71F56659287340123812054CAEC8965690A74E111C5BCA7260158B0963EC50C07E38FEDDFC5C5C70AB6A9
311
15F446D44E46C321E46087E23E221E2BC0DA6EB440EE6F44E80CE5AE2E2D2F31AD7AB71B8B139AF730773909401FE0D8DC3FCCFCC3D438DC1176062076C3CB4A9D953ACC72CA84867CDA0361E0910F4EF3B109A07D332211C72556825745A215835F47678059E337068E3ACB0E2EA2B507175B0818FD1082EB4D26186F85BA
311
D33464988F1420E1B9E43D522F8452A450106B04F01362BFF1B2BF5059B60F687C9F663A54396722163C7231012E7480FE916910E6572B6D8F4A54CBF92C5CD324A163C8508058D3F16A399B13B348C6830FB5FD47257A1B8D2CF08253EE776B3A72D782D895363D96020B6C18D3C86359B3C6D45E728B4B9D716893D091E4
311
D533045F495D2EFEF633FF5A660A520A5790765FE52E12F0AC82685E7FFA0398D65528850A132894DDE9F837B1DE48F8A74D487795A482C7122A6DAE377BDC5DC212A465ECD8B03E7E2E208EC88DD9DA89456CFBC477FB798C74389668AB1A75C820AB7568FCBE0B5F94DC9AFF0D038D9F77E49D45B8278FC7177D0DDCE732
311
FA0BCDDB42720FA90E87115FF76375C5696F368AF83103F6A5911FFF03561EE06AD10ABE933AA9DEC398588888137017449E09C377051FCAEED1E8BC3BFA9CB27DA2CFDBF533459F374FC0C4FDECCBF3E06CDC6874E0710421EEAA6CEDBFEE60EB913607436C3F5BBF713F6F42253B9A4A0FD64C08416FA986EB02254B1846
311
D82E7CE2584EBE31E340E9A8247483F07D5B84AE3A5AE0D4C5B202EE585468BA84105B1F5EC00C16FADB133FB7399F390FCF245CBF9027A137FD26D1D651058D44D9B331A93985CAC2046CB4ED9E0314977128A42C13DB06879A273052525D16BE833B8706BD1269FA69F2B9B109BB55D30D37679986D85848B86F026CF21E
311
74809100180B0D280C36F6015A7DFBD06AEB6F8D503BDCD7DD6DABBBEF54E1FF5EDF0E3AD53C03509B5B816FE9F51BC8026F44DAB82BA989F200C4220B24166C3037854094FD46C5648D9C42F8B07E53687D824917FED3CE56F3FBA68BE3C6853FCD64F4A00BB85831B1243346654A134805AF5CF39A9DFE22C9906A6EAFE8
311
303A5F4AC4FBE637489CB62EA59B9D529255F326CCC28ECB77F812A7D6E63DF957504B0304140006080800234A975CF702076DC3010000E60400004500000044384634373832352D374231322D343742352D414343372D3733463235443838383336312F536368656D61732F52656E6465724D6174657269616C536368656D
311
612E786D6CA554CB4EC33010BCF31596EFF405481C9AA2A64851255E4A816BB438DBD4926347B15BE0EFF1236982021512B925E39D9D9D59677EF3510A72C05A7325233A1D4D2841C954CE6511D1BDD99E5FD39BC5D97CA9359A0DDB61098BF9CBFA961C4044344599637D0F066B0E22C074BC98C7A0319C58A9B254B2435E
311
D23BC2F388AECB4A6089D280B18D139496815152EDDF046711DD82D048498D902B293E236AEABD7DF74D5D839F69EE1D9F48E1F3BF448FC9E6BF144F351E38BEFF9D662D0D16587B77825FAF2195BF515C395B563BC5197A0AE68DCF363BA831CF7C7C8D7F0DA23D42898037B451BA833673DA92BC82D87F636ACFFB0CEC96
311
F4EA30EF9A0FEAB85D91CAED89348D80E9B178DDC3ACFC71D06F2528A182138DD8672E4DC6DC57CF91467432BA985E4DBE3DB399079353607C0A5CDA0B70D4E65A122FA41BAEEF6C272908D315B076451BD55EB0FF9E092E11ACF8C6B5306028F9D5F15EB95426D31532BEE5D6EC700FBA0C1E94211D7ADC8341143D429D26
311
71564059C2EC72108B4EE3847890CC4697DDF8A708DB01FD7AD8209A41EFC2DCFD7063A504821C7869545188D6C16DF801342CCE6B276363DC8EFA4AFD0E86ED0677C3B77747C7FD3FD617504B0304140006080800234A975C8A6F6B7851000000570000004700000044384634373832352D374231322D343742352D414343
311
372D3733463235443838383336312F4173736574446174612F41737365745461626C654F66436F6E74656E74732E62696E536160603030333233357476D235367532D035313432D57532B334D5B5307271B6703476367536721502AACB4D2C492DCA4CCC492C28484D2C4ACC4B4E050A82012F90744FCD03CA26072767A4E6
311
260200504B0304140006080800234A975CC55C663656000000680000004500000044384634373832352D374231322D343742352D414343372D3733463235443838383336312F4173736574446174612F53747265616D56657273696F6E5461626C652E696E665D8CBD0A80300C06F73E4B29FE6CDD8A2E82A083B8B7F20901
311
4925C9FBA3AEAEC7DD2555D896CB85E51C2A1BD834F6A1F56EC4494C4695278364ABB24ABD2146F88CCEBB89D5321FF8F3F43D672A3B44DF3CB6A1710F504B0304140006080800234A975C7D0C9D0C38010000A20400003600000044384634373832352D374231322D343742352D414343372D373346323544383838333631
311
2F4173736574446174612F636E782E786D6CCD94314FC3301085FF4A6489318E1B5081CA718560E904121503DBD5B9B4561D3BB22F08FE3D769B0154C4D4A1EBE9BBBBE727BF93CBCFDE161F18A2F1AE61332E58814EFBD6B86DC346EACA3B562C950CDED30F8C150E7A6C582E3325B7C18FC3546AB183D1E6AA356E3F151F
311
62445AC3C6E273F7E81DA1A3C80A6D21C68645BDC31E388CE45B8C7BDE02019FF180D18F41639A44A6C769920E08842D53B5A8E7A5B829EBEBB5B85FCC6E1762FE2EAB4C2AB9F1DE4EBC49CB821FAE6AA18F7B9912B2CA8092633013955FC3D45F2AF9C638592552C94821B93275D0D7903A6018ACD140C9BCCA6B422A1384
311
D0CBEA082B5965177E79F1849D7126B7AC9234201F5E92400C64F0023DF94FEDF9BD59B948E0345EB223A71ACFEFC3EBE117BD1D6379C8CDE5A5E5542337AE3B4356AAC33949D1C9D7457D03504B0304140006080800234A975C6091EE09E8000000600100006700000044384634373832352D374231322D343742352D4143
311
43372D3733463235443838383336312F5265736F75726365732F30363236353143422D333542302D343132352D423639352D3832444338413343354332452F7468756D626E61696C2F302F636E782E786D6C4D90C16EC4200C447F25B2D463029B56DB7645D89FE8A9978A126F8A96600466D5FE7DA1E5B0A7B1C64F9667D4
311
F97BF7C30D53761416384C12060C965617B6050A5FC61718CE5A2522BEC3600866C7059A0D5A6D894AECD68A17537C73BD0BD76E6E183039FB11C30683F526E705B2FDC2DD4CA630AD98AFD36AD84C872961A6922CD603EC76EC076C42C3B8829EE57C1CE5D3383FBEC9D7D3E1F9248FEF4A3452AB4F22DF79171813C58759
311
5AAA63A8FF48251AA05549AE532D04E8BBE794A84BAD32A79ABF43FC132B6462F4CE1AAE3509B28C3C5608CDAEC43FAC956879ABFC9551B575A37F01504B0304140006080800234A975CA233C2345D000000800000006500000044384634373832352D374231322D343742352D414343372D3733463235443838383336312F
311
5265736F75726365732F30363236353143422D333542302D343132352D423639352D3832444338413343354332452F7468756D626E61696C2F636E782E786D6C4D8B490E80201004BF42E6EE76F3C0F216234B883063108CCF170C074F95AE5473F5C4C06E932E4F28601967600677D21E9D8092EDB002539227A2FCCB80E1
311
168D80A6417297A89C5D6963B7129A0D1E8F2EE73AA7B62BBEB8B27DE50B504B0304140006080800234A975CBE89762363000000880000005B00000044384634373832352D374231322D343742352D414343372D3733463235443838383336312F5265736F75726365732F30363236353143422D333542302D343132352D42
311
3639352D3832444338413343354332452F636E782E786D6C4DCC3B0E80201004D0AB90EDFD75167CCE820A4A845D83603CBE602CAC26799919AEEEE0D965E2E908050C6D0FCCE04C8BC355404EB6198129C92351FAD580A10E464065907C8D948F8F166375F655BDC3FDC3B4E530A176BE7057BDC43B2A593FE403504B0304
311
140006080800234A975C64C4CB8A7D000000A30000003600000044384634373832352D374231322D343742352D414343372D3733463235443838383336312F5265736F75726365732F636E782E786D6C4D8CD10AC22018465F45FE7B4B5D8A813AD27A90D1DC90360D9BD1E3A7B18BAE3E387CE7A8FEB32EE8EDF32BA4A881
311
1E08201FEF690C71D650B6094B40BD5139A5EDEF06280EABD7D0301835E7549E3B1AFD3494A5D125C4C70E896082536771C72DC127CA38B6E2CCB16457272F9DE38EDDAA716C4A9D5FAF6ECB9B2F504B0304140006080800234A975CB723274E0C010000550300003400000044384634373832352D374231322D343742352D
311
414343372D3733463235443838383336312F536368656D61732F636E782E786D6CCD93BD4E042114855F65426239C08C66D50DC3161656366A6587CCDD5DB2C09DF063F4ED85956237B1D3623B38F97273CE812B369FCE761F10A2413F918172D281D7381BBF9B484EDBFE8E741B2902623AC148E7958389549948B10B9897
311
26CDB055D956D51A7F68E2033A87FE45EFC129D269AB629C483C5EA9CA096788073AABA4E8400344CC414399908C8336410750096622473EAE7A7ED38FD7AFFC7E3DDCAEF9EA4DB04A4AF18E681B6F7C8280CBD5C83596A32F86B86015902207D3A89A82C85377B4F4215821A4882994161A99BE9642AA65B146AB54CA6247
311
F0879182D5B067911FC14330FA52339FD9FBB7D0CFE067084FE5A58251F652B3FFE6F26F15B0E306946F5017427E03504B0304140006080800234A975CE3603EBE7A000000C20000002C00000044384634373832352D374231322D343742352D414343372D3733463235443838383336312F636E782E786D6C6DCD410EC220
311
1085E1AB90D9DBEACE05D09878023D01A1D34A8419C380F1F82DA68B9AB8FDFEC93C3D7C52546FCC12980C9CBA232824CF63A0D9402DD3E10C6AB03A3397DD192872090D3406ABE7CCF5B5D18893ABB1690CF4DCF02282E5EA8A5BB96FFE536F285CB347F95BEFFE81C9ED5AFF9D5B1FB575BB00504B030414000608080023
311
4A975C9E5424C77E000000A300000007000000636E782E786D6C4D8C410E83201405AF42FE9EB6A094BF404CD5780F53D1902234549A1EBFD0B8E8EA259337A3DACFE6C8DBC4970DBE0176BA0031FE1E66EBD706D2BE5004D26A1543D8FF6E40FCB499060A06ADD618D2F340B359A6E40A75D63F0E38E0584BE482CA8E715A
311
CB4ED05BDF4B2AAB918B0111AB2BCBC6B928797EBDBC25AFBF504B0304140006080800234A975CCA1DF9C9A900000073010000130000005B436F6E74656E745F54797065735D2E786D6CA590410EC2300C04BF12E5DEBA70400835E500FC800F84E0B411AD13252E2ABF27A55740421CEDDDD9B55CEFA7A117778CC9795272
311
55565220197F75D42A39B22DB652EC9BFAFC089844F65252B2630E3B80643A1C742A7D40CA8AF571D09CC7D842D0E6A65B8475556DC07862242E78CE904D7D44ABC79EC569CAEBA537E3521C16DF5CA5A40EA17746733E0B6615DE7217475F386F18B9481C510F1F021CD9FF027EA0E1F5C4E609504B030414000608080023
311
4A975C3DEE336E64000000790000001B0000006175746F6465736B2D64657369676E2D7061636B6167652E786D6C35CBC10E83200C00D05F21DCA56CA76D41FC96062B120735B69A7DBE268BB7777961F8D5AF396893C2ADB70FE7ADA196782C2DF776D7A97B5933C430F15651E5469C55D70F80A4992A3ADC954792C525AE
311
70A1E4D6AD9816CC044FEFDF01FE3FDE907802504B0304140006080800234A975CDD4114EAFA000000960100003700000044384634373832352D374231322D343742352D414343372D3733463235443838383336312F4173736574446174612F636F72652E786D6C8550CB6EC32010FC158B3B36D88E13224C14C7C917F4D4
311
1B02E2A2C460F1A8FAF985D895DA534FBB9A9D9DDD197AFA9A9FC5A7725E5BD3035C22502823ACD466EA410C777800C58951676DF8450385E1B3EA418601A393B371D920614D5026A3C64AB581DC7B1540219EA9E981171F6AE6258F2131FCA35CB878F04995B85C798CC6A8E5B6AA6552D377AD1C60B8C3C365BC11886E23
311
81ED15B7F0BCDB5D2069F6C3010D64B8912BADF232A341CF3FD785533C2809588DEA0EA216D6CD1B2247BC3FA2EE9D5699C9A80F2E79DE8E6677809DF3D7230F9C56EBF48F6A5CE4FFAA519BD0D49BEABAE1938FF4E46BC06895534AE51561AA3951F60D504B0304140006080800234A975C7567CC31F50000008E01000068
311
00000044384634373832352D374231322D343742352D414343372D3733463235443838383336312F5265736F75726365732F30363236353143422D333542302D343132352D423639352D3832444338413343354332452F7468756D626E61696C2F302F636F72652E786D6C8550CB6EC32010FC158B3B36D88E13224C5427F1
311
17F4D41B02E2A0C460F1A8FAF985D895DA534FBB9A9D99DD1D7AFA9A9FC5A7725E5BD3035C22502823ACD466EA410C377800C58951676DF8450385E1B3EA418601A393B371D920614D5026A3C64AB581DC7B1540219EA9E981177735F392C79018FE512E5C3CF8A44A5CAE3C4663D472936A99DCF44D2B0718EEF070BE8C04
311
A2F142607BC52D7CDBEDCE9034FBE18006328CE44AAB2C6634E8F967BB708A072501AB51DD41D4C2BA7947E488F747D47DD02A3319F5C1A59FB7A5F93BC010AD56F48F5B5CE4FF6E519BD0D49BDBAAF0E9FE74DC6BC06895D349E5155DAA3949F60D504B0304140006080800234A975CBD8F25E8FB00000096010000660000
311
0044384634373832352D374231322D343742352D414343372D3733463235443838383336312F5265736F75726365732F30363236353143422D333542302D343132352D423639352D3832444338413343354332452F7468756D626E61696C2F636F72652E786D6C85504B6EC32014BC8AC51E1B7FE2840813C5497C82AEBAA3
311
401C141B2C3E558F5F885DA95D75F5D0BC9979CC90D3D73C659FD23A657407CA1C814C6A6E84D2630782BFC303C84E945863FC2F1AC8349B6507120C2819AD09CB0671A3BDD409D546C80D64CE490F323EC547071C7FC899E52CF8C870CF7C61FCC9469997F9CAA324042536A912D14DDD95B480966DD95FAE038668B862D8
311
DCCA069E77BB0BC4F5BE3FA01EF703BE91228929F16AFEB9CEAD645E0A402B54B51035B0AADF103E96FB236ADF49919894386F63E6ED684A07A87F84F94333359162DDFE710D8BF8DF3528EDEB6A735D152EE6889F7C2D2829524B71BC2A8C33354ABF01504B0304140006080800234A975CA332E7860D010000B10100005C
311
00000044384634373832352D374231322D343742352D414343372D3733463235443838383336312F5265736F75726365732F30363236353143422D333542302D343132352D423639352D3832444338413343354332452F636F72652E786D6C8590416EC3201444AF62B1C7066C1C1361A2602727E8AA3B6493142586C840D5
311
E31712576A575D7D34CCF098CF0F5FCBBDF8D4AB37CEF600970814DA4E6E36F6DA83182EB003C541F0D5B9F0CB060AAB16DD832C03C1AFAB8B8F4D9A9C0DDA66D5BA596FA2F25E07504CF774E8819F3EF4A24A154372F85BF950D34D5D7589CB974FF018CDBC45CD9C5E3317A35720708BE5309E1944E791C1E6841B78A474
311
80ACDEC90E4926CFECC4AB1C163C98E5873EAD5A053D03411069216A20A9DF10DBE3DD1EB5EFBCCA4EC17D5853E70D9ADB01815AD2523C4858538960830985B2651476641CBA633DD08124DC2BF807181FF3FFC0686CA8C9067C257CAA98FEFFBC10BCCA0B4CE3B9DD34F3B2C537504B0304140006080800234A975C491D73
311
B7FB000000960100003700000044384634373832352D374231322D343742352D414343372D3733463235443838383336312F5265736F75726365732F636F72652E786D6C8550CB6EC32010FC158B3B367EC489234C5427F107543DF58660E3A2C460F1A8FAF985D895DA534F8B66676699A1A7AFF9917D8275CAE81E953941
311
196861A4D2538F82BFE103CA4E8C5A63FC2F1ACA349FA14709468C4ED684658384D11E7442B591B081DC39F028138FF8E891131F30F39C071F19EE9E2F5CDCF9047999AF3C46435072932A19DDD44D8145AC6CCBE17C193B4CC64B879B6BD9E097DDEE8CBB7A3F1CC8D00D6377A5451233EAD5FC735D58E01E246215A95A4C
311
1A5CD56FA43B96FB2369DF6991988C3A6F63E6ED684A87D82B3813AC00478B75FBC7352CF27FD7A0B4AFABCD7555B898237EF2B960B4482DC5F1AC30CED428FB06504B0304140006080800234A975C41F4481CF9000000940100003500000044384634373832352D374231322D343742352D414343372D3733463235443838
311
383336312F536368656D61732F636F72652E786D6C8550CB6EC32010FC158B3B36D88E13224C5427F10FB4A7DE10101725068B47D5CF2F38AED49E7ADAD5ECECECCED0D3D7FC283E95F3DA9A1EE01281421961A536530F62B8C103284E8C3A6BC32F1A280C9F550F320C189D9C8DCB06096B8232193556AA0DE4DEAB000AF1
311
484D0FBCF850332F790C89E1EFE5C2C59D4FAAC4E593C7688C5A6EAB5A26357DD3CA01863B3C9C2F238168BC10D85E710B5F76BB3324CD7E38A0810C23B9D22A2F331AF4FC735D38C5839280D5A8EE206A61DDBC2172C4FB23EADE6995998CFAE092E7ED687607D8EBFAA7A7D573F647332EF27FCDA84D68EA4DF3B9E1938B
311
F4E23A60B4CA19A5B206986ACE937D03504B0304140006080800234A975C8076EBF703010000D80100002D00000044384634373832352D374231322D343742352D414343372D3733463235443838383336312F636F72652E786D6C9551CB6EC32010FC15B4771C1B3F1B61A22651BEA0A7DE286C5C94182C83AB7E7E2176A5
311
F6D69E160D33BB3BB3FCF039DEC907CEDE38DB4391E540D02AA78D1D7A58C29576400E82CFCE851F3420568ED8438241F06176CBB441CAD98036A1D669DC40E93D0620EA1E1F3D78F58EA3CCE41222C3DFB249AA9B1C302BB295277830E3B754CD28036A102C670DCD2BCACA97FC695FB4FBBC79E5BBC4147C3136946C1B86
311
E31B6AE2A6102D81A84BBE5BBF236D317A23191D9734578333887377A9DA8ED5B43D168C56EDB1A6CFA7534BDBF2C2EA73D7756553C426512CB80F738C666B9242F8AB7C15FEB2B64CFA9FD656850791F67978167C97728EE5718458D34DC417504B0304140006080800234A975C55BECBCF08010000B20100000800000063
311
6F72652E786D6C8D504B6EC32014BC0A628F8D3F71428489EA243E4157DD51435C141B2C3E517BFB42EC4AEDAEAB8766E6BD19869E3EE7093CA475CAE81616198640EAC108A5C716067F4307084E8C5A63FC2F19049ACFB28509868C8ED684658306A3BDD409D546C80DE4CE490FC130C5470BDDF021679EF1E0A3C2DDB385
311
0F773ECAACC8561DA35ECD3FAB8395DC4B015989CB06E11A95D52B26C7627FC4CD1BCD9392D11094D8AC9488EEEAA6A485AC688AEE7CE909C2FD85A0FA5AD4E865B73B2352EDBB03EE48D7932BCDD332A3CEDBF8E7ED48CCE981E38FE44BF39562F4DD986913C45002183D7D4186699E883FA1C322FE115A695F95DBC175C3
311
C5CC31D09388C6A9C1389EF5C699DA66DF504B01021400140006080800234A975C7BB33A2BF5000000A80100004F000000000000000000000000000000000044384634373832352D374231322D343742352D414343372D3733463235443838383336312F4173736574446174612F446566696E6974696F6E4974657261746F
311
7250726F706572746965732E62696E504B01021400140006080800234A975C4012CF27F60000003002000045000000000000000000000000006201000044384634373832352D374231322D343742352D414343372D3733463235443838383336312F4173736574446174612F496E7374616E636550726F706572746965732E
311
62696E504B01021400140006080800234A975CB5A795FFE3790000DE7900006B00000000000000000000000000BB02000044384634373832352D374231322D343742352D414343372D3733463235443838383336312F5265736F75726365732F30363236353143422D333542302D343132352D423639352D38324443384133
311
43354332452F7468756D626E61696C2F302F67656E657269635F706E67504B01021400140006080800234A975C28BB58AF800100009E0500003D00000000000000000000000000277D000044384634373832352D374231322D343742352D414343372D3733463235443838383336312F536368656D61732F436F6D6D6F6E53
311
6368656D612E786D6C504B01021400140006080800234A975C1004A04F380500005C1700003E00000000000000000000000000027F000044384634373832352D374231322D343742352D414343372D3733463235443838383336312F536368656D61732F47656E65726963536368656D612E786D6C504B0102140014000608
311
0800234A975CF702076DC3010000E604000045000000000000000000000000009684000044384634373832352D374231322D343742352D414343372D3733463235443838383336312F536368656D61732F52656E6465724D6174657269616C536368656D612E786D6C504B01021400140006080800234A975C8A6F6B785100
311
0000570000004700000000000000000000000000BC86000044384634373832352D374231322D343742352D414343372D3733463235443838383336312F4173736574446174612F41737365745461626C654F66436F6E74656E74732E62696E504B01021400140006080800234A975CC55C6636560000006800000045000000
311
000000000000000000007287000044384634373832352D374231322D343742352D414343372D3733463235443838383336312F4173736574446174612F53747265616D56657273696F6E5461626C652E696E66504B01021400140006080800234A975C7D0C9D0C38010000A204000036000000000000000000000000002B88
311
000044384634373832352D374231322D343742352D414343372D3733463235443838383336312F4173736574446174612F636E782E786D6C504B01021400140006080800234A975C6091EE09E8000000600100006700000000000000000000000000B789000044384634373832352D374231322D343742352D414343372D37
311
33463235443838383336312F5265736F75726365732F30363236353143422D333542302D343132352D423639352D3832444338413343354332452F7468756D626E61696C2F302F636E782E786D6C504B01021400140006080800234A975CA233C2345D000000800000006500000000000000000000000000248B0000443846
311
34373832352D374231322D343742352D414343372D3733463235443838383336312F5265736F75726365732F30363236353143422D333542302D343132352D423639352D3832444338413343354332452F7468756D626E61696C2F636E782E786D6C504B01021400140006080800234A975CBE89762363000000880000005B
311
00000000000000000000000000048C000044384634373832352D374231322D343742352D414343372D3733463235443838383336312F5265736F75726365732F30363236353143422D333542302D343132352D423639352D3832444338413343354332452F636E782E786D6C504B01021400140006080800234A975C64C4CB
311
8A7D000000A30000003600000000000000000000000000E08C000044384634373832352D374231322D343742352D414343372D3733463235443838383336312F5265736F75726365732F636E782E786D6C504B01021400140006080800234A975CB723274E0C010000550300003400000000000000000000000000B18D0000
311
44384634373832352D374231322D343742352D414343372D3733463235443838383336312F536368656D61732F636E782E786D6C504B01021400140006080800234A975CE3603EBE7A000000C20000002C000000000000000000000000000F8F000044384634373832352D374231322D343742352D414343372D3733463235
311
443838383336312F636E782E786D6C504B01021400140006080800234A975C9E5424C77E000000A30000000700000000000000000000000000D38F0000636E782E786D6C504B01021400140006080800234A975CCA1DF9C9A9000000730100001300000000000000000000000000769000005B436F6E74656E745F54797065
311
735D2E786D6C504B01021400140006080800234A975C3DEE336E64000000790000001B00000000000000000000000000509100006175746F6465736B2D64657369676E2D7061636B6167652E786D6C504B01021400140006080800234A975CDD4114EAFA000000960100003700000000000000000000000000ED9100004438
311
4634373832352D374231322D343742352D414343372D3733463235443838383336312F4173736574446174612F636F72652E786D6C504B01021400140006080800234A975C7567CC31F50000008E01000068000000000000000000000000003C93000044384634373832352D374231322D343742352D414343372D37334632
311
35443838383336312F5265736F75726365732F30363236353143422D333542302D343132352D423639352D3832444338413343354332452F7468756D626E61696C2F302F636F72652E786D6C504B01021400140006080800234A975CBD8F25E8FB000000960100006600000000000000000000000000B79400004438463437
311
3832352D374231322D343742352D414343372D3733463235443838383336312F5265736F75726365732F30363236353143422D333542302D343132352D423639352D3832444338413343354332452F7468756D626E61696C2F636F72652E786D6C504B01021400140006080800234A975CA332E7860D010000B10100005C00
311
0000000000000000000000003696000044384634373832352D374231322D343742352D414343372D3733463235443838383336312F5265736F75726365732F30363236353143422D333542302D343132352D423639352D3832444338413343354332452F636F72652E786D6C504B01021400140006080800234A975C491D73
311
B7FB000000960100003700000000000000000000000000BD97000044384634373832352D374231322D343742352D414343372D3733463235443838383336312F5265736F75726365732F636F72652E786D6C504B01021400140006080800234A975C41F4481CF90000009401000035000000000000000000000000000D9900
311
0044384634373832352D374231322D343742352D414343372D3733463235443838383336312F536368656D61732F636F72652E786D6C504B01021400140006080800234A975C8076EBF703010000D80100002D00000000000000000000000000599A000044384634373832352D374231322D343742352D414343372D373346
311
3235443838383336312F636F72652E786D6C504B01021400140006080800234A975C55BECBCF08010000B20100000800000000000000000000000000A79B0000636F72652E786D6C504B0506000000001A001A00210B0000D59C00000000
310
504B0304140006080800234A975C000000000000000000000000370000006662782F38454330373739452D464639372D344346422D424633422D3831384230303238323144352F617474726962757465732E62696E504B0304140006080800234A975C000000000000000000000000350000006662782F3845433037373945
310
2D464639372D344346422D424633422D3831384230303238323144352F76657274696365732E62696E504B0304140006080800234A975CF270F1330600000004000000360000006662782F38454330373739452D464639372D344346422D424633422D3831384230303238323144352F747269616E676C65732E62696E6366
310
60600000504B0304140006080800234A975CB5A795FFE3790000DE790000420000006662782F38454330373739452D464639372D344346422D424633422D3831384230303238323144352F7265736F75726365732F322F305F67656E657269632E706E6701DE79218689504E470D0A1A0A0000000D49484452000001000000
310
010008030000006BAC58540000000467414D410000B18F0BFC6105000000017352474200AECE1CE900000192504C5445818181B3B3B35A5A5A4848486060605C5C5C6464648383835E5E5E6262624E4E4EAFAFAF4A4A4AB5B5B54C4C4CB1B1B1858585B7B7B7585858ADADAD7C7C7C464646787878ABABAB747474A7A7A768
310
6868707070B9B9B96E6E6E6A6A6A8B8B8B666666545454565656A5A5A5505050A1A1A1BBBBBB8F8F8F9F9F9F4242425252527676764040403E3E3E9B9B9B7A7A7A8989897E7E7E9393939797974444448787873C3C3C727272BDBDBD3A3A3A6C6C6CA9A9A9A3A3A32020209D9D9DBFBFBF8D8D8D9595959191912626269999
310
992222222424241E1E1EC1C1C1282828C3C3C32C2C2C2A2A2A2E2E2E303030C5C5C53232321C1C1C363636383838343434C7C7C71A1A1A0E0E0E121212484A484C4E4C1616160A0A0A4A4C4A787A781414147C7E7C9193915E605E464846838583878987B1B3B18587856668665A5C5A626462818381A7A7A5A3A3A1B1B1AF
310
ADAFAD7072705C5E5C9D9D9BABADAB7E817EB7B9B7585A58BBBDBB4C4C4A8D8F8D747674B5B5B3B7B7B59FA19F606260ABABA9A5A5A39B9B99A9A9A78F8F8D6C6C6AC7C7C5451AD12700002000494441547801DCBD89771BD7B5A70B8EE04C702641712605CE034890E220088028C93245451215B713AF388E7DFD9EEDB8DD
310
CE6ABFF4B57D97137BE50FEFEFDBA74049B6AEED74869B7E87404D2814EBB7F76F0F67A8835CEEBFA0E42B854AA5B2BB5B6BCC951A8D52A93657A914FE0BEEE39FFE2FF395B9B9C6CAD2D4C4606F4B7FFF8D1B37EEDCB97587F7CD9B4343BD134BABE7DB48E3FFA7A228ECD6F6574E4786C0FC8B5FFCE2CD5FFCE297BF7CF3
310
CD5FFC92B52FFE58BFF9E69B776E0EF5F79E55CBBBF9FC3F5D3DFFB07F5898ABAF7CDA3B74E74EC0CE20230561BF096E97E05712BFFCC59BC80539DCE83DDD6E54FE61B7747DE17FB8980BBBFB2BBD4337DF487881AAE6C5ACC6AF25207877B2B527BFF1CB3B77FA47561ABBD7F7FA7FE146A5B6BD74E3164C7F51449AE95D
310
B412200EC539418717E7F2F11B376FF62E95FEAF1442BED0581DBCA1BD2780D23F506AFA16E1A7AD974EF17876F00DD7BCB187A1A97AE51FCED5BF2BC1F2BBE5B3C19BE27B43CF26DE00933658FE129B109C2FFF922CC22C4260FA01BEFB462A77DEBC35F42F600C3F5B0795D2E9E02DAD5E650B4438A92801B65C35CBAB7B
310
1EE5041CE69D3B6F1822DFB873EBD6AD3B6FBC71EBC6C86AE967DFC2DFA4CEBFF1BF54F6276EBC114E2F43FEC60B01A0D440A868B2920E5C4BC10D60931ADCB871F3268B21D3851B08E1D6AD9BFD4BF57F7577909FAB86F29B982571136AF01DF5FE32AC3BD9406CAAF2440A54CF176EDD01FBADA1FEFEFE21FE4C9858DFF4
310
183458A9FD2B6708A5A5A137E0EE1D11A9EC0C7C58B2C73C0AD6B479BD76B7790CF899E287FA5B06FB7B07C9195B7851FA8794031EF1FC5F9406BBFB23375420286399B631E93B08022A785C4DBF9996EC3551874094D71B6F487E80F6837E50F483BDBDBD83232323AC420A18C68DA196EDDADF68A77F938F78FD972BABBD
310
B7B87FB164AC6FC2CB760365821ACB74AED44FFAD7E7431ECD7E08AC421F391D199998989A383D9D98E8E56F84A318C58D9BFD2DAB73FF5222C8EFAEF4DE7AF30D756E5108683DA471E70D0502099A7240F19E4089D3FD203E620F1B47BF43501E85031AE44B4B9F2E4D2D9D4D51D8970983FA861B3706FF950CA170DE82F6
310
B312CC4F42C8966295F7D725ED29882415DC055F36DEA1FE96FEC141493F05FAA9A9A5A595B333DED5B3D5A533F62183323032F46EFF13EA0AAFA5FBF7C8976F8C10F7280A014832593B90004D52341980D907EAEB73411EB2F1EBC9F507F92746C40E7AE0AFAE54292BAB2BAB67CAE0746264A277B06508168C94BF772BE9
310
765F7BF0B548FE1E07F3B5A521340A5CB5297C4B12811B89E82191ECF3E41B3259C529F135E23CF4C7F961FB13537F5A02ECCAEA76B5BA5D3D3FDF3F2FEFEFB3AA22053E5008833428DC6C59FA2F770595F311F235D427F379BB8A121BD901B96076A388DC4C3C61C7933CCCD770FF375A6E0CE9F535FE2534BF5ADD3E3FAF
310
D71BF57AA951B6D4CFEBFB8864758A26154430080B06ABFF557610ECC93726224F155D1471041E0D42F82F4891C926C1355B0831649FF365F46FF05300A7A790BD8ADEEB0D4AA9569A9BDBADCCD56AA55AE377F5F3F3EA2A34983A1DE91D810543138D7F28E57FF4E2B5335A3928B76EA1CB9B00BF158C8F63A2E788826896
310
D0B5E7C461949ECE089144F8EBEFC7FB4D8C9C4E9DAD60F7FBE572B416C2F2423ECF8B86C439E450DA970634ACFDA977629098D0B2FAF313A36B3869E37AF7853378CDA1171FBEBA95DF1E44FD5144A420588641B0055A79ED91CC0DC41E27064512FB33F1F04D09D0D2DF0203A646A6CECE80DF28356A348CED8C4F1EF137
310
B9319E1BCD29867CA556AA97F7B757567006A447FD375A26CAAFDED9CFDCFB2BB0BEEE8AA5911BC2C7F85DF88A3775389990AA72219D582409210F85A4E66F2987D875C30848023088FDF77E87F96FD7CBA5B9DCCEF4F4C9FC7C676777577B7B7B67E7ECCCE4E8DEE85E81A6D55AA3BC7FBEB242589CE8ED4770E785D7DDE2
310
3FF2587EBF57F50B9E820527316488E5C32D50F979BCA58207297E2B6D658702FFCD211840FE43FC9F3A5BAD9E97E6F21B9FCF16BBBB3A3A5A175B5B1787875B5B3B86DFEFFC687A72674F19D46A8DFDF3EACA59E405375ACE76FFA922C817CE86A89BDD92F400F2C55B7462F610459837D3A61ACF50C7471C8F2F2A9D38C3
310
DA2F068007F80EFCDBFBE5DCC674B1D83EBCBEB8BCBCBC3ED0D3D333D0B3DE33BCBEB0D8DA35FBF9F8CECE68AE020BCE61C112A4C1138CD47F9AD13F7DC6AB9CF9CFCFAF9D0E01FFE6CD503F5B91C5218E2899CA15098714848B04FCE5654884ABF0E554F11F6C21D73D5D5AADD64B7B9327DDAD8B0B7D7D6D6D07070763BC
310
0F3E38E8EB4310EBEB8BC3DDB347E3E37B5842B97C4E44A0C630427E5CFDFB71E03F471E12CA9FF70E055AE141042DD81234B879EB4606361D9328149037D7D76A571A7E974FA20AD0323832713AB5BA7ABE3B3E3D3FBC30307070B0B9B645D93C3CDC3CDCA41CFC6AAC2D64D0D579B4B1B397A7C1BDBEBD7D36657A3CD4B2
310
F44F4909F2B9CA597F4245C59DEC354316F0587020D0C661742BC02869435FD12CF195C422DB3C5A3E2305C000CE6B7B27ED8B7D63079B5B5B878787C787C7C7C757C76C51B60ED60EDAFA06D67B965B3B672677080BB5329E60E9B477847AE2E9EB53E35779FD37EFCD2D0DDD68AA355B6B0D81860502B8B68C801F5C697E
310
9AD62F4B406244CB975560BAC756AAA577675B07C6D03778C17E7C95CAF1B3ABABE3E3ADADE3CDB1B1B6B681014470343EBA979F8B90383545727C63E43549D14FD0F927E5F1FDEFD7263058FE02EBCD1BDCBCA053496BD58E69BC44F9F854D4D979AE9ADB908824382AC1D4014E9756EAF9CE85B6B54DB01F02F8EA5908E0
310
D9D5F1B3E72188C3C3AB67879B07C8A0A767B8B831FE5E7EB754DEAE5261460243FFF07858D8EF0D658BDC563A2C5EF5833C13C90B69248C4DD97842B61DFA7F210A2F6108A0F96B62E2D3B3F3DD939EA47E30ABF5AB2B903F4BE5F9B36757CF65021E616DAC6F60A1FB647274B4B05B2E5341B082D43278F67D8DFDA48AFF
310
9A13F22B34C7586C9992BA6E66CABC190E313E7C811AA57304B421A75B289B9D174CC868C24548823E230B9A5A2DCD2CAFE1F98E61C015CA7E96B083FC59F3ED06EE60F360B3AD6F79787ED278D0A86FAFE00BA9220EAEFE1D5DE1F7855939C3FCC1332426B377F692406E022C010DB437EF009803F0DCFD3B7C94440571D8
310
F2C328F115F47FD324802070BAB43FBA80EFDB92FCA1F7E7CF9FA875CBB327CF9EB08C4DE4815BC4210E2CB7CF1CEDECEDCED5B757490968286899FAF95583BF46F9393CEE6A86D6F618CAAD9BFF0BE22B042412C5CFB50556815CC5BBE33E9F61ECEC26A9BCB8145FD10590078F9C9E953B513FAE1FE387FAC246E14F9E3C
310
E7F5F8194BD6594140876B6B84C5D6799C61A16434201E5237582AFD75C07EEED9863F463284E2E13425A036BD41061259289B6BDC1ED656FC8B8592C9D00701E27CEA749F0D8EF44EAD8C1F80FFF8F8F9D513191F6803384C800097F24069C407CFAE88136B7DCB3D5D4A60B711F19070D83235F77331FD35E71596688903
310
8E2E0B346EAB7936C4162043E1A1F144093695443A570144898BC4079CEF1912809A3035A1D3F361235F90FFF1E3E0FB93C7E2750719F88E7D8E68123883ADB5B18185AE99F1D11C1238A792DC4BEDE8EC6FF503DF377E0445F68FAF4E08D43082D02170F30131A154206CC559A8D9CFDD762B31273E4947A581E0D9BB71E3
310
3FFA07CD02CE2A6BE1EC80167497F2A81CFA3F7EFE58D0CF5D5D170DE4F89070B0BC4040CC17BEAC6B0586C3D3FF0309BC06F44B04A1E13729929B4DF73C44070692C810B08AC3012E8EE9EAE22067796288C193B2139B970B86F47FAD0F98382B1E035D9C32FD318A4FAFCB274F2E1FA772F94411B0CD42493C23393A685B
310
5FEF3E1ACF554AF5F3552A478383374E6B2FDDFC4F6DFE38F4F4ED7A7FE838F488EA852482F412D3CB07E293D02C9F074F12E84C5AAC423271450572A385449844706475FD38DC3C22486A0639E5F1E38B0CFE93CB4B25910EF309A2224BD8DAD40C682C28341AD69047E8539A6AFC14EC573F7FAD10AE0FE6EB13E87B28E0
310
93B513B5803514DE408809BC12A14876DE0A25F643009E9176D9F0C330164285A7444DC8CAF0E9FE41429EE0A2F6A6DE91C0856C501272404A8468822E24C807030B1D33D40D4AFBDBABB411D093D88C86D7205E05FC57EDD1F805FA4CED5920F0CED39157E007CE21757C5DE440ECBCB46CD283E378029B43FB077B4F47E6
310
0E9F61E8D01BE017D7E843EB49F50A2028F1E442FCC90C9EE308E4C0C2C94EAE30B75FAD3A0EAFA57FE9EF960F14BE15638840EAF3BA490BB6850EDB38EECAFD21A0C746D0C4234DBD035EFC7EDD121FA585FAB73DB89FE6A03CF833AB0730E5E2F1A36CE3F202A128934B44E396961121E1F2C9F32BFCC0C140CFE22C1CA8
310
E109B182919696BFB98120234F61B59F7BF46EC30CF067B21A33B0FB3E402448EE266CCD93135A8E823DB31F85E677434E608F53F8100BC0098EA2FD6BC01770E0F2F2D1E5452A711C4BB8486248FAD756D852026B6DC90A2AA5C6B69E9068B8F27AFABFFEE8AB36F1D23985D5960014FD711940800B560250D2272CC54FF1
310
D3A660B275AC3881E349689C1616E1E9044129D032313509DE4700BC867C71F128C400159407C761022BA8A040F40A244788808C60B3AD67A17576279F6F946923191921B0545FC2F12AC0EFEFBD7262B6935679FC7F80629160ABFAEC88E8430E76D82A8DE62ACE50BD4A42FBF03B387B37FD321B37E31C3F063D99703F51
310
60E6C9E5A300CF32A91E0A085A29C0FC507F6C21012303C6104B82C1F1E156DB3229D1A855A32A8352C9077AF733A0AFE0FB3EF81FDF2F0F82C21B0EB06998866878B103305E31EC17F4FD43831E570A2118D1667632D4FFFFB125782F96168A833DBE78C3F11F8383A79D49F58F1E3DBC780417AE6581381E8610604888E2
310
913E12492881274822C221AD04CB0B1D273B8542837460898C686864FF6F801E8269F40AD0481DFAF5E6E9C1F3BE391C325004DF0746A4E4448F7B52C0D5EAD39EC46896B888C4210D68E99DFA2820DF7FF850EC407EB55C3EBC5028611409BFCB8889C90F1C52355AEF98B18100094C9D0EF6F64FD47E5CBF3FF5293DDFB4
310
B50DDD54F351446FA1F14580DC3902C085F593CB24ACC917B213BBC11B3F0A61042FD8B24F4FB9C4556D0CB9E1A880DE89934CE9607F18F81FDD950DD0E1D143F41D56110E227C250621FF098838042BC85B5B6BCBCBC31DD37B34966E9FFD9936A2FEFEA9EBA4182E5CD3E17AE35501FCE0707E5525A7DBC64DFD077825BE
310
37CE0BBE1BBEC061410C660B6E49912665E2B3749C7C9F93834022F74CDE6CA5EB501D9CBC04B768292C5CCB84478F3CA83074092C6082169015E5800D5839DC6C1B58EFE83ECA513BDE3EFB8EF1242D2D4B3FD55AFE03D42F8492AF8A3F21444FA2FA9ABBF525EAF84C09F0168527B0138A85D1EC0443C467B28BF844EAF7
310
6323BE13D7C11F72FED783837B970FEFDE7D7817E077C17EF7E2A1C2C0FE851FE4C008388C15E818958746129E1009D054B67530D6B3D8DA3D59D82D9D57CF70039FF50FFE0DE94089DB269C3655A4F25B38C49D0BD48E59F1526887C18FC5272197F85CA72862A593A4843CD25F920487DDF7AA0441A2C0600D062001F103
310
FCEEA3D8560CEC3EBACB01CAE5A51E420349F602191E5F901893142381351CE17047E764BE50DEAF9E4D8C38B6ECFFACEB141E54A6865A88A60133EE9CBB4C256930B0B168C1C3AB59FE1743FB422C7166082E934AFA5EFA3E4BCE0B69362FA7041818B7FDECE1DDFB4D022007CA23E521F0700AAEB5888BBBF08023E128B4
310
045381542FA256B0D04E28A0C3804E233A1BFB476A2F48FD135BAF9843BEDA3264EB42BA499601F16B566E72C7EA35908ABCB9176BBED43204C696AFD3D7B24B08D3AFA44BE243D88A6D9D0B6562B52F741E1610C0EFBBAF2B0829289A640EC4C8A4FF66A24430786CEBE1E1E61AF9507BFB496EAEB64F8F49B4129EBDEC06
310
5EC1F8A3F228A3CD0950883B41BEC6D1944AE06147289600A7726313AC69A3F91197F1438BCB743E76F01F6EF1D1C854071670FFFE43FF1EDED702EE5A14C85D0C42DF90B86068800659AC88981855E3E774A71C0CAC2F76754EE7CC87C808D1E1E0F6CF47FD4224731337BE1E39C5010823EE997B1491BBD99FC8D8EF7748
310
2BEB5EB2CF66499A8E0F7511B19B3EFBDACB6507BC78731B1B383D02FFDD7BE8DD9256F7D0BA7B46015941097B80018F700FFA024CC08078F51806100ADBFA163ABA8A3B95B9D2F92AC30BC908ED31FABE0CBEBFFF0279B675868F9AA24E9530B08C174055B7F48E4F58002F3E82F0BDFA003E8B431EB6C4A91E4D9B5FFB79
310
1265BA8827BBE5F1BCFA7F789F72F75EC800F8AE43FFAEC42F13009FB905A9A0132015D0068ED7682AC608BA6771038DEDB3B33082891FAB1ABF5614F93238079726B833958796B845B731FCB86316713C1DC581B1E19B424EE32674093F80776F7E27C6FBFAC85C536CD955B96EDA2A3FBF770FF4BE11845470EB3E42D022
310
000E0FE07D161811020742162444668308801E133A4C163BE68F6826A5523071CA78B2FED51F28F8C70FE4190073A3E5D3259D7A288CD19BDE623F10021BAB0C6E327FD507B2741627727EA00D31856492F9F009D7F152D930704E642795C1C1B336E0DEBB7F0FDCB79318543B25341F36802D64A981A690B94259607DE0B1
310
9D466BF8C1C5E1CEF9A3FC5C639FD6117B4BAEAB453F8EFBDA500A67E8BAF76C8A06566E36EE1184E8329419161F83D843D5DE7D8221163E145F56921C3EE383978072129E290A9B7166E63D26BAB1FCDBF710009E4051842390031845F20077CD079407C575F20364C4910ED2A574BC357630B0BCD8DE39335EB175646A69
310
8458F6A346F003A93002E846FFE0C459B8006E506D79BF902908A0AA05CB5E73530E33BA1D3C2EF99C712B7C8B41DF4D2A7830BE8707485FCFAEEB85A09AB6D39BBF7B4F23E00509C20DB04E240822A4B810E04D8D53D10D504C059ED86BB8697F514777717A8F8144D48A4C89077F7EDB00E2D89DC02A7B975640A282C49A
310
4AA84B70B12BFED8EA6584860DFB7EE23FCB00C6BAF7332FF259FA3C9346508813E372F1DDE425065BB61FDF8300F7EEDDBE8D0C6EDF46F7D8823478590AE23759D60DA6B7A9F125EDE8F4A5D2B37470D0B63C30DCDE3D3D59A8D1501EB1B0A5377517BDD6E301F995E3F955F0F58FAC2E81CE172A8344AC03DC6781939D24
310
84B8FFC15E8F3ACCD3954CE19576B942D0A029188EC7013FE59AE90B71292DE774F1F63D60230180B30A2EDC65291B6211B4081128856001A680015CE000708254891851D4B3BED0FA4D7166B466BFF1D2A924885AD12B387FC0FCE6819AC3AE06A7AA4B715F0927B74D119D4A668FB54B8A8C268D8B038A207D10A7B1E95E
310
42195B695BE0240F7408B311257C23F581E987C180140C584A02B1670CB817CEC0A080F259F1360E58452013200E3EC107AC1DF4FD7B0F6D23F33347F9527D9F51E6138E31AF35F1BDAAEEEBA3D71BB402E2FB47CECEE96B4DB85536772B07C82A34F3E66D0BCEC207FEB9E70643761276F7B50D5EE963CFF80C7AF4A2130F
310
5BF8C4EBFB5F07B709840480DBD8007FB7EF3F90104908BA457D43AA2A6A02C91422285E5AAC143F3313A0CB74D9D164933B86C25587134E8D342B453FC982860D09FD13ABE72055ED020E85D3E312F74C25CB0293D978A1C4001927C80B86FD06349126EC219F0C735C8053D8F5F310817EA01F1B7851F406144C211C6362
310
C27DD51F1E310C0102280ADB891E9B085CC528A2B1369A46BA195B9A2B351862CE43174BA73FB7CBB430A5798F4C54B7333B96C3224A9863AD02B9FBD8E63092191924E77C199D92887DA594B6DCF0112857162FD0949FE6A441F5E62E42FB2105BC405A2301A3424601DC807912CB2C39C604A27908021CDA30C4C8C2019A
310
883B3A8BD393BB3546136EAF561980FB63E9E035FF73B96D09A905ACB2C11D79571C5159026227DDBDB81396EB03F14100BEB66DE1FA9EF82C3ECCBE318119C4269FD014E66361FC8BB0B4EA9A98EF3D8848A01360430284335004C183CC25BCA82D2302EB03B8419241C64DF4F5ADAF77B533BE786334BFCBB8DA72BDBEFF
310
C36103AFB30608A0B39B58D93F0BF42180841DD26BDC22CF0A770E90240006BAC65197D90920131C7B2EB3CFD3C71C6378A305EE8488FC1FF8D391E2BDDB0F6E3F45E7C8207C419800DB410073A3173942CA8D5242642A74496FF115832A6314D9FA4257577BF7FCF8F8E8CEE8DEDE5EBE76DD3CF892BA7FB8B90F629431B5
310
525E92A15A3A4A6FEA3FDD73136172060959206591F4C927196CF645AA285CF3014630121754261C0D31E1A7E3DA2DBDB54B04703BDE3A4209F02045C4BB0F529A14BED07098A2A1CD47513DA64B512F409BC01663090796D787173B5AA141B1B39BB470EEBCF1E30F9D263ACC4D05110797CEF7B923B027F089F74D1D06F0
310
A4D8C0CDA6604023FCA45B76C5CDE0BF3845ECBE13E0C0ED73700A8A753C1AC8AEFFF1B407FC8A20F42F0D94019121DE304077A027D4112283BB8FF0072444D68AAD111D6F591BC0061854BBC048EBBE9E81F6A33A95C21BFD13AF3C7E7DCDFFEB0DE8903F77B41DF178E99C289895B0EA8CD640549D68935BA7C5294E0A1D
310
66DA0CC419BD398E6265789CA1241441AC94532A3C19C95340BEFC68703077EFC1D307B71F3C500859C11494838E902203A2BE90EACC5135B80B078804340C920C2300BCC06F7A1C71B875DC572C9BD1D84BD5FB9363CA6BA7D03E5C40FDFC54FC23C9B4B9DDD028787D89219038523BF64E638BB37CC25335937A00DFD328
310
69C5B390C8C32FF25C8C47A7181B4A599A224A9DADB0E0406FEFF9F183B7448F081E3C55024FB33828784AB61704482CD0160C04174F9E33BA9291D58C2F1F1B1B3B5863B0D9F3E51C35C253D54A23E560E2C0CB3A6F7A81382601C2079CAE96B7B1560D20A341E85A928A4E01083256420576C2ED477E2E565FD9223BCC69
310
1CF394D3D8E281501E0EE5C1C8159E92585D255CF30CC854C75318006EA4A01028EC853F9407C6053910BE105348324002260254886C156260F9189EE0F8C9A3CBAE9D5A992184568A69D5183A7DB97DB089FDC57AEE54F858FE54F577DBA85309640290F2D220952620750C5811FB772A7876D1E4040FBFC6474D51246D8B
310
3FB378283FB514F8AB3C20B8BF7DBE5DE541C9A5D3D38DDB30E00151E02523081BC89C2214103E0BC1B3D0199A08E002681A2613A2616CEDF0F0F9C5DDC75DA395C25C0309C03DEC8091A4AFD3FEB504AAC6633930556DAC86EE3561941E862C4A75DD6B6BB3A0C59BE153DFA73EDFCBC3CE2188D3D378FC976D0EF9A95B7C
310
8532F527CE3CF539581E0FE501291E9139FFB65EFF5DBD8E0C18DE3077170A64E033FD278F18068028802F156C3809FDEB11B1019C208D020C9BA2870457F0F8E1FDC7EDD393E3B9FC9C4308E9315704233F960E554802C14716B0B45DAB5EAB5E25AB7830EBB8D25E6CA94E4AA01794FB1EE164FE9F040FE82C940A4BCEF9
310
13075D087E85A7237D3CF29C47E4E676777779528C4781761F0BFBC1D3A77880E40C9A2E5109180D5255317890394229F0F082010354082D574F1E3FBAB7D6553C2113DACB97BEB5526C7C6F69F9310A94C46CD89FF8F379AD1AA035FD00FF3F320180F01417A6F255A3A8D86319FE0C0B0E06A0DCD33F79841339C01E5BBE
310
1911AFCFF7C1E0A540BFBDBFCF2372352686D863F83F59CB6865F43104007EE06F52406F680341102048A01BB048823082CBCB0B6AC48C313F3E7CFEF8F2D1FDC3D6F6F9F9D9E98D9D7CAE5EADE2A6512FAD7AB526E17F600C85550DDE9ACFE9D97E694513103BC69F8A2813176032C890C1E9C49FC09C61670FF8705B1D73
310
86260E7C8E7122C7F8208A55139E8C8D4763F7EBF5728DF9C34677364E3A3F9AEFDEC9CD95470788834F9FBEC512379890B38C94205B2557987C4186DF5C0837608DF0F9F3CB87B7EF6E920475752A01460E556919B2B64296FB9FB70DD5F47232A0F77465BF140CD001F00ADCA175090E2665A14E6329B62660E02A1CB50C
310
6025E3DA252A670B3F0FFAA5EAD94A509FE7036B159E0D1D9F2E76B7AE1FD5A606198D3A747AF450023CBDFD162278B9446688111009B4029B0F2180AE20A542D40610C073B47FEFE1416B2B12200F3C991C2F54EC2491027A816B0A34A9D05C6F437AC23462385DADD75642EDDA738AF1600DBE07EE8437804D2D011A94DF
310
71C2085EDD40266A407FFA1D1C00B0C03927E60338E3B9D8C47D1F8CAED578E06F7CFAA4BB63B175FA7C301B747CB377F45192003CB8FD34B12009224543D8604494011A80C1903CE0518C986208E1C5FDDB8FDA161686873BBABABAE74FA637BEA894A44078C19696F326E057D7F95D061A6B0394A9D5F2DCAAFE4C2388D8
310
A6E9AB7695CB0BDD0A332430F1A9333DA41D1FFB97FA09AE84E738C75C407C260408F8DBD5EDED7DE1570A7BE333C54F16963B46AB0C2B71208EA3D16EF4EEDCD7005241166C005A73C03164792151205C007288AE337B4D7103741BDE7B7AC913350B348B2D767515674EC6F72A0402BBCB41C81305AFCF05F2758D3ECAC8
310
D26AB97606DB9581A4B7A8FFB068CD5C0604E6849046B70C2B60FF0CDDF93C13822B4E82FA0479A68220E66D9FD775FB3C1A9CDBDB9829B6AF2F77EC9E0678FB20ED8D1B1A1A39D10F9812E20D6281F5673121AACAA9C53424000DAC173F7E18C3052EEE3E78E7F1160F5AAEAFB70E0F7775CFCE4EF384DDEEBEB9C0889D52
310
43BDF557559FEDE5F17AB21E118C4C31A3DF6A96B56AC62180293910ECD6B721047664BCFCC6B2DD3C65CA0F0C823DFEF84083C7ECCDF05898EEF158F4FEF97EB9C123F1B9D1D1A3D9F9AEC5F5CEDA84A3C96C14A55584D62893D6A54D8D2028D05C8B1F124884543F3223B29D208B04910D3FC43F5C52196AEB5B5F5E58E8
310
E82610F08C21BD443801233C0CE8BD1E40F84A1CA86001990048031ABBAB11EF83F9283EA89F181F2A0D9A9F62D94B7F625FD727E6A93F63F200F614F7CF100D4511C07DB45FC5F0CB4CA359ABE4774631FDAE85E599EA0878A3C33D5AD6430CF4C055EE5FDB80629000D7855DED3F436F3B61B3DC7FFACEFD2B1BC6FB0696
310
312CFA477CE87A87070C7998E04FBA78AE3F915A065E819FCF35B410321D9ABB308146A11AD5196CDDD7C477A171C8AFC74B45CBC6F641AB53C8D4ADA5870C02379BC0470CF83DB55F073E29CF5CE5F7A3F8FD62EB7AEB1774C2C6780B9523F9287193FD23DDB79FBEA513B45200E2E0C1B51350163AC19043C600F2C1DBF7
310
DEBA7BB9B5457BC0D840CF325EB0BBABBB786D301437000020004944415472B491ABCCEDAFC0591201CAC8EBFACBF367FE7B6E40E69F551BBBE7123E3C00AC560CE20C62436E8C3C54CC225EE08C0D74CE26148877689EDD004FB2BFBFFFBB984035373A7954EC5EE8591FE531348654514DB1D1C56411DFA2A7C212BE5ED9
310
1278F2851A432244C6822C29C85A8B320ADCBDFDD63BF71FD32648E7D098CD018BC35D7FE89E250EF2AC75F96C15271602687965C844B8807C6E7729D93F22E81D39ABD62A0820C1FE9F11CFA7208125D33E96FD69E83AF6052DD32D49FF0802CD9F9DFD39260389A950887A647CCC99BAB17132DFB5DED35138FB3A060F62
310
95AA5E195BF0BB56495A5A4A8FA440026E46A047D40ED2520A441C302D240F201FB8F7E0EDDB0E12A04D8816215A0579E8FE1B1281E9F19C9900DE79842E2A7CCD48E9876EB01C75DBA0E0C8D44AB5512947A00BE7CF5DE9E1A6A6BE43CF1A78783DFD5A404E4477336C1ED8B18908B2A847B2AFE9839E891137A6673BBB96
310
FBBA2A4B8E9373B001F08369BA11BE8ABC4302FD2345FD6014A127068427D007BE28B41D9B0D40FFB7EE531FA673C8870A69135B1CEEE8D009C08042A5B4EDA314920B635BF941E7487E45256439DFE9D276295F87E698389CD49FB394FE19720412DEDDC40E9CE9C6DD605E0B719FADC416CB15AB3A61F9B5B9B9426E54F8
310
1D8B03DD950946D432B40CEDAB7BB5AF11213CBA73C9BCCCDAFBCF06127C7980FE6D1DC9B4DF14832D6568FEAEEBA76FBF438300B541064ED33F3AC0B0D10505306FD370AED02859234402F6C3FED006766DDED2034D90D119057225EEE3DAF787EBF30EC51ACB4F551678BD6728E1944730C095F13E4D81A4DFFBF67C5BEE
310
37E62A85FCCEC6CC6C7BC77A5B477E22223ECA4FCC0F87E2A5E3EB782BDB25B8CFC6736A044DE5A7CDA604526361D650484FE283B77EFBD65D52C1C73C4F48E7D0D81ACF572F2E2280F98FB230508FA906B42DE240ED651B301CEC83DE1790C9FD96B6CBF986BECF3BD332C18EF627A0B6EECD5B152E02088D03D828AFFAD2
310
6B05BF671B4F9A09A8CE0CD2707F67F2A4B3BB75B9ADA331C1305BBAC182FB4A79820B7EEAF73199B8404C0B81231CDCBB871B80FC41FF5860E8E108222A1A076C29E6E03B6F3FBD4F1F295DC457573C7ADED636D6B7B8C88413DDF3B327E1046AA51040B40CB50C7E3F1D2E44DAD34CFA604029BFFBE714DF0C069908027E
310
B275F1F366C132E1A7450B04011CF82B2B647CE754F650FF6E25BF37AAF65B7BDA16CAA791F1D09F6CAB989EC5AB7809BE145FA459E8D3E4B0FB47DAEF093B946FED585B80FE1A0305FD5330FEDB4FDF79FBF6BDE81D8300CF6815E5F9896552412A03F31FCDCC7CB5E32365550CD9365FDCCEC8752E943161D78047336F8A
310
F6539840A1F2E764FDA2970999F205CD2BD1F5CF496571F76EAEFA0E1CF8FD2A55FD06391F9EEF8B9DC9994E72BEBEE1FC928E2F223EBA0FBFBFB4F2DF137BC894B8087643D64ADE6EDED67F7680FAC9060239E845FC94AE93D880F994FBF71FBCF5F66F9F32C292EA900F9C1E6F1105E81C5B5F58A067A448143842008D72
310
75EA3BBA3D2516FDF02FF79260020D6B3C714711F3CFB61BFF56A826E627E82256F7400FB387FEF23C1C1E77FD6A21EBB1B2B35F2F95E7760BE1FA3ABB3A981423477517EEE36FF96F122B942F6FB64D9502BD1B9089162532A2FEFED255028FE653C9F46FA321E0B588B7DE79FBED07C44106CC85133CA65190543004D01D
310
02D8181DDDA5A9C91A7110805B7875B689FC3902200FB192E7DFD936B37B57D9C338BD49E99E181F4E5FCAB2ABC1CA7AAB382CBC7D515457CFABE6FBC63D525E5CDF74B16378B9AD6774A58531912D232DF01BAA913DFB7D3AAFF912984302B84D0500077800D26C60A4742101DE420C610C2E92FA93056022EFBCFD5BB6B3
310
8651470CD33BD87630C05831BA864C85997B8754B05167F0706499DC442FCD22592AEC2ABF3FF13F950039BF159FA9B36ABDB2778EFF83F70972B83BFD3F4899E64DD8346AA495CB155A7499F2CE39B0AAE755125EB84FD8CF8D8E4F4E9FB4B72E8F1DBCCB98B31BC4607C2CFF21C8145FB48EA0F2159F86A3098415609554
310
DEFA7B27EF1301033DD06D274BAF6821D220DEF96FA4CBB60B3CA241C021D38E1AA76B4406B4767576166766A6C7F77273F5F395291BBA19F64F2E3095C14F3E60371827741CB27E89543857D6D96BF9A47C6A9A26057840332EB843717AAD171880217B71FCCC0355AED3D4819911F79D0EA8AD6DA31A83E36C5DC2D47029
310
5C011302387069158F6C9966022367ECF1D00BA9BB95C389AE7B6105A1FB640689033A7FCCFFEDB762189103A61C3A4FEFE0D6A6B5A19EC5755A443AE78BC5E9235B047890A65919A0D2F96AA3C01CEE913BB3ED239C3E0CD8DDAB99E4348BF3F8B977B6C43DEBEFBD7721A839A63B94C06A10DB87FCBFA3C2932F8C26F88B
310
6D6BB30C3C4E09AFE40FAB52EFAA1EC0316920E031A46D65A0FFE45A673432E907FBCF86717AC04F2CD0EF512D665FF53F05BFCDC43489F150890C60A8E0314E70A06F619D30D841189CA15D3417F3CD50191AE4396543F0C42BCFD696C58DF163F5B46D708BD5FDDA5E5E5FDF9401BC4F7E00E8A17520833D1CBFF495B5D1
310
CE037C664123EEE74737268B5D1D3DBFDA6AAD8C08DF2C0BC7A737E10AAB2A7B958990CEBF556CDBEE823CB09FB344143463C630CFFF585D330CF0320E921744A7918280FEEF981161008E9FBC78C830217A07B7D6985E83F9A79884ABB5AB383B4D7D788F9FB3D867A2112A43F19042B33A108690CF6F472F8661CFAC9714
310
78757F6E6F2F7AEB82FEA85E5715941778B278281F28C268AB24BDB470EF3303E09C359E9DF1CF990D8A096106E6A66C8620DDE7D281DF0B2831F20439A30D68386CE13E002F7EDA8D7806162B205D6A19AA1FABFD6B1B400EC2BFFDD66FDF7E8755B4883C043F43046C1326136680404F1F934EBDDFDD39CB58A98DF1BD78
310
80E0532E671FA1435E9D6EA5E9071000BE8F262E7C4044FD95D5FD526EB40A05A634775F32205C3D779FDC168CD5E56BF982508BF572BDA4F6F57D3304BE9EB18149461B12F760D7485891CA47CFC44909136FBF4931716A2E100123FC6CCAA6A644F25EDF4AC980B14039009BECE8B798BF69A05DC5B6885CD23F8E13A46F
310
F0C0A986D617F001C52241801E87C2974C31411DA3A5D7B6175472763D637D3E57C33B908F867F4A59CFCA7923375E5F027A983E18BD7BD4E6FDDBB2250C1529F4202EFAAF979DFFB1F2612E87EBEFEC58581EDB9AA95AD1D7C1905F7305BF8182D5BBB524D47C4E3B81CD843220DE1E6536497C0962C225F75A2D6A998303
310
B23FC501F0B3F736EE1FF01200FC8C99F5515207C9C40081DF304C0A17D06E26CCBC5B3C47459308178301FA8057C2C0AE9D99B05F038828B08400F2E3251254DD7EB8BC4853B101F99AB48E387457C96951E5DB670648BAB70A7B04FE93EEC5F5B183F9739C98952C6845C380D401B8FC86E70A20744EC720E09D35955D96
310
A9041720196D183AC2CFE6AEA816652D0234883D788BEC8F5DF2615261DB031C2381092401B48D8D2D870FECEA9C3D99DDB036C8A051058030E32190976718C89F031DFBFF2EEA3D88606A8A19BD0AE305BDFD12BA4FF46F1A0002B07137989C748936E9DB2C91F43B07E4E4D16C3779CF5A4FFE8CC981F07C29E34B7C012A
310
F0054FAEA4A6A3D49D3A16D2B3CF220A029003366663053C89B3FB1827080DEC2780076FBFFD8E39810CB0593CC68B5D9009F2D400418028B0BC6CC74067E7C9CC0C2690FBB084AA5254A12AF63543B35EB40D17B693F7E3464D5094C00AA9E04E0E0524F5C35C5EC6BA94B21AAF2440725E2A9FF94FE7A8F0E769EB83FDEB
310
039B631B18BF396F5C13CF89ACC02C387DA56DC3B1CD84B96CFAAA37B55FE723B611062258257D331F186AC93D8AD600B4FEF4AD777E4BF68F2168FF08C081A37AC13446C859964803961928476D78F68419390D830C1935B5C2A0A22A3AB17D3D6428BF12DC373B8D464E04C0A496BB3B3B75639DCC2500E0F0B15FB6F47B
310
5A7ED0183A87CAE8D535F2EDBD4B3B7FC762DFE65A07C30B2851DB890082ADC07131EEEFA3DB7DD5CD32C0860CA83CD4B7993A175F422A8149B1C1D94C1145059D9C78A8A572A90B7C8B1E3392FF77A80C50220880FF3669004E90F101740D2B808181455A044904674E7482CC3EC85C4BCE339404C0B0BF6A5611E4F9B815
310
7BAB6DE327EC9BFBA1B4557ECB609C1F45326499EFB90EE78F18227F09E563C9E63D847EDB3B68EB9C39E95AC4F7ADCF7D87F6752BB6912040281E4A0D8A8314E80D60470999B8A51FB1488A66A9F3F81FFA61C83F4FA6969E472288FADFD61B005E0EA4284822E018911828E868614DA0C36E11F3A051070BF2F0840E35F2
310
00E2C0C80A776CC9E7E6841C0503D0EDF15ED9AFE527E798D23BEE5F0604E58DFB7099D739BF0BA5D332EF29F1535995BDBD0DE681C4F71DFE6A7AC5A13554AE6910963E9ABC9A0DB5B202225545F5CFACC942B5B93C207352B6E5310BF349AF200175D7DFDF78F6D683B7C87E087FA9B35812C4F8F13452CED610A2207541
310
E6D659A739441F3833CD0C9C3C3DC2B0712F62333C4FA9327C9CA1124904B4FDE0FE21C119776CB0C212AAFBA5CAF80EB43772ADFE77CD9FA8A4144C54C2FB2304C65F62FC3678E4F6C68F30FEE1BE8383CE7DB86F58B1AE0C51F0F055E188D02F00911DDB0991832228B3172B3E623E513FF1734FF414A611A603163F401B
310
EA790FC9FF7FC3FD3DB02DC00184145B850D01D120424DC03C00FCEB7880EEEE939399F1F18DBD4AA54C939899304D913CC2D5CFBC55E50C7FBE4C0E14AEEF53D6843DFF56BE2D554637EA047D3C210E2C61077875FB5B40E19F43AB7470CAFE1C0D3ED3B3B4778D1DF6D4F837C08747180FE8394F2CA1E0A46B6DA62CE2B2
310
DABEDE0B1924098580FC16B369730E9E90541D3730D47FDE16EE1FFAD3419CDA05ED1F2715C607F2E81893AFC5936303F40EB776F1D808BDE393A3FA401E1C706E154C892860AD74A2949C409E28A8FB3349C764D13E4D1D3468952B7B1B35001BF41142CAD58D6011C8B78961EACAB66E9AFBC627673B61FFDA4167950A27
310
4145BF11EA17BA9AA60815C2C43AE1F648E3772E53C94E6364AF826019E723069A8AA353A3BF7FB5359281700061FF64C28C10B9AF0B70B0B0D30A31CD1CFD22F68C76DA1E44558869257892363C091D313EFA46B57C3BEB252E9C6BF5B4799EC58F1910F469E25AA17B343799DB3E33CF410061F96C6D63FA91B1000CEBB7
310
D2971BDD39A2A76361E000F5DBC1688D47CB812DD60F8001AF25B328D173A9E4BAC18CE9F1F628704330741B2649B92E9714447C68559C6CD2F681919367E4811100750058809D0230C087A89FF3C80C23C4C60882E481F48D531764BABD5CCECA308DE2F63D3BB50373D630796126803C2D1FBAC148F7592881B395ED7D26
310
B7DD38D7096AF98841CB37592561D9C6565317AFBE9FC4AF7371E060736C7635E0CBA1809FC80F544DBAA1F2F9393D970D44C0615A0C6930E758B9E63AE690F73045F0C8C0731DE9CD80F718E94652383458799E02C06D328010011C7090D8C5E5336A83D4059953877EA1E1D66FBE994F04608C4C991917230FB61F9AEE18
310
3A40AB9108D032449FD1A7283DD25ED15360EF7EA9303EDDC0043403531EDEAB10DFF87F5E2FD56DF0F1B701A9F614DB17FA0E0EDF6FD0B1622A81FA3D1DE5A33F551930335C353A87F9AB05C60455193448246944A232C5D07636D864CDD7A50D0B4440CDCC465D1C418321F50E1648D500294065D869559EF3C40C8FCC6C
310
323E989AD0F0C73142480B200842802C061008B480A9954AF282052B3AF67350FD0DD30D1F4075AC303A5D490250F5400ACF479656861E4C77AFF327F3EBECA4B57B6B6C8FF62602BF150744656A87DABD7BC6BED50527B2120C001A0B3718C74F0C65CD34F275164D7968148DDF259AB8AD6CA81CDA4E8819509B996A7F64
310
2D987A401A2B04018C01E6C169A8700F9DE3B489DB2BC49C9B7B858A4F50D22AE15428FCA4A1EDB20C83492690CFE361CC7F8C8066FFD0D77AEE797977F468A36E0B0DFC87F90EE6348BC748F7CB73B5B9DD5C6EE7AB19ADBF6DF359F1DC2A0F9E44F213F8041F64274C0859A2AB7C37440FEDDD2F95BE44065F22067E3EA0
310
CC3BD8C0D8194EAB291CCEE20B9CD8E02950AD806080047A279F19024C837C848816719AC4A34DF8F0706CED904E8185753A458A27E4C1E37B5F30A104932BE140E0BF4E400160F320B054A8705042FFC47B4940810173F9C9E97240C7FCC3F3813EA239B745DE9F1B1F3FC2F9330374DBD1A7B475923F9A2ED81716D18D1B
310
577DAAB9D1A0458655AD3CA7E211867AE7C702DCACCD291E0F798013DC01BC326087775C0833E04EA3778FBCB8DA4687A0255CA0AD210C15661E4E92001A4449031D1DD27D327334BE830B64DAD90CBF537A45FBD4E94A7A88888E715B7E74FCD040E818BDC1BF5AC609CCCC015DED23877080FCDC47BD8EF3A7B783A17D33
310
F3ADEB6D6BC7AD75EA7C7852C5B6FDADA6AFEFC2D181C03F8C40DD8A4AB5024F0B72E34B57BC1182472DC80946789AFB711DB7F1193C03C893B0345F420246114D3EA71D04FBA731C0DAB0D3CD311B218F0D5A15ECC105D02F3AC32F13600084731A83220040019B03180634B5923D438300B05BAC80881F061095FED5D572
310
A3323ABD83F1D37A2301A8C930AB3F66ADF7CBEFED30BAAD7D78A06DEB6A87F15491F5AB7E25842B6B34BEFC12C8A159F187C64B3CBD2356DE5FBAB98BBE9583F0E3280C0076DA15BF34C15238145742B07080B1EFB83382F9FEF2239D003541041083C5AF9EF3C8944DC2030BC3ADEDDD9D27475800693049E05413BFB3FE
310
B4308731512F13400D06F813368A0101D8D863EB3E75FCCADED124F532AD3F123F131AB46A93DF1ECE7F96CE9EB6C365C6D6A07EEC461FC919FE288AF7AE1A7D012D291EB073735FF26BBB1C99FB706E972192819B7A34BF22424BEA1CC7958AC2E04BFC8E02DB90A4A1DD04811ACDBC181037864672C78F6C0EC3073A40CC
310
49D5E813593B7002763BC6A909D31AC86F3F6E335C9E1C309BC58F16418642E2AF6B290A34FEDC0CFEE08FCA0F56700699CB73B9C99302AA17BD516D7F1FD755A2B32B3FBE7134D3BEC813195BD355020A7DBB541539CD2C06E45F46FC0EE08293E6C0E1972176D9B678340AA1A4823404EF79B1E2347E47C35D0A2260730E
310
0B513025DC0BD1C07E3366E9B9D17F767405FB531070700035618606F0B40C73C974CFD321B0C174A80C0F3AA54945FFEF348F5488895713E89B5C98DA501E06D8D24FF04FF0CD7ECD7BAA755A854EC6A180AD13BE094E8D5D63BFD6DFA5F5D3E4DB1BA18FD8473DC6E17FFC9832B71A2A94D96E808BB53F9192955D62C82E
310
282B05168AA0927D54AB20A20A74800B7CC9655C8B15F62377CA4C91641F9F4D0478F4FEFDCE273A002CC0A725EC165CE3A149F0333E8E9600B2C05A7D15FD831F0938DBE5D0FF13E3C0F0765965A0961C3FA86DEEB0E28304747BFBA5FCDEE44C23544F7BB7BF7A132DDE34F99E44EC3FEEAE92F667A10F7E90B0E8C6442D
310
F5A5318B0F816311DB2E6DC6F172C363FC800EE09186BB9EC82A24C0117700CD884AA42023B81EA6E0CF8B3056411110D78606EBC5AD5417B45BCC8E61EA01C4006AC233933E35D860BC1B6CB9C9CCCE7840D2E0C1C1FFC11CCE54D59300F2B47D66A10F09D8E24B71B9BDDF98FB62A3B897C53EC88D16D1FFE8C649B17BB8
310
E760EB20B784F52F992544753F2CBF642CD3C9C70D8722C197142C567E74FB431EE248A8F3FC00377F5142144A82FFC28AC2970A780C85A7EE9146FA4B2981F3C93BCB0F3FBCB6DD3DE69C72B6073B99140DE28B8E919D9D9E7C2F5FA99FC1FFD07E9AC0965CDAEA0A945FADE52C791EA989E8E7A21A355FB37E44405D171B
310
98A6E946DB26AE71DBD01FEF07FD378F5B4B518724481820890E7486E3FCE61A60E096D577701890EE07CA5D7F2B086040749FCEF3F81972E510A86359C9BB579883035887542090614E5C4461705D7CA1CF84DB564838606CF1597E8119790D021080C935A908324EDE9F60A04B7830A33F0670CB08605B8D01BF9A3D4356
310
93FAB4FD84EF6754930640C1F9D74B052A7ABBA9F502B39DA3BF6BC7514EA4BEC71D752BFDC198EDA8DFE8F32B3EF811E4576B0A2074B99B070A069F60173E7427BDF285024E35A4418B7A412914F2800F1965C4F1120A2D5D2C64400563D5942044807BE7C738EBF3034C4A6F4D70C04ED1F97673C039FABC4CFF18866E08
310
200BB66BDC9CCDCC3FFD1E43BEFC52C317F0F5E64900FBFCDA4DEE68768FFF46350E0EDADB7B34DBBEDE3776BC55599AF84E312229F931E700D04478D66A0D88D09B2276141AF0F8811C5F8067DC04C0F90929F7F1AC9CCD368488AFB965C97B855A3E2E93AE5B4866502E55991B82D4388614F2C36B8484A5FA06E3EFFA98
310
4A6AF17D5C2073299D9F12FD63826F67FC460E54030981684E9FBFC22009A3006962285FDF4FC84B699FB5BEF3736C6072F6844C15EDF25883037DE6BB7AFAD6AE164B367812FA8CFCA6FA25725D99AEC5C6EDEEC64ADDA2BE0056002032E1D7A20A54CF444E360D520A5B69816C0A953CE0434A8A898BF18E2B704588C01B
310
DB2133342F5404FEE698957C200EF54E31BE6DF4E888C9C67F5F3F1B41F922777E7FA6332677C20098C59F762F5DFE4A23F9801A3BB6F8A4F66E0D40EC867E92DEFCE84C714FC7CE8DD3DD3BDBF9C781B1C3B549FAD2C89D711808CAB100E09700BB85240374A7209212F320CA577222A7020E7824500179FC7096C714884B
310
DFD9499E027ABEB3CB0226CD293CAE6E0C41A6788F396606A073E28CBE5CC67D584D36CA39D37974FE1023253E3FFB007A26F657FFC901D851130DDC2BF54884F20D5D40A0B7E5C7BCC7CC87B84F2ED820192CCE1AABA1FF24ADBE1D03635B5B3B53D4A5F84120125FADC36A0E792D3AD7E255792CD5241A4C84171F110409
310
0017DA493D0A7790A7BDE6DF326180398E4B0DEADA5C2763825E43E05C388E184678C88CE6422606C017F030366981353DF03A753DBF6370879F79889DD0BF75408724DB53C5B0063AB6568D02DC47AE4627B58D7E367A6000267E7840C23A0940B992DB98ED1C4731B4FB4DCFB6D3EAFB6CAC7646F0335C5031888CD74E21
310
03380260AD47176D703960230370FBBF28813524C17FFFBD6288BB28E4F905ADB4A788B40B4A6201C1878BED224DE9906C4C79EF32EE679B9F5D3B5DFA137327320643909A823F62106CB8F9BFE4BFEAFF0FC7A6393EC7F64A698EFF8ACE31BA05ECE6DAB6DF124118D1D13F892F3D3530602E3F3ED3D59DFB821ECFA3D9AE
310
85B1ADAB9E328DE738BF55D5DFD039445AE76D0194180F57B15BEE5F09C07F952F9A10372BC894CF7DA12CF6507E2A8916E0DF430C519485C55D61EFE209912D8C32866214E121611E22A0B1238DB18E86636A3BFAFD5B4EE02FF1E505F902BDF424D0516907BFC95EF3A76B6B3872769D67E25B548F0DA46E2B93DFDFD5F2
310
B9E9EEE1EE1DCC7FBE6380DFBF38A165CAC73DF912AD76A4690D2B766A3EB4AFA2D05BE543EA20B095FB17AE3F1928D84482049B659E671A4763CFA567C08824913D37F2F92F841FC244085C1681225C04AD6DE1684831682CE0D6096B56101C0D4FB3A1BD3F11FC1105AECF5660BD3FEEDF162B0D9DEC6DB55AF27FC98050
310
BDDEDFF63ED14B01336053A19DE9AEF5F5D9E9D9F9E19ECDADCD497BCC57681922F327EB41FF681E17C1921B04FBAE371AC69E53F98183E91B84897A5DB164158BD1D12FF6F6BEF0E02847727BF2628F9FD48B6FB11DF6928C868B29590A0606F92140D0C08850DAA7DD8A5FE8A50389F61288AEB743E9C801BB67DBE0A7F6
310
4F63BC87770FDF57AA73FE1F5A84F8DD3AADDFC32087FBC0A7D645C327B97D65E7A8BBA76DFD9BCEE1B1CDE3F5F7CE4E6DF4013ECD7CB60BD1239E8A4E9A5722AD9C4FAC8F7FF17B214AF8801950430639A08E3ABD05A0D94E253BD5951C885B0CE750309070555FF21F2EF83FF53F4E15038B8D8A244740A5C9CBC120043D
310
A0B323FB1DA0A4EDA268C05A304619505000BE10415DE898809DB6B66896E60AE347ED3D6DC707CB7D5B5BC374A158EDC343D0EA61C217D4878CBBDC1D85686782C3CF4272E7DCFB5E9EF628F5A95AC1AC0C6848F5771329EF8DF2BB79EFEDEC8DBEC72EB7F245287FD4B31008AB38EA4D52F2BF57167159E3004CD8950E21
310
7DDD6F699FC763E9D1A0AECC701F7BD4430A3E030374066938F883C01DE40E7DAFD609345E33570F4CE6BE467FBD7F793B5AF2A9D331D86DBA7BF98067918F9FCDD609A0384B523F4413B574B818C6889FAEFC5E7B8F90CEFD62BC2C85B2478D54DD076635BE434FCADE68B3ECF1C8708E27863DBEC352D87BCC7A92A8E135
310
700CDE65BC114026DE5DB68275E656D2C0D4087293D43BB4C9C14EA83C0D806783B40DD7CD4F19EE9F33801F55A3F1FD600017A6CD5DE607783D5F74E34680E7DAB98D99F6E5B5ABC7F7DF19D8278322F6A97FDB2FADE1539BD945DDF868EE2B8B70D9EDAA45D1BB0A5801198CF1DA891540474745BF0317F8A3703E02510A
310
E94B084221F887FE950272D62D4232781054A87C58D015CD45EBF9B70E60820A2056E9D4D619E8494BBFA68B61EBDD8CF52CCBA124BACD4A4077E8420A7F36FCDAF661E577B792A7E1B7E337C7CF1FDEBB3B49F501F3C7366C1730E793F51FA20A9C3D2E9F18E63DC277449054CEADA36DA0807467D45F8A744E1BDED725A0
310
33868703F1392BBE221158220588F30574A0B0893D0515B0B7C404AD0E7F40C11D504C49BD7DA39A85A19CD7357DFC966E5D92272FF06D59CA5A6A1C8AE30E52F1247C1F1D78F81887F9F3E387075B170F9F5EEE4A7F5BFC69DF02FD8795FCFFAB472E7C88D563DA514861B85BD41594A75F5E866BE69471110A9F75C8609C
310
7E6BF6C7C727431EE3E9E3773D2378C25226E82C08104A57ED273FE0921D6990E02B006BD038263BA360355E8DC446A380F0BA35FA9945A80CF60DFD54054202F91897C241C147D59F8E0FC67CD0F2BF377A3463F8BBBABCFBD6833C57E214AC3F5AE9C2FDE88852968F20337972C7E04EE5658223008AE82D93BC37D8DDD9
310
00BD6B16EF221F0D4149045D740A8A215D4FC186C658E01994B8CCD317465828704BB630DA2243B3B4ADD3EA554A97408454148C04A1A0CAAC2E04033C04073851F54380E0BF2DFFA43FAD3D6B574F2E1E5EF6E5F4FEFBD1CA87C161FCBCF5C7AAE2F726F814027BAE10F79BC3D765D61D1803952210A9AA07F8C6BB2105B6
310
1145B324F96014EF223D4A9261080239F03FF6F4DD4975C183B887E081F7A467A25EAA0C94028FEB808637768B07400A8235D4EF33143253198900E079E3FACB0C59B00F827A5785A6FFE2FCF0C0E6F1714F11CDE5140D931D707950631F3DE877F300002000494441540ADFB08704E252AADE1BD4E8DF55796A32B9B6F177
310
37C67702E5C638682737286CB0E0A89B624D5BF28222432848C9AB8C07170C97B814FF492A61072407D638006F7C8400860444C01B1930A522788045633DFA9507267A3A42BA05925BAD705CDD3792FA23C1075C6EE768A673919EB6C3FCFE7629B7310AA794CC9C0D14A1FB88F95C845BF22543F57996E0B26C9E4C2ADF18
310
7F979F8A55F11B47BC26594C52588518D25E6C2B1CCED231EA1B748F093E5726A21A54C91EF95789041030C20FD5AD68613432E19A4D0DA2505B6BD843516E10BB00AF9AC315EE9FDB39CC1F9EA59CD88F9CD071D470C86C4647FDEDDBB1CDAB81DA94034747A779F4CED497CFF817348F69F52E55490840E48840BA72DB71
310
F3E84F6DA2F4717AA928F153DA6E4C7E8E00363CEC9A2E1C8E65F298FC4A52F087FCDEE5CBA38A80CBE11FF7BC2AFF249203FFAB77A128A001B1987BD334AD9B901890A8C2005B6B248196AD09C0025ED841325B31845032E327C531C839E66DBAB39566B631C2FF0A1DA5A3CC47E665AD8751B47CFE33899DF047C9F3C365
310
E3B11278D49DF939298E09002F6430F9958803309827A7C791048CA070061B7E9A64C557D235F83EE24822E5EAB805F9862F20FC58F483DC0EF02181F572930205107E00E523861895A2811309808F2B6C14B2AA579E893753C155D2F54302007E9FF36AC5FEDBCAD47E182D91A73920CFA5C18E01F8FFF4C3F1FF553BCAD0
310
E58DEF85DD63B91BE38ECE1A9FFC4AD4A1FBA30D462C328C5A0340DFD393D3D3D3C0659195C96990F391EFF4175213BC74C020922D4830FE215E76940962BC0713A3B82784C0CB6623DC40D6E1485BAD454F6892200B225096127FBD82D2B12006BAE2E329C771E25FEBC0DAB3B5395289D56D7A8A89081B34EE06F80F819E
310
FE75C67DEEE95D227E283FE98A7B9F1C97D2D05B4D07A469153C3DA3048EA68FA667A6D90E291C7D7E2D063E4D044964D055F2DBF3E31BB851AE9F78A0A7314F0AD24901F581D74A6929142039C65AF5830D1C809536CDC05E4BA51038F79D713DA930CF18BA3010E385351CF47F74D439BCBC793556A1F99814926AF12835
310
E251C59BEA3C083EC2B2760FEBDF4304C9EB87B35769E1EB24B648542CFA4EBA9EF93CD42F03C08F249A2C98897D8E2225E90077823F4A52171A61219998CED6FA050992B6B0A74A2220ED12123004FB977084208F8E2AFC80F456CB110BCA647A3A0F854085D84FE0052BE31FFE7F925610BAFEC06FC33F9931BF063F39DB
310
3D1BB20EE357F594045F4226131578582CB055A59A073AE0413989D215019B6EB8A21CF154D71164E0D8F4E730C2CD382D098DA5261456A425643686BC8301710F2C50665881399156AA2B4C3191BC555728384800CE10040F746A3D8A80A5F0E500A93456FEC52833BBB45203DACCA37FE1D3EE4B9BF0EC27ED47D89B8266
310
F11EA2DB8B5A8BB93EAEDF0C06B7AD0402B9EAC6E787365535AF19F15158308A9D9785C1BC1C01377F8C6B4D07B50DAD25649764A91DC9812C7B34CA98184084F7C01055466B48058CD44085AF26648520C85C41C67805462D8425680425559F4440F3ABBE1F3F81B1EC72708767DDC8FFB6465796C8FE310FEABE0C9B242A
310
74137EC3E0427091967023299BE5D6D4D0C6D15747DC2AEA4ECC57C72856E827D33CBD319D70FF854369EB841282F84B7CA4881447ACFCB257E252E00FBB3272120A75B99119840858486615636E0E0334031AAA8C08A62E080053A0AAA4158431EC727A084021D41CF5D630C94184F6FE7432E8F5F9A4FCDF3EA7CF136FC2
310
988093F98ED622E38E4976E1BF0CF49D2889E6DF3566719FE1F9B47A2D3BF89C69155DCF24F88C609EE551160F0415900B4C48FB013D8900A9192A700748002924771A3686A0A580FE4009E00ACC090253E280B90AC15048E047020483A038A60ED232831F2CC90498648690D960C48E439F18F4DDBEB0B6F5AC7B7B89F623
310
0243B4FA160A7B9327F3AD5D937C8BFFE5FF8B3A5E64283BEF8EAB9F71159514CFED62DBC880614AA1F7994CCFAE7D8C87057F451733699B8DF87056E1F0654B5021E38097E4E23221B810DE20559AD183A61C2C88A648DB096081E9801CA00BC1DA0124E08DAAC15FD2936905CA8DA1C40E42B13F1764E0C4015EAD7F8BFE
310
C99A310B1B7C0BCC7746D3C0702759C89EAD57122092122D1F857067684A578F1DAB7EAC400841F493A468113282FFE42316CC74C756B1C880FE78795C692813CF4644480EE9B02991BCA257A71861F00666D9410288487618D120D0E80D7773E2B7DD180E100EC98B221C94BFC4FF531A09B986230F1CD08378A8E4D0FDD7
310
D9B1BC75F5C12EAD7FF83F3ED19EB018620303C217A6A35D826E72ABF2D8E2BB1B783F6E48D2E3F360806E1D192085D022103473A10375B63853EC54F500B5B064DBC20945B88160DCF7E4F83A0200BF6FAEAC88E9F54D22D898E43F378D20B51B5D6B1457000922202800DD401A9266483029C0D6D57ED80D42A0E6E08835
310
F0F3AC73D7FAE6D56185F04FC44472B854EB7D9CBF7134DF3DDC35A9F6B38417DD6F508B37C1A718B0D054124176F7222F62DFB327F34D451799D56216880193254FF782D7DDE26C271BF38C6E422E271CE4AB8823C9510F021126A7A944E00DB4031D013C88EA0746C96D4574069BD5439C4110403B40020C30B07A604F1E
310
41D19C21A93FD9002DFC35F23B1E7B98E95E38387E3603FE7393680410D702FF9ED5A3C5E5CE68B5827D721FA78F3A9A0C08A79722D9C9B418F46C0057BB1640C70AA4A03D29CECF33987596D53CFB27B32C3BE304C540E14BF8464E080918268D254838C91A01F0FFB99154FD8A9C0495EAA6534A6C464440B4A71E16100E
310
7405088122A35F7A511DC003D002E6C8E7E15F6D1D2FD09014139EC11FDC89394621F77B9F88EB5A583C41E2FEDBC8F82334494C0BFA97FF3C3A34ADE60385B60E5A30CF036E5E75370BE3B83AE73B3B7DC0BB337DA0045299ED0C66681E4AE223D01B1BC3BD4C921E2005FEB5114739040758189BA8A320067B62A3995E47
310
20055065AC2B4A8006BF8CFCC907C0063EACE41813C5F017065AD46CFDC6FF1BFEE052932CA3478C8E5A6F25DC8503D40F61FC1B047E4DFFE8E84407C81F1AC7B5C79DA358551CD0D13785A9AEB38D6EB68A0A8087FC6543E7471082873CDCE5CBEA1EFC5CC0579469E225428E9A43D6A6000B4219DE52E8DF00A55F4BF503
310
5960661C2DB88AC1F67C2890A93FC420193C8326409E7B595FBBBA9AE1D1511B3F6D65B09AC10A71C2317201A603E88C56CC68C91279E83F5C147787EFE6C675F00941D23EF092920330982DF38C65EDFCA89DA98E8ADDECCD77CB86D85118F3DD9884820B1128010D02F1060F582871CC8FF42024C02239273A1CC3BF71E7
310
70DFB7E96081682803188118B50310BD620234F230B12711B063E0F0490FCDA9248B580D3D3DE944A30CFCF2A1E0F6E59E8FBEA289CCCC943785BB8880ADA9C2FD70F6A13F5418444E3A669273C006C4B4EEEC067827539FFBEA9CFF04D84E7F170480037005AAC8829084329899F90B5E013927F8E646514B4824B01D11F7
310
2C012CEACD163B6358A4454A4221D06E68A71062520649BF9E9127D0772D6E5EADED52FF216BC2FC513C7D3C5CC4C8AF009811826AE20203B076A2AA66D8D32E317DEE0EFC000FCE16D9E0BEB17C74AB009256C5D8AD1CBABBDA61402612C675FBD72D07E633B1A42F2421208CE01397560811204306617A5141706105C9F4
310
984C459F2D0F6C392FA05BED808512B0B9A8A9FC6CED89640EA347D31F0DF76D3D9E61E800FE9F7601BE4C9614A1C58E6C839F13A12D0EB426DE6386B82369A9E6A7F1F9146EB578A2EF4289AA109B4F6CEFEC0463E0072A05CC9DEDEDFE08407B173B8AA65399C80B2911252E6290C82CC1B8909140C11B7AE161B42B9390
310
5045D017E00CED6D27AAA15F2C2179F1E83D411A7020B9408D202381E7E5DEE5A9E7E5CDE3B186433F488AC81554BEC09BC579018ADD1DCB3D9D70F02B14BF9159A4DA376225FE43DA224FED327941705DA582B2FD1BB5DC0540667B650BECDD1D5DDFB0C7F36DEE2B94F6EE2EE4E426F20A1174C31DF153321A24114C4FFF
310
25E505475F6906D4149B21F1BD9D9DF7B059F8E0FD83323CB97991FE80EE131A9003B81C491B218B1D42C0C0D593D9D548003839DC29A740298B0C23F0CE14BB167BD61989AEF0B985C8FAC8F923A73F31953989F0F6C96CA6C4D0A9A88184BEDBBBDA3BBADE77CD8E2FFEDEEF46184A86671D7DDC51417477BE9F04804F30
310
5AC82C2D018A21EA903866A0F959FBD4139916D036635EE03DDB7408BCF0627A03027AD314C09B0A27F0A79490D53839D0DAF1416995CAB24101FA63F75029D57A4CBBA9FB4D120ADB17FB5A999FC9420DFE04FA670430B90FE7F589F7FE8D50A4B5F004CE5F07EB4EA007F8AEAE8E8EF7DB3BE2F81F42166C7246FA9E62D0
310
2C8209BA1024414C483498B50229FD923F2414040B2081390AAC353B5283EADA12A30B1080866D746B9ABF5BC107F33C2A015B275480759334B83AB02175EFD0DEC785DFC505E0064F4EBA5A97073A74C5C9FEC97BD25D819E28AEE661FD2732B8BBFB1BF13441B3C1F45E8AC1752BBF80C113DE960E0AC7D9D02C58C80505
310
A19BA0E84B14402601A590A4AE00A825E98C3212342302EE10FC5100681F86834A2804BC409D70270A2091DCE874B16BE0706C974EB3D26EFEDFFCA6C4579AA4DB781708469F055532A7046C6BEB0CF39F3ED2EC4FBCA3D00EA91CA68FD2B87B5C191E0EB2C300F00A1C9881F263571C6CFD83D079D09F176FAD839340CF03
310
0F70458F81F09AEE1329505150CA0A00576B56C06D58070B23086F685E44232D9D53DE3FC3731044F286D19F459351863F749F1104198D6E14BBC68E17CAE70D7AFD958E350BEBBC70C9C4DFBA075240DA27D40AD7DB063A097DD3F041EDB3E4B682A7A12A548F3393DB01945547175879989302521EEB1431B08759B632B1
310
74E0F700E774FCA1BB83F95029ED1A084288C8893520E49415E00DA080AE8027C34206D35491D050A4C6B080F6A20889A2FF82379AB6234F6710C05F9080ADF002B9C9F9C583AB220F45D618D7E7F7547FB27CED8A8B7A7D24EDA4988B0C1C2A1AFB53FDC61BF3DE50D63C560F0120B0372F0839DDDAF13E583B868717C1CB
310
8CC71D1D7F440CC82184803144196EFD58BBE00B7EE77DE8C015942357FB06FC906A5E2B8882CCF9FFE184B0035A5CF186A962A63F84B3AAEE3D5A2C830008807568B6A9F424086D2095A3E262DBF124350082C4B5DF4704A9D2C93553DE47BD6766B69349610716999FA25854F759CA9792599D3837ACF6247CE8597B0F96
310
0FA3EC45B61715050260C5844FCCFEC9666BC71F875B17E3BCB4CB151405D7D08F846B4CB952248B4603CC402B609E90F0044A007FA800EC46D07A51232B00E5683C55D5096E1374DA4FCBBDE2C25A5B8D26008227CA7758033D7D70DF12CAF7F247939F93F1CC63047D63ADA0B7CC8771B234D8095FCDB577B586D1834062
310
035670E204B245EC093FCBE15626C10D210CB38A13F50E10A0D5C0814B0C4B30AA9858516001669002229618F100767AA3D6D2528595FE7A398C2D2300ED0013A0AE60B91644A057327BD3C36BEBF48C91279B45F8BD145494674AFB211A91977CB838DF35DCB3D6D6AA2FB2784B591ED785DFD7DB77747DAC9D2F7674810E
310
FC2895F9ED8007EC7885101679C06F21E4B1C8A6120956F80518D1DAF1717BEBFB5803E20C6F2A11B2E48AFF4AD2810A70054623E341B3D1ACD92DA91150DE631EEB2C28882D092049C0DD38E262A7BD6F98549930C9D44B7C37028AEA9F8C5628A2BEF5704C0DCB2B428181B1BE766F43014498D2E57791E4C8DA6BD2ABF5
310
003F0C40202E2E32EDFB02852D16C30B7F646B98FDF86C7891690043128B0A0DE6B4EA27F08C30CA34C9D0AA0852A5997F8D11A6EE84E040B20472020256F4AFEBBB74E6705A12083B249089218E6452C8E5A69717E904A3F5EF3D5D08EC1F4D4E85086B238CFFC11AB9AE972CB775616C6D1DE04DDF073B4DE3747C41FBAE
310
6072901CAD0237100670C5A00C2C3CE063610ED824826C1F6650700E88C00B62468903A0D71D3A390255AD7040048348C56C4647413C2C2561216E0C469203EF06A5B101AD40D0E207F78B124747DB5B4BBB4E88B1C373C114E0470B345156EDDBCE1B4DBDF81DBC400746B0B54E05F693707B89A5E430982C2AC7D10DFF11
310
D5B102B9505034B35D07E8E5F585757F088B390F2D4C85CF7218E8418BB4F25B885053D07D5A908326809F31D6CC6B77CC948413B28664484439D118DBAC27DB5AC40C1AD166F25E6A2F0AE82100C0BF220405323E1FF80DFC518CACA8DE1003F3C9FAE9C7B2D60703A0004F8EAEAD2DE0F5485452D15B77B4B67F4C2403B8
310
D8F9C533558ADE058A9E177A1698F75DC0EB4C800F74C0270178C8579C1FACD025F0560844502D2BBC01E620030CB93636C1041636A693949CD80139FD15BE107F905590A292840F8860706D07E2970A2F15E5B13B87C3143CB2930374CC46A6F9B9D7A5CCCC14E11B9E879A49FBE27ADBD6DA82410FBB94FAA8487D61B51F
310
4BE0A03FD08743C31020D6628ED20305A22C2C2FAFA7ED1E7881C438AA5B9035F20759E243C51F34D0D5F02F11403B9E204CC1686C0B6C9000470561519CBE1B0E4FBEAB37A39EE4B84C05F023858779341991F36D9D9F351E7BB3B5ADF00148D9D05784F9AD8B037D48C01BFA83D4247F03BB768BEEF973A14E610090D4B9
310
6B1EEC5C5E66928F28EBEB6CF578B067DD83086081579848E60DFC7684044D8174993C39F886043481F6A2B743B18749E52447CD4D230513032D20D20206E536E15BCF7B7D211634F98FF9986287F33F9A94615A5A0A7CACF8DF5DCC1AC6EF9AF1945EB78E0A2FED1DA2ACC00EF983F9A012260BD722EF61C9DBCDD8719703
310
ECF839029010CA0B9F100B1D2842153E01A1A3837AB579516A31982FD2908A09100DAE591016CBCD4B011A2F4DE299E1338CE065DC4841BF9895D8C81714800CD08F5AD39601BC929B55D291F6CDCEF2AB40DD5D98F4E6F107C47AEE4A09A079C05316F479DAF4C2BAB83221BCC0CE23FE3D3D4C7BC9AB673D89A3677D6020
310
F6E182332028012FA0FBE0B2668FB85485902A8E7FA0BA2105C213E20BC2169211A4BABA7D693C3F1DA961F203694853137073AD5CD25F1C017DE0477626D7BA55B88F83B5EE513C41D814639FD1BF759171F4577D3CAB0C3DFF68B2D3B1F8478C18F67BEBB2598FA76A4545E9E961BACF657E0791D2373030E0EC9FAEDD17
310
BEA7703A738185D08236C407448A4CB504CBF01FF43859D3115488EA01B55078000DF085911805790DE1B41B6F8CB2889C3834FE02AFE07D85143C6C008438A944EA63E047023A7EF37E13B0903AFEA7BBAB9579330FAFDAACD540022980B65A75FBA17D388F1E6576405CCE7032D95BDA420E7DC0EFA320879E5F8B3B04C1
310
D2D9C1114210C19FCC49DC6A855E12010184DB8968109ED016E4683CD552A36B3AFA13BFC2114068935A7E774CD2C7225642B73325938052D8634ABC18DC9442BF9E0402E85B42F9F3273672DA8E8F1070405D1DC3248487574CD98092B8B956E6AFE1566530B78FAE05B4A0DE51FBAF85DD075C7E11939F80E015A58D1F87
310
E400CFFD2306C4D1D3C634380A201545A92BE01F445800BE12302AB477BD6F62600D211232EB061448A0D2B877BB940D63D059C37E0569A83DE93E214F4BD86209FF6F479C640AFF8AF6D1BFD987D029A94DB7C329B4184D4BB013BF912FB88FEEF913071A8D82B651BC10DB067A7EC52FE1B421883144C00F64FA23A11CF7
310
08BF16CA59F18D4C04B8085964B2D8DA4A855187000BE440BC816FFB13374640B0EB1D0998AF38A1AEF503F14302E2811081FC12EA6CD38A63B33035125F40F170C0B0AA45E9FCA38FC6D688D48563B5C4B4B7C359D3C7AE0EFB16ACD5E2FAA47EF8307044B4EBE1C71E84E742D81431FB06B90B600B9C239E277A57C94C42
310
7EE10E7826980C0136600D916A06058CBE8604DB4D314FBC014EDAACD0820F14BF75449B70339490FE5A0491221BF95F949DF1235380E969AABDBE2D32EB4403D3FDF17F42F9A0A7C28ED75BE86BDB7C7EC80C76F86B8800F77B305EB88F00A4352E0F8089EF811EA02A3DF08F7DA008F803BE4B4EF5F41E56087099E92070
310
8C3D720916444440FDFA013D4E1201414123A09290F5BD7AB729298209C4306D007BB0829FD4EC3A6D7E4F00B67DF38CA0764F832F0448E58439B952CB4F70DF964AFA74CCFDBABBDF273E2FF4F56D3DBFF2A78D42FFF2755DF307066497F44062AADFC0CC546F6DCCFECECFA232E14F408F05477D311B683A35BC245FCF8A
310
5CD2AF20022C21022266905A5BCC8B20235D6FF04019CC04058AC80023662E25F342063165956320BE50370F2A657BACC817DDA3DDD3EFE04028645780A768FE38DBA88BF2EF3ADADFC7FEACA952E5A77568ECF0C971DF32BF1D24F8486B22A649EC81B1B60315CBEFC026091CA45F858D7D04C1B437079431E63E38F88075
310
8842E780A9E03791C0FAAFE10012588C3C592FE35461A6047802BA18686887023A422A49599399893103942CF6DA53A8E387825FA0678B261F139F801E2B17C901D0F5217E07AC2401A87D0480F753FBED44FE949C93A1D042B879FCE499B3D861AEB23F9C1F372F0C24D0B7D6E70FE1AAF60F84BAE642D82F0A9F53E22783
310
915518494FDBC0AFAE7DA282E5050B703570E06319A015E00D693A6BEFFAE493941C3B08C13B96BD20D0115A9565701DC58568A3009DA13E965765C03091F0FF339F7309D44F6E61F837F1B1FF920450EB8FC48F9B40158BE89C81A597CFB0DAF5F5755D3886DC13D4479599B583758CBF35663AA234F133F91D3BCCFCE0A7
310
94367F385C59B19431780F1C099131384056616E15A1563B50021D369C593FB292685A68A8B2A50A0A2085CF05434617E05FC24A6B077B990014421A68401AC4D65788EE25F737EB780D08A6E38F060F2ABD889E1B889C44852C2FF368C1E3E710D73B6589EA83F7417B341ADA1F639A23D15298F087AD0326410E116C3A1B
310
325218433C71AE62C07C1480F1C045629724A076A4BB8D622D24690486727F56108D07046DAB065000678E04C4F8C342DE27F4AC102D854F2D08D59B4ED0E4F697B0FF62F113646BC5B7F3131D4EA8BF8B265EA3F2026E7061B96F6DF3D993276B2180B8E57067587428579460551049049B074CF8B1066C7E14C705F0B392
310
98C0997C17F701097023BAC31081390196801FB0C2A12380042927503D5A01CA127F9841B460310639C674BC8CDF1A320501448E0068905B07F6E5602F8C1F07786253438CEC51AE61FDB25FF71B09893AC026A9EAE3F30F369F5D5EAEA5801FBAD3C98B38C13EE017B054F81A56F05259DBDA64FE270B1FC4C77200FE276F
310
E814B916E222575ED717A62A92956504605268408CFE13FD61F84252228376060206802B9550F00B9D47E6AF1022538A752CF4FFF1F5931384A9FF8700EDD4FFA2B93FCBFABB3EA6C607FF714B0B8B04EBBE83B52B246092AB018C0D0002FC490849F1E214AE6FC42009D6D86616C835B65DB9862EFC4480C14137603C3089
310
D0A5588FA27E693DD184131BA4E88C35045ACEF1CDE1A82323C20B842F2419604821196EE8185BC834AD44F8E9B7549A32900196E9ECBBE20FFB4706861AACADBBFD9B56A23FFD3AB8BFACC18B1B5AC0ECD7B6AE2E2E9CCD2BE8AF1B1BC3A813B94107E82DE67A42E7CC7D4A6116700B5B2EE3C338A09B840F07C40A64800D
310
7C605AC42B72227C4C7020AB1F20056E26F542717F56534261DE3766AC10A6ED2D006DD03BA9DBA507AE0510A8B385C92363B9154167F1230C40D76AF6F3BE0CA08F8BA2FFBBCEFB09D0986550E0F0EAE2F2780CDF850CB0F88CFC2815FE87BD83909F474F45DD47F1C821DB2107A8817FD45384F57891B65F2543D0C1E20A
310
89B4A8DF806862AC27C60F6A054627FD344250718AC0FA21CDC4E28DBF2650D1B39D8B8A420C348A4F846E2BE824BF8C45E1DB8EEB52F576F47A75FF95F90FCE0FD3A7A08D48D5B9AFBE3EA658E1676FE3372FB57F0AD8D70ED4AEBA3D4C2BE0AAF1C3AD63A6004D12900CFC481A47430C9EACB390038642C8C41B13303166
310
614210592736B8603AD4FAB17189DBB32F3915F0C380795A089A15228460BDE8E52203527D41B5470901B088D84FF8B3FE2BA7F4FD30ACAB3DE0B7E2FF95807AB0010FFDE3A048F7360F9F3FB9380EE537F16F8673131325D3351A3F664022020811A0FE8C019CA17370725CBFF64132025DA1BE2555102212E80A907FB43E
310
D80A991A8AAC183932C19AE17524B06590B6AD286EB99BAD18FF4BD64BAB519202F992A963648ED30E7521F909F090C0213E367A77D8836BEB6F34D92EDA624183070248351F1A079E5D3E7A9EE81F2CE6678F92E299EE312B6C0572C0A7B5EEE07853612403813152C7125E2022A20C18F855DBAFA399817FC97FB6E1CDCA
310
31D348434ACD0012F0D32A5456B4007E6E92D72B1A4E9971223A42C1042819E4049C0C5801300C0013FA48F8944FBAE71DAFC27F1826FA2304ECDF3F6C10FF47D5C7E49748DDD687DE8E91C09394EE0682A4F84CFD6067EEDF43E67EA46CB2F4070160439245F00343D03BF25D7E2F26FC400A896DBF19FB8D4D0A66DA669C
310
3D608F9CD048A0533621B25690EE19D5D15248E390F042B12C682511B02BFE3E5700E4C9A9B2107A8F45248FA48234FD23005ED1F4EFE80D1320836F04003BF42856D478D1DCA3ABEEE3C68F9F30C3A16E5C238EA5DE3FF37DACC2F8B7980033F47FAC34421EF0418A045394802CE032D61C70023D788136788613887C0011
310
A4EA316E005718AE191F8D0D841B9C679CD2FC478442D005429166F5A24403B1E6ACF3298F388B6D0BA933D92339D48969A5C11F09B4FF017A9900A4F887010C474717E10F36468032FF33F4AD610517777104CD920C3CD15FC5F3B3A0C75BBCA3B00F2724863C10BCD4A0E00736C7981F2F72E4B001438B99714FCFAF713A
310
2603BC710376A1715FC602022202E06FDEBBC680A3DF1C4C095A12C50B554FE7623B50374FB2129DDEA4C392C9188077658C87F55FF92FFA507FF03FC8DFD3F31BDAB46DD51AEB03F7E1B38B8B87CFF47EA1479C3EBAD5C6B382C221C0F1B358B39D76D9D3142C4A20935F541E492E0EF081BA41B3620A8E172B584EA14856
310
32E22A8221CEDAC6110AFA4B6D43E2B76A18AB240BB24337721C9321D2C033B2D3E2641A55A400A28403C12D1DADE39AD23FC5FC08C47A64DC3FF6DFF76B5235124022D7E6D6D5F3CB870F9F31C96FE477FAFE54100068A3A87FA5908A2C08011CF31309C10025B089FEF9C510522B8DC07C30AA469841723A10C08E27F00F
310
7FBC181C083F2809EC3B2B328E294AEAD5A071B3A95C81D2DE3F930372D022C9C793535B92FDAD5426E90490C3C81D000017C6494441544698C416520C1C40C71FC204B22448FD9303782FBA67089A1A7D4CE38E89050FEF5F1E078A4DCCFADA058032C34C1CBC2E1202B1F8962B1A8024F0EB7A11F209E96FB369D4B64202
310
FE7BA230AD24C46413536EAE955B341B726C593B5D4630C0BE822480908522B0D85430230352618DCD4F7BA6D568BF4343801480006658EA3EDCBFFA9702B4FDE9022163C43F9B72B58001A23FCE6F0B3FF0E4E1DDFB9801A6FC42FD0132CC1F2224F89933107AD30B6C9131A53818AE944BE25A70810821C38F098411980E
310
46D108F483DC63F49B91B852351604091D60546702F58A3872A1716411B642C7629C267E64E77719F46B0548FD6BFFFC86A38DBFADFCDF700228C124C8664FAA02BFB1F92B09800876FCE4F2D1C3FB4FD0A44E0106A8DB8079751CBF0BD9340066C3D52BC64706467C05B5A54401BE4A1B0132A55EAC1CCCB10D378A3DFEB9
310
812022327745EF2102886A9142C812A1A2C9708027BB55B7006357459F9C2080E0BC34489FC629510F3017B62D5073E2A2C64048A0A42580E413BA9E08274091A398EA80B5BF31C87BF5ECF8F1C5DDFB4F22AAC181F070AAFDDAE5650C4000516440D8806786D874215149E69ABEC43FF0EFC820FEA112B0522003C84BE03F
310
B76623513B6D840820358B084119B0CEC8C00AE888826339A54091F5FCA513AFE147975BB1A86FC50618D9D74502F0C7C8815AA306602FEE3A5E79E0D7DED1B221001118B73182CD439A092FF801105D1AA14E1918EC282F6260869D55108065988BD67F68E5581720A708051F7C8070F582389C682BE53F2AFD85853F2A01
310
3D21564028E06E79B7A71E43212180A81541EBC88F451E02385100491AB0C4A3BC5309A95911E66D04C0B448366988ECD204C2FC930F8CEE8FA410EE4C25B58DD1B6EBAD83F6196670F7DE635282C0A56A851AB035831725F0471A10FE52097089C80495804100318405F0DFC2136004B4C40705EC9154315129205EC35793
310
0035688F61AC02188250CFA9A980233925F16A117A48CA54DAB6400221976B75D863330942E20EE3B00B08FBB71AA813B0E502FD2B023DF70114E0D7DF2E2EEEDE7B789504200112075478F2FBD6897835C91F0C20782401E801A2F9142700B74805703426023A81CC0BE88B537D0003E0C5181D29EB8D83050964DD258091
310
0A1E7A8138F76253DC01DC2F3824391AD748276C0B0CDF12366625D038603D0003E0266CB42704C8CE7FA7F11B4D59C0BF454A78F8FCF1E50513715D469607031272358F04E0003C90107223A581218F10008B10247CD20D860FF0BF48801040B361808148714764028EAC137E871501EFDD97C89B52107FF1235B0928C562
310
530082573CE137840EFEF82A0BDC602736C595912FBEC69E6A3A26903B3A300C5A098A9E3F1810CDFFBA019D97B4E7A7A075850F2E92569BD960CA7B8304995FD006FC4213BB1448A6F4BFBB3A9F9FC4962D0A1369129B10073771FEDA38B1737B663A71C088D8848027FC3008DAC4E4397A6F76271DFFFCF77D6BD7F1F67D
310
A51E0E08875A6BAFBD6BD7AE52CC04A0B4A2206F650EC412841A48258258E8662C3838FBE21E25172C2A15A4F78D82DCF68A005DCF07047C183E1CE47731BBCCB5469D9169E0D588945BEB637E87802A03D88FB82486210D28FB3B858D13DC7CE75F5E6F3B03C1744D30CC58C7C7A256146853A05243060B850072A7010CA4
310
7CFBF9A1E24F414037B8781E8E9F219A774B36481CB43E48A79819D638C8760D672FAC19FB9D3FC5EA9158DBD0159C27860409682E8FF2595652FE189D2CC2D7C023E944158355806FC320087CC74116030CC376C559C098B93A041C5DDA48AF33827D2327DC761D19C17CC62780D82A170E6CE7415A5E7FE825E053048F88
310
D2AC2A561CA4D4C60098DA28EF1A01382772484698F60C8DD24BF396EA76260542810A625978C03580A9CAB91D10249BE579B0377A3DD15749A45F24C4D81FF3D7D7996F6A1690288008C0FF6CC186DA9D5FC95BB09B1301004B016E707FDFED306A1BE8FA208828F00BF342186839839F1F6FA338DC5A0200FF383DE92614
310
C03A4508DA18F4D85F9354F7E867AA77A42FF49BBE6757A1A7454448D0BFC3C220714FE43A3D8F1547BE10F0BC5A05985AC3C28829A06FE24CD062700601F4AF12AF99099B08E7071DC4626A97C920C3FF96E190C9D1FD7CB6163E800D79E5F3F10A9306C02B799E80F1AB380E0571A584C0370A220C3125000B500900D96F
310
EA40409F980E2083E4EDF4D8D2480AE5667222E020BCDAD4EF19682120818FE18EC7FD6AAD67C03F7DF1955E697456F517AC4F24700C30171C67E9168B109A4F60AFA60F98BE30941BF776DBC7C70792A2FBE98AAA97224F8BEA39B47BFD14A8CD03320DA2B676E3AA397E652E30A42CE2987B7DA1EF7F75242413800A04C0
310
270C62A13372400B435ACD84B8B5009208F5AC73EB149FFF3508E21C2201E0338BE07E50EB47E7FF6D97724A601028C5519073E7978EC88834410450E074DD58AD13A4900103A6444A9CB99103229F0EF8C0C78161EBC68137240734CDCFC349807851E0EB46CE864D2E405ED341B71A390CF2DE20CF5193189E1901E866D0
310
230409684B193D17E2928534D04240937D3C84477494FC5E0FE0B448E35AFC19007926C1C6A6E622FDB8A12E30993C6710E070397C4B26304C0AE38218D19F01FFB15BAE1C0E7E74DF75F2406E373C414E848FF8E500EFAF3C1029C9C0ADAB2313A7426CA9B2C1B9E30032C84EF31A09A88A386F136E8C2F1D582EA0459207
310
015F10F1F001F0B1B7DF7222011EA2001F00BFD36BAEE0850928B08C077030FE3806C880EAA74BCE0863A952812E6008B3A89199C1EE918AF96AF583F1A073B0A355B9D861AF1460DCFB3BFC6B7EFDC834B09700CBED3510E48DC7129041C991F06BA5006CA6B5B34EE21501374E8DFC910042036111EC9C7CFA1C05D48A72
310
70F7F835BF04A4194DA4CF76CEC66718C84CD020D04C412AC848F03E3C61A1C8D50D0EA6838A00376054D3DF61A0E393E1F8B058A6C994093476D601A4A06F0CFD3C0A6BFA910E75CC10400A80FDA93AC9B5EA4303F6C0D188B559086091CC5910137772E14F2376D03181B5CFE74C0EA38440D0AC256D6C4D104CE05302FC
310
C00B60B9CD4D71E08BD40C144A025E60D4C1F45FE846A2105D717EEA84808A5DD90A168E133640311CF05DD870768683F5D2F1800F485AEBE5CABD8FFA3C0BEB33702493AEB551B1EB035EF5C8E5757FA7832141F88E8578A363802B560007AF93D7D470B478C4D00B412D634C9140C4F9275C00DCE8DFE3C7F8C0AFBC5B2C
310
E82E3C3BDF393D4375D50C43CD1C17E3777CD2C170725B7B42B41DF15BFC344DAD089C1E9118522B4A2C60B794E4E8F33081BB7C8CFCEEA0B2015E49D586429C6C78646180B7710E06018A3082243C275F077FBE412C17DE80D3E6B9462C5204C5D980D1DF84A864401C483CD01B143F4A4868087A0F780F37230200A4FBF6
310
AED325114C367C22512750A5C7C3E32D545CE20A0904183BA10015DCAD89864B3E1EE97EBAE8B204266A48E010511838E2FE413FB116E60880C2D8440AC3880DDA6DF6618C138CF1CB2A09637E18D00F80CB0DC05322E31EADB8081C29410903F06BFCDF5AB46024E4A75828056440503C707856EF0C037623DD4922A400E8
310
A6BD75E4D2800905F18450A00CEE88860C8964C7B3F90F56528BA18F71CFBBBCD2D05797E168FC37DB26DBE0DD2EAEF39686C18440820013C1444055402A541400DD362A0A402F1FE51246404E098249FEE30708C10CA0B54601053159480C00BAA9B1223A773234FE72FD5C3BD81804D8D196FE3D5315A0C981D88D04FA01
310
DFC185CA93F9120E1F480B08063364A0A318F08DF95056E4C91F1150D31B011200383502E079EE43CC18603AE2F88FD139C802A739F208E88D06DC78267C448C27C4113C19B0F51B0E9C1C021CF8F9167C6B1F2E10E461002910105D1042792D1CA303F469714C018C23D72179E165049C40E801CB96CF334562E5807291D1
310
E0C70FE6CAD91656715F0E5C5E70F8D7F83290549B1BAA6F781D25180EBCA93EC84E72A74081CE3020789B3790E1A9E478E658C099BECFF01E530E80EC5FE31204ACFF70AF8177A03059240CD074978A002A878BF883FEEC81DD684E406CA630ACFDE87292822A11953710F000885D6F68A67ED40CD772B0828359B753F7CE
310
23D9479AB9845771B389D6A77130F8C134EFC83947392029B10E4425440A84AF0E54825228FC1634D369874739C837A9DDC83C20D320C36042610ECDFA750303710224D01202488012CA847424F8D53F78AB6BECE9B3B35A7F32396AC6B7444566327DBB4DF06FD9616744F4D3A397EB3B0A3FBA8D763702883ED742FE5CD2
310
4146D8E353ACCF811C806AE09914D8446E93840FF4D6C963FF32BFB6AB015D1D3B0C9A0968776F021F21404B6260CF84A14F35180CE20B5E85BDA2EC91FD5A7DBA7E5705F4F0F97AF26CE18E3BA078138202400A62930FA6CC7882F911A92F33E547E64990B0F27323D73B6222863F86425153FA8009361C675554C25382CE
310
148420C8DCC47A20122806CA178A0918C14CBD33440289078A00EC6070184CA9907FD0A1270478E0B325B67C2193694EDB7DD0F3C238447C8A11485562FB4902134E6AC952FD5320A4F7C780882DA9684285CD81D278C0E8FF8DEC9F45D22DC3C2CA99C2728110888799575B6834BF22B0F01EDE72D7F21B672C40F0A97299
310
9E2200B7C91403F9BB3D09C01990819238CBAE5E7510D7D57450507E3DB04AAA0A3C280064E0775380C8C16EEA4834346A04BF0CE847B4B3AF760D06D24BBB267C32E2C9257DE5EB748AD101AF1FD33265E2B674EED8C01A0AC901392211011AC810560F77778E85B13BAFE3E25C95B70919A4862C15928BD8989664AD8638
310
101D009A80F00BDC41AF27602A4BDA0C077E550048E7F1011410F01405045E1C140B4D0E70E0F6E034171C3D6FD12004FCC1FA304312518910356628A4A326EC9ADF5DFFD1B2C0399503F14B4F8E3E0E4E39A06ABCB56A8014687E86E462BDDE5124615ECDB412B7314F62E6E0C76ADEC0F717B360E741960104CF1706CFA1
310
8E0605004B01AE007869B095ED92144A807841EFF2811C047889A04901C809062057192688C92346F97F279449F89B113500BAD282D1DA80A55C27EFFE02C8D4F395003F285B617BBF0831F49B055342DDDD414378E8888E92C16789F269A27C9A221FAA4A0DFDDB9F935B2ECC04DC51481558A69301E0460B02665AC4DD30
310
C03D480866C3409400051811876014C0F294C542821AB045011A3E3F09001FF304E3A0BED05CC11A811B865001769507FC01ADC611F400CF68C7B093606E30F3C7E0F00C1D10C31951C1E2D7252181DA00345842A19130715C736EC9ECE686A712FDB31E4D3E50AB336E5666D7B212C0113C4A4406029709B43D0228F3FBAF
310
49921B19CA0C82A2D5BC4A2079809240F37D3E10F9637607C3983F0458508A98B8B4EFC92AC13530180CF55359500080061DF59B98BB3FEACEE881DC8127F182A885A86FB12B43C590A4380504E32305E3148BBEEB2D2782029765428092545BA5C2C681FC5F8E869C0EE1034A822FF09A12C94084505AA868080303473F81
310
61F7AA0A6610745E280BE4427FB770106F8800EADABA19F453210435BDB2348471B13B65F2FCB554827632C4C44467333E4127095D22092ED492009930413251B5408345065065E415266E20279A40B3F520370BE2050C8360E6BB4601C1673B9BFE007EF5200B6483CD195400A783E6DEA0653515B0FCE8E86D1618FC1EFC
310
15C2E727F24F2A2DAB57326D8D0877D4E298894E7A0C3C7D9CE8A0E2D17AA2020FA1097D6372F2A9F955060FDD467AD0426368C24A8340FD0D6687A76316DEF5179ED9042005A2BF02A5DD810A4DEFA4A8F700EFC50FF4FB8C06410F0303C106ADF8852ACC6A2CA9046E9ED070739339857222CC009E206479886EA26227BF
310
7A341A15C351A8404A6C10080A2140FA4B4E8D9B9A11645899332363FD69887F436A660566964250FD752E787B64BCF8E6C8190DF8EA0C854C062D8A5A1346F810414313E606ECA0AC3A01D6928544029D5F42E202C0CB386F880F7842A31287061F32F3CBE09F2950783394F2F2B23D85386C6F51943E99DD10C8A0000BA9
310
569A14805693274BD0E4F4DC3F28E331EEA91C4F33ABE057889BFB92819187840A08E57A276A8BFCB75B0342668C70C565C8059996D209C2800941A21FB82B2F520BC2E6FE6F1A8827043DE17000DACC8193E78BBB8DF1467978C06F6AFE986123E3A95272CAC122046F4C65C4B88FED2F1CD1D918F7CDBF8903BF1A90057D
310
42F4DC133AF804ACBB58446A0DB78806FC053FA1E45D0AF1112613CC0DD976C5E70AD3282F42725C0D02AC8588DE451B1C01ABF063E7748A3882F0DD484BB78D037F9812240EB88B6034C0AD53E5116D4C6D920C6A89F084E6D0598AD7EB6930CC7B293E27A666E5CDFE9A3FA52FEB3C97976FDAAE9A60008FCA6B33099CF9
310
880D35D419FC687D424378E3099441E110C5B3C6DC311E6653514A67A530D863326C4D8430E0C28024803B5B069B0E60C10EDB6DF087034171DF01F1F3404B27B1056D8C0E56E7CA6056E7798147BE4C2F01CED5987E413AC6A724876DE3F599E0601CE7B9CEF3BEB3671E12DCE8AF9631B8031D3F360B6955DC2342B2A0E4
310
632A00264C0DA002220CFEC3E10D9BADC8904D88DC51928593AA16C91DF6FFF82B3234404C7214D0F8608E0052283EFB2B0563F1D072936C4017706010BCF1B16CDE0C1FA9C777E44E1F5259B0C9BBC8794A82A6C182A3AF56B16921405351FDDC91B5BAAA617860E8D76C97C377FE701A4EB4378FA97C2C8E3CC8950886C6
310
FD93AF70A1F5F676B7ED16CBC56AF5D09110EEB8607CC08A795882358280DDB98AFFE7087C6EB593D62F041CDB4018935238E73F1098100D0C8769818F777057F64C703C6530E142FDF5C837AE1CF66C94C4887D3A3726AB990DEA248F73B5D32C8E04F6714B1E67C53FC52040252E605B322407CBF8C7F05453462A295ABF
310
4D95592DDD76AC23512E9A2DF964715C80DD752CA8E263AC36F02C3C28A133EB22AC8D099BDEFDE28C3E8FFEE3815D5D00C17C00511058354D62443C1A546280E43572A9C661A34FA5891F8E7570608C8DF21DF51DF9D2A84D4501F41B8CD4F4C9DEB2F901E810C0E4CEB6EC08DFB06341C864CF8D0EEE779A606545E1E64A
310
AF30A4324C20FDD3BD558BD966BA994FA915CD162B1978642AD01694E533EC190368A68234657085B5F88E27A0805E04B8BB6A00A51646EE3C10A50FF007FF410F1963CA69BE2002F0F902E701AEC995FD41F83A3F0C3809A3288A083003A6CC2A20E6D703EE48E3777AC07ADD51EB6101603A9FCF17B3D5928F6D742EE7E4
310
CF38AE2B03C5FB39C81D7B2978FAFE85AF3D2710B0582C970F0FEB0E4D1103B8BE2B4D560CA10002FC8F334C891C07B44FE06B2E3ACE5E1E2D1FC32203110ABF9CA0E8381F68EC3C06701328E5A38278A5FCD944CEA5283DA933DF2A2448BD23F1C5D8BE04CC2DC3B43B3EEC29F8B5FF926D11D3E97EBF7FA1BD1E5E5F5FE6
310
D3D972F548547783146ECD84873F377C5820F7F9FCE5E07378D6CBCB7E036DF7F7104079A05B77C6942D1BA95D47424BFC3DB6411009A42E207871B7EE9B06614BBD20F22F7523FB985F3F7068E37600273A3ED0C1CCC380F6EC4AF01CC1CF95E4848B7BF950AD14C44F10460221E02D21D01DAE800F323704C00035DFE97C
310
B37F797D3D1C0E4FBF35EE1E5E9E0E879FBF3DF6F474780A01FB3DAF01FE0C0798218007C2090A3008BA7682A338F4A8804A06CBFE6A80CEC766F49853F15B2F45FCEA3F8250012841315016E75E797EFEEC4ACA6C79F515CF1738F7C36E2406071051043817C9E8C5888D49D0332E800062FF54FA562BF7446CC0BFDFBF86
310
03D1FEFCC9F7FFB5A7F000430755C2D3F72F2D02A022820897ABDD44594475BDCCA4A10AF34C06B08B4AB58BBFAE30999DC66C7CE903A83CF8EB006EEEAA063430F84B05F0ECF644825F5E95073870E72A0771AB89B080022A0C5A9FAF34C89286257FB7BEA000EC65B59750C68E0815B0D9834B15606328F80709DE09018A
310
C2A7817F83F96DB3D562C10A0A31300230CD4200B87F85808BAF64D04600254047F9C14DE93464009E7F5AABB4FDD6D55142A2C0BF1541FCE19C20C899BF4F76AB54B84CB97F88F48ECC029FD253F0C70DF4816B9AC94BCBD653B1A283C4001A0337955E4AFED3FB790B6B1F5EA0B5514074103A38D84280EE0F5F9BE974EA
310
B2D16AB1EA969684B6E4166CA28264B300474C7308D20013B204A65F82970718D05678B3315D442E1C0A327E2F56556040C005D2FAB1326A68A07507C9E46A3648555A7080F5F50219A00E6222E3E0862CE95B5680930530742F1D041805E69B788161F015944D041182B861A2C17F3AF01CF5BFDF6C343F9171F5B004BF59
310
C016719164B888EA206A02AD05E8464D06B48E4381A0E9345FD171625AC22198F57C003BEA5510F81FF78D31C9B033D0030000000049454E44AE426082504B0304140006080800234A975C51464CB48900000043010000360000006662782F38454330373739452D464639372D344346422D424633422D3831384230303238
310
323144352F6469726563746F72792E786D6C9D8F310EC2300C45AF127987122606C71DD918B841D4B851A43646695A717C52A85029031293A5A76FBF6FACEF7DA7264E43906840EF0FA03836E242F406C6DCEE4EA06AC22492573150D1F66C60C640E8938CB705396EEDD86DE9B5042FE27813D640EA63BB001C722AF6E55C
310
B61E4863F58284D5D3F53DD715CE1C3985E63FD7F1B7EBDD617E9F1E504B0304140006080800234A975C20D3A278380700004B1C0000340000006662782F38454330373739452D464639372D344346422D424633422D3831384230303238323144352F6F626A656374732E786D6CDD59EB6FE23810FF57ACDCE73C81165694
310
5581B642A7EEAE16EDE9BE452618EAABF39093F4717FFD8D1D3BC46980741FD2EAA85482E38C677EF39E4C3FBEC40C3D119ED334B9B27CC7B31049A2744B93FD9555163B7B6CA18F3334E5695A34F65928C131B9B2C4B2359BEE795A666A694B76B864EDD5DBF9DF288F48422C14319CE757561E3D90183BB82CD22DC91F9D
310
2D2EB0B3DFBD38BE536D34C9EE39CE1E5A47659893A40056613D012A8A03DFFC0922B9B3A92B3618DB06FDB60527B6B9527093519AE4054EA2375CB58E0B8E70D53A6EE00F9737C168628F86C3813DBC087C7B7E3B5FDAFEE5C05B5C2C1693EB9B898566D34D9AB25A011949B6A0C5576BE64F5D71A7165FA1D0C577942609
310
89149A5D1BB644D1A5246F636200EB4BD11A0AA9646D2C0C7A0A7F645B2F500C960CB4B570FABB69BDE9E61F0021EF63A53C27C2CAF38283AE15F6953F7853B75A35F4427314E382708A196274C3310705C1D64A410619E12D82141298492D6A7A4D5EC1B0CFFB521797BB9231E1BFD64C7A5A08FE488A5C7246FF25FCC07D
310
F334E009A42D69528C95B0C56B06242653572E56F70681BA590189760CEFC15A404CB16910B4F05A8858B05A5AB33F6F372F6B111FBA0FCF789A115E08CB93CEACFC4E6BB0615A607C3D40A97035757740E52B40FF0990AF794153D01CA72FC397A1969DE324DFA53C06ED200FD91EFCF390B87C733575EB87670819B1F218
310
A6E0B63F0953430CE3EC06A4B3E913187DCA074AB8758419D8F43D4D849F83A12096C212C4FBDDE6C59AAD2098C2223C8519480F7F53575C22F8AAE840BC6969A82BFCF650947698B69F1D74750736C36954ABCA90F118BEA39F82EFF572FDE7BAE43B1C917BE5D84BB2A3092D2099763364806EB8FCB7D527E991772CDD60
310
7678DAD814C131FB54C48D0EB5AC955A90D40B7022D270A519B9724FC1DB19C30949CB5CAD77C5A92865290F37AF61E5C29D67FDA56DA03A4C1940672C83E41E719A094CAC99D2561D089D86A06061982B0BDC575A0D37659C85384ECB4484DAB7A6D8E603E28CB044A02AA969C3D65EABC96EE96E57E610BC3A492E0C2095
310
3F6BC295850F218E75F1CBC98E6348A2691252C8C1E02C9D271807D4E09DE639276C1752C6CA38DC510679248C7176847E4F099A99EB91BC3EA77CDB49D0B42CED93DA8604E00A580D92CE5655CC573AE5E4898A3253E6339D0D8C1DAA0EB566C323E942648A0E40B5314A33F72E828B91BF98DB83D1DCB3877E30B2E71793
310
913D0E968BF1F560315A04376D3E75B46AE63B50A528730CFF2B1ECA789360CAE086101B6FB30F1F65F6BC722134BAE39B85777939B9B16F6F2797F670713B876A6D30B7C7FE78EE79C138F0972397933C2D7944723770BD509B6496EC8F71A5B97B1B43A1AC399FECB4BEDAC2FC8F63683B27184AFC5D83681DBB3A0AC2BE
310
41543CDA0EA1387A14292A8CA0EAEB749F56106DF3D115E7DE19973D67E0C98FEF4F026F128C27A351CFB0274FFAE148D72543049D6759846986235A74A7D416323D597E57767106FEA8C246FF0F020478F55EAD993A9D991453218DF19E843B2CFA8A8E507A4EE2CEACB767699ED384E4B22F7C532FB6687A0E945F6696EE
310
305B9A873129F0F758AC6C345A5E00D19C85D0C116628670B68EA85D40F52CC7288A7E1952BD94FF35CC719CB1AA373E87811F68087457D465A1826971C413D867888BD0DB1239EA3847BD665F57149D5A6B539F7C37F923F0E84AE817C2A38FE85F6C39237F223E63084350270C2E2E6B559C434B1F5688DE8F95D0AD46AF
310
E133A1FB875EC5693FAD34CABCAA102F480CAD2F2E4ADECB632F209A68DBD202A9C8D07289C649EF2C2865CFA7BB3E384C367DC74AE2C63150BBD2046663BD04792345A7114B5DC839A01877BDC3B3353667A9FE70C4FCE55576D3FD6239303A8F0354D8550856F1C7A8C33B2B75A386CA9F711141285DCB6F7B0E1EB125DB
310
43336790EB2AEB754D7BAEE25E89901AC394178B487B2F2ED8570CAA868E3B77EFAA42CFADD65722B53930D03EF061306DD2FA7CB76E518195DE4F7F111891E71605B5BA101DF40952DF568739418B8292E8DBEAC4E3BF4517A215D818BDC104394F1985413ED9A23D49217FC3A8A24787C26392CBBC0CC6AB82947E8BD0E3
310
E9A76A0E5BE00DD34F470F1886D94CF56F65048354C89957965A477FC0E8544C2FE540CB7984D64DC5300B959C5E5960B105850ECDD9C0084C0E1C25F5D688131C1B277B91F1ABA7EADF87C7043A10950E72D57BFAE0A224339C094AE14CBE5B80BAAFBA319B7EBFE89A1D840BB8DC94452DCC61E1208D0241BF44A8848349
310
E1A382F7054A8AD372F98EDC6340D26B9A7FD20E2AAA7681F95E8EE41B785F2FBFB8629ABEFA8C3256EE853A4F75CC06255B74EAACAC265753300C2566864515B9F8E07EE129BC968AD12D05237017691CA789FA71AD5E6BA1F503BCA4DABA7A4098BB43570E0CD41B80708373E2E06DFE080BA0514EC518B542D6D07B1D44
310
1B7AD78A102A80C78CFDAB255245516398D28CB6021539FE47E03FE2B58FF096E686C6AC125C00B892370F177A61EA729897CFFE03504B0304140006080800234A975CE4A254D4E2000000550100003C0000006662782F38454330373739452D464639372D344346422D424633422D3831384230303238323144352F726573
310
6F75726365732F322F636E782E786D6C4D90CD4E042110845F6542E2718019CDAA1B867D094F5E3608BD4816E8093F1B7D7B61C5C45377AABE74AA4B9CBE829F6E90B2C3B89185723241D4685CB41BA9E532BF90E92445422CFF3032451560235D2652D884751F92818BAABEABDEC5EB10F9D94284E4F4798F964CDAAB9C37
310
92F5270445552D68205FA95145D18526C858938676A2B800E3844EA00A182257BE1E66FE34AF8F6FFCF5B83C1FF9E15DB04E4AF181E807EF628184FBC3CA35B635B6445CB00E4851931B547FA3197FF1688B2758B3A5C825B50E0656BEF786B9A02CB03BF2EB4AC1FA936DDC1B68B317227F00504B0304140006080800234A
310
975CFF15A4A45D000000800000003A0000006662782F38454330373739452D464639372D344346422D424633422D3831384230303238323144352F7265736F75726365732F636E782E786D6C4D8B3B0E80201005AF42B6F75B59F0390B113044D83508C6E30BC6C26AF226F3B8BA6360974DA7271430F523308B2B198F9B80
310
925DB700539227A2FCCB80A18E5640D320F996A81C9F32D6E9129A0D1EF74FCE750E6D57BC7165FBCA07504B0304140006080800234A975C060260E74301000056050000300000006662782F38454330373739452D464639372D344346422D424633422D3831384230303238323144352F636E782E786D6CCD94414EC33010
310
45AF12596299C409A840E5B8120B4EC002B1739C693075ECC89E207A7BECE2B62054C12252BBB3C6CFD2FF33DFC3561F83CEDEC179654D43AA82920C8CB49D327D43265CE777245B71E6ACC56F18C98C18A021B14C38EB9D9DC654EA602D261DAB5A994D2A0A44A7DA09C1934C6AE17D43BC7C8541146242DB81DF149D4051
310
5485036F272721BC4735407A2F1D08848EF09AD68B9CDEE4F5F513BD5F56B74BBA78616524396BADD5895706C1D9F1AAA6D286A30972282B23C0D9E454A2A207C28FDA8A561956867BCE7CD06BFAC4E1768CDC386A25058646955622601E2010032BBF60CECAE8F887EFC787E7A38670EA940389D66DCFD686EA541B0ED28A
310
9088FF756107FE65DEB66FC1F2F9E67ED27012369BDD7D727D88EEEF24843C09D3EB4BFC000769F3E73F2C1654F2124DEF95CDE4B9DCADC030F8B811F927504B0304140006080800234A975CFBFCC6FD7E000000A30000000B0000006662782F636E782E786D6C4D8CD10AC22018465F45FE7B4B57A10375E09AEF319A1B92
310
D361337AFC3476D1D50787EF1CD17D568FDE36BD5C0C12E88900B2E11127171609799F3107D4299162DCFF6E80C2B85A091583124B8A793BD064E731FB4ABD0BCF03F2A1278CB50336A665F8DA1B8DB5B968CC29D78434BCA1F75B31CE5529F3EB95AD79F505504B0304140006080800234A975CA6D797065F000000820000
310
0007000000636E782E786D6C4DCB3B0E80201045D1AD90E9FD7516806B51190811670C8A61F982B1B0BAC9C97B72CA7B1037C6D3332918DA1E04D2CAC69353902EDB8C20262D23F3F59B81A079470595414B17391D1F19B4730A5583A7ED43BBE4025D9592775E5ADFFA01504B0304140006080800234A975CECFD112DA800
310
000026010000130000005B436F6E74656E745F54797065735D2E786D6C7D4F4B0EC22010BD0A61DF525D18634ABB506FE00510A79458060253536F2FD89D5197F3FED3F68B9BD80362B21E25DFD40D6780DADF2C1AC9671AAA3D677DD75E9E0112CB5A4C928F44E12044D22338956A1F003333F8E814E5331A1194BE2B0362
310
DB343BA13D122055543278D79E6050F344ECBC6478EDCD76CE8EABAE5449AE4298AC56946789C28AAFBEABC53F3EAF09A84A1441B91F0101CD4780756578C173A578FFDDBD00504B0304140006080800234A975C3DEE336E64000000790000001B0000006175746F6465736B2D64657369676E2D7061636B6167652E786D6C
310
35CBC10E83200C00D05F21DCA56CA76D41FC96062B120735B69A7DBE268BB7777961F8D5AF396893C2ADB70FE7ADA196782C2DF776D7A97B5933C430F15651E5469C55D70F80A4992A3ADC954792C525AE70A1E4D6AD9816CC044FEFDF01FE3FDE907802504B0304140006080800234A975C7718D358F40000008E0100003D
310
0000006662782F38454330373739452D464639372D344346422D424633422D3831384230303238323144352F7265736F75726365732F322F636F72652E786D6C8550CB6EC32010FC156BEFD8F81927C244511D7F414FBD21200E4A0C168FAA9F5F885DA93DF5B4ABD999D9DD21E7AFE5997D4AEB94D1039439864C6A6E84D2
310
F300C1DF500FD999126B8CFF45834CB3450E9060A064B626AC3BC48DF65227541B21779039273D64FC199B011CBFCB85E52CF8C8708F7C65FCC1669997F9C6A324042576A912D14DDD94B4402F6D3B7563D3A3A9AC5AD44C78447D7F39A26B7DEC0E7D37BE5DDB9114494C8957CBCF766E25F35200AD70D521DCA0AA7EC7C7
310
537938E1EE8314894989F336FEBC2F4DDF453A2936F48F5B58C5FF6E41695F57BBDBA67040CB78DC6B404991D289E5155DAC2949FA0D504B0304140006080800234A975C451D0FA2F9000000960100003B0000006662782F38454330373739452D464639372D344346422D424633422D3831384230303238323144352F7265
310
736F75726365732F636F72652E786D6C8550CB6E833010FC15B477F38690C8388A4AF8829E7AB3CC86580936F2A3EAE7D70E546A4F3DED6A76667677E8F96B79269F68ACD4AA8722CD214125F424D5DC837737D2417266D468ED7ED120517CC11E220C8CCE46FB758784560E5544959E7007B9B5E82011CFD0F460C51D179E
310
72EF02C33ED2958B079F312DD28DC7A8F772DAA5720A6EF226D100BB34CDD80E7547C6A26C483DE603E9BACB915CAB637BE8DAE1EDDA0C348B62469D5C7EB60B83DCE104ACCCCB96E43529ABF7FC782A0EA7BCFDA05964326A9D093FEF4BE377C00C5AED8D404BB36DFAC7D5AFD3FFAE5E2A5795BBEBA6B0C08A70E46BC068
310
16530AE51561A83151F60D504B0304140006080800234A975C226C9B0EF3000000B1010000310000006662782F38454330373739452D464639372D344346422D424633422D3831384230303238323144352F636F72652E786D6C8D50CB6EC32010FC156BEFD880D3D88930919CC65FD0536F08130725068B47D5CF2FC4AED4
310
DE725A343BC3CC0E3B7DCF8FE24B39AFADE98094180A65A41DB5993A88E18A5A284E9C396BC31F1A1446CCAA830C036793B371D920694D5026A3C68E6A0385F72A40211FE9D1819737358B52C49018FE5E2E42DEC5A44A52AE3CCE829E7FA5D22911D4089C62BA47788768FD810F47D21CF1FE935599C9598C7ADCACF498DC
310
F5552B07BCBD9C71D31C2E68180E0DDA9D871EF543DDA396B43DC6B4A5E4FD8D5559CC990F2EDDBC7D92AF7B55BE0AFF658ECBF842666D424D37C355E1819394E7B9E0ACCA05A6F16C37CD5C36FF01504B0304140006080800234A975CB169A34255010000DD0200000C0000006662782F636F72652E786D6C8D52DB8E8320
310
14FC15C33BDEAAD63648D3ACED17ECD3BE51A49654C120987EFE8297B83E6C77638264CE39336726A0D3AB6DBC81A99E4B5180C80F81C70495151775018CBEC31C78278C9494FA471BF0046959011C0C30AA9534DD0C512934130E15B2623348FA9E69E0D1C65E0AD0D3076B894F8CB61DFDD3EF087D929AF9913FF561640C
310
AFE6515E59367EE74C017C4ED36B562639BC46710A936B58C23C3F1FE06577C8F679567E5CD212056E1823CDDB459D2A4634AB008EC338836102E3DD67783846FB63987DA1C07562D46B653DCFA2CE1DC0F7DB0B0513BEE1335DF5379FE142EFE2996F9AE8018EEC7A6301A3C0E5637F6378DB0CADB0CD4F935BB358785A68
310
60544B95D84A25CD5A1A486398A50EBDF143C154B5CC23C16F3CF11B9EF71C3628226ABB1AD1F67A33DAA96F77EA9882837E7942AA9634EB72D38AEBB90A6D2C2DE3543652FD677AB1BA8419B88789BF01504B0304140006080800234A975C604B0DF208010000B201000008000000636F72652E786D6C8D50CB6EC32010FC
310
15B4776CFC8C1361A2A88EBFA0A7DEA8212E8A0D96C151FBF785984AEDADA74533B33BC3D0F3E73CA1875CAD32BA852C2180A41E8C507A6C617337DC003A33BA1AE37EC900693ECB16020C8C8EABD996080D463BA903AA8D9011E4D64A076898FCA3053B7CC899277C735E61EFC9C2873B1F659225BB8E51A7E69FD56195DC
310
49012C27798D4989F3E2951C4FD9E144EA379A0625A3DBA644B452C2BBAB9B922BB04B55F5755736B8CFF20A973DE970D35C8EF85A1CEB4353772FD7AAA3695866D4BAD5FF391EF1391DB2FC117C69BA538CBE1B3345810F2590D1D3173042D340FC09BD2DE21FA19576451E0FEE1B1658E6033D096F1C1AF4E359AF9FA16D
310
F60D504B01021400140006080800234A975C0000000000000000000000003700000000000000000000000000000000006662782F38454330373739452D464639372D344346422D424633422D3831384230303238323144352F617474726962757465732E62696E504B01021400140006080800234A975C0000000000000000
310
000000003500000000000000000000000000550000006662782F38454330373739452D464639372D344346422D424633422D3831384230303238323144352F76657274696365732E62696E504B01021400140006080800234A975CF270F13306000000040000003600000000000000000000000000A80000006662782F3845
310
4330373739452D464639372D344346422D424633422D3831384230303238323144352F747269616E676C65732E62696E504B01021400140006080800234A975CB5A795FFE3790000DE7900004200000000000000000000000000020100006662782F38454330373739452D464639372D344346422D424633422D3831384230
310
303238323144352F7265736F75726365732F322F305F67656E657269632E706E67504B01021400140006080800234A975C51464CB489000000430100003600000000000000000000000000457B00006662782F38454330373739452D464639372D344346422D424633422D3831384230303238323144352F6469726563746F
310
72792E786D6C504B01021400140006080800234A975C20D3A278380700004B1C00003400000000000000000000000000227C00006662782F38454330373739452D464639372D344346422D424633422D3831384230303238323144352F6F626A656374732E786D6C504B01021400140006080800234A975CE4A254D4E20000
310
00550100003C00000000000000000000000000AC8300006662782F38454330373739452D464639372D344346422D424633422D3831384230303238323144352F7265736F75726365732F322F636E782E786D6C504B01021400140006080800234A975CFF15A4A45D000000800000003A00000000000000000000000000E884
310
00006662782F38454330373739452D464639372D344346422D424633422D3831384230303238323144352F7265736F75726365732F636E782E786D6C504B01021400140006080800234A975C060260E7430100005605000030000000000000000000000000009D8500006662782F38454330373739452D464639372D344346
310
422D424633422D3831384230303238323144352F636E782E786D6C504B01021400140006080800234A975CFBFCC6FD7E000000A30000000B000000000000000000000000002E8700006662782F636E782E786D6C504B01021400140006080800234A975CA6D797065F000000820000000700000000000000000000000000D5
310
870000636E782E786D6C504B01021400140006080800234A975CECFD112DA8000000260100001300000000000000000000000000598800005B436F6E74656E745F54797065735D2E786D6C504B01021400140006080800234A975C3DEE336E64000000790000001B00000000000000000000000000328900006175746F6465
310
736B2D64657369676E2D7061636B6167652E786D6C504B01021400140006080800234A975C7718D358F40000008E0100003D00000000000000000000000000CF8900006662782F38454330373739452D464639372D344346422D424633422D3831384230303238323144352F7265736F75726365732F322F636F72652E786D
310
6C504B01021400140006080800234A975C451D0FA2F9000000960100003B000000000000000000000000001E8B00006662782F38454330373739452D464639372D344346422D424633422D3831384230303238323144352F7265736F75726365732F636F72652E786D6C504B01021400140006080800234A975C226C9B0EF3
310
000000B10100003100000000000000000000000000708C00006662782F38454330373739452D464639372D344346422D424633422D3831384230303238323144352F636F72652E786D6C504B01021400140006080800234A975CB169A34255010000DD0200000C00000000000000000000000000B28D00006662782F636F72
310
652E786D6C504B01021400140006080800234A975C604B0DF208010000B20100000800000000000000000000000000318F0000636F72652E786D6C504B050600000000120012002D0600005F9000000000
  0
XRECORD
  5
22F
102
{ACAD_REACTORS
330
22A
102
}
330
22A
100
AcDbXrecord
280
     1
270
     1
271
     1
  0
XRECORD
  5
22E
102
{ACAD_REACTORS
330
22A
102
}
330
22A
100
AcDbXrecord
280
     1
270
     1
271
     1
  0
XRECORD
  5
230
102
{ACAD_REACTORS
330
22A
102
}
330
22A
100
AcDbXrecord
280
     1
270
     1
271
     1
  0
XRECORD
  5
22D
102
{ACAD_REACTORS
330
22A
102
}
330
22A
100
AcDbXrecord
280
     1
270
     1
271
     1
  0
CELLSTYLEMAP
  5
4D9
102
{ACAD_REACTORS
330
4D8
102
}
330
4D8
100
AcDbCellStyleMap
 90
        3
300
CELLSTYLE
  1
TABLEFORMAT_BEGIN
 90
        5
170
     1
 91
        0
 92
    32768
 62
   257
 93
        1
300
CONTENTFORMAT
  1
CONTENTFORMAT_BEGIN
 90
        0
 91
        0
 92
      512
 93
        0
300

 40
0.0
140
1.0
 94
        5
 62
     0
340
11
144
6.0
309
CONTENTFORMAT_END
171
     1
301
MARGIN
  1
CELLMARGIN_BEGIN
 40
1.5
 40
1.5
 40
1.5
 40
1.5
 40
4.5
 40
4.5
309
CELLMARGIN_END
 94
        6
 95
        1
302
GRIDFORMAT
  1
GRIDFORMAT_BEGIN
 90
        0
 91
        1
 62
     0
 92
       -2
340
0
 93
        0
 40
1.125
309
GRIDFORMAT_END
 95
        2
302
GRIDFORMAT
  1
GRIDFORMAT_BEGIN
 90
        0
 91
        1
 62
     0
 92
       -2
340
0
 93
        0
 40
1.125
309
GRIDFORMAT_END
 95
        4
302
GRIDFORMAT
  1
GRIDFORMAT_BEGIN
 90
        0
 91
        1
 62
     0
 92
       -2
340
0
 93
        0
 40
1.125
309
GRIDFORMAT_END
 95
        8
302
GRIDFORMAT
  1
GRIDFORMAT_BEGIN
 90
        0
 91
        1
 62
     0
 92
       -2
340
0
 93
        0
 40
1.125
309
GRIDFORMAT_END
 95
       16
302
GRIDFORMAT
  1
GRIDFORMAT_BEGIN
 90
        0
 91
        1
 62
     0
 92
       -2
340
0
 93
        0
 40
1.125
309
GRIDFORMAT_END
 95
       32
302
GRIDFORMAT
  1
GRIDFORMAT_BEGIN
 90
        0
 91
        1
 62
     0
 92
       -2
340
0
 93
        0
 40
1.125
309
GRIDFORMAT_END
309
TABLEFORMAT_END
  1
CELLSTYLE_BEGIN
 90
        1
 91
        1
300
_TITLE
309
CELLSTYLE_END
300
CELLSTYLE
  1
TABLEFORMAT_BEGIN
 90
        5
170
     1
 91
        0
 92
        0
 62
   257
 93
        1
300
CONTENTFORMAT
  1
CONTENTFORMAT_BEGIN
 90
        0
 91
        0
 92
      512
 93
        0
300

 40
0.0
140
1.0
 94
        5
 62
     0
340
11
144
4.5
309
CONTENTFORMAT_END
171
     1
301
MARGIN
  1
CELLMARGIN_BEGIN
 40
1.5
 40
1.5
 40
1.5
 40
1.5
 40
4.5
 40
4.5
309
CELLMARGIN_END
 94
        6
 95
        1
302
GRIDFORMAT
  1
GRIDFORMAT_BEGIN
 90
        0
 91
        1
 62
     0
 92
       -2
340
0
 93
        0
 40
1.125
309
GRIDFORMAT_END
 95
        2
302
GRIDFORMAT
  1
GRIDFORMAT_BEGIN
 90
        0
 91
        1
 62
     0
 92
       -2
340
0
 93
        0
 40
1.125
309
GRIDFORMAT_END
 95
        4
302
GRIDFORMAT
  1
GRIDFORMAT_BEGIN
 90
        0
 91
        1
 62
     0
 92
       -2
340
0
 93
        0
 40
1.125
309
GRIDFORMAT_END
 95
        8
302
GRIDFORMAT
  1
GRIDFORMAT_BEGIN
 90
        0
 91
        1
 62
     0
 92
       -2
340
0
 93
        0
 40
1.125
309
GRIDFORMAT_END
 95
       16
302
GRIDFORMAT
  1
GRIDFORMAT_BEGIN
 90
        0
 91
        1
 62
     0
 92
       -2
340
0
 93
        0
 40
1.125
309
GRIDFORMAT_END
 95
       32
302
GRIDFORMAT
  1
GRIDFORMAT_BEGIN
 90
        0
 91
        1
 62
     0
 92
       -2
340
0
 93
        0
 40
1.125
309
GRIDFORMAT_END
309
TABLEFORMAT_END
  1
CELLSTYLE_BEGIN
 90
        2
 91
        1
300
_HEADER
309
CELLSTYLE_END
300
CELLSTYLE
  1
TABLEFORMAT_BEGIN
 90
        5
170
     1
 91
        0
 92
        0
 62
   257
 93
        1
300
CONTENTFORMAT
  1
CONTENTFORMAT_BEGIN
 90
        0
 91
        0
 92
      512
 93
        0
300

 40
0.0
140
1.0
 94
        2
 62
     0
340
11
144
4.5
309
CONTENTFORMAT_END
171
     1
301
MARGIN
  1
CELLMARGIN_BEGIN
 40
1.5
 40
1.5
 40
1.5
 40
1.5
 40
4.5
 40
4.5
309
CELLMARGIN_END
 94
        6
 95
        1
302
GRIDFORMAT
  1
GRIDFORMAT_BEGIN
 90
        0
 91
        1
 62
     0
 92
       -2
340
0
 93
        0
 40
1.125
309
GRIDFORMAT_END
 95
        2
302
GRIDFORMAT
  1
GRIDFORMAT_BEGIN
 90
        0
 91
        1
 62
     0
 92
       -2
340
0
 93
        0
 40
1.125
309
GRIDFORMAT_END
 95
        4
302
GRIDFORMAT
  1
GRIDFORMAT_BEGIN
 90
        0
 91
        1
 62
     0
 92
       -2
340
0
 93
        0
 40
1.125
309
GRIDFORMAT_END
 95
        8
302
GRIDFORMAT
  1
GRIDFORMAT_BEGIN
 90
        0
 91
        1
 62
     0
 92
       -2
340
0
 93
        0
 40
1.125
309
GRIDFORMAT_END
 95
       16
302
GRIDFORMAT
  1
GRIDFORMAT_BEGIN
 90
        0
 91
        1
 62
     0
 92
       -2
340
0
 93
        0
 40
1.125
309
GRIDFORMAT_END
 95
       32
302
GRIDFORMAT
  1
GRIDFORMAT_BEGIN
 90
        0
 91
        1
 62
     0
 92
       -2
340
0
 93
        0
 40
1.125
309
GRIDFORMAT_END
309
TABLEFORMAT_END
  1
CELLSTYLE_BEGIN
 90
        3
 91
        2
300
_DATA
309
CELLSTYLE_END
  0
ENDSEC
  0
SECTION
  2
ACDSDATA
 70
     2
 71
     8
  0
ACDSSCHEMA
 90
        0
  1
AcDb_Thumbnail_Schema
  2
AcDbDs::ID
280
    10
 91
        8
  2
Thumbnail_Data
280
    15
 91
        0
101
ACDSRECORD
 95
        0
 90
        1
  2
AcDbDs::TreatedAsObjectData
280
     1
291
     1
101
ACDSRECORD
 95
        0
 90
        2
  2
AcDbDs::Legacy
280
     1
291
     1
101
ACDSRECORD
  1
AcDbDs::ID
 90
        3
  2
AcDs:Indexable
280
     1
291
     1
101
ACDSRECORD
  1
AcDbDs::ID
 90
        4
  2
AcDbDs::HandleAttribute
280
     7
282
     1
  0
ACDSSCHEMA
 90
        1
  1
AcDbDs::TreatedAsObjectDataSchema
  2
AcDbDs::TreatedAsObjectData
280
     1
 91
        0
  0
ACDSSCHEMA
 90
        2
  1
AcDbDs::LegacySchema
  2
AcDbDs::Legacy
280
     1
 91
        0
  0
ACDSSCHEMA
 90
        3
  1
AcDbDs::IndexedPropertySchema
  2
AcDs:Indexable
280
     1
 91
        0
  0
ACDSSCHEMA
 90
        4
  1
AcDbDs::HandleAttributeSchema
  2
AcDbDs::HandleAttribute
280
     7
 91
        1
284
     1
  0
ACDSRECORD
 90
        0
  2
AcDbDs::ID
280
    10
320
22
  2
Thumbnail_Data
280
    15
 94
     1733
310
89504E470D0A1A0A0000000D49484452000001000000007808030000002AAADC4C00000300504C5445212830FFFFFF2128300000000000000000000000000000000000000000000000000000330000660000990000CC0000FF0033000033330033660033990033CC0033FF0066000066330066660066990066CC0066FF0099
310
000099330099660099990099CC0099FF00CC0000CC3300CC6600CC9900CCCC00CCFF00FF0000FF3300FF6600FF9900FFCC00FFFF3300003300333300663300993300CC3300FF3333003333333333663333993333CC3333FF3366003366333366663366993366CC3366FF3399003399333399663399993399CC3399FF33CC00
310
33CC3333CC6633CC9933CCCC33CCFF33FF0033FF3333FF6633FF9933FFCC33FFFF6600006600336600666600996600CC6600FF6633006633336633666633996633CC6633FF6666006666336666666666996666CC6666FF6699006699336699666699996699CC6699FF66CC0066CC3366CC6666CC9966CCCC66CCFF66FF0066
310
FF3366FF6666FF9966FFCC66FFFF9900009900339900669900999900CC9900FF9933009933339933669933999933CC9933FF9966009966339966669966999966CC9966FF9999009999339999669999999999CC9999FF99CC0099CC3399CC6699CC9999CCCC99CCFF99FF0099FF3399FF6699FF9999FFCC99FFFFCC0000CC00
310
33CC0066CC0099CC00CCCC00FFCC3300CC3333CC3366CC3399CC33CCCC33FFCC6600CC6633CC6666CC6699CC66CCCC66FFCC9900CC9933CC9966CC9999CC99CCCC99FFCCCC00CCCC33CCCC66CCCC99CCCCCCCCCCFFCCFF00CCFF33CCFF66CCFF99CCFFCCCCFFFFFF0000FF0033FF0066FF0099FF00CCFF00FFFF3300FF3333
310
FF3366FF3399FF33CCFF33FFFF6600FF6633FF6666FF6699FF66CCFF66FFFF9900FF9933FF9966FF9999FF99CCFF99FFFFCC00FFCC33FFCC66FFCC99FFCCCCFFCCFFFFFF00FFFF33FFFF66FFFF99FFFFCCFFFFFF0000000D0D0D1A1A1A2828283535354343435050505D5D5D6B6B6B787878868686939393A1A1A1AEAEAEBB
310
BBBBC9C9C9D6D6D6E4E4E4F1F1F1FFFFFF0000000000000000000000000000000000000000000000000000000000002E4550F1000003804944415478DAED9D5B92AC200C86B3FF059DFDB088FFFDD4B417505182442131D4CC43D7284D3E73210119226FDEBC79F3E6CD9B3766C3F0ED6900359F717929EF42B02E04E75B1C
310
803C80010DE0650095FAD27A1DA32307D005C09927868097F9188049027C18405B30D7EA03F677E801203E2DD306E0A1FE95029098899B06C0E1A31940D1EA2D0140316DE90400FD0094BF9BE323B400C827AE9736C01B9A621FB008989F03949CC3F62ED5002803A0181D76047402584445D82160390799C25E77007F830F
310
0B80009EEDCF17E6EDA70E4647008BF5064C1AF0C3C01C3FE80A408D467406B079FE15230F9B3006C2C19F6078005800440F1090E836DF045600887D6AD080BDF8354F0EE70151573ABC133E30A5484B488D61602C002D1A600440B8A10181AD39035684F631207A319831814B0DCFF9008644380D83AAB2C1BFCFFFB6E2FF
310
E431A601D700261B9E650F012C91B6F3801014FB80E8C42608D59D6A77828B08FC08B0E40F06B2C1FB662CB8C5659485914A31E4B6F8285D1982588F0EC001380007600EC09025318C0A000EC028002684DEE9707F00E4003C0C2A0570BE305E93283900A5003C1D6639410620FD3B45493780A5AA0F9A7F3E06006B51B76A
310
71547478BD016C34C02480AB0AF6716F1CDE9CB477787112D7529D0EE7311D19C004380080DA39BE3500B3B72071043A00CC6F7822B5856F01F83D7C4A7782C9CD29150098858E5B4B41622AA00300256F3963DD15680400639D7BD6794446725E400700EC2221993101E26D74581FB8C82B027DA7C2F93F8765AFEF692714
310
3750ADB9831E0D48F6006601851280B4CAB522300460DA1E560640F287BFBC900C714CA02C55BA8D947401B82E89D50158F50482CFA72F006297AFE6E74FB23971FFA228E2F4B634961481DA8A500B80F89E91DA92588B093C53C51A00407C8596506F53FA4DA07333B932E400EC0030719A5C8B0F48F2DEC36153C87EAC75
310
9B2F02B8A5019F0720723468EB4135EA4CE0B002A9D8093A80AF0378DE0778187C11C0B326A06022F4E63C0094B955A109DCF6010301782D0A1C0F21A0B292AB8902B4AE86E48F5B8003C8DCB903903FC7D78C0F28BB871E00F6DF7807C0D10BE47A44FC45E2387A6BC050007A64838D071D54EAF9800024C2E04920E469C0
310
00F580E6289037013D53E1B700D8CC064DA5C3CFFB008300B205D50F9A806A006F95C46C4681DB3EC05255981B06D3A4980E49900318C409AAFF5F63FF0170AED935CF8FB9A30000000049454E44AE426082
  0
ENDSEC
  0
EOF
