  0
SECTION
  2
HEADER
  9
$ACADVER
  1
AC1032
  9
$ACADMAINTVER
 90
      377
  9
$DWGCODEPAGE
  3
ANSI_936
  9
$LASTSAVEDBY
  1
20607
  9
$REQUIREDVERSIONS
160
                 0
  9
$INSBASE
 10
0.0
 20
0.0
 30
0.0
  9
$EXTMIN
 10
0.0
 20
0.0
 30
0.0
  9
$EXTMAX
 10
420.0000000000001
 20
297.0
 30
0.0
  9
$LIMMIN
 10
0.0
 20
0.0
  9
$LIMMAX
 10
420.0
 20
297.0
  9
$ORTHOMODE
 70
     0
  9
$REGENMODE
 70
     1
  9
$FILLMODE
 70
     1
  9
$QTEXTMODE
 70
     0
  9
$MIRRTEXT
 70
     1
  9
$LTSCALE
 40
1.0
  9
$ATTMODE
 70
     1
  9
$TEXTSIZE
 40
3.5
  9
$TRACEWID
 40
1.0
  9
$TEXTSTYLE
  7
STANDARD
  9
$CLAYER
  8
0
  9
$CELTYPE
  6
ByLayer
  9
$CECOLOR
 62
   256
  9
$CELTSCALE
 40
1.0
  9
$DISPSILH
 70
     0
  9
$DIMSCALE
 40
1.0
  9
$DIMASZ
 40
4.08
  9
$DIMEXO
 40
0.0
  9
$DIMDLI
 40
3.75
  9
$DIMRND
 40
0.0
  9
$DIMDLE
 40
0.0
  9
$DIMEXE
 40
2.0
  9
$DIMTP
 40
0.0
  9
$DIMTM
 40
0.0
  9
$DIMTXT
 40
3.5
  9
$DIMCEN
 40
2.5
  9
$DIMTSZ
 40
0.0
  9
$DIMTOL
 70
     0
  9
$DIMLIM
 70
     0
  9
$DIMTIH
 70
     1
  9
$DIMTOH
 70
     1
  9
$DIMSE1
 70
     0
  9
$DIMSE2
 70
     0
  9
$DIMTAD
 70
     1
  9
$DIMZIN
 70
     0
  9
$DIMBLK
  1

  9
$DIMASO
 70
     1
  9
$DIMSHO
 70
     1
  9
$DIMPOST
  1

  9
$DIMAPOST
  1

  9
$DIMALT
 70
     0
  9
$DIMALTD
 70
     3
  9
$DIMALTF
 40
0.0393700787401575
  9
$DIMLFAC
 40
5.0
  9
$DIMTOFL
 70
     1
  9
$DIMTVP
 40
0.0
  9
$DIMTIX
 70
     0
  9
$DIMSOXD
 70
     0
  9
$DIMSAH
 70
     0
  9
$DIMBLK1
  1

  9
$DIMBLK2
  1

  9
$DIMSTYLE
  2
ISO-25
  9
$DIMCLRD
 70
     0
  9
$DIMCLRE
 70
     0
  9
$DIMCLRT
 70
     0
  9
$DIMTFAC
 40
1.0
  9
$DIMGAP
 40
1.524
  9
$DIMJUST
 70
     0
  9
$DIMSD1
 70
     0
  9
$DIMSD2
 70
     0
  9
$DIMTOLJ
 70
     0
  9
$DIMTZIN
 70
     0
  9
$DIMALTZ
 70
     0
  9
$DIMALTTZ
 70
     0
  9
$DIMUPT
 70
     0
  9
$DIMDEC
 70
     2
  9
$DIMTDEC
 70
     2
  9
$DIMALTU
 70
     2
  9
$DIMALTTD
 70
     3
  9
$DIMTXSTY
  7
STANDARD
  9
$DIMAUNIT
 70
     0
  9
$DIMADEC
 70
     2
  9
$DIMALTRND
 40
0.0
  9
$DIMAZIN
 70
     0
  9
$DIMDSEP
 70
    44
  9
$DIMATFIT
 70
     3
  9
$DIMFRAC
 70
     0
  9
$DIMLDRBLK
  1

  9
$DIMLUNIT
 70
     2
  9
$DIMLWD
 70
    -2
  9
$DIMLWE
 70
    -2
  9
$DIMTMOVE
 70
     0
  9
$DIMFXL
 40
1.0
  9
$DIMFXLON
 70
     0
  9
$DIMJOGANG
 40
0.7853981633974483
  9
$DIMTFILL
 70
     0
  9
$DIMTFILLCLR
 70
     0
  9
$DIMARCSYM
 70
     0
  9
$DIMLTYPE
  6

  9
$DIMLTEX1
  6

  9
$DIMLTEX2
  6

  9
$DIMTXTDIRECTION
 70
     0
  9
$LUNITS
 70
     2
  9
$LUPREC
 70
     2
  9
$SKETCHINC
 40
1.0
  9
$FILLETRAD
 40
0.0
  9
$AUNITS
 70
     0
  9
$AUPREC
 70
     2
  9
$MENU
  1
.
  9
$ELEVATION
 40
0.0
  9
$PELEVATION
 40
0.0
  9
$THICKNESS
 40
0.0
  9
$LIMCHECK
 70
     0
  9
$CHAMFERA
 40
0.0
  9
$CHAMFERB
 40
0.0
  9
$CHAMFERC
 40
0.0
  9
$CHAMFERD
 40
0.0
  9
$SKPOLY
 70
     0
  9
$TDCREATE
 40
2461216.700925926
  9
$TDUCREATE
 40
2461216.367594109
  9
$TDUPDATE
 40
2461216.700925926
  9
$TDUUPDATE
 40
2461216.367597535
  9
$TDINDWG
 40
0.0000115856
  9
$TDUSRTIMER
 40
0.0000115856
  9
$USRTIMER
 70
     1
  9
$ANGBASE
 50
0.0
  9
$ANGDIR
 70
     0
  9
$PDMODE
 70
     0
  9
$PDSIZE
 40
-1.0
  9
$PLINEWID
 40
0.0
  9
$SPLFRAME
 70
     0
  9
$SPLINETYPE
 70
     6
  9
$SPLINESEGS
 70
     8
  9
$HANDSEED
  5
440
  9
$SURFTAB1
 70
     6
  9
$SURFTAB2
 70
     6
  9
$SURFTYPE
 70
     6
  9
$SURFU
 70
     6
  9
$SURFV
 70
     6
  9
$UCSBASE
  2

  9
$UCSNAME
  2

  9
$UCSORG
 10
0.0
 20
0.0
 30
0.0
  9
$UCSXDIR
 10
1.0
 20
0.0
 30
0.0
  9
$UCSYDIR
 10
0.0
 20
1.0
 30
0.0
  9
$UCSORTHOREF
  2

  9
$UCSORTHOVIEW
 70
     0
  9
$UCSORGTOP
 10
0.0
 20
0.0
 30
0.0
  9
$UCSORGBOTTOM
 10
0.0
 20
0.0
 30
0.0
  9
$UCSORGLEFT
 10
0.0
 20
0.0
 30
0.0
  9
$UCSORGRIGHT
 10
0.0
 20
0.0
 30
0.0
  9
$UCSORGFRONT
 10
0.0
 20
0.0
 30
0.0
  9
$UCSORGBACK
 10
0.0
 20
0.0
 30
0.0
  9
$PUCSBASE
  2

  9
$PUCSNAME
  2

  9
$PUCSORG
 10
0.0
 20
0.0
 30
0.0
  9
$PUCSXDIR
 10
1.0
 20
0.0
 30
0.0
  9
$PUCSYDIR
 10
0.0
 20
1.0
 30
0.0
  9
$PUCSORTHOREF
  2

  9
$PUCSORTHOVIEW
 70
     0
  9
$PUCSORGTOP
 10
0.0
 20
0.0
 30
0.0
  9
$PUCSORGBOTTOM
 10
0.0
 20
0.0
 30
0.0
  9
$PUCSORGLEFT
 10
0.0
 20
0.0
 30
0.0
  9
$PUCSORGRIGHT
 10
0.0
 20
0.0
 30
0.0
  9
$PUCSORGFRONT
 10
0.0
 20
0.0
 30
0.0
  9
$PUCSORGBACK
 10
0.0
 20
0.0
 30
0.0
  9
$USERI1
 70
     0
  9
$USERI2
 70
     0
  9
$USERI3
 70
     0
  9
$USERI4
 70
     0
  9
$USERI5
 70
     0
  9
$USERR1
 40
0.0
  9
$USERR2
 40
0.0
  9
$USERR3
 40
0.0
  9
$USERR4
 40
0.0
  9
$USERR5
 40
0.0
  9
$WORLDVIEW
 70
     1
  9
$SHADEDGE
 70
     3
  9
$SHADEDIF
 70
    70
  9
$TILEMODE
 70
     1
  9
$MAXACTVP
 70
    64
  9
$PINSBASE
 10
0.0
 20
0.0
 30
0.0
  9
$PLIMCHECK
 70
     0
  9
$PEXTMIN
 10
1.000000000000000E+20
 20
1.000000000000000E+20
 30
1.000000000000000E+20
  9
$PEXTMAX
 10
-1.000000000000000E+20
 20
-1.000000000000000E+20
 30
-1.000000000000000E+20
  9
$PLIMMIN
 10
0.0
 20
0.0
  9
$PLIMMAX
 10
420.0
 20
297.0
  9
$UNITMODE
 70
     0
  9
$VISRETAIN
 70
     1
  9
$PLINEGEN
 70
     0
  9
$PSLTSCALE
 70
     1
  9
$TREEDEPTH
 70
  3020
  9
$CMLSTYLE
  2
Standard
  9
$CMLJUST
 70
     0
  9
$CMLSCALE
 40
20.0
  9
$PROXYGRAPHICS
 70
     1
  9
$MEASUREMENT
 70
     1
  9
$CELWEIGHT
370
    -1
  9
$ENDCAPS
280
     0
  9
$JOINSTYLE
280
     0
  9
$LWDISPLAY
290
     1
  9
$INSUNITS
 70
     4
  9
$HYPERLINKBASE
  1

  9
$STYLESHEET
  1

  9
$XEDIT
290
     1
  9
$CEPSNTYPE
380
     0
  9
$PSTYLEMODE
290
     1
  9
$FINGERPRINTGUID
  2
{0ebfec73-73f8-4e1a-bedd-2f262412ebab}
  9
$VERSIONGUID
  2
{FAEB1C32-E019-11D5-929B-00C0DF256EC4}
  9
$EXTNAMES
290
     1
  9
$PSVPSCALE
 40
0.0
  9
$OLESTARTUP
290
     0
  9
$SORTENTS
280
   127
  9
$INDEXCTL
280
     0
  9
$HIDETEXT
280
     0
  9
$XCLIPFRAME
280
     2
  9
$HALOGAP
280
     0
  9
$OBSCOLOR
 70
   257
  9
$OBSLTYPE
280
     0
  9
$INTERSECTIONDISPLAY
280
     0
  9
$INTERSECTIONCOLOR
 70
   257
  9
$DIMASSOC
280
     1
  9
$PROJECTNAME
  1

  9
$CAMERADISPLAY
290
     0
  9
$LENSLENGTH
 40
50.0
  9
$CAMERAHEIGHT
 40
0.0
  9
$STEPSPERSEC
 40
2.0
  9
$STEPSIZE
 40
6.0
  9
$3DDWFPREC
 40
2.0
  9
$PSOLWIDTH
 40
0.25
  9
$PSOLHEIGHT
 40
4.0
  9
$LOFTANG1
 40
1.570796326794896
  9
$LOFTANG2
 40
1.570796326794896
  9
$LOFTMAG1
 40
0.0
  9
$LOFTMAG2
 40
0.0
  9
$LOFTPARAM
 70
     7
  9
$LOFTNORMALS
280
     1
  9
$LATITUDE
 40
37.795
  9
$LONGITUDE
 40
-122.394
  9
$NORTHDIRECTION
 40
0.0
  9
$TIMEZONE
 70
 -8000
  9
$LIGHTGLYPHDISPLAY
280
     1
  9
$TILEMODELIGHTSYNCH
280
     1
  9
$CMATERIAL
347
3F3
  9
$SOLIDHIST
280
     0
  9
$SHOWHIST
280
     1
  9
$DWFFRAME
280
     2
  9
$DGNFRAME
280
     0
  9
$REALWORLDSCALE
290
     1
  9
$INTERFERECOLOR
 62
     1
  9
$INTERFEREOBJVS
345
415
  9
$INTERFEREVPVS
346
412
  9
$CSHADOW
280
     0
  9
$SHADOWPLANELOCATION
 40
0.0
  0
ENDSEC
  0
SECTION
  2
CLASSES
  0
CLASS
  1
ACDBDICTIONARYWDFLT
  2
AcDbDictionaryWithDefault
  3
ObjectDBX Classes
 90
        0
 91
        1
280
     0
281
     0
  0
CLASS
  1
VISUALSTYLE
  2
AcDbVisualStyle
  3
ObjectDBX Classes
 90
     4095
 91
       24
280
     0
281
     0
  0
CLASS
  1
MATERIAL
  2
AcDbMaterial
  3
ObjectDBX Classes
 90
     1153
 91
        3
280
     0
281
     0
  0
CLASS
  1
SCALE
  2
AcDbScale
  3
ObjectDBX Classes
 90
     1153
 91
       17
280
     0
281
     0
  0
CLASS
  1
TABLESTYLE
  2
AcDbTableStyle
  3
ObjectDBX Classes
 90
     4095
 91
        1
280
     0
281
     0
  0
CLASS
  1
MLEADERSTYLE
  2
AcDbMLeaderStyle
  3
ACDB_MLEADERSTYLE_CLASS
 90
     4095
 91
        1
280
     0
281
     0
  0
CLASS
  1
SUN
  2
AcDbSun
  3
SCENEOE
 90
     1153
 91
        1
280
     0
281
     0
  0
CLASS
  1
ACDBSECTIONVIEWSTYLE
  2
AcDbSectionViewStyle
  3
ObjectDBX Classes
 90
     1025
 91
        1
280
     0
281
     0
  0
CLASS
  1
ACDBDETAILVIEWSTYLE
  2
AcDbDetailViewStyle
  3
ObjectDBX Classes
 90
     1025
 91
        1
280
     0
281
     0
  0
CLASS
  1
DICTIONARYVAR
  2
AcDbDictionaryVar
  3
ObjectDBX Classes
 90
        0
 91
        9
280
     0
281
     0
  0
CLASS
  1
CELLSTYLEMAP
  2
AcDbCellStyleMap
  3
ObjectDBX Classes
 90
     1152
 91
        1
280
     0
281
     0
  0
ENDSEC
  0
SECTION
  2
TABLES
  0
TABLE
  2
VPORT
  5
8
330
0
100
AcDbSymbolTable
 70
     1
  0
VPORT
  5
29
330
8
100
AcDbSymbolTableRecord
100
AcDbViewportTableRecord
  2
*Active
 70
     0
 10
0.0
 20
0.0
 11
1.0
 21
1.0
 12
262.1735459662289
 22
148.5
 13
0.0
 23
0.0
 14
10.0
 24
10.0
 15
10.0
 25
10.0
 16
0.0
 26
0.0
 36
1.0
 17
0.0
 27
0.0
 37
0.0
 40
297.0
 41
1.765478424015009
 42
50.0
 43
0.0
 44
0.0
 50
0.0
 51
0.0
 71
     0
 72
  2000
 73
     1
 74
     3
 75
     0
 76
     0
 77
     0
 78
     0
281
     0
 65
     1
110
0.0
120
0.0
130
0.0
111
1.0
121
0.0
131
0.0
112
0.0
122
1.0
132
0.0
 79
     0
146
0.0
348
411
 60
     3
 61
     5
292
     1
282
     1
141
0.0
142
0.0
 63
   250
421
  3355443
1001
ACAD_NAV_VCDISPLAY
1070
     3
  0
ENDTAB
  0
TABLE
  2
LTYPE
  5
5
330
0
100
AcDbSymbolTable
 70
     6
  0
LTYPE
  5
14
330
5
100
AcDbSymbolTableRecord
100
AcDbLinetypeTableRecord
  2
ByBlock
 70
     0
  3

 72
    65
 73
     0
 40
0.0
  0
LTYPE
  5
15
330
5
100
AcDbSymbolTableRecord
100
AcDbLinetypeTableRecord
  2
ByLayer
 70
     0
  3

 72
    65
 73
     0
 40
0.0
  0
LTYPE
  5
16
330
5
100
AcDbSymbolTableRecord
100
AcDbLinetypeTableRecord
  2
Continuous
 70
     0
  3
Solid line
 72
    65
 73
     0
 40
0.0
  0
LTYPE
  5
5E
330
5
100
AcDbSymbolTableRecord
100
AcDbLinetypeTableRecord
  2
HIDDEN
 70
     0
  3
Hidden __ __ __ __ __ __ __ __ __ __ __ __ __ __
 72
    65
 73
     2
 40
1.905
 49
1.27
 74
     0
 49
-0.635
 74
     0
  0
LTYPE
  5
5F
330
5
100
AcDbSymbolTableRecord
100
AcDbLinetypeTableRecord
  2
PHANTOM
 70
     0
  3
Phantom ______  __  __  ______  __  __  ______
 72
    65
 73
     6
 40
12.7
 49
6.349999999999999
 74
     0
 49
-1.27
 74
     0
 49
1.27
 74
     0
 49
-1.27
 74
     0
 49
1.27
 74
     0
 49
-1.27
 74
     0
  0
LTYPE
  5
60
330
5
100
AcDbSymbolTableRecord
100
AcDbLinetypeTableRecord
  2
CENTER
 70
     0
  3
Center ____ _ ____ _ ____ _ ____ _ ____ _ ____
 72
    65
 73
     4
 40
10.16
 49
6.349999999999999
 74
     0
 49
-1.27
 74
     0
 49
1.27
 74
     0
 49
-1.27
 74
     0
  0
LTYPE
  5
61
330
5
100
AcDbSymbolTableRecord
100
AcDbLinetypeTableRecord
  2
CENTERX2
 70
     0
  3
Center (2x) ________  __  ________  __  _____
 72
    65
 73
     4
 40
20.32
 49
12.7
 74
     0
 49
-2.54
 74
     0
 49
2.54
 74
     0
 49
-2.54
 74
     0
  0
LTYPE
  5
62
330
5
100
AcDbSymbolTableRecord
100
AcDbLinetypeTableRecord
  2
DOT2
 70
     0
  3
Dot (.5x) ........................................
 72
    65
 73
     2
 40
0.635
 49
0.0
 74
     0
 49
-0.635
 74
     0
  0
ENDTAB
  0
TABLE
  2
LAYER
  5
2
330
0
100
AcDbSymbolTable
 70
    18
  0
LAYER
  5
10
330
2
100
AcDbSymbolTableRecord
100
AcDbLayerTableRecord
  2
0
 70
     0
 62
     7
  6
Continuous
370
    -3
390
F
347
403
348
0
  0
LAYER
  5
63
330
2
100
AcDbSymbolTableRecord
100
AcDbLayerTableRecord
  2
粗实线层
 70
     0
 62
     7
  6
Continuous
370
    25
390
F
347
403
348
0
  0
LAYER
  5
64
330
2
100
AcDbSymbolTableRecord
100
AcDbLayerTableRecord
  2
细实线层
 70
     0
 62
     7
  6
Continuous
370
    -3
390
F
347
403
348
0
  0
LAYER
  5
65
330
2
100
AcDbSymbolTableRecord
100
AcDbLayerTableRecord
  2
中心线层
 70
     0
 62
     7
  6
CENTERX2
370
    -3
390
F
347
403
348
0
  0
LAYER
  5
66
330
2
100
AcDbSymbolTableRecord
100
AcDbLayerTableRecord
  2
虚线层
 70
     0
 62
     7
  6
HIDDEN
370
    -3
390
F
347
403
348
0
  0
LAYER
  5
67
330
2
100
AcDbSymbolTableRecord
100
AcDbLayerTableRecord
  2
双点划线层
 70
     0
 62
     7
  6
PHANTOM
370
    -3
390
F
347
403
348
0
  0
LAYER
  5
68
330
2
100
AcDbSymbolTableRecord
100
AcDbLayerTableRecord
  2
点划线层
 70
     0
 62
     7
  6
CENTER
370
    -3
390
F
347
403
348
0
  0
LAYER
  5
69
330
2
100
AcDbSymbolTableRecord
100
AcDbLayerTableRecord
  2
图框
 70
     0
 62
     7
  6
Continuous
370
    -3
390
F
347
403
348
0
  0
LAYER
  5
6A
330
2
100
AcDbSymbolTableRecord
100
AcDbLayerTableRecord
  2
轮廓实线层
 70
     0
 62
     7
  6
Continuous
370
    50
390
F
347
403
348
0
  0
LAYER
  5
6B
330
2
100
AcDbSymbolTableRecord
100
AcDbLayerTableRecord
  2
细线层
 70
     0
 62
     4
  6
Continuous
370
    25
390
F
347
403
348
0
  0
LAYER
  5
6C
330
2
100
AcDbSymbolTableRecord
100
AcDbLayerTableRecord
  2
剖面线层
 70
     0
 62
     2
  6
Continuous
370
    25
390
F
347
403
348
0
  0
LAYER
  5
6D
330
2
100
AcDbSymbolTableRecord
100
AcDbLayerTableRecord
  2
文字层
 70
     0
 62
     3
  6
Continuous
370
    25
390
F
347
403
348
0
  0
LAYER
  5
6E
330
2
100
AcDbSymbolTableRecord
100
AcDbLayerTableRecord
  2
标注层
 70
     0
 62
     4
  6
Continuous
370
    25
390
F
347
403
348
0
  0
LAYER
  5
6F
330
2
100
AcDbSymbolTableRecord
100
AcDbLayerTableRecord
  2
符号标注层
 70
     0
 62
    31
  6
Continuous
370
    25
390
F
347
403
348
0
  0
LAYER
  5
70
330
2
100
AcDbSymbolTableRecord
100
AcDbLayerTableRecord
  2
FORMAT
 70
     0
 62
     7
  6
Continuous
370
    -3
390
F
347
403
348
0
  0
LAYER
  5
71
330
2
100
AcDbSymbolTableRecord
100
AcDbLayerTableRecord
  2
10
 70
     0
 62
     7
  6
Continuous
370
    -3
390
F
347
403
348
0
  0
LAYER
  5
72
330
2
100
AcDbSymbolTableRecord
100
AcDbLayerTableRecord
  2
SLD-0
 70
     0
 62
     7
  6
Continuous
370
    -3
390
F
347
403
348
0
  0
LAYER
  5
73
330
2
100
AcDbSymbolTableRecord
100
AcDbLayerTableRecord
  2
5
 70
     0
 62
     7
  6
Continuous
370
    -3
390
F
347
403
348
0
  0
ENDTAB
  0
TABLE
  2
STYLE
  5
3
330
0
100
AcDbSymbolTable
 70
     4
  0
STYLE
  5
11
330
3
100
AcDbSymbolTableRecord
100
AcDbTextStyleTableRecord
  2
STANDARD
 70
     0
 40
0.0
 41
1.0
 50
0.0
 71
     0
 42
3.5
  3
HYSWLONGFANGSONG.TTF
  4

1001
ACAD
1000
HYSWLONGFANGSONG
1071
    34306
  0
STYLE
  5
B1
330
3
100
AcDbSymbolTableRecord
100
AcDbTextStyleTableRecord
  2
SLDTEXTSTYLE0
 70
     0
 40
0.0
 41
0.913
 50
0.0
 71
     0
 42
3.5
  3
GOTHIC.TTF
  4

1001
ACAD
1000
Century Gothic
1071
      290
  0
STYLE
  5
CE
330
3
100
AcDbSymbolTableRecord
100
AcDbTextStyleTableRecord
  2
SLDTEXTSTYLE1
 70
     0
 40
0.0
 41
1.0
 50
0.0
 71
     0
 42
3.5
  3
HYSWLONGFANGSONG.TTF
  4
bigfont
1001
ACAD
1000
HYSWLONGFANGSONG
1071
      258
  0
STYLE
  5
D1
330
3
100
AcDbSymbolTableRecord
100
AcDbTextStyleTableRecord
  2
SLDTEXTSTYLE2
 70
     0
 40
0.0
 41
1.0
 50
0.0
 71
     0
 42
3.5
  3
HYSWLONGFANGSONG.TTF
  4

1001
ACAD
1000
HYSWLONGFANGSONG
1071
      258
  0
ENDTAB
  0
TABLE
  2
VIEW
  5
6
330
0
100
AcDbSymbolTable
 70
     0
  0
ENDTAB
  0
TABLE
  2
UCS
  5
7
330
0
100
AcDbSymbolTable
 70
     0
  0
ENDTAB
  0
TABLE
  2
APPID
  5
9
330
0
100
AcDbSymbolTable
 70
     2
  0
APPID
  5
12
330
9
100
AcDbSymbolTableRecord
100
AcDbRegAppTableRecord
  2
ACAD
 70
     0
  0
APPID
  5
43C
330
9
100
AcDbSymbolTableRecord
100
AcDbRegAppTableRecord
  2
ACAD_NAV_VCDISPLAY
 70
     0
  0
ENDTAB
  0
TABLE
  2
DIMSTYLE
  5
A
330
0
100
AcDbSymbolTable
 70
     1
100
AcDbDimStyleTable
 71
     0
  0
DIMSTYLE
105
27
330
A
100
AcDbSymbolTableRecord
100
AcDbDimStyleTableRecord
  2
ISO-25
 70
     0
 41
2.5
 42
0.625
 43
3.75
 44
1.25
 73
     0
 74
     0
 77
     1
 78
     8
140
2.5
141
2.5
143
0.03937007874016
147
0.625
171
     3
172
     1
271
     2
272
     2
274
     3
278
    44
283
     0
284
     8
340
11
  0
ENDTAB
  0
TABLE
  2
BLOCK_RECORD
  5
1
330
0
100
AcDbSymbolTable
 70
     1
  0
BLOCK_RECORD
  5
1F
330
1
100
AcDbSymbolTableRecord
100
AcDbBlockTableRecord
  2
*Model_Space
340
22
 70
     0
280
     1
281
     0
  0
BLOCK_RECORD
  5
1B
330
1
100
AcDbSymbolTableRecord
100
AcDbBlockTableRecord
  2
*Paper_Space
340
1E
 70
     0
280
     1
281
     0
  0
BLOCK_RECORD
  5
23
330
1
100
AcDbSymbolTableRecord
100
AcDbBlockTableRecord
  2
*Paper_Space0
340
26
 70
     0
280
     1
281
     0
  0
ENDTAB
  0
ENDSEC
  0
SECTION
  2
BLOCKS
  0
BLOCK
  5
20
330
1F
100
AcDbEntity
  8
0
100
AcDbBlockBegin
  2
*Model_Space
 70
     0
 10
0.0
 20
0.0
 30
0.0
  3
*Model_Space
  1

  0
ENDBLK
  5
21
330
1F
100
AcDbEntity
  8
0
100
AcDbBlockEnd
  0
BLOCK
  5
1C
330
1B
100
AcDbEntity
 67
     1
  8
0
100
AcDbBlockBegin
  2
*Paper_Space
 70
     0
 10
0.0
 20
0.0
 30
0.0
  3
*Paper_Space
  1

  0
ENDBLK
  5
1D
330
1B
100
AcDbEntity
 67
     1
  8
0
100
AcDbBlockEnd
  0
BLOCK
  5
24
330
23
100
AcDbEntity
 67
     1
  8
0
100
AcDbBlockBegin
  2
*Paper_Space0
 70
     0
 10
0.0
 20
0.0
 30
0.0
  3
*Paper_Space0
  1

  0
ENDBLK
  5
25
330
23
100
AcDbEntity
 67
     1
  8
0
100
AcDbBlockEnd
  0
ENDSEC
  0
SECTION
  2
ENTITIES
  0
LINE
  5
74
330
1F
100
AcDbEntity
  8
10
 62
     7
370
    25
100
AcDbLine
 10
360.0
 20
38.00000000000004
 30
0.0
 11
360.0
 21
10.0
 31
0.0
  0
LINE
  5
75
330
1F
100
AcDbEntity
  8
10
 62
     7
370
    25
100
AcDbLine
 10
347.9999999999999
 20
48.00000000000135
 30
0.0
 11
347.9999999999999
 21
28.00000000000003
 31
0.0
  0
LINE
  5
76
330
1F
100
AcDbEntity
  8
10
 62
     7
370
    25
100
AcDbLine
 10
335.986217321941
 20
48.00000000000004
 30
0.0
 11
335.986217321941
 21
28.00000000000003
 31
0.0
  0
LINE
  5
77
330
1F
100
AcDbEntity
  8
SLD-0
370
    25
100
AcDbLine
 10
335.986217321941
 20
19.00000000000003
 30
0.0
 11
335.986217321941
 21
10.00000000000003
 31
0.0
  0
LINE
  5
78
330
1F
100
AcDbEntity
  8
SLD-0
100
AcDbLine
 10
323.0000000000024
 20
38.00000000000004
 30
0.0
 11
323.0000000000024
 21
28.00000000000003
 31
0.0
  0
LINE
  5
79
330
1F
100
AcDbEntity
  8
SLD-0
100
AcDbLine
 10
316.5000000000024
 20
38.00000000000004
 30
0.0
 11
316.5000000000024
 21
28.00000000000003
 31
0.0
  0
LINE
  5
7A
330
1F
100
AcDbEntity
  8
10
 62
     7
370
    25
100
AcDbLine
 10
310.0000000000023
 20
48.00000000000216
 30
0.0
 11
410.0000000000023
 21
48.00000000000004
 31
0.0
  0
LINE
  5
7B
330
1F
100
AcDbEntity
  8
10
 62
     7
370
    25
100
AcDbLine
 10
310.0
 20
28.00000000000003
 30
0.0
 11
410.0
 21
28.00000000000003
 31
0.0
  0
LINE
  5
7C
330
1F
100
AcDbEntity
  8
10
 62
     7
370
    25
100
AcDbLine
 10
310.0
 20
19.00000000000003
 30
0.0
 11
410.0
 21
19.00000000000003
 31
0.0
  0
LINE
  5
7D
330
1F
100
AcDbEntity
  8
10
 62
     7
370
    25
100
AcDbLine
 10
266.0
 20
66.00000000000001
 30
0.0
 11
266.0
 21
38.00000000000004
 31
0.0
  0
LINE
  5
7E
330
1F
100
AcDbEntity
  8
10
 62
     7
370
    25
100
AcDbLine
 10
250.0
 20
66.00000000000004
 30
0.0
 11
250.0
 21
38.00000000000004
 31
0.0
  0
LINE
  5
7F
330
1F
100
AcDbEntity
  8
10
 62
     7
370
    25
100
AcDbLine
 10
240.0
 20
66.00000000000004
 30
0.0
 11
240.0
 21
38.00000000000004
 31
0.0
  0
LINE
  5
80
330
1F
100
AcDbEntity
  8
10
 62
     7
370
    25
100
AcDbLine
 10
360.0
 20
66.0
 30
0.0
 11
360.0
 21
38.00000000000004
 31
0.0
  0
LINE
  5
81
330
1F
100
AcDbEntity
  8
10
 62
     7
370
    25
100
AcDbLine
 10
310.0000000000023
 20
65.9999999999894
 30
0.0
 11
310.0000000000023
 21
9.999999999989393
 31
0.0
  0
LINE
  5
82
330
1F
100
AcDbEntity
  8
10
 62
     7
370
    25
100
AcDbLine
 10
294.0
 20
66.00000000000001
 30
0.0
 11
294.0
 21
10.00000000000001
 31
0.0
  0
LINE
  5
83
330
1F
100
AcDbEntity
  8
10
 62
     7
370
    25
100
AcDbLine
 10
282.0
 20
66.00000000000001
 30
0.0
 11
282.0
 21
10.00000000000002
 31
0.0
  0
LINE
  5
84
330
1F
100
AcDbEntity
  8
10
 62
     7
370
    25
100
AcDbLine
 10
269.9999999999999
 20
38.00000000000004
 30
0.0
 11
269.9999999999999
 21
10.00000000000002
 31
0.0
  0
LINE
  5
85
330
1F
100
AcDbEntity
  8
10
 62
     7
370
    25
100
AcDbLine
 10
254.0
 20
38.00000000000004
 30
0.0
 11
254.0
 21
10.00000000000002
 31
0.0
  0
LINE
  5
86
330
1F
100
AcDbEntity
  8
10
 62
     7
100
AcDbLine
 10
229.9999999999999
 20
59.00000000000003
 30
0.0
 11
310.0
 21
59.00000000000003
 31
0.0
  0
LINE
  5
87
330
1F
100
AcDbEntity
  8
10
 62
     7
100
AcDbLine
 10
229.9999999999999
 20
52.00000000000004
 30
0.0
 11
310.0
 21
52.00000000000004
 31
0.0
  0
LINE
  5
88
330
1F
100
AcDbEntity
  8
10
 62
     7
370
    25
100
AcDbLine
 10
229.9999999999999
 20
45.00000000000004
 30
0.0
 11
310.0
 21
45.00000000000004
 31
0.0
  0
LINE
  5
89
330
1F
100
AcDbEntity
  8
10
 62
     7
370
    25
100
AcDbLine
 10
229.9999999999999
 20
38.00000000000004
 30
0.0
 11
360.0
 21
38.00000000000004
 31
0.0
  0
LINE
  5
8A
330
1F
100
AcDbEntity
  8
10
 62
     7
370
    25
100
AcDbLine
 10
229.9999999999999
 20
31.00000000000004
 30
0.0
 11
310.0
 21
31.00000000000004
 31
0.0
  0
LINE
  5
8B
330
1F
100
AcDbEntity
  8
10
 62
     7
370
    25
100
AcDbLine
 10
229.9999999999999
 20
24.00000000000003
 30
0.0
 11
310.0
 21
24.00000000000003
 31
0.0
  0
LINE
  5
8C
330
1F
100
AcDbEntity
  8
10
 62
     7
370
    25
100
AcDbLine
 10
229.9999999999999
 20
17.00000000000003
 30
0.0
 11
310.0
 21
17.00000000000003
 31
0.0
  0
LINE
  5
8D
330
1F
100
AcDbEntity
  8
5
 62
     7
370
    25
100
AcDbLine
 10
229.9999999999999
 20
66.00000000000004
 30
0.0
 11
410.0
 21
66.00000000000004
 31
0.0
  0
LINE
  5
8E
330
1F
100
AcDbEntity
  8
5
 62
     7
370
    25
100
AcDbLine
 10
229.9999999999999
 20
66.00000000000004
 30
0.0
 11
229.9999999999999
 21
10.00000000000003
 31
0.0
  0
LINE
  5
8F
330
1F
100
AcDbEntity
  8
10
 62
     7
370
    25
100
AcDbLine
 10
242.0
 20
38.00000000000004
 30
0.0
 11
242.0
 21
10.00000000000002
 31
0.0
  0
LINE
  5
90
330
1F
100
AcDbEntity
  8
SLD-0
100
AcDbLine
 10
329.5000000000023
 20
38.00000000000004
 30
0.0
 11
329.5000000000023
 21
28.00000000000003
 31
0.0
  0
LINE
  5
91
330
1F
100
AcDbEntity
  8
0
  6
Continuous
 62
     7
370
    70
100
AcDbLine
 10
10.0
 20
10.0
 30
0.0
 11
10.0
 21
287.0
 31
0.0
  0
LINE
  5
92
330
1F
100
AcDbEntity
  8
0
  6
Continuous
 62
     7
370
    70
100
AcDbLine
 10
10.0
 20
287.0
 30
0.0
 11
410.0
 21
287.0
 31
0.0
  0
LINE
  5
93
330
1F
100
AcDbEntity
  8
0
  6
Continuous
 62
     7
370
    70
100
AcDbLine
 10
410.0
 20
287.0
 30
0.0
 11
410.0
 21
10.0
 31
0.0
  0
LINE
  5
94
330
1F
100
AcDbEntity
  8
0
  6
Continuous
 62
     7
370
    70
100
AcDbLine
 10
410.0
 20
10.0
 30
0.0
 11
10.0
 21
10.0
 31
0.0
  0
LINE
  5
95
330
1F
100
AcDbEntity
  8
0
  6
Continuous
 62
     7
370
    35
100
AcDbLine
 10
0.0
 20
148.5
 30
0.0
 11
15.0
 21
148.5
 31
0.0
  0
LINE
  5
96
330
1F
100
AcDbEntity
  8
0
  6
Continuous
 62
     7
370
    35
100
AcDbLine
 10
210.0
 20
297.0
 30
0.0
 11
210.0
 21
282.0
 31
0.0
  0
LINE
  5
97
330
1F
100
AcDbEntity
  8
0
  6
Continuous
 62
     7
370
    35
100
AcDbLine
 10
420.0000000000001
 20
148.5
 30
0.0
 11
405.0
 21
148.5
 31
0.0
  0
LINE
  5
98
330
1F
100
AcDbEntity
  8
0
  6
Continuous
 62
     7
370
    35
100
AcDbLine
 10
210.0
 20
0.0
 30
0.0
 11
210.0
 21
15.0
 31
0.0
  0
LINE
  5
99
330
1F
100
AcDbEntity
  8
0
  6
Continuous
 62
     7
370
    35
100
AcDbLine
 10
10.0
 20
48.49999999999998
 30
0.0
 11
0.0
 21
48.49999999999998
 31
0.0
  0
LINE
  5
9A
330
1F
100
AcDbEntity
  8
0
  6
Continuous
 62
     7
370
    35
100
AcDbLine
 10
410.0
 20
48.49999999999998
 30
0.0
 11
420.0000000000001
 21
48.49999999999998
 31
0.0
  0
LINE
  5
9B
330
1F
100
AcDbEntity
  8
0
  6
Continuous
 62
     7
370
    35
100
AcDbLine
 10
10.0
 20
98.49999999999999
 30
0.0
 11
0.0
 21
98.49999999999999
 31
0.0
  0
LINE
  5
9C
330
1F
100
AcDbEntity
  8
0
  6
Continuous
 62
     7
370
    35
100
AcDbLine
 10
410.0
 20
98.49999999999999
 30
0.0
 11
420.0000000000001
 21
98.49999999999999
 31
0.0
  0
LINE
  5
9D
330
1F
100
AcDbEntity
  8
0
  6
Continuous
 62
     7
370
    35
100
AcDbLine
 10
10.0
 20
148.5
 30
0.0
 11
0.0
 21
148.5
 31
0.0
  0
LINE
  5
9E
330
1F
100
AcDbEntity
  8
0
  6
Continuous
 62
     7
370
    35
100
AcDbLine
 10
410.0
 20
148.5
 30
0.0
 11
420.0000000000001
 21
148.5
 31
0.0
  0
LINE
  5
9F
330
1F
100
AcDbEntity
  8
0
  6
Continuous
 62
     7
370
    35
100
AcDbLine
 10
10.0
 20
198.5
 30
0.0
 11
0.0
 21
198.5
 31
0.0
  0
LINE
  5
A0
330
1F
100
AcDbEntity
  8
0
  6
Continuous
 62
     7
370
    35
100
AcDbLine
 10
410.0
 20
198.5
 30
0.0
 11
420.0000000000001
 21
198.5
 31
0.0
  0
LINE
  5
A1
330
1F
100
AcDbEntity
  8
0
  6
Continuous
 62
     7
370
    35
100
AcDbLine
 10
10.0
 20
248.5
 30
0.0
 11
0.0
 21
248.5
 31
0.0
  0
LINE
  5
A2
330
1F
100
AcDbEntity
  8
0
  6
Continuous
 62
     7
370
    35
100
AcDbLine
 10
410.0
 20
248.5
 30
0.0
 11
420.0000000000001
 21
248.5
 31
0.0
  0
LINE
  5
A3
330
1F
100
AcDbEntity
  8
0
  6
Continuous
 62
     7
370
    35
100
AcDbLine
 10
59.99999999999997
 20
287.0
 30
0.0
 11
59.99999999999997
 21
297.0
 31
0.0
  0
LINE
  5
A4
330
1F
100
AcDbEntity
  8
0
  6
Continuous
 62
     7
370
    35
100
AcDbLine
 10
59.99999999999997
 20
10.0
 30
0.0
 11
59.99999999999997
 21
0.0
 31
0.0
  0
LINE
  5
A5
330
1F
100
AcDbEntity
  8
0
  6
Continuous
 62
     7
370
    35
100
AcDbLine
 10
110.0
 20
287.0
 30
0.0
 11
110.0
 21
297.0
 31
0.0
  0
LINE
  5
A6
330
1F
100
AcDbEntity
  8
0
  6
Continuous
 62
     7
370
    35
100
AcDbLine
 10
110.0
 20
10.0
 30
0.0
 11
110.0
 21
0.0
 31
0.0
  0
LINE
  5
A7
330
1F
100
AcDbEntity
  8
0
  6
Continuous
 62
     7
370
    35
100
AcDbLine
 10
159.9999999999999
 20
287.0
 30
0.0
 11
159.9999999999999
 21
297.0
 31
0.0
  0
LINE
  5
A8
330
1F
100
AcDbEntity
  8
0
  6
Continuous
 62
     7
370
    35
100
AcDbLine
 10
159.9999999999999
 20
10.0
 30
0.0
 11
159.9999999999999
 21
0.0
 31
0.0
  0
LINE
  5
A9
330
1F
100
AcDbEntity
  8
0
  6
Continuous
 62
     7
370
    35
100
AcDbLine
 10
210.0
 20
287.0
 30
0.0
 11
210.0
 21
297.0
 31
0.0
  0
LINE
  5
AA
330
1F
100
AcDbEntity
  8
0
  6
Continuous
 62
     7
370
    35
100
AcDbLine
 10
210.0
 20
10.0
 30
0.0
 11
210.0
 21
0.0
 31
0.0
  0
LINE
  5
AB
330
1F
100
AcDbEntity
  8
0
  6
Continuous
 62
     7
370
    35
100
AcDbLine
 10
260.0
 20
287.0
 30
0.0
 11
260.0
 21
297.0
 31
0.0
  0
LINE
  5
AC
330
1F
100
AcDbEntity
  8
0
  6
Continuous
 62
     7
370
    35
100
AcDbLine
 10
260.0
 20
10.0
 30
0.0
 11
260.0
 21
0.0
 31
0.0
  0
LINE
  5
AD
330
1F
100
AcDbEntity
  8
0
  6
Continuous
 62
     7
370
    35
100
AcDbLine
 10
310.0
 20
287.0
 30
0.0
 11
310.0
 21
297.0
 31
0.0
  0
LINE
  5
AE
330
1F
100
AcDbEntity
  8
0
  6
Continuous
 62
     7
370
    35
100
AcDbLine
 10
310.0
 20
10.0
 30
0.0
 11
310.0
 21
0.0
 31
0.0
  0
LINE
  5
AF
330
1F
100
AcDbEntity
  8
0
  6
Continuous
 62
     7
370
    35
100
AcDbLine
 10
360.0
 20
287.0
 30
0.0
 11
360.0
 21
297.0
 31
0.0
  0
LINE
  5
B0
330
1F
100
AcDbEntity
  8
0
  6
Continuous
 62
     7
370
    35
100
AcDbLine
 10
360.0
 20
10.0
 30
0.0
 11
360.0
 21
0.0
 31
0.0
  0
MTEXT
  5
B2
330
1F
100
AcDbEntity
  8
0
  6
Continuous
 62
     7
370
     0
100
AcDbMText
 10
4.957740209065376
 20
31.17464462086766
 30
0.0
 40
3.968749999999999
 41
0.0
 46
0.0
 71
     2
 72
     1
  1
F
  7
SLDTEXTSTYLE0
 73
     1
 44
1.0
  0
MTEXT
  5
B3
330
1F
100
AcDbEntity
  8
0
  6
Continuous
 62
     7
370
     0
100
AcDbMText
 10
414.9577402090653
 20
31.17464462086766
 30
0.0
 40
3.968749999999999
 41
0.0
 46
0.0
 71
     2
 72
     1
  1
F
  7
SLDTEXTSTYLE0
 73
     1
 44
1.0
  0
MTEXT
  5
B4
330
1F
100
AcDbEntity
  8
0
  6
Continuous
 62
     7
370
     0
100
AcDbMText
 10
5.007808905094861
 20
75.42464462086766
 30
0.0
 40
3.968749999999999
 41
0.0
 46
0.0
 71
     2
 72
     1
  1
E
  7
SLDTEXTSTYLE0
 73
     1
 44
1.0
  0
MTEXT
  5
B5
330
1F
100
AcDbEntity
  8
0
  6
Continuous
 62
     7
370
     0
100
AcDbMText
 10
415.0078089050949
 20
75.42464462086766
 30
0.0
 40
3.968749999999999
 41
0.0
 46
0.0
 71
     2
 72
     1
  1
E
  7
SLDTEXTSTYLE0
 73
     1
 44
1.0
  0
MTEXT
  5
B6
330
1F
100
AcDbEntity
  8
0
  6
Continuous
 62
     7
370
     0
100
AcDbMText
 10
4.952687282115221
 20
125.4246446208676
 30
0.0
 40
3.968749999999999
 41
0.0
 46
0.0
 71
     2
 72
     1
  1
D
  7
SLDTEXTSTYLE0
 73
     1
 44
1.0
  0
MTEXT
  5
B7
330
1F
100
AcDbEntity
  8
0
  6
Continuous
 62
     7
370
     0
100
AcDbMText
 10
414.9526872821152
 20
125.4246446208676
 30
0.0
 40
3.968749999999999
 41
0.0
 46
0.0
 71
     2
 72
     1
  1
D
  7
SLDTEXTSTYLE0
 73
     1
 44
1.0
  0
MTEXT
  5
B8
330
1F
100
AcDbEntity
  8
0
  6
Continuous
 62
     7
370
     0
100
AcDbMText
 10
4.958658901974558
 20
175.4246446208676
 30
0.0
 40
3.968749999999999
 41
0.0
 46
0.0
 71
     2
 72
     1
  1
C
  7
SLDTEXTSTYLE0
 73
     1
 44
1.0
  0
MTEXT
  5
B9
330
1F
100
AcDbEntity
  8
0
  6
Continuous
 62
     7
370
     0
100
AcDbMText
 10
414.9586589019746
 20
175.4246446208676
 30
0.0
 40
3.968749999999999
 41
0.0
 46
0.0
 71
     2
 72
     1
  1
C
  7
SLDTEXTSTYLE0
 73
     1
 44
1.0
  0
MTEXT
  5
BA
330
1F
100
AcDbEntity
  8
0
  6
Continuous
 62
     7
370
     0
100
AcDbMText
 10
4.970601824112234
 20
225.4246446208677
 30
0.0
 40
3.968749999999999
 41
0.0
 46
0.0
 71
     2
 72
     1
  1
B
  7
SLDTEXTSTYLE0
 73
     1
 44
1.0
  0
MTEXT
  5
BB
330
1F
100
AcDbEntity
  8
0
  6
Continuous
 62
     7
370
     0
100
AcDbMText
 10
414.9706018241123
 20
225.4246446208677
 30
0.0
 40
3.968749999999999
 41
0.0
 46
0.0
 71
     2
 72
     1
  1
B
  7
SLDTEXTSTYLE0
 73
     1
 44
1.0
  0
MTEXT
  5
BC
330
1F
100
AcDbEntity
  8
0
  6
Continuous
 62
     7
370
     0
100
AcDbMText
 10
4.839688142761587
 20
269.6746446208676
 30
0.0
 40
3.968749999999999
 41
0.0
 46
0.0
 71
     2
 72
     1
  1
A
  7
SLDTEXTSTYLE0
 73
     1
 44
1.0
  0
MTEXT
  5
BD
330
1F
100
AcDbEntity
  8
0
  6
Continuous
 62
     7
370
     0
100
AcDbMText
 10
414.8396881427616
 20
269.6746446208676
 30
0.0
 40
3.968749999999999
 41
0.0
 46
0.0
 71
     2
 72
     1
  1
A
  7
SLDTEXTSTYLE0
 73
     1
 44
1.0
  0
MTEXT
  5
BE
330
1F
100
AcDbEntity
  8
0
  6
Continuous
 62
     7
370
     0
100
AcDbMText
 10
34.96003694646059
 20
6.924644620867663
 30
0.0
 40
3.968749999999999
 41
0.0
 46
0.0
 71
     2
 72
     1
  1
1
  7
SLDTEXTSTYLE0
 73
     1
 44
1.0
  0
MTEXT
  5
BF
330
1F
100
AcDbEntity
  8
0
  6
Continuous
 62
     7
370
     0
100
AcDbMText
 10
34.96003694646059
 20
293.9246446208676
 30
0.0
 40
3.968749999999999
 41
0.0
 46
0.0
 71
     2
 72
     1
  1
1
  7
SLDTEXTSTYLE0
 73
     1
 44
1.0
  0
MTEXT
  5
C0
330
1F
100
AcDbEntity
  8
0
  6
Continuous
 62
     7
370
     0
100
AcDbMText
 10
84.96003694646057
 20
6.924644620867663
 30
0.0
 40
3.968749999999999
 41
0.0
 46
0.0
 71
     2
 72
     1
  1
2
  7
SLDTEXTSTYLE0
 73
     1
 44
1.0
  0
MTEXT
  5
C1
330
1F
100
AcDbEntity
  8
0
  6
Continuous
 62
     7
370
     0
100
AcDbMText
 10
84.96003694646057
 20
293.9246446208676
 30
0.0
 40
3.968749999999999
 41
0.0
 46
0.0
 71
     2
 72
     1
  1
2
  7
SLDTEXTSTYLE0
 73
     1
 44
1.0
  0
MTEXT
  5
C2
330
1F
100
AcDbEntity
  8
0
  6
Continuous
 62
     7
370
     0
100
AcDbMText
 10
134.9600369464605
 20
6.924644620867665
 30
0.0
 40
3.968749999999999
 41
0.0
 46
0.0
 71
     2
 72
     1
  1
3
  7
SLDTEXTSTYLE0
 73
     1
 44
1.0
  0
MTEXT
  5
C3
330
1F
100
AcDbEntity
  8
0
  6
Continuous
 62
     7
370
     0
100
AcDbMText
 10
134.9600369464605
 20
293.9246446208676
 30
0.0
 40
3.968749999999999
 41
0.0
 46
0.0
 71
     2
 72
     1
  1
3
  7
SLDTEXTSTYLE0
 73
     1
 44
1.0
  0
MTEXT
  5
C4
330
1F
100
AcDbEntity
  8
0
  6
Continuous
 62
     7
370
     0
100
AcDbMText
 10
184.9600369464606
 20
6.924644620867663
 30
0.0
 40
3.968749999999999
 41
0.0
 46
0.0
 71
     2
 72
     1
  1
4
  7
SLDTEXTSTYLE0
 73
     1
 44
1.0
  0
MTEXT
  5
C5
330
1F
100
AcDbEntity
  8
0
  6
Continuous
 62
     7
370
     0
100
AcDbMText
 10
184.9600369464605
 20
293.9246446208676
 30
0.0
 40
3.968749999999999
 41
0.0
 46
0.0
 71
     2
 72
     1
  1
4
  7
SLDTEXTSTYLE0
 73
     1
 44
1.0
  0
MTEXT
  5
C6
330
1F
100
AcDbEntity
  8
0
  6
Continuous
 62
     7
370
     0
100
AcDbMText
 10
234.9600369464606
 20
6.924644620867663
 30
0.0
 40
3.968749999999999
 41
0.0
 46
0.0
 71
     2
 72
     1
  1
5
  7
SLDTEXTSTYLE0
 73
     1
 44
1.0
  0
MTEXT
  5
C7
330
1F
100
AcDbEntity
  8
0
  6
Continuous
 62
     7
370
     0
100
AcDbMText
 10
234.9600369464606
 20
293.9246446208676
 30
0.0
 40
3.968749999999999
 41
0.0
 46
0.0
 71
     2
 72
     1
  1
5
  7
SLDTEXTSTYLE0
 73
     1
 44
1.0
  0
MTEXT
  5
C8
330
1F
100
AcDbEntity
  8
0
  6
Continuous
 62
     7
370
     0
100
AcDbMText
 10
284.9600369464607
 20
6.924644620867663
 30
0.0
 40
3.968749999999999
 41
0.0
 46
0.0
 71
     2
 72
     1
  1
6
  7
SLDTEXTSTYLE0
 73
     1
 44
1.0
  0
MTEXT
  5
C9
330
1F
100
AcDbEntity
  8
0
  6
Continuous
 62
     7
370
     0
100
AcDbMText
 10
284.9600369464607
 20
293.9246446208676
 30
0.0
 40
3.968749999999999
 41
0.0
 46
0.0
 71
     2
 72
     1
  1
6
  7
SLDTEXTSTYLE0
 73
     1
 44
1.0
  0
MTEXT
  5
CA
330
1F
100
AcDbEntity
  8
0
  6
Continuous
 62
     7
370
     0
100
AcDbMText
 10
334.9600369464606
 20
6.924644620867665
 30
0.0
 40
3.968749999999999
 41
0.0
 46
0.0
 71
     2
 72
     1
  1
7
  7
SLDTEXTSTYLE0
 73
     1
 44
1.0
  0
MTEXT
  5
CB
330
1F
100
AcDbEntity
  8
0
  6
Continuous
 62
     7
370
     0
100
AcDbMText
 10
334.9600369464606
 20
293.9246446208676
 30
0.0
 40
3.968749999999999
 41
0.0
 46
0.0
 71
     2
 72
     1
  1
7
  7
SLDTEXTSTYLE0
 73
     1
 44
1.0
  0
MTEXT
  5
CC
330
1F
100
AcDbEntity
  8
0
  6
Continuous
 62
     7
370
     0
100
AcDbMText
 10
384.9600369464607
 20
6.924644620867663
 30
0.0
 40
3.968749999999999
 41
0.0
 46
0.0
 71
     2
 72
     1
  1
8
  7
SLDTEXTSTYLE0
 73
     1
 44
1.0
  0
MTEXT
  5
CD
330
1F
100
AcDbEntity
  8
0
  6
Continuous
 62
     7
370
     0
100
AcDbMText
 10
384.9600369464607
 20
293.9246446208676
 30
0.0
 40
3.968749999999999
 41
0.0
 46
0.0
 71
     2
 72
     1
  1
8
  7
SLDTEXTSTYLE0
 73
     1
 44
1.0
  0
MTEXT
  5
CF
330
1F
100
AcDbEntity
  8
10
100
AcDbMText
 10
387.2525626498319
 20
26.04965321577387
 30
0.0
 40
3.5
 41
0.0
 46
0.0
 71
     2
 72
     1
  1
“图样代号”
  7
SLDTEXTSTYLE1
 73
     1
 44
1.0
  0
MTEXT
  5
D0
330
1F
100
AcDbEntity
  8
10
100
AcDbMText
 10
387.2501328292348
 20
40.79090102831397
 30
0.0
 40
3.5
 41
0.0
 46
0.0
 71
     2
 72
     1
  1
“图样名称”
  7
SLDTEXTSTYLE1
 73
     1
 44
1.0
  0
MTEXT
  5
D2
330
1F
100
AcDbEntity
  8
10
100
AcDbMText
 10
344.0974858360739
 20
34.90493743780234
 30
0.0
 40
3.5
 41
0.0
 46
0.0
 71
     2
 72
     1
  1
0.681
  7
SLDTEXTSTYLE2
 73
     1
 44
1.0
  0
MTEXT
  5
D3
330
1F
100
AcDbEntity
  8
10
100
AcDbMText
 10
329.4794716171004
 20
16.2009950785811
 30
0.0
 40
3.5
 41
0.0
 46
0.0
 71
     1
 72
     1
  1
1
  7
SLDTEXTSTYLE2
 73
     1
 44
1.0
  0
MTEXT
  5
D4
330
1F
100
AcDbEntity
  8
10
100
AcDbMText
 10
316.1423442751162
 20
16.20099507858113
 30
0.0
 40
3.5
 41
0.0
 46
0.0
 71
     1
 72
     1
  1
1
  7
SLDTEXTSTYLE2
 73
     1
 44
1.0
  0
MTEXT
  5
D5
330
1F
100
AcDbEntity
  8
10
100
AcDbMText
 10
355.0843568798418
 20
34.90493743780234
 30
0.0
 40
3.5
 41
0.0
 46
0.0
 71
     2
 72
     1
  1
1:5
  7
SLDTEXTSTYLE2
 73
     1
 44
1.0
  0
MTEXT
  5
D6
330
1F
100
AcDbEntity
  8
SLD-0
100
AcDbMText
 10
361.560875890607
 20
16.20099478754263
 30
0.0
 40
3.5
 41
0.0
 46
0.0
 71
     1
 72
     1
  1
替代
  7
SLDTEXTSTYLE1
 73
     1
 44
1.0
  0
MTEXT
  5
D7
330
1F
100
AcDbEntity
  8
10
100
AcDbMText
 10
239.0930977764711
 20
22.3301056581831
 30
0.0
 40
3.5
 41
0.0
 46
0.0
 71
     2
 72
     1
  1
主管设计
  7
SLDTEXTSTYLE1
 73
     1
 44
1.0
  0
MTEXT
  5
D8
330
1F
100
AcDbEntity
  8
10
100
AcDbMText
 10
341.7418474765749
 20
16.20099478754263
 30
0.0
 40
3.5
 41
0.0
 46
0.0
 71
     2
 72
     1
  1
版本
  7
SLDTEXTSTYLE1
 73
     1
 44
1.0
  0
MTEXT
  5
D9
330
1F
100
AcDbEntity
  8
10
100
AcDbMText
 10
355.7232890036222
 20
44.99405963769861
 30
0.0
 40
3.5
 41
0.0
 46
0.0
 71
     2
 72
     1
  1
比例
  7
SLDTEXTSTYLE1
 73
     1
 44
1.0
  0
MTEXT
  5
DA
330
1F
100
AcDbEntity
  8
10
100
AcDbMText
 10
343.631730816737
 20
44.9940596376986
 30
0.0
 40
3.5
 41
0.0
 46
0.0
 71
     2
 72
     1
  1
重量
  7
SLDTEXTSTYLE1
 73
     1
 44
1.0
  0
MTEXT
  5
DB
330
1F
100
AcDbEntity
  8
10
100
AcDbMText
 10
331.2229587602686
 20
16.20099507858105
 30
0.0
 40
3.5
 41
0.0
 46
0.0
 71
     2
 72
     1
  1
第  张
  7
SLDTEXTSTYLE1
 73
     1
 44
1.0
  0
MTEXT
  5
DC
330
1F
100
AcDbEntity
  8
10
100
AcDbMText
 10
318.6157338696064
 20
16.20099507858101
 30
0.0
 40
3.5
 41
0.0
 46
0.0
 71
     2
 72
     1
  1
共  张 
  7
SLDTEXTSTYLE1
 73
     1
 44
1.0
  0
MTEXT
  5
DD
330
1F
100
AcDbEntity
  8
10
100
AcDbMText
 10
325.6879637621621
 20
44.9940596376986
 30
0.0
 40
3.5
 41
0.0
 46
0.0
 71
     2
 72
     1
  1
阶 段 标 记
  7
SLDTEXTSTYLE1
 73
     1
 44
1.0
  0
MTEXT
  5
DE
330
1F
100
AcDbEntity
  8
10
100
AcDbMText
 10
277.9977667198586
 20
15.44105418801341
 30
0.0
 40
3.5
 41
0.0
 46
0.0
 71
     2
 72
     1
  1
批准
  7
SLDTEXTSTYLE1
 73
     1
 44
1.0
  0
MTEXT
  5
DF
330
1F
100
AcDbEntity
  8
10
100
AcDbMText
 10
278.7931660262007
 20
36.73433426589031
 30
0.0
 40
3.5
 41
0.0
 46
0.0
 71
     2
 72
     1
  1
标准化
  7
SLDTEXTSTYLE1
 73
     1
 44
1.0
  0
MTEXT
  5
E0
330
1F
100
AcDbEntity
  8
10
100
AcDbMText
 10
278.0162998062628
 20
29.59852760958536
 30
0.0
 40
3.5
 41
0.0
 46
0.0
 71
     2
 72
     1
  1
工艺
  7
SLDTEXTSTYLE1
 73
     1
 44
1.0
  0
MTEXT
  5
E1
330
1F
100
AcDbEntity
  8
10
100
AcDbMText
 10
304.7129236218984
 20
43.71663958767121
 30
0.0
 40
3.5
 41
0.0
 46
0.0
 71
     2
 72
     1
  1
年 月 日
  7
SLDTEXTSTYLE1
 73
     1
 44
1.0
  0
MTEXT
  5
E2
330
1F
100
AcDbEntity
  8
10
100
AcDbMText
 10
289.9684763456195
 20
43.71663958767121
 30
0.0
 40
3.5
 41
0.0
 46
0.0
 71
     2
 72
     1
  1
签名
  7
SLDTEXTSTYLE1
 73
     1
 44
1.0
  0
MTEXT
  5
E3
330
1F
100
AcDbEntity
  8
10
100
AcDbMText
 10
277.9824127818663
 20
43.71663958767122
 30
0.0
 40
3.5
 41
0.0
 46
0.0
 71
     2
 72
     1
  1
更改文件号
  7
SLDTEXTSTYLE1
 73
     1
 44
1.0
  0
MTEXT
  5
E4
330
1F
100
AcDbEntity
  8
10
100
AcDbMText
 10
259.463987100714
 20
43.71663958767123
 30
0.0
 40
3.5
 41
0.0
 46
0.0
 71
     2
 72
     1
  1
分区
  7
SLDTEXTSTYLE1
 73
     1
 44
1.0
  0
MTEXT
  5
E5
330
1F
100
AcDbEntity
  8
10
100
AcDbMText
 10
246.6673879005452
 20
43.71663958767122
 30
0.0
 40
3.5
 41
0.0
 46
0.0
 71
     2
 72
     1
  1
处数
  7
SLDTEXTSTYLE1
 73
     1
 44
1.0
  0
MTEXT
  5
E6
330
1F
100
AcDbEntity
  8
10
100
AcDbMText
 10
236.4919404376879
 20
43.71663958767121
 30
0.0
 40
3.5
 41
0.0
 46
0.0
 71
     2
 72
     1
  1
标记
  7
SLDTEXTSTYLE1
 73
     1
 44
1.0
  0
MTEXT
  5
E7
330
1F
100
AcDbEntity
  8
10
100
AcDbMText
 10
237.9316175949132
 20
36.73433426589026
 30
0.0
 40
3.5
 41
0.0
 46
0.0
 71
     2
 72
     1
  1
设计
  7
SLDTEXTSTYLE1
 73
     1
 44
1.0
  0
MTEXT
  5
E8
330
1F
100
AcDbEntity
  8
10
100
AcDbMText
 10
237.9307060629433
 20
29.55608722865258
 30
0.0
 40
3.5
 41
0.0
 46
0.0
 71
     2
 72
     1
  1
校核
  7
SLDTEXTSTYLE1
 73
     1
 44
1.0
  0
MTEXT
  5
E9
330
1F
100
AcDbEntity
  8
10
100
AcDbMText
 10
278.0156921182829
 20
22.33010594922127
 30
0.0
 40
3.5
 41
0.0
 46
0.0
 71
     2
 72
     1
  1
审核
  7
SLDTEXTSTYLE1
 73
     1
 44
1.0
  0
LWPOLYLINE
  5
EA
330
1F
100
AcDbEntity
  8
0
  6
CENTERX2
 62
     7
100
AcDbPolyline
 90
       17
 70
   128
 43
0.0
 10
195.8486413155364
 20
202.5111222675501
 10
194.3443698000672
 20
203.272605622994
 10
192.9091939691494
 20
203.0646345186509
 10
191.7616063331388
 20
201.9188706698945
 10
191.0763167067104
 20
200.0097462363228
 10
190.9576542233217
 20
197.6279081066908
 10
191.4236841703908
 20
195.1359695448188
 10
192.4034577130483
 20
192.9133056072723
 10
193.7478132110939
 20
191.2982967300441
 10
195.2520847265631
 20
190.5368133746003
 10
196.687260557481
 20
190.7447844789433
 10
197.8348481934915
 20
191.8905483276997
 10
198.52013781992
 20
193.7996727612715
 10
198.6388003033086
 20
196.1815108909035
 10
198.1727703562395
 20
198.6734494527755
 10
197.192996813582
 20
200.896113390322
 10
195.8486413155364
 20
202.5111222675501
  0
LWPOLYLINE
  5
EB
330
1F
100
AcDbEntity
  8
0
  6
CENTERX2
 62
     7
100
AcDbPolyline
 90
       17
 70
   128
 43
0.0
 10
198.854716424189
 20
176.1893155457019
 10
198.2786500999169
 20
174.1576544455811
 10
197.2127230435055
 20
172.8385441480746
 10
195.8192129866408
 20
172.4328072382131
 10
194.3102692032802
 20
173.0022134825088
 10
192.9156147058309
 20
174.4600759419481
 10
191.847572998955
 20
176.5844482726376
 10
191.2687437507024
 20
179.0519140447128
 10
191.2672484670191
 20
181.4868239620082
 10
191.8433147912913
 20
183.518485062129
 10
192.9092418477027
 20
184.8375953596356
 10
194.3027519045674
 20
185.243332269497
 10
195.8116956879281
 20
184.6739260252013
 10
197.2063501853773
 20
183.2160635657619
 10
198.2743918922531
 20
181.0916912350725
 10
198.8532211405058
 20
178.6242254629973
 10
198.854716424189
 20
176.1893155457019
  0
LWPOLYLINE
  5
EC
330
1F
100
AcDbEntity
  8
0
  6
CENTERX2
 62
     7
100
AcDbPolyline
 90
       26
 70
   128
 43
0.0
 10
198.5315246875107
 20
228.9342717028118
 10
202.6211726186298
 20
231.5815722218901
 10
207.2293259745203
 20
232.2597352429824
 10
212.0664375322292
 20
230.9261492893643
 10
216.8285737829337
 20
227.6646084710878
 10
221.2165121920899
 20
222.6800473928731
 10
224.9545424517421
 20
216.2856643591979
 10
227.8077903731626
 20
208.8832419729637
 10
229.5969758959367
 20
200.9379016569027
 10
230.2096779135045
 20
192.9488783639908
 10
229.6073981047417
 20
185.4181518092939
 10
227.8279799250633
 20
178.8189052383187
 10
224.9832307629406
 20
173.5657935834506
 10
221.2518966704853
 20
169.9888891695582
 10
216.8684310916134
 20
168.3129420559006
 10
212.108263289904
 20
168.6432581633313
 10
207.2704921150111
 20
170.9590825160027
 10
202.659092521931
 20
175.1149033528303
 10
198.5638157066383
 20
180.8495951665962
 10
195.2419829728125
 20
187.8028261799205
 10
192.9023172879659
 20
195.537699316041
 10
191.6918284517661
 20
203.5682040489419
 10
191.6865759296579
 20
211.3897542321244
 10
192.8868897569229
 20
218.5108931019299
 10
195.2173498013484
 20
224.4841733134518
 10
198.5315246875107
 20
228.9342717028118
  0
LWPOLYLINE
  5
ED
330
1F
100
AcDbEntity
  8
0
  6
CENTERX2
 62
     7
100
AcDbPolyline
 90
       26
 70
   128
 43
0.0
 10
198.6578875158043
 20
216.1966558325589
 10
197.7120656568582
 20
208.8858339073772
 10
197.9781883538095
 20
200.977216595926
 10
199.4395341388779
 20
192.9677314097437
 10
202.0042812819338
 20
185.3606437599042
 10
205.5112772874987
 20
178.6339349403583
 10
209.7401646987139
 20
173.2102688053425
 10
214.4252269667727
 20
169.4304342449685
 10
219.2720843989194
 20
167.5319321659239
 10
223.9761911171974
 20
167.6340524360371
 10
228.2419707960029
 20
169.730378463165
 10
231.8013888096765
 20
173.6891903732753
 10
234.4307938337952
 20
179.2617414545639
 10
235.9649706804184
 20
186.0978878281842
 10
236.3075213759651
 20
193.768089275894
 10
235.4369222004206
 20
201.790398831706
 10
233.4078761018243
 20
209.6607452822378
 10
230.3478755088606
 20
216.8846058148931
 10
226.4491915126801
 20
223.0080787049044
 10
221.9567927671199
 20
227.6464036300344
 10
217.1529532072503
 20
230.5081375766713
 10
212.3395157399039
 20
231.4134672762268
 10
207.8189263437387
 20
230.305507534108
 10
203.8752302760808
 20
227.2538755357032
 10
200.7562244647605
 20
222.4503165425895
 10
198.6578875158043
 20
216.1966558325589
  0
LWPOLYLINE
  5
EE
330
1F
100
AcDbEntity
  8
0
  6
CENTERX2
 62
     7
100
AcDbPolyline
 90
       17
 70
   128
 43
0.0
 10
189.9106881334889
 20
176.4995708089722
 10
191.4191159869194
 20
175.9916464142254
 10
192.8278314890903
 20
174.5853952105837
 10
193.9223704748338
 20
172.4949061961025
 10
194.5360993055911
 20
170.0384373729063
 10
194.5755833303451
 20
167.5899638513817
 10
194.0348114642506
 20
165.5222435297128
 10
192.9961113218112
 20
164.1500680829424
 10
191.6176155838733
 20
163.68233878404
 10
190.1091877304428
 20
164.1902631787867
 10
188.7004722282719
 20
165.5965143824284
 10
187.6059332425284
 20
167.6870033969097
 10
186.9922044117711
 20
170.1434722201058
 10
186.9527203870171
 20
172.5919457416305
 10
187.4934922531116
 20
174.6596660632994
 10
188.532192395551
 20
176.0318415100697
 10
189.9106881334889
 20
176.4995708089722
  0
LWPOLYLINE
  5
EF
330
1F
100
AcDbEntity
  8
0
  6
Continuous
 62
     7
100
AcDbPolyline
 90
       17
 70
   128
 43
0.0
 10
273.2934081696725
 20
152.1613702468292
 10
273.0770602020363
 20
152.0394113286107
 10
273.0527166110342
 20
151.9083216990438
 10
273.224083487721
 20
151.7880585658998
 10
273.5650717785657
 20
151.6969309010117
 10
274.0237691073539
 20
151.6488120652845
 10
274.5303429638791
 20
151.6510277152592
 10
275.0076720705887
 20
151.7032405383123
 10
275.3830873979855
 20
151.7975016054441
 10
275.5994353656216
 20
151.9194605236627
 10
275.6237789566238
 20
152.0505501532295
 10
275.452412079937
 20
152.1708132863736
 10
275.1114237890923
 20
152.2619409512616
 10
274.6527264603041
 20
152.3100597869889
 10
274.1461526037789
 20
152.3078441370141
 10
273.6688234970693
 20
152.2556313139611
 10
273.2934081696725
 20
152.1613702468292
  0
LWPOLYLINE
  5
F0
330
1F
100
AcDbEntity
  8
0
  6
Continuous
 62
     7
100
AcDbPolyline
 90
       17
 70
   128
 43
0.0
 10
205.8894726083642
 20
174.5309216146632
 10
205.6731246407281
 20
174.4089626964447
 10
205.648781049726
 20
174.2778730668778
 10
205.8201479264128
 20
174.1576099337337
 10
206.1611362172575
 20
174.0664822688456
 10
206.6198335460455
 20
174.0183634331184
 10
207.1264074025706
 20
174.0205790830931
 10
207.6037365092802
 20
174.0727919061461
 10
207.9791518366769
 20
174.1670529732779
 10
208.195499804313
 20
174.2890118914965
 10
208.2198433953151
 20
174.4201015210633
 10
208.0484765186283
 20
174.5403646542074
 10
207.7074882277837
 20
174.6314923190955
 10
207.2487908989955
 20
174.6796111548228
 10
206.7422170424705
 20
174.677395504848
 10
206.2648879357609
 20
174.625182681795
 10
205.8894726083642
 20
174.5309216146632
  0
LWPOLYLINE
  5
F1
330
1F
100
AcDbEntity
  8
0
  6
Continuous
 62
     7
100
AcDbPolyline
 90
       17
 70
   128
 43
0.0
 10
217.032702192838
 20
140.4791175400434
 10
216.8163539961426
 20
140.3571713595508
 10
216.7920100303793
 20
140.2261025700249
 10
216.963376443657
 20
140.1058652065295
 10
217.3043642529946
 20
140.0147643177024
 10
217.7630611554826
 20
139.966669188036
 10
218.2696347058151
 20
139.9689018650384
 10
218.7469636730545
 20
140.0211224438754
 10
219.1223790489365
 20
140.1153808147996
 10
219.3387272456319
 20
140.2373269952923
 10
219.3630712113952
 20
140.3683957848182
 10
219.1917047981175
 20
140.4886331483135
 10
218.8507169887798
 20
140.5797340371406
 10
218.3920200862918
 20
140.6278291668071
 10
217.8854465359594
 20
140.6255964898047
 10
217.40811756872
 20
140.5733759109677
 10
217.032702192838
 20
140.4791175400434
  0
LWPOLYLINE
  5
F2
330
1F
100
AcDbEntity
  8
0
  6
Continuous
 62
     7
100
AcDbPolyline
 90
       17
 70
   128
 43
0.0
 10
149.628874765016
 20
162.8426557281376
 10
149.4125265683207
 20
162.7207095476449
 10
149.3881826025574
 20
162.589640758119
 10
149.5595490158352
 20
162.4694033946237
 10
149.9005368251728
 20
162.3783025057966
 10
150.3592337276609
 20
162.3302073761301
 10
150.8658072779933
 20
162.3324400531326
 10
151.3431362452327
 20
162.3846606319695
 10
151.7185516211146
 20
162.4789190028938
 10
151.93489981781
 20
162.6008651833864
 10
151.9592437835732
 20
162.7319339729123
 10
151.7878773702954
 20
162.8521713364077
 10
151.4468895609578
 20
162.9432722252348
 10
150.9881926584698
 20
162.9913673549012
 10
150.4816191081373
 20
162.9891346778988
 10
150.004290140898
 20
162.9369140990618
 10
149.628874765016
 20
162.8426557281376
  0
LINE
  5
F3
330
1F
100
AcDbEntity
  8
0
  6
Continuous
 62
     7
100
AcDbLine
 10
195.0609824456041
 20
178.8380697538551
 30
0.0
 11
195.4091390133693
 21
159.4955558521502
 31
0.0
  0
LINE
  5
F4
330
1F
100
AcDbEntity
  8
0
  6
Continuous
 62
     7
100
AcDbLine
 10
210.8732031124406
 20
200.2426856768698
 30
0.0
 11
211.7039452560331
 21
154.0891934009136
 31
0.0
  0
LINE
  5
F5
330
1F
100
AcDbEntity
  8
0
  6
Continuous
 62
     7
100
AcDbLine
 10
233.0751780513693
 20
202.7098773079059
 30
0.0
 11
234.0839814460755
 21
146.6638466055422
 31
0.0
  0
LINE
  5
F6
330
1F
100
AcDbEntity
  8
0
  6
Continuous
 62
     7
100
AcDbLine
 10
211.7039452560331
 20
154.0891934009136
 30
0.0
 11
195.4091390133693
 21
159.4955558521502
 31
0.0
  0
LINE
  5
F7
330
1F
100
AcDbEntity
  8
0
  6
Continuous
 62
     7
100
AcDbLine
 10
234.0839814460755
 20
146.6638466055422
 30
0.0
 11
211.7039452560331
 21
154.0891934009136
 31
0.0
  0
LINE
  5
F8
330
1F
100
AcDbEntity
  8
0
  6
Continuous
 62
     7
100
AcDbLine
 10
194.7982272632802
 20
196.9047094989572
 30
0.0
 11
217.0002022013954
 21
199.3719011288918
 31
0.0
  0
LINE
  5
F9
330
1F
100
AcDbEntity
  8
0
  6
Continuous
 62
     7
100
AcDbLine
 10
209.5870251662506
 20
205.2583462442905
 30
0.0
 11
214.4078740405338
 21
190.1888105093673
 31
0.0
  0
LINE
  5
FA
330
1F
100
AcDbEntity
  8
0
  6
Continuous
 62
     7
100
AcDbLine
 10
210.8732031124409
 20
200.2426856768699
 30
0.0
 11
195.0609824456044
 21
178.8380697538551
 31
0.0
  0
LINE
  5
FB
330
1F
100
AcDbEntity
  8
0
  6
Continuous
 62
     7
100
AcDbLine
 10
195.0609824456044
 20
178.8380697538551
 30
0.0
 11
190.7641518586811
 21
170.0909547965061
 31
0.0
  0
LINE
  5
FC
330
1F
100
AcDbEntity
  8
0
  6
Continuous
 62
     7
370
    25
100
AcDbLine
 10
245.4384671497666
 20
237.1929633646138
 30
0.0
 11
241.4197231875265
 21
236.3584693199138
 31
0.0
  0
LINE
  5
FD
330
1F
100
AcDbEntity
  8
0
  6
Continuous
 62
     7
370
    25
100
AcDbLine
 10
239.6306823364289
 20
177.3182456261624
 30
0.0
 11
243.649426298669
 21
178.1527396708624
 31
0.0
  0
LINE
  5
FE
330
1F
100
AcDbEntity
  8
0
  6
Continuous
 62
     7
370
    25
100
AcDbLine
 10
259.3547531789039
 20
82.60804399455738
 30
0.0
 11
263.5354223795836
 21
82.74352139074578
 31
0.0
  0
LINE
  5
FF
330
1F
100
AcDbEntity
  8
0
  6
Continuous
 62
     7
370
    25
100
AcDbLine
 10
269.1788396677157
 20
82.92640012214045
 30
0.0
 11
273.0166533754403
 21
83.0507670555716
 31
0.0
  0
LINE
  5
100
330
1F
100
AcDbEntity
  8
0
  6
Continuous
 62
     7
370
    25
100
AcDbLine
 10
272.8223213514675
 20
89.04761915183497
 30
0.0
 11
268.8950412087165
 21
88.92035299842691
 31
0.0
  0
LINE
  5
101
330
1F
100
AcDbEntity
  8
0
  6
Continuous
 62
     7
370
    25
100
AcDbLine
 10
263.3410903556107
 20
88.74037348700911
 30
0.0
 11
259.1604211549312
 21
88.60489609082076
 31
0.0
  0
LINE
  5
102
330
1F
100
AcDbEntity
  8
0
  6
Continuous
 62
     7
370
    25
100
AcDbLine
 10
254.5370092060718
 20
82.95218422507302
 30
0.0
 11
255.0360213637484
 21
82.96835504953756
 31
0.0
  0
LINE
  5
103
330
1F
100
AcDbEntity
  8
0
  6
Continuous
 62
     7
370
    25
100
AcDbLine
 10
254.8740780104377
 20
87.96573179642372
 30
0.0
 11
254.3750658527611
 21
87.94956097195925
 31
0.0
  0
LINE
  5
104
330
1F
100
AcDbEntity
  8
0
  6
Continuous
 62
     7
370
    25
100
AcDbLine
 10
244.3060055952751
 20
208.9261763237512
 30
0.0
 11
244.8276478947471
 21
179.9453258574666
 31
0.0
  0
LINE
  5
105
330
1F
100
AcDbEntity
  8
0
  6
Continuous
 62
     7
370
    25
100
AcDbLine
 10
271.9580445342173
 20
214.9227144344016
 30
0.0
 11
272.0579265890113
 21
209.373573007067
 31
0.0
  0
SPLINE
  5
106
330
1F
100
AcDbEntity
  8
0
  6
Continuous
 62
     7
370
    25
100
AcDbSpline
210
0.0
220
0.0
230
1.0
 70
     8
 71
     3
 72
    24
 73
    20
 74
     0
 42
0.00000001
 43
0.0000000001
 40
0.0
 40
0.0
 40
0.0
 40
0.0
 40
0.01185690404982
 40
0.1460415494387615
 40
0.2300635894792297
 40
0.2897681148585856
 40
0.3362107066493119
 40
0.3812306235490892
 40
0.4300085237711781
 40
0.4830821769182426
 40
0.5382373789126076
 40
0.5926014848481135
 40
0.6384522954647892
 40
0.6799864099295626
 40
0.7200912842508745
 40
0.7638595105672872
 40
0.8190036789139194
 40
0.9043531424076302
 40
1.0
 40
1.0
 40
1.0
 40
1.0
 10
263.4958840881345
 20
74.47027585890706
 30
0.0
 10
263.500051757405
 20
74.43503425078543
 30
0.0
 10
263.5513849616947
 20
74.00096317850866
 30
0.0
 10
263.638019453911
 20
73.52024263115056
 30
0.0
 10
263.7660030214677
 20
72.95316788598153
 30
0.0
 10
263.905411135151
 20
72.52723290096311
 30
0.0
 10
264.1242594577608
 20
72.07151004129994
 30
0.0
 10
264.4977517222039
 20
71.57394961017118
 30
0.0
 10
265.0741452511499
 20
71.12025711817619
 30
0.0
 10
265.8366745365041
 20
70.83165157913288
 30
0.0
 10
266.6904657606711
 20
70.80551321023307
 30
0.0
 10
267.4651814635028
 20
71.05045914857574
 30
0.0
 10
268.0559163998388
 20
71.46225309036893
 30
0.0
 10
268.4518690198325
 20
71.92328199051281
 30
0.0
 10
268.6965618061744
 20
72.36938934421779
 30
0.0
 10
268.8400973536429
 20
72.76662274254539
 30
0.0
 10
268.9397480228279
 20
73.17971569178542
 30
0.0
 10
269.0164642616884
 20
73.64706403741142
 30
0.0
 10
269.0538113656023
 20
74.09815191670718
 30
0.0
 10
269.0735473088971
 20
74.33652769083201
 30
0.0
  0
SPLINE
  5
107
330
1F
100
AcDbEntity
  8
0
  6
Continuous
 62
     7
370
    25
100
AcDbSpline
210
0.0
220
0.0
230
1.0
 70
     8
 71
     3
 72
    29
 73
    25
 74
     0
 42
0.00000001
 43
0.0000000001
 40
0.0
 40
0.0
 40
0.0
 40
0.0
 40
0.0379151187632454
 40
0.1102671944180685
 40
0.1828135099615268
 40
0.2556641576339189
 40
0.3290988892428737
 40
0.4037914882775551
 40
0.4819409583809995
 40
0.5282941737691563
 40
0.562452685755028
 40
0.5879637806632552
 40
0.6146352287378539
 40
0.6439329514287815
 40
0.675171059242998
 40
0.7099579743951593
 40
0.7382377843604874
 40
0.7630660752839034
 40
0.7862576996832411
 40
0.8100416942087294
 40
0.8378677994743863
 40
0.8767907178325307
 40
0.9471692785830567
 40
1.0
 40
1.0
 40
1.0
 40
1.0
 10
268.9878188154978
 20
88.93511404231828
 30
0.0
 10
268.9718578509725
 20
89.27406036018917
 30
0.0
 10
268.925439144245
 20
90.25980590837937
 30
0.0
 10
268.8381683772787
 20
91.82272210611472
 30
0.0
 10
268.724158692725
 20
93.54149339609838
 30
0.0
 10
268.6009576223081
 20
95.08085646737439
 30
0.0
 10
268.470524084229
 20
96.41221112644769
 30
0.0
 10
268.3309462931184
 20
97.5254537457712
 30
0.0
 10
268.2002395477512
 20
98.28486646364126
 30
0.0
 10
268.0598802532097
 20
98.83548782434218
 30
0.0
 10
267.8890989736406
 20
99.29659203717081
 30
0.0
 10
267.5943852716831
 20
99.80020131671716
 30
0.0
 10
267.1319436063988
 20
100.2912769643352
 30
0.0
 10
266.4640784749023
 20
100.6843933287125
 30
0.0
 10
265.6165517227727
 20
100.8679097649314
 30
0.0
 10
264.759445882581
 20
100.7467082458367
 30
0.0
 10
264.0583381164234
 20
100.3855046455655
 30
0.0
 10
263.5775999466376
 20
99.93861593402565
 30
0.0
 10
263.2675424613493
 20
99.47777601669661
 30
0.0
 10
263.0846382136909
 20
99.05881344458039
 30
0.0
 10
262.9706177093847
 20
98.6689016120928
 30
0.0
 10
262.8753085400444
 20
98.17395860403671
 30
0.0
 10
262.8036174566521
 20
97.58755680911535
 30
0.0
 10
262.766662259715
 20
96.98009629045213
 30
0.0
 10
262.750816296814
 20
96.71962421506361
 30
0.0
  0
LINE
  5
108
330
1F
100
AcDbEntity
  8
0
  6
Continuous
 62
     7
370
    25
100
AcDbLine
 10
267.9460461283845
 20
112.9165869198488
 30
0.0
 11
267.7282418606792
 21
125.0171257750691
 31
0.0
  0
LINE
  5
109
330
1F
100
AcDbEntity
  8
0
  6
Continuous
 62
     7
370
    25
100
AcDbLine
 10
267.553815667494
 20
134.7077115025279
 30
0.0
 11
267.0501068713655
 21
162.6922313812391
 31
0.0
  0
LINE
  5
10A
330
1F
100
AcDbEntity
  8
0
  6
Continuous
 62
     7
370
    25
100
AcDbLine
 10
266.8505972994933
 20
173.7763728990462
 30
0.0
 11
266.8411317676474
 21
174.3022488935487
 31
0.0
  0
LINE
  5
10B
330
1F
100
AcDbEntity
  8
0
  6
Continuous
 62
     7
370
    25
100
AcDbLine
 10
261.8419415304915
 20
174.2122657133174
 30
0.0
 11
261.8514070623374
 21
173.6863897188134
 31
0.0
  0
LINE
  5
10C
330
1F
100
AcDbEntity
  8
0
  6
Continuous
 62
     7
370
    25
100
AcDbLine
 10
262.0679184800443
 20
161.6576776547027
 30
0.0
 11
262.554625430338
 21
134.617728322295
 31
0.0
  0
LINE
  5
10D
330
1F
100
AcDbEntity
  8
0
  6
Continuous
 62
     7
370
    25
100
AcDbLine
 10
262.7460534693579
 20
123.9825720485328
 30
0.0
 11
262.9468558912286
 21
112.826603739616
 31
0.0
  0
LINE
  5
10E
330
1F
100
AcDbEntity
  8
0
  6
Continuous
 62
     7
370
    25
100
AcDbLine
 10
259.0666695366185
 20
79.09687120935591
 30
0.0
 11
259.1576733078105
 21
79.09982024774494
 31
0.0
  0
LINE
  5
10F
330
1F
100
AcDbEntity
  8
0
  6
Continuous
 62
     7
370
    25
100
AcDbLine
 10
273.1300137227579
 20
79.55260333275152
 30
0.0
 11
273.6290258804348
 21
79.56877415721606
 31
0.0
  0
LINE
  5
110
330
1F
100
AcDbEntity
  8
0
  6
Continuous
 62
     7
370
    25
100
AcDbLine
 10
273.207973161827
 20
92.5619536991201
 30
0.0
 11
272.7089610041501
 21
92.54578287465555
 31
0.0
  0
LINE
  5
111
330
1F
100
AcDbEntity
  8
0
  6
Continuous
 62
     7
370
    25
100
AcDbLine
 10
239.8006336446939
 20
206.6597508607766
 30
0.0
 11
233.9660486129875
 21
205.448196577149
 31
0.0
  0
LINE
  5
112
330
1F
100
AcDbEntity
  8
0
  6
Continuous
 62
     7
370
    25
100
AcDbLine
 10
236.1878623833659
 20
200.8028980662221
 30
0.0
 11
240.8172007200829
 21
201.7641823155273
 31
0.0
  0
LINE
  5
113
330
1F
100
AcDbEntity
  8
0
  6
Continuous
 62
     7
370
    25
100
AcDbLine
 10
215.3257912500123
 20
271.0133775345013
 30
0.0
 11
210.5032984953242
 21
270.0119846808613
 31
0.0
  0
LINE
  5
114
330
1F
100
AcDbEntity
  8
0
  6
Continuous
 62
     7
370
    25
100
AcDbLine
 10
245.5260673766222
 20
101.3498571599291
 30
0.0
 11
250.3485601313104
 21
102.3512500135691
 31
0.0
  0
LINE
  5
115
330
1F
100
AcDbEntity
  8
0
  6
Continuous
 62
     7
370
    25
100
AcDbLine
 10
148.3228860403534
 20
177.8142029801391
 30
0.0
 11
141.8928957007691
 21
176.4790125086191
 31
0.0
  0
LINE
  5
116
330
1F
100
AcDbEntity
  8
0
  6
Continuous
 62
     7
370
    25
100
AcDbLine
 10
145.3492237570915
 20
159.8340794547712
 30
0.0
 11
151.7792140966758
 21
161.1692699262912
 31
0.0
  0
LINE
  5
117
330
1F
100
AcDbEntity
  8
0
  6
Continuous
 62
     7
370
    25
100
AcDbLine
 10
167.5624345091638
 20
85.16067269274916
 30
0.0
 11
172.3849272638519
 21
86.16206554638914
 31
0.0
  0
LINE
  5
118
330
1F
100
AcDbEntity
  8
0
  6
Continuous
 62
     7
370
    25
100
AcDbLine
 10
137.3621583825537
 20
254.8241930673212
 30
0.0
 11
132.5396656278655
 21
253.8228002136813
 31
0.0
  0
LINE
  5
119
330
1F
100
AcDbEntity
  8
0
  6
Continuous
 62
     7
370
    25
100
AcDbLine
 10
242.5453647482441
 20
193.4417157886033
 30
0.0
 11
244.5771249964108
 21
193.8636117449727
 31
0.0
  0
LINE
  5
11A
330
1F
100
AcDbEntity
  8
0
  6
Continuous
 62
     7
370
    25
100
AcDbLine
 10
240.4837159938769
 20
215.4829138145206
 30
0.0
 11
238.0724696165329
 21
214.9822173877006
 31
0.0
  0
LINE
  5
11B
330
1F
100
AcDbEntity
  8
0
  6
Continuous
 62
     7
370
    25
100
AcDbLine
 10
231.888491804547
 20
213.4540737995132
 30
0.0
 11
227.0659990498589
 21
212.4526809458732
 31
0.0
  0
LINE
  5
11C
330
1F
100
AcDbEntity
  8
0
  6
Continuous
 62
     7
370
    25
100
AcDbLine
 10
231.7528863916635
 20
189.8829661730819
 30
0.0
 11
236.5753791463517
 21
190.884359026722
 31
0.0
  0
LINE
  5
11D
330
1F
100
AcDbEntity
  8
0
  6
Continuous
 62
     7
370
    25
100
AcDbLine
 10
210.1892027962898
 20
232.1722103820628
 30
0.0
 11
205.3667100416016
 21
231.1708175284228
 31
0.0
  0
SPLINE
  5
11E
330
1F
100
AcDbEntity
  8
0
  6
Continuous
 62
     7
370
    25
100
AcDbSpline
210
0.0
220
0.0
230
1.0
 70
     8
 71
     3
 72
    23
 73
    19
 74
     0
 42
0.00000001
 43
0.0000000001
 40
0.0
 40
0.0
 40
0.0
 40
0.0
 40
0.0588414204329764
 40
0.1176996351666505
 40
0.1639202706261591
 40
0.2102233711035848
 40
0.3026879185234153
 40
0.3754546315739815
 40
0.4217589467655315
 40
0.4680650249321993
 40
0.5044416604904994
 40
0.5408136929124191
 40
0.6057959966746413
 40
0.6707442140742311
 40
0.7885672834166078
 40
0.8811524304630626
 40
0.9638041975064085
 40
1.0
 40
1.0
 40
1.0
 40
1.0
 10
242.0544549259575
 20
236.3985591811346
 30
0.0
 10
242.4932713532654
 20
236.3099999604254
 30
0.0
 10
243.371029453244
 20
236.1328562427619
 30
0.0
 10
244.6134106245305
 20
235.5003479857668
 30
0.0
 10
245.6822295466847
 20
234.4436115379759
 30
0.0
 10
246.9312648713252
 20
233.0051973094484
 30
0.0
 10
248.4073430211241
 20
231.4554050964493
 30
0.0
 10
249.6676137470204
 20
229.4021285428886
 30
0.0
 10
250.7370617350397
 20
227.9759629132043
 30
0.0
 10
251.4792577121979
 20
226.6875720947512
 30
0.0
 10
252.1996900062652
 20
225.5634973251314
 30
0.0
 10
253.0523601746259
 20
224.2983869615864
 30
0.0
 10
254.0220852584871
 20
222.6628493273491
 30
0.0
 10
255.4776754862011
 20
220.2484610966667
 30
0.0
 10
256.9689948270906
 20
217.3592450418643
 30
0.0
 10
258.3625453069338
 20
214.0907984791331
 30
0.0
 10
259.266535007142
 20
211.6225806633712
 30
0.0
 10
259.6107639211599
 20
210.1635993426301
 30
0.0
 10
259.7156010821798
 20
209.7192570650964
 30
0.0
  0
SPLINE
  5
11F
330
1F
100
AcDbEntity
  8
0
  6
Continuous
 62
     7
370
    25
100
AcDbSpline
210
0.0
220
0.0
230
1.0
 70
     8
 71
     3
 72
    15
 73
    11
 74
     0
 42
0.00000001
 43
0.0000000001
 40
0.0
 40
0.0
 40
0.0
 40
0.0
 40
0.0269097150110738
 40
0.1446847513071471
 40
0.2624487009406061
 40
0.4532535059960825
 40
0.6031491032673861
 40
0.7368322474137866
 40
0.8705185114851573
 40
0.9999999999999998
 40
0.9999999999999998
 40
0.9999999999999998
 40
0.9999999999999998
 10
245.8750228077194
 20
179.060749407113
 30
0.0
 10
245.7717694807461
 20
179.0326471580389
 30
0.0
 10
245.2166100549175
 20
178.8815505404496
 30
0.0
 10
244.2454496619672
 20
178.4595157312521
 30
0.0
 10
242.5901217873536
 20
178.0956007853997
 30
0.0
 10
240.8315969755647
 20
177.6238654051965
 30
0.0
 10
239.0081423034082
 20
177.1201947722247
 30
0.0
 10
237.3052693663189
 20
177.224671747705
 30
0.0
 10
235.6504909193777
 20
177.7944670856685
 30
0.0
 10
234.5811090898823
 20
178.5528955699753
 30
0.0
 10
234.0549612252105
 20
178.9260508981454
 30
0.0
  0
SPLINE
  5
120
330
1F
100
AcDbEntity
  8
0
  6
Continuous
 62
     7
370
    25
100
AcDbSpline
210
0.0
220
0.0
230
1.0
 70
     8
 71
     3
 72
    21
 73
    17
 74
     0
 42
0.00000001
 43
0.0000000001
 40
0.0
 40
0.0
 40
0.0
 40
0.0
 40
0.0661061005666968
 40
0.1503661562679641
 40
0.2346048369704671
 40
0.3146592087055644
 40
0.3947181335031254
 40
0.4746325353006775
 40
0.537459554150547
 40
0.6003830740590952
 40
0.6632593913610383
 40
0.7689593765915107
 40
0.8517946206093602
 40
0.8933397073303906
 40
0.9348455393715054
 40
1.0
 40
1.0
 40
1.0
 40
1.0
 10
225.887337313095
 20
225.012898942384
 30
0.0
 10
226.1646485520972
 20
225.4481788106851
 30
0.0
 10
226.7954258138207
 20
226.4382744317575
 30
0.0
 10
227.9488390138083
 20
227.6639194510695
 30
0.0
 10
229.234267987932
 20
228.8001530122516
 30
0.0
 10
230.4945774949516
 20
229.9287338788538
 30
0.0
 10
231.7754011160644
 20
230.928738093199
 30
0.0
 10
232.9411842296425
 20
231.9163696585452
 30
0.0
 10
233.9527575942491
 20
232.9865320639274
 30
0.0
 10
235.0067912188955
 20
233.6483952920495
 30
0.0
 10
236.2081449927072
 20
234.7046498181479
 30
0.0
 10
237.6276412353708
 20
235.5248974365963
 30
0.0
 10
238.9862311832941
 20
236.1432895506565
 30
0.0
 10
240.0649621391341
 20
236.0495048270299
 30
0.0
 10
240.9775125072379
 20
236.2609388748857
 30
0.0
 10
241.646063905555
 20
236.346371713801
 30
0.0
 10
242.0544549259575
 20
236.3985591811346
 30
0.0
  0
SPLINE
  5
121
330
1F
100
AcDbEntity
  8
0
  6
Continuous
 62
     7
370
    25
100
AcDbSpline
210
0.0
220
0.0
230
1.0
 70
     8
 71
     3
 72
    24
 73
    20
 74
     0
 42
0.00000001
 43
0.0000000001
 40
0.0
 40
0.0
 40
0.0
 40
0.0
 40
0.0552272599797823
 40
0.1104702827199495
 40
0.1538519521658893
 40
0.1973110214595951
 40
0.2840962071619806
 40
0.3523934397907436
 40
0.3958536491883465
 40
0.4393155132755277
 40
0.4734578214384721
 40
0.5075958091990924
 40
0.5685867668876348
 40
0.6295457318676934
 40
0.7401318671837038
 40
0.8270302450368564
 40
0.9046053714138729
 40
0.9821513831770372
 40
0.9999999999999998
 40
0.9999999999999998
 40
0.9999999999999998
 40
0.9999999999999998
 10
246.0731988881978
 20
237.2330532258345
 30
0.0
 10
246.5120153154316
 20
237.1444940051048
 30
0.0
 10
247.3897734152621
 20
236.9673502874
 30
0.0
 10
248.6321545875795
 20
236.3348420306922
 30
0.0
 10
249.7009735066076
 20
235.2781055820304
 30
0.0
 10
250.9500088459795
 20
233.8396913576063
 30
0.0
 10
252.4260868929847
 20
232.289899115975
 30
0.0
 10
253.6863579247026
 20
230.2366226475979
 30
0.0
 10
254.7558052083254
 20
228.8104568217107
 30
0.0
 10
255.4980033601941
 20
227.5220666090022
 30
0.0
 10
256.2184291540596
 20
226.3979900288143
 30
0.0
 10
257.0711282594942
 20
225.1328877254101
 30
0.0
 10
258.0406575213332
 20
223.4972955468512
 30
0.0
 10
259.4972652337458
 20
221.0831907266443
 30
0.0
 10
260.9822152958934
 20
218.1922005711433
 30
0.0
 10
262.3961142512538
 20
214.9294218785258
 30
0.0
 10
263.434716388093
 20
211.9014567459096
 30
0.0
 10
264.0423000374931
 20
209.6439646712162
 30
0.0
 10
264.2339910705672
 20
208.3803010144326
 30
0.0
 10
264.2698570291482
 20
208.1438658111373
 30
0.0
  0
SPLINE
  5
122
330
1F
100
AcDbEntity
  8
0
  6
Continuous
 62
     7
370
    25
100
AcDbSpline
210
0.0
220
0.0
230
1.0
 70
     8
 71
     3
 72
     9
 73
     5
 74
     0
 42
0.00000001
 43
0.0000000001
 40
0.0
 40
0.0
 40
0.0
 40
0.0
 40
0.61012869137036
 40
1.0
 40
1.0
 40
1.0
 40
1.0
 10
246.3210991484859
 20
178.8356465728349
 30
0.0
 10
245.7798677491378
 20
178.6872298461682
 30
0.0
 10
244.8927903062911
 20
178.4439750562102
 30
0.0
 10
243.9926833559393
 20
178.2608017378578
 30
0.0
 10
243.641757481299
 20
178.1893877165257
 30
0.0
  0
LINE
  5
123
330
1F
100
AcDbEntity
  8
0
  6
Continuous
 62
     7
370
    25
100
AcDbLine
 10
245.4484039538112
 20
237.1401793337375
 30
0.0
 11
246.0731988881978
 21
237.2330532258345
 31
0.0
  0
LWPOLYLINE
  5
124
330
1F
100
AcDbEntity
  8
0
  6
Continuous
 62
     7
370
    25
100
AcDbPolyline
 90
       17
 70
   128
 43
0.0
 10
249.3486566623582
 20
190.9975057226931
 10
249.0076545701612
 20
190.9455864797354
 10
248.6499141461755
 20
191.1173848119412
 10
248.3298981270277
 20
191.486745980588
 10
248.0963260506808
 20
191.9974380960164
 10
247.9847571484224
 20
192.5717129130883
 10
248.0121767742466
 20
193.1221422967185
 10
248.1744105386815
 20
193.5649283629041
 10
248.4467598217444
 20
193.832660946934
 10
248.7877619139413
 20
193.8845801898917
 10
249.1455023379272
 20
193.7127818576858
 10
249.4655183570748
 20
193.3434206890391
 10
249.6990904334218
 20
192.8327285736106
 10
249.8106593356802
 20
192.2584537565388
 10
249.7832397098559
 20
191.7080243729086
 10
249.6210059454211
 20
191.2652383067231
 10
249.3486566623582
 20
190.9975057226931
  0
LWPOLYLINE
  5
125
330
1F
100
AcDbEntity
  8
0
  6
Continuous
 62
     7
370
    25
100
AcDbPolyline
 90
       22
 70
   128
 43
0.0
 10
250.1002373628703
 20
188.6348763691592
 10
249.4169149078393
 20
188.4745454376482
 10
248.6874586620523
 20
188.6643485910661
 10
247.9766840141133
 20
189.1874209862943
 10
247.3477464106748
 20
189.9972853455514
 10
246.8565297178496
 20
191.0219816664861
 10
246.5466806944643
 20
192.1704611841777
 10
246.4457307859964
 20
193.34067645346
 10
246.5626498348252
 20
194.428648712252
 10
246.8870490703709
 20
195.3377068508726
 10
247.3901041969529
 20
195.9870770643693
 10
248.0271165589534
 20
196.3190599595587
 10
248.7414848125258
 20
196.3041573993202
 10
249.4697342033869
 20
195.94369354153
 10
250.1471565772887
 20
195.2696971818221
 10
250.713559983491
 20
194.3420558545411
 10
251.1186169937323
 20
193.2431945625026
 10
251.3263365150895
 20
192.0707519537778
 10
251.3182617565274
 20
190.9289046993313
 10
251.0951101957801
 20
189.919110938635
 10
250.6767098283043
 20
189.1310952787336
 10
250.1002373628703
 20
188.6348763691592
  0
LWPOLYLINE
  5
126
330
1F
100
AcDbEntity
  8
0
  6
Continuous
 62
     7
370
    25
100
AcDbPolyline
 90
       17
 70
   128
 43
0.0
 10
249.3486566623588
 20
190.9975057226933
 10
249.0076545701618
 20
190.9455864797356
 10
248.649914146176
 20
191.1173848119415
 10
248.3298981270284
 20
191.4867459805883
 10
248.0963260506814
 20
191.9974380960167
 10
247.9847571484229
 20
192.5717129130885
 10
248.0121767742472
 20
193.1221422967187
 10
248.174410538682
 20
193.5649283629043
 10
248.4467598217448
 20
193.8326609469342
 10
248.7877619139418
 20
193.8845801898919
 10
249.1455023379277
 20
193.712781857686
 10
249.4655183570753
 20
193.3434206890394
 10
249.6990904334222
 20
192.8327285736108
 10
249.8106593356808
 20
192.258453756539
 10
249.7832397098564
 20
191.7080243729088
 10
249.6210059454217
 20
191.2652383067233
 10
249.3486566623588
 20
190.9975057226933
  0
ARC
  5
127
330
1F
100
AcDbEntity
  8
0
  6
Continuous
 62
     7
370
    25
100
AcDbCircle
 10
254.4586564131599
 20
85.45095746520468
 30
0.0
 40
18.71256704074838
100
AcDbArc
 50
352.6305842077625
 51
11.08153326915463
  0
LWPOLYLINE
  5
128
330
1F
100
AcDbEntity
  8
0
  6
Continuous
 62
     7
370
    25
100
AcDbPolyline
 90
       17
 70
   128
 43
0.0
 10
254.5667496583854
 20
83.02520481947148
 10
254.6009609082528
 20
83.43932974875837
 10
254.6131088874262
 20
84.15969384223956
 10
254.6013441761979
 20
85.0766281967992
 10
254.5674578452051
 20
86.0505378689864
 10
254.5166087811613
 20
86.93315393972364
 10
254.4565382931189
 20
87.5901061131759
 10
254.3963915683424
 20
87.92137937622127
 10
254.3453254004475
 20
87.87654037756084
 10
254.31111415058
 20
87.46241544827396
 10
254.2989661714066
 20
86.74205135479276
 10
254.3107308826349
 20
85.82511700023307
 10
254.3446172136276
 20
84.85120732804594
 10
254.3954662776715
 20
83.96859125730868
 10
254.4555367657138
 20
83.31163908385645
 10
254.5156834904903
 20
82.98036582081106
 10
254.5667496583854
 20
83.02520481947148
  0
LINE
  5
129
330
1F
100
AcDbEntity
  8
0
  6
Continuous
 62
     7
370
    25
100
AcDbLine
 10
267.471294470544
 20
203.4833950411518
 30
0.0
 11
302.2338577080715
 21
211.0219000945408
 31
0.0
  0
ARC
  5
12A
330
1F
100
AcDbEntity
  8
0
  6
Continuous
 62
     7
370
    25
100
AcDbCircle
 10
263.556241979116
 20
222.1347401150518
 30
0.0
 40
19.05781490822938
100
AcDbArc
 50
256.3359232094923
 51
281.8546891174679
  0
LINE
  5
12B
330
1F
100
AcDbEntity
  8
0
  6
Continuous
 62
     7
370
    25
100
AcDbLine
 10
245.8793540355213
 20
207.7761786418182
 30
0.0
 11
259.0542341957613
 21
203.6163105111425
 31
0.0
  0
LWPOLYLINE
  5
12C
330
1F
100
AcDbEntity
  8
0
  6
Continuous
 62
     7
370
    25
100
AcDbPolyline
 90
        9
 70
   128
 43
0.0
 10
247.2089025230184
 20
210.5122678838711
 10
246.1412158345315
 20
210.2336993921559
 10
245.2911771616015
 20
209.9100705269191
 10
244.6914530137216
 20
209.5538181639586
 10
244.3650904535656
 20
209.1786328817943
 10
244.3246314112945
 20
208.7989328404135
 10
244.5716307052128
 20
208.4293096994682
 10
245.096596290974
 20
208.0839678689779
 10
245.8793540355213
 20
207.7761786418182
  0
ARC
  5
12D
330
1F
100
AcDbEntity
  8
0
  6
Continuous
 62
     7
370
    25
100
AcDbCircle
 10
252.1027181373032
 20
187.1980865414988
 30
0.0
 40
23.8222686352841
100
AcDbArc
 50
76.3359232094897
 51
101.854689117468
  0
LINE
  5
12E
330
1F
100
AcDbEntity
  8
0
  6
Continuous
 62
     7
370
    25
100
AcDbLine
 10
265.3900419131478
 20
207.9275955634316
 30
0.0
 11
257.7302278664967
 21
210.3461235463827
 31
0.0
  0
LINE
  5
12F
330
1F
100
AcDbEntity
  8
0
  6
Continuous
 62
     7
370
    25
100
AcDbLine
 10
281.1912070211149
 20
211.3541887695177
 30
0.0
 11
265.3900419131478
 21
207.9275955634316
 31
0.0
  0
LINE
  5
130
330
1F
100
AcDbEntity
  8
0
  6
Continuous
 62
     7
370
    25
100
AcDbLine
 10
273.5313929744636
 20
213.7727167524686
 30
0.0
 11
281.1912070211149
 21
211.3541887695177
 31
0.0
  0
LWPOLYLINE
  5
131
330
1F
100
AcDbEntity
  8
0
  6
Continuous
 62
     7
370
    25
100
AcDbPolyline
 90
        9
 70
   128
 43
0.0
 10
274.8609414619606
 20
216.5088059945214
 10
273.7932547734737
 20
216.2302375028062
 10
272.9432161005436
 20
215.9066086375695
 10
272.3434919526637
 20
215.550356274609
 10
272.0171293925079
 20
215.1751709924447
 10
271.9766703502367
 20
214.7954709510638
 10
272.2236696441549
 20
214.4258478101185
 10
272.7486352299162
 20
214.0805059796281
 10
273.5313929744636
 20
213.7727167524686
  0
ARC
  5
132
330
1F
100
AcDbEntity
  8
0
  6
Continuous
 62
     7
370
    25
100
AcDbCircle
 10
279.7547570762457
 20
193.1946246521492
 30
0.0
 40
23.82226863528402
100
AcDbArc
 50
76.33592320949023
 51
101.8546891174687
  0
LINE
  5
133
330
1F
100
AcDbEntity
  8
0
  6
Continuous
 62
     7
370
    25
100
AcDbLine
 10
302.2338577080715
 20
211.0219000945408
 30
0.0
 11
285.3822668054389
 21
216.3426616570331
 31
0.0
  0
LWPOLYLINE
  5
134
330
1F
100
AcDbEntity
  8
0
  6
Continuous
 62
     7
370
    25
100
AcDbPolyline
 90
       17
 70
   128
 43
0.0
 10
265.7697293666473
 20
205.072612623729
 10
265.0331235711566
 20
205.2251145070937
 10
264.10796131196
 20
205.289190891964
 10
263.1350901564033
 20
205.2550867295971
 10
262.2626209188212
 20
205.1279940695585
 10
261.6233791316822
 20
204.9272616172411
 10
261.314683562337
 20
204.6834490688662
 10
261.383530312886
 20
204.4336746747574
 10
261.8194380896556
 20
204.2159643222075
 10
262.5560438851464
 20
204.0634624388428
 10
263.481206144343
 20
203.9993860539726
 10
264.4540772998996
 20
204.0334902163394
 10
265.3265465374817
 20
204.1605828763781
 10
265.9657883246207
 20
204.3613153286954
 10
266.2744838939659
 20
204.6051278770704
 10
266.2056371434169
 20
204.8549022711791
 10
265.7697293666473
 20
205.072612623729
  0
LINE
  5
135
330
1F
100
AcDbEntity
  8
0
  6
Continuous
 62
     7
370
    25
100
AcDbLine
 10
267.7121193321336
 20
190.103902409217
 30
0.0
 11
267.471294470544
 21
203.4833950411518
 31
0.0
  0
ARC
  5
136
330
1F
100
AcDbEntity
  8
0
  6
Continuous
 62
     7
370
    25
100
AcDbCircle
 10
263.7970668407058
 20
208.755247483118
 30
0.0
 40
19.05781490823024
100
AcDbArc
 50
256.3359232094924
 51
281.8546891174668
  0
LINE
  5
137
330
1F
100
AcDbEntity
  8
0
  6
Continuous
 62
     7
370
    25
100
AcDbLine
 10
259.295059057351
 20
190.2368178792078
 30
0.0
 11
259.0542341957613
 21
203.6163105111425
 31
0.0
  0
LWPOLYLINE
  5
138
330
1F
100
AcDbEntity
  8
0
  6
Continuous
 62
     7
370
    25
100
AcDbPolyline
 90
        9
 70
   128
 43
0.0
 10
267.7521119084266
 20
187.8820372068019
 10
268.0982833173107
 20
188.0420016915962
 10
268.3887090136403
 20
188.3467424515669
 10
268.5791743178648
 20
188.7498654684905
 10
268.6406826139881
 20
189.1899989173595
 10
268.5638698214999
 20
189.6001364704033
 10
268.3604299917464
 20
189.917838403077
 10
268.0613349946212
 20
190.0947374761066
 10
267.7121193321336
 20
190.103902409217
  0
LINE
  5
139
330
1F
100
AcDbEntity
  8
0
  6
Continuous
 62
     7
370
    25
100
AcDbLine
 10
302.2338577080715
 20
211.0219000945408
 30
0.0
 11
302.7555000075436
 21
182.0410496282563
 31
0.0
  0
LINE
  5
13A
330
1F
100
AcDbEntity
  8
0
  6
Continuous
 62
     7
370
    25
100
AcDbLine
 10
267.9929367700161
 20
174.5025445748672
 30
0.0
 11
302.7555000075436
 21
182.0410496282563
 31
0.0
  0
LINE
  5
13B
330
1F
100
AcDbEntity
  8
0
  6
Continuous
 62
     7
370
    25
100
AcDbLine
 10
267.9929367700161
 20
174.5025445748672
 30
0.0
 11
267.7521119084266
 21
187.8820372068019
 31
0.0
  0
LINE
  5
13C
330
1F
100
AcDbEntity
  8
0
  6
Continuous
 62
     7
370
    25
100
AcDbLine
 10
262.1002555275381
 20
188.6146064878577
 30
0.0
 11
259.3350516336438
 21
188.0149526767927
 31
0.0
  0
ARC
  5
13D
330
1F
100
AcDbEntity
  8
0
  6
Continuous
 62
     7
370
    25
100
AcDbCircle
 10
263.976092103936
 20
196.3306188228216
 30
0.0
 40
7.940756211763955
100
AcDbArc
 50
256.3359232094941
 51
281.8546891174636
  0
LINE
  5
13E
330
1F
100
AcDbEntity
  8
0
  6
Continuous
 62
     7
370
    25
100
AcDbLine
 10
265.6073639753641
 20
188.5592250420281
 30
0.0
 11
267.7521119084266
 21
187.8820372068019
 31
0.0
  0
ARC
  5
13F
330
1F
100
AcDbEntity
  8
0
  6
Continuous
 62
     7
370
    25
100
AcDbCircle
 10
263.8370594169986
 20
206.5333822807001
 30
0.0
 40
19.05781490822754
100
AcDbArc
 50
256.3359232094907
 51
281.8546891174689
  0
ARC
  5
140
330
1F
100
AcDbEntity
  8
0
  6
Continuous
 62
     7
370
    25
100
AcDbCircle
 10
264.0778842785882
 20
193.1538896487667
 30
0.0
 40
19.05781490822889
100
AcDbArc
 50
256.3359232094918
 51
281.8546891174679
  0
LINE
  5
141
330
1F
100
AcDbEntity
  8
0
  6
Continuous
 62
     7
370
    25
100
AcDbLine
 10
259.5758764952335
 20
174.6354600448579
 30
0.0
 11
259.3350516336438
 21
188.0149526767927
 31
0.0
  0
LWPOLYLINE
  5
142
330
1F
100
AcDbEntity
  8
0
  6
Continuous
 62
     7
370
    25
100
AcDbPolyline
 90
        9
 70
   128
 43
0.0
 10
259.295059057351
 20
190.2368178792078
 10
259.0269030625328
 20
190.2374019845158
 10
258.8026156406891
 20
190.0687677471809
 10
258.6563425186249
 20
189.756588201164
 10
258.6103524532054
 20
189.3483898524317
 10
258.6716470149897
 20
188.9063171992511
 10
258.8308946625829
 20
188.4976717956706
 10
259.0638513852222
 20
188.1846662000053
 10
259.3350516336438
 20
188.0149526767927
  0
LINE
  5
143
330
1F
100
AcDbEntity
  8
0
  6
Continuous
 62
     7
370
    25
100
AcDbLine
 10
246.4009963349934
 20
178.7953281755337
 30
0.0
 11
259.5758764952335
 21
174.6354600448579
 31
0.0
  0
LINE
  5
144
330
1F
100
AcDbEntity
  8
0
  6
Continuous
 62
     7
370
    25
100
AcDbLine
 10
245.8793540355213
 20
207.7761786418182
 30
0.0
 11
246.4009963349934
 21
178.7953281755337
 31
0.0
  0
LWPOLYLINE
  5
145
330
1F
100
AcDbEntity
  8
0
  6
Continuous
 62
     7
370
    25
100
AcDbPolyline
 90
       22
 70
   128
 43
0.0
 10
251.3488487369802
 20
191.6411543802693
 10
251.2194505399051
 20
192.814505290076
 10
250.8837553508674
 20
193.9523658063233
 10
250.3715911605874
 20
194.953632028724
 10
249.7284660049668
 20
195.7293370594332
 10
249.0115243763908
 20
196.2105561023472
 10
248.2844696848048
 20
196.3545307337077
 10
247.6119039301834
 20
196.1484681756965
 10
247.0535875313308
 20
195.6106779908833
 10
246.6591293504162
 20
194.7889451972421
 10
246.463578727865
 20
193.7562843596029
 10
246.4843111946508
 20
192.6044519251475
 10
246.7194845801166
 20
191.4357932604104
 10
247.1482026969226
 20
190.3541488163279
 10
247.7323720589917
 20
189.455627448475
 10
248.4200866549196
 20
188.8200667234815
 10
249.1502400248718
 20
188.5039390008754
 10
249.8579548377031
 20
188.5353336161139
 10
250.4803475265378
 20
188.9114610198601
 10
250.962115769648
 20
189.5989006416832
 10
251.260452344428
 20
190.5365704544052
 10
251.3488487369802
 20
191.6411543802693
  0
SPLINE
  5
146
330
1F
100
AcDbEntity
  8
0
  6
Continuous
 62
     7
370
    25
100
AcDbSpline
210
0.0
220
0.0
230
1.0
 70
     8
 71
     3
 72
    13
 73
     9
 74
     0
 42
0.00000001
 43
0.0000000001
 40
0.0
 40
0.0
 40
0.0
 40
0.0
 40
0.0466793400856567
 40
0.2599351463205884
 40
0.4765403614536439
 40
0.7112044633144578
 40
0.9566739852784969
 40
1.0
 40
1.0
 40
1.0
 40
1.0
 10
262.1002555275381
 20
188.6146064878577
 30
0.0
 10
262.0846097016506
 20
188.6201765457306
 30
0.0
 10
261.9974855042245
 20
188.6511935610855
 30
0.0
 10
261.8586552179707
 20
188.7653866699812
 30
0.0
 10
261.723397582811
 20
189.0184142174858
 30
0.0
 10
261.6423057740708
 20
189.3574969770933
 30
0.0
 10
261.6081044865122
 20
189.6534365320616
 30
0.0
 10
261.6047215448315
 20
189.8091782478709
 30
0.0
 10
261.6042140252806
 20
189.8325431099091
 30
0.0
  0
SPLINE
  5
147
330
1F
100
AcDbEntity
  8
0
  6
Continuous
 62
     7
370
    25
100
AcDbSpline
210
0.0
220
0.0
230
1.0
 70
     8
 71
     3
 72
    13
 73
     9
 74
     0
 42
0.00000001
 43
0.0000000001
 40
0.0
 40
0.0
 40
0.0
 40
0.0
 40
0.09830754983308
 40
0.2896546376219743
 40
0.4936845452883726
 40
0.7173275634231282
 40
0.9389062826776457
 40
1.0
 40
1.0
 40
1.0
 40
1.0
 10
266.3174159294365
 20
189.8953287345573
 30
0.0
 10
266.3193770985958
 20
189.8384471660852
 30
0.0
 10
266.3251555127979
 20
189.6708505762897
 30
0.0
 10
266.2770547714008
 20
189.3693225591454
 30
0.0
 10
266.1691421766029
 20
189.0297762096744
 30
0.0
 10
265.9784730482883
 20
188.7424778348268
 30
0.0
 10
265.7686599635411
 20
188.6010638157014
 30
0.0
 10
265.6360293090368
 20
188.5666605797706
 30
0.0
 10
265.6073639753641
 20
188.5592250420282
 30
0.0
  0
LWPOLYLINE
  5
148
330
1F
100
AcDbEntity
  8
0
  6
Continuous
 62
     7
370
    25
100
AcDbPolyline
 90
        5
 70
   128
 43
0.0
 10
246.4009963349934
 20
178.7953281755337
 10
245.6182385904459
 20
179.1031174026932
 10
245.0932730046847
 20
179.4484592331835
 10
244.8462737107664
 20
179.8180823741288
 10
244.8276478947471
 20
179.9453258574666
  0
ARC
  5
149
330
1F
100
AcDbEntity
  8
0
  6
Continuous
 62
     7
370
    25
100
AcDbCircle
 10
134.410220246351
 20
80.8505148828795
 30
0.0
 40
134.8158986647193
100
AcDbArc
 50
357.3498862616251
 51
3.42385254222967
  0
ARC
  5
14A
330
1F
100
AcDbEntity
  8
0
  6
Continuous
 62
     7
370
    25
100
AcDbCircle
 10
153.1638334978317
 20
81.12048510357375
 30
0.0
 40
111.0931500645711
100
AcDbArc
 50
356.1814474402176
 51
3.932958726913049
  0
ARC
  5
14B
330
1F
100
AcDbEntity
  8
0
  6
Continuous
 62
     7
370
    25
100
AcDbCircle
 10
368.401885920608
 20
86.54367545146261
 30
0.0
 40
105.5889298836737
100
AcDbArc
 50
182.0740203682565
 51
186.4251774059896
  0
ARC
  5
14C
330
1F
100
AcDbEntity
  8
0
  6
Continuous
 62
     7
370
    25
100
AcDbCircle
 10
369.6927397893948
 20
91.7801403638095
 30
0.0
 40
107.0487161205588
100
AcDbArc
 50
177.4728801997411
 51
181.6385315583587
  0
ARC
  5
14D
330
1F
100
AcDbEntity
  8
0
  6
Continuous
 62
     7
370
    25
100
AcDbCircle
 10
245.0457499926188
 20
85.14592590417784
 30
0.0
 40
18.64509405777963
100
AcDbArc
 50
352.5969058568408
 51
11.1152116200764
  0
LWPOLYLINE
  5
14E
330
1F
100
AcDbEntity
  8
0
  6
Continuous
 62
     7
370
    25
100
AcDbPolyline
 90
       17
 70
   128
 43
0.0
 10
266.0628544506518
 20
106.5066361278876
 10
266.5195789891237
 20
106.6097294991807
 10
266.9035947443759
 20
106.8736107100954
 10
267.1564387987823
 20
107.2581062383589
 10
267.2396179370969
 20
107.7046801252538
 10
267.1404688895321
 20
108.1453455447027
 10
266.874086199791
 20
108.5130151812365
 10
266.4810242176218
 20
108.7517146656264
 10
266.021123066694
 20
108.8251041651903
 10
265.564398528222
 20
108.7220107938972
 10
265.1803827729699
 20
108.4581295829825
 10
264.9275387185634
 20
108.073634054719
 10
264.8443595802489
 20
107.6270601678241
 10
264.9435086278137
 20
107.1863947483752
 10
265.2098913175548
 20
106.8187251118414
 10
265.6029532997239
 20
106.5800256274515
 10
266.0628544506518
 20
106.5066361278876
  0
LINE
  5
14F
330
1F
100
AcDbEntity
  8
0
  6
Continuous
 62
     7
370
    25
100
AcDbLine
 10
259.1653890762399
 20
73.61231556890588
 30
0.0
 11
255.6723039725032
 21
73.49911979765424
 31
0.0
  0
LINE
  5
150
330
1F
100
AcDbEntity
  8
0
  6
Continuous
 62
     7
370
    25
100
AcDbLine
 10
255.6723039725032
 20
73.49911979765424
 30
0.0
 11
255.0115570598385
 21
110.2081970549481
 31
0.0
  0
LINE
  5
151
330
1F
100
AcDbEntity
  8
0
  6
Continuous
 62
     7
370
    25
100
AcDbLine
 10
276.9680919976129
 20
110.9197133313868
 30
0.0
 11
255.0115570598385
 21
110.2081970549481
 31
0.0
  0
LINE
  5
152
330
1F
100
AcDbEntity
  8
0
  6
Continuous
 62
     7
370
    25
100
AcDbLine
 10
277.6288389102774
 20
74.21063607409315
 30
0.0
 11
276.9680919976129
 21
110.9197133313868
 31
0.0
  0
LINE
  5
153
330
1F
100
AcDbEntity
  8
0
  6
Continuous
 62
     7
370
    25
100
AcDbLine
 10
277.6288389102774
 20
74.21063607409315
 30
0.0
 11
274.1357538065407
 21
74.09744030284141
 31
0.0
  0
LINE
  5
154
330
1F
100
AcDbEntity
  8
0
  6
Continuous
 62
     7
370
    25
100
AcDbLine
 10
273.6141115070686
 20
103.078290769126
 30
0.0
 11
274.1357538065407
 21
74.09744030284141
 31
0.0
  0
LINE
  5
155
330
1F
100
AcDbEntity
  8
0
  6
Continuous
 62
     7
370
    25
100
AcDbLine
 10
273.6141115070686
 20
103.078290769126
 30
0.0
 11
258.6437467767679
 21
102.5931660351904
 31
0.0
  0
LINE
  5
156
330
1F
100
AcDbEntity
  8
0
  6
Continuous
 62
     7
370
    25
100
AcDbLine
 10
258.6437467767679
 20
102.5931660351904
 30
0.0
 11
259.1653890762399
 21
73.61231556890588
 31
0.0
  0
LINE
  5
157
330
1F
100
AcDbEntity
  8
0
  6
Continuous
 62
     7
370
    25
100
AcDbLine
 10
253.9248100220004
 20
114.8234773280778
 30
0.0
 11
262.9056746364256
 21
115.114508283908
 31
0.0
  0
LINE
  5
158
330
1F
100
AcDbEntity
  8
0
  6
Continuous
 62
     7
370
    25
100
AcDbLine
 10
267.9035693206613
 20
115.2764684213267
 30
0.0
 11
275.8813449597749
 21
115.5349936045168
 31
0.0
  0
LINE
  5
159
330
1F
100
AcDbEntity
  8
0
  6
Continuous
 62
     7
370
    25
100
AcDbLine
 10
275.8813449597749
 20
115.5349936045168
 30
0.0
 11
276.9680919976129
 21
110.9197133313868
 31
0.0
  0
LINE
  5
15A
330
1F
100
AcDbEntity
  8
0
  6
Continuous
 62
     7
370
    25
100
AcDbLine
 10
255.0115570598385
 20
110.2081970549481
 30
0.0
 11
253.9248100220004
 21
114.8234773280778
 31
0.0
  0
LWPOLYLINE
  5
15B
330
1F
100
AcDbEntity
  8
0
  6
Continuous
 62
     7
370
    25
100
AcDbPolyline
 90
       10
 70
   128
 43
0.0
 10
262.9468558912287
 20
112.826603739616
 10
262.9513902214232
 20
112.7907412074098
 10
263.1990765381801
 20
112.5515915142983
 10
263.7889052457417
 20
112.3611595012447
 10
264.6310802701925
 20
112.2484367159662
 10
265.5973880983954
 20
112.2305841806866
 10
266.5407171231087
 20
112.3103197820687
 10
267.3174540516189
 20
112.4755044976071
 10
267.809347727698
 20
112.7009904517643
 10
267.9460461283847
 20
112.9165869198489
  0
LWPOLYLINE
  5
15C
330
1F
100
AcDbEntity
  8
0
  6
Continuous
 62
     7
370
    25
100
AcDbPolyline
 90
       17
 70
   128
 43
0.0
 10
254.5412134628456
 20
108.4585181262331
 10
254.5673504957211
 20
108.4290134752452
 10
254.5863317898184
 20
108.5804835107669
 10
254.5952676151769
 20
108.8898682929695
 10
254.5927975733892
 20
109.3100667933425
 10
254.5792977059266
 20
109.7771075993133
 10
254.5568232452336
 20
110.219887981908
 10
254.5287957242193
 20
110.5709986416908
 10
254.4994820788878
 20
110.7769861635359
 10
254.4733450460122
 20
110.8064908145239
 10
254.4543637519149
 20
110.6550207790021
 10
254.4454279265565
 20
110.3456359967996
 10
254.4478979683442
 20
109.9254374964265
 10
254.4613978358067
 20
109.4583966904558
 10
254.4838722964998
 20
109.015616307861
 10
254.5118998175142
 20
108.6645056480782
 10
254.5412134628456
 20
108.4585181262331
  0
LINE
  5
15D
330
1F
100
AcDbEntity
  8
0
  6
Continuous
 62
     7
370
    25
100
AcDbLine
 10
255.6723039725032
 20
73.49911979765424
 30
0.0
 11
254.5855569346651
 21
78.11440007078416
 31
0.0
  0
LINE
  5
15E
330
1F
100
AcDbEntity
  8
0
  6
Continuous
 62
     7
370
    25
100
AcDbLine
 10
254.5855569346651
 20
78.11440007078416
 30
0.0
 11
254.4967570119762
 21
83.04785213835517
 31
0.0
  0
LINE
  5
15F
330
1F
100
AcDbEntity
  8
0
  6
Continuous
 62
     7
370
    25
100
AcDbLine
 10
254.4085089463095
 20
87.95064471789007
 30
0.0
 11
253.9248100220004
 21
114.8234773280778
 31
0.0
  0
LWPOLYLINE
  5
160
330
1F
100
AcDbEntity
  8
0
  6
Continuous
 62
     7
370
    25
100
AcDbPolyline
 90
       21
 70
   128
 43
0.0
 10
255.0680721853123
 20
79.18785915528578
 10
255.1555277183371
 20
78.97276428471325
 10
255.2321754288058
 20
79.10777768346635
 10
255.2938832188074
 20
79.58562074427113
 10
255.3373244054105
 20
80.38053282403476
 10
255.3601570630011
 20
81.44966000678175
 10
255.3611502770982
 20
82.73536536935692
 10
255.3402505032731
 20
84.16833620287148
 10
255.2985844537421
 20
85.67132067878
 10
255.2383983560205
 20
87.16329251495317
 10
255.1629368582149
 20
88.56381912352032
 10
255.0762681092046
 20
89.79739775250099
 10
254.9830644436821
 20
90.79752585870673
 10
254.8883504953805
 20
91.51028627705851
 10
254.7972323177686
 20
91.89725390891188
 10
254.7146221153865
 20
91.93756722907073
 10
254.6449734256274
 20
91.62905293601061
 10
254.5920410273843
 20
90.9883431151263
 10
254.5586785199472
 20
90.0499785987033
 10
254.546684484728
 20
88.86454686070857
 10
254.5510550404475
 20
87.95526401990697
  0
ARC
  5
161
330
1F
100
AcDbEntity
  8
0
  6
Continuous
 62
     7
370
    25
100
AcDbCircle
 10
285.6814051563636
 20
83.97285978386296
 30
0.0
 40
30.98503488156728
100
AcDbArc
 50
181.8771657468237
 51
188.8837053625818
  0
SPLINE
  5
162
330
1F
100
AcDbEntity
  8
0
  6
Continuous
 62
     7
370
    25
100
AcDbSpline
210
0.0
220
0.0
230
1.0
 70
     8
 71
     3
 72
     9
 73
     5
 74
     0
 42
0.00000001
 43
0.0000000001
 40
0.0
 40
0.0
 40
0.0
 40
0.0
 40
0.6180816064220017
 40
1.0
 40
1.0
 40
1.0
 40
1.0
 10
265.6704180203213
 20
108.1732651154067
 30
0.0
 10
265.5414695239338
 20
108.1785873817594
 30
0.0
 10
265.3328425480658
 20
108.1871983261677
 30
0.0
 10
265.154372694368
 20
108.2918126974136
 30
0.0
 10
265.0862117745416
 20
108.331766850025
 30
0.0
  0
SPLINE
  5
163
330
1F
100
AcDbEntity
  8
0
  6
Continuous
 62
     7
370
    25
100
AcDbSpline
210
0.0
220
0.0
230
1.0
 70
     8
 71
     3
 72
    11
 73
     7
 74
     0
 42
0.00000001
 43
0.0000000001
 40
0.0
 40
0.0
 40
0.0
 40
0.0
 40
0.0978351611391933
 40
0.4858306587327485
 40
0.8727033938948288
 40
1.0
 40
1.0
 40
1.0
 40
1.0
 10
266.5752799767266
 20
108.6881586273971
 30
0.0
 10
266.5573722932629
 20
108.6575693895919
 30
0.0
 10
266.4684461694421
 20
108.505669097509
 30
0.0
 10
266.2089497615704
 20
108.311025797596
 30
0.0
 10
265.9019066846715
 20
108.189476392644
 30
0.0
 10
265.7163561117264
 20
108.1764821849666
 30
0.0
 10
265.6704180203213
 20
108.1732651154067
 30
0.0
  0
LINE
  5
164
330
1F
100
AcDbEntity
  8
0
  6
Continuous
 62
     7
370
    25
100
AcDbLine
 10
272.6110225317567
 20
103.0457849964859
 30
0.0
 11
272.7999647753426
 21
92.54873191304454
 31
0.0
  0
LINE
  5
165
330
1F
100
AcDbEntity
  8
0
  6
Continuous
 62
     7
370
    25
100
AcDbLine
 10
273.0297635722801
 20
79.78181370469158
 30
0.0
 11
273.0490067687026
 21
78.71272057597131
 31
0.0
  0
LINE
  5
166
330
1F
100
AcDbEntity
  8
0
  6
Continuous
 62
     7
370
    25
100
AcDbLine
 10
273.0490067687026
 20
78.71272057597131
 30
0.0
 11
274.1357538065407
 21
74.09744030284141
 31
0.0
  0
ARC
  5
167
330
1F
100
AcDbEntity
  8
0
  6
Continuous
 62
     7
370
    25
100
AcDbCircle
 10
254.6636388674369
 20
82.70147063214349
 30
0.0
 40
19.22237476892001
100
AcDbArc
 50
350.6205933816069
 51
5.06560125951944
  0
ARC
  5
168
330
1F
100
AcDbEntity
  8
0
  6
Continuous
 62
     7
370
    25
100
AcDbCircle
 10
233.544191755802
 20
85.52837561001048
 30
0.0
 40
40.28258651279151
100
AcDbArc
 50
358.3930493424665
 51
10.05572592574814
  0
LINE
  5
169
330
1F
100
AcDbEntity
  8
0
  6
Continuous
 62
     7
370
    25
100
AcDbLine
 10
294.0088008114957
 20
139.2010469302181
 30
0.0
 11
293.3654419754802
 21
174.9440958386357
 31
0.0
  0
LINE
  5
16A
330
1F
100
AcDbEntity
  8
0
  6
Continuous
 62
     7
370
    25
100
AcDbLine
 10
302.046288735976
 20
140.8700350196181
 30
0.0
 11
294.0088008114957
 21
139.2010469302181
 31
0.0
  0
LINE
  5
16B
330
1F
100
AcDbEntity
  8
0
  6
Continuous
 62
     7
370
    25
100
AcDbLine
 10
302.046288735976
 20
140.8700350196181
 30
0.0
 11
302.0984529659231
 21
137.9719499729896
 31
0.0
  0
LINE
  5
16C
330
1F
100
AcDbEntity
  8
0
  6
Continuous
 62
     7
370
    25
100
AcDbLine
 10
302.0984529659231
 20
137.9719499729896
 30
0.0
 11
289.2384722867546
 21
135.3015690299496
 31
0.0
  0
LINE
  5
16D
330
1F
100
AcDbEntity
  8
0
  6
Continuous
 62
     7
370
    25
100
AcDbLine
 10
289.2384722867546
 20
135.3015690299496
 30
0.0
 11
288.6646657573355
 21
167.1805045428626
 31
0.0
  0
LINE
  5
16E
330
1F
100
AcDbEntity
  8
0
  6
Continuous
 62
     7
370
    25
100
AcDbLine
 10
288.6646657573355
 20
167.1805045428626
 30
0.0
 11
258.1222116443104
 21
160.8383498031427
 31
0.0
  0
LINE
  5
16F
330
1F
100
AcDbEntity
  8
0
  6
Continuous
 62
     7
370
    25
100
AcDbLine
 10
258.6960181737296
 20
128.9594142902296
 30
0.0
 11
258.1222116443104
 21
160.8383498031427
 31
0.0
  0
LINE
  5
170
330
1F
100
AcDbEntity
  8
0
  6
Continuous
 62
     7
370
    25
100
AcDbLine
 10
258.6960181737296
 20
128.9594142902296
 30
0.0
 11
245.8360374945611
 21
126.2890333471896
 31
0.0
  0
LINE
  5
171
330
1F
100
AcDbEntity
  8
0
  6
Continuous
 62
     7
370
    25
100
AcDbLine
 10
245.8360374945611
 20
126.2890333471896
 30
0.0
 11
245.783873264614
 21
129.1871183938181
 31
0.0
  0
LINE
  5
172
330
1F
100
AcDbEntity
  8
0
  6
Continuous
 62
     7
370
    25
100
AcDbLine
 10
245.783873264614
 20
129.1871183938181
 30
0.0
 11
253.8213611890942
 21
130.8561064832181
 31
0.0
  0
LINE
  5
173
330
1F
100
AcDbEntity
  8
0
  6
Continuous
 62
     7
370
    25
100
AcDbLine
 10
253.8213611890942
 20
130.8561064832181
 30
0.0
 11
253.1780023530788
 21
166.5991553916357
 31
0.0
  0
LINE
  5
174
330
1F
100
AcDbEntity
  8
0
  6
Continuous
 62
     7
370
    25
100
AcDbLine
 10
293.3654419754802
 20
174.9440958386357
 30
0.0
 11
253.1780023530788
 21
166.5991553916357
 31
0.0
  0
LINE
  5
175
330
1F
100
AcDbEntity
  8
0
  6
Continuous
 62
     7
370
    25
100
AcDbLine
 10
235.9799212223789
 20
136.7756178708094
 30
0.0
 11
235.3365623863634
 21
172.518666779227
 31
0.0
  0
LINE
  5
176
330
1F
100
AcDbEntity
  8
0
  6
Continuous
 62
     7
370
    25
100
AcDbLine
 10
253.1780023530788
 20
166.5991553916357
 30
0.0
 11
235.3365623863634
 21
172.518666779227
 31
0.0
  0
LINE
  5
177
330
1F
100
AcDbEntity
  8
0
  6
Continuous
 62
     7
370
    25
100
AcDbLine
 10
253.8213611890942
 20
130.8561064832181
 30
0.0
 11
235.9799212223789
 21
136.7756178708094
 31
0.0
  0
LINE
  5
178
330
1F
100
AcDbEntity
  8
0
  6
Continuous
 62
     7
370
    25
100
AcDbLine
 10
235.3365623863634
 20
172.518666779227
 30
0.0
 11
254.0035582557869
 21
176.3948771155506
 31
0.0
  0
LINE
  5
179
330
1F
100
AcDbEntity
  8
0
  6
Continuous
 62
     7
370
    25
100
AcDbLine
 10
284.1414678546737
 20
178.0044665233351
 30
0.0
 11
293.3654419754802
 21
174.9440958386357
 31
0.0
  0
LWPOLYLINE
  5
17A
330
1F
100
AcDbEntity
  8
0
  6
Continuous
 62
     7
370
    25
100
AcDbPolyline
 90
       15
 70
   128
 43
0.0
 10
259.1266350300096
 20
172.6465390508213
 10
260.1589376855659
 20
172.3800022384683
 10
261.4172356231424
 20
172.1863186215954
 10
262.8336936752259
 20
172.0759297341214
 10
264.3319502215921
 20
172.054786669543
 10
265.8312338640171
 20
172.1240292559444
 10
267.2507178332629
 20
172.2799246075699
 10
268.5138773811275
 20
172.5140683656614
 10
269.552615249429
 20
172.8138377796142
 10
270.3109328108198
 20
173.1630722027299
 10
270.7479489692823
 20
173.5429443168621
 10
270.8401040705963
 20
173.932975118012
 10
270.5824300093966
 20
174.3121379447337
 10
269.9888180610187
 20
174.659992030896
 10
269.5211357083878
 20
174.8339452066555
  0
LWPOLYLINE
  5
17B
330
1F
100
AcDbEntity
  8
0
  6
Continuous
 62
     7
370
    25
100
AcDbPolyline
 90
        7
 70
   128
 43
0.0
 10
259.3327458866889
 20
174.7122266839298
 10
258.7322382601545
 20
174.479365226355
 10
258.1305026794975
 20
174.1123301981743
 10
257.8641158370786
 20
173.7247581167695
 10
257.9474387165241
 20
173.3375430933687
 10
258.375979359836
 20
172.9715599901099
 10
259.1266350300096
 20
172.6465390508213
  0
LINE
  5
17C
330
1F
100
AcDbEntity
  8
0
  6
Continuous
 62
     7
370
    25
100
AcDbLine
 10
227.9424332978986
 20
135.1066297814094
 30
0.0
 11
227.994597527846
 21
132.2085447347809
 31
0.0
  0
LINE
  5
17D
330
1F
100
AcDbEntity
  8
0
  6
Continuous
 62
     7
370
    25
100
AcDbLine
 10
245.783873264614
 20
129.1871183938181
 30
0.0
 11
227.9424332978986
 21
135.1066297814094
 31
0.0
  0
LINE
  5
17E
330
1F
100
AcDbEntity
  8
0
  6
Continuous
 62
     7
370
    25
100
AcDbLine
 10
227.994597527846
 20
132.2085447347809
 30
0.0
 11
245.8360374945611
 21
126.2890333471896
 31
0.0
  0
LINE
  5
17F
330
1F
100
AcDbEntity
  8
0
  6
Continuous
 62
     7
370
    25
100
AcDbLine
 10
227.9424332978986
 20
135.1066297814094
 30
0.0
 11
235.9799212223789
 21
136.7756178708094
 31
0.0
  0
LWPOLYLINE
  5
180
330
1F
100
AcDbEntity
  8
0
  6
Continuous
 62
     7
370
    25
100
AcDbPolyline
 90
       17
 70
   128
 43
0.0
 10
241.6550263087208
 20
132.7248559721848
 10
241.9960311134961
 20
132.827412029512
 10
242.1674191362126
 20
132.9534065078752
 10
242.1430981040482
 20
133.0836578900864
 10
241.9267706736789
 20
133.1983365839357
 10
241.5513707353657
 20
133.2799837978495
 10
241.0740495267075
 20
133.3161694836432
 10
240.5674748747953
 20
133.3013846986788
 10
240.1087681782719
 20
133.2378802924427
 10
239.7677633734967
 20
133.1353242351154
 10
239.5963753507801
 20
133.0093297567522
 10
239.6206963829446
 20
132.879078374541
 10
239.8370238133139
 20
132.7643996806917
 10
240.2124237516272
 20
132.682752466778
 10
240.6897449602852
 20
132.6465667809843
 10
241.1963196121975
 20
132.6613515659487
 10
241.6550263087208
 20
132.7248559721848
  0
LINE
  5
181
330
1F
100
AcDbEntity
  8
0
  6
Continuous
 62
     7
370
    25
100
AcDbLine
 10
289.2384722867546
 20
135.3015690299496
 30
0.0
 11
271.3970323200393
 21
141.2210804175409
 31
0.0
  0
LINE
  5
182
330
1F
100
AcDbEntity
  8
0
  6
Continuous
 62
     7
370
    25
100
AcDbLine
 10
271.3970323200393
 20
141.2210804175409
 30
0.0
 11
270.9958137071124
 21
163.5115592328018
 31
0.0
  0
LINE
  5
183
330
1F
100
AcDbEntity
  8
0
  6
Continuous
 62
     7
370
    25
100
AcDbLine
 10
293.9302912801025
 20
143.5627963354834
 30
0.0
 11
302.046288735976
 21
140.8700350196181
 31
0.0
  0
LINE
  5
184
330
1F
100
AcDbEntity
  8
0
  6
Continuous
 62
     7
370
    25
100
AcDbLine
 10
192.910262586657
 20
211.4786293675689
 30
0.0
 11
209.8558478700947
 21
205.8563485851968
 31
0.0
  0
LINE
  5
185
330
1F
100
AcDbEntity
  8
0
  6
Continuous
 62
     7
370
    25
100
AcDbLine
 10
209.8558478700947
 20
205.8563485851968
 30
0.0
 11
209.9721591017965
 21
199.3944523453692
 31
0.0
  0
LINE
  5
186
330
1F
100
AcDbEntity
  8
0
  6
Continuous
 62
     7
370
    25
100
AcDbLine
 10
209.9721591017965
 20
199.3944523453692
 30
0.0
 11
205.214441777339
 21
200.9729887153936
 31
0.0
  0
LINE
  5
187
330
1F
100
AcDbEntity
  8
0
  6
Continuous
 62
     7
370
    25
100
AcDbLine
 10
205.214441777339
 20
200.9729887153936
 30
0.0
 11
205.3358105523495
 21
194.230110840238
 31
0.0
  0
LINE
  5
188
330
1F
100
AcDbEntity
  8
0
  6
Continuous
 62
     7
370
    25
100
AcDbLine
 10
205.3358105523495
 20
194.230110840238
 30
0.0
 11
202.3633369146414
 21
195.1556006547112
 31
0.0
  0
LINE
  5
189
330
1F
100
AcDbEntity
  8
0
  6
Continuous
 62
     7
370
    25
100
AcDbLine
 10
202.3633369146414
 20
195.1556006547112
 30
0.0
 11
202.3229824927644
 21
195.1689896222098
 31
0.0
  0
LWPOLYLINE
  5
18A
330
1F
100
AcDbEntity
  8
0
  6
Continuous
 62
     7
370
    25
100
AcDbPolyline
 90
        9
 70
   128
 43
0.0
 10
202.3229824927644
 20
195.1689896222098
 10
202.0596396885633
 20
196.680671661196
 10
201.5982774232925
 20
198.1282708241755
 10
200.9646620463787
 20
199.4309409980797
 10
200.1941799698305
 20
200.5159301235928
 10
199.3298613933541
 20
201.322643282064
 10
198.4199771360746
 20
201.8060268254314
 10
197.5153427879868
 20
201.9390845508771
 10
196.9188099651715
 20
201.8212703864972
  0
LINE
  5
18B
330
1F
100
AcDbEntity
  8
0
  6
Continuous
 62
     7
370
    25
100
AcDbLine
 10
217.8933357945751
 20
207.5253366745968
 30
0.0
 11
209.8558478700947
 21
205.8563485851968
 31
0.0
  0
LINE
  5
18C
330
1F
100
AcDbEntity
  8
0
  6
Continuous
 62
     7
370
    25
100
AcDbLine
 10
217.8933357945751
 20
207.5253366745968
 30
0.0
 11
218.0096470262767
 21
201.0634404347693
 31
0.0
  0
LINE
  5
18D
330
1F
100
AcDbEntity
  8
0
  6
Continuous
 62
     7
370
    25
100
AcDbLine
 10
218.0096470262767
 20
201.0634404347693
 30
0.0
 11
209.9721591017965
 21
199.3944523453692
 31
0.0
  0
LINE
  5
18E
330
1F
100
AcDbEntity
  8
0
  6
Continuous
 62
     7
370
    25
100
AcDbLine
 10
190.3766707223542
 20
216.6549367824033
 30
0.0
 11
217.8933357945751
 21
207.5253366745968
 31
0.0
  0
LWPOLYLINE
  5
18F
330
1F
100
AcDbEntity
  8
0
  6
Continuous
 62
     7
370
    25
100
AcDbPolyline
 90
       17
 70
   128
 43
0.0
 10
213.1353212658459
 20
207.4997622202779
 10
212.7599213275326
 20
207.5814094341917
 10
212.2826001188745
 20
207.6175951199854
 10
211.7760254669623
 20
207.602810335021
 10
211.3173187704391
 20
207.5393059287849
 10
210.9763139656638
 20
207.4367498714577
 10
210.8049259429472
 20
207.3107553930944
 10
210.8292469751117
 20
207.1805040108833
 10
211.045574405481
 20
207.0658253170339
 10
211.4209743437942
 20
206.9841781031202
 10
211.8982955524522
 20
206.9479924173265
 10
212.4048702043644
 20
206.9627772022909
 10
212.8635769008878
 20
207.026281608527
 10
213.2045817056631
 20
207.1288376658542
 10
213.3759697283796
 20
207.2548321442174
 10
213.3516486962151
 20
207.3850835264286
 10
213.1353212658459
 20
207.4997622202779
  0
LINE
  5
190
330
1F
100
AcDbEntity
  8
0
  6
Continuous
 62
     7
370
    25
100
AcDbLine
 10
274.1562490016297
 20
219.2070597337502
 30
0.0
 11
266.1187610771493
 21
217.53807164435
 31
0.0
  0
LINE
  5
191
330
1F
100
AcDbEntity
  8
0
  6
Continuous
 62
     7
370
    25
100
AcDbLine
 10
274.1562490016297
 20
219.2070597337502
 30
0.0
 11
274.2075653228162
 21
216.3507484694738
 31
0.0
  0
LINE
  5
192
330
1F
100
AcDbEntity
  8
0
  6
Continuous
 62
     7
370
    25
100
AcDbLine
 10
272.0057099659678
 20
212.2745688538616
 30
0.0
 11
266.2348538246961
 21
211.0762479038434
 31
0.0
  0
LINE
  5
193
330
1F
100
AcDbEntity
  8
0
  6
Continuous
 62
     7
370
    25
100
AcDbLine
 10
266.1187610771493
 20
217.53807164435
 30
0.0
 11
266.2348538246961
 21
211.0762479038434
 31
0.0
  0
LINE
  5
194
330
1F
100
AcDbEntity
  8
0
  6
Continuous
 62
     7
370
    25
100
AcDbLine
 10
204.3397832596882
 20
233.1006300335248
 30
0.0
 11
204.2504951664071
 21
238.0704833025737
 31
0.0
  0
LINE
  5
195
330
1F
100
AcDbEntity
  8
0
  6
Continuous
 62
     7
370
    25
100
AcDbLine
 10
204.2504951664071
 20
238.0704833025737
 30
0.0
 11
230.0437619427347
 21
229.5103925409222
 31
0.0
  0
LINE
  5
196
330
1F
100
AcDbEntity
  8
0
  6
Continuous
 62
     7
370
    25
100
AcDbLine
 10
260.2567352968799
 20
219.4835201662992
 30
0.0
 11
266.1187610771493
 21
217.53807164435
 31
0.0
  0
LINE
  5
197
330
1F
100
AcDbEntity
  8
0
  6
Continuous
 62
     7
370
    25
100
AcDbLine
 10
266.2348538246961
 20
211.0762479038434
 30
0.0
 11
263.3521204186311
 21
212.0329495039761
 31
0.0
  0
LINE
  5
198
330
1F
100
AcDbEntity
  8
0
  6
Continuous
 62
     7
370
    25
100
AcDbLine
 10
212.2879830908874
 20
239.7394713919737
 30
0.0
 11
204.2504951664071
 21
238.0704833025737
 31
0.0
  0
LINE
  5
199
330
1F
100
AcDbEntity
  8
0
  6
Continuous
 62
     7
370
    25
100
AcDbLine
 10
212.2879830908874
 20
239.7394713919737
 30
0.0
 11
233.6682827794036
 21
232.643925588021
 31
0.0
  0
LINE
  5
19A
330
1F
100
AcDbEntity
  8
0
  6
Continuous
 62
     7
370
    25
100
AcDbLine
 10
257.2339586529849
 20
224.8231122693042
 30
0.0
 11
274.1562490016297
 21
219.2070597337502
 31
0.0
  0
LWPOLYLINE
  5
19B
330
1F
100
AcDbEntity
  8
0
  6
Continuous
 62
     7
370
    25
100
AcDbPolyline
 90
       17
 70
   128
 43
0.0
 10
269.3982316106637
 20
219.1816444451484
 10
269.0228311977072
 20
219.2633180534314
 10
268.545509586666
 20
219.299526115291
 10
268.03893466589
 20
219.2847562815357
 10
267.5802278749543
 20
219.2212571254661
 10
267.2392231645914
 20
219.1186958179724
 10
267.0678354107388
 20
218.9926863884001
 10
267.0921568452864
 20
218.8624126301229
 10
267.3084847502988
 20
218.7477075419044
 10
267.6838851632554
 20
218.6660339336213
 10
268.1612067742965
 20
218.6298258717619
 10
268.6677816950726
 20
218.6445957055171
 10
269.1264884860083
 20
218.7080948615867
 10
269.4674931963711
 20
218.8106561690804
 10
269.6388809502238
 20
218.9366655986527
 10
269.6145595156762
 20
219.0669393569298
 10
269.3982316106637
 20
219.1816444451484
  0
ARC
  5
19C
330
1F
100
AcDbEntity
  8
0
  6
Continuous
 62
     7
370
    25
100
AcDbCircle
 10
238.7609671387781
 20
84.94226329042422
 30
0.0
 40
16.39431925299643
100
AcDbArc
 50
353.0846983614793
 51
10.62741911544107
  0
ARC
  5
19D
330
1F
100
AcDbEntity
  8
0
  6
Continuous
 62
     7
370
    25
100
AcDbCircle
 10
303.521253374407
 20
85.29271454106106
 30
0.0
 40
48.8640683184241
100
AcDbArc
 50
182.7387548735541
 51
186.4544139405302
  0
LWPOLYLINE
  5
19E
330
1F
100
AcDbEntity
  8
0
  6
Continuous
 62
     7
370
    25
100
AcDbPolyline
 90
       23
 70
   128
 43
0.0
 10
254.5510550404474
 20
87.95526401990692
 10
254.5468355156793
 20
88.96733282480836
 10
254.5605834771282
 20
90.13514383454982
 10
254.5955972140602
 20
91.05129634281082
 10
254.6499891268542
 20
91.66640033073383
 10
254.7208269334126
 20
91.9472953831161
 10
254.8042917492483
 20
91.87883837497683
 10
254.8958839645354
 20
91.46471984134416
 10
254.9906658192401
 20
90.72726501955683
 10
255.0835275990418
 20
89.70623028994044
 10
255.169463101355
 20
88.45665989905363
 10
255.2438395210067
 20
87.04591851010842
 10
255.3026472059615
 20
85.55005955653951
 10
255.3427158187019
 20
84.04972518172263
 10
255.3618852499437
 20
82.62579880015101
 10
255.3591220706867
 20
81.35504465162494
 10
255.3345752446399
 20
80.30596942121384
 10
255.2895680975493
 20
79.53512902613226
 10
255.2265269763641
 20
79.08407967160361
 10
255.148850444245
 20
78.97713754508031
 10
255.0607260631444
 20
79.22006792428406
 10
254.9669046412577
 20
79.79977436959187
 10
254.9669046412577
 20
79.79977436959187
  0
ARC
  5
19F
330
1F
100
AcDbEntity
  8
0
  6
Continuous
 62
     7
370
    25
100
AcDbCircle
 10
205.8687251186293
 20
84.14650120881409
 30
0.0
 40
53.52738540067185
100
AcDbArc
 50
354.589991127851
 51
8.289483766412727
  0
LWPOLYLINE
  5
1A0
330
1F
100
AcDbEntity
  8
0
  6
Continuous
 62
     7
370
    25
100
AcDbPolyline
 90
       17
 70
   128
 43
0.0
 10
143.293338067307
 20
165.9400833818627
 10
142.7630606141445
 20
166.5215320581178
 10
142.3634057484269
 20
167.3518967827994
 10
142.1552173005792
 20
168.3047620538497
 10
142.1701900745534
 20
169.2350627714966
 10
142.4060446012401
 20
170.0011690846752
 10
142.8268741669783
 20
170.4864482519753
 10
143.3686112852135
 20
170.6170209192418
 10
143.9487813905538
 20
170.3730085815277
 10
144.4790588437163
 20
169.7915599052725
 10
144.878713709434
 20
168.961195180591
 10
145.0869021572816
 20
168.0083299095405
 10
145.0719293833075
 20
167.0780291918936
 10
144.8360748566207
 20
166.311922878715
 10
144.4152452908825
 20
165.826643711415
 10
143.8735081726472
 20
165.6960710441485
 10
143.293338067307
 20
165.9400833818627
  0
LWPOLYLINE
  5
1A1
330
1F
100
AcDbEntity
  8
0
  6
Continuous
 62
     7
370
    25
100
AcDbPolyline
 90
       28
 70
   128
 43
0.0
 10
142.7689834087094
 20
162.3937432221306
 10
141.9220079576342
 20
163.1957603466727
 10
141.1666288273326
 20
164.2652147088503
 10
140.543568702242
 20
165.5444517471805
 10
140.0864169149789
 20
166.9645074618089
 10
139.8198186367244
 20
168.448826281592
 10
139.758146249665
 20
169.9173881947537
 10
139.9047245281509
 20
171.2910226484323
 10
140.251651399248
 20
172.4956766536782
 10
140.7802239455376
 20
173.4664070012554
 10
141.4619466842325
 20
174.1508813668616
 10
142.2600677660329
 20
174.5121995602779
 10
143.1315602768324
 20
174.5308828241729
 10
144.029441829797
 20
174.2059239389544
 10
144.9053073979979
 20
173.554841522237
 10
145.7119388419445
 20
172.6127355956323
 10
146.4058504517043
 20
171.4303953334984
 10
146.9496332727834
 20
170.0715610054046
 10
147.3139718325443
 20
168.6094877216995
 10
147.4792245449246
 20
167.1229962315511
 10
147.4364825934256
 20
165.6922236759572
 10
147.1880502077168
 20
164.3943033737319
 10
146.7473204420153
 20
163.299206544322
 10
146.138053152069
 20
162.4659701412564
 10
145.3930940951817
 20
161.9395141546994
 10
144.552604206936
 20
161.7482199631546
 10
143.6618945147595
 20
161.9024002860026
 10
142.7689834087094
 20
162.3937432221306
  0
LWPOLYLINE
  5
1A2
330
1F
100
AcDbEntity
  8
0
  6
Continuous
 62
     7
370
    25
100
AcDbPolyline
 90
       14
 70
   128
 43
0.0
 10
268.216647507037
 20
172.4488205082851
 10
266.9076265573931
 20
172.2332102586834
 10
265.4607773258557
 20
172.0983667981877
 10
263.954099829
 20
172.0515595726562
 10
262.4688194406703
 20
172.0953119717328
 10
261.0850080110521
 20
172.2272652922584
 10
259.8772671725024
 20
172.4403058965688
 10
258.9107065462393
 20
172.7229487105419
 10
258.2374336658097
 20
173.0599563869172
 10
257.8937448464675
 20
173.4331607546301
 10
257.8981684414244
 20
173.8224422696168
 10
258.2504659735309
 20
174.2068146646425
 10
258.9316449916424
 20
174.5655563244005
 10
259.3327458866879
 20
174.7122266839301
  0
LWPOLYLINE
  5
1A3
330
1F
100
AcDbEntity
  8
0
  6
Continuous
 62
     7
370
    25
100
AcDbPolyline
 90
        8
 70
   128
 43
0.0
 10
269.5211357083812
 20
174.833945206654
 10
270.1672617221038
 20
174.5770280297328
 10
270.6792041434998
 20
174.2195045619004
 10
270.8499915590989
 20
173.8356662431544
 10
270.6704167751194
 20
173.4462058966111
 10
270.1501607146469
 20
173.0721194303609
 10
269.3172705165647
 20
172.7335739426279
 10
268.216647507037
 20
172.4488205082851
  0
LWPOLYLINE
  5
1A4
330
1F
100
AcDbEntity
  8
0
  6
Continuous
 62
     7
370
    25
100
AcDbPolyline
 90
        7
 70
   128
 43
0.0
 10
265.8377888448084
 20
173.2380886932972
 10
264.9556605822635
 20
173.1159648351509
 10
263.9814785593555
 20
173.0875325563732
 10
263.06355315809
 20
173.1571204136687
 10
262.3416301997953
 20
173.3141342865798
 10
261.9256159106236
 20
173.53467023629
 10
261.8514070623374
 20
173.6863897188134
  0
LWPOLYLINE
  5
1A5
330
1F
100
AcDbEntity
  8
0
  6
Continuous
 62
     7
370
    25
100
AcDbPolyline
 90
        4
 70
   128
 43
0.0
 10
266.8505972994934
 20
173.7763728990462
 10
266.823159666908
 20
173.6776089542403
 10
266.49356731553
 20
173.4353118804649
 10
265.8377888448084
 20
173.2380886932972
  0
LWPOLYLINE
  5
1A6
330
1F
100
AcDbEntity
  8
0
  6
Continuous
 62
     7
370
    25
100
AcDbPolyline
 90
       15
 70
   128
 43
0.0
 10
200.8288634469293
 20
189.6581453210954
 10
201.1886992849885
 20
190.0134619785453
 10
201.7607539293864
 20
190.9132663692957
 10
202.1577741495121
 20
192.0621341155998
 10
202.3583564825339
 20
193.3981294598806
 10
202.3516874829597
 20
194.8492285473187
 10
202.1381266782827
 20
196.3372022505071
 10
201.7291871867613
 20
197.7818335219596
 10
201.1469150422333
 20
199.1052419159031
 10
200.4227006867259
 20
200.2360821432686
 10
199.5955867036001
 20
201.1133903146918
 10
198.7101630217772
 20
201.6898705195685
 10
197.8141630611272
 20
201.9344445608375
 10
196.9558904114499
 20
201.8339273886284
 10
196.9188099651713
 20
201.8212703864974
  0
ARC
  5
1A7
330
1F
100
AcDbEntity
  8
0
  6
Continuous
 62
     7
370
    25
100
AcDbCircle
 10
196.9409005956907
 20
195.1456446609028
 30
0.0
 40
3.144682828170025
100
AcDbArc
 50
330.8059110381998
 51
64.83594470004944
  0
ARC
  5
1A8
330
1F
100
AcDbEntity
  8
0
  6
Continuous
 62
     7
370
    25
100
AcDbCircle
 10
318.3682978822134
 20
85.568164824135
 30
0.0
 40
45.73198032387195
100
AcDbArc
 50
183.1681655707525
 51
186.5116434264458
  0
LWPOLYLINE
  5
1A9
330
1F
100
AcDbEntity
  8
0
  6
Continuous
 62
     7
370
    25
100
AcDbPolyline
 90
       23
 70
   128
 43
0.0
 10
272.5118811330566
 20
89.03755912784275
 10
272.5112731920402
 20
89.5494825055311
 10
272.5250211534892
 20
90.7172935152726
 10
272.5600348904212
 20
91.63344602353365
 10
272.614426803215
 20
92.24855001145657
 10
272.6852646097735
 20
92.52944506383895
 10
272.7687294256092
 20
92.4609880556996
 10
272.8603216408963
 20
92.04686952206694
 10
272.9551034956009
 20
91.30941470027968
 10
273.0479652754027
 20
90.28837997066327
 10
273.1339007777159
 20
89.03880957977641
 10
273.2082771973676
 20
87.62806819083122
 10
273.2670848823224
 20
86.13220923726236
 10
273.3071534950628
 20
84.63187486244535
 10
273.3263229263046
 20
83.20794848087384
 10
273.3235597470475
 20
81.93719433234774
 10
273.2990129210008
 20
80.88811910193664
 10
273.2540057739101
 20
80.11727870685506
 10
273.190964652725
 20
79.66622935232639
 10
273.1132881206059
 20
79.55928722580305
 10
273.0251637395054
 20
79.80221760500686
 10
272.9313423176184
 20
80.38192405031466
 10
272.9313423176184
 20
80.38192405031466
  0
LINE
  5
1AA
330
1F
100
AcDbEntity
  8
0
  6
Continuous
 62
     7
370
    25
100
AcDbLine
 10
211.0328317773895
 20
140.466723063924
 30
0.0
 11
216.9799784329614
 21
138.4935526013936
 31
0.0
  0
LINE
  5
1AB
330
1F
100
AcDbEntity
  8
0
  6
Continuous
 62
     7
370
    25
100
AcDbLine
 10
216.9799784329614
 20
138.4935526013936
 30
0.0
 11
217.0669188162066
 21
133.6634108570128
 31
0.0
  0
LINE
  5
1AC
330
1F
100
AcDbEntity
  8
0
  6
Continuous
 62
     7
370
    25
100
AcDbLine
 10
217.0669188162066
 20
133.6634108570128
 30
0.0
 11
205.3979862851671
 21
137.5349805917085
 31
0.0
  0
ARC
  5
1AD
330
1F
100
AcDbEntity
  8
0
  6
Continuous
 62
     7
370
    25
100
AcDbCircle
 10
196.5609300327182
 20
193.6573877630895
 30
0.0
 40
5.848862773051422
100
AcDbArc
 50
316.8615113329811
 51
5.821815700739877
  0
LINE
  5
1AE
330
1F
100
AcDbEntity
  8
0
  6
Continuous
 62
     7
370
    25
100
AcDbLine
 10
202.3796253012125
 20
194.2506677226271
 30
0.0
 11
205.3531986289985
 21
193.2640824913619
 31
0.0
  0
LINE
  5
1AF
330
1F
100
AcDbEntity
  8
0
  6
Continuous
 62
     7
370
    25
100
AcDbLine
 10
205.3531986289985
 20
193.2640824913619
 30
0.0
 11
205.2318298539879
 21
200.0069603665175
 31
0.0
  0
LINE
  5
1B0
330
1F
100
AcDbEntity
  8
0
  6
Continuous
 62
     7
370
    25
100
AcDbLine
 10
205.2318298539879
 20
200.0069603665175
 30
0.0
 11
209.9895471784452
 21
198.4284239964931
 31
0.0
  0
LINE
  5
1B1
330
1F
100
AcDbEntity
  8
0
  6
Continuous
 62
     7
370
    25
100
AcDbLine
 10
209.9895471784452
 20
198.4284239964931
 30
0.0
 11
210.1199577533133
 21
191.183211379922
 31
0.0
  0
LINE
  5
1B2
330
1F
100
AcDbEntity
  8
0
  6
Continuous
 62
     7
370
    25
100
AcDbLine
 10
206.5516697599703
 20
192.3671136574403
 30
0.0
 11
210.1199577533133
 21
191.183211379922
 31
0.0
  0
LINE
  5
1B3
330
1F
100
AcDbEntity
  8
0
  6
Continuous
 62
     7
370
    25
100
AcDbLine
 10
206.6907743731628
 20
184.638886866431
 30
0.0
 11
206.5516697599703
 21
192.3671136574403
 31
0.0
  0
LINE
  5
1B4
330
1F
100
AcDbEntity
  8
0
  6
Continuous
 62
     7
370
    25
100
AcDbLine
 10
206.6907743731628
 20
184.638886866431
 30
0.0
 11
210.2590623665059
 21
183.4549845889127
 31
0.0
  0
LINE
  5
1B5
330
1F
100
AcDbEntity
  8
0
  6
Continuous
 62
     7
370
    25
100
AcDbLine
 10
210.2590623665059
 20
183.4549845889127
 30
0.0
 11
211.0328317773895
 21
140.466723063924
 31
0.0
  0
LINE
  5
1B6
330
1F
100
AcDbEntity
  8
0
  6
Continuous
 62
     7
370
    25
100
AcDbLine
 10
218.0270351029256
 20
200.0974120858931
 30
0.0
 11
209.9895471784452
 21
198.4284239964931
 31
0.0
  0
LINE
  5
1B7
330
1F
100
AcDbEntity
  8
0
  6
Continuous
 62
     7
370
    25
100
AcDbLine
 10
210.1199577533133
 20
191.183211379922
 30
0.0
 11
218.1574456777936
 21
192.8521994693219
 31
0.0
  0
LINE
  5
1B8
330
1F
100
AcDbEntity
  8
0
  6
Continuous
 62
     7
370
    25
100
AcDbLine
 10
218.0270351029256
 20
200.0974120858931
 30
0.0
 11
218.1574456777936
 21
192.8521994693219
 31
0.0
  0
LINE
  5
1B9
330
1F
100
AcDbEntity
  8
0
  6
Continuous
 62
     7
370
    25
100
AcDbLine
 10
207.0119507337948
 20
200.3766032915215
 30
0.0
 11
205.2318298539879
 21
200.0069603665175
 31
0.0
  0
LWPOLYLINE
  5
1BA
330
1F
100
AcDbEntity
  8
0
  6
Continuous
 62
     7
370
    25
100
AcDbPolyline
 90
       11
 70
   128
 43
0.0
 10
211.1660648880345
 20
199.6423674347379
 10
211.1792737138314
 20
199.6379007283302
 10
211.5546736521447
 20
199.5562535144164
 10
212.0319948608027
 20
199.5200678286228
 10
212.5385695127149
 20
199.5348526135871
 10
212.9972762092382
 20
199.5983570198232
 10
213.3382810140135
 20
199.7009130771504
 10
213.5096690367301
 20
199.8269075555137
 10
213.4853480045655
 20
199.957158937725
 10
213.2690205741963
 20
200.0718376315742
 10
213.2690205741963
 20
200.0718376315742
  0
LINE
  5
1BB
330
1F
100
AcDbEntity
  8
0
  6
Continuous
 62
     7
370
    25
100
AcDbLine
 10
216.2295261464698
 20
200.6937975097652
 30
0.0
 11
218.0270351029256
 21
200.0974120858931
 31
0.0
  0
LINE
  5
1BC
330
1F
100
AcDbEntity
  8
0
  6
Continuous
 62
     7
370
    25
100
AcDbLine
 10
219.0703197018697
 20
142.135711153324
 30
0.0
 11
211.0328317773895
 21
140.466723063924
 31
0.0
  0
LINE
  5
1BD
330
1F
100
AcDbEntity
  8
0
  6
Continuous
 62
     7
370
    25
100
AcDbLine
 10
210.2590623665059
 20
183.4549845889127
 30
0.0
 11
218.2965502909862
 21
185.1239726783127
 31
0.0
  0
LINE
  5
1BE
330
1F
100
AcDbEntity
  8
0
  6
Continuous
 62
     7
370
    25
100
AcDbLine
 10
218.2965502909862
 20
185.1239726783127
 30
0.0
 11
219.0703197018697
 21
142.135711153324
 31
0.0
  0
LINE
  5
1BF
330
1F
100
AcDbEntity
  8
0
  6
Continuous
 62
     7
370
    25
100
AcDbLine
 10
206.6907743731628
 20
184.638886866431
 30
0.0
 11
214.7282622976431
 21
186.307874955831
 31
0.0
  0
LINE
  5
1C0
330
1F
100
AcDbEntity
  8
0
  6
Continuous
 62
     7
370
    25
100
AcDbLine
 10
218.2965502909862
 20
185.1239726783127
 30
0.0
 11
214.7282622976431
 21
186.307874955831
 31
0.0
  0
LINE
  5
1C1
330
1F
100
AcDbEntity
  8
0
  6
Continuous
 62
     7
370
    25
100
AcDbLine
 10
214.623675267749
 20
192.1184104073098
 30
0.0
 11
214.7282622976431
 21
186.307874955831
 31
0.0
  0
LINE
  5
1C2
330
1F
100
AcDbEntity
  8
0
  6
Continuous
 62
     7
370
    25
100
AcDbLine
 10
225.0174663574417
 20
140.1625406907936
 30
0.0
 11
216.9799784329614
 21
138.4935526013936
 31
0.0
  0
LWPOLYLINE
  5
1C3
330
1F
100
AcDbEntity
  8
0
  6
Continuous
 62
     7
370
    25
100
AcDbPolyline
 90
       17
 70
   128
 43
0.0
 10
219.1224140510696
 20
140.5142176290436
 10
218.7470141127564
 20
140.5958648429573
 10
218.2696929040983
 20
140.632050528751
 10
217.7631182521861
 20
140.6172657437867
 10
217.3044115556629
 20
140.5537613375505
 10
216.9634067508875
 20
140.4512052802233
 10
216.7920187281709
 20
140.3252108018601
 10
216.8163397603355
 20
140.1949594196489
 10
217.0326671907047
 20
140.0802807257996
 10
217.408067129018
 20
139.9986335118859
 10
217.8853883376761
 20
139.9624478260921
 10
218.3919629895882
 20
139.9772326110565
 10
218.8506696861115
 20
140.0407370172926
 10
219.1916744908869
 20
140.1432930746198
 10
219.3630625136034
 20
140.2692875529831
 10
219.3387414814388
 20
140.3995389351943
 10
219.1224140510696
 20
140.5142176290436
  0
LINE
  5
1C4
330
1F
100
AcDbEntity
  8
0
  6
Continuous
 62
     7
370
    25
100
AcDbLine
 10
219.0703197018697
 20
142.135711153324
 30
0.0
 11
225.0174663574417
 21
140.1625406907936
 31
0.0
  0
LINE
  5
1C5
330
1F
100
AcDbEntity
  8
0
  6
Continuous
 62
     7
370
    25
100
AcDbLine
 10
225.0174663574417
 20
140.1625406907936
 30
0.0
 11
225.1043539282042
 21
135.335333046397
 31
0.0
  0
LINE
  5
1C6
330
1F
100
AcDbEntity
  8
0
  6
Continuous
 62
     7
370
    25
100
AcDbLine
 10
204.1134495122935
 20
194.6106971229319
 30
0.0
 11
202.3796253012125
 21
194.2506677226271
 31
0.0
  0
LINE
  5
1C7
330
1F
100
AcDbEntity
  8
0
  6
Continuous
 62
     7
370
    25
100
AcDbLine
 10
267.2935340858869
 20
152.1491797627505
 30
0.0
 11
271.2238091964963
 21
150.8448272758467
 31
0.0
  0
LINE
  5
1C8
330
1F
100
AcDbEntity
  8
0
  6
Continuous
 62
     7
370
    25
100
AcDbLine
 10
222.8950865104291
 20
162.0825405095118
 30
0.0
 11
218.6861433256833
 21
163.4793754271083
 31
0.0
  0
LINE
  5
1C9
330
1F
100
AcDbEntity
  8
0
  6
Continuous
 62
     7
370
    25
100
AcDbLine
 10
263.6281150326123
 20
210.9810966068693
 30
0.0
 11
266.2522092388138
 21
210.110230393334
 31
0.0
  0
LINE
  5
1CA
330
1F
100
AcDbEntity
  8
0
  6
Continuous
 62
     7
370
    25
100
AcDbLine
 10
266.2522092388138
 20
210.110230393334
 30
0.0
 11
266.2879241433727
 21
208.1223076070645
 31
0.0
  0
LINE
  5
1CB
330
1F
100
AcDbEntity
  8
0
  6
Continuous
 62
     7
370
    25
100
AcDbLine
 10
267.1039174890519
 20
162.7034051809195
 30
0.0
 11
267.2935340858869
 21
152.1491797627505
 31
0.0
  0
LINE
  5
1CC
330
1F
100
AcDbEntity
  8
0
  6
Continuous
 62
     7
370
    25
100
AcDbLine
 10
272.0230977266322
 20
211.3085580601276
 30
0.0
 11
266.2522092388138
 21
210.110230393334
 31
0.0
  0
LWPOLYLINE
  5
1CD
330
1F
100
AcDbEntity
  8
0
  6
Continuous
 62
     7
370
    25
100
AcDbPolyline
 90
       11
 70
   128
 43
0.0
 10
267.4290474177123
 20
211.3242227564229
 10
267.4419329119631
 20
211.3198662908883
 10
267.8173333249197
 20
211.2381926826052
 10
268.2946549359608
 20
211.2019846207457
 10
268.8012298567368
 20
211.2167544545009
 10
269.2599366476724
 20
211.2802536105705
 10
269.6009413580353
 20
211.3828149180641
 10
269.7723291118881
 20
211.5088243476366
 10
269.7480076773405
 20
211.6390981059137
 10
269.531679772328
 20
211.7538031941322
 10
269.531679772328
 20
211.7538031941322
  0
LINE
  5
1CE
330
1F
100
AcDbEntity
  8
0
  6
Continuous
 62
     7
370
    25
100
AcDbLine
 10
271.1857837061784
 20
152.9574071987697
 30
0.0
 11
267.2935340858869
 21
152.1491797627505
 31
0.0
  0
LINE
  5
1CF
330
1F
100
AcDbEntity
  8
0
  6
Continuous
 62
     7
370
    25
100
AcDbLine
 10
306.2215253880519
 20
133.0102739244315
 30
0.0
 11
306.1171969281574
 21
138.8064440176885
 31
0.0
  0
LINE
  5
1D0
330
1F
100
AcDbEntity
  8
0
  6
Continuous
 62
     7
370
    25
100
AcDbLine
 10
306.2215253880519
 20
133.0102739244315
 30
0.0
 11
241.9216219922096
 21
119.6583692092315
 31
0.0
  0
LINE
  5
1D1
330
1F
100
AcDbEntity
  8
0
  6
Continuous
 62
     7
370
    25
100
AcDbLine
 10
241.9216219922096
 20
119.6583692092315
 30
0.0
 11
241.8172935323153
 21
125.4545393024885
 31
0.0
  0
LINE
  5
1D2
330
1F
100
AcDbEntity
  8
0
  6
Continuous
 62
     7
370
    25
100
AcDbLine
 10
306.1171969281574
 20
138.8064440176885
 30
0.0
 11
241.8172935323153
 21
125.4545393024885
 31
0.0
  0
LINE
  5
1D3
330
1F
100
AcDbEntity
  8
0
  6
Continuous
 62
     7
370
    25
100
AcDbLine
 10
241.9216219922096
 20
119.6583692092315
 30
0.0
 11
204.6563868799914
 21
132.0223927420616
 31
0.0
  0
LINE
  5
1D4
330
1F
100
AcDbEntity
  8
0
  6
Continuous
 62
     7
370
    25
100
AcDbLine
 10
241.8172935323153
 20
125.4545393024885
 30
0.0
 11
205.3982941166577
 21
137.5377950356497
 31
0.0
  0
LWPOLYLINE
  5
1D5
330
1F
100
AcDbEntity
  8
0
  6
Continuous
 62
     7
370
    25
100
AcDbPolyline
 90
       14
 70
   128
 43
0.0
 10
267.5384250634179
 20
135.5627663854726
 10
267.9225688600218
 20
135.3582888781005
 10
268.0404727901919
 20
135.0933042118046
 10
267.7972624606786
 20
134.8279508433292
 10
267.2222726266233
 20
134.5942343051108
 10
266.3848555479591
 20
134.4203442609474
 10
265.386016083333
 20
134.3272544165089
 10
264.3462290134793
 20
134.3261927808943
 10
263.3909080046452
 20
134.4172874030267
 10
262.6352788695324
 20
134.5895509270636
 10
262.170481633734
 20
134.8222058296673
 10
262.0525777035638
 20
135.0871904959631
 10
262.2957880330772
 20
135.3525438644386
 10
262.539234826262
 20
135.4727832052398
  0
LINE
  5
1D6
330
1F
100
AcDbEntity
  8
0
  6
Continuous
 62
     7
370
    25
100
AcDbLine
 10
302.0591982002266
 20
140.1528246756192
 30
0.0
 11
306.1171969281574
 21
138.8064440176885
 31
0.0
  0
LWPOLYLINE
  5
1D7
330
1F
100
AcDbEntity
  8
0
  6
Continuous
 62
     7
370
    25
100
AcDbPolyline
 90
        8
 70
   128
 43
0.0
 10
199.68612192301
 20
193.6117639765539
 10
199.9011750923941
 20
194.1416007964036
 10
200.0009912555305
 20
195.0261097694277
 10
199.8744234310109
 20
195.9878229756816
 10
199.5407404227783
 20
196.8803282974651
 10
199.0507424439918
 20
197.5677498901175
 10
198.4790272450791
 20
197.9454340476498
 10
198.2780560915396
 20
197.9918781842997
  0
ARC
  5
1D8
330
1F
100
AcDbEntity
  8
0
  6
Continuous
 62
     7
370
    25
100
AcDbCircle
 10
216.4722465520969
 20
150.2398570689377
 30
0.0
 40
60.34936031963521
100
AcDbArc
 50
328.3472397418096
 51
336.1468921188203
  0
LWPOLYLINE
  5
1D9
330
1F
100
AcDbEntity
  8
0
  6
Continuous
 62
     7
370
    25
100
AcDbPolyline
 90
       35
 70
   128
 43
0.0
 10
268.4703864475735
 20
221.0940444240983
 10
267.5382960760026
 20
223.3243308835759
 10
265.3672819416726
 20
228.1242053923512
 10
263.042777965921
 20
232.7496713411754
 10
260.5743360341884
 20
237.1817216983051
 10
257.9720995038515
 20
241.4021442181514
 10
255.2467615229916
 20
245.3935962793023
 10
252.409521089955
 20
249.1396761490747
 10
249.4720370342674
 20
252.6249903817523
 10
246.4463801080017
 20
255.835217073555
 10
243.3449833844697
 20
258.7571647144152
 10
240.1805911680558
 20
261.3788263947208
 10
236.9662066251368
 20
263.6894291442824
 10
233.7150383512834
 20
265.6794782007795
 10
230.4404460943062
 20
267.3407960257748
 10
227.1558858561867
 20
268.6665559079739
 10
223.8748545994794
 20
269.651310015646
 10
220.6108347853973
 20
270.2910117829339
 10
217.3772389714863
 20
270.5830325380599
 10
214.1873546965498
 20
270.5261723051032
 10
211.0542898793019
 20
270.1206647349573
 10
207.9909189551166
 20
269.3681761452093
 10
205.0098299722127
 20
268.2717986728824
 10
202.1232728646622
 20
266.8360375681829
 10
199.3431091147849
 20
265.0667926814596
 10
196.6807630117722
 20
262.9713342194541
 10
194.1471747068327
 20
260.558272870461
 10
191.7527552577644
 20
257.8375244211636
 10
189.5073438476851
 20
254.8202690105386
 10
187.4201673537178
 20
251.5189051882675
 10
185.4998024317744
 20
247.9469989664364
 10
183.7541402732359
 20
244.1192280738821
 10
182.1903541783552
 20
240.0513216422567
 10
180.8148700796274
 20
235.7599955716509
 10
180.0499421295685
 20
232.9589025071132
  0
LWPOLYLINE
  5
1DA
330
1F
100
AcDbEntity
  8
0
  6
Continuous
 62
     7
370
    25
100
AcDbPolyline
 90
       19
 70
   128
 43
0.0
 10
202.8382836296076
 20
123.2151477201371
 10
203.6198447819919
 20
122.2221656917152
 10
206.5573288376797
 20
118.7368514590378
 10
209.582985763945
 20
115.5266247672349
 10
212.6843824874772
 20
112.6046771263748
 10
215.8487747038911
 20
109.9830154460693
 10
219.06315924681
 20
107.6724126965077
 10
222.3143275206634
 20
105.6823636400106
 10
225.5889197776408
 20
104.0210458150153
 10
228.8734800157603
 20
102.6952859328164
 10
232.1545112724676
 20
101.7105318251442
 10
235.4185310865497
 20
101.0708300578563
 10
238.6521269004607
 20
100.7788093027303
 10
241.8420111753972
 20
100.8356695356871
 10
244.975075992645
 20
101.241177105833
 10
248.0384469168303
 20
101.9936656955811
 10
251.0195358997342
 20
103.090043167908
 10
253.9060930072846
 20
104.5258042726076
 10
254.1080891060516
 20
104.6410520649088
  0
ARC
  5
1DB
330
1F
100
AcDbEntity
  8
0
  6
Continuous
 62
     7
370
    25
100
AcDbCircle
 10
224.8776822881432
 20
149.3985372377576
 30
0.0
 40
56.32776918585413
100
AcDbArc
 50
322.7912343139304
 51
336.3873554311996
  0
LWPOLYLINE
  5
1DC
330
1F
100
AcDbEntity
  8
0
  6
Continuous
 62
     7
370
    25
100
AcDbPolyline
 90
       23
 70
   128
 43
0.0
 10
275.3921101175302
 20
216.6147721935362
 10
274.36939196084
 20
219.3711643824157
 10
272.3607888306907
 20
224.3257237372159
 10
270.1897746963608
 20
229.1255982459912
 10
267.8652707206091
 20
233.7510641948154
 10
265.3968287888766
 20
238.1831145519451
 10
262.7945922585396
 20
242.4035370717914
 10
260.0692542776798
 20
246.3949891329423
 10
257.2320138446432
 20
250.1410690027147
 10
254.2945297889556
 20
253.6263832353922
 10
251.2688728626899
 20
256.836609927195
 10
248.1674761391579
 20
259.7585575680552
 10
245.0030839227439
 20
262.3802192483607
 10
241.788699379825
 20
264.6908219979224
 10
238.5375311059716
 20
266.6808710544195
 10
235.2629388489944
 20
268.3421888794149
 10
231.9783786108748
 20
269.6679487616139
 10
228.6973473541677
 20
270.652702869286
 10
225.4333275400854
 20
271.2924046365739
 10
222.1997317261744
 20
271.5844253917
 10
219.0098474512379
 20
271.5275651587432
 10
215.8767826339901
 20
271.1220575885974
 10
215.3257912500123
 20
271.0133775345013
  0
LWPOLYLINE
  5
1DD
330
1F
100
AcDbEntity
  8
0
  6
Continuous
 62
     7
370
    25
100
AcDbPolyline
 90
        3
 70
   128
 43
0.0
 10
250.3485601313105
 20
102.3512500135691
 10
252.8609396715184
 20
102.9950585492211
 10
254.130136421006
 20
103.4161706883025
  0
LWPOLYLINE
  5
1DE
330
1F
100
AcDbEntity
  8
0
  6
Continuous
 62
     7
370
    25
100
AcDbPolyline
 90
       31
 70
   128
 43
0.0
 10
144.1901737966885
 20
159.8339871446038
 10
145.2225164654363
 20
159.8108246504997
 10
146.1848677901569
 20
160.1524102257829
 10
147.0351684000859
 20
160.8438149417043
 10
147.7362560783742
 20
161.8548210944499
 10
148.2574899292889
 20
163.1412428637991
 10
148.5760895323876
 20
164.6468574454949
 10
148.6781305562041
 20
166.3058622575766
 10
148.5591533183505
 20
168.0457508289682
 10
148.2243576950373
 20
169.7904816801881
 10
147.6883758615309
 20
171.4638017008905
 10
146.9746327958816
 20
172.9925787766903
 10
146.1143224949774
 20
174.3099980134888
 10
145.1450446471951
 20
175.3584818689593
 10
144.1091613455935
 20
176.0922065674335
 10
143.0519456611722
 20
176.4791048187866
 10
142.0196029924244
 20
176.5022673128907
 10
141.0572516677038
 20
176.1606817376074
 10
140.2069510577748
 20
175.4692770216862
 10
139.5058633794864
 20
174.4582708689405
 10
138.9846295285718
 20
173.1718490995913
 10
138.6660299254731
 20
171.6662345178955
 10
138.5639889016567
 20
170.0072297058137
 10
138.6829661395102
 20
168.2673411344221
 10
139.0177617628232
 20
166.5226102832022
 10
139.5537435963298
 20
164.8492902624998
 10
140.2674866619792
 20
163.3205131867
 10
141.1277969628833
 20
162.0030939499014
 10
142.0970748106658
 20
160.9546100944312
 10
143.1329581122673
 20
160.2208853959569
 10
144.1901737966885
 20
159.8339871446038
  0
LWPOLYLINE
  5
1DF
330
1F
100
AcDbEntity
  8
0
  6
Continuous
 62
     7
370
    25
100
AcDbPolyline
 90
       28
 70
   128
 43
0.0
 10
144.0562646042748
 20
161.7922362827429
 10
144.9307284476678
 20
161.789877731695
 10
145.7345877114383
 20
162.130747913955
 10
146.4245061346058
 20
162.7964704297668
 10
146.9632900363982
 20
163.7511560059869
 10
147.321893437211
 20
164.94333729609
 10
147.4809839348851
 20
166.3087434981422
 10
147.4319849195121
 20
167.7737652103686
 10
147.1775379406936
 20
169.2594227330563
 10
146.7313603009191
 20
170.6856238846093
 10
146.1175055522373
 20
171.9754817917885
 10
145.3690667630398
 20
173.059459880951
 10
144.5263924621791
 20
173.8791206127327
 10
143.6349114393321
 20
174.3902758649219
 10
142.7426836671919
 20
174.5653691255654
 10
141.8978093758993
 20
174.3949610716609
 10
141.1458359571855
 20
173.8882384455029
 10
140.527302492694
 20
173.0725187950276
 10
140.0755542815972
 20
171.9917777777334
 10
139.8149451868861
 20
170.7042784216021
 10
139.7595247123129
 20
169.2794301501795
 10
139.9122805900063
 20
167.794046902586
 10
140.2649777110609
 20
166.3282060741768
 10
140.7986020823882
 20
164.96093152343
 10
141.4843858760067
 20
163.7659333752823
 10
142.2853583100936
 20
162.807634289214
 10
143.1583387534035
 20
162.1376964170016
 10
144.0562646042748
 20
161.7922362827429
  0
LWPOLYLINE
  5
1E0
330
1F
100
AcDbEntity
  8
0
  6
Continuous
 62
     7
370
    25
100
AcDbPolyline
 90
       17
 70
   128
 43
0.0
 10
156.523263302294
 20
167.5937209308508
 10
156.3947132843096
 20
168.0829260493585
 10
156.3804368546825
 20
168.5746599601429
 10
156.4826074704074
 20
168.9940606328659
 10
156.6856705814189
 20
169.2772781169824
 10
156.9587116698376
 20
169.3811951179083
 10
157.2601627050751
 20
169.2899912142626
 10
157.5441304996769
 20
169.0175513736099
 10
157.7673835310895
 20
168.6053520920164
 10
157.895933549074
 20
168.1161469735088
 10
157.910209978701
 20
167.6244130627245
 10
157.8080393629762
 20
167.2050123900014
 10
157.6049762519645
 20
166.9217949058849
 10
157.3319351635458
 20
166.8178779049591
 10
157.0304841283084
 20
166.9090818086047
 10
156.7465163337066
 20
167.1815216492573
 10
156.523263302294
 20
167.5937209308508
  0
LWPOLYLINE
  5
1E1
330
1F
100
AcDbEntity
  8
0
  6
Continuous
 62
     7
370
    25
100
AcDbPolyline
 90
        3
 70
   128
 43
0.0
 10
146.5776658546112
 20
159.5066598401182
 10
146.4491158366268
 20
159.9958649586259
 10
146.440637834493
 20
160.0607120933396
  0
LWPOLYLINE
  5
1E2
330
1F
100
AcDbEntity
  8
0
  6
Continuous
 62
     7
370
    25
100
AcDbPolyline
 90
        9
 70
   128
 43
0.0
 10
147.8768535910885
 20
160.3589429602583
 10
147.9503361013912
 20
160.0290858827762
 10
147.9646125310182
 20
159.5373519719919
 10
147.8624419152934
 20
159.1179512992687
 10
147.6593788042817
 20
158.8347338151523
 10
147.3863377158631
 20
158.7308168142264
 10
147.0848866806257
 20
158.8220207178721
 10
146.8009188860239
 20
159.0944605585247
 10
146.5776658546112
 20
159.5066598401182
  0
LWPOLYLINE
  5
1E3
330
1F
100
AcDbEntity
  8
0
  6
Continuous
 62
     7
370
    25
100
AcDbPolyline
 90
       17
 70
   128
 43
0.0
 10
145.1860407054453
 20
179.8573818469281
 10
145.0574906874609
 20
180.3465869654358
 10
145.0432142578339
 20
180.8383208762201
 10
145.1453848735587
 20
181.2577215489433
 10
145.3484479845704
 20
181.5409390330597
 10
145.6214890729889
 20
181.6448560339855
 10
145.9229401082264
 20
181.5536521303399
 10
146.2069079028282
 20
181.2812122896872
 10
146.4301609342408
 20
180.8690130080938
 10
146.5587109522253
 20
180.3798078895861
 10
146.5729873818523
 20
179.8880739788017
 10
146.4708167661275
 20
179.4686733060786
 10
146.2677536551158
 20
179.1854558219622
 10
145.9947125666972
 20
179.0815388210363
 10
145.6932615314598
 20
179.172742724682
 10
145.409293736858
 20
179.4451825653346
 10
145.1860407054453
 20
179.8573818469281
  0
LWPOLYLINE
  5
1E4
330
1F
100
AcDbEntity
  8
0
  6
Continuous
 62
     7
370
    25
100
AcDbPolyline
 90
       99
 70
   128
 43
0.0
 10
108.8371749507635
 20
135.9795087950642
 10
106.9706736474796
 20
141.0477568329709
 10
105.2811988516214
 20
146.2328872843519
 10
103.7756929775163
 20
151.5135933359751
 10
102.4603424717312
 20
156.8681754339666
 10
101.340552391636
 20
162.2746304519316
 10
100.4209241948642
 20
167.7107421065204
 10
99.70523683093574
 20
173.1541722489017
 10
99.19643121274352
 20
178.5825526570086
 10
98.89659813171121
 20
183.9735769513601
 10
98.80696966628271
 20
189.3050922567596
 10
98.92791411904795
 20
194.5551902332109
 10
99.25893450330775
 20
199.7022971019863
 10
99.79867058529961
 20
204.725262296911
 10
100.5449044736894
 20
209.6034453765763
 10
101.4945697333635
 20
214.3168008403408
 10
102.6437639860669
 20
218.8459604995925
 10
103.9877649461143
 20
223.1723130657899
 10
105.5210498252732
 20
227.2780806282386
 10
107.2373180270866
 20
231.1463917073402
 10
109.129517037375
 20
234.7613505831204
 10
111.1898714045297
 20
238.1081026141525
 10
113.4099146905112
 20
241.172895278465
 10
115.7805242612602
 20
243.9431346856042
 10
118.2919587735556
 20
246.4074373276317
 10
120.9338982042858
 20
248.5556768564
 10
123.6954862576356
 20
250.3790256948897
 10
126.565374975935
 20
251.8699913116162
 10
129.5317713708515
 20
253.0224470090492
 10
132.5824858833079
 20
253.8316570995271
 10
135.7049824729969
 20
254.2942963652132
 10
138.8864301316575
 20
254.4084637221287
 10
142.1137556084421
 20
254.1736900321153
 10
145.3736971307076
 20
253.5909400306242
 10
148.6528588994834
 20
252.6626083624109
 10
151.937766135684
 20
251.3925097414267
 10
155.2149204508652
 20
249.7858632753404
 10
158.4708553149986
 20
247.8492710191058
 10
161.6921913933317
 20
245.5906908457015
 10
164.8656915249441
 20
243.019403745524
 10
167.9783151170813
 20
240.1459756888072
 10
171.0172717317478
 20
236.9822142077846
 10
173.9700736443596
 20
233.5411198770063
 10
176.8245871584837
 20
229.83683289119
 10
179.5690824657995
 20
225.8845749601275
 10
182.1922818463967
 20
221.7005867594142
 10
184.6834060113461
 20
217.3020611940294
 10
187.0322183971093
 20
212.7070727490021
 10
189.2290672297745
 20
207.9345032174749
 10
191.2649251862658
 20
203.0039641113657
 10
193.1314264895498
 20
197.9357160734588
 10
194.820901285408
 20
192.750585622078
 10
196.326407159513
 20
187.4698795704547
 10
197.6417576652981
 20
182.1152974724631
 10
198.7615477453933
 20
176.7088424544981
 10
199.6811759421651
 20
171.2727307999094
 10
200.3968633060936
 20
165.829300657528
 10
200.9056689242857
 20
160.4009202494212
 10
201.205502005318
 20
155.0098959550697
 10
201.2951304707464
 20
149.6783806496701
 10
201.1741860179813
 20
144.4282826732188
 10
200.8431656337215
 20
139.2811758044434
 10
200.3034295517297
 20
134.2582106095189
 10
199.5571956633397
 20
129.3800275298536
 10
198.6075304036656
 20
124.6666720660891
 10
197.4583361509621
 20
120.1375124068373
 10
196.1143351909148
 20
115.81115984064
 10
194.5810503117559
 20
111.7053922781913
 10
192.8647821099424
 20
107.8370811990898
 10
190.9725830996539
 20
104.2221223233096
 10
188.9122287324994
 20
100.8753702922775
 10
186.6921854465176
 20
97.81057762796502
 10
184.3215758757688
 20
95.04033822082588
 10
181.8101413634733
 20
92.57603557879848
 10
179.1682019327431
 20
90.42779605003012
 10
176.4066138793932
 20
88.60444721154046
 10
173.5367251610938
 20
87.11348159481399
 10
170.5703287661773
 20
85.96102589738094
 10
167.5196142537209
 20
85.15181580690308
 10
164.397117664032
 20
84.68917654121719
 10
161.2156700053713
 20
84.57500918430168
 10
157.9883445285867
 20
84.8097828743151
 10
154.7284030063212
 20
85.39253287580613
 10
151.4492412375452
 20
86.32086454401948
 10
148.1643340013447
 20
87.59096316500373
 10
144.8871796861635
 20
89.19760963109011
 10
141.6312448220301
 20
91.13420188732471
 10
138.4099087436971
 20
93.39278206072906
 10
135.2364086120848
 20
95.96406916090666
 10
132.1237850199475
 20
98.83749721762349
 10
129.084828405281
 20
102.0012586986461
 10
126.1320264926691
 20
105.4423530294243
 10
123.2775129785451
 20
109.1466400152407
 10
120.5330176712294
 20
113.0988979463032
 10
117.9098182906322
 20
117.2828861470166
 10
115.4186941256829
 20
121.6814117124014
 10
113.0698817399196
 20
126.2764001574287
 10
110.8730329072544
 20
131.048969688956
 10
108.8371749507635
 20
135.9795087950642
  0
LWPOLYLINE
  5
1E5
330
1F
100
AcDbEntity
  8
0
  6
Continuous
 62
     7
370
    25
100
AcDbPolyline
 90
       17
 70
   128
 43
0.0
 10
148.3228860403534
 20
177.8142029801391
 10
148.4495933320087
 20
177.8374577844108
 10
149.4819360007565
 20
177.8142952903066
 10
150.5391516851778
 20
177.4273970389534
 10
151.5750349867793
 20
176.6936723404792
 10
152.5443128345617
 20
175.6451884850088
 10
153.4046231354659
 20
174.3277692482102
 10
154.1183662011152
 20
172.7989921724104
 10
154.6543480346217
 20
171.1256721517079
 10
154.9891436579347
 20
169.3809413004881
 10
155.1081208957883
 20
167.6410527290965
 10
155.0060798719717
 20
165.9820479170147
 10
154.6874802688732
 20
164.476433335319
 10
154.1662464179583
 20
163.1900115659697
 10
153.4651587396701
 20
162.1790054132241
 10
152.614858129741
 20
161.4876006973029
 10
151.7792140966758
 20
161.1692699262912
  0
LWPOLYLINE
  5
1E6
330
1F
100
AcDbEntity
  8
0
  6
Continuous
 62
     7
370
    25
100
AcDbPolyline
 90
       51
 70
   128
 43
0.0
 10
137.3621583825537
 20
254.8241930673212
 10
137.4049786379961
 20
254.8330499531672
 10
140.5274752276851
 20
255.2956892188531
 10
143.7089228863456
 20
255.4098565757687
 10
146.9362483631303
 20
255.1750828857553
 10
150.1961898853957
 20
254.5923328842642
 10
153.4753516541716
 20
253.6640012160509
 10
156.7602588903722
 20
252.3939025950667
 10
160.0374132055534
 20
250.7872561289805
 10
163.2933480696868
 20
248.8506638727458
 10
166.5146841480199
 20
246.5920836993415
 10
169.6881842796323
 20
244.020796599164
 10
172.8008078717695
 20
241.1473685424472
 10
175.8397644864359
 20
237.9836070614246
 10
178.7925663990478
 20
234.5425127306463
 10
181.647079913172
 20
230.83822574483
 10
184.3915752204877
 20
226.8859678137675
 10
187.0147746010849
 20
222.7019796130542
 10
189.5058987660343
 20
218.3034540476694
 10
191.8547111517975
 20
213.7084656026421
 10
194.0515599844627
 20
208.9358960711149
 10
196.087417940954
 20
204.0053569650057
 10
197.9539192442379
 20
198.9371089270989
 10
199.6433940400962
 20
193.751978475718
 10
201.1488999142011
 20
188.4712724240947
 10
202.4642504199863
 20
183.1166903261031
 10
203.5840405000814
 20
177.7102353081381
 10
204.5036686968534
 20
172.2741236535494
 10
205.2193560607817
 20
166.830693511168
 10
205.7281616789738
 20
161.4023131030612
 10
206.0279947600061
 20
156.0112888087097
 10
206.1176232254345
 20
150.6797735033101
 10
205.9966787726694
 20
145.4296755268587
 10
205.6656583884096
 20
140.2825686580834
 10
205.1259223064179
 20
135.2596034631589
 10
204.3796884180278
 20
130.3814203834937
 10
203.4300231583538
 20
125.668064919729
 10
202.2808289056503
 20
121.1389052604773
 10
200.936827945603
 20
116.81255269428
 10
199.4035430664441
 20
112.7067851318313
 10
197.6872748646306
 20
108.8384740527298
 10
195.7950758543421
 20
105.2235151769496
 10
193.7347214871875
 20
101.8767631459175
 10
191.5146782012058
 20
98.81197048160503
 10
189.144068630457
 20
96.04173107446587
 10
186.6326341181615
 20
93.57742843243846
 10
183.9906946874313
 20
91.42918890367011
 10
181.2291066340814
 20
89.60584006518049
 10
178.3592179157819
 20
88.11487444845397
 10
175.3928215208656
 20
86.96241875102092
 10
172.3849272638519
 20
86.16206554638914
  0
ARC
  5
1E7
330
1F
100
AcDbEntity
  8
0
  6
Continuous
 62
     7
370
    25
100
AcDbCircle
 10
206.8223044715734
 20
194.1193441827036
 30
0.0
 40
9.360012895986949
100
AcDbArc
 50
327.0782306873962
 51
349.4734502879745
  0
LWPOLYLINE
  5
1E8
330
1F
100
AcDbEntity
  8
0
  6
Continuous
 62
     7
370
    25
100
AcDbPolyline
 90
       11
 70
   128
 43
0.0
 10
217.9796403568861
 20
201.0572095359752
 10
218.1708550625919
 20
200.3416425139239
 10
218.5440740148871
 20
198.4056401857871
 10
218.7126727716988
 20
196.4685086891396
 10
218.6712324302594
 20
194.5925090241606
 10
218.4210849172399
 20
192.8379373636603
 10
217.9702701795311
 20
191.2611870844735
 10
217.3332777737344
 20
189.9129362379276
 10
216.5305811598912
 20
188.8365187155752
 10
215.5879796676314
 20
188.0665314622639
 10
214.7036897329333
 20
187.6730514841656
  0
LWPOLYLINE
  5
1E9
330
1F
100
AcDbEntity
  8
0
  6
Continuous
 62
     7
370
    25
100
AcDbPolyline
 90
       15
 70
   128
 43
0.0
 10
233.7976073330664
 20
207.7439362578755
 10
233.8276910645006
 20
208.1344786765177
 10
234.0941513551073
 20
209.8769290407261
 10
234.5603593329295
 20
211.4373028505621
 10
235.2113306899623
 20
212.7654484078978
 10
236.0261426711699
 20
213.8186780217186
 10
236.9786065490466
 20
214.5631400256361
 10
238.0381093508675
 20
214.9749067982988
 10
239.1705977848206
 20
215.0407438168309
 10
240.3396727408239
 20
214.7585350252856
 10
241.5077591878732
 20
214.1373508464254
 10
242.6373138664557
 20
213.1971566508709
 10
243.6920319598011
 20
211.9681710536617
 10
244.6380139605644
 20
210.4898946631047
 10
245.0141898867578
 20
209.767602686861
  0
LWPOLYLINE
  5
1EA
330
1F
100
AcDbEntity
  8
0
  6
Continuous
 62
     7
370
    25
100
AcDbPolyline
 90
        9
 70
   128
 43
0.0
 10
244.5642739103057
 20
194.5775787777784
 10
244.1308457153135
 20
194.1926894886438
 10
243.1207962131184
 20
193.6122383748192
 10
242.020370605254
 20
193.3724712472566
 10
240.8649374761901
 20
193.4810944187169
 10
239.6916333973885
 20
193.9346166510939
 10
238.5381693273394
 20
194.7184613666795
 10
237.4416185503279
 20
195.8074351513654
 10
236.4623666546096
 20
197.1273971944093
  0
LWPOLYLINE
  5
1EB
330
1F
100
AcDbEntity
  8
0
  6
Continuous
 62
     7
370
    25
100
AcDbPolyline
 90
        3
 70
   128
 43
0.0
 10
235.6427118934438
 20
198.5768886537949
 10
235.5572710396431
 20
198.7520857201952
 10
235.3419802452624
 20
199.2189048584887
  0
LWPOLYLINE
  5
1EC
330
1F
100
AcDbEntity
  8
0
  6
Continuous
 62
     7
370
    25
100
AcDbPolyline
 90
        8
 70
   128
 43
0.0
 10
240.4837159938769
 20
215.4829138145206
 10
241.5818441621647
 20
215.5414402436509
 10
242.7509191181679
 20
215.2592314521056
 10
243.9190055652172
 20
214.6380472732454
 10
245.0485602437998
 20
213.697853077691
 10
246.1032783371452
 20
212.4688674804817
 10
247.0492603379085
 20
210.9905910899247
 10
247.2371864232683
 20
210.6412888629004
  0
LWPOLYLINE
  5
1ED
330
1F
100
AcDbEntity
  8
0
  6
Continuous
 62
     7
370
    25
100
AcDbPolyline
 90
       10
 70
   128
 43
0.0
 10
239.800633644694
 20
206.6597508607767
 10
240.2491678443073
 20
206.6322946755033
 10
240.8224683252742
 20
206.2694155462551
 10
241.3175853000895
 20
205.5933084639567
 10
241.6591416975839
 20
204.7069046029625
 10
241.7951386524557
 20
203.7451509158376
 10
241.7048718611408
 20
202.8544656831279
 10
241.4020836243465
 20
202.1704476574319
 10
240.9328707063427
 20
201.7972323825228
 10
240.8172007200829
 20
201.7641823155273
  0
LWPOLYLINE
  5
1EE
330
1F
100
AcDbEntity
  8
0
  6
Continuous
 62
     7
370
    25
100
AcDbPolyline
 90
       10
 70
   128
 43
0.0
 10
234.812854951054
 20
205.6240363053751
 10
234.7801733137387
 20
205.9485208891618
 10
234.8271120452225
 20
206.4116772101708
 10
234.9845619283554
 20
206.7673665835326
 10
235.2285526457174
 20
206.9614385264854
 10
235.5219388223715
 20
206.964347344981
 10
235.8200550724743
 20
206.7756501977718
 10
236.0775158993781
 20
206.4240745149767
 10
236.2551252260752
 20
205.9631445072597
 10
236.2645151607281
 20
205.9254742201274
  0
LWPOLYLINE
  5
1EF
330
1F
100
AcDbEntity
  8
0
  6
Continuous
 62
     7
370
    25
100
AcDbPolyline
 90
        3
 70
   128
 43
0.0
 10
244.2919907221684
 20
202.9609005863492
 10
244.338929453652
 20
203.4240569073582
 10
244.4016646125004
 20
203.611653945554
  0
LWPOLYLINE
  5
1F0
330
1F
100
AcDbEntity
  8
0
  6
Continuous
 62
     7
370
    25
100
AcDbPolyline
 90
        3
 70
   128
 43
0.0
 10
244.4260546183244
 20
202.2566198304701
 10
244.3627091387017
 20
202.4607886690443
 10
244.2919907221684
 20
202.9609005863492
  0
LWPOLYLINE
  5
1F1
330
1F
100
AcDbEntity
  8
0
  6
Continuous
 62
     7
370
    25
100
AcDbPolyline
 90
       17
 70
   128
 43
0.0
 10
239.7272798998133
 20
196.7096608582312
 10
239.7742186312969
 20
197.1728171792402
 10
239.93166851443
 20
197.5285065526022
 10
240.1756592317919
 20
197.7225784955549
 10
240.469045408446
 20
197.7254873140504
 10
240.7671616585488
 20
197.5367901668412
 10
241.0246224854527
 20
197.1852144840461
 10
241.2022318121498
 20
196.7242844763291
 10
241.2729502286831
 20
196.2241725590242
 10
241.2260114971994
 20
195.7610162380152
 10
241.0685616140662
 20
195.4053268646532
 10
240.8245708967043
 20
195.2112549217005
 10
240.5311847200504
 20
195.208346103205
 10
240.2330684699474
 20
195.3970432504141
 10
239.9756076430437
 20
195.7486189332093
 10
239.7979983163466
 20
196.2095489409263
 10
239.7272798998133
 20
196.7096608582312
  0
LWPOLYLINE
  5
1F2
330
1F
100
AcDbEntity
  8
0
  6
Continuous
 62
     7
370
    25
100
AcDbPolyline
 90
       17
 70
   128
 43
0.0
 10
239.3448841360941
 20
212.1997606172797
 10
239.3918228675777
 20
212.6629169382887
 10
239.5492727507107
 20
213.0186063116506
 10
239.7932634680728
 20
213.2126782546034
 10
240.0866496447267
 20
213.2155870730989
 10
240.3847658948295
 20
213.0268899258898
 10
240.6422267217334
 20
212.6753142430946
 10
240.8198360484306
 20
212.2143842353776
 10
240.8905544649638
 20
211.7142723180727
 10
240.8436157334801
 20
211.2511159970638
 10
240.6861658503471
 20
210.8954266237018
 10
240.4421751329851
 20
210.701354680749
 10
240.148788956331
 20
210.6984458622535
 10
239.8506727062283
 20
210.8871430094626
 10
239.5932118793244
 20
211.2387186922578
 10
239.4156025526274
 20
211.6996486999748
 10
239.3448841360941
 20
212.1997606172797
  0
LWPOLYLINE
  5
1F3
330
1F
100
AcDbEntity
  8
0
  6
Continuous
 62
     7
370
    25
100
AcDbPolyline
 90
       17
 70
   128
 43
0.0
 10
142.6523102576285
 20
170.3445506296127
 10
142.2941196707583
 20
169.7435997985319
 10
142.1379436790034
 20
168.9010344105165
 10
142.2075586613693
 20
167.9451274080174
 10
142.4923663678523
 20
167.0214069668466
 10
142.9490074069287
 20
166.2705011506258
 10
143.5079623198602
 20
165.8067285628962
 10
144.0841352880923
 20
165.7006943760309
 10
144.5898092002322
 20
165.9685413337777
 10
144.9479997871025
 20
166.5694921648585
 10
145.1041757788573
 20
167.4120575528738
 10
145.0345607964914
 20
168.367964555373
 10
144.7497530900085
 20
169.2916849965438
 10
144.2931120509321
 20
170.0425908127646
 10
143.7341571380005
 20
170.5063634004942
 10
143.1579841697685
 20
170.6123975873595
 10
142.6523102576285
 20
170.3445506296127
  0
SPLINE
  5
1F4
330
1F
100
AcDbEntity
  8
0
  6
Continuous
 62
     7
370
    25
100
AcDbSpline
210
0.0
220
0.0
230
1.0
 70
     8
 71
     3
 72
     9
 73
     5
 74
     0
 42
0.00000001
 43
0.0000000001
 40
0.0
 40
0.0
 40
0.0
 40
0.0
 40
0.460031495108127
 40
1.0
 40
1.0
 40
1.0
 40
1.0
 10
193.8027976055288
 20
215.5182013429925
 30
0.0
 10
193.7375898003053
 20
215.6259439817497
 30
0.0
 10
193.5958434070331
 20
215.8601510738793
 30
0.0
 10
193.4653705210072
 20
216.1110514998341
 30
0.0
 10
193.3949192718108
 20
216.2465298277135
 30
0.0
  0
ARC
  5
1F5
330
1F
100
AcDbEntity
  8
0
  6
Continuous
 62
     7
370
    25
100
AcDbCircle
 10
228.18546685755
 20
207.8953825111296
 30
0.0
 40
35.77881863363955
100
AcDbArc
 50
165.4298250036092
 51
166.5020619289952
  0
SPLINE
  5
1F6
330
1F
100
AcDbEntity
  8
0
  6
Continuous
 62
     7
370
    25
100
AcDbSpline
210
0.0
220
0.0
230
1.0
 70
     8
 71
     3
 72
    13
 73
     9
 74
     0
 42
0.00000001
 43
0.0000000001
 40
0.0
 40
0.0
 40
0.0
 40
0.0
 40
0.1870497142497949
 40
0.5856084040210097
 40
0.7834247556693654
 40
0.8476137813613361
 40
0.9162425937745904
 40
1.0
 40
1.0
 40
1.0
 40
1.0
 10
193.5572859902616
 20
216.8961020735442
 30
0.0
 10
193.6546384777679
 20
216.866172626943
 30
0.0
 10
193.9594260849808
 20
216.772470610195
 30
0.0
 10
194.3679309736855
 20
216.6231203552992
 30
0.0
 10
194.71130391258
 20
216.3990372803138
 30
0.0
 10
194.8830407426147
 20
216.3804906786971
 30
0.0
 10
194.9843072834844
 20
216.4336267331198
 30
0.0
 10
195.0328815806321
 20
216.5180066174909
 30
0.0
 10
195.059579907913
 20
216.5643850913165
 30
0.0
  0
LWPOLYLINE
  5
1F7
330
1F
100
AcDbEntity
  8
0
  6
Continuous
 62
     7
370
    25
100
AcDbPolyline
 90
        9
 70
   128
 43
0.0
 10
195.059579907913
 20
216.5643850913165
 10
195.0601604934539
 20
216.5663743494263
 10
195.0607411885479
 20
216.5683634910818
 10
195.0613219931913
 20
216.57035251627
 10
195.0619029073805
 20
216.5723414249784
 10
195.0624839311116
 20
216.5743302171941
 10
195.063065064381
 20
216.5763188929046
 10
195.0636463071849
 20
216.5783074520969
 10
195.0642276595197
 20
216.5802958947586
  0
SPLINE
  5
1F8
330
1F
100
AcDbEntity
  8
0
  6
Continuous
 62
     7
370
    25
100
AcDbSpline
210
0.0
220
0.0
230
1.0
 70
     8
 71
     3
 72
    13
 73
     9
 74
     0
 42
0.00000001
 43
0.0000000001
 40
0.0
 40
0.0
 40
0.0
 40
0.0
 40
0.0837574062253783
 40
0.1523862186386325
 40
0.2165752443306097
 40
0.4143915959789308
 40
0.812950285750133
 40
0.9999999999999998
 40
0.9999999999999998
 40
0.9999999999999998
 40
0.9999999999999998
 10
195.0642276595196
 20
216.5802958947585
 30
0.0
 10
195.0708586996941
 20
216.6480149586894
 30
0.0
 10
195.0829230553539
 20
216.7712214015252
 30
0.0
 10
195.0533462091277
 20
216.9635030752437
 30
0.0
 10
194.9547518248728
 20
217.2324406565297
 30
0.0
 10
194.6742646489829
 20
217.671802666178
 30
0.0
 10
194.3928329082042
 20
218.2561666762153
 30
0.0
 10
194.1907579870674
 20
218.7014884647245
 30
0.0
 10
194.1262130522676
 20
218.8437291032091
 30
0.0
  0
ARC
  5
1F9
330
1F
100
AcDbEntity
  8
0
  6
Continuous
 62
     7
370
    25
100
AcDbCircle
 10
223.6464665426655
 20
209.2217301356475
 30
0.0
 40
31.0488040070645
100
AcDbArc
 50
160.7683016871169
 51
161.9468451557166
  0
SPLINE
  5
1FA
330
1F
100
AcDbEntity
  8
0
  6
Continuous
 62
     7
370
    25
100
AcDbSpline
210
0.0
220
0.0
230
1.0
 70
     8
 71
     3
 72
    13
 73
     9
 74
     0
 42
0.00000001
 43
0.0000000001
 40
0.0
 40
0.0
 40
0.0
 40
0.0
 40
0.1870497142497852
 40
0.5856084040210434
 40
0.7834247556693635
 40
0.8476137813613297
 40
0.9162425937746002
 40
1.0
 40
1.0
 40
1.0
 40
1.0
 10
194.330363287747
 20
219.4488665978279
 30
0.0
 10
194.4276778317582
 20
219.4037608912299
 30
0.0
 10
194.7323466468643
 20
219.262545594756
 30
0.0
 10
195.1392707602364
 20
219.0501632273879
 30
0.0
 10
195.4754195162633
 20
218.7757920102898
 30
0.0
 10
195.6491384766022
 20
218.7295369924045
 30
0.0
 10
195.7554069127223
 20
218.7645827888591
 30
0.0
 10
195.8099036733636
 20
218.8386752962938
 30
0.0
 10
195.8398572174557
 20
218.8793994267231
 30
0.0
  0
ARC
  5
1FB
330
1F
100
AcDbEntity
  8
0
  6
Continuous
 62
     7
370
    25
100
AcDbCircle
 10
220.8749898949113
 20
209.2168590616268
 30
0.0
 40
26.83509930082096
100
AcDbArc
 50
158.8617706898568
 51
158.895445105367
  0
SPLINE
  5
1FC
330
1F
100
AcDbEntity
  8
0
  6
Continuous
 62
     7
370
    25
100
AcDbSpline
210
0.0
220
0.0
230
1.0
 70
     8
 71
     3
 72
    13
 73
     9
 74
     0
 42
0.00000001
 43
0.0000000001
 40
0.0
 40
0.0
 40
0.0
 40
0.0
 40
0.0837574062253528
 40
0.1523862186386069
 40
0.2165752443305783
 40
0.4143915959789501
 40
0.8129502857501396
 40
1.0
 40
1.0
 40
1.0
 40
1.0
 10
195.8455405003063
 20
218.8941116411471
 30
0.0
 10
195.8563421941259
 20
218.9588898787677
 30
0.0
 10
195.8759945371273
 20
219.0767458526567
 30
0.0
 10
195.8573884475814
 20
219.2686300319881
 30
0.0
 10
195.7731082617157
 20
219.5464136333372
 30
0.0
 10
195.5138563815727
 20
220.0198464414635
 30
0.0
 10
195.2623176466594
 20
220.634472206929
 30
0.0
 10
195.0832461733918
 20
221.1008191346671
 30
0.0
 10
195.0260487908492
 20
221.2497754320423
 30
0.0
  0
ARC
  5
1FD
330
1F
100
AcDbEntity
  8
0
  6
Continuous
 62
     7
370
    25
100
AcDbCircle
 10
219.4693928818149
 20
210.8344850095603
 30
0.0
 40
26.56982019009523
100
AcDbArc
 50
155.6136556548987
 51
156.9211827824292
  0
SPLINE
  5
1FE
330
1F
100
AcDbEntity
  8
0
  6
Continuous
 62
     7
370
    25
100
AcDbSpline
210
0.0
220
0.0
230
1.0
 70
     8
 71
     3
 72
    13
 73
     9
 74
     0
 42
0.00000001
 43
0.0000000001
 40
0.0
 40
0.0
 40
0.0
 40
0.0
 40
0.1870497142498025
 40
0.5856084040210577
 40
0.7834247556694017
 40
0.8476137813613593
 40
0.9162425937746265
 40
0.9999999999999998
 40
0.9999999999999998
 40
0.9999999999999998
 40
0.9999999999999998
 10
195.2700764476137
 20
221.8048281697076
 30
0.0
 10
195.3664444484522
 20
221.744967342942
 30
0.0
 10
195.6681498608134
 20
221.5575572559171
 30
0.0
 10
196.069693858046
 20
221.2841257330173
 30
0.0
 10
196.395479900841
 20
220.9620281039357
 30
0.0
 10
196.5695590243571
 20
220.8884965404209
 30
0.0
 10
196.679837155972
 20
220.9051248657485
 30
0.0
 10
196.7397475585362
 20
220.9682382144682
 30
0.0
 10
196.7726766512687
 20
221.0029277712679
 30
0.0
  0
ARC
  5
1FF
330
1F
100
AcDbEntity
  8
0
  6
Continuous
 62
     7
370
    25
100
AcDbCircle
 10
217.211955739186
 20
210.8258342913903
 30
0.0
 40
22.83281325925338
100
AcDbArc
 50
153.4929382926774
 51
153.5304409994226
  0
SPLINE
  5
200
330
1F
100
AcDbEntity
  8
0
  6
Continuous
 62
     7
370
    25
100
AcDbSpline
210
0.0
220
0.0
230
1.0
 70
     8
 71
     3
 72
    13
 73
     9
 74
     0
 42
0.00000001
 43
0.0000000001
 40
0.0
 40
0.0
 40
0.0
 40
0.0
 40
0.0837574062253624
 40
0.152386218638633
 40
0.2165752443306146
 40
0.4143915959789644
 40
0.8129502857501501
 40
1.0
 40
1.0
 40
1.0
 40
1.0
 10
196.7793424020829
 20
221.0163040326914
 30
0.0
 10
196.7942138970425
 20
221.0775366270508
 30
0.0
 10
196.8212707387539
 20
221.1889417425192
 30
0.0
 10
196.8138091259332
 20
221.3786368565815
 30
0.0
 10
196.744630039845
 20
221.662672887353
 30
0.0
 10
196.5090340204007
 20
222.1657561793865
 30
0.0
 10
196.2897368407485
 20
222.8049051051105
 30
0.0
 10
196.1353407574476
 20
223.2879230164636
 30
0.0
 10
196.0860249637116
 20
223.4422042079146
 30
0.0
  0
ARC
  5
201
330
1F
100
AcDbEntity
  8
0
  6
Continuous
 62
     7
370
    25
100
AcDbCircle
 10
215.8308896849089
 20
212.6453132745968
 30
0.0
 40
22.50405600518148
100
AcDbArc
 50
149.8686511474943
 51
151.3292704001967
  0
SPLINE
  5
202
330
1F
100
AcDbEntity
  8
0
  6
Continuous
 62
     7
370
    25
100
AcDbSpline
210
0.0
220
0.0
230
1.0
 70
     8
 71
     3
 72
    13
 73
     9
 74
     0
 42
0.00000001
 43
0.0000000001
 40
0.0
 40
0.0
 40
0.0
 40
0.0
 40
0.1870497142498511
 40
0.5856084040211151
 40
0.7834247556694513
 40
0.8476137813614295
 40
0.9162425937746554
 40
1.0
 40
1.0
 40
1.0
 40
1.0
 10
196.3676516212796
 20
223.941989810766
 30
0.0
 10
196.4621733168868
 20
223.8679327682438
 30
0.0
 10
196.7580983843578
 20
223.636077688155
 30
0.0
 10
197.1505131573388
 20
223.3041499661807
 30
0.0
 10
197.4628947103991
 20
222.9373332638941
 30
0.0
 10
197.6357086672183
 20
222.8372116991463
 30
0.0
 10
197.7489668571267
 20
222.8352672991534
 30
0.0
 10
197.8137315343269
 20
222.886812216826
 30
0.0
 10
197.8493287256333
 20
222.9151433129507
 30
0.0
  0
ARC
  5
203
330
1F
100
AcDbEntity
  8
0
  6
Continuous
 62
     7
370
    25
100
AcDbCircle
 10
214.1148363335732
 20
212.568037191705
 30
0.0
 40
19.27769028769445
100
AcDbArc
 50
147.4960315208798
 51
147.538013755896
  0
SPLINE
  5
204
330
1F
100
AcDbEntity
  8
0
  6
Continuous
 62
     7
370
    25
100
AcDbSpline
210
0.0
220
0.0
230
1.0
 70
     8
 71
     3
 72
    13
 73
     9
 74
     0
 42
0.00000001
 43
0.0000000001
 40
0.0
 40
0.0
 40
0.0
 40
0.0
 40
0.083757406225353
 40
0.1523862186386245
 40
0.2165752443306081
 40
0.4143915959789915
 40
0.812950285750197
 40
1.0
 40
1.0
 40
1.0
 40
1.0
 10
197.8569147080913
 20
222.9270587308253
 30
0.0
 10
197.8757171530493
 20
222.984173969688
 30
0.0
 10
197.9099258710298
 20
223.088088067189
 30
0.0
 10
197.9136784020034
 20
223.2738229838131
 30
0.0
 10
197.8602463221793
 20
223.5614594761165
 30
0.0
 10
197.6505058599905
 20
224.0894960989085
 30
0.0
 10
197.4654977542787
 20
224.7472006235804
 30
0.0
 10
197.3372186155746
 20
225.2423797104522
 30
0.0
 10
197.2962448589241
 20
225.4005453140636
 30
0.0
  0
ARC
  5
205
330
1F
100
AcDbEntity
  8
0
  6
Continuous
 62
     7
370
    25
100
AcDbCircle
 10
212.851911859177
 20
214.5377728350881
 30
0.0
 40
18.97310205930349
100
AcDbArc
 50
143.4361431669817
 51
145.0727835390002
  0
SPLINE
  5
206
330
1F
100
AcDbEntity
  8
0
  6
Continuous
 62
     7
370
    25
100
AcDbSpline
210
0.0
220
0.0
230
1.0
 70
     8
 71
     3
 72
    13
 73
     9
 74
     0
 42
0.00000001
 43
0.0000000001
 40
0.0
 40
0.0
 40
0.0
 40
0.0
 40
0.1870497142498472
 40
0.585608404021034
 40
0.7834247556693989
 40
0.8476137813613547
 40
0.9162425937746395
 40
1.0
 40
1.0
 40
1.0
 40
1.0
 10
197.6128410450741
 20
225.8403974185865
 30
0.0
 10
197.7046339118453
 20
225.7528356109602
 30
0.0
 10
197.9920156618043
 20
225.4787003062213
 30
0.0
 10
198.3716373395284
 20
225.0913755048791
 30
0.0
 10
198.6676977804589
 20
224.6832645981033
 30
0.0
 10
198.83763305323
 20
224.5574878401962
 30
0.0
 10
198.9528138402275
 20
224.536988869222
 30
0.0
 10
199.0218281017229
 20
224.5764840948391
 30
0.0
 10
199.059761030219
 20
224.598192210478
 30
0.0
  0
ARC
  5
207
330
1F
100
AcDbEntity
  8
0
  6
Continuous
 62
     7
370
    25
100
AcDbCircle
 10
211.6672410656366
 20
214.3249090971654
 30
0.0
 40
16.26311467000494
100
AcDbArc
 50
140.7778955795441
 51
140.8249174315582
  0
SPLINE
  5
208
330
1F
100
AcDbEntity
  8
0
  6
Continuous
 62
     7
370
    25
100
AcDbSpline
210
0.0
220
0.0
230
1.0
 70
     8
 71
     3
 72
    13
 73
     9
 74
     0
 42
0.00000001
 43
0.0000000001
 40
0.0
 40
0.0
 40
0.0
 40
0.0
 40
0.0837574062253588
 40
0.1523862186386035
 40
0.2165752443305652
 40
0.4143915959789336
 40
0.8129502857501329
 40
1.0
 40
1.0
 40
1.0
 40
1.0
 10
199.0681964160465
 20
224.608535533757
 30
0.0
 10
199.0907542576407
 20
224.6610001475267
 30
0.0
 10
199.1317954543074
 20
224.7564530091301
 30
0.0
 10
199.1467270927041
 20
224.9364935714428
 30
0.0
 10
199.1095409000774
 20
225.225044940849
 30
0.0
 10
198.9276142853275
 20
225.773104758724
 30
0.0
 10
198.7786226243916
 20
226.4432240724061
 30
0.0
 10
198.6776581380397
 20
226.9459409810813
 30
0.0
 10
198.6454089794007
 20
227.1065142472274
 30
0.0
  0
ARC
  5
209
330
1F
100
AcDbEntity
  8
0
  6
Continuous
 62
     7
370
    25
100
AcDbCircle
 10
210.5893322651327
 20
216.376712538852
 30
0.0
 40
16.05571387875691
100
AcDbArc
 50
136.235781815399
 51
138.0651191428912
  0
SPLINE
  5
20A
330
1F
100
AcDbEntity
  8
0
  6
Continuous
 62
     7
370
    25
100
AcDbSpline
210
0.0
220
0.0
230
1.0
 70
     8
 71
     3
 72
    13
 73
     9
 74
     0
 42
0.00000001
 43
0.0000000001
 40
0.0
 40
0.0
 40
0.0
 40
0.0
 40
0.1870497142498714
 40
0.5856084040210478
 40
0.7834247556694024
 40
0.8476137813613796
 40
0.9162425937746331
 40
1.0
 40
1.0
 40
1.0
 40
1.0
 10
198.9940187208448
 20
227.4823260728338
 30
0.0
 10
199.0822257135155
 20
227.382077041109
 30
0.0
 10
199.3583809399933
 20
227.0682210391978
 30
0.0
 10
199.7216650971397
 20
226.6291155057996
 30
0.0
 10
199.9986401893727
 20
226.1835208161113
 30
0.0
 10
200.1641101382395
 20
226.0332632087449
 30
0.0
 10
200.2801381103526
 20
225.994401060158
 30
0.0
 10
200.3527575885783
 20
226.0214778374394
 30
0.0
 10
200.3926720847312
 20
226.0363602897655
 30
0.0
  0
ARC
  5
20B
330
1F
100
AcDbEntity
  8
0
  6
Continuous
 62
     7
370
    25
100
AcDbCircle
 10
209.8909693520544
 20
215.9654579675163
 30
0.0
 40
13.8434361544641
100
AcDbArc
 50
133.2716208605528
 51
133.3239736245864
  0
SPLINE
  5
20C
330
1F
100
AcDbEntity
  8
0
  6
Continuous
 62
     7
370
    25
100
AcDbSpline
210
0.0
220
0.0
230
1.0
 70
     8
 71
     3
 72
    13
 73
     9
 74
     0
 42
0.00000001
 43
0.0000000001
 40
0.0
 40
0.0
 40
0.0
 40
0.0
 40
0.0837574062254211
 40
0.1523862186386741
 40
0.2165752443306349
 40
0.4143915959789891
 40
0.8129502857501714
 40
1.0
 40
1.0
 40
1.0
 40
1.0
 10
200.4018781150037
 20
226.0450349456267
 30
0.0
 10
200.4279807367449
 20
226.0923590863403
 30
0.0
 10
200.4754712215025
 20
226.1784594943959
 30
0.0
 10
200.5014425546379
 20
226.3511247121762
 30
0.0
 10
200.4808494466698
 20
226.6378968322951
 30
0.0
 10
200.3284352791434
 20
227.2008627584002
 30
0.0
 10
200.2168511579781
 20
227.8771401376142
 30
0.0
 10
200.1441440021833
 20
228.3827011357661
 30
0.0
 10
200.1209205432612
 20
228.544182835125
 30
0.0
  0
ARC
  5
20D
330
1F
100
AcDbEntity
  8
0
  6
Continuous
 62
     7
370
    25
100
AcDbCircle
 10
209.0329840434335
 20
218.0193447565828
 30
0.0
 40
13.79119619215948
100
AcDbArc
 50
128.2322743531457
 51
130.2567551294567
  0
SPLINE
  5
20E
330
1F
100
AcDbEntity
  8
0
  6
Continuous
 62
     7
370
    25
100
AcDbSpline
210
0.0
220
0.0
230
1.0
 70
     8
 71
     3
 72
    13
 73
     9
 74
     0
 42
0.00000001
 43
0.0000000001
 40
0.0
 40
0.0
 40
0.0
 40
0.0
 40
0.1870497142498128
 40
0.5856084040210461
 40
0.7834247556693982
 40
0.8476137813613748
 40
0.9162425937746341
 40
1.0
 40
1.0
 40
1.0
 40
1.0
 10
200.4982889647716
 20
228.8524455280563
 30
0.0
 10
200.5820865184168
 20
228.7404452704313
 30
0.0
 10
200.8444368344696
 20
228.3897989602739
 30
0.0
 10
201.1879915847444
 20
227.9030125048742
 30
0.0
 10
201.4432952864716
 20
227.4240944298326
 30
0.0
 10
201.6027549631049
 20
227.2507588878023
 30
0.0
 10
201.7185467984194
 20
227.1938964070131
 30
0.0
 10
201.7940934648734
 20
227.2083019273849
 30
0.0
 10
201.8356168577871
 20
227.2162197629508
 30
0.0
  0
ARC
  5
20F
330
1F
100
AcDbEntity
  8
0
  6
Continuous
 62
     7
370
    25
100
AcDbCircle
 10
208.7458912743107
 20
217.3570506638855
 30
0.0
 40
12.03973038882616
100
AcDbArc
 50
124.9690877550075
 51
125.026546708792
  0
SPLINE
  5
210
330
1F
100
AcDbEntity
  8
0
  6
Continuous
 62
     7
370
    25
100
AcDbSpline
210
0.0
220
0.0
230
1.0
 70
     8
 71
     3
 72
    13
 73
     9
 74
     0
 42
0.00000001
 43
0.0000000001
 40
0.0
 40
0.0
 40
0.0
 40
0.0
 40
0.0837574062253942
 40
0.1523862186386485
 40
0.2165752443306174
 40
0.4143915959789561
 40
0.8129502857501444
 40
1.0
 40
1.0
 40
1.0
 40
1.0
 10
201.8455075782803
 20
227.2231447584694
 30
0.0
 10
201.8749112670221
 20
227.264886573376
 30
0.0
 10
201.9284076340102
 20
227.3408306315721
 30
0.0
 10
201.9651761745445
 20
227.5045083762036
 30
0.0
 10
201.9613684235352
 20
227.7868237330162
 30
0.0
 10
201.8398897532491
 20
228.3594395061823
 30
0.0
 10
201.766755002729
 20
229.0355607312516
 30
0.0
 10
201.7229840246155
 20
229.5392455320563
 30
0.0
 10
201.7090030965887
 20
229.70012795351
 30
0.0
  0
ARC
  5
211
330
1F
100
AcDbEntity
  8
0
  6
Continuous
 62
     7
370
    25
100
AcDbCircle
 10
208.1083686823607
 20
219.3270686960991
 30
0.0
 40
12.18820078018579
100
AcDbArc
 50
119.4730229673959
 51
121.6713373451855
  0
SPLINE
  5
212
330
1F
100
AcDbEntity
  8
0
  6
Continuous
 62
     7
370
    25
100
AcDbSpline
210
0.0
220
0.0
230
1.0
 70
     8
 71
     3
 72
    13
 73
     9
 74
     0
 42
0.00000001
 43
0.0000000001
 40
0.0
 40
0.0
 40
0.0
 40
0.0
 40
0.1870497142498347
 40
0.5856084040210199
 40
0.7834247556693443
 40
0.8476137813613206
 40
0.9162425937745885
 40
1.0
 40
1.0
 40
1.0
 40
1.0
 10
202.1116068108898
 20
229.9379633480591
 30
0.0
 10
202.1902125303295
 20
229.8152575807628
 30
0.0
 10
202.436308441743
 20
229.4310948524806
 30
0.0
 10
202.7569261070093
 20
228.9011724690564
 30
0.0
 10
202.9881747163538
 20
228.39340253769
 30
0.0
 10
203.1401352887175
 20
228.198607448249
 30
0.0
 10
203.2546098700656
 20
228.12427554492
 30
0.0
 10
203.3323783658783
 20
228.1258753079199
 30
0.0
 10
203.3751229628208
 20
228.1267546000281
 30
0.0
  0
ARC
  5
213
330
1F
100
AcDbEntity
  8
0
  6
Continuous
 62
     7
370
    25
100
AcDbCircle
 10
208.1350556709672
 20
218.3764499317727
 30
0.0
 40
10.85013366322666
100
AcDbArc
 50
115.9592568661298
 51
116.0208424163515
  0
SPLINE
  5
214
330
1F
100
AcDbEntity
  8
0
  6
Continuous
 62
     7
370
    25
100
AcDbSpline
210
0.0
220
0.0
230
1.0
 70
     8
 71
     3
 72
    13
 73
     9
 74
     0
 42
0.00000001
 43
0.0000000001
 40
0.0
 40
0.0
 40
0.0
 40
0.0
 40
0.0837574062253889
 40
0.1523862186386357
 40
0.2165752443306165
 40
0.4143915959789802
 40
0.8129502857501446
 40
1.0
 40
1.0
 40
1.0
 40
1.0
 10
203.3856060265426
 20
228.1318652783871
 30
0.0
 10
203.4180362479657
 20
228.1676350354076
 30
0.0
 10
203.4770390160193
 20
228.2327136745349
 30
0.0
 10
203.5242614659962
 20
228.3858757310166
 30
0.0
 10
203.5372746238917
 20
228.661098422102
 30
0.0
 10
203.4478656644587
 20
229.2380176831378
 30
0.0
 10
203.4138631240443
 20
229.9076699923548
 30
0.0
 10
203.3994370014415
 20
230.4047758265378
 30
0.0
 10
203.3948291404682
 20
230.5635568542646
 30
0.0
  0
ARC
  5
215
330
1F
100
AcDbEntity
  8
0
  6
Continuous
 62
     7
370
    25
100
AcDbCircle
 10
207.6847863142246
 20
220.1770580497558
 30
0.0
 40
11.23757491493285
100
AcDbArc
 50
110.121586097197
 51
112.4421953221784
  0
SPLINE
  5
216
330
1F
100
AcDbEntity
  8
0
  6
Continuous
 62
     7
370
    25
100
AcDbSpline
210
0.0
220
0.0
230
1.0
 70
     8
 71
     3
 72
    13
 73
     9
 74
     0
 42
0.00000001
 43
0.0000000001
 40
0.0
 40
0.0
 40
0.0
 40
0.0
 40
0.1870497142498225
 40
0.5856084040210251
 40
0.7834247556693949
 40
0.8476137813613583
 40
0.916242593774613
 40
1.0
 40
1.0
 40
1.0
 40
1.0
 10
203.8189091451552
 20
230.7287443454336
 30
0.0
 10
203.891589109966
 20
230.5964787391539
 30
0.0
 10
204.1191328855225
 20
230.1823864166344
 30
0.0
 10
204.4138199450251
 20
229.6142758476995
 30
0.0
 10
204.6188543560288
 20
229.0823949710468
 30
0.0
 10
204.7618970092019
 20
228.8679590834602
 30
0.0
 10
204.8739855182612
 20
228.7768517745452
 30
0.0
 10
204.9532497399404
 20
228.765630843617
 30
0.0
 10
204.9968164461271
 20
228.7594633825541
 30
0.0
  0
ARC
  5
217
330
1F
100
AcDbEntity
  8
0
  6
Continuous
 62
     7
370
    25
100
AcDbCircle
 10
207.914584476587
 20
218.9201726675806
 30
0.0
 40
10.26279747697173
100
AcDbArc
 50
106.453415974946
 51
106.5173293444871
  0
SPLINE
  5
218
330
1F
100
AcDbEntity
  8
0
  6
Continuous
 62
     7
370
    25
100
AcDbSpline
210
0.0
220
0.0
230
1.0
 70
     8
 71
     3
 72
    13
 73
     9
 74
     0
 42
0.00000001
 43
0.0000000001
 40
0.0
 40
0.0
 40
0.0
 40
0.0
 40
0.0837574062253531
 40
0.1523862186385724
 40
0.2165752443305435
 40
0.414391595978903
 40
0.8129502857501396
 40
1.0
 40
1.0
 40
1.0
 40
1.0
 10
205.007793975536
 20
228.7627120267266
 30
0.0
 10
205.042947937401
 20
228.7921757532773
 30
0.0
 10
205.1069062135722
 20
228.8457813516167
 30
0.0
 10
205.1641416696994
 20
228.9869976870943
 30
0.0
 10
205.19385423615
 20
229.2525580323405
 30
0.0
 10
205.1373497749358
 20
229.8283942415486
 30
0.0
 10
205.1427969171848
 20
230.4853252717299
 30
0.0
 10
205.1578503429126
 20
230.9712107960555
 30
0.0
 10
205.1626585713492
 20
231.1264079343807
 30
0.0
  0
ARC
  5
219
330
1F
100
AcDbEntity
  8
0
  6
Continuous
 62
     7
370
    25
100
AcDbCircle
 10
207.5881914697713
 20
220.4726451901098
 30
0.0
 40
10.92638414355552
100
AcDbArc
 50
100.4613948309612
 51
102.825860903358
  0
SPLINE
  5
21A
330
1F
100
AcDbEntity
  8
0
  6
Continuous
 62
     7
370
    25
100
AcDbSpline
210
0.0
220
0.0
230
1.0
 70
     8
 71
     3
 72
    13
 73
     9
 74
     0
 42
0.00000001
 43
0.0000000001
 40
0.0
 40
0.0
 40
0.0
 40
0.0
 40
0.1870497142498189
 40
0.5856084040210263
 40
0.7834247556693939
 40
0.8476137813613709
 40
0.916242593774616
 40
1.0
 40
1.0
 40
1.0
 40
1.0
 10
205.6042553456805
 20
231.2174052110721
 30
0.0
 10
205.6703309626136
 20
231.0768146941378
 30
0.0
 10
205.8771980873891
 20
230.6366590458249
 30
0.0
 10
206.1432031274518
 20
230.0356645866924
 30
0.0
 10
206.320108989063
 20
229.4846387931912
 30
0.0
 10
206.4528981723335
 20
229.2525642375652
 30
0.0
 10
206.5615540688955
 20
229.1455321674598
 30
0.0
 10
206.6415739477602
 20
229.1215953094123
 30
0.0
 10
206.6855559925939
 20
229.1084386791004
 30
0.0
  0
ARC
  5
21B
330
1F
100
AcDbEntity
  8
0
  6
Continuous
 62
     7
370
    25
100
AcDbCircle
 10
207.907509208453
 20
218.9132995842134
 30
0.0
 40
10.26810746076613
100
AcDbArc
 50
96.77077409278057
 51
96.83466542508568
  0
SPLINE
  5
21C
330
1F
100
AcDbEntity
  8
0
  6
Continuous
 62
     7
370
    25
100
AcDbSpline
210
0.0
220
0.0
230
1.0
 70
     8
 71
     3
 72
    13
 73
     9
 74
     0
 42
0.00000001
 43
0.0000000001
 40
0.0
 40
0.0
 40
0.0
 40
0.0
 40
0.0837574062253849
 40
0.1523862186386157
 40
0.2165752443305645
 40
0.4143915959788992
 40
0.8129502857502066
 40
1.0
 40
1.0
 40
1.0
 40
1.0
 10
206.6969254934552
 20
229.109794957371
 30
0.0
 10
206.7344749726915
 20
229.1326775585756
 30
0.0
 10
206.8027915957886
 20
229.1743096150988
 30
0.0
 10
206.869505666034
 20
229.3022617306968
 30
0.0
 10
206.9156402228127
 20
229.5556802647117
 30
0.0
 10
206.8925678267463
 20
230.1250569945568
 30
0.0
 10
206.9374137931599
 20
230.7631331576742
 30
0.0
 10
206.981806217438
 20
231.2332617899162
 30
0.0
 10
206.995985642151
 20
231.3834260049747
 30
0.0
  0
ARC
  5
21D
330
1F
100
AcDbEntity
  8
0
  6
Continuous
 62
     7
370
    25
100
AcDbCircle
 10
207.6176826097408
 20
220.1516335460891
 30
0.0
 40
11.2489852413002
100
AcDbArc
 50
90.84913687427857
 51
93.16817651148012
  0
SPLINE
  5
21E
330
1F
100
AcDbEntity
  8
0
  6
Continuous
 62
     7
370
    25
100
AcDbSpline
210
0.0
220
0.0
230
1.0
 70
     8
 71
     3
 72
    13
 73
     9
 74
     0
 42
0.00000001
 43
0.0000000001
 40
0.0
 40
0.0
 40
0.0
 40
0.0
 40
0.1870497142497681
 40
0.5856084040210061
 40
0.7834247556693656
 40
0.8476137813613556
 40
0.9162425937746107
 40
0.9999999999999998
 40
0.9999999999999998
 40
0.9999999999999998
 40
0.9999999999999998
 10
207.4509761160268
 20
231.399383450134
 30
0.0
 10
207.5098304548498
 20
231.2517806783217
 30
0.0
 10
207.6940894662369
 20
230.7896713189101
 30
0.0
 10
207.9289288694728
 20
230.1614042929162
 30
0.0
 10
208.0760544593257
 20
229.5963783619344
 30
0.0
 10
208.197350355868
 20
229.3488319558657
 30
0.0
 10
208.3015591491019
 20
229.2268744541705
 30
0.0
 10
208.3815875611036
 20
229.1904451609978
 30
0.0
 10
208.4255742960816
 20
229.1704222013494
 30
0.0
  0
ARC
  5
21F
330
1F
100
AcDbEntity
  8
0
  6
Continuous
 62
     7
370
    25
100
AcDbCircle
 10
207.92037200085
 20
218.3160107398396
 30
0.0
 40
10.86616204254588
100
AcDbArc
 50
87.27365209406848
 51
87.3351770665962
  0
SPLINE
  5
220
330
1F
100
AcDbEntity
  8
0
  6
Continuous
 62
     7
370
    25
100
AcDbSpline
210
0.0
220
0.0
230
1.0
 70
     8
 71
     3
 72
    13
 73
     9
 74
     0
 42
0.00000001
 43
0.0000000001
 40
0.0
 40
0.0
 40
0.0
 40
0.0
 40
0.0837574062253814
 40
0.1523862186386291
 40
0.2165752443306114
 40
0.4143915959789161
 40
0.812950285750186
 40
1.0
 40
1.0
 40
1.0
 40
1.0
 10
208.4372296144294
 20
229.1698734505132
 30
0.0
 10
208.476824021667
 20
229.1859612776898
 30
0.0
 10
208.5488611377868
 20
229.2152310851019
 30
0.0
 10
208.6244309308512
 20
229.3287243263919
 30
0.0
 10
208.6865567320316
 20
229.5676349486031
 30
0.0
 10
208.6971318218588
 20
230.1252360819691
 30
0.0
 10
208.7809578977314
 20
230.738499832808
 30
0.0
 10
208.8542748404556
 20
231.1884821085962
 30
0.0
 10
208.8776930719767
 20
231.3322113575718
 30
0.0
  0
ARC
  5
221
330
1F
100
AcDbEntity
  8
0
  6
Continuous
 62
     7
370
    25
100
AcDbCircle
 10
207.5642301558943
 20
219.1918417822475
 30
0.0
 40
12.21121444645792
100
AcDbArc
 50
81.62965280462778
 51
83.8252042019884
  0
SPLINE
  5
222
330
1F
100
AcDbEntity
  8
0
  6
Continuous
 62
     7
370
    25
100
AcDbSpline
210
0.0
220
0.0
230
1.0
 70
     8
 71
     3
 72
    13
 73
     9
 74
     0
 42
0.00000001
 43
0.0000000001
 40
0.0
 40
0.0
 40
0.0
 40
0.0
 40
0.187049714249849
 40
0.5856084040210096
 40
0.7834247556693699
 40
0.8476137813613522
 40
0.9162425937746029
 40
0.9999999999999998
 40
0.9999999999999998
 40
0.9999999999999998
 40
0.9999999999999998
 10
209.3418291219325
 20
231.272979980833
 30
0.0
 10
209.3929126755416
 20
231.1197430814537
 30
0.0
 10
209.5528431967977
 20
230.6399946015238
 30
0.0
 10
209.7543243309712
 20
229.9903209686122
 30
0.0
 10
209.8702959770755
 20
229.4165703950301
 30
0.0
 10
209.978966079784
 20
229.1558634126142
 30
0.0
 10
210.0777548002655
 20
229.0201191636629
 30
0.0
 10
210.1570445416834
 20
228.97153756586
 30
0.0
 10
210.2006252745133
 20
228.9448352258544
 30
0.0
  0
ARC
  5
223
330
1F
100
AcDbEntity
  8
0
  6
Continuous
 62
     7
370
    25
100
AcDbCircle
 10
207.7611939117723
 20
217.1272867118221
 30
0.0
 40
12.06670121677964
100
AcDbArc
 50
78.27919712378291
 51
78.33657042742368
  0
SPLINE
  5
224
330
1F
100
AcDbEntity
  8
0
  6
Continuous
 62
     7
370
    25
100
AcDbSpline
210
0.0
220
0.0
230
1.0
 70
     8
 71
     3
 72
    13
 73
     9
 74
     0
 42
0.00000001
 43
0.0000000001
 40
0.0
 40
0.0
 40
0.0
 40
0.0
 40
0.0837574062253617
 40
0.1523862186386343
 40
0.2165752443306057
 40
0.4143915959789126
 40
0.8129502857501448
 40
1.0
 40
1.0
 40
1.0
 40
1.0
 10
210.2124575877803
 20
228.9423865694498
 30
0.0
 10
210.2537272407065
 20
228.9515294148908
 30
0.0
 10
210.328812258705
 20
228.9681636888865
 30
0.0
 10
210.4125321997923
 20
229.0661384000537
 30
0.0
 10
210.4900691935072
 20
229.2883104663526
 30
0.0
 10
210.5341930324643
 20
229.8289298316948
 30
0.0
 10
210.6562165563109
 20
230.4116552918481
 30
0.0
 10
210.757773476941
 20
230.8372898479153
 30
0.0
 10
210.7902118655524
 20
230.9732421695358
 30
0.0
  0
ARC
  5
225
330
1F
100
AcDbEntity
  8
0
  6
Continuous
 62
     7
370
    25
100
AcDbCircle
 10
207.2300608628944
 20
217.613413516183
 30
0.0
 40
13.82605138167339
100
AcDbArc
 50
73.05739610563566
 51
75.07847288718744
  0
SPLINE
  5
226
330
1F
100
AcDbEntity
  8
0
  6
Continuous
 62
     7
370
    25
100
AcDbSpline
210
0.0
220
0.0
230
1.0
 70
     8
 71
     3
 72
    13
 73
     9
 74
     0
 42
0.00000001
 43
0.0000000001
 40
0.0
 40
0.0
 40
0.0
 40
0.0
 40
0.1870497142498168
 40
0.5856084040210449
 40
0.7834247556693703
 40
0.8476137813613629
 40
0.916242593774622
 40
1.0
 40
1.0
 40
1.0
 40
1.0
 10
211.2591599783443
 20
230.8393749983042
 30
0.0
 10
211.301995793363
 20
230.6819347029999
 30
0.0
 10
211.4361045963017
 20
230.1890263848477
 30
0.0
 10
211.6023462863506
 20
229.5240119726844
 30
0.0
 10
211.6860811926921
 20
228.9468937110182
 30
0.0
 10
211.7811108780982
 20
228.6754603031065
 30
0.0
 10
211.8735571621606
 20
228.5271967143772
 30
0.0
 10
211.9513679260429
 20
228.4669164052332
 30
0.0
 10
211.9941357551643
 20
228.4337839974245
 30
0.0
  0
ARC
  5
227
330
1F
100
AcDbEntity
  8
0
  6
Continuous
 62
     7
370
    25
100
AcDbCircle
 10
207.2572873724189
 20
215.3854631978987
 30
0.0
 40
13.88151318439218
100
AcDbArc
 50
69.99565110098313
 51
70.04790808508147
  0
SPLINE
  5
228
330
1F
100
AcDbEntity
  8
0
  6
Continuous
 62
     7
370
    25
100
AcDbSpline
210
0.0
220
0.0
230
1.0
 70
     8
 71
     3
 72
    13
 73
     9
 74
     0
 42
0.00000001
 43
0.0000000001
 40
0.0
 40
0.0
 40
0.0
 40
0.0
 40
0.0837574062253456
 40
0.15238621863862
 40
0.2165752443305811
 40
0.4143915959789184
 40
0.8129502857501769
 40
1.0
 40
1.0
 40
1.0
 40
1.0
 10
212.0060345882298
 20
228.4294582978971
 30
0.0
 10
212.0485941632149
 20
228.4315707973176
 30
0.0
 10
212.1260260345102
 20
228.4354142281626
 30
0.0
 10
212.2171144530865
 20
228.5169556457262
 30
0.0
 10
212.309338697318
 20
228.7203147953912
 30
0.0
 10
212.3865993130077
 20
229.2389047753567
 30
0.0
 10
212.5456809840643
 20
229.7856511942103
 30
0.0
 10
212.6745296729949
 20
230.1829639953868
 30
0.0
 10
212.7156853502025
 20
230.3098700394557
 30
0.0
  0
ARC
  5
229
330
1F
100
AcDbEntity
  8
0
  6
Continuous
 62
     7
370
    25
100
AcDbCircle
 10
206.4470617682412
 20
215.4776954345499
 30
0.0
 40
16.10245463035787
100
AcDbArc
 50
65.26349367209757
 51
67.08928915399659
  0
SPLINE
  5
22A
330
1F
100
AcDbEntity
  8
0
  6
Continuous
 62
     7
370
    25
100
AcDbSpline
210
0.0
220
0.0
230
1.0
 70
     8
 71
     3
 72
    13
 73
     9
 74
     0
 42
0.00000001
 43
0.0000000001
 40
0.0
 40
0.0
 40
0.0
 40
0.0
 40
0.1870497142498299
 40
0.5856084040210145
 40
0.7834247556694206
 40
0.8476137813614068
 40
0.9162425937746448
 40
1.0
 40
1.0
 40
1.0
 40
1.0
 10
213.1850670836527
 20
230.1026169554409
 30
0.0
 10
213.2192552136177
 20
229.942443241829
 30
0.0
 10
213.3262901604793
 20
229.4409772376141
 30
0.0
 10
213.4557402525349
 20
228.766831106587
 30
0.0
 10
213.5064566088545
 20
228.1917335545502
 30
0.0
 10
213.5869586103897
 20
227.9121080217384
 30
0.0
 10
213.6721993119875
 20
227.7527093904116
 30
0.0
 10
213.7478046001966
 20
227.6812931909314
 30
0.0
 10
213.7893602139119
 20
227.6420400636843
 30
0.0
  0
ARC
  5
22B
330
1F
100
AcDbEntity
  8
0
  6
Continuous
 62
     7
370
    25
100
AcDbCircle
 10
206.2714166377172
 20
213.1656125871006
 30
0.0
 40
16.3121558385038
100
AcDbArc
 50
62.50917666376667
 51
62.55610422455292
  0
SPLINE
  5
22C
330
1F
100
AcDbEntity
  8
0
  6
Continuous
 62
     7
370
    25
100
AcDbSpline
210
0.0
220
0.0
230
1.0
 70
     8
 71
     3
 72
    13
 73
     9
 74
     0
 42
0.00000001
 43
0.0000000001
 40
0.0
 40
0.0
 40
0.0
 40
0.0
 40
0.0837574062253778
 40
0.1523862186386402
 40
0.2165752443305941
 40
0.4143915959789885
 40
0.812950285750162
 40
1.0
 40
1.0
 40
1.0
 40
1.0
 10
213.8012144705775
 20
227.6358777089249
 30
0.0
 10
213.844666600337
 20
227.6309401384873
 30
0.0
 10
213.9237223644093
 20
227.6219568411032
 30
0.0
 10
214.0213287924535
 20
227.6863036348178
 30
0.0
 10
214.1273792142807
 20
227.8689511582604
 30
0.0
 10
214.2370552451523
 20
228.3606698179331
 30
0.0
 10
214.4317097607183
 20
228.8663323714867
 30
0.0
 10
214.5866471924571
 20
229.231613815198
 30
0.0
 10
214.6361358987913
 20
229.3482886941749
 30
0.0
  0
ARC
  5
22D
330
1F
100
AcDbEntity
  8
0
  6
Continuous
 62
     7
370
    25
100
AcDbCircle
 10
205.0926492003323
 20
212.8827722371673
 30
0.0
 40
19.03132603261405
100
AcDbArc
 50
58.26992752242329
 51
59.9032280345748
  0
SPLINE
  5
22E
330
1F
100
AcDbEntity
  8
0
  6
Continuous
 62
     7
370
    25
100
AcDbSpline
210
0.0
220
0.0
230
1.0
 70
     8
 71
     3
 72
    13
 73
     9
 74
     0
 42
0.00000001
 43
0.0000000001
 40
0.0
 40
0.0
 40
0.0
 40
0.0
 40
0.1870497142497725
 40
0.5856084040211123
 40
0.7834247556694464
 40
0.8476137813614201
 40
0.9162425937746593
 40
0.9999999999999998
 40
0.9999999999999998
 40
0.9999999999999998
 40
0.9999999999999998
 10
215.1015687621228
 20
229.0695847635809
 30
0.0
 10
215.1267900016758
 20
228.9081731304688
 30
0.0
 10
215.2057517360012
 20
228.4028314931601
 30
0.0
 10
215.2972015894316
 20
227.7258479640558
 30
0.0
 10
215.3144258707754
 20
227.1581406525399
 30
0.0
 10
215.3796485629414
 20
226.8729337830873
 30
0.0
 10
215.4568878126108
 20
226.7038883712361
 30
0.0
 10
215.529581718941
 20
226.6220030752321
 30
0.0
 10
215.5695371236819
 20
226.5769957244195
 30
0.0
  0
ARC
  5
22F
330
1F
100
AcDbEntity
  8
0
  6
Continuous
 62
     7
370
    25
100
AcDbCircle
 10
204.7149285414434
 20
210.5739162506453
 30
0.0
 40
19.33703907317605
100
AcDbArc
 50
55.80974616129894
 51
55.85164245195293
  0
SPLINE
  5
230
330
1F
100
AcDbEntity
  8
0
  6
Continuous
 62
     7
370
    25
100
AcDbSpline
210
0.0
220
0.0
230
1.0
 70
     8
 71
     3
 72
    13
 73
     9
 74
     0
 42
0.00000001
 43
0.0000000001
 40
0.0
 40
0.0
 40
0.0
 40
0.0
 40
0.0837574062253786
 40
0.1523862186386212
 40
0.216575244330592
 40
0.4143915959789585
 40
0.8129502857501256
 40
1.0
 40
1.0
 40
1.0
 40
1.0
 10
215.581236123947
 20
226.5690542506741
 30
0.0
 10
215.6251751076528
 20
226.5571127111431
 30
0.0
 10
215.7051166421333
 20
226.535386560157
 30
0.0
 10
215.8083297547253
 20
226.5819379413471
 30
0.0
 10
215.9272161899339
 20
226.7421685078525
 30
0.0
 10
216.0682836204367
 20
227.2024248025936
 30
0.0
 10
216.2966935437466
 20
227.6622822558275
 30
0.0
 10
216.47627310924
 20
227.992121807654
 30
0.0
 10
216.5336327819838
 20
228.0974761596302
 30
0.0
  0
ARC
  5
231
330
1F
100
AcDbEntity
  8
0
  6
Continuous
 62
     7
370
    25
100
AcDbCircle
 10
203.1017605684505
 20
209.9560251695357
 30
0.0
 40
22.57271439563017
100
AcDbArc
 50
52.02621541763381
 51
53.4838712961346
  0
SPLINE
  5
232
330
1F
100
AcDbEntity
  8
0
  6
Continuous
 62
     7
370
    25
100
AcDbSpline
210
0.0
220
0.0
230
1.0
 70
     8
 71
     3
 72
    13
 73
     9
 74
     0
 42
0.00000001
 43
0.0000000001
 40
0.0
 40
0.0
 40
0.0
 40
0.0
 40
0.187049714249786
 40
0.5856084040210873
 40
0.7834247556694253
 40
0.8476137813614034
 40
0.9162425937746384
 40
1.0
 40
1.0
 40
1.0
 40
1.0
 10
216.9907711539554
 20
227.7499235659642
 30
0.0
 10
217.0067900191787
 20
227.5887810702805
 30
0.0
 10
217.056941296529
 20
227.0842820385884
 30
0.0
 10
217.109537068693
 20
226.4107819242148
 30
0.0
 10
217.0931084565868
 20
225.8557653834273
 30
0.0
 10
217.1424428726803
 20
225.5676400770287
 30
0.0
 10
217.2109595083575
 20
225.3905262161167
 30
0.0
 10
217.2800633093926
 20
225.2989363645351
 30
0.0
 10
217.3180454523101
 20
225.2485950116648
 30
0.0
  0
ARC
  5
233
330
1F
100
AcDbEntity
  8
0
  6
Continuous
 62
     7
370
    25
100
AcDbCircle
 10
202.5567542460774
 20
207.7395460230752
 30
0.0
 40
22.90114657741038
100
AcDbArc
 50
49.82945872842726
 51
49.86688679562676
  0
SPLINE
  5
234
330
1F
100
AcDbEntity
  8
0
  6
Continuous
 62
     7
370
    25
100
AcDbSpline
210
0.0
220
0.0
230
1.0
 70
     8
 71
     3
 72
    13
 73
     9
 74
     0
 42
0.00000001
 43
0.0000000001
 40
0.0
 40
0.0
 40
0.0
 40
0.0
 40
0.0837574062253743
 40
0.1523862186386085
 40
0.216575244330578
 40
0.4143915959789258
 40
0.8129502857501808
 40
1.0
 40
1.0
 40
1.0
 40
1.0
 10
217.3294799657613
 20
225.2389485663343
 30
0.0
 10
217.3734955569613
 20
225.2201145526472
 30
0.0
 10
217.4535764692817
 20
225.1858483992773
 30
0.0
 10
217.5614325933986
 20
225.2141697302391
 30
0.0
 10
217.6920450313747
 20
225.3504873101794
 30
0.0
 10
217.8631867529194
 20
225.7749839509743
 30
0.0
 10
218.1232194820614
 20
226.1847427387499
 30
0.0
 10
218.325764495291
 20
226.476060775666
 30
0.0
 10
218.3904595826345
 20
226.5691109354431
 30
0.0
  0
ARC
  5
235
330
1F
100
AcDbEntity
  8
0
  6
Continuous
 62
     7
370
    25
100
AcDbCircle
 10
200.4739511357279
 20
206.8443285541123
 30
0.0
 40
26.64710706472533
100
AcDbArc
 50
46.44535634056372
 51
47.7503539681231
  0
SPLINE
  5
236
330
1F
100
AcDbEntity
  8
0
  6
Continuous
 62
     7
370
    25
100
AcDbSpline
210
0.0
220
0.0
230
1.0
 70
     8
 71
     3
 72
    13
 73
     9
 74
     0
 42
0.00000001
 43
0.0000000001
 40
0.0
 40
0.0
 40
0.0
 40
0.0
 40
0.1870497142498395
 40
0.5856084040210347
 40
0.7834247556693743
 40
0.8476137813613584
 40
0.9162425937746171
 40
1.0
 40
1.0
 40
1.0
 40
1.0
 10
218.8350352854364
 20
226.1559546836296
 30
0.0
 10
218.8417022125012
 20
225.9965858694388
 30
0.0
 10
218.8625747839121
 20
225.4976398148923
 30
0.0
 10
218.8758254022569
 20
224.8339114043531
 30
0.0
 10
218.825897286225
 20
224.296767674194
 30
0.0
 10
218.8588828040954
 20
224.0084140792045
 30
0.0
 10
218.918037104414
 20
223.8248854336302
 30
0.0
 10
218.9829055965823
 20
223.7244461762375
 30
0.0
 10
219.0185598486419
 20
223.6692408449576
 30
0.0
  0
ARC
  5
237
330
1F
100
AcDbEntity
  8
0
  6
Continuous
 62
     7
370
    25
100
AcDbCircle
 10
199.8275079573456
 20
204.8046908516511
 30
0.0
 40
26.9103645301283
100
AcDbArc
 50
44.4748255088356
 51
44.50843710669205
  0
SPLINE
  5
238
330
1F
100
AcDbEntity
  8
0
  6
Continuous
 62
     7
370
    25
100
AcDbSpline
210
0.0
220
0.0
230
1.0
 70
     8
 71
     3
 72
    13
 73
     9
 74
     0
 42
0.00000001
 43
0.0000000001
 40
0.0
 40
0.0
 40
0.0
 40
0.0
 40
0.0837574062253909
 40
0.1523862186386519
 40
0.2165752443306465
 40
0.4143915959789067
 40
0.8129502857501426
 40
1.0
 40
1.0
 40
1.0
 40
1.0
 10
219.0296231143079
 20
223.6579794943029
 30
0.0
 10
219.0733043512864
 20
223.6324288545706
 30
0.0
 10
219.1527769475451
 20
223.5859426326583
 30
0.0
 10
219.2642690596162
 20
223.5957694847557
 30
0.0
 10
219.4053880072182
 20
223.7069013176159
 30
0.0
 10
219.6050061156622
 20
224.0916748937034
 30
0.0
 10
219.8942337951061
 20
224.4475092086229
 30
0.0
 10
220.1178531478561
 20
224.6975857726098
 30
0.0
 10
220.1892796092002
 20
224.7774629559171
 30
0.0
  0
ARC
  5
239
330
1F
100
AcDbEntity
  8
0
  6
Continuous
 62
     7
370
    25
100
AcDbCircle
 10
197.2749875907956
 20
203.7026951950326
 30
0.0
 40
31.13214761110989
100
AcDbArc
 50
41.42897450123057
 51
42.60541361013152
  0
SPLINE
  5
23A
330
1F
100
AcDbEntity
  8
0
  6
Continuous
 62
     7
370
    25
100
AcDbSpline
210
0.0
220
0.0
230
1.0
 70
     8
 71
     3
 72
    13
 73
     9
 74
     0
 42
0.00000001
 43
0.0000000001
 40
0.0
 40
0.0
 40
0.0
 40
0.0
 40
0.18704971424985
 40
0.5856084040210405
 40
0.7834247556694317
 40
0.8476137813613966
 40
0.9162425937746409
 40
0.9999999999999998
 40
0.9999999999999998
 40
0.9999999999999998
 40
0.9999999999999998
 10
220.6171417592798
 20
224.30256057456
 30
0.0
 10
220.6143945008843
 20
224.1464534255407
 30
0.0
 10
220.605793484781
 20
223.6577188730178
 30
0.0
 10
220.579575231852
 20
223.0099592196497
 30
0.0
 10
220.496613777262
 20
222.4957034664023
 30
0.0
 10
220.5129424200165
 20
222.2098138626454
 30
0.0
 10
220.562182077213
 20
222.0215839899236
 30
0.0
 10
220.6222096008807
 20
221.9132331010043
 30
0.0
 10
220.6552030679373
 20
221.8536792286188
 30
0.0
  0
LWPOLYLINE
  5
23B
330
1F
100
AcDbEntity
  8
0
  6
Continuous
 62
     7
370
    25
100
AcDbPolyline
 90
        9
 70
   128
 43
0.0
 10
220.6552030679373
 20
221.8536792286188
 10
220.6565268483174
 20
221.8520833655658
 10
220.6578505744326
 20
221.8504873522294
 10
220.6591742462745
 20
221.8488911886201
 10
220.6604978638346
 20
221.8472948747482
 10
220.6618214271044
 20
221.8456984106235
 10
220.6631449360756
 20
221.8441017962565
 10
220.6644683907395
 20
221.8425050316574
 10
220.6657917910877
 20
221.8409081168363
  0
SPLINE
  5
23C
330
1F
100
AcDbEntity
  8
0
  6
Continuous
 62
     7
370
    25
100
AcDbSpline
210
0.0
220
0.0
230
1.0
 70
     8
 71
     3
 72
    13
 73
     9
 74
     0
 42
0.00000001
 43
0.0000000001
 40
0.0
 40
0.0
 40
0.0
 40
0.0
 40
0.0837574062254046
 40
0.1523862186386601
 40
0.2165752443306247
 40
0.4143915959790025
 40
0.8129502857502151
 40
1.0
 40
1.0
 40
1.0
 40
1.0
 10
220.6657917910877
 20
221.8409081168363
 30
0.0
 10
220.7087308339044
 20
221.8088794104982
 30
0.0
 10
220.7868530998825
 20
221.7506071493725
 30
0.0
 10
220.9009402280973
 20
221.741847771935
 30
0.0
 10
221.0512480957337
 20
221.8267562497347
 30
0.0
 10
221.2774788105829
 20
222.1682142339068
 30
0.0
 10
221.593200999414
 20
222.466801746846
 30
0.0
 10
221.8358068180383
 20
222.6733019404044
 30
0.0
 10
221.9132977637583
 20
222.7392603555031
 30
0.0
  0
ARC
  5
23D
330
1F
100
AcDbEntity
  8
0
  6
Continuous
 62
     7
370
    25
100
AcDbCircle
 10
193.6327908355513
 20
200.6823103884116
 30
0.0
 40
35.86497056972359
100
AcDbArc
 50
36.88138712976274
 51
37.95190624253197
  0
SPLINE
  5
23E
330
1F
100
AcDbEntity
  8
0
  6
Continuous
 62
     7
370
    25
100
AcDbSpline
210
0.0
220
0.0
230
1.0
 70
     8
 71
     3
 72
    13
 73
     9
 74
     0
 42
0.00000001
 43
0.0000000001
 40
0.0
 40
0.0
 40
0.0
 40
0.0
 40
0.1870497142497975
 40
0.5856084040210101
 40
0.7834247556693498
 40
0.8476137813613515
 40
0.9162425937746235
 40
1.0
 40
1.0
 40
1.0
 40
1.0
 10
222.3204515275016
 20
222.2070458801818
 30
0.0
 10
222.3083157340573
 20
222.0556579267237
 30
0.0
 10
222.2703214358091
 20
221.5816980590588
 30
0.0
 10
222.2048791043707
 20
220.9559551202164
 30
0.0
 10
222.0896588999714
 20
220.4693888112898
 30
0.0
 10
222.0891782114715
 20
220.1886324729672
 30
0.0
 10
222.1280434881335
 20
219.9974588247037
 30
0.0
 10
222.182669582486
 20
219.8822079473139
 30
0.0
 10
222.2126942134274
 20
219.8188615722833
 30
0.0
  0
LWPOLYLINE
  5
23F
330
1F
100
AcDbEntity
  8
0
  6
Continuous
 62
     7
370
    25
100
AcDbPolyline
 90
        9
 70
   128
 43
0.0
 10
222.2126942134274
 20
219.8188615722833
 10
222.2139463528693
 20
219.817091848551
 10
222.2151984280789
 20
219.8153219875596
 10
222.216450439048
 20
219.8135519893203
 10
222.2177023857687
 20
219.8117818538446
 10
222.2189542682329
 20
219.8100115811437
 10
222.2202060864328
 20
219.8082411712289
 10
222.2214578403601
 20
219.8064706241116
 10
222.2227095300072
 20
219.8046999398034
  0
SPLINE
  5
240
330
1F
100
AcDbEntity
  8
0
  6
Continuous
 62
     7
370
    25
100
AcDbSpline
210
0.0
220
0.0
230
1.0
 70
     8
 71
     3
 72
    13
 73
     9
 74
     0
 42
0.00000001
 43
0.0000000001
 40
0.0
 40
0.0
 40
0.0
 40
0.0
 40
0.0837574062253817
 40
0.1523862186386131
 40
0.2165752443305979
 40
0.4143915959789635
 40
0.8129502857502036
 40
1.0
 40
1.0
 40
1.0
 40
1.0
 10
222.2227095300072
 20
219.8046999398034
 30
0.0
 10
222.2645054683884
 20
219.7664922102605
 30
0.0
 10
222.3405479975377
 20
219.6969779823229
 30
0.0
 10
222.4561649411188
 20
219.6697141592974
 30
0.0
 10
222.6142583447282
 20
219.7276065144567
 30
0.0
 10
222.8649894107515
 20
220.0225608055158
 30
0.0
 10
223.2042582959599
 20
220.2611136853166
 30
0.0
 10
223.4635854352971
 20
220.4221094717782
 30
0.0
 10
223.5464173533114
 20
220.4735332827179
 30
0.0
  0
ARC
  5
241
330
1F
100
AcDbEntity
  8
0
  6
Continuous
 62
     7
370
    25
100
AcDbCircle
 10
189.7280533541001
 20
197.9189446093764
 30
0.0
 40
40.64961517415354
100
AcDbArc
 50
32.71586355487369
 51
33.70063739074645
  0
SPLINE
  5
242
330
1F
100
AcDbEntity
  8
0
  6
Continuous
 62
     7
370
    25
100
AcDbSpline
210
0.0
220
0.0
230
1.0
 70
     8
 71
     3
 72
    13
 73
     9
 74
     0
 42
0.00000001
 43
0.0000000001
 40
0.0
 40
0.0
 40
0.0
 40
0.0
 40
0.1870497142498815
 40
0.5856084040211603
 40
0.7834247556694793
 40
0.8476137813614315
 40
0.9162425937746739
 40
1.0
 40
1.0
 40
1.0
 40
1.0
 10
223.9290612457277
 20
219.8889758565914
 30
0.0
 10
223.9076502258682
 20
219.7437205672265
 30
0.0
 10
223.8406173880014
 20
219.2889606200022
 30
0.0
 10
223.7365619954695
 20
218.691076788908
 30
0.0
 10
223.5901588212641
 20
218.2367428628308
 30
0.0
 10
223.5728732895698
 20
217.9637411362277
 30
0.0
 10
223.6010013110807
 20
217.7714086492675
 30
0.0
 10
223.649715946993
 20
217.6503338497969
 30
0.0
 10
223.6764914099298
 20
217.5837864201572
 30
0.0
  0
LWPOLYLINE
  5
243
330
1F
100
AcDbEntity
  8
0
  6
Continuous
 62
     7
370
    25
100
AcDbPolyline
 90
        9
 70
   128
 43
0.0
 10
223.6764914099298
 20
217.5837864201572
 10
223.677660217545
 20
217.5818593591794
 10
223.67882895156
 20
217.5799321752482
 10
223.6799976119672
 20
217.5780048683756
 10
223.6811661987593
 20
217.5760774385742
 10
223.6823347119286
 20
217.5741498858562
 10
223.6835031514678
 20
217.572222210234
 10
223.6846715173695
 20
217.5702944117198
 10
223.685839809626
 20
217.5683664903262
  0
SPLINE
  5
244
330
1F
100
AcDbEntity
  8
0
  6
Continuous
 62
     7
370
    25
100
AcDbSpline
210
0.0
220
0.0
230
1.0
 70
     8
 71
     3
 72
    13
 73
     9
 74
     0
 42
0.00000001
 43
0.0000000001
 40
0.0
 40
0.0
 40
0.0
 40
0.0
 40
0.0837574062253759
 40
0.1523862186386288
 40
0.2165752443306135
 40
0.4143915959789821
 40
0.8129502857501725
 40
1.0
 40
1.0
 40
1.0
 40
1.0
 10
223.685839809626
 20
217.5683664903262
 30
0.0
 10
223.7261024061566
 20
217.5243364728549
 30
0.0
 10
223.7993552098707
 20
217.4442293137221
 30
0.0
 10
223.9154224845679
 20
217.3987156000785
 30
0.0
 10
224.0798253486361
 20
217.4290513072755
 30
0.0
 10
224.3527157574273
 20
217.674747996477
 30
0.0
 10
224.7123636768418
 20
217.8510389391748
 30
0.0
 10
224.9859908692639
 20
217.9650271442597
 30
0.0
 10
225.0733903802717
 20
218.0014362207733
 30
0.0
  0
ARC
  5
245
330
1F
100
AcDbEntity
  8
0
  6
Continuous
 62
     7
370
    25
100
AcDbCircle
 10
185.7803026277314
 20
195.5227028893587
 30
0.0
 40
45.26853429606124
100
AcDbArc
 50
28.85635627555901
 51
29.77294817333931
  0
SPLINE
  5
246
330
1F
100
AcDbEntity
  8
0
  6
Continuous
 62
     7
370
    25
100
AcDbSpline
210
0.0
220
0.0
230
1.0
 70
     8
 71
     3
 72
    13
 73
     9
 74
     0
 42
0.00000001
 43
0.0000000001
 40
0.0
 40
0.0
 40
0.0
 40
0.0
 40
0.1870497142498417
 40
0.5856084040210627
 40
0.7834247556694417
 40
0.8476137813614117
 40
0.9162425937746608
 40
1.0
 40
1.0
 40
1.0
 40
1.0
 10
225.4279517584353
 20
217.3699936990283
 30
0.0
 10
225.3974654210841
 20
217.2322272832566
 30
0.0
 10
225.3020199111445
 20
216.8009132275721
 30
0.0
 10
225.1603229946827
 20
216.2364707844662
 30
0.0
 10
224.984103777664
 20
215.8186112346926
 30
0.0
 10
224.9501747931261
 20
215.5559130633737
 30
0.0
 10
224.9673029357279
 20
215.3642174943264
 30
0.0
 10
225.0096512777703
 20
215.2384492155557
 30
0.0
 10
225.0329275774193
 20
215.1693220667272
 30
0.0
  0
LWPOLYLINE
  5
247
330
1F
100
AcDbEntity
  8
0
  6
Continuous
 62
     7
370
    25
100
AcDbPolyline
 90
        9
 70
   128
 43
0.0
 10
225.0329275774193
 20
215.1693220667272
 10
225.034002140366
 20
215.167255660953
 10
225.0350766210318
 20
215.165189147679
 10
225.0361510194098
 20
215.1631225269182
 10
225.0372253354933
 20
215.1610557986838
 10
225.0382995692752
 20
215.1589889629891
 10
225.0393737207487
 20
215.1569220198473
 10
225.0404477899069
 20
215.1548549692716
 10
225.041521776743
 20
215.1527878112754
  0
SPLINE
  5
248
330
1F
100
AcDbEntity
  8
0
  6
Continuous
 62
     7
370
    25
100
AcDbSpline
210
0.0
220
0.0
230
1.0
 70
     8
 71
     3
 72
    13
 73
     9
 74
     0
 42
0.00000001
 43
0.0000000001
 40
0.0
 40
0.0
 40
0.0
 40
0.0
 40
0.083757406225399
 40
0.1523862186386319
 40
0.2165752443306191
 40
0.4143915959789795
 40
0.8129502857501778
 40
1.0
 40
1.0
 40
1.0
 40
1.0
 10
225.041521776743
 20
215.1527878112754
 30
0.0
 10
225.079875110407
 20
215.1033466022855
 30
0.0
 10
225.1496542469949
 20
215.0133944509187
 30
0.0
 10
225.2650881639365
 20
214.9500557959382
 30
0.0
 10
225.4342655032181
 20
214.9525516188483
 30
0.0
 10
225.7267673505562
 20
215.1466967024048
 30
0.0
 10
226.1034363684547
 20
215.2590797269667
 30
0.0
 10
226.3888088305912
 20
215.3249960735161
 30
0.0
 10
226.4799599089069
 20
215.3460504738659
 30
0.0
  0
ARC
  5
249
330
1F
100
AcDbEntity
  8
0
  6
Continuous
 62
     7
370
    25
100
AcDbCircle
 10
182.0305635948948
 20
193.5699566853335
 30
0.0
 40
49.49694024247427
100
AcDbArc
 50
25.23696465204332
 51
26.10058132704517
  0
SPLINE
  5
24A
330
1F
100
AcDbEntity
  8
0
  6
Continuous
 62
     7
370
    25
100
AcDbSpline
210
0.0
220
0.0
230
1.0
 70
     8
 71
     3
 72
    13
 73
     9
 74
     0
 42
0.00000001
 43
0.0000000001
 40
0.0
 40
0.0
 40
0.0
 40
0.0
 40
0.1870497142498028
 40
0.5856084040210807
 40
0.7834247556694489
 40
0.8476137813614137
 40
0.9162425937746546
 40
1.0
 40
1.0
 40
1.0
 40
1.0
 10
226.8031283287613
 20
214.6736184651955
 30
0.0
 10
226.7638513166364
 20
214.5446272109219
 30
0.0
 10
226.640884283634
 20
214.1407861099038
 30
0.0
 10
226.4628688291735
 20
213.6150551017967
 30
0.0
 10
226.2584788806899
 20
213.2375713703566
 30
0.0
 10
226.2082232290966
 20
212.9876294963679
 30
0.0
 10
226.2141915719363
 20
212.7983606551118
 30
0.0
 10
226.2497782250489
 20
212.6690731615737
 30
0.0
 10
226.2693380368717
 20
212.5980117151196
 30
0.0
  0
LWPOLYLINE
  5
24B
330
1F
100
AcDbEntity
  8
0
  6
Continuous
 62
     7
370
    25
100
AcDbPolyline
 90
        9
 70
   128
 43
0.0
 10
226.2693380368717
 20
212.5980117151196
 10
226.2703083222452
 20
212.5958252580231
 10
226.2712785174255
 20
212.5936387098839
 10
226.2722486224062
 20
212.5914520707159
 10
226.2732186371811
 20
212.5892653405332
 10
226.2741885617441
 20
212.5870785193498
 10
226.2751583960891
 20
212.5848916071797
 10
226.2761281402096
 20
212.5827046040368
 10
226.2770977940997
 20
212.5805175099353
  0
SPLINE
  5
24C
330
1F
100
AcDbEntity
  8
0
  6
Continuous
 62
     7
370
    25
100
AcDbSpline
210
0.0
220
0.0
230
1.0
 70
     8
 71
     3
 72
    13
 73
     9
 74
     0
 42
0.00000001
 43
0.0000000001
 40
0.0
 40
0.0
 40
0.0
 40
0.0
 40
0.0837574062253331
 40
0.1523862186385867
 40
0.2165752443305196
 40
0.4143915959789299
 40
0.8129502857501385
 40
1.0
 40
1.0
 40
1.0
 40
1.0
 10
226.2770977940997
 20
212.5805175099353
 30
0.0
 10
226.3131837701546
 20
212.5261267286741
 30
0.0
 10
226.3788377306187
 20
212.4271694440742
 30
0.0
 10
226.4925605144243
 20
212.3465972237129
 30
0.0
 10
226.6649327656844
 20
212.3212298595096
 30
0.0
 10
226.9743150406309
 20
212.4620106570853
 30
0.0
 10
227.3644882998826
 20
212.5094364734915
 30
0.0
 10
227.6589415859429
 20
212.5266655183378
 30
0.0
 10
227.7529931785077
 20
212.5321686632604
 30
0.0
  0
ARC
  5
24D
330
1F
100
AcDbEntity
  8
0
  6
Continuous
 62
     7
370
    25
100
AcDbCircle
 10
178.7220587080935
 20
192.0981214987097
 30
0.0
 40
53.11857319775387
100
AcDbArc
 50
21.80043498235725
 51
22.6243366232892
  0
SPLINE
  5
24E
330
1F
100
AcDbEntity
  8
0
  6
Continuous
 62
     7
370
    25
100
AcDbSpline
210
0.0
220
0.0
230
1.0
 70
     8
 71
     3
 72
    13
 73
     9
 74
     0
 42
0.00000001
 43
0.0000000001
 40
0.0
 40
0.0
 40
0.0
 40
0.0
 40
0.1870497142498131
 40
0.585608404021075
 40
0.7834247556694597
 40
0.84761378136143
 40
0.9162425937746771
 40
1.0
 40
1.0
 40
1.0
 40
1.0
 10
228.0417513035898
 20
211.8250254841525
 30
0.0
 10
227.9940503355704
 20
211.7060137479635
 30
0.0
 10
227.8447098895604
 20
211.333416157163
 30
0.0
 10
227.632037979436
 20
210.8513051928268
 30
0.0
 10
227.4013856333669
 20
210.5177217436134
 30
0.0
 10
227.3352725381961
 20
210.2828698068888
 30
0.0
 10
227.3300253564651
 20
210.0977948455994
 30
0.0
 10
227.3585180576564
 20
209.9661952597863
 30
0.0
 10
227.3741787569599
 20
209.8938629972856
 30
0.0
  0
LWPOLYLINE
  5
24F
330
1F
100
AcDbEntity
  8
0
  6
Continuous
 62
     7
370
    25
100
AcDbPolyline
 90
        9
 70
   128
 43
0.0
 10
227.3741787569599
 20
209.8938629972856
 10
227.3750357054672
 20
209.8915769032275
 10
227.3758925567108
 20
209.889290735434
 10
227.3767493106854
 20
209.8870044939197
 10
227.3776059673853
 20
209.8847181786993
 10
227.3784625268052
 20
209.8824317897874
 10
227.3793189889394
 20
209.8801453271986
 10
227.3801753537827
 20
209.8778587909476
 10
227.3810316213296
 20
209.8755721810491
  0
SPLINE
  5
250
330
1F
100
AcDbEntity
  8
0
  6
Continuous
 62
     7
370
    25
100
AcDbSpline
210
0.0
220
0.0
230
1.0
 70
     8
 71
     3
 72
    13
 73
     9
 74
     0
 42
0.00000001
 43
0.0000000001
 40
0.0
 40
0.0
 40
0.0
 40
0.0
 40
0.0837574062254017
 40
0.1523862186386772
 40
0.2165752443306264
 40
0.4143915959789454
 40
0.8129502857502181
 40
1.0
 40
1.0
 40
1.0
 40
1.0
 10
227.3810316213294
 20
209.875572181049
 30
0.0
 10
227.4145133147396
 20
209.8167396595862
 30
0.0
 10
227.4754291057408
 20
209.7097011792569
 30
0.0
 10
227.5863789574187
 20
209.6126476746272
 30
0.0
 10
227.7603367273908
 20
209.5596539715558
 30
0.0
 10
228.0837108110033
 20
209.645756050775
 30
0.0
 10
228.4837453690117
 20
209.6277818569554
 30
0.0
 10
228.7845302480009
 20
209.596162737149
 30
0.0
 10
228.8806042204357
 20
209.5860632452633
 30
0.0
  0
ARC
  5
251
330
1F
100
AcDbEntity
  8
0
  6
Continuous
 62
     7
370
    25
100
AcDbCircle
 10
176.0805495532915
 20
191.1037055677073
 30
0.0
 40
55.94142756646922
100
AcDbArc
 50
18.4963606683625
 51
19.29230691155964
  0
SPLINE
  5
252
330
1F
100
AcDbEntity
  8
0
  6
Continuous
 62
     7
370
    25
100
AcDbSpline
210
0.0
220
0.0
230
1.0
 70
     8
 71
     3
 72
    13
 73
     9
 74
     0
 42
0.00000001
 43
0.0000000001
 40
0.0
 40
0.0
 40
0.0
 40
0.0
 40
0.1870497142498069
 40
0.5856084040210022
 40
0.78342475566941
 40
0.8476137813614014
 40
0.9162425937746434
 40
1.0
 40
1.0
 40
1.0
 40
1.0
 10
229.1322559939331
 20
208.850811301052
 30
0.0
 10
229.0765764411055
 20
208.7428902634623
 30
0.0
 10
228.9022569335954
 20
208.4050150261935
 30
0.0
 10
228.6569142281298
 20
207.9710254458047
 30
0.0
 10
228.4021530232856
 20
207.6844568576042
 30
0.0
 10
228.3207997646929
 20
207.4668876073995
 30
0.0
 10
228.3043860499132
 20
207.2877345211244
 30
0.0
 10
228.325518770509
 20
207.1550515529114
 30
0.0
 10
228.3371341375637
 20
207.0821238212104
 30
0.0
  0
LWPOLYLINE
  5
253
330
1F
100
AcDbEntity
  8
0
  6
Continuous
 62
     7
370
    25
100
AcDbPolyline
 90
        9
 70
   128
 43
0.0
 10
228.3371341375637
 20
207.0821238212104
 10
228.3378697481071
 20
207.0797594348349
 10
228.3386052552251
 20
207.0773949927199
 10
228.3393406589123
 20
207.0750304948802
 10
228.3400759591645
 20
207.0726659413312
 10
228.3408111559765
 20
207.0703013320881
 10
228.3415462493441
 20
207.0679366671658
 10
228.3422812392623
 20
207.0655719465796
 10
228.3430161257266
 20
207.0632071703446
  0
SPLINE
  5
254
330
1F
100
AcDbEntity
  8
0
  6
Continuous
 62
     7
370
    25
100
AcDbSpline
210
0.0
220
0.0
230
1.0
 70
     8
 71
     3
 72
    13
 73
     9
 74
     0
 42
0.00000001
 43
0.0000000001
 40
0.0
 40
0.0
 40
0.0
 40
0.0
 40
0.083757406225362
 40
0.1523862186385926
 40
0.216575244330574
 40
0.414391595978909
 40
0.8129502857501581
 40
1.0
 40
1.0
 40
1.0
 40
1.0
 10
228.3430161257266
 20
207.0632071703446
 30
0.0
 10
228.373580926942
 20
207.0004822120816
 30
0.0
 10
228.4291897941521
 20
206.886361925474
 30
0.0
 10
228.5363308048312
 20
206.7737332989988
 30
0.0
 10
228.7102498966875
 20
206.6936080449865
 30
0.0
 10
229.044596532275
 20
206.7242274939344
 30
0.0
 10
229.4507573741567
 20
206.6410211100939
 30
0.0
 10
229.7550654987011
 20
206.5608490448373
 30
0.0
 10
229.852264834211
 20
206.5352412123778
 30
0.0
  0
ARC
  5
255
330
1F
100
AcDbEntity
  8
0
  6
Continuous
 62
     7
370
    25
100
AcDbCircle
 10
174.2959556789724
 20
190.5437816663308
 30
0.0
 40
57.81202526607514
100
AcDbArc
 50
15.27937755588768
 51
16.0580602455508
  0
SPLINE
  5
256
330
1F
100
AcDbEntity
  8
0
  6
Continuous
 62
     7
370
    25
100
AcDbSpline
210
0.0
220
0.0
230
1.0
 70
     8
 71
     3
 72
    13
 73
     9
 74
     0
 42
0.00000001
 43
0.0000000001
 40
0.0
 40
0.0
 40
0.0
 40
0.0
 40
0.1870497142498315
 40
0.5856084040210316
 40
0.7834247556693823
 40
0.847613781361373
 40
0.9162425937746331
 40
1.0
 40
1.0
 40
1.0
 40
1.0
 10
230.0644606513184
 20
205.7787453523631
 30
0.0
 10
230.0013223786655
 20
205.682922643023
 30
0.0
 10
229.8036513839284
 20
205.3829244093411
 30
0.0
 10
229.5279285818594
 20
205.0011082566794
 30
0.0
 10
229.2514371549668
 20
204.7642301431878
 30
0.0
 10
229.1556033064091
 20
204.5659749649715
 30
0.0
 10
229.1281763090132
 20
204.3944164578072
 30
0.0
 10
229.1417517384949
 20
204.261888932319
 30
0.0
 10
229.1492133237481
 20
204.1890466379994
 30
0.0
  0
LWPOLYLINE
  5
257
330
1F
100
AcDbEntity
  8
0
  6
Continuous
 62
     7
370
    25
100
AcDbPolyline
 90
        9
 70
   128
 43
0.0
 10
229.1492133237481
 20
204.1890466379994
 10
229.1498207281307
 20
204.1866260349451
 10
229.1504280238909
 20
204.1842053946673
 10
229.1510352110248
 20
204.1817847171816
 10
229.1516422895287
 20
204.1793640025035
 10
229.1522492593986
 20
204.1769432506485
 10
229.1528561206308
 20
204.174522461632
 10
229.1534628732211
 20
204.1721016354695
 10
229.1540695171657
 20
204.1696807721765
  0
SPLINE
  5
258
330
1F
100
AcDbEntity
  8
0
  6
Continuous
 62
     7
370
    25
100
AcDbSpline
210
0.0
220
0.0
230
1.0
 70
     8
 71
     3
 72
    13
 73
     9
 74
     0
 42
0.00000001
 43
0.0000000001
 40
0.0
 40
0.0
 40
0.0
 40
0.0
 40
0.0837574062253736
 40
0.1523862186386335
 40
0.2165752443306168
 40
0.4143915959789736
 40
0.8129502857501737
 40
1.0
 40
1.0
 40
1.0
 40
1.0
 10
229.1540695171657
 20
204.1696807721765
 30
0.0
 10
229.1814320508724
 20
204.1036490231483
 30
0.0
 10
229.2312147892816
 20
203.9835124406302
 30
0.0
 10
229.3335466122131
 20
203.8563602754492
 30
0.0
 10
229.5058031902522
 20
203.7498515784038
 30
0.0
 10
229.848000673364
 20
203.7247025115359
 30
0.0
 10
230.2564955847714
 20
203.5770408132614
 30
0.0
 10
230.5614857119038
 20
203.4490643475267
 30
0.0
 10
230.6589028864824
 20
203.4081872679253
 30
0.0
  0
ARC
  5
259
330
1F
100
AcDbEntity
  8
0
  6
Continuous
 62
     7
370
    25
100
AcDbCircle
 10
173.5067810324677
 20
190.3407480083436
 30
0.0
 40
58.62698185323025
100
AcDbArc
 50
12.10745536784006
 51
12.87890498180328
  0
SPLINE
  5
25A
330
1F
100
AcDbEntity
  8
0
  6
Continuous
 62
     7
370
    25
100
AcDbSpline
210
0.0
220
0.0
230
1.0
 70
     8
 71
     3
 72
    13
 73
     9
 74
     0
 42
0.00000001
 43
0.0000000001
 40
0.0
 40
0.0
 40
0.0
 40
0.0
 40
0.1870497142498458
 40
0.5856084040210145
 40
0.7834247556693911
 40
0.8476137813613798
 40
0.916242593774654
 40
1.0
 40
1.0
 40
1.0
 40
1.0
 10
230.8296615320285
 20
202.6375106901257
 30
0.0
 10
230.7596540445899
 20
202.5546809798542
 30
0.0
 10
230.5404771634445
 20
202.2953607524367
 30
0.0
 10
230.2369486142852
 20
201.969282942045
 30
0.0
 10
229.9413084913012
 20
201.7843069703852
 30
0.0
 10
229.8318888276013
 20
201.6072169193391
 30
0.0
 10
229.7937046260737
 20
201.4448547868429
 30
0.0
 10
229.7995960143143
 20
201.3137200778776
 30
0.0
 10
229.802834150955
 20
201.241643329815
 30
0.0
  0
LWPOLYLINE
  5
25B
330
1F
100
AcDbEntity
  8
0
  6
Continuous
 62
     7
370
    25
100
AcDbPolyline
 90
        9
 70
   128
 43
0.0
 10
229.802834150955
 20
201.241643329815
 10
229.8033076780053
 20
201.2391891106004
 10
229.803781092251
 20
201.2367348730262
 10
229.8042543936891
 20
201.2342806171078
 10
229.8047275823164
 20
201.2318263428613
 10
229.80520065813
 20
201.2293720503023
 10
229.8056736211266
 20
201.2269177394462
 10
229.8061464713037
 20
201.2244634103092
 10
229.8066192086577
 20
201.2220090629066
  0
SPLINE
  5
25C
330
1F
100
AcDbEntity
  8
0
  6
Continuous
 62
     7
370
    25
100
AcDbSpline
210
0.0
220
0.0
230
1.0
 70
     8
 71
     3
 72
    13
 73
     9
 74
     0
 42
0.00000001
 43
0.0000000001
 40
0.0
 40
0.0
 40
0.0
 40
0.0
 40
0.0837574062253721
 40
0.152386218638618
 40
0.2165752443305929
 40
0.4143915959789119
 40
0.812950285750154
 40
1.0
 40
1.0
 40
1.0
 40
1.0
 10
229.8066192086577
 20
201.2220090629066
 30
0.0
 10
229.8305239982509
 20
201.1532870437626
 30
0.0
 10
229.8740157998438
 20
201.028255848236
 30
0.0
 10
229.9705829903685
 20
200.8877673298558
 30
0.0
 10
230.1395687413337
 20
200.7558696327845
 30
0.0
 10
230.48642206627
 20
200.675186860162
 30
0.0
 10
230.8934370402782
 20
200.4644485249452
 30
0.0
 10
231.1962615593566
 20
200.2898625405115
 30
0.0
 10
231.2929870150922
 20
200.2340978720468
 30
0.0
  0
ARC
  5
25D
330
1F
100
AcDbEntity
  8
0
  6
Continuous
 62
     7
370
    25
100
AcDbCircle
 10
173.7886459971782
 20
190.3899697652302
 30
0.0
 40
58.34086127310741
100
AcDbArc
 50
8.940290509007446
 51
9.714260373893679
  0
SPLINE
  5
25E
330
1F
100
AcDbEntity
  8
0
  6
Continuous
 62
     7
370
    25
100
AcDbSpline
210
0.0
220
0.0
230
1.0
 70
     8
 71
     3
 72
    13
 73
     9
 74
     0
 42
0.00000001
 43
0.0000000001
 40
0.0
 40
0.0
 40
0.0
 40
0.0
 40
0.1870497142498781
 40
0.5856084040210328
 40
0.7834247556693636
 40
0.8476137813613426
 40
0.916242593774613
 40
1.0
 40
1.0
 40
1.0
 40
1.0
 10
231.420714161612
 20
199.4564361760217
 30
0.0
 10
231.3444911004358
 20
199.3873728235065
 30
0.0
 10
231.1058547283675
 20
199.171151805447
 30
0.0
 10
230.7773543963996
 20
198.9038568379837
 30
0.0
 10
230.4653258894967
 20
198.7725100789638
 30
0.0
 10
230.3433420325728
 20
198.6182385971805
 30
0.0
 10
230.2947571425157
 20
198.4665887708375
 30
0.0
 10
230.2929094832103
 20
198.3380712478403
 30
0.0
 10
230.2918939376289
 20
198.2674330072112
 30
0.0
  0
LWPOLYLINE
  5
25F
330
1F
100
AcDbEntity
  8
0
  6
Continuous
 62
     7
370
    25
100
AcDbPolyline
 90
        9
 70
   128
 43
0.0
 10
230.2918939376289
 20
198.2674330072112
 10
230.2922291661527
 20
198.2649680862199
 10
230.2925642787426
 20
198.2625031659041
 10
230.2928992753967
 20
198.2600382462795
 10
230.2932341561127
 20
198.257573327362
 10
230.2935689208884
 20
198.2551084091672
 10
230.2939035697218
 20
198.252643491711
 10
230.2942381026106
 20
198.2501785750091
 10
230.2945725195529
 20
198.2477136590773
  0
SPLINE
  5
260
330
1F
100
AcDbEntity
  8
0
  6
Continuous
 62
     7
370
    25
100
AcDbSpline
210
0.0
220
0.0
230
1.0
 70
     8
 71
     3
 72
    13
 73
     9
 74
     0
 42
0.00000001
 43
0.0000000001
 40
0.0
 40
0.0
 40
0.0
 40
0.0
 40
0.0837574062254074
 40
0.1523862186386728
 40
0.2165752443306558
 40
0.4143915959789842
 40
0.8129502857501838
 40
1.0
 40
1.0
 40
1.0
 40
1.0
 10
230.2945725195529
 20
198.2477136590773
 30
0.0
 10
230.3147963724533
 20
198.1769430087941
 30
0.0
 10
230.3515911659967
 20
198.0481845828438
 30
0.0
 10
230.4414921022748
 20
197.895671414708
 30
0.0
 10
230.6056292517408
 20
197.7396162108706
 30
0.0
 10
230.9538999424594
 20
197.6041530458025
 30
0.0
 10
231.3556347899217
 20
197.3323056806993
 30
0.0
 10
231.6534663100031
 20
197.1127402398635
 30
0.0
 10
231.7485969473765
 20
197.0426086422199
 30
0.0
  0
ARC
  5
261
330
1F
100
AcDbEntity
  8
0
  6
Continuous
 62
     7
370
    25
100
AcDbCircle
 10
175.1478817427783
 20
190.5696522012582
 30
0.0
 40
56.96964215052275
100
AcDbArc
 50
5.737761667638753
 51
6.524101671575244
  0
SPLINE
  5
262
330
1F
100
AcDbEntity
  8
0
  6
Continuous
 62
     7
370
    25
100
AcDbSpline
210
0.0
220
0.0
230
1.0
 70
     8
 71
     3
 72
    13
 73
     9
 74
     0
 42
0.00000001
 43
0.0000000001
 40
0.0
 40
0.0
 40
0.0
 40
0.0
 40
0.1870497142498259
 40
0.5856084040210408
 40
0.7834247556694337
 40
0.8476137813614206
 40
0.9162425937746428
 40
1.0
 40
1.0
 40
1.0
 40
1.0
 10
231.8321000409173
 20
196.2652226456956
 30
0.0
 10
231.7503730801883
 20
196.2105704768509
 30
0.0
 10
231.4945053007058
 20
196.0394674655374
 30
0.0
 10
231.1441003050203
 20
195.8334510020954
 30
0.0
 10
230.818596740295
 20
195.7569598050143
 30
0.0
 10
230.6851876205531
 20
195.6269472837532
 30
0.0
 10
230.6266556659939
 20
195.4874256771322
 30
0.0
 10
230.6170862102399
 20
195.3627252735882
 30
0.0
 10
230.6118264643118
 20
195.2941850706131
 30
0.0
  0
LWPOLYLINE
  5
263
330
1F
100
AcDbEntity
  8
0
  6
Continuous
 62
     7
370
    25
100
AcDbPolyline
 90
        9
 70
   128
 43
0.0
 10
230.6118264643118
 20
195.2941850706131
 10
230.6120202643706
 20
195.2917324621482
 10
230.6122139464489
 20
195.2892798733876
 10
230.6124075105454
 20
195.2868273043471
 10
230.6126009566591
 20
195.2843747550423
 10
230.6127942847886
 20
195.2819222254888
 10
230.6129874949326
 20
195.2794697157024
 10
230.6131805870899
 20
195.2770172256989
 10
230.6133735612594
 20
195.2745647554939
  0
SPLINE
  5
264
330
1F
100
AcDbEntity
  8
0
  6
Continuous
 62
     7
370
    25
100
AcDbSpline
210
0.0
220
0.0
230
1.0
 70
     8
 71
     3
 72
    13
 73
     9
 74
     0
 42
0.00000001
 43
0.0000000001
 40
0.0
 40
0.0
 40
0.0
 40
0.0
 40
0.0837574062251373
 40
0.1523862186381993
 40
0.2165752443300323
 40
0.4143915959778052
 40
0.8129502857479574
 40
1.0
 40
1.0
 40
1.0
 40
1.0
 10
230.6133735612594
 20
195.2745647554939
 30
0.0
 10
230.629727652801
 20
195.202406240565
 30
0.0
 10
230.6594818952214
 20
195.0711227669221
 30
0.0
 10
230.741877196434
 20
194.9080089233893
 30
0.0
 10
230.8996332400595
 20
194.7292532581772
 30
0.0
 10
231.2460695869596
 20
194.5402744837373
 30
0.0
 10
231.6387734178468
 20
194.209856254349
 30
0.0
 10
231.9288311662758
 20
193.9473613804722
 30
0.0
 10
232.0214787761591
 20
193.8635176534798
 30
0.0
  0
ARC
  5
265
330
1F
100
AcDbEntity
  8
0
  6
Continuous
 62
     7
370
    25
100
AcDbCircle
 10
177.5207225148061
 20
190.7521103274476
 30
0.0
 40
54.58949796991998
100
AcDbArc
 50
2.458392436444518
 51
3.267426475340339
  0
SPLINE
  5
266
330
1F
100
AcDbEntity
  8
0
  6
Continuous
 62
     7
370
    25
100
AcDbSpline
210
0.0
220
0.0
230
1.0
 70
     8
 71
     3
 72
    13
 73
     9
 74
     0
 42
0.00000001
 43
0.0000000001
 40
0.0
 40
0.0
 40
0.0
 40
0.0
 40
0.1870497142498113
 40
0.5856084040210112
 40
0.783424755669423
 40
0.8476137813614263
 40
0.9162425937746577
 40
1.0
 40
1.0
 40
1.0
 40
1.0
 10
232.0599781708308
 20
193.0936656000544
 30
0.0
 10
231.9735103731616
 20
193.0539348874554
 30
0.0
 10
231.702800154782
 20
192.9295474256033
 30
0.0
 10
231.3337621324116
 20
192.7867329863937
 30
0.0
 10
230.9978226489466
 20
192.7658115289497
 30
0.0
 10
230.8542338713917
 20
192.6612718600913
 30
0.0
 10
230.7863013494198
 20
192.5351811488414
 30
0.0
 10
230.769099444647
 20
192.4154621588198
 30
0.0
 10
230.7596446072032
 20
192.3496599349066
 30
0.0
  0
LWPOLYLINE
  5
267
330
1F
100
AcDbEntity
  8
0
  6
Continuous
 62
     7
370
    25
100
AcDbPolyline
 90
        9
 70
   128
 43
0.0
 10
230.7596446072032
 20
192.3496599349066
 10
230.759695169338
 20
192.3472425383127
 10
230.7597456125471
 20
192.3448251802678
 10
230.7597959368305
 20
192.3424078607876
 10
230.7598461421874
 20
192.3399905798875
 10
230.759896228618
 20
192.3375733375831
 10
230.7599461961216
 20
192.3351561338897
 10
230.7599960446979
 20
192.332738968823
 10
230.7600457743468
 20
192.3303218423981
  0
SPLINE
  5
268
330
1F
100
AcDbEntity
  8
0
  6
Continuous
 62
     7
370
    25
100
AcDbSpline
210
0.0
220
0.0
230
1.0
 70
     8
 71
     3
 72
    13
 73
     9
 74
     0
 42
0.00000001
 43
0.0000000001
 40
0.0
 40
0.0
 40
0.0
 40
0.0
 40
0.0837574062253817
 40
0.1523862186386397
 40
0.2165752443305974
 40
0.4143915959789691
 40
0.8129502857501677
 40
1.0
 40
1.0
 40
1.0
 40
1.0
 10
230.7600457743468
 20
192.3303218423981
 30
0.0
 10
230.7723774107838
 20
192.2574491874355
 30
0.0
 10
230.7948132947363
 20
192.1248664245208
 30
0.0
 10
230.8689336581559
 20
191.9526748555995
 30
0.0
 10
231.0188356702672
 20
191.7528877224954
 30
0.0
 10
231.3602030905191
 20
191.5121577825835
 30
0.0
 10
231.7402093349683
 20
191.1262537148935
 30
0.0
 10
232.0197851206969
 20
190.8232802518906
 30
0.0
 10
232.1090846773164
 20
190.7265072218403
 30
0.0
  0
ARC
  5
269
330
1F
100
AcDbEntity
  8
0
  6
Continuous
 62
     7
370
    25
100
AcDbCircle
 10
180.7781666832595
 20
190.8154837528146
 30
0.0
 40
51.33099510954038
100
AcDbArc
 50
359.0577635682682
 51
359.9006841335814
  0
SPLINE
  5
26A
330
1F
100
AcDbEntity
  8
0
  6
Continuous
 62
     7
370
    25
100
AcDbSpline
210
0.0
220
0.0
230
1.0
 70
     8
 71
     3
 72
    13
 73
     9
 74
     0
 42
0.00000001
 43
0.0000000001
 40
0.0
 40
0.0
 40
0.0
 40
0.0
 40
0.1870497142498704
 40
0.5856084040210242
 40
0.7834247556693768
 40
0.8476137813613407
 40
0.9162425937746188
 40
1.0
 40
1.0
 40
1.0
 40
1.0
 10
232.1022209146524
 20
189.9713770127038
 30
0.0
 10
232.0118196065719
 20
189.9469387113093
 30
0.0
 10
231.7287944976655
 20
189.8704281711355
 30
0.0
 10
231.3445690571934
 20
189.7921491760979
 30
0.0
 10
231.0013302314313
 20
189.8269927963021
 30
0.0
 10
230.8489024457922
 20
189.7489020385681
 30
0.0
 10
230.7722036240616
 20
189.6374194976867
 30
0.0
 10
230.7475298798201
 20
189.5237997051407
 30
0.0
 10
230.7339682281301
 20
189.4613498379247
 30
0.0
  0
LWPOLYLINE
  5
26B
330
1F
100
AcDbEntity
  8
0
  6
Continuous
 62
     7
370
    25
100
AcDbPolyline
 90
        9
 70
   128
 43
0.0
 10
230.7339682281301
 20
189.4613498379247
 10
230.733875080256
 20
189.4589902237822
 10
230.7337818136214
 20
189.4566306666739
 10
230.7336884282271
 20
189.4542711666147
 10
230.7335949240737
 20
189.45191172362
 10
230.7335013011617
 20
189.4495523377047
 10
230.7334075594917
 20
189.4471930088839
 10
230.7333136990644
 20
189.4448337371728
 10
230.7332197198804
 20
189.4424745225864
  0
SPLINE
  5
26C
330
1F
100
AcDbEntity
  8
0
  6
Continuous
 62
     7
370
    25
100
AcDbSpline
210
0.0
220
0.0
230
1.0
 70
     8
 71
     3
 72
    13
 73
     9
 74
     0
 42
0.00000001
 43
0.0000000001
 40
0.0
 40
0.0
 40
0.0
 40
0.0
 40
0.0837574062253917
 40
0.1523862186386489
 40
0.2165752443306188
 40
0.4143915959789492
 40
0.8129502857501694
 40
1.0
 40
1.0
 40
1.0
 40
1.0
 10
230.7332197198804
 20
189.4424745225864
 30
0.0
 10
230.7414137640457
 20
189.3695681199349
 30
0.0
 10
230.7563218117272
 20
189.2369239572835
 30
0.0
 10
230.8214751954912
 20
189.057262369258
 30
0.0
 10
230.9621235813898
 20
188.8383091268945
 30
0.0
 10
231.2952348193672
 20
188.5480756520974
 30
0.0
 10
231.6589954614622
 20
188.1102888284091
 30
0.0
 10
231.9254789607083
 20
187.7696655578708
 30
0.0
 10
232.0105966981655
 20
187.660866768469
 30
0.0
  0
ARC
  5
26D
330
1F
100
AcDbEntity
  8
0
  6
Continuous
 62
     7
370
    25
100
AcDbCircle
 10
184.7361028590769
 20
190.6549085131112
 30
0.0
 40
47.36920997558105
100
AcDbArc
 50
355.4868304061274
 51
356.376118910578
  0
SPLINE
  5
26E
330
1F
100
AcDbEntity
  8
0
  6
Continuous
 62
     7
370
    25
100
AcDbSpline
210
0.0
220
0.0
230
1.0
 70
     8
 71
     3
 72
    13
 73
     9
 74
     0
 42
0.00000001
 43
0.0000000001
 40
0.0
 40
0.0
 40
0.0
 40
0.0
 40
0.187049714249852
 40
0.585608404021058
 40
0.7834247556694115
 40
0.8476137813613753
 40
0.9162425937746347
 40
0.9999999999999998
 40
0.9999999999999998
 40
0.9999999999999998
 40
0.9999999999999998
 10
231.9584338632645
 20
186.9275088509293
 30
0.0
 10
231.8649430974291
 20
186.9185911345748
 30
0.0
 10
231.5722456271809
 20
186.8906718743783
 30
0.0
 10
231.1764201780203
 20
186.8776591933977
 30
0.0
 10
230.8290867383969
 20
186.9679425657567
 30
0.0
 10
230.6692431218387
 20
186.9170298315118
 30
0.0
 10
230.5844941165826
 20
186.8211963434459
 30
0.0
 10
230.5525789049747
 20
186.7147365857654
 30
0.0
 10
230.5350370605261
 20
186.6562221528306
 30
0.0
  0
LWPOLYLINE
  5
26F
330
1F
100
AcDbEntity
  8
0
  6
Continuous
 62
     7
370
    25
100
AcDbPolyline
 90
        9
 70
   128
 43
0.0
 10
230.5350370605261
 20
186.6562221528306
 10
230.5348010723395
 20
186.6539423522211
 10
230.5345649666667
 20
186.6516626265981
 10
230.5343287435091
 20
186.6493829759763
 10
230.5340924028683
 20
186.6471034003704
 10
230.5338559447458
 20
186.6448238997947
 10
230.5336193691431
 20
186.642544474264
 10
230.5333826760615
 20
186.6402651237928
 10
230.5331458655029
 20
186.6379858483958
  0
SPLINE
  5
270
330
1F
100
AcDbEntity
  8
0
  6
Continuous
 62
     7
370
    25
100
AcDbSpline
210
0.0
220
0.0
230
1.0
 70
     8
 71
     3
 72
    13
 73
     9
 74
     0
 42
0.00000001
 43
0.0000000001
 40
0.0
 40
0.0
 40
0.0
 40
0.0
 40
0.083757406225373
 40
0.1523862186386218
 40
0.2165752443305912
 40
0.4143915959789429
 40
0.8129502857501503
 40
1.0
 40
1.0
 40
1.0
 40
1.0
 10
230.5331458655028
 20
186.6379858483958
 30
0.0
 10
230.5371258118137
 20
186.5657264054933
 30
0.0
 10
230.5443668307996
 20
186.4342593059129
 30
0.0
 10
230.5999449153185
 20
186.2488051506235
 30
0.0
 10
230.7300264789209
 20
186.0127301064305
 30
0.0
 10
231.0517713647475
 20
185.6757029285043
 30
0.0
 10
231.3958900693825
 20
185.1901208464347
 30
0.0
 10
231.6467931975134
 20
184.8150280760622
 30
0.0
 10
231.7269343944277
 20
184.6952193522912
 30
0.0
  0
ARC
  5
271
330
1F
100
AcDbEntity
  8
0
  6
Continuous
 62
     7
370
    25
100
AcDbCircle
 10
189.1698648652336
 20
190.192203806279
 30
0.0
 40
42.91061646026592
100
AcDbArc
 50
351.6901368787779
 51
352.6400065911247
  0
SPLINE
  5
272
330
1F
100
AcDbEntity
  8
0
  6
Continuous
 62
     7
370
    25
100
AcDbSpline
210
0.0
220
0.0
230
1.0
 70
     8
 71
     3
 72
    13
 73
     9
 74
     0
 42
0.00000001
 43
0.0000000001
 40
0.0
 40
0.0
 40
0.0
 40
0.0
 40
0.1870497142498248
 40
0.5856084040210523
 40
0.7834247556694037
 40
0.847613781361349
 40
0.916242593774622
 40
0.9999999999999998
 40
0.9999999999999998
 40
0.9999999999999998
 40
0.9999999999999998
 10
231.6299595176244
 20
183.9904808916314
 30
0.0
 10
231.5342521921249
 20
183.997167022632
 30
0.0
 10
231.2346151979514
 20
184.0180997170231
 30
0.0
 10
230.8308854556725
 20
184.0704748459961
 30
0.0
 10
230.4827003609296
 20
184.2153550189872
 30
0.0
 10
230.3169333302323
 20
184.1920956667133
 30
0.0
 10
230.2249254200785
 20
184.1128060029201
 30
0.0
 10
230.1860667248355
 20
184.0145002661786
 30
0.0
 10
230.1647084711039
 20
183.9604676010194
 30
0.0
  0
LWPOLYLINE
  5
273
330
1F
100
AcDbEntity
  8
0
  6
Continuous
 62
     7
370
    25
100
AcDbPolyline
 90
        9
 70
   128
 43
0.0
 10
230.1647084711039
 20
183.9604676010194
 10
230.164331845963
 20
183.9582888998269
 10
230.1639551057069
 20
183.9561102908733
 10
230.163578250338
 20
183.9539317741726
 10
230.1632012798587
 20
183.9517533497386
 10
230.1628241942714
 20
183.9495750175854
 10
230.1624469935784
 20
183.9473967777268
 10
230.1620696777824
 20
183.9452186301768
 10
230.1616922468856
 20
183.9430405749493
  0
SPLINE
  5
274
330
1F
100
AcDbEntity
  8
0
  6
Continuous
 62
     7
370
    25
100
AcDbSpline
210
0.0
220
0.0
230
1.0
 70
     8
 71
     3
 72
    13
 73
     9
 74
     0
 42
0.00000001
 43
0.0000000001
 40
0.0
 40
0.0
 40
0.0
 40
0.0
 40
0.0837574062253869
 40
0.1523862186386363
 40
0.2165752443305988
 40
0.414391595978948
 40
0.8129502857501583
 40
1.0
 40
1.0
 40
1.0
 40
1.0
 10
230.1616922468856
 20
183.9430405749493
 30
0.0
 10
230.1614209356558
 20
183.8721027587451
 30
0.0
 10
230.1609273185028
 20
183.7430401951224
 30
0.0
 10
230.2064111861762
 20
183.5535250080493
 30
0.0
 10
230.3247113909716
 20
183.3025323311074
 30
0.0
 10
230.6320858793369
 20
182.9218581820049
 30
0.0
 10
230.9533497028853
 20
182.3930145906214
 30
0.0
 10
231.1863298449957
 20
181.9869544605485
 30
0.0
 10
231.2607462446041
 20
181.8572544241814
 30
0.0
  0
ARC
  5
275
330
1F
100
AcDbEntity
  8
0
  6
Continuous
 62
     7
370
    25
100
AcDbCircle
 10
193.8320044315023
 20
189.3832558702688
 30
0.0
 40
38.17789165837142
100
AcDbArc
 50
347.6039975342247
 51
348.6308304991408
  0
SPLINE
  5
276
330
1F
100
AcDbEntity
  8
0
  6
Continuous
 62
     7
370
    25
100
AcDbSpline
210
0.0
220
0.0
230
1.0
 70
     8
 71
     3
 72
    13
 73
     9
 74
     0
 42
0.00000001
 43
0.0000000001
 40
0.0
 40
0.0
 40
0.0
 40
0.0
 40
0.187049714249826
 40
0.5856084040210245
 40
0.7834247556693711
 40
0.847613781361343
 40
0.916242593774584
 40
1.0
 40
1.0
 40
1.0
 40
1.0
 10
231.1198647541948
 20
181.1877153735277
 30
0.0
 10
231.0228344625427
 20
181.2099429252795
 30
0.0
 10
230.7190555743256
 20
181.2795321313302
 30
0.0
 10
230.3111910547529
 20
181.3968060577897
 30
0.0
 10
229.9654052153069
 20
181.5949303242736
 30
0.0
 10
229.7952624925724
 20
181.5995415202757
 30
0.0
 10
229.6968547305879
 20
181.5375359869826
 30
0.0
 10
229.6514153648774
 20
181.4483021253568
 30
0.0
 10
229.6264401181232
 20
181.3992557164097
 30
0.0
  0
LWPOLYLINE
  5
277
330
1F
100
AcDbEntity
  8
0
  6
Continuous
 62
     7
370
    25
100
AcDbPolyline
 90
        9
 70
   128
 43
0.0
 10
229.6264401181232
 20
181.3992557164097
 10
229.6259263724756
 20
181.3971984565803
 10
229.6254125151585
 20
181.3951413053808
 10
229.6248985461755
 20
181.3930842628246
 10
229.6243844655293
 20
181.3910273289246
 10
229.6238702732238
 20
181.3889705036941
 10
229.6233559692619
 20
181.3869137871464
 10
229.6228415536471
 20
181.3848571792944
 10
229.6223270263826
 20
181.3828006801514
  0
SPLINE
  5
278
330
1F
100
AcDbEntity
  8
0
  6
Continuous
 62
     7
370
    25
100
AcDbSpline
210
0.0
220
0.0
230
1.0
 70
     8
 71
     3
 72
    13
 73
     9
 74
     0
 42
0.00000001
 43
0.0000000001
 40
0.0
 40
0.0
 40
0.0
 40
0.0
 40
0.0837574062253822
 40
0.1523862186386411
 40
0.2165752443306176
 40
0.4143915959789461
 40
0.8129502857502066
 40
0.9999999999999998
 40
0.9999999999999998
 40
0.9999999999999998
 40
0.9999999999999998
 10
229.6223270263826
 20
181.3828006801514
 30
0.0
 10
229.6178069907719
 20
181.3138468179222
 30
0.0
 10
229.6095833462506
 20
181.1883938126398
 30
0.0
 10
229.6445483264609
 20
180.9965870460225
 30
0.0
 10
229.7499626353116
 20
180.7330201873303
 30
0.0
 10
230.0400968534349
 20
180.3122533190142
 30
0.0
 10
230.3355062421363
 20
179.7450858884409
 30
0.0
 10
230.5483881254128
 20
179.3118496726951
 30
0.0
 10
230.6163849218425
 20
179.1734692980259
 30
0.0
  0
ARC
  5
279
330
1F
100
AcDbEntity
  8
0
  6
Continuous
 62
     7
370
    25
100
AcDbCircle
 10
198.4718086418355
 20
188.2224745048046
 30
0.0
 40
33.39398567786565
100
AcDbArc
 50
343.1548840775491
 51
344.2775820786603
  0
SPLINE
  5
27A
330
1F
100
AcDbEntity
  8
0
  6
Continuous
 62
     7
370
    25
100
AcDbSpline
210
0.0
220
0.0
230
1.0
 70
     8
 71
     3
 72
    13
 73
     9
 74
     0
 42
0.00000001
 43
0.0000000001
 40
0.0
 40
0.0
 40
0.0
 40
0.0
 40
0.1870497142498472
 40
0.5856084040211066
 40
0.7834247556694561
 40
0.8476137813614009
 40
0.9162425937746661
 40
1.0
 40
1.0
 40
1.0
 40
1.0
 10
230.4329121903446
 20
178.5453809630966
 30
0.0
 10
230.3354648782295
 20
178.5829424029377
 30
0.0
 10
230.0303803975995
 20
178.700538384981
 30
0.0
 10
229.6221892218592
 20
178.8816161538731
 30
0.0
 10
229.2820311469256
 20
179.1311346809552
 30
0.0
 10
229.1091013089141
 20
179.1635733717391
 30
0.0
 10
229.0052125018582
 20
179.119430897904
 30
0.0
 10
228.9536167207948
 20
179.0401020639173
 30
0.0
 10
228.9252576681676
 20
178.9964998442877
 30
0.0
  0
LWPOLYLINE
  5
27B
330
1F
100
AcDbEntity
  8
0
  6
Continuous
 62
     7
370
    25
100
AcDbPolyline
 90
        9
 70
   128
 43
0.0
 10
228.9252576681676
 20
178.9964998442877
 10
228.9246115987179
 20
178.994583233902
 10
228.9239654220871
 20
178.9926667475232
 10
228.9233191382795
 20
178.9907503851634
 10
228.9226727472993
 20
178.9888341468351
 10
228.9220262491504
 20
178.9869180325504
 10
228.9213796438372
 20
178.9850020423216
 10
228.9207329313637
 20
178.983086176161
 10
228.9200861117339
 20
178.9811704340808
  0
SPLINE
  5
27C
330
1F
100
AcDbEntity
  8
0
  6
Continuous
 62
     7
370
    25
100
AcDbSpline
210
0.0
220
0.0
230
1.0
 70
     8
 71
     3
 72
    13
 73
     9
 74
     0
 42
0.00000001
 43
0.0000000001
 40
0.0
 40
0.0
 40
0.0
 40
0.0
 40
0.0837574062253944
 40
0.1523862186386564
 40
0.2165752443306288
 40
0.4143915959789987
 40
0.8129502857501808
 40
1.0
 40
1.0
 40
1.0
 40
1.0
 10
228.9200861117339
 20
178.9811704340808
 30
0.0
 10
228.9113595540972
 20
178.9148443294598
 30
0.0
 10
228.8954826641604
 20
178.7941722034265
 30
0.0
 10
228.9196022983079
 20
178.6018647053652
 30
0.0
 10
229.0111464862151
 20
178.3281845176682
 30
0.0
 10
229.2813315290744
 20
177.8712535170188
 30
0.0
 10
229.54812832506
 20
177.27105773674
 30
0.0
 10
229.7389243287159
 20
176.8146904451384
 30
0.0
 10
229.7998666541994
 20
176.6689217524406
 30
0.0
  0
ARC
  5
27D
330
1F
100
AcDbEntity
  8
0
  6
Continuous
 62
     7
370
    25
100
AcDbCircle
 10
202.8549423727161
 20
186.7439428221344
 30
0.0
 40
28.76690796887364
100
AcDbArc
 50
338.2585715047218
 51
339.4986442898826
  0
SPLINE
  5
27E
330
1F
100
AcDbEntity
  8
0
  6
Continuous
 62
     7
370
    25
100
AcDbSpline
210
0.0
220
0.0
230
1.0
 70
     8
 71
     3
 72
    13
 73
     9
 74
     0
 42
0.00000001
 43
0.0000000001
 40
0.0
 40
0.0
 40
0.0
 40
0.0
 40
0.1870497142498577
 40
0.5856084040210247
 40
0.7834247556693633
 40
0.8476137813613725
 40
0.9162425937746021
 40
1.0
 40
1.0
 40
1.0
 40
1.0
 10
229.5755157170731
 20
176.0881484247896
 30
0.0
 10
229.4785612237925
 20
176.140693051677
 30
0.0
 10
229.1750196423449
 20
176.3051978477133
 30
0.0
 10
228.7703129814632
 20
176.5483887846983
 30
0.0
 10
228.4389586353373
 20
176.8469718851208
 30
0.0
 10
228.2648562813529
 20
176.9069351993703
 30
0.0
 10
228.1564564110253
 20
176.8810679313777
 30
0.0
 10
228.0991859505154
 20
176.8123847969792
 30
0.0
 10
228.0677078728487
 20
176.7746338688437
 30
0.0
  0
ARC
  5
27F
330
1F
100
AcDbEntity
  8
0
  6
Continuous
 62
     7
370
    25
100
AcDbCircle
 10
205.3751537809247
 20
186.7429737489594
 30
0.0
 40
24.78547581105505
100
AcDbArc
 50
336.2496661259754
 51
336.2851723123895
  0
SPLINE
  5
280
330
1F
100
AcDbEntity
  8
0
  6
Continuous
 62
     7
370
    25
100
AcDbSpline
210
0.0
220
0.0
230
1.0
 70
     8
 71
     3
 72
    13
 73
     9
 74
     0
 42
0.00000001
 43
0.0000000001
 40
0.0
 40
0.0
 40
0.0
 40
0.0
 40
0.0837574062253885
 40
0.1523862186386442
 40
0.2165752443306065
 40
0.4143915959789328
 40
0.8129502857501336
 40
1.0
 40
1.0
 40
1.0
 40
1.0
 10
228.0615261371513
 20
176.7605732112613
 30
0.0
 10
228.0486745350056
 20
176.6974941332165
 30
0.0
 10
228.0252926378971
 20
176.5827295695599
 30
0.0
 10
228.0383417274567
 20
176.3917168633498
 30
0.0
 10
228.1151610710023
 20
176.1104786248211
 30
0.0
 10
228.3628742936504
 20
175.6216497334782
 30
0.0
 10
228.59856748712
 20
174.9940294697799
 30
0.0
 10
228.7654962002767
 20
174.5187920807632
 30
0.0
 10
228.8188150527412
 20
174.3669960730452
 30
0.0
  0
ARC
  5
281
330
1F
100
AcDbEntity
  8
0
  6
Continuous
 62
     7
370
    25
100
AcDbCircle
 10
206.7815874977134
 20
185.019157859989
 30
0.0
 40
24.47668174094071
100
AcDbArc
 50
332.8211658895011
 51
334.2022134035641
  0
SPLINE
  5
282
330
1F
100
AcDbEntity
  8
0
  6
Continuous
 62
     7
370
    25
100
AcDbSpline
210
0.0
220
0.0
230
1.0
 70
     8
 71
     3
 72
    13
 73
     9
 74
     0
 42
0.00000001
 43
0.0000000001
 40
0.0
 40
0.0
 40
0.0
 40
0.0
 40
0.1870497142498156
 40
0.5856084040210634
 40
0.7834247556693815
 40
0.8476137813613624
 40
0.9162425937746034
 40
0.9999999999999998
 40
0.9999999999999998
 40
0.9999999999999998
 40
0.9999999999999998
 10
228.5556806142382
 20
173.8389602767525
 30
0.0
 10
228.4601241777728
 20
173.9059974956618
 30
0.0
 10
228.1609595814685
 20
174.1158751687339
 30
0.0
 10
227.7635160724964
 20
174.4189086655574
 30
0.0
 10
227.4440592214298
 20
174.7637685493605
 30
0.0
 10
227.2704098982419
 20
174.8506966257669
 30
0.0
 10
227.1585110650254
 20
174.8433460793285
 30
0.0
 10
227.0961006439278
 20
174.7859499204382
 30
0.0
 10
227.0617974435513
 20
174.7544027540414
 30
0.0
  0
ARC
  5
283
330
1F
100
AcDbEntity
  8
0
  6
Continuous
 62
     7
370
    25
100
AcDbCircle
 10
208.7693976531685
 20
185.053737095473
 30
0.0
 40
20.99257435303712
100
AcDbArc
 50
330.5791289912266
 51
330.6187925567812
  0
SPLINE
  5
284
330
1F
100
AcDbEntity
  8
0
  6
Continuous
 62
     7
370
    25
100
AcDbSpline
210
0.0
220
0.0
230
1.0
 70
     8
 71
     3
 72
    13
 73
     9
 74
     0
 42
0.00000001
 43
0.0000000001
 40
0.0
 40
0.0
 40
0.0
 40
0.0
 40
0.0837574062253734
 40
0.1523862186386201
 40
0.2165752443305929
 40
0.4143915959789747
 40
0.8129502857501718
 40
1.0
 40
1.0
 40
1.0
 40
1.0
 10
227.0546632457908
 20
174.741742129655
 30
0.0
 10
227.0378065910827
 20
174.6824990305424
 30
0.0
 10
227.0071379972758
 20
174.5747135550717
 30
0.0
 10
227.0089947064145
 20
174.3867790748852
 30
0.0
 10
227.0703719640855
 20
174.1006086311823
 30
0.0
 10
227.2933005349053
 20
173.5844459127969
 30
0.0
 10
227.4956895220157
 20
172.9352610869784
 30
0.0
 10
227.6371923762546
 20
172.4455907640017
 30
0.0
 10
227.6823899319406
 20
172.2891847196887
 30
0.0
  0
ARC
  5
285
330
1F
100
AcDbEntity
  8
0
  6
Continuous
 62
     7
370
    25
100
AcDbCircle
 10
210.1015775379668
 20
183.1515452267445
 30
0.0
 40
20.66581332097413
100
AcDbArc
 50
326.7440220244388
 51
328.2900232520875
  0
SPLINE
  5
286
330
1F
100
AcDbEntity
  8
0
  6
Continuous
 62
     7
370
    25
100
AcDbSpline
210
0.0
220
0.0
230
1.0
 70
     8
 71
     3
 72
    13
 73
     9
 74
     0
 42
0.00000001
 43
0.0000000001
 40
0.0
 40
0.0
 40
0.0
 40
0.0
 40
0.1870497142498581
 40
0.585608404021062
 40
0.7834247556693973
 40
0.847613781361351
 40
0.9162425937746034
 40
1.0
 40
1.0
 40
1.0
 40
1.0
 10
227.3829288074157
 20
171.8188165827123
 30
0.0
 10
227.2896626124666
 20
171.8997204851931
 30
0.0
 10
226.9976682205359
 20
172.1530114640157
 30
0.0
 10
226.611198686431
 20
172.5130581785663
 30
0.0
 10
226.3066220129685
 20
172.9009749819316
 30
0.0
 10
226.1350470375211
 20
173.0140561964673
 30
0.0
 10
226.0206940106716
 20
173.0252910016548
 30
0.0
 10
225.9537263382727
 20
172.9797177107437
 30
0.0
 10
225.9169182949263
 20
172.9546688534784
 30
0.0
  0
ARC
  5
287
330
1F
100
AcDbEntity
  8
0
  6
Continuous
 62
     7
370
    25
100
AcDbCircle
 10
211.5484103138723
 20
183.288357659396
 30
0.0
 40
17.69856338630787
100
AcDbArc
 50
324.2322415022903
 51
324.2766852031712
  0
SPLINE
  5
288
330
1F
100
AcDbEntity
  8
0
  6
Continuous
 62
     7
370
    25
100
AcDbSpline
210
0.0
220
0.0
230
1.0
 70
     8
 71
     3
 72
    13
 73
     9
 74
     0
 42
0.00000001
 43
0.0000000001
 40
0.0
 40
0.0
 40
0.0
 40
0.0
 40
0.0837574062253974
 40
0.152386218638636
 40
0.216575244330608
 40
0.4143915959789476
 40
0.812950285750179
 40
0.9999999999999998
 40
0.9999999999999998
 40
0.9999999999999998
 40
0.9999999999999998
 10
225.9088982451846
 20
172.9435264711266
 30
0.0
 10
225.8881939239576
 20
172.8886724878005
 30
0.0
 10
225.8505249778496
 20
172.7888724644589
 30
0.0
 10
225.841171970974
 20
172.6057709039011
 30
0.0
 10
225.8865340798531
 20
172.3173401513528
 30
0.0
 10
226.0825965748431
 20
171.7786628781536
 30
0.0
 10
226.2497917041527
 20
171.1139747540202
 30
0.0
 10
226.36454752545
 20
170.614443416955
 30
0.0
 10
226.4012017869576
 20
170.4548876571412
 30
0.0
  0
ARC
  5
289
330
1F
100
AcDbEntity
  8
0
  6
Continuous
 62
     7
370
    25
100
AcDbCircle
 10
212.7252782644748
 20
181.2682013622248
 30
0.0
 40
17.43440958212664
100
AcDbArc
 50
319.9356189350031
 51
321.6671940770027
  0
SPLINE
  5
28A
330
1F
100
AcDbEntity
  8
0
  6
Continuous
 62
     7
370
    25
100
AcDbSpline
210
0.0
220
0.0
230
1.0
 70
     8
 71
     3
 72
    13
 73
     9
 74
     0
 42
0.00000001
 43
0.0000000001
 40
0.0
 40
0.0
 40
0.0
 40
0.0
 40
0.1870497142498183
 40
0.5856084040210453
 40
0.7834247556694053
 40
0.8476137813613885
 40
0.916242593774627
 40
0.9999999999999998
 40
0.9999999999999998
 40
0.9999999999999998
 40
0.9999999999999998
 10
226.0682099642449
 20
170.0465788800425
 30
0.0
 10
225.9781048121454
 20
170.1405940881555
 30
0.0
 10
225.6960068975517
 20
170.434933463105
 30
0.0
 10
225.3241197002257
 20
170.848631736218
 30
0.0
 10
225.0372669547044
 20
171.2759835844715
 30
0.0
 10
224.8693682763142
 20
171.4141621283039
 30
0.0
 10
224.7536287392331
 20
171.4438773887685
 30
0.0
 10
224.6827290746467
 20
171.4105524713748
 30
0.0
 10
224.6437598551132
 20
171.3922357976723
 30
0.0
  0
ARC
  5
28B
330
1F
100
AcDbEntity
  8
0
  6
Continuous
 62
     7
370
    25
100
AcDbCircle
 10
213.6591388192937
 20
181.5729099122472
 30
0.0
 40
14.97691639583205
100
AcDbArc
 50
317.1256120589349
 51
317.1752888987893
  0
SPLINE
  5
28C
330
1F
100
AcDbEntity
  8
0
  6
Continuous
 62
     7
370
    25
100
AcDbSpline
210
0.0
220
0.0
230
1.0
 70
     8
 71
     3
 72
    13
 73
     9
 74
     0
 42
0.00000001
 43
0.0000000001
 40
0.0
 40
0.0
 40
0.0
 40
0.0
 40
0.0837574062253511
 40
0.1523862186386209
 40
0.2165752443306001
 40
0.4143915959790085
 40
0.8129502857501877
 40
0.9999999999999998
 40
0.9999999999999998
 40
0.9999999999999998
 40
0.9999999999999998
 10
224.634928834434
 20
171.3827156907767
 30
0.0
 10
224.6105701573568
 20
171.3327629800999
 30
0.0
 10
224.5662525637482
 20
171.2418802148157
 30
0.0
 10
224.5457771673634
 20
171.0653211438237
 30
0.0
 10
224.5747005936623
 20
170.7773230826529
 30
0.0
 10
224.7420664301329
 20
170.2211607392011
 30
0.0
 10
224.8725066457673
 20
169.5471753306776
 30
0.0
 10
224.9594439899388
 20
169.0424469690267
 30
0.0
 10
224.9872127263046
 20
168.8812312228515
 30
0.0
  0
ARC
  5
28D
330
1F
100
AcDbEntity
  8
0
  6
Continuous
 62
     7
370
    25
100
AcDbCircle
 10
214.6293212365824
 20
179.5095494176029
 30
0.0
 40
14.84072315494571
100
AcDbArc
 50
312.3338626902747
 51
314.2617317948569
  0
SPLINE
  5
28E
330
1F
100
AcDbEntity
  8
0
  6
Continuous
 62
     7
370
    25
100
AcDbSpline
210
0.0
220
0.0
230
1.0
 70
     8
 71
     3
 72
    13
 73
     9
 74
     0
 42
0.00000001
 43
0.0000000001
 40
0.0
 40
0.0
 40
0.0
 40
0.0
 40
0.1870497142498826
 40
0.5856084040210583
 40
0.7834247556694372
 40
0.8476137813614032
 40
0.9162425937746256
 40
0.9999999999999998
 40
0.9999999999999998
 40
0.9999999999999998
 40
0.9999999999999998
 10
224.6237992603331
 20
168.5387940746693
 30
0.0
 10
224.5376964386104
 20
168.6450427937475
 30
0.0
 10
224.2681288735759
 20
168.9776823973853
 30
0.0
 10
223.9142962235906
 20
169.4411696397496
 30
0.0
 10
223.6478456728064
 20
169.9039664638277
 30
0.0
 10
223.4851909161963
 20
170.0659522011237
 30
0.0
 10
223.3691454977567
 20
170.1138704734844
 30
0.0
 10
223.294975812048
 20
170.0931050753831
 30
0.0
 10
223.2542092614308
 20
170.0816916030904
 30
0.0
  0
ARC
  5
28F
330
1F
100
AcDbEntity
  8
0
  6
Continuous
 62
     7
370
    25
100
AcDbCircle
 10
215.1110657579484
 20
180.0405933554326
 30
0.0
 40
12.86431149463937
100
AcDbArc
 50
309.2170264430789
 51
309.2720030400755
  0
SPLINE
  5
290
330
1F
100
AcDbEntity
  8
0
  6
Continuous
 62
     7
370
    25
100
AcDbSpline
210
0.0
220
0.0
230
1.0
 70
     8
 71
     3
 72
    13
 73
     9
 74
     0
 42
0.00000001
 43
0.0000000001
 40
0.0
 40
0.0
 40
0.0
 40
0.0
 40
0.0837574062253986
 40
0.152386218638678
 40
0.2165752443306627
 40
0.4143915959789716
 40
0.8129502857501897
 40
1.0
 40
1.0
 40
1.0
 40
1.0
 10
223.2446497226749
 20
170.0738826583244
 30
0.0
 10
223.2168641201524
 20
170.0292976152972
 30
0.0
 10
223.1663116604736
 20
169.9481806559628
 30
0.0
 10
223.1349050478391
 20
169.779812559011
 30
0.0
 10
223.1471197413191
 20
169.4949361495182
 30
0.0
 10
223.2842262695504
 20
168.9264814737652
 30
0.0
 10
223.3766936863613
 20
168.2494916010154
 30
0.0
 10
223.4350008428479
 20
167.7442787274995
 30
0.0
 10
223.4536247848624
 20
167.5829082229479
 30
0.0
  0
ARC
  5
291
330
1F
100
AcDbEntity
  8
0
  6
Continuous
 62
     7
370
    25
100
AcDbCircle
 10
215.8567277509471
 20
178.0177700966456
 30
0.0
 40
12.90733074136789
100
AcDbArc
 50
303.939876548377
 51
306.0557579158864
  0
SPLINE
  5
292
330
1F
100
AcDbEntity
  8
0
  6
Continuous
 62
     7
370
    25
100
AcDbSpline
210
0.0
220
0.0
230
1.0
 70
     8
 71
     3
 72
    13
 73
     9
 74
     0
 42
0.00000001
 43
0.0000000001
 40
0.0
 40
0.0
 40
0.0
 40
0.0
 40
0.1870497142498431
 40
0.5856084040210408
 40
0.7834247556693836
 40
0.8476137813613433
 40
0.9162425937745929
 40
1.0
 40
1.0
 40
1.0
 40
1.0
 10
223.0631827692473
 20
167.3095399470702
 30
0.0
 10
222.9818861967489
 20
167.4270301614507
 30
0.0
 10
222.727365860997
 20
167.7948642274229
 30
0.0
 10
222.3948913984701
 20
168.303812983536
 30
0.0
 10
222.151330819425
 20
168.7977337741861
 30
0.0
 10
221.9954386482324
 20
168.9820142877609
 30
0.0
 10
221.8801708332394
 20
169.0476881720198
 30
0.0
 10
221.8034236287802
 20
169.0396761741377
 30
0.0
 10
221.7612403733783
 20
169.0352724677706
 30
0.0
  0
ARC
  5
293
330
1F
100
AcDbEntity
  8
0
  6
Continuous
 62
     7
370
    25
100
AcDbCircle
 10
215.9736881170068
 20
178.8206979627304
 30
0.0
 40
11.36883077706934
100
AcDbArc
 50
300.5423312532245
 51
300.6020290580876
  0
SPLINE
  5
294
330
1F
100
AcDbEntity
  8
0
  6
Continuous
 62
     7
370
    25
100
AcDbSpline
210
0.0
220
0.0
230
1.0
 70
     8
 71
     3
 72
    13
 73
     9
 74
     0
 42
0.00000001
 43
0.0000000001
 40
0.0
 40
0.0
 40
0.0
 40
0.0
 40
0.0837574062253633
 40
0.1523862186386462
 40
0.2165752443306119
 40
0.4143915959789448
 40
0.8129502857501389
 40
0.9999999999999998
 40
0.9999999999999998
 40
0.9999999999999998
 40
0.9999999999999998
 10
221.7510415713833
 20
169.0292475951473
 30
0.0
 10
221.7200884700996
 20
168.990446498304
 30
0.0
 10
221.6637731390463
 20
168.9198527121129
 30
0.0
 10
221.6217285452424
 20
168.7612475967584
 30
0.0
 10
221.6171204606017
 20
168.4821526532231
 30
0.0
 10
221.7226875538802
 20
167.9067131533145
 30
0.0
 10
221.776318828511
 20
167.2330396883753
 30
0.0
 10
221.8054513991033
 20
166.7320593394723
 30
0.0
 10
221.8147566600373
 20
166.5720407494664
 30
0.0
  0
ARC
  5
295
330
1F
100
AcDbEntity
  8
0
  6
Continuous
 62
     7
370
    25
100
AcDbCircle
 10
216.5114299569571
 20
176.9249720872697
 30
0.0
 40
11.63221653017483
100
AcDbArc
 50
294.8561401599643
 51
297.123959121953
  0
SPLINE
  5
296
330
1F
100
AcDbEntity
  8
0
  6
Continuous
 62
     7
370
    25
100
AcDbSpline
210
0.0
220
0.0
230
1.0
 70
     8
 71
     3
 72
    13
 73
     9
 74
     0
 42
0.00000001
 43
0.0000000001
 40
0.0
 40
0.0
 40
0.0
 40
0.0
 40
0.1870497142498879
 40
0.5856084040210586
 40
0.7834247556694092
 40
0.8476137813613974
 40
0.9162425937746217
 40
1.0
 40
1.0
 40
1.0
 40
1.0
 10
221.4009315466798
 20
166.3702937118301
 30
0.0
 10
221.3252002675989
 20
166.4979284470372
 30
0.0
 10
221.0881035489279
 20
166.8975226077771
 30
0.0
 10
220.7800914983354
 20
167.447180960232
 30
0.0
 10
220.5616949505324
 20
167.9676141121117
 30
0.0
 10
220.4140208879564
 20
168.1724688244618
 30
0.0
 10
220.3006069009419
 20
168.2552851412564
 30
0.0
 10
220.2219987457016
 20
168.2601013494593
 30
0.0
 10
220.178792639205
 20
168.2627485252375
 30
0.0
  0
ARC
  5
297
330
1F
100
AcDbEntity
  8
0
  6
Continuous
 62
     7
370
    25
100
AcDbCircle
 10
216.3689254386178
 20
178.0278037314424
 30
0.0
 40
10.48195550774473
100
AcDbArc
 50
291.2503810268294
 51
291.3134003917422
  0
SPLINE
  5
298
330
1F
100
AcDbEntity
  8
0
  6
Continuous
 62
     7
370
    25
100
AcDbSpline
210
0.0
220
0.0
230
1.0
 70
     8
 71
     3
 72
    13
 73
     9
 74
     0
 42
0.00000001
 43
0.0000000001
 40
0.0
 40
0.0
 40
0.0
 40
0.0
 40
0.0837574062253823
 40
0.1523862186386615
 40
0.2165752443306139
 40
0.4143915959789526
 40
0.8129502857502222
 40
1.0
 40
1.0
 40
1.0
 40
1.0
 10
220.1680497974374
 20
168.2585639773692
 30
0.0
 10
220.1342181981595
 20
168.2259091020965
 30
0.0
 10
220.0726657968044
 20
168.16649760421
 30
0.0
 10
220.0203757808747
 20
168.019136323681
 30
0.0
 10
219.9989879425579
 20
167.7484286803929
 30
0.0
 10
220.0720299493772
 20
167.1713770798957
 30
0.0
 10
220.0863243410669
 20
166.5073099303978
 30
0.0
 10
220.0860103228021
 20
166.0152396246438
 30
0.0
 10
220.0859100219421
 20
165.8580669996438
 30
0.0
  0
ARC
  5
299
330
1F
100
AcDbEntity
  8
0
  6
Continuous
 62
     7
370
    25
100
AcDbCircle
 10
216.7476642649261
 20
176.3420895543461
 30
0.0
 40
11.00266393478147
100
AcDbArc
 50
285.3086103306566
 51
287.6621349878448
  0
SPLINE
  5
29A
330
1F
100
AcDbEntity
  8
0
  6
Continuous
 62
     7
370
    25
100
AcDbSpline
210
0.0
220
0.0
230
1.0
 70
     8
 71
     3
 72
    13
 73
     9
 74
     0
 42
0.00000001
 43
0.0000000001
 40
0.0
 40
0.0
 40
0.0
 40
0.0
 40
0.19818426653747
 40
0.6204680530763747
 40
0.8300598651663857
 40
0.8980698860720021
 40
0.9707839819261772
 40
1.0
 40
1.0
 40
1.0
 40
1.0
 10
219.6525655844263
 20
165.7298248579814
 30
0.0
 10
219.5831081221458
 20
165.8664503143955
 30
0.0
 10
219.3656532396481
 20
166.2941922962538
 30
0.0
 10
219.0849287817129
 20
166.8780963604862
 30
0.0
 10
218.8938356937533
 20
167.4228209461564
 30
0.0
 10
218.7556406766851
 20
167.6432377696162
 30
0.0
 10
218.6740614888984
 20
167.7234358742399
 30
0.0
 10
218.6238288436358
 20
167.7373130825918
 30
0.0
 10
218.6094307642524
 20
167.7412906781658
 30
0.0
  0
LINE
  5
29B
330
1F
100
AcDbEntity
  8
0
  6
Continuous
 62
     7
370
    25
100
AcDbLine
 10
230.6589028864824
 20
203.4081872679253
 30
0.0
 11
235.4813956411704
 21
204.4095801215654
 31
0.0
  0
LINE
  5
29C
330
1F
100
AcDbEntity
  8
0
  6
Continuous
 62
     7
370
    25
100
AcDbLine
 10
235.6521542867167
 20
203.6389035437657
 30
0.0
 11
230.8296615320285
 21
202.6375106901257
 31
0.0
  0
ARC
  5
29D
330
1F
100
AcDbEntity
  8
0
  6
Continuous
 62
     7
370
    25
100
AcDbCircle
 10
178.3292737925356
 20
191.342140863166
 30
0.0
 40
58.62698184772225
100
AcDbArc
 50
12.10745536781298
 51
12.87890498184877
  0
LINE
  5
29E
330
1F
100
AcDbEntity
  8
0
  6
Continuous
 62
     7
370
    25
100
AcDbLine
 10
231.2929870150922
 20
200.2340978720468
 30
0.0
 11
236.1154797697804
 21
201.2354907256869
 31
0.0
  0
LINE
  5
29F
330
1F
100
AcDbEntity
  8
0
  6
Continuous
 62
     7
370
    25
100
AcDbLine
 10
236.2432069163002
 20
200.4578290296617
 30
0.0
 11
231.4207141616121
 21
199.4564361760217
 31
0.0
  0
ARC
  5
2A0
330
1F
100
AcDbEntity
  8
0
  6
Continuous
 62
     7
370
    25
100
AcDbCircle
 10
178.6111387523497
 20
191.39136261895
 30
0.0
 40
58.34086127261755
100
AcDbArc
 50
8.940290509003842
 51
9.714260373896632
  0
LINE
  5
2A1
330
1F
100
AcDbEntity
  8
0
  6
Continuous
 62
     7
370
    25
100
AcDbLine
 10
229.852264834211
 20
206.5352412123778
 30
0.0
 11
234.6747575888993
 21
207.5366340660177
 31
0.0
  0
LINE
  5
2A2
330
1F
100
AcDbEntity
  8
0
  6
Continuous
 62
     7
370
    25
100
AcDbLine
 10
234.8869534060066
 20
206.7801382060031
 30
0.0
 11
230.0644606513184
 21
205.7787453523631
 31
0.0
  0
ARC
  5
2A3
330
1F
100
AcDbEntity
  8
0
  6
Continuous
 62
     7
370
    25
100
AcDbCircle
 10
179.1184484324784
 20
191.5451745196469
 30
0.0
 40
57.81202526730075
100
AcDbArc
 50
15.27937755588854
 51
16.05806024553508
  0
LINE
  5
2A4
330
1F
100
AcDbEntity
  8
0
  6
Continuous
 62
     7
370
    25
100
AcDbLine
 10
229.802834150955
 20
201.241643329815
 30
0.0
 11
234.6253269056431
 21
202.2430361834549
 31
0.0
  0
SPLINE
  5
2A5
330
1F
100
AcDbEntity
  8
0
  6
Continuous
 62
     7
370
    25
100
AcDbSpline
210
0.0
220
0.0
230
1.0
 70
     8
 71
     3
 72
    13
 73
     9
 74
     0
 42
0.00000001
 43
0.0000000001
 40
0.0
 40
0.0
 40
0.0
 40
0.0
 40
0.0837574062253484
 40
0.1523862186385926
 40
0.2165752443305874
 40
0.4143915959789688
 40
0.8129502857501533
 40
1.0
 40
1.0
 40
1.0
 40
1.0
 10
234.6253269056431
 20
202.243036183455
 30
0.0
 10
234.6220887690026
 20
202.3151129315176
 30
0.0
 10
234.6161973807618
 20
202.4462476404829
 30
0.0
 10
234.6543815822895
 20
202.6086097729792
 30
0.0
 10
234.7638012459889
 20
202.7856998240251
 30
0.0
 10
235.0594413689738
 20
202.9706757956851
 30
0.0
 10
235.3629699181327
 20
203.2967536060769
 30
0.0
 10
235.5821467992781
 20
203.5560738334942
 30
0.0
 10
235.6521542867167
 20
203.6389035437657
 30
0.0
  0
LINE
  5
2A6
330
1F
100
AcDbEntity
  8
0
  6
Continuous
 62
     7
370
    25
100
AcDbLine
 10
229.1540695171657
 20
204.1696807721765
 30
0.0
 11
233.9765622718539
 21
205.1710736258166
 31
0.0
  0
SPLINE
  5
2A7
330
1F
100
AcDbEntity
  8
0
  6
Continuous
 62
     7
370
    25
100
AcDbSpline
210
0.0
220
0.0
230
1.0
 70
     8
 71
     3
 72
    13
 73
     9
 74
     0
 42
0.00000001
 43
0.0000000001
 40
0.0
 40
0.0
 40
0.0
 40
0.0
 40
0.083757406225376
 40
0.152386218638647
 40
0.2165752443306069
 40
0.4143915959789694
 40
0.8129502857501488
 40
1.0
 40
1.0
 40
1.0
 40
1.0
 10
233.9765622718539
 20
205.1710736258166
 30
0.0
 10
234.0039248055605
 20
205.1050418767884
 30
0.0
 10
234.0537075439697
 20
204.9849052942702
 30
0.0
 10
234.1560393669013
 20
204.8577531290893
 30
0.0
 10
234.3282959449405
 20
204.7512444320437
 30
0.0
 10
234.6704934280519
 20
204.7260953651759
 30
0.0
 10
235.0789883394599
 20
204.5784336669013
 30
0.0
 10
235.3839784665919
 20
204.4504572011667
 30
0.0
 10
235.4813956411704
 20
204.4095801215654
 30
0.0
  0
LINE
  5
2A8
330
1F
100
AcDbEntity
  8
0
  6
Continuous
 62
     7
370
    25
100
AcDbLine
 10
229.8066192086577
 20
201.2220090629066
 30
0.0
 11
234.6291119633459
 21
202.2234019165466
 31
0.0
  0
SPLINE
  5
2A9
330
1F
100
AcDbEntity
  8
0
  6
Continuous
 62
     7
370
    25
100
AcDbSpline
210
0.0
220
0.0
230
1.0
 70
     8
 71
     3
 72
    13
 73
     9
 74
     0
 42
0.00000001
 43
0.0000000001
 40
0.0
 40
0.0
 40
0.0
 40
0.0
 40
0.0837574062253727
 40
0.1523862186386192
 40
0.216575244330587
 40
0.4143915959789075
 40
0.8129502857501588
 40
1.0
 40
1.0
 40
1.0
 40
1.0
 10
234.6291119633459
 20
202.2234019165466
 30
0.0
 10
234.6530167529393
 20
202.1546798974026
 30
0.0
 10
234.6965085545321
 20
202.029648701876
 30
0.0
 10
234.7930757450567
 20
201.8891601834958
 30
0.0
 10
234.9620614960219
 20
201.7572624864246
 30
0.0
 10
235.3089148209578
 20
201.6765797138019
 30
0.0
 10
235.7159297949669
 20
201.4658413785855
 30
0.0
 10
236.0187543140449
 20
201.2912553941515
 30
0.0
 10
236.1154797697804
 20
201.2354907256869
 30
0.0
  0
LINE
  5
2AA
330
1F
100
AcDbEntity
  8
0
  6
Continuous
 62
     7
370
    25
100
AcDbLine
 10
231.7485969473765
 20
197.0426086422199
 30
0.0
 11
236.5710897020647
 21
198.0440014958598
 31
0.0
  0
LINE
  5
2AB
330
1F
100
AcDbEntity
  8
0
  6
Continuous
 62
     7
370
    25
100
AcDbLine
 10
236.6545927956055
 20
197.2666154993357
 30
0.0
 11
231.8321000409173
 21
196.2652226456956
 31
0.0
  0
ARC
  5
2AC
330
1F
100
AcDbEntity
  8
0
  6
Continuous
 62
     7
370
    25
100
AcDbCircle
 10
179.9703745038724
 20
191.5710450555828
 30
0.0
 40
56.96964214408052
100
AcDbArc
 50
5.737761667597788
 51
6.524101671623033
  0
LINE
  5
2AD
330
1F
100
AcDbEntity
  8
0
  6
Continuous
 62
     7
370
    25
100
AcDbLine
 10
230.2918939376289
 20
198.2674330072112
 30
0.0
 11
235.1143866923171
 21
199.2688258608512
 31
0.0
  0
SPLINE
  5
2AE
330
1F
100
AcDbEntity
  8
0
  6
Continuous
 62
     7
370
    25
100
AcDbSpline
210
0.0
220
0.0
230
1.0
 70
     8
 71
     3
 72
    13
 73
     9
 74
     0
 42
0.00000001
 43
0.0000000001
 40
0.0
 40
0.0
 40
0.0
 40
0.0
 40
0.0837574062253793
 40
0.1523862186386443
 40
0.2165752443306272
 40
0.4143915959790028
 40
0.8129502857501197
 40
0.9999999999999998
 40
0.9999999999999998
 40
0.9999999999999998
 40
0.9999999999999998
 10
235.1143866923171
 20
199.2688258608512
 30
0.0
 10
235.1154022378985
 20
199.3394641014802
 30
0.0
 10
235.1172498972038
 20
199.4679816244776
 30
0.0
 10
235.165834787261
 20
199.6196314508204
 30
0.0
 10
235.2878186441847
 20
199.7739029326038
 30
0.0
 10
235.5998471510882
 20
199.9052496916239
 30
0.0
 10
235.9283474830555
 20
200.172544659087
 30
0.0
 10
236.1669838551241
 20
200.3887656771464
 30
0.0
 10
236.2432069163002
 20
200.4578290296617
 30
0.0
  0
LINE
  5
2AF
330
1F
100
AcDbEntity
  8
0
  6
Continuous
 62
     7
370
    25
100
AcDbLine
 10
229.1492133237481
 20
204.1890466379994
 30
0.0
 11
233.9717060784363
 21
205.1904394916395
 31
0.0
  0
SPLINE
  5
2B0
330
1F
100
AcDbEntity
  8
0
  6
Continuous
 62
     7
370
    25
100
AcDbSpline
210
0.0
220
0.0
230
1.0
 70
     8
 71
     3
 72
    13
 73
     9
 74
     0
 42
0.00000001
 43
0.0000000001
 40
0.0
 40
0.0
 40
0.0
 40
0.0
 40
0.0837574062253706
 40
0.1523862186386344
 40
0.2165752443306191
 40
0.4143915959789327
 40
0.8129502857501041
 40
1.0
 40
1.0
 40
1.0
 40
1.0
 10
233.9717060784363
 20
205.1904394916395
 30
0.0
 10
233.9642444931829
 20
205.2632817859592
 30
0.0
 10
233.9506690637012
 20
205.3958093114473
 30
0.0
 10
233.9780960610975
 20
205.5673678186118
 30
0.0
 10
234.0739299096551
 20
205.765622996828
 30
0.0
 10
234.3504213365476
 20
206.0025011103193
 30
0.0
 10
234.6261441386165
 20
206.384317262981
 30
0.0
 10
234.8238151333536
 20
206.6843154966629
 30
0.0
 10
234.8869534060066
 20
206.7801382060031
 30
0.0
  0
LINE
  5
2B1
330
1F
100
AcDbEntity
  8
0
  6
Continuous
 62
     7
370
    25
100
AcDbLine
 10
228.3430161257266
 20
207.0632071703446
 30
0.0
 11
233.1655088804147
 21
208.0646000239846
 31
0.0
  0
SPLINE
  5
2B2
330
1F
100
AcDbEntity
  8
0
  6
Continuous
 62
     7
370
    25
100
AcDbSpline
210
0.0
220
0.0
230
1.0
 70
     8
 71
     3
 72
    13
 73
     9
 74
     0
 42
0.00000001
 43
0.0000000001
 40
0.0
 40
0.0
 40
0.0
 40
0.0
 40
0.0837574062253698
 40
0.152386218638607
 40
0.2165752443305581
 40
0.4143915959789202
 40
0.8129502857501584
 40
1.0
 40
1.0
 40
1.0
 40
1.0
 10
233.1655088804147
 20
208.0646000239846
 30
0.0
 10
233.19607368163
 20
208.0018750657216
 30
0.0
 10
233.2516825488403
 20
207.887754779114
 30
0.0
 10
233.3588235595194
 20
207.7751261526389
 30
0.0
 10
233.5327426513758
 20
207.6950008986262
 30
0.0
 10
233.8670892869629
 20
207.7256203475744
 30
0.0
 10
234.273250128845
 20
207.642413963734
 30
0.0
 10
234.5775582533891
 20
207.5622418984773
 30
0.0
 10
234.6747575888993
 20
207.5366340660177
 30
0.0
  0
LINE
  5
2B3
330
1F
100
AcDbEntity
  8
0
  6
Continuous
 62
     7
370
    25
100
AcDbLine
 10
230.2945725195529
 20
198.2477136590773
 30
0.0
 11
235.1170652742411
 21
199.2491065127174
 31
0.0
  0
SPLINE
  5
2B4
330
1F
100
AcDbEntity
  8
0
  6
Continuous
 62
     7
370
    25
100
AcDbSpline
210
0.0
220
0.0
230
1.0
 70
     8
 71
     3
 72
    13
 73
     9
 74
     0
 42
0.00000001
 43
0.0000000001
 40
0.0
 40
0.0
 40
0.0
 40
0.0
 40
0.0837574062254013
 40
0.1523862186386606
 40
0.2165752443306208
 40
0.4143915959789937
 40
0.8129502857502284
 40
0.9999999999999998
 40
0.9999999999999998
 40
0.9999999999999998
 40
0.9999999999999998
 10
235.1170652742411
 20
199.2491065127174
 30
0.0
 10
235.1372891271414
 20
199.1783358624341
 30
0.0
 10
235.1740839206847
 20
199.0495774364837
 30
0.0
 10
235.2639848569632
 20
198.8970642683482
 30
0.0
 10
235.4281220064284
 20
198.7410090645104
 30
0.0
 10
235.7763926971481
 20
198.6055458994428
 30
0.0
 10
236.1781275446099
 20
198.3336985343393
 30
0.0
 10
236.4759590646912
 20
198.1141330935035
 30
0.0
 10
236.5710897020647
 20
198.0440014958598
 30
0.0
  0
LINE
  5
2B5
330
1F
100
AcDbEntity
  8
0
  6
Continuous
 62
     7
370
    25
100
AcDbLine
 10
228.8806042204357
 20
209.5860632452633
 30
0.0
 11
233.703096975124
 21
210.5874560989035
 31
0.0
  0
LINE
  5
2B6
330
1F
100
AcDbEntity
  8
0
  6
Continuous
 62
     7
370
    25
100
AcDbLine
 10
233.9547487486213
 20
209.852204154692
 30
0.0
 11
229.1322559939331
 21
208.850811301052
 31
0.0
  0
ARC
  5
2B7
330
1F
100
AcDbEntity
  8
0
  6
Continuous
 62
     7
370
    25
100
AcDbCircle
 10
180.9030423074794
 20
192.1050984211899
 30
0.0
 40
55.94142756699355
100
AcDbArc
 50
18.49636066835276
 51
19.29230691154265
  0
LINE
  5
2B8
330
1F
100
AcDbEntity
  8
0
  6
Continuous
 62
     7
370
    25
100
AcDbLine
 10
230.6118264643118
 20
195.2941850706131
 30
0.0
 11
235.434319219
 21
196.2955779242531
 31
0.0
  0
SPLINE
  5
2B9
330
1F
100
AcDbEntity
  8
0
  6
Continuous
 62
     7
370
    25
100
AcDbSpline
210
0.0
220
0.0
230
1.0
 70
     8
 71
     3
 72
    13
 73
     9
 74
     0
 42
0.00000001
 43
0.0000000001
 40
0.0
 40
0.0
 40
0.0
 40
0.0
 40
0.0837574062253532
 40
0.1523862186385725
 40
0.2165752443305588
 40
0.4143915959789428
 40
0.81295028575014
 40
1.0
 40
1.0
 40
1.0
 40
1.0
 10
235.434319219
 20
196.2955779242531
 30
0.0
 10
235.439578964928
 20
196.3641181272282
 30
0.0
 10
235.449148420682
 20
196.4888185307722
 30
0.0
 10
235.5076803752411
 20
196.6283401373931
 30
0.0
 10
235.641089494983
 20
196.7583526586545
 30
0.0
 10
235.9665930597086
 20
196.8348438557354
 30
0.0
 10
236.3169980553938
 20
197.0408603191773
 30
0.0
 10
236.5728658348765
 20
197.2119633304909
 30
0.0
 10
236.6545927956055
 20
197.2666154993357
 30
0.0
  0
LINE
  5
2BA
330
1F
100
AcDbEntity
  8
0
  6
Continuous
 62
     7
370
    25
100
AcDbLine
 10
228.3371341375637
 20
207.0821238212104
 30
0.0
 11
233.159626892252
 21
208.0835166748504
 31
0.0
  0
SPLINE
  5
2BB
330
1F
100
AcDbEntity
  8
0
  6
Continuous
 62
     7
370
    25
100
AcDbSpline
210
0.0
220
0.0
230
1.0
 70
     8
 71
     3
 72
    13
 73
     9
 74
     0
 42
0.00000001
 43
0.0000000001
 40
0.0
 40
0.0
 40
0.0
 40
0.0
 40
0.0837574062253525
 40
0.1523862186386025
 40
0.2165752443305587
 40
0.4143915959789128
 40
0.8129502857501547
 40
1.0
 40
1.0
 40
1.0
 40
1.0
 10
233.159626892252
 20
208.0835166748504
 30
0.0
 10
233.1480115251972
 20
208.1564444065514
 30
0.0
 10
233.1268788046016
 20
208.2891273747644
 30
0.0
 10
233.1432925193811
 20
208.4682804610395
 30
0.0
 10
233.2246457779737
 20
208.6858497112442
 30
0.0
 10
233.479406982818
 20
208.9724182994445
 30
0.0
 10
233.7247496882839
 20
209.4064078798335
 30
0.0
 10
233.8990691957938
 20
209.7442831171023
 30
0.0
 10
233.9547487486213
 20
209.852204154692
 30
0.0
  0
LINE
  5
2BC
330
1F
100
AcDbEntity
  8
0
  6
Continuous
 62
     7
370
    25
100
AcDbLine
 10
232.0214787761591
 20
193.8635176534798
 30
0.0
 11
236.8439715308473
 21
194.8649105071198
 31
0.0
  0
LINE
  5
2BD
330
1F
100
AcDbEntity
  8
0
  6
Continuous
 62
     7
370
    25
100
AcDbLine
 10
236.882470925519
 20
194.0950584536944
 30
0.0
 11
232.0599781708308
 21
193.0936656000544
 31
0.0
  0
ARC
  5
2BE
330
1F
100
AcDbEntity
  8
0
  6
Continuous
 62
     7
370
    25
100
AcDbCircle
 10
182.3432152696981
 20
191.7535031810956
 30
0.0
 40
54.58949796971603
100
AcDbArc
 50
2.458392436445377
 51
3.267426475344163
  0
LINE
  5
2BF
330
1F
100
AcDbEntity
  8
0
  6
Continuous
 62
     7
370
    25
100
AcDbLine
 10
227.3810316213296
 20
209.8755721810491
 30
0.0
 11
232.2035243760177
 21
210.8769650346891
 31
0.0
  0
SPLINE
  5
2C0
330
1F
100
AcDbEntity
  8
0
  6
Continuous
 62
     7
370
    25
100
AcDbSpline
210
0.0
220
0.0
230
1.0
 70
     8
 71
     3
 72
    13
 73
     9
 74
     0
 42
0.00000001
 43
0.0000000001
 40
0.0
 40
0.0
 40
0.0
 40
0.0
 40
0.0837574062253687
 40
0.1523862186386411
 40
0.2165752443305926
 40
0.4143915959789079
 40
0.8129502857501622
 40
1.0
 40
1.0
 40
1.0
 40
1.0
 10
232.2035243760177
 20
210.8769650346891
 30
0.0
 10
232.2370060694278
 20
210.8181325132263
 30
0.0
 10
232.2979218604287
 20
210.7110940328969
 30
0.0
 10
232.4088717121071
 20
210.6140405282674
 30
0.0
 10
232.582829482079
 20
210.5610468251958
 30
0.0
 10
232.9062035656913
 20
210.647148904415
 30
0.0
 10
233.3062381237001
 20
210.6291747105953
 30
0.0
 10
233.607023002689
 20
210.5975555907891
 30
0.0
 10
233.703096975124
 20
210.5874560989035
 30
0.0
  0
LINE
  5
2C1
330
1F
100
AcDbEntity
  8
0
  6
Continuous
 62
     7
370
    25
100
AcDbLine
 10
230.6133735612594
 20
195.2745647554939
 30
0.0
 11
235.4358663159476
 21
196.2759576091339
 31
0.0
  0
SPLINE
  5
2C2
330
1F
100
AcDbEntity
  8
0
  6
Continuous
 62
     7
370
    25
100
AcDbSpline
210
0.0
220
0.0
230
1.0
 70
     8
 71
     3
 72
    13
 73
     9
 74
     0
 42
0.00000001
 43
0.0000000001
 40
0.0
 40
0.0
 40
0.0
 40
0.0
 40
0.0837574062251368
 40
0.1523862186381909
 40
0.2165752443299853
 40
0.4143915959777859
 40
0.8129502857479513
 40
1.0
 40
1.0
 40
1.0
 40
1.0
 10
235.4358663159476
 20
196.2759576091339
 30
0.0
 10
235.4522204074893
 20
196.203799094205
 30
0.0
 10
235.4819746499097
 20
196.0725156205622
 30
0.0
 10
235.5643699511225
 20
195.9094017770295
 30
0.0
 10
235.7221259947475
 20
195.7306461118171
 30
0.0
 10
236.0685623416482
 20
195.5416673373775
 30
0.0
 10
236.461266172535
 20
195.2112491079889
 30
0.0
 10
236.751323920964
 20
194.9487542341122
 30
0.0
 10
236.8439715308472
 20
194.8649105071197
 30
0.0
  0
LINE
  5
2C3
330
1F
100
AcDbEntity
  8
0
  6
Continuous
 62
     7
370
    25
100
AcDbLine
 10
227.3741787569599
 20
209.8938629972856
 30
0.0
 11
232.1966715116482
 21
210.8952558509257
 31
0.0
  0
LINE
  5
2C4
330
1F
100
AcDbEntity
  8
0
  6
Continuous
 62
     7
370
    25
100
AcDbLine
 10
232.8642440582778
 20
212.8264183377924
 30
0.0
 11
228.0417513035898
 21
211.8250254841525
 31
0.0
  0
SPLINE
  5
2C5
330
1F
100
AcDbEntity
  8
0
  6
Continuous
 62
     7
370
    25
100
AcDbSpline
210
0.0
220
0.0
230
1.0
 70
     8
 71
     3
 72
    13
 73
     9
 74
     0
 42
0.00000001
 43
0.0000000001
 40
0.0
 40
0.0
 40
0.0
 40
0.0
 40
0.0837574062253209
 40
0.1523862186385657
 40
0.2165752443305358
 40
0.4143915959789787
 40
0.8129502857502417
 40
1.0
 40
1.0
 40
1.0
 40
1.0
 10
232.1966715116482
 20
210.8952558509257
 30
0.0
 10
232.1810108123445
 20
210.9675881134263
 30
0.0
 10
232.1525181111533
 20
211.0991876992394
 30
0.0
 10
232.1577652928843
 20
211.2842626605288
 30
0.0
 10
232.2238783880552
 20
211.5191145972534
 30
0.0
 10
232.4545307341244
 20
211.8526980464668
 30
0.0
 10
232.6672026442487
 20
212.3348090108031
 30
0.0
 10
232.8165430902585
 20
212.7074066016035
 30
0.0
 10
232.8642440582778
 20
212.8264183377924
 30
0.0
  0
LINE
  5
2C6
330
1F
100
AcDbEntity
  8
0
  6
Continuous
 62
     7
370
    25
100
AcDbLine
 10
230.7596446072032
 20
192.3496599349066
 30
0.0
 11
235.5821373618913
 21
193.3510527885467
 31
0.0
  0
SPLINE
  5
2C7
330
1F
100
AcDbEntity
  8
0
  6
Continuous
 62
     7
370
    25
100
AcDbSpline
210
0.0
220
0.0
230
1.0
 70
     8
 71
     3
 72
    13
 73
     9
 74
     0
 42
0.00000001
 43
0.0000000001
 40
0.0
 40
0.0
 40
0.0
 40
0.0
 40
0.0837574062253353
 40
0.1523862186385667
 40
0.2165752443305714
 40
0.4143915959789453
 40
0.812950285750146
 40
1.0
 40
1.0
 40
1.0
 40
1.0
 10
235.5821373618913
 20
193.3510527885467
 30
0.0
 10
235.5915921993352
 20
193.4168550124598
 30
0.0
 10
235.608794104108
 20
193.5365740024814
 30
0.0
 10
235.6767266260799
 20
193.6626647137313
 30
0.0
 10
235.8203154036349
 20
193.7672043825898
 30
0.0
 10
236.1562548870995
 20
193.7881258400335
 30
0.0
 10
236.5252929094701
 20
193.9309402792432
 30
0.0
 10
236.7960031278496
 20
194.0553277410954
 30
0.0
 10
236.882470925519
 20
194.0950584536944
 30
0.0
  0
LINE
  5
2C8
330
1F
100
AcDbEntity
  8
0
  6
Continuous
 62
     7
370
    25
100
AcDbLine
 10
227.7529931785077
 20
212.5321686632604
 30
0.0
 11
232.575485933196
 21
213.5335615169004
 31
0.0
  0
ARC
  5
2C9
330
1F
100
AcDbEntity
  8
0
  6
Continuous
 62
     7
370
    25
100
AcDbCircle
 10
183.5445514588346
 20
193.0995143507589
 30
0.0
 40
53.11857320200924
100
AcDbArc
 50
21.80043498236929
 51
22.62433662323521
  0
LINE
  5
2CA
330
1F
100
AcDbEntity
  8
0
  6
Continuous
 62
     7
370
    25
100
AcDbLine
 10
226.2770977940997
 20
212.5805175099353
 30
0.0
 11
231.0995905487879
 21
213.5819103635753
 31
0.0
  0
SPLINE
  5
2CB
330
1F
100
AcDbEntity
  8
0
  6
Continuous
 62
     7
370
    25
100
AcDbSpline
210
0.0
220
0.0
230
1.0
 70
     8
 71
     3
 72
    10
 73
     6
 74
     0
 42
0.00000001
 43
0.0000000001
 40
0.0
 40
0.0
 40
0.0
 40
0.0
 40
0.4488828886934158
 40
0.8166867755614198
 40
1.0
 40
1.0
 40
1.0
 40
1.0
 10
231.0995905487879
 20
213.5819103635753
 30
0.0
 10
231.1356358978964
 20
213.528085270903
 30
0.0
 10
231.201215942667
 20
213.4301571865719
 30
0.0
 10
231.2995974940481
 20
213.3551218547717
 30
0.0
 10
231.3527021897765
 20
213.3486405442305
 30
0.0
 10
231.3703659363868
 20
213.3464847230637
 30
0.0
  0
SPLINE
  5
2CC
330
1F
100
AcDbEntity
  8
0
  6
Continuous
 62
     7
370
    25
100
AcDbSpline
210
0.0
220
0.0
230
1.0
 70
     8
 71
     3
 72
     9
 73
     5
 74
     0
 42
0.00000001
 43
0.0000000001
 40
0.0
 40
0.0
 40
0.0
 40
0.0
 40
0.5932287300110995
 40
1.0
 40
1.0
 40
1.0
 40
1.0
 10
231.8905613900192
 20
213.4436112889845
 30
0.0
 10
232.024120425242
 20
213.4719006716298
 30
0.0
 10
232.2492596143368
 20
213.5195878135603
 30
0.0
 10
232.4811568145558
 20
213.5295209872312
 30
0.0
 10
232.5754859331958
 20
213.5335615169005
 30
0.0
  0
LINE
  5
2CD
330
1F
100
AcDbEntity
  8
0
  6
Continuous
 62
     7
370
    25
100
AcDbLine
 10
232.1090846773164
 20
190.7265072218403
 30
0.0
 11
236.9315774320046
 21
191.7279000754804
 31
0.0
  0
LINE
  5
2CE
330
1F
100
AcDbEntity
  8
0
  6
Continuous
 62
     7
370
    25
100
AcDbLine
 10
236.9247136693406
 20
190.9727698663438
 30
0.0
 11
232.1022209146524
 21
189.9713770127038
 31
0.0
  0
ARC
  5
2CF
330
1F
100
AcDbEntity
  8
0
  6
Continuous
 62
     7
370
    25
100
AcDbCircle
 10
185.600659435701
 20
191.8168766064749
 30
0.0
 40
51.33099511178713
100
AcDbArc
 50
359.0577635682867
 51
359.9006841335632
  0
LINE
  5
2D0
330
1F
100
AcDbEntity
  8
0
  6
Continuous
 62
     7
370
    25
100
AcDbLine
 10
230.7600457743468
 20
192.3303218423981
 30
0.0
 11
235.5825385290349
 21
193.3317146960381
 31
0.0
  0
SPLINE
  5
2D1
330
1F
100
AcDbEntity
  8
0
  6
Continuous
 62
     7
370
    25
100
AcDbSpline
210
0.0
220
0.0
230
1.0
 70
     8
 71
     3
 72
    13
 73
     9
 74
     0
 42
0.00000001
 43
0.0000000001
 40
0.0
 40
0.0
 40
0.0
 40
0.0
 40
0.0837574062253784
 40
0.152386218638627
 40
0.2165752443306109
 40
0.4143915959789674
 40
0.8129502857501543
 40
1.0
 40
1.0
 40
1.0
 40
1.0
 10
235.5825385290349
 20
193.3317146960381
 30
0.0
 10
235.5948701654719
 20
193.2588420410755
 30
0.0
 10
235.6173060494245
 20
193.1262592781609
 30
0.0
 10
235.6914264128443
 20
192.9540677092394
 30
0.0
 10
235.841328424955
 20
192.7542805761354
 30
0.0
 10
236.1826958452075
 20
192.5135506362234
 30
0.0
 10
236.5627020896565
 20
192.1276465685335
 30
0.0
 10
236.842277875385
 20
191.8246731055306
 30
0.0
 10
236.9315774320046
 20
191.7279000754803
 30
0.0
  0
LWPOLYLINE
  5
2D2
330
1F
100
AcDbEntity
  8
0
  6
Continuous
 62
     7
370
    25
100
AcDbPolyline
 90
        9
 70
   128
 43
0.0
 10
234.6253269056431
 20
202.2430361834549
 10
234.6258004326936
 20
202.2405819642404
 10
234.6262738469393
 20
202.2381277266661
 10
234.6267471483773
 20
202.2356734707478
 10
234.6272203370046
 20
202.2332191965013
 10
234.6276934128181
 20
202.2307649039423
 10
234.6281663758149
 20
202.2283105930863
 10
234.6286392259918
 20
202.2258562639492
 10
234.6291119633459
 20
202.2234019165466
  0
LINE
  5
2D3
330
1F
100
AcDbEntity
  8
0
  6
Continuous
 62
     7
370
    25
100
AcDbLine
 10
226.2693380368717
 20
212.5980117151196
 30
0.0
 11
231.0918307915599
 21
213.5994045687595
 31
0.0
  0
LINE
  5
2D4
330
1F
100
AcDbEntity
  8
0
  6
Continuous
 62
     7
370
    25
100
AcDbLine
 10
231.6256210834495
 20
215.6750113188355
 30
0.0
 11
226.8031283287613
 21
214.6736184651955
 31
0.0
  0
SPLINE
  5
2D5
330
1F
100
AcDbEntity
  8
0
  6
Continuous
 62
     7
370
    25
100
AcDbSpline
210
0.0
220
0.0
230
1.0
 70
     8
 71
     3
 72
    13
 73
     9
 74
     0
 42
0.00000001
 43
0.0000000001
 40
0.0
 40
0.0
 40
0.0
 40
0.0
 40
0.0837574062253735
 40
0.1523862186386209
 40
0.2165752443305833
 40
0.4143915959789908
 40
0.8129502857501641
 40
1.0
 40
1.0
 40
1.0
 40
1.0
 10
231.0918307915599
 20
213.5994045687595
 30
0.0
 10
231.0722709797371
 20
213.6704660152136
 30
0.0
 10
231.0366843266246
 20
213.7997535087519
 30
0.0
 10
231.0307159837846
 20
213.9890223500078
 30
0.0
 10
231.0809716353781
 20
214.2389642239966
 30
0.0
 10
231.2853615838618
 20
214.6164479554367
 30
0.0
 10
231.4633770383221
 20
215.1421789635439
 30
0.0
 10
231.5863440713243
 20
215.546020064562
 30
0.0
 10
231.6256210834495
 20
215.6750113188355
 30
0.0
  0
LWPOLYLINE
  5
2D6
330
1F
100
AcDbEntity
  8
0
  6
Continuous
 62
     7
370
    25
100
AcDbPolyline
 90
        9
 70
   128
 43
0.0
 10
233.9717060784363
 20
205.1904394916395
 10
233.9723134828188
 20
205.1880188885852
 10
233.972920778579
 20
205.1855982483075
 10
233.973527965713
 20
205.1831775708218
 10
233.9741350442169
 20
205.1807568561437
 10
233.9747420140868
 20
205.1783361042886
 10
233.9753488753189
 20
205.175915315272
 10
233.9759556279092
 20
205.1734944891096
 10
233.9765622718539
 20
205.1710736258166
  0
LINE
  5
2D7
330
1F
100
AcDbEntity
  8
0
  6
Continuous
 62
     7
370
    25
100
AcDbLine
 10
230.7339682281301
 20
189.4613498379247
 30
0.0
 11
235.5564609828184
 21
190.4627426915649
 31
0.0
  0
SPLINE
  5
2D8
330
1F
100
AcDbEntity
  8
0
  6
Continuous
 62
     7
370
    25
100
AcDbSpline
210
0.0
220
0.0
230
1.0
 70
     8
 71
     3
 72
     9
 73
     5
 74
     0
 42
0.00000001
 43
0.0000000001
 40
0.0
 40
0.0
 40
0.0
 40
0.0
 40
0.7125123510177405
 40
1.0
 40
1.0
 40
1.0
 40
1.0
 10
235.5564609828184
 20
190.4627426915649
 30
0.0
 10
235.5685992559917
 20
190.5276739839762
 30
0.0
 10
235.5856351335538
 20
190.6188040427305
 30
0.0
 10
235.6285136161343
 20
190.674336717228
 30
0.0
 10
235.6408406502834
 20
190.690301675261
 30
0.0
  0
SPLINE
  5
2D9
330
1F
100
AcDbEntity
  8
0
  6
Continuous
 62
     7
370
    25
100
AcDbSpline
210
0.0
220
0.0
230
1.0
 70
     8
 71
     3
 72
     9
 73
     5
 74
     0
 42
0.00000001
 43
0.0000000001
 40
0.0
 40
0.0
 40
0.0
 40
0.0
 40
0.2206836422577624
 40
1.0
 40
1.0
 40
1.0
 40
1.0
 10
236.574374495724
 20
190.8897098970884
 30
0.0
 10
236.6006764805429
 20
190.8932517797639
 30
0.0
 10
236.7198605965466
 20
190.9093013729252
 30
0.0
 10
236.8349908104081
 20
190.9449715296921
 30
0.0
 10
236.9247136693406
 20
190.9727698663438
 30
0.0
  0
LWPOLYLINE
  5
2DA
330
1F
100
AcDbEntity
  8
0
  6
Continuous
 62
     7
370
    25
100
AcDbPolyline
 90
        9
 70
   128
 43
0.0
 10
235.1143866923171
 20
199.2688258608512
 10
235.1147219208409
 20
199.2663609398599
 10
235.1150570334309
 20
199.2638960195441
 10
235.1153920300848
 20
199.2614310999195
 10
235.1157269108008
 20
199.2589661810019
 10
235.1160616755766
 20
199.2565012628072
 10
235.11639632441
 20
199.254036345351
 10
235.1167308572989
 20
199.2515714286491
 10
235.1170652742411
 20
199.2491065127174
  0
LINE
  5
2DB
330
1F
100
AcDbEntity
  8
0
  6
Continuous
 62
     7
370
    25
100
AcDbLine
 10
226.4799599089069
 20
215.3460504738659
 30
0.0
 11
231.3024526635951
 21
216.3474433275059
 31
0.0
  0
ARC
  5
2DC
330
1F
100
AcDbEntity
  8
0
  6
Continuous
 62
     7
370
    25
100
AcDbCircle
 10
186.8530563500225
 20
194.5713495391867
 30
0.0
 40
49.49694024198577
100
AcDbArc
 50
25.23696465203701
 51
26.10058132704735
  0
LWPOLYLINE
  5
2DD
330
1F
100
AcDbEntity
  8
0
  6
Continuous
 62
     7
370
    25
100
AcDbPolyline
 90
        9
 70
   128
 43
0.0
 10
233.159626892252
 20
208.0835166748504
 10
233.1603625027955
 20
208.0811522884749
 10
233.1610980099133
 20
208.0787878463599
 10
233.1618334136007
 20
208.0764233485203
 10
233.1625687138527
 20
208.0740587949713
 10
233.1633039106648
 20
208.0716941857282
 10
233.1640390040324
 20
208.0693295208059
 10
233.1647739939506
 20
208.0669648002196
 10
233.1655088804147
 20
208.0646000239846
  0
LINE
  5
2DE
330
1F
100
AcDbEntity
  8
0
  6
Continuous
 62
     7
370
    25
100
AcDbLine
 10
225.041521776743
 20
215.1527878112754
 30
0.0
 11
229.8640145314312
 21
216.1541806649154
 31
0.0
  0
LINE
  5
2DF
330
1F
100
AcDbEntity
  8
0
  6
Continuous
 62
     7
370
    25
100
AcDbLine
 10
229.8640145314312
 20
216.1541806649154
 30
0.0
 11
229.9424907849893
 21
216.0650466136623
 31
0.0
  0
LWPOLYLINE
  5
2E0
330
1F
100
AcDbEntity
  8
0
  6
Continuous
 62
     7
370
    25
100
AcDbPolyline
 90
        9
 70
   128
 43
0.0
 10
235.434319219
 20
196.2955779242531
 10
235.4345130190587
 20
196.2931253157882
 10
235.434706701137
 20
196.2906727270277
 10
235.4349002652336
 20
196.2882201579871
 10
235.4350937113472
 20
196.2857676086823
 10
235.4352870394767
 20
196.2833150791288
 10
235.4354802496207
 20
196.2808625693425
 10
235.435673341778
 20
196.2784100793389
 10
235.4358663159476
 20
196.2759576091339
  0
LINE
  5
2E1
330
1F
100
AcDbEntity
  8
0
  6
Continuous
 62
     7
370
    25
100
AcDbLine
 10
232.0105966981655
 20
187.660866768469
 30
0.0
 11
236.8330894528537
 21
188.6622596221091
 31
0.0
  0
LINE
  5
2E2
330
1F
100
AcDbEntity
  8
0
  6
Continuous
 62
     7
370
    25
100
AcDbLine
 10
236.7809266179525
 20
187.9289017045692
 30
0.0
 11
231.9584338632645
 21
186.9275088509293
 31
0.0
  0
ARC
  5
2E3
330
1F
100
AcDbEntity
  8
0
  6
Continuous
 62
     7
370
    25
100
AcDbCircle
 10
189.5585956123015
 20
191.6563013668615
 30
0.0
 40
47.36920997704866
100
AcDbArc
 50
355.4868304061336
 51
356.376118910557
  0
LINE
  5
2E4
330
1F
100
AcDbEntity
  8
0
  6
Continuous
 62
     7
370
    25
100
AcDbLine
 10
230.7332197198804
 20
189.4424745225864
 30
0.0
 11
235.5557124745686
 21
190.4438673762264
 31
0.0
  0
SPLINE
  5
2E5
330
1F
100
AcDbEntity
  8
0
  6
Continuous
 62
     7
370
    25
100
AcDbSpline
210
0.0
220
0.0
230
1.0
 70
     8
 71
     3
 72
    13
 73
     9
 74
     0
 42
0.00000001
 43
0.0000000001
 40
0.0
 40
0.0
 40
0.0
 40
0.0
 40
0.0837574062253649
 40
0.1523862186386252
 40
0.2165752443306077
 40
0.4143915959789682
 40
0.8129502857501758
 40
1.0
 40
1.0
 40
1.0
 40
1.0
 10
235.5557124745686
 20
190.4438673762264
 30
0.0
 10
235.5639065187339
 20
190.3709609735749
 30
0.0
 10
235.5788145664154
 20
190.2383168109235
 30
0.0
 10
235.6439679501791
 20
190.058655222898
 30
0.0
 10
235.7846163360782
 20
189.8397019805346
 30
0.0
 10
236.117727574055
 20
189.5494685057373
 30
0.0
 10
236.4814882161506
 20
189.1116816820492
 30
0.0
 10
236.7479717153964
 20
188.771058411511
 30
0.0
 10
236.8330894528537
 20
188.6622596221091
 30
0.0
  0
LWPOLYLINE
  5
2E6
330
1F
100
AcDbEntity
  8
0
  6
Continuous
 62
     7
370
    25
100
AcDbPolyline
 90
        9
 70
   128
 43
0.0
 10
232.1966715116482
 20
210.8952558509257
 10
232.1975284601554
 20
210.8929697568675
 10
232.198385311399
 20
210.890683589074
 10
232.1992420653735
 20
210.8883973475597
 10
232.2000987220734
 20
210.8861110323393
 10
232.2009552814934
 20
210.8838246434275
 10
232.2018117436276
 20
210.8815381808387
 10
232.2026681084708
 20
210.8792516445876
 10
232.2035243760177
 20
210.8769650346891
  0
LINE
  5
2E7
330
1F
100
AcDbEntity
  8
0
  6
Continuous
 62
     7
370
    25
100
AcDbLine
 10
225.0329275774193
 20
215.1693220667272
 30
0.0
 11
229.8554203321074
 21
216.1707149203672
 31
0.0
  0
LINE
  5
2E8
330
1F
100
AcDbEntity
  8
0
  6
Continuous
 62
     7
370
    25
100
AcDbLine
 10
230.2504445131235
 20
218.3713865526682
 30
0.0
 11
225.4279517584353
 21
217.3699936990283
 31
0.0
  0
SPLINE
  5
2E9
330
1F
100
AcDbEntity
  8
0
  6
Continuous
 62
     7
370
    25
100
AcDbSpline
210
0.0
220
0.0
230
1.0
 70
     8
 71
     3
 72
    13
 73
     9
 74
     0
 42
0.00000001
 43
0.0000000001
 40
0.0
 40
0.0
 40
0.0
 40
0.0
 40
0.0837574062253736
 40
0.1523862186385975
 40
0.2165752443305792
 40
0.4143915959789354
 40
0.8129502857501387
 40
1.0
 40
1.0
 40
1.0
 40
1.0
 10
229.8554203321074
 20
216.1707149203672
 30
0.0
 10
229.8321440324587
 20
216.2398420691959
 30
0.0
 10
229.7897956904163
 20
216.3656103479664
 30
0.0
 10
229.7726675478143
 20
216.5573059170139
 30
0.0
 10
229.8065965323522
 20
216.8200040883324
 30
0.0
 10
229.9828157493707
 20
217.237863638106
 30
0.0
 10
230.1245126658328
 20
217.8023060812121
 30
0.0
 10
230.2199581757724
 20
218.2336201368966
 30
0.0
 10
230.2504445131235
 20
218.3713865526682
 30
0.0
  0
LINE
  5
2EA
330
1F
100
AcDbEntity
  8
0
  6
Continuous
 62
     7
370
    25
100
AcDbLine
 10
230.5350370605261
 20
186.6562221528306
 30
0.0
 11
231.7543543700465
 21
186.909413956776
 31
0.0
  0
LWPOLYLINE
  5
2EB
330
1F
100
AcDbEntity
  8
0
  6
Continuous
 62
     7
370
    25
100
AcDbPolyline
 90
        9
 70
   128
 43
0.0
 10
235.5821373618913
 20
193.3510527885467
 10
235.5821879240261
 20
193.3486353919527
 10
235.5822383672353
 20
193.3462180339078
 10
235.5822886915186
 20
193.3438007144276
 10
235.5823388968756
 20
193.3413834335276
 10
235.5823889833061
 20
193.3389661912231
 10
235.5824389508097
 20
193.3365489875297
 10
235.5824887993861
 20
193.3341318224629
 10
235.5825385290349
 20
193.3317146960381
  0
LINE
  5
2EC
330
1F
100
AcDbEntity
  8
0
  6
Continuous
 62
     7
370
    25
100
AcDbLine
 10
225.0733903802717
 20
218.0014362207733
 30
0.0
 11
229.8958831349598
 21
219.0028290744133
 31
0.0
  0
ARC
  5
2ED
330
1F
100
AcDbEntity
  8
0
  6
Continuous
 62
     7
370
    25
100
AcDbCircle
 10
190.6027953837421
 20
196.5240957437391
 30
0.0
 40
45.26853429454571
100
AcDbArc
 50
28.85635627554594
 51
29.77294817335713
  0
LWPOLYLINE
  5
2EE
330
1F
100
AcDbEntity
  8
0
  6
Continuous
 62
     7
370
    25
100
AcDbPolyline
 90
        9
 70
   128
 43
0.0
 10
231.0918307915599
 20
213.5994045687595
 10
231.0928010769334
 20
213.597218111663
 10
231.0937712721137
 20
213.5950315635238
 10
231.0947413770943
 20
213.5928449243559
 10
231.0957113918693
 20
213.5906581941731
 10
231.0966813164324
 20
213.5884713729897
 10
231.0976511507772
 20
213.5862844608197
 10
231.0986208948978
 20
213.5840974576768
 10
231.0995905487879
 20
213.5819103635753
  0
LINE
  5
2EF
330
1F
100
AcDbEntity
  8
0
  6
Continuous
 62
     7
370
    25
100
AcDbLine
 10
223.685839809626
 20
217.5683664903262
 30
0.0
 11
224.558805898636
 21
217.7496383029494
 31
0.0
  0
LINE
  5
2F0
330
1F
100
AcDbEntity
  8
0
  6
Continuous
 62
     7
370
    25
100
AcDbLine
 10
231.7269343944277
 20
184.6952193522912
 30
0.0
 11
236.5494271491159
 21
185.6966122059312
 31
0.0
  0
LINE
  5
2F1
330
1F
100
AcDbEntity
  8
0
  6
Continuous
 62
     7
370
    25
100
AcDbLine
 10
236.4524522723124
 20
184.9918737452715
 30
0.0
 11
231.6299595176244
 21
183.9904808916314
 31
0.0
  0
ARC
  5
2F2
330
1F
100
AcDbEntity
  8
0
  6
Continuous
 62
     7
370
    25
100
AcDbCircle
 10
193.9923576200776
 20
191.1935966599054
 30
0.0
 40
42.91061646010965
100
AcDbArc
 50
351.6901368787659
 51
352.6400065911161
  0
LINE
  5
2F3
330
1F
100
AcDbEntity
  8
0
  6
Continuous
 62
     7
370
    25
100
AcDbLine
 10
230.5331458655029
 20
186.6379858483958
 30
0.0
 11
231.9043200301361
 21
186.9227107986251
 31
0.0
  0
SPLINE
  5
2F4
330
1F
100
AcDbEntity
  8
0
  6
Continuous
 62
     7
370
    25
100
AcDbSpline
210
0.0
220
0.0
230
1.0
 70
     8
 71
     3
 72
    13
 73
     9
 74
     0
 42
0.00000001
 43
0.0000000001
 40
0.0
 40
0.0
 40
0.0
 40
0.0
 40
0.0837574062253703
 40
0.1523862186386196
 40
0.2165752443306009
 40
0.4143915959789317
 40
0.8129502857501403
 40
0.9999999999999998
 40
0.9999999999999998
 40
0.9999999999999998
 40
0.9999999999999998
 10
235.3556386201911
 20
187.6393787020358
 30
0.0
 10
235.3596185665018
 20
187.5671192591334
 30
0.0
 10
235.3668595854878
 20
187.435652159553
 30
0.0
 10
235.422437670007
 20
187.2501980042636
 30
0.0
 10
235.5525192336091
 20
187.0141229600705
 30
0.0
 10
235.8742641194356
 20
186.6770957821442
 30
0.0
 10
236.2183828240709
 20
186.1915137000748
 30
0.0
 10
236.4692859522017
 20
185.8164209297022
 30
0.0
 10
236.5494271491159
 20
185.6966122059312
 30
0.0
  0
LWPOLYLINE
  5
2F5
330
1F
100
AcDbEntity
  8
0
  6
Continuous
 62
     7
370
    25
100
AcDbPolyline
 90
        9
 70
   128
 43
0.0
 10
235.5564609828184
 20
190.4627426915649
 10
235.5563678349442
 20
190.4603830774224
 10
235.5562745683097
 20
190.458023520314
 10
235.5561811829154
 20
190.4556640202549
 10
235.556087678762
 20
190.4533045772601
 10
235.55599405585
 20
190.4509451913447
 10
235.55590031418
 20
190.4485858625239
 10
235.5558064537527
 20
190.4462265908128
 10
235.5557124745686
 20
190.4438673762264
  0
LINE
  5
2F6
330
1F
100
AcDbEntity
  8
0
  6
Continuous
 62
     7
370
    25
100
AcDbLine
 10
223.6764914099298
 20
217.5837864201572
 30
0.0
 11
224.6085552260549
 21
217.777329903182
 31
0.0
  0
LINE
  5
2F7
330
1F
100
AcDbEntity
  8
0
  6
Continuous
 62
     7
370
    25
100
AcDbLine
 10
228.7515540004159
 20
220.8903687102314
 30
0.0
 11
223.9290612457277
 21
219.8889758565914
 31
0.0
  0
SPLINE
  5
2F8
330
1F
100
AcDbEntity
  8
0
  6
Continuous
 62
     7
370
    25
100
AcDbSpline
210
0.0
220
0.0
230
1.0
 70
     8
 71
     3
 72
    13
 73
     9
 74
     0
 42
0.00000001
 43
0.0000000001
 40
0.0
 40
0.0
 40
0.0
 40
0.0
 40
0.0367142178584626
 40
0.1088666801998853
 40
0.1763514012101421
 40
0.3843243554393134
 40
0.8033464810359244
 40
1.0
 40
1.0
 40
1.0
 40
1.0
 10
228.4572432306394
 20
218.7040948320969
 30
0.0
 10
228.4465257583156
 20
218.73206050567
 30
0.0
 10
228.4147458185515
 20
218.8149856016967
 30
0.0
 10
228.3960930602757
 20
218.9654922734242
 30
0.0
 10
228.4120017170583
 20
219.2378154570126
 30
0.0
 10
228.5595768850244
 20
219.6927269578377
 30
0.0
 10
228.6630406103065
 20
220.2903192071212
 30
0.0
 10
228.7301261477399
 20
220.7451051254215
 30
0.0
 10
228.7515540004159
 20
220.8903687102314
 30
0.0
  0
LINE
  5
2F9
330
1F
100
AcDbEntity
  8
0
  6
Continuous
 62
     7
370
    25
100
AcDbLine
 10
230.1647084711039
 20
183.9604676010194
 30
0.0
 11
230.8472959268844
 21
184.1022072022948
 31
0.0
  0
LWPOLYLINE
  5
2FA
330
1F
100
AcDbEntity
  8
0
  6
Continuous
 62
     7
370
    25
100
AcDbPolyline
 90
        9
 70
   128
 43
0.0
 10
229.8554203321074
 20
216.1707149203672
 10
229.8564948950541
 20
216.1686485145931
 10
229.85756937572
 20
216.166582001319
 10
229.858643774098
 20
216.1645153805582
 10
229.8597180901815
 20
216.1624486523238
 10
229.8607923239633
 20
216.1603818166291
 10
229.8618664754369
 20
216.1583148734873
 10
229.8629405445951
 20
216.1562478229116
 10
229.8640145314312
 20
216.1541806649154
  0
LINE
  5
2FB
330
1F
100
AcDbEntity
  8
0
  6
Continuous
 62
     7
370
    25
100
AcDbLine
 10
223.5464173533114
 20
220.4735332827179
 30
0.0
 11
228.3689101079996
 21
221.4749261363578
 31
0.0
  0
ARC
  5
2FC
330
1F
100
AcDbEntity
  8
0
  6
Continuous
 62
     7
370
    25
100
AcDbCircle
 10
194.5505461090146
 20
198.9203374631613
 30
0.0
 40
40.64961517388481
100
AcDbArc
 50
32.71586355487428
 51
33.70063739075344
  0
LINE
  5
2FD
330
1F
100
AcDbEntity
  8
0
  6
Continuous
 62
     7
370
    25
100
AcDbLine
 10
222.2227095300072
 20
219.8046999398034
 30
0.0
 11
222.7913698755346
 21
219.9227825238791
 31
0.0
  0
LINE
  5
2FE
330
1F
100
AcDbEntity
  8
0
  6
Continuous
 62
     7
370
    25
100
AcDbLine
 10
230.1616922468856
 20
183.9430405749493
 30
0.0
 11
230.8904892492933
 21
184.0943756099798
 31
0.0
  0
LINE
  5
2FF
330
1F
100
AcDbEntity
  8
0
  6
Continuous
 62
     7
370
    25
100
AcDbLine
 10
231.2607462446042
 20
181.8572544241814
 30
0.0
 11
236.0832389992923
 21
182.8586472778214
 31
0.0
  0
SPLINE
  5
300
330
1F
100
AcDbEntity
  8
0
  6
Continuous
 62
     7
370
    25
100
AcDbSpline
210
0.0
220
0.0
230
1.0
 70
     8
 71
     3
 72
    12
 73
     8
 74
     0
 42
0.00000001
 43
0.0000000001
 40
0.0
 40
0.0
 40
0.0
 40
0.0
 40
0.0590070968847322
 40
0.1302676390824023
 40
0.3498768374159538
 40
0.7923435678969907
 40
1.0
 40
1.0
 40
1.0
 40
1.0
 10
235.002635228684
 20
184.690818564802
 30
0.0
 10
235.011858173834
 20
184.644711929787
 30
0.0
 10
235.0322193058587
 20
184.5429241312587
 30
0.0
 10
235.1493838998672
 20
184.3041650469845
 30
0.0
 10
235.4528272912588
 20
183.9230583162125
 30
0.0
 10
235.7760756828263
 20
183.3944331085913
 30
0.0
 10
236.008879060253
 20
182.9883535271635
 30
0.0
 10
236.0832389992923
 20
182.8586472778214
 30
0.0
  0
LINE
  5
301
330
1F
100
AcDbEntity
  8
0
  6
Continuous
 62
     7
370
    25
100
AcDbLine
 10
235.9423575088831
 20
182.1891082271677
 30
0.0
 11
231.1198647541948
 21
181.1877153735277
 31
0.0
  0
ARC
  5
302
330
1F
100
AcDbEntity
  8
0
  6
Continuous
 62
     7
370
    25
100
AcDbCircle
 10
198.654497183961
 20
190.3846487243712
 30
0.0
 40
38.1778916606484
100
AcDbArc
 50
347.6039975342652
 51
348.63083049912
  0
LINE
  5
303
330
1F
100
AcDbEntity
  8
0
  6
Continuous
 62
     7
370
    25
100
AcDbLine
 10
222.2126942134274
 20
219.8188615722833
 30
0.0
 11
222.8196674244624
 21
219.9448998406229
 31
0.0
  0
LINE
  5
304
330
1F
100
AcDbEntity
  8
0
  6
Continuous
 62
     7
370
    25
100
AcDbLine
 10
227.1429442821898
 20
223.2084387338218
 30
0.0
 11
222.3204515275016
 21
222.2070458801818
 31
0.0
  0
SPLINE
  5
305
330
1F
100
AcDbEntity
  8
0
  6
Continuous
 62
     7
370
    25
100
AcDbSpline
210
0.0
220
0.0
230
1.0
 70
     8
 71
     3
 72
    12
 73
     8
 74
     0
 42
0.00000001
 43
0.0000000001
 40
0.0
 40
0.0
 40
0.0
 40
0.0
 40
0.0083969831304529
 40
0.0834901835074761
 40
0.3149107849582808
 40
0.7811750292016113
 40
1.0
 40
1.0
 40
1.0
 40
1.0
 10
226.9210613948296
 20
221.1742796806196
 30
0.0
 10
226.919748978135
 20
221.1804388290723
 30
0.0
 10
226.9066997783234
 20
221.2416784941487
 30
0.0
 10
226.9191322183596
 20
221.4715096612126
 30
0.0
 10
227.0217632635123
 20
221.9567630588144
 30
0.0
 10
227.0935610837615
 20
222.5831688054798
 30
0.0
 10
227.1309893011492
 20
223.0570696371156
 30
0.0
 10
227.1429442821898
 20
223.2084387338218
 30
0.0
  0
LINE
  5
306
330
1F
100
AcDbEntity
  8
0
  6
Continuous
 62
     7
370
    25
100
AcDbLine
 10
229.6264401181232
 20
181.3992557164097
 30
0.0
 11
230.1199821586128
 21
181.5017399496595
 31
0.0
  0
LINE
  5
307
330
1F
100
AcDbEntity
  8
0
  6
Continuous
 62
     7
370
    25
100
AcDbLine
 10
221.9132977637583
 20
222.7392603555031
 30
0.0
 11
226.7357905184464
 21
223.740653209143
 31
0.0
  0
ARC
  5
308
330
1F
100
AcDbEntity
  8
0
  6
Continuous
 62
     7
370
    25
100
AcDbCircle
 10
198.4552835903954
 20
201.6837032421662
 30
0.0
 40
35.86497056953012
100
AcDbArc
 50
36.88138712976583
 51
37.95190624254069
  0
LINE
  5
309
330
1F
100
AcDbEntity
  8
0
  6
Continuous
 62
     7
370
    25
100
AcDbLine
 10
220.6657917910877
 20
221.8409081168363
 30
0.0
 11
221.1061851731353
 21
221.9323560065495
 31
0.0
  0
LINE
  5
30A
330
1F
100
AcDbEntity
  8
0
  6
Continuous
 62
     7
370
    25
100
AcDbLine
 10
229.6223270263826
 20
181.3828006801514
 30
0.0
 11
230.1454170575031
 21
181.4914205673384
 31
0.0
  0
LINE
  5
30B
330
1F
100
AcDbEntity
  8
0
  6
Continuous
 62
     7
370
    25
100
AcDbLine
 10
230.6163849218425
 20
179.1734692980259
 30
0.0
 11
235.4388776765307
 21
180.1748621516659
 31
0.0
  0
SPLINE
  5
30C
330
1F
100
AcDbEntity
  8
0
  6
Continuous
 62
     7
370
    25
100
AcDbSpline
210
0.0
220
0.0
230
1.0
 70
     8
 71
     3
 72
    11
 73
     7
 74
     0
 42
0.00000001
 43
0.0000000001
 40
0.0
 40
0.0
 40
0.0
 40
0.0
 40
0.0253918378862096
 40
0.271482390323893
 40
0.7673035260761752
 40
1.0
 40
1.0
 40
1.0
 40
1.0
 10
234.5131729890827
 20
181.8923373998254
 30
0.0
 10
234.5192594332748
 20
181.8759244486704
 30
0.0
 10
234.5843339830294
 20
181.7004417903538
 30
0.0
 10
234.869296432745
 20
181.3191992456799
 30
0.0
 10
235.1571058530611
 20
180.7457392427171
 30
0.0
 10
235.3706646624988
 20
180.3130635038912
 30
0.0
 10
235.4388776765307
 20
180.1748621516659
 30
0.0
  0
LINE
  5
30D
330
1F
100
AcDbEntity
  8
0
  6
Continuous
 62
     7
370
    25
100
AcDbLine
 10
235.2554049450329
 20
179.5467738167366
 30
0.0
 11
230.4329121903447
 21
178.5453809630965
 31
0.0
  0
ARC
  5
30E
330
1F
100
AcDbEntity
  8
0
  6
Continuous
 62
     7
370
    25
100
AcDbCircle
 10
203.2943013986493
 20
189.2238673578237
 30
0.0
 40
33.39398567565133
100
AcDbArc
 50
343.1548840775119
 51
344.2775820786976
  0
LINE
  5
30F
330
1F
100
AcDbEntity
  8
0
  6
Continuous
 62
     7
370
    25
100
AcDbLine
 10
220.6552030679373
 20
221.8536792286188
 30
0.0
 11
221.1219624704234
 21
221.9506020346851
 31
0.0
  0
LINE
  5
310
330
1F
100
AcDbEntity
  8
0
  6
Continuous
 62
     7
370
    25
100
AcDbLine
 10
225.4396345139679
 20
225.3039534282
 30
0.0
 11
220.6171417592798
 21
224.30256057456
 31
0.0
  0
SPLINE
  5
311
330
1F
100
AcDbEntity
  8
0
  6
Continuous
 62
     7
370
    25
100
AcDbSpline
210
0.0
220
0.0
230
1.0
 70
     8
 71
     3
 72
    10
 73
     6
 74
     0
 42
0.00000001
 43
0.0000000001
 40
0.0
 40
0.0
 40
0.0
 40
0.0
 40
0.2240155898177062
 40
0.7521421120491155
 40
1.0
 40
1.0
 40
1.0
 40
1.0
 10
225.3346151399938
 20
223.4496984929717
 30
0.0
 10
225.3469778670697
 20
223.5856835704898
 30
0.0
 10
225.3884862623608
 20
224.0422593985153
 30
0.0
 10
225.4303071488429
 20
224.6581212926336
 30
0.0
 10
225.4373764894418
 20
225.1476065089682
 30
0.0
 10
225.4396345139679
 20
225.3039534282
 30
0.0
  0
LINE
  5
312
330
1F
100
AcDbEntity
  8
0
  6
Continuous
 62
     7
370
    25
100
AcDbLine
 10
228.9252576681676
 20
178.9964998442877
 30
0.0
 11
229.3208347932327
 21
179.0786416174855
 31
0.0
  0
LINE
  5
313
330
1F
100
AcDbEntity
  8
0
  6
Continuous
 62
     7
370
    25
100
AcDbLine
 10
220.1892796092002
 20
224.7774629559171
 30
0.0
 11
225.0117723638883
 21
225.7788558095571
 31
0.0
  0
ARC
  5
314
330
1F
100
AcDbEntity
  8
0
  6
Continuous
 62
     7
370
    25
100
AcDbCircle
 10
202.0974803456515
 20
204.704088048825
 30
0.0
 40
31.1321476108832
100
AcDbArc
 50
41.42897450122449
 51
42.60541361013406
  0
LINE
  5
315
330
1F
100
AcDbEntity
  8
0
  6
Continuous
 62
     7
370
    25
100
AcDbLine
 10
228.9200861117339
 20
178.9811704340808
 30
0.0
 11
229.339346141651
 21
179.0682299734379
 31
0.0
  0
LINE
  5
316
330
1F
100
AcDbEntity
  8
0
  6
Continuous
 62
     7
370
    25
100
AcDbLine
 10
229.7998666541994
 20
176.6689217524406
 30
0.0
 11
234.6223594088876
 21
177.6703146060805
 31
0.0
  0
SPLINE
  5
317
330
1F
100
AcDbEntity
  8
0
  6
Continuous
 62
     7
370
    25
100
AcDbSpline
210
0.0
220
0.0
230
1.0
 70
     8
 71
     3
 72
    10
 73
     6
 74
     0
 42
0.00000001
 43
0.0000000001
 40
0.0
 40
0.0
 40
0.0
 40
0.0
 40
0.165792870079116
 40
0.7335451400535638
 40
0.9999999999999998
 40
0.9999999999999998
 40
0.9999999999999998
 40
0.9999999999999998
 10
233.8886662564695
 20
179.2629698951671
 30
0.0
 10
233.9316277593347
 20
179.1776687024858
 30
0.0
 10
234.1217095259465
 20
178.8002563607955
 30
0.0
 10
234.3721073443542
 20
178.2739607491503
 30
0.0
 10
234.5617768872592
 20
177.8164488870764
 30
0.0
 10
234.6223594088876
 20
177.6703146060805
 30
0.0
  0
LINE
  5
318
330
1F
100
AcDbEntity
  8
0
  6
Continuous
 62
     7
370
    25
100
AcDbLine
 10
219.029623114308
 20
223.6579794943029
 30
0.0
 11
219.3917222731585
 21
223.7331695523138
 31
0.0
  0
LINE
  5
319
330
1F
100
AcDbEntity
  8
0
  6
Continuous
 62
     7
370
    25
100
AcDbLine
 10
234.3980084717613
 20
177.0895412784297
 30
0.0
 11
229.5755157170731
 21
176.0881484247896
 31
0.0
  0
ARC
  5
31A
330
1F
100
AcDbEntity
  8
0
  6
Continuous
 62
     7
370
    25
100
AcDbCircle
 10
207.6774351273249
 20
187.7453356758081
 30
0.0
 40
28.76690796895987
100
AcDbArc
 50
338.2585715047183
 51
339.4986442898751
  0
LINE
  5
31B
330
1F
100
AcDbEntity
  8
0
  6
Continuous
 62
     7
370
    25
100
AcDbLine
 10
219.0185598486419
 20
223.6692408449576
 30
0.0
 11
219.4023376116952
 21
223.7489324751698
 31
0.0
  0
LINE
  5
31C
330
1F
100
AcDbEntity
  8
0
  6
Continuous
 62
     7
370
    25
100
AcDbLine
 10
223.6575280401245
 20
227.1573475372696
 30
0.0
 11
218.8350352854364
 21
226.1559546836296
 31
0.0
  0
SPLINE
  5
31D
330
1F
100
AcDbEntity
  8
0
  6
Continuous
 62
     7
370
    25
100
AcDbSpline
210
0.0
220
0.0
230
1.0
 70
     8
 71
     3
 72
    10
 73
     6
 74
     0
 42
0.00000001
 43
0.0000000001
 40
0.0
 40
0.0
 40
0.0
 40
0.0
 40
0.1061410351910557
 40
0.7144916930851079
 40
1.0
 40
1.0
 40
1.0
 40
1.0
 10
223.6726477078396
 20
225.5007859546265
 30
0.0
 10
223.6741873575014
 20
225.558593164088
 30
0.0
 10
223.6845515572807
 20
225.9477241998493
 30
0.0
 10
223.6869637249384
 20
226.4984210440696
 30
0.0
 10
223.6646540073576
 20
226.9978306573583
 30
0.0
 10
223.6575280401245
 20
227.1573475372696
 30
0.0
  0
LINE
  5
31E
330
1F
100
AcDbEntity
  8
0
  6
Continuous
 62
     7
370
    25
100
AcDbLine
 10
228.0677078728487
 20
176.7746338688437
 30
0.0
 11
228.4003613261896
 21
176.8437095124703
 31
0.0
  0
LINE
  5
31F
330
1F
100
AcDbEntity
  8
0
  6
Continuous
 62
     7
370
    25
100
AcDbLine
 10
218.3904595826345
 20
226.5691109354431
 30
0.0
 11
223.2129523373228
 21
227.5705037890831
 31
0.0
  0
ARC
  5
320
330
1F
100
AcDbEntity
  8
0
  6
Continuous
 62
     7
370
    25
100
AcDbCircle
 10
205.2964438899411
 20
207.8457214072487
 30
0.0
 40
26.64710706541755
100
AcDbArc
 50
46.4453563405696
 51
47.7503539680949
  0
LINE
  5
321
330
1F
100
AcDbEntity
  8
0
  6
Continuous
 62
     7
370
    25
100
AcDbLine
 10
228.0615261371513
 20
176.7605732112613
 30
0.0
 11
228.4140953024607
 21
176.8337843617003
 31
0.0
  0
LINE
  5
322
330
1F
100
AcDbEntity
  8
0
  6
Continuous
 62
     7
370
    25
100
AcDbLine
 10
228.8188150527412
 20
174.3669960730452
 30
0.0
 11
233.6413078074293
 21
175.3683889266852
 31
0.0
  0
SPLINE
  5
323
330
1F
100
AcDbEntity
  8
0
  6
Continuous
 62
     7
370
    25
100
AcDbSpline
210
0.0
220
0.0
230
1.0
 70
     8
 71
     3
 72
    10
 73
     6
 74
     0
 42
0.00000001
 43
0.0000000001
 40
0.0
 40
0.0
 40
0.0
 40
0.0
 40
0.0348569898675019
 40
0.6917227911758947
 40
0.9999999999999998
 40
0.9999999999999998
 40
0.9999999999999998
 40
0.9999999999999998
 10
233.0842272445477
 20
176.8167339982323
 30
0.0
 10
233.0912307246519
 20
176.8003565540901
 30
0.0
 10
233.2302119397272
 20
176.475352834108
 30
0.0
 10
233.4225458756169
 20
175.9965238518268
 30
0.0
 10
233.5883486061128
 20
175.5204515990105
 30
0.0
 10
233.6413078074293
 20
175.3683889266852
 30
0.0
  0
LINE
  5
324
330
1F
100
AcDbEntity
  8
0
  6
Continuous
 62
     7
370
    25
100
AcDbLine
 10
217.3294799657613
 20
225.2389485663343
 30
0.0
 11
217.6393781036499
 21
225.30329905817
 31
0.0
  0
LINE
  5
325
330
1F
100
AcDbEntity
  8
0
  6
Continuous
 62
     7
370
    25
100
AcDbLine
 10
233.3781733689265
 20
174.8403531303925
 30
0.0
 11
228.5556806142382
 21
173.8389602767525
 31
0.0
  0
ARC
  5
326
330
1F
100
AcDbEntity
  8
0
  6
Continuous
 62
     7
370
    25
100
AcDbCircle
 10
211.6040802530644
 20
186.0205507132969
 30
0.0
 40
24.47668174019939
100
AcDbArc
 50
332.821165889484
 51
334.2022134035885
  0
LINE
  5
327
330
1F
100
AcDbEntity
  8
0
  6
Continuous
 62
     7
370
    25
100
AcDbLine
 10
217.3180454523101
 20
225.2485950116648
 30
0.0
 11
217.6464969585517
 21
225.3167981190304
 31
0.0
  0
LINE
  5
328
330
1F
100
AcDbEntity
  8
0
  6
Continuous
 62
     7
370
    25
100
AcDbLine
 10
221.8132639086437
 20
228.7513164196041
 30
0.0
 11
216.9907711539554
 21
227.7499235659642
 31
0.0
  0
SPLINE
  5
329
330
1F
100
AcDbEntity
  8
0
  6
Continuous
 62
     7
370
    25
100
AcDbSpline
210
0.0
220
0.0
230
1.0
 70
     8
 71
     3
 72
     9
 73
     5
 74
     0
 42
0.00000001
 43
0.0000000001
 40
0.0
 40
0.0
 40
0.0
 40
0.0
 40
0.6680606290146202
 40
1.0
 40
1.0
 40
1.0
 40
1.0
 10
221.9176292789709
 20
227.3015293561972
 30
0.0
 10
221.9026197181704
 20
227.6229881913669
 30
0.0
 10
221.8801523549573
 20
228.1041703194677
 30
0.0
 10
221.8299335178461
 20
228.5900378553584
 30
0.0
 10
221.8132639086437
 20
228.7513164196041
 30
0.0
  0
LINE
  5
32A
330
1F
100
AcDbEntity
  8
0
  6
Continuous
 62
     7
370
    25
100
AcDbLine
 10
227.0617974435514
 20
174.7544027540415
 30
0.0
 11
227.336578465083
 21
174.8114611604041
 31
0.0
  0
LINE
  5
32B
330
1F
100
AcDbEntity
  8
0
  6
Continuous
 62
     7
370
    25
100
AcDbLine
 10
216.5336327819838
 20
228.0974761596302
 30
0.0
 11
221.356125536672
 21
229.0988690132702
 31
0.0
  0
ARC
  5
32C
330
1F
100
AcDbEntity
  8
0
  6
Continuous
 62
     7
370
    25
100
AcDbCircle
 10
207.9242533226223
 20
210.9574180224949
 30
0.0
 40
22.57271439648451
100
AcDbArc
 50
52.02621541766356
 51
53.48387129610949
  0
LINE
  5
32D
330
1F
100
AcDbEntity
  8
0
  6
Continuous
 62
     7
370
    25
100
AcDbLine
 10
227.0546632457908
 20
174.741742129655
 30
0.0
 11
227.3534754090117
 21
174.8037906137174
 31
0.0
  0
LINE
  5
32E
330
1F
100
AcDbEntity
  8
0
  6
Continuous
 62
     7
370
    25
100
AcDbLine
 10
227.6823899319406
 20
172.2891847196887
 30
0.0
 11
232.5048826866288
 21
173.2905775733287
 31
0.0
  0
SPLINE
  5
32F
330
1F
100
AcDbEntity
  8
0
  6
Continuous
 62
     7
370
    25
100
AcDbSpline
210
0.0
220
0.0
230
1.0
 70
     8
 71
     3
 72
     9
 73
     5
 74
     0
 42
0.00000001
 43
0.0000000001
 40
0.0
 40
0.0
 40
0.0
 40
0.0
 40
0.6392236804455439
 40
1.0
 40
1.0
 40
1.0
 40
1.0
 10
232.0976789294335
 20
174.5744578670793
 30
0.0
 10
232.1909304099175
 20
174.3044002769718
 30
0.0
 10
232.3368128034155
 20
173.881922827577
 30
0.0
 10
232.4603230973544
 20
173.4473582002017
 30
0.0
 10
232.5048826866288
 20
173.2905775733287
 30
0.0
  0
LINE
  5
330
330
1F
100
AcDbEntity
  8
0
  6
Continuous
 62
     7
370
    25
100
AcDbLine
 10
215.581236123947
 20
226.5690542506741
 30
0.0
 11
215.8286594526036
 21
226.6204318194428
 31
0.0
  0
LINE
  5
331
330
1F
100
AcDbEntity
  8
0
  6
Continuous
 62
     7
370
    25
100
AcDbLine
 10
232.2054215621038
 20
172.8202094363524
 30
0.0
 11
227.3829288074157
 21
171.8188165827123
 31
0.0
  0
ARC
  5
332
330
1F
100
AcDbEntity
  8
0
  6
Continuous
 62
     7
370
    25
100
AcDbCircle
 10
214.9240702919004
 20
184.1529380808656
 30
0.0
 40
20.66581332186886
100
AcDbArc
 50
326.7440220244707
 51
328.2900232520524
  0
LINE
  5
333
330
1F
100
AcDbEntity
  8
0
  6
Continuous
 62
     7
370
    25
100
AcDbLine
 10
215.5695371236819
 20
226.5769957244195
 30
0.0
 11
215.8385990103261
 21
226.6328665497744
 31
0.0
  0
LINE
  5
334
330
1F
100
AcDbEntity
  8
0
  6
Continuous
 62
     7
370
    25
100
AcDbLine
 10
219.9240615168109
 20
230.0709776172209
 30
0.0
 11
215.1015687621228
 21
229.0695847635809
 31
0.0
  0
SPLINE
  5
335
330
1F
100
AcDbEntity
  8
0
  6
Continuous
 62
     7
370
    25
100
AcDbSpline
210
0.0
220
0.0
230
1.0
 70
     8
 71
     3
 72
     9
 73
     5
 74
     0
 42
0.00000001
 43
0.0000000001
 40
0.0
 40
0.0
 40
0.0
 40
0.0
 40
0.612464973639658
 40
1.0
 40
1.0
 40
1.0
 40
1.0
 10
220.0878987053117
 20
228.8214879415621
 30
0.0
 10
220.061067902648
 20
229.0765264610838
 30
0.0
 10
220.0172600053501
 20
229.4929396936741
 30
0.0
 10
219.9500916191337
 20
229.9095330859599
 30
0.0
 10
219.9240615168109
 20
230.0709776172209
 30
0.0
  0
LINE
  5
336
330
1F
100
AcDbEntity
  8
0
  6
Continuous
 62
     7
370
    25
100
AcDbLine
 10
225.9169182949263
 20
172.9546688534784
 30
0.0
 11
226.1409197240153
 21
173.001182853956
 31
0.0
  0
LINE
  5
337
330
1F
100
AcDbEntity
  8
0
  6
Continuous
 62
     7
370
    25
100
AcDbLine
 10
214.6361358987913
 20
229.3482886941749
 30
0.0
 11
219.4586286534796
 21
230.3496815478148
 31
0.0
  0
ARC
  5
338
330
1F
100
AcDbEntity
  8
0
  6
Continuous
 62
     7
370
    25
100
AcDbCircle
 10
209.9151419551219
 20
213.8841650909723
 30
0.0
 40
19.03132603242041
100
AcDbArc
 50
58.26992752242189
 51
59.90322803458953
  0
LINE
  5
339
330
1F
100
AcDbEntity
  8
0
  6
Continuous
 62
     7
370
    25
100
AcDbLine
 10
225.9088982451846
 20
172.9435264711266
 30
0.0
 11
226.1524898557608
 21
172.9941083818616
 31
0.0
  0
LINE
  5
33A
330
1F
100
AcDbEntity
  8
0
  6
Continuous
 62
     7
370
    25
100
AcDbLine
 10
226.4012017869576
 20
170.4548876571412
 30
0.0
 11
231.2236945416457
 21
171.4562805107812
 31
0.0
  0
SPLINE
  5
33B
330
1F
100
AcDbEntity
  8
0
  6
Continuous
 62
     7
370
    25
100
AcDbSpline
210
0.0
220
0.0
230
1.0
 70
     8
 71
     3
 72
     9
 73
     5
 74
     0
 42
0.00000001
 43
0.0000000001
 40
0.0
 40
0.0
 40
0.0
 40
0.0
 40
0.5688803802389966
 40
1.0
 40
1.0
 40
1.0
 40
1.0
 10
230.9438393491983
 20
172.5582413056476
 30
0.0
 10
231.0022437641339
 20
172.3511152274437
 30
0.0
 10
231.1049093102917
 20
171.9870209724848
 30
0.0
 10
231.187910919461
 20
171.6161641591373
 30
0.0
 10
231.2236945416457
 20
171.4562805107812
 30
0.0
  0
LINE
  5
33C
330
1F
100
AcDbEntity
  8
0
  6
Continuous
 62
     7
370
    25
100
AcDbLine
 10
213.8012144705775
 20
227.6358777089249
 30
0.0
 11
213.9168202010148
 21
227.6598832923832
 31
0.0
  0
LINE
  5
33D
330
1F
100
AcDbEntity
  8
0
  6
Continuous
 62
     7
370
    25
100
AcDbLine
 10
230.890702718933
 20
171.0479717336825
 30
0.0
 11
226.0682099642449
 21
170.0465788800425
 31
0.0
  0
ARC
  5
33E
330
1F
100
AcDbEntity
  8
0
  6
Continuous
 62
     7
370
    25
100
AcDbCircle
 10
217.5477710193176
 20
182.269594215737
 30
0.0
 40
17.43440958192601
100
AcDbArc
 50
319.9356189349976
 51
321.667194077017
  0
LINE
  5
33F
330
1F
100
AcDbEntity
  8
0
  6
Continuous
 62
     7
370
    25
100
AcDbLine
 10
213.7893602139119
 20
227.6420400636843
 30
0.0
 11
214.0030857961102
 21
227.6864202797966
 31
0.0
  0
LINE
  5
340
330
1F
100
AcDbEntity
  8
0
  6
Continuous
 62
     7
370
    25
100
AcDbLine
 10
218.0075598383409
 20
231.1040098090809
 30
0.0
 11
213.1850670836527
 21
230.1026169554409
 31
0.0
  0
SPLINE
  5
341
330
1F
100
AcDbEntity
  8
0
  6
Continuous
 62
     7
370
    25
100
AcDbSpline
210
0.0
220
0.0
230
1.0
 70
     8
 71
     3
 72
     9
 73
     5
 74
     0
 42
0.00000001
 43
0.0000000001
 40
0.0
 40
0.0
 40
0.0
 40
0.0
 40
0.5250119083456374
 40
1.0
 40
1.0
 40
1.0
 40
1.0
 10
218.2018091374779
 20
230.0887023933276
 30
0.0
 10
218.1726022962901
 20
230.2671548919
 30
0.0
 10
218.1169714796868
 20
230.607056703146
 30
0.0
 10
218.0427934968509
 20
230.9439767832109
 30
0.0
 10
218.0075598383409
 20
231.1040098090809
 30
0.0
  0
LINE
  5
342
330
1F
100
AcDbEntity
  8
0
  6
Continuous
 62
     7
370
    25
100
AcDbLine
 10
224.6437598551132
 20
171.3922357976723
 30
0.0
 11
224.7494831810093
 21
171.4141892952514
 31
0.0
  0
LINE
  5
343
330
1F
100
AcDbEntity
  8
0
  6
Continuous
 62
     7
370
    25
100
AcDbLine
 10
212.7156853502025
 20
230.3098700394557
 30
0.0
 11
217.5381781048907
 21
231.3112628930957
 31
0.0
  0
ARC
  5
344
330
1F
100
AcDbEntity
  8
0
  6
Continuous
 62
     7
370
    25
100
AcDbCircle
 10
211.2695545229955
 20
216.4790882883359
 30
0.0
 40
16.10245463019769
100
AcDbArc
 50
65.26349367209355
 51
67.08928915401118
  0
LINE
  5
345
330
1F
100
AcDbEntity
  8
0
  6
Continuous
 62
     7
370
    25
100
AcDbLine
 10
224.634928834434
 20
171.3827156907767
 30
0.0
 11
224.7514041668224
 21
171.4069018474829
 31
0.0
  0
LINE
  5
346
330
1F
100
AcDbEntity
  8
0
  6
Continuous
 62
     7
370
    25
100
AcDbLine
 10
224.9872127263046
 20
168.8812312228515
 30
0.0
 11
229.8097054809928
 21
169.8826240764915
 31
0.0
  0
SPLINE
  5
347
330
1F
100
AcDbEntity
  8
0
  6
Continuous
 62
     7
370
    25
100
AcDbSpline
210
0.0
220
0.0
230
1.0
 70
     8
 71
     3
 72
     9
 73
     5
 74
     0
 42
0.00000001
 43
0.0000000001
 40
0.0
 40
0.0
 40
0.0
 40
0.0
 40
0.4670561871317491
 40
1.0
 40
1.0
 40
1.0
 40
1.0
 10
229.6359373218128
 20
170.7874191179322
 30
0.0
 10
229.6669332384518
 20
170.6472019117502
 30
0.0
 10
229.7332976663148
 20
170.3469870552829
 30
0.0
 10
229.7831415118859
 20
170.0440646814207
 30
0.0
 10
229.8097054809928
 20
169.8826240764915
 30
0.0
  0
LINE
  5
348
330
1F
100
AcDbEntity
  8
0
  6
Continuous
 62
     7
370
    25
100
AcDbLine
 10
212.0060345882298
 20
228.4294582978971
 30
0.0
 11
212.1101785031186
 21
228.4510838300492
 31
0.0
  0
LINE
  5
349
330
1F
100
AcDbEntity
  8
0
  6
Continuous
 62
     7
370
    25
100
AcDbLine
 10
229.4462920150213
 20
169.5401869283093
 30
0.0
 11
224.6237992603331
 21
168.5387940746693
 31
0.0
  0
ARC
  5
34A
330
1F
100
AcDbEntity
  8
0
  6
Continuous
 62
     7
370
    25
100
AcDbCircle
 10
219.4518139911329
 20
180.5109422713926
 30
0.0
 40
14.84072315514904
100
AcDbArc
 50
312.3338626902789
 51
314.2617317948347
  0
LINE
  5
34B
330
1F
100
AcDbEntity
  8
0
  6
Continuous
 62
     7
370
    25
100
AcDbLine
 10
211.9941357551643
 20
228.4337839974245
 30
0.0
 11
212.103592795173
 21
228.456512802468
 31
0.0
  0
LINE
  5
34C
330
1F
100
AcDbEntity
  8
0
  6
Continuous
 62
     7
370
    25
100
AcDbLine
 10
216.0816527330325
 20
231.8407678519442
 30
0.0
 11
211.2591599783444
 21
230.8393749983042
 31
0.0
  0
SPLINE
  5
34D
330
1F
100
AcDbEntity
  8
0
  6
Continuous
 62
     7
370
    25
100
AcDbSpline
210
0.0
220
0.0
230
1.0
 70
     8
 71
     3
 72
     9
 73
     5
 74
     0
 42
0.00000001
 43
0.0000000001
 40
0.0
 40
0.0
 40
0.0
 40
0.0
 40
0.3988559318083686
 40
1.0
 40
1.0
 40
1.0
 40
1.0
 10
216.2824952860893
 20
231.0505197743085
 30
0.0
 10
216.2587972363954
 20
231.1566079220697
 30
0.0
 10
216.1993821749562
 20
231.422589042822
 30
0.0
 10
216.1258538496403
 20
231.683764047264
 30
0.0
 10
216.0816527330325
 20
231.8407678519442
 30
0.0
  0
LINE
  5
34E
330
1F
100
AcDbEntity
  8
0
  6
Continuous
 62
     7
370
    25
100
AcDbLine
 10
210.7902118655524
 20
230.9732421695358
 30
0.0
 11
215.6127046202406
 21
231.9746350231758
 31
0.0
  0
ARC
  5
34F
330
1F
100
AcDbEntity
  8
0
  6
Continuous
 62
     7
370
    25
100
AcDbCircle
 10
212.0525536176097
 20
218.6148063699178
 30
0.0
 40
13.82605138157489
100
AcDbArc
 50
73.05739610562854
 51
75.07847288719471
  0
LINE
  5
350
330
1F
100
AcDbEntity
  8
0
  6
Continuous
 62
     7
370
    25
100
AcDbLine
 10
223.244649722675
 20
170.0738826583243
 30
0.0
 11
223.3439500561816
 21
170.0945024185595
 31
0.0
  0
LINE
  5
351
330
1F
100
AcDbEntity
  8
0
  6
Continuous
 62
     7
370
    25
100
AcDbLine
 10
223.4536247848624
 20
167.5829082229479
 30
0.0
 11
228.2761175395505
 21
168.584301076588
 31
0.0
  0
SPLINE
  5
352
330
1F
100
AcDbEntity
  8
0
  6
Continuous
 62
     7
370
    25
100
AcDbSpline
210
0.0
220
0.0
230
1.0
 70
     8
 71
     3
 72
     9
 73
     5
 74
     0
 42
0.00000001
 43
0.0000000001
 40
0.0
 40
0.0
 40
0.0
 40
0.0
 40
0.3025784477253872
 40
1.0
 40
1.0
 40
1.0
 40
1.0
 10
228.1865717039806
 20
169.278605422389
 30
0.0
 10
228.1978246641298
 20
169.2085676812634
 30
0.0
 10
228.2350148878017
 20
168.9770979858767
 30
0.0
 10
228.2592296455875
 20
168.7456899960568
 30
0.0
 10
228.2761175395505
 20
168.584301076588
 30
0.0
  0
LINE
  5
353
330
1F
100
AcDbEntity
  8
0
  6
Continuous
 62
     7
370
    25
100
AcDbLine
 10
227.8856755239354
 20
168.3109328007102
 30
0.0
 11
223.0631827692473
 21
167.3095399470702
 31
0.0
  0
ARC
  5
354
330
1F
100
AcDbEntity
  8
0
  6
Continuous
 62
     7
370
    25
100
AcDbCircle
 10
220.6792205055373
 20
179.0191629504237
 30
0.0
 40
12.90733074153712
100
AcDbArc
 50
303.9398765483956
 51
306.0557579158772
  0
LINE
  5
355
330
1F
100
AcDbEntity
  8
0
  6
Continuous
 62
     7
370
    25
100
AcDbLine
 10
214.1643218766207
 20
232.274372834473
 30
0.0
 11
209.3418291219325
 21
231.272979980833
 31
0.0
  0
SPLINE
  5
356
330
1F
100
AcDbEntity
  8
0
  6
Continuous
 62
     7
370
    25
100
AcDbSpline
210
0.0
220
0.0
230
1.0
 70
     8
 71
     3
 72
     9
 73
     5
 74
     0
 42
0.00000001
 43
0.0000000001
 40
0.0
 40
0.0
 40
0.0
 40
0.0
 40
0.1791971079567489
 40
1.0
 40
1.0
 40
1.0
 40
1.0
 10
214.3463434553374
 20
231.7116745408757
 30
0.0
 10
214.3365414282957
 20
231.7458602642276
 30
0.0
 10
214.2818417339008
 20
231.9366318885118
 30
0.0
 10
214.2172988568031
 20
232.1221220079735
 30
0.0
 10
214.1643218766207
 20
232.274372834473
 30
0.0
  0
LINE
  5
357
330
1F
100
AcDbEntity
  8
0
  6
Continuous
 62
     7
370
    25
100
AcDbLine
 10
208.8776930719767
 20
231.3322113575718
 30
0.0
 11
213.700185826665
 21
232.3336042112118
 31
0.0
  0
ARC
  5
358
330
1F
100
AcDbEntity
  8
0
  6
Continuous
 62
     7
370
    25
100
AcDbCircle
 10
212.3867229106047
 20
220.1932346360653
 30
0.0
 40
12.21121444627876
100
AcDbArc
 50
81.62965280460978
 51
83.82520420200194
  0
LINE
  5
359
330
1F
100
AcDbEntity
  8
0
  6
Continuous
 62
     7
370
    25
100
AcDbLine
 10
221.8147566600373
 20
166.5720407494664
 30
0.0
 11
226.6372494147253
 21
167.5734336031064
 31
0.0
  0
LINE
  5
35A
330
1F
100
AcDbEntity
  8
0
  6
Continuous
 62
     7
370
    25
100
AcDbLine
 10
226.6086984942011
 20
168.0457679291621
 30
0.0
 11
226.6372494147253
 21
167.5734336031064
 31
0.0
  0
LINE
  5
35B
330
1F
100
AcDbEntity
  8
0
  6
Continuous
 62
     7
370
    25
100
AcDbLine
 10
226.2234243013681
 20
167.3716865654702
 30
0.0
 11
221.4009315466798
 21
166.3702937118301
 31
0.0
  0
ARC
  5
35C
330
1F
100
AcDbEntity
  8
0
  6
Continuous
 62
     7
370
    25
100
AcDbCircle
 10
221.3339227116264
 20
177.926364940948
 30
0.0
 40
11.63221653021747
100
AcDbArc
 50
294.85614015997
 51
297.1239591219492
  0
LINE
  5
35D
330
1F
100
AcDbEntity
  8
0
  6
Continuous
 62
     7
370
    25
100
AcDbLine
 10
212.2734688707149
 20
232.400776303774
 30
0.0
 11
207.4509761160268
 21
231.399383450134
 31
0.0
  0
LINE
  5
35E
330
1F
100
AcDbEntity
  8
0
  6
Continuous
 62
     7
370
    25
100
AcDbLine
 10
212.4064646535296
 20
232.0649624105328
 30
0.0
 11
212.2734688707149
 21
232.400776303774
 31
0.0
  0
LINE
  5
35F
330
1F
100
AcDbEntity
  8
0
  6
Continuous
 62
     7
370
    25
100
AcDbLine
 10
220.0859100219421
 20
165.8580669996438
 30
0.0
 11
224.9084027766302
 21
166.8594598532838
 31
0.0
  0
LINE
  5
360
330
1F
100
AcDbEntity
  8
0
  6
Continuous
 62
     7
370
    25
100
AcDbLine
 10
224.9079867604021
 20
167.0985353509551
 30
0.0
 11
224.9084027766302
 21
166.8594598532838
 31
0.0
  0
LINE
  5
361
330
1F
100
AcDbEntity
  8
0
  6
Continuous
 62
     7
370
    25
100
AcDbLine
 10
206.995985642151
 20
231.3834260049747
 30
0.0
 11
211.8184783968393
 21
232.3848188586149
 31
0.0
  0
ARC
  5
362
330
1F
100
AcDbEntity
  8
0
  6
Continuous
 62
     7
370
    25
100
AcDbCircle
 10
212.4401753644396
 20
221.1530263992897
 30
0.0
 40
11.24898524173973
100
AcDbArc
 50
90.84913687429967
 51
93.16817651140986
  0
LINE
  5
363
330
1F
100
AcDbEntity
  8
0
  6
Continuous
 62
     7
370
    25
100
AcDbLine
 10
224.4750583391146
 20
166.7312177116215
 30
0.0
 11
219.6525655844263
 21
165.7298248579814
 31
0.0
  0
ARC
  5
364
330
1F
100
AcDbEntity
  8
0
  6
Continuous
 62
     7
370
    25
100
AcDbCircle
 10
221.5701570195241
 20
177.3434824082879
 30
0.0
 40
11.00266393509643
100
AcDbArc
 50
285.308610330695
 51
287.6621349878152
  0
LINE
  5
365
330
1F
100
AcDbEntity
  8
0
  6
Continuous
 62
     7
370
    25
100
AcDbLine
 10
210.4267481003687
 20
232.2187980647121
 30
0.0
 11
205.6042553456805
 21
231.2174052110721
 31
0.0
  0
LINE
  5
366
330
1F
100
AcDbEntity
  8
0
  6
Continuous
 62
     7
370
    25
100
AcDbLine
 10
210.4752129725415
 20
232.1150228258518
 30
0.0
 11
210.4267481003687
 21
232.2187980647121
 31
0.0
  0
LINE
  5
367
330
1F
100
AcDbEntity
  8
0
  6
Continuous
 62
     7
370
    25
100
AcDbLine
 10
218.6493467939164
 20
165.5236781722944
 30
0.0
 11
219.6515720683228
 21
165.7317907146278
 31
0.0
  0
ARC
  5
368
330
1F
100
AcDbEntity
  8
0
  6
Continuous
 62
     7
370
    25
100
AcDbCircle
 10
212.4107814572036
 20
221.4735351450631
 30
0.0
 40
10.92689633763483
100
AcDbArc
 50
100.4614173975282
 51
101.7307538967377
  0
LINE
  5
369
330
1F
100
AcDbEntity
  8
0
  6
Continuous
 62
     7
370
    25
100
AcDbLine
 10
205.1592522631022
 20
231.0070672145412
 30
0.0
 11
203.8189091451552
 21
230.7287443454336
 31
0.0
  0
LINE
  5
36A
330
1F
100
AcDbEntity
  8
0
  6
Continuous
 62
     7
370
    25
100
AcDbLine
 10
203.4060154573309
 20
230.2067479028878
 30
0.0
 11
202.1116068108898
 21
229.9379633480591
 31
0.0
  0
LINE
  5
36B
330
1F
100
AcDbEntity
  8
0
  6
Continuous
 62
     7
370
    25
100
AcDbLine
 10
201.7649524047749
 20
229.1154687779204
 30
0.0
 11
200.4982889647716
 21
228.8524455280563
 31
0.0
  0
LINE
  5
36C
330
1F
100
AcDbEntity
  8
0
  6
Continuous
 62
     7
370
    25
100
AcDbLine
 10
200.2497885242094
 20
227.7430872540054
 30
0.0
 11
198.9940187208448
 21
227.4823260728338
 31
0.0
  0
LINE
  5
36D
330
1F
100
AcDbEntity
  8
0
  6
Continuous
 62
     7
370
    25
100
AcDbLine
 10
198.8695363658423
 20
226.1013507838757
 30
0.0
 11
197.6128410450741
 21
225.8403974185865
 31
0.0
  0
LINE
  5
36E
330
1F
100
AcDbEntity
  8
0
  6
Continuous
 62
     7
370
    25
100
AcDbLine
 10
197.6371353947613
 20
224.2055987041829
 30
0.0
 11
196.3676516212796
 21
223.941989810766
 31
0.0
  0
LINE
  5
36F
330
1F
100
AcDbEntity
  8
0
  6
Continuous
 62
     7
370
    25
100
AcDbLine
 10
196.5648246242684
 20
222.0736832281428
 30
0.0
 11
195.2700764476137
 21
221.8048281697076
 31
0.0
  0
LINE
  5
370
330
1F
100
AcDbEntity
  8
0
  6
Continuous
 62
     7
370
    25
100
AcDbLine
 10
195.6685356121434
 20
219.72673870065
 30
0.0
 11
194.330363287747
 21
219.4488665978279
 31
0.0
  0
LINE
  5
371
330
1F
100
AcDbEntity
  8
0
  6
Continuous
 62
     7
370
    25
100
AcDbLine
 10
194.9571781067252
 20
217.186790319769
 30
0.0
 11
193.5572859902616
 21
216.8961020735442
 31
0.0
  0
LWPOLYLINE
  5
372
330
1F
100
AcDbEntity
  8
0
  6
Continuous
 62
     7
370
    25
100
AcDbPolyline
 90
        3
 70
   128
 43
0.0
 10
191.6863432503718
 20
216.2204078734095
 10
191.6989995029516
 20
216.2878763888661
 10
191.7151141688337
 20
216.3728611668271
  0
SPLINE
  5
373
330
1F
100
AcDbEntity
  8
0
  6
Continuous
 62
     7
370
    25
100
AcDbSpline
210
0.0
220
0.0
230
1.0
 70
     8
 71
     3
 72
    13
 73
     9
 74
     0
 42
0.00000001
 43
0.0000000001
 40
0.0
 40
0.0
 40
0.0
 40
0.0
 40
0.0837574062253114
 40
0.1523862186385822
 40
0.2165752443305454
 40
0.4143915959789224
 40
0.8129502857501588
 40
1.0
 40
1.0
 40
1.0
 40
1.0
 10
193.199415632598
 20
216.2534407543854
 30
0.0
 10
193.1757957062157
 20
216.2024338072172
 30
0.0
 10
193.1328221779257
 20
216.1096329893128
 30
0.0
 10
193.0367526535387
 20
216.0409507553
 30
0.0
 10
192.8680950873934
 20
216.0349112678352
 30
0.0
 10
192.5210102551019
 20
216.2128973614994
 30
0.0
 10
192.1142763822903
 20
216.305487917275
 30
0.0
 10
191.8117457529728
 20
216.3565510462462
 30
0.0
 10
191.7151141688337
 20
216.3728611668271
 30
0.0
  0
LWPOLYLINE
  5
374
330
1F
100
AcDbEntity
  8
0
  6
Continuous
 62
     7
370
    25
100
AcDbPolyline
 90
        9
 70
   128
 43
0.0
 10
193.2031138980187
 20
216.2702855757383
 10
193.2026512189971
 20
216.2681803319486
 10
193.2021886530679
 20
216.266074985595
 10
193.2017262002339
 20
216.2639695366909
 10
193.2012638604982
 20
216.2618639852499
 10
193.2008016338639
 20
216.2597583312853
 10
193.2003395203338
 20
216.2576525748107
 10
193.1998775199109
 20
216.2555467158396
 10
193.199415632598
 20
216.2534407543854
  0
SPLINE
  5
375
330
1F
100
AcDbEntity
  8
0
  6
Continuous
 62
     7
370
    25
100
AcDbSpline
210
0.0
220
0.0
230
1.0
 70
     8
 71
     3
 72
    13
 73
     9
 74
     0
 42
0.00000001
 43
0.0000000001
 40
0.0
 40
0.0
 40
0.0
 40
0.0
 40
0.0837574062253762
 40
0.1523862186386387
 40
0.2165752443306161
 40
0.4143915959789427
 40
0.8129502857501478
 40
1.0
 40
1.0
 40
1.0
 40
1.0
 10
193.2031138980187
 20
216.2702855757383
 30
0.0
 10
193.2060145040534
 20
216.3400740772308
 30
0.0
 10
193.2112917971946
 20
216.4670456051967
 30
0.0
 10
193.1722665258467
 20
216.6581879490234
 30
0.0
 10
193.0618091822811
 20
216.917238237591
 30
0.0
 10
192.7647632209214
 20
217.3231408666259
 30
0.0
 10
192.4591428043856
 20
217.8762819545084
 30
0.0
 10
192.2383417525756
 20
218.2996061236654
 30
0.0
 10
192.1678154873041
 20
218.4348204824965
 30
0.0
  0
ARC
  5
376
330
1F
100
AcDbEntity
  8
0
  6
Continuous
 62
     7
370
    25
100
AcDbCircle
 10
226.3325527697845
 20
209.9072924439537
 30
0.0
 40
35.21289547919965
100
AcDbArc
 50
164.9016186990421
 51
165.9853135614941
  0
SPLINE
  5
377
330
1F
100
AcDbEntity
  8
0
  6
Continuous
 62
     7
370
    25
100
AcDbSpline
210
0.0
220
0.0
230
1.0
 70
     8
 71
     3
 72
    13
 73
     9
 74
     0
 42
0.00000001
 43
0.0000000001
 40
0.0
 40
0.0
 40
0.0
 40
0.0
 40
0.0837574062253732
 40
0.1523862186386393
 40
0.2165752443305823
 40
0.4143915959789465
 40
0.8129502857501584
 40
1.0
 40
1.0
 40
1.0
 40
1.0
 10
193.8390849551453
 20
218.7194314609983
 30
0.0
 10
193.8119883331316
 20
218.6736996305183
 30
0.0
 10
193.7626893880873
 20
218.5904962335609
 30
0.0
 10
193.6607814803071
 20
218.5394754340405
 30
0.0
 10
193.4887263603567
 20
218.5613106184214
 30
0.0
 10
193.1460411455675
 20
218.7914549507706
 30
0.0
 10
192.7375242934296
 20
218.9483384117702
 30
0.0
 10
192.4326022246537
 20
219.0477097213476
 30
0.0
 10
192.3352067886567
 20
219.0794500019404
 30
0.0
  0
LWPOLYLINE
  5
378
330
1F
100
AcDbEntity
  8
0
  6
Continuous
 62
     7
370
    25
100
AcDbPolyline
 90
        9
 70
   128
 43
0.0
 10
193.8438575361976
 20
218.7352081537081
 10
193.8432605820656
 20
218.7332364812224
 10
193.8426637369263
 20
218.7312646903964
 10
193.8420670007832
 20
218.7292927812426
 10
193.8414703736402
 20
218.7273207537736
 10
193.8408738555011
 20
218.725348608002
 10
193.8402774463697
 20
218.7233763439405
 10
193.8396811462499
 20
218.7214039616017
 10
193.8390849551453
 20
218.7194314609983
  0
SPLINE
  5
379
330
1F
100
AcDbEntity
  8
0
  6
Continuous
 62
     7
370
    25
100
AcDbSpline
210
0.0
220
0.0
230
1.0
 70
     8
 71
     3
 72
    13
 73
     9
 74
     0
 42
0.00000001
 43
0.0000000001
 40
0.0
 40
0.0
 40
0.0
 40
0.0
 40
0.0837574062253584
 40
0.152386218638615
 40
0.2165752443305881
 40
0.4143915959789409
 40
0.8129502857501583
 40
1.0
 40
1.0
 40
1.0
 40
1.0
 10
193.8438575361976
 20
218.7352081537081
 30
0.0
 10
193.8509854427434
 20
218.8026121430953
 30
0.0
 10
193.8639537851775
 20
218.9252453468533
 30
0.0
 10
193.8356610159086
 20
219.1175736715045
 30
0.0
 10
193.738712803638
 20
219.3876893124952
 30
0.0
 10
193.4606023394738
 20
219.831298012719
 30
0.0
 10
193.1825715695023
 20
220.4195285370223
 30
0.0
 10
192.9831208470614
 20
220.8675558469125
 30
0.0
 10
192.9194141099598
 20
221.0106606584481
 30
0.0
  0
ARC
  5
37A
330
1F
100
AcDbEntity
  8
0
  6
Continuous
 62
     7
370
    25
100
AcDbCircle
 10
221.8255875240155
 20
211.2709923066999
 30
0.0
 40
30.50291791034926
100
AcDbArc
 50
160.1866679836769
 51
161.3792310807522
  0
SPLINE
  5
37B
330
1F
100
AcDbEntity
  8
0
  6
Continuous
 62
     7
370
    25
100
AcDbSpline
210
0.0
220
0.0
230
1.0
 70
     8
 71
     3
 72
    13
 73
     9
 74
     0
 42
0.00000001
 43
0.0000000001
 40
0.0
 40
0.0
 40
0.0
 40
0.0
 40
0.0837574062253651
 40
0.1523862186386147
 40
0.2165752443305868
 40
0.4143915959789524
 40
0.8129502857501087
 40
1.0
 40
1.0
 40
1.0
 40
1.0
 10
194.6377972493344
 20
221.0129097705119
 30
0.0
 10
194.6074769255483
 20
220.9728800424994
 30
0.0
 10
194.5523128547169
 20
220.9000509141888
 30
0.0
 10
194.4455180502212
 20
220.867167916619
 30
0.0
 10
194.271671808762
 20
220.9166739036119
 30
0.0
 10
193.9365857709952
 20
221.1968276790248
 30
0.0
 10
193.53010015131
 20
221.4165392666429
 30
0.0
 10
193.2256336182749
 20
221.5632909536831
 30
0.0
 10
193.1283836853643
 20
221.6101650438398
 30
0.0
  0
ARC
  5
37C
330
1F
100
AcDbEntity
  8
0
  6
Continuous
 62
     7
370
    25
100
AcDbCircle
 10
219.1122151099575
 20
211.2688393135317
 30
0.0
 40
26.34281759203013
100
AcDbArc
 50
158.2567797216006
 51
158.2908723691847
  0
SPLINE
  5
37D
330
1F
100
AcDbEntity
  8
0
  6
Continuous
 62
     7
370
    25
100
AcDbSpline
210
0.0
220
0.0
230
1.0
 70
     8
 71
     3
 72
    13
 73
     9
 74
     0
 42
0.00000001
 43
0.0000000001
 40
0.0
 40
0.0
 40
0.0
 40
0.0
 40
0.0837574062253679
 40
0.152386218638594
 40
0.2165752443305603
 40
0.414391595978879
 40
0.8129502857501226
 40
1.0
 40
1.0
 40
1.0
 40
1.0
 10
194.6435995857149
 20
221.02747103185
 30
0.0
 10
194.6548882414288
 20
221.0918611762439
 30
0.0
 10
194.6754265512364
 20
221.2090110626121
 30
0.0
 10
194.6581304460116
 20
221.400729650341
 30
0.0
 10
194.57559654437
 20
221.6793886467929
 30
0.0
 10
194.3190182198754
 20
222.1565615632962
 30
0.0
 10
194.0711729948544
 20
222.7743893741045
 30
0.0
 10
193.8949348194392
 20
223.2429367144502
 30
0.0
 10
193.8386424231468
 20
223.3925958476225
 30
0.0
  0
ARC
  5
37E
330
1F
100
AcDbEntity
  8
0
  6
Continuous
 62
     7
370
    25
100
AcDbCircle
 10
217.7039347345997
 20
212.9123778119762
 30
0.0
 40
26.06505605568067
100
AcDbArc
 50
154.9674192952349
 51
156.2917734264416
  0
SPLINE
  5
37F
330
1F
100
AcDbEntity
  8
0
  6
Continuous
 62
     7
370
    25
100
AcDbSpline
210
0.0
220
0.0
230
1.0
 70
     8
 71
     3
 72
    13
 73
     9
 74
     0
 42
0.00000001
 43
0.0000000001
 40
0.0
 40
0.0
 40
0.0
 40
0.0
 40
0.0837574062253609
 40
0.1523862186386179
 40
0.2165752443306128
 40
0.4143915959789616
 40
0.8129502857501673
 40
1.0
 40
1.0
 40
1.0
 40
1.0
 10
195.5880951536762
 20
223.1124620938949
 30
0.0
 10
195.5548342208114
 20
223.0785082151351
 30
0.0
 10
195.4943200762589
 20
223.0167333414193
 30
0.0
 10
195.3836354893628
 20
223.0022951654886
 30
0.0
 10
195.2096212819116
 20
223.0790097310318
 30
0.0
 10
194.885263029217
 20
223.4065572291903
 30
0.0
 10
194.4846038886944
 20
223.6870455555313
 30
0.0
 10
194.1834356133852
 20
223.8798074390728
 30
0.0
 10
194.087239179982
 20
223.9413776880431
 30
0.0
  0
ARC
  5
380
330
1F
100
AcDbEntity
  8
0
  6
Continuous
 62
     7
370
    25
100
AcDbCircle
 10
215.5097845287019
 20
212.8990929475265
 30
0.0
 40
22.38719761102322
100
AcDbArc
 50
152.8188823859992
 51
152.8568811140177
  0
SPLINE
  5
381
330
1F
100
AcDbEntity
  8
0
  6
Continuous
 62
     7
370
    25
100
AcDbSpline
210
0.0
220
0.0
230
1.0
 70
     8
 71
     3
 72
    13
 73
     9
 74
     0
 42
0.00000001
 43
0.0000000001
 40
0.0
 40
0.0
 40
0.0
 40
0.0
 40
0.0837574062254049
 40
0.1523862186386696
 40
0.2165752443306462
 40
0.4143915959789758
 40
0.8129502857501908
 40
1.0
 40
1.0
 40
1.0
 40
1.0
 10
195.5948730705334
 20
223.125671969287
 30
0.0
 10
195.6102170762784
 20
223.1864470752586
 30
0.0
 10
195.6381335927949
 20
223.2970198473124
 30
0.0
 10
195.6319956406876
 20
223.4863386733209
 30
0.0
 10
195.5646466464784
 20
223.7709392612653
 30
0.0
 10
195.3319960643362
 20
224.2772211590934
 30
0.0
 10
195.116650448354
 20
224.9188777646018
 30
0.0
 10
194.9652703083243
 20
225.4035704351293
 30
0.0
 10
194.9169178397781
 20
225.5583865629352
 30
0.0
  0
ARC
  5
382
330
1F
100
AcDbEntity
  8
0
  6
Continuous
 62
     7
370
    25
100
AcDbCircle
 10
214.1382581356234
 20
214.7393776722451
 30
0.0
 40
22.05699154793138
100
AcDbArc
 50
149.1460968797557
 51
150.6263870139208
  0
SPLINE
  5
383
330
1F
100
AcDbEntity
  8
0
  6
Continuous
 62
     7
370
    25
100
AcDbSpline
210
0.0
220
0.0
230
1.0
 70
     8
 71
     3
 72
    13
 73
     9
 74
     0
 42
0.00000001
 43
0.0000000001
 40
0.0
 40
0.0
 40
0.0
 40
0.0
 40
0.0837574062253223
 40
0.152386218638574
 40
0.2165752443305712
 40
0.4143915959789248
 40
0.8129502857501243
 40
1.0
 40
1.0
 40
1.0
 40
1.0
 10
196.6811059926812
 20
224.9984854767971
 30
0.0
 10
196.6452149991063
 20
224.9709244655075
 30
0.0
 10
196.5799157850957
 20
224.9207806217382
 30
0.0
 10
196.4663748479649
 20
224.9249220728051
 30
0.0
 10
196.2938173982903
 20
225.0281289536695
 30
0.0
 10
195.9832153762808
 20
225.4000119518362
 30
0.0
 10
195.5921235613642
 20
225.7386581729711
 30
0.0
 10
195.2970654708217
 20
225.9756304872434
 30
0.0
 10
195.2028206971059
 20
226.0513220302019
 30
0.0
  0
ARC
  5
384
330
1F
100
AcDbEntity
  8
0
  6
Continuous
 62
     7
370
    25
100
AcDbCircle
 10
212.4862365732397
 20
214.6495439551471
 30
0.0
 40
18.89186976683445
100
AcDbArc
 50
146.741323472559
 51
146.7838753696578
  0
SPLINE
  5
385
330
1F
100
AcDbEntity
  8
0
  6
Continuous
 62
     7
370
    25
100
AcDbSpline
210
0.0
220
0.0
230
1.0
 70
     8
 71
     3
 72
    13
 73
     9
 74
     0
 42
0.00000001
 43
0.0000000001
 40
0.0
 40
0.0
 40
0.0
 40
0.0
 40
0.0837574062253964
 40
0.1523862186386597
 40
0.2165752443306207
 40
0.4143915959789727
 40
0.812950285750206
 40
1.0
 40
1.0
 40
1.0
 40
1.0
 10
196.6887962064317
 20
225.0102206291961
 30
0.0
 10
196.7080522993608
 20
225.0668132559559
 30
0.0
 10
196.7430863735929
 20
225.1697765255148
 30
0.0
 10
196.7481638830077
 20
225.3549279709336
 30
0.0
 10
196.6966286156445
 20
225.6428129113621
 30
0.0
 10
196.4900779716554
 20
226.1734767728453
 30
0.0
 10
196.3092425887073
 20
226.8329711982133
 30
0.0
 10
196.1841338796425
 20
227.3292837540511
 30
0.0
 10
196.1441727928137
 20
227.4878114000183
 30
0.0
  0
ARC
  5
386
330
1F
100
AcDbEntity
  8
0
  6
Continuous
 62
     7
370
    25
100
AcDbCircle
 10
211.2422759169671
 20
216.6328087307097
 30
0.0
 40
18.59526286176845
100
AcDbArc
 50
142.6264629250201
 51
144.2851995464567
  0
SPLINE
  5
387
330
1F
100
AcDbEntity
  8
0
  6
Continuous
 62
     7
370
    25
100
AcDbSpline
210
0.0
220
0.0
230
1.0
 70
     8
 71
     3
 72
    13
 73
     9
 74
     0
 42
0.00000001
 43
0.0000000001
 40
0.0
 40
0.0
 40
0.0
 40
0.0
 40
0.0837574062253781
 40
0.1523862186386403
 40
0.216575244330597
 40
0.4143915959789174
 40
0.8129502857501352
 40
1.0
 40
1.0
 40
1.0
 40
1.0
 10
197.9066246186415
 20
226.6533706270537
 30
0.0
 10
197.868438668893
 20
226.6324598129708
 30
0.0
 10
197.7989640665919
 20
226.5944151787067
 30
0.0
 10
197.6836268803644
 20
226.6170975891584
 30
0.0
 10
197.5141373108817
 20
226.7458331705053
 30
0.0
 10
197.2201915269491
 20
227.1585794973246
 30
0.0
 10
196.8423185565394
 20
227.5522217647292
 30
0.0
 10
196.5561255286566
 20
227.8311919630834
 30
0.0
 10
196.4647123526876
 20
227.9202980884874
 30
0.0
  0
ARC
  5
388
330
1F
100
AcDbEntity
  8
0
  6
Continuous
 62
     7
370
    25
100
AcDbCircle
 10
210.1180623402799
 20
216.3996283198454
 30
0.0
 40
15.94548345244154
100
AcDbArc
 50
139.9327315080589
 51
139.9803757510083
  0
SPLINE
  5
389
330
1F
100
AcDbEntity
  8
0
  6
Continuous
 62
     7
370
    25
100
AcDbSpline
210
0.0
220
0.0
230
1.0
 70
     8
 71
     3
 72
    13
 73
     9
 74
     0
 42
0.00000001
 43
0.0000000001
 40
0.0
 40
0.0
 40
0.0
 40
0.0
 40
0.0837574062254158
 40
0.152386218638675
 40
0.216575244330661
 40
0.4143915959789832
 40
0.8129502857501826
 40
1.0
 40
1.0
 40
1.0
 40
1.0
 10
197.9151553278316
 20
226.6635214885035
 30
0.0
 10
197.9381437189929
 20
226.7154032459433
 30
0.0
 10
197.9799682472292
 20
226.8097956727014
 30
0.0
 10
197.9962138108293
 20
226.9890510283711
 30
0.0
 10
197.960973441217
 20
227.2775324171613
 30
0.0
 10
197.7824512430928
 20
227.8276235768045
 30
0.0
 10
197.6378145044261
 20
228.4987983002735
 30
0.0
 10
197.5401453326339
 20
229.002096804812
 30
0.0
 10
197.5089487334232
 20
229.162855839023
 30
0.0
  0
ARC
  5
38A
330
1F
100
AcDbEntity
  8
0
  6
Continuous
 62
     7
370
    25
100
AcDbCircle
 10
209.0649827022209
 20
218.4560170229879
 30
0.0
 40
15.75367634936558
100
AcDbArc
 50
135.3317855924663
 51
137.1844315434796
  0
SPLINE
  5
38B
330
1F
100
AcDbEntity
  8
0
  6
Continuous
 62
     7
370
    25
100
AcDbSpline
210
0.0
220
0.0
230
1.0
 70
     8
 71
     3
 72
    13
 73
     9
 74
     0
 42
0.00000001
 43
0.0000000001
 40
0.0
 40
0.0
 40
0.0
 40
0.0
 40
0.0837574062253656
 40
0.1523862186386138
 40
0.2165752443305593
 40
0.4143915959789131
 40
0.8129502857501009
 40
1.0
 40
1.0
 40
1.0
 40
1.0
 10
199.2532086943445
 20
228.0616663279011
 30
0.0
 10
199.2130843203469
 20
228.0476009496619
 30
0.0
 10
199.140082995398
 20
228.0220107374026
 30
0.0
 10
199.0240264323053
 20
228.063022327684
 30
0.0
 10
198.8591872214584
 20
228.2160846400765
 30
0.0
 10
198.5846421681874
 20
228.6658405943033
 30
0.0
 10
198.223516140398
 20
229.1108035761881
 30
0.0
 10
197.9488602823656
 20
229.4291669890464
 30
0.0
 10
197.8611322043371
 20
229.5308557370113
 30
0.0
  0
ARC
  5
38C
330
1F
100
AcDbEntity
  8
0
  6
Continuous
 62
     7
370
    25
100
AcDbCircle
 10
208.4196449220578
 20
218.0175842669868
 30
0.0
 40
13.59805638917247
100
AcDbArc
 50
132.3312407902516
 51
132.3842214871994
  0
SPLINE
  5
38D
330
1F
100
AcDbEntity
  8
0
  6
Continuous
 62
     7
370
    25
100
AcDbSpline
210
0.0
220
0.0
230
1.0
 70
     8
 71
     3
 72
    13
 73
     9
 74
     0
 42
0.00000001
 43
0.0000000001
 40
0.0
 40
0.0
 40
0.0
 40
0.0
 40
0.0837574062253802
 40
0.1523862186386405
 40
0.2165752443306089
 40
0.4143915959788942
 40
0.8129502857501519
 40
1.0
 40
1.0
 40
1.0
 40
1.0
 10
199.2625002500409
 20
228.0701381225434
 30
0.0
 10
199.2890063030203
 20
228.1168246046729
 30
0.0
 10
199.3372307809094
 20
228.2017648719742
 30
0.0
 10
199.3644927182446
 20
228.3734504789364
 30
0.0
 10
199.34587627622
 20
228.6598348430883
 30
0.0
 10
199.1970493376234
 20
229.2242172479479
 30
0.0
 10
199.0899616774965
 20
229.900805691963
 30
0.0
 10
199.0206439537188
 20
230.4063909826716
 30
0.0
 10
198.9985031163676
 20
230.5678804413382
 30
0.0
  0
ARC
  5
38E
330
1F
100
AcDbEntity
  8
0
  6
Continuous
 62
     7
370
    25
100
AcDbCircle
 10
207.5883586177155
 20
220.0660891274247
 30
0.0
 40
13.56735929851596
100
AcDbArc
 50
127.2344853083304
 51
129.281172903774
  0
SPLINE
  5
38F
330
1F
100
AcDbEntity
  8
0
  6
Continuous
 62
     7
370
    25
100
AcDbSpline
210
0.0
220
0.0
230
1.0
 70
     8
 71
     3
 72
    13
 73
     9
 74
     0
 42
0.00000001
 43
0.0000000001
 40
0.0
 40
0.0
 40
0.0
 40
0.0
 40
0.0837574062253258
 40
0.1523862186385727
 40
0.2165752443305437
 40
0.4143915959789251
 40
0.8129502857501547
 40
1.0
 40
1.0
 40
1.0
 40
1.0
 10
200.7082855270927
 20
229.2102237018253
 30
0.0
 10
200.666597359315
 20
229.2031350840767
 30
0.0
 10
200.5907509054201
 20
229.1902382227391
 30
0.0
 10
200.475058554322
 20
229.2491960786819
 30
0.0
 10
200.3164087614093
 20
229.425156020549
 30
0.0
 10
200.06382779199
 20
229.9077223520189
 30
0.0
 10
199.7228204432424
 20
230.399851548911
 30
0.0
 10
199.4622661428048
 20
230.7546357028657
 30
0.0
 10
199.3790422561446
 20
230.8679576329505
 30
0.0
  0
ARC
  5
390
330
1F
100
AcDbEntity
  8
0
  6
Continuous
 62
     7
370
    25
100
AcDbCircle
 10
207.3437734739154
 20
219.371319346276
 30
0.0
 40
11.86733917986993
100
AcDbArc
 50
123.9382361358244
 51
123.9962502034237
  0
SPLINE
  5
391
330
1F
100
AcDbEntity
  8
0
  6
Continuous
 62
     7
370
    25
100
AcDbSpline
210
0.0
220
0.0
230
1.0
 70
     8
 71
     3
 72
    13
 73
     9
 74
     0
 42
0.00000001
 43
0.0000000001
 40
0.0
 40
0.0
 40
0.0
 40
0.0
 40
0.0837574062253774
 40
0.1523862186386375
 40
0.2165752443306052
 40
0.4143915959789381
 40
0.812950285750194
 40
0.9999999999999998
 40
0.9999999999999998
 40
0.9999999999999998
 40
0.9999999999999998
 10
200.7182511765434
 20
229.216937330796
 30
0.0
 10
200.7480274114658
 20
229.2579926385104
 30
0.0
 10
200.8022015800512
 20
229.3326876819651
 30
0.0
 10
200.8402253537577
 20
229.4952005579658
 30
0.0
 10
200.8384066560235
 20
229.7768140038333
 30
0.0
 10
200.7206645339818
 20
230.3502181674597
 30
0.0
 10
200.652125801024
 20
231.025903208016
 30
0.0
 10
200.6118067261709
 20
231.5290547712579
 30
0.0
 10
200.5989283737119
 20
231.6897668708155
 30
0.0
  0
ARC
  5
392
330
1F
100
AcDbEntity
  8
0
  6
Continuous
 62
     7
370
    25
100
AcDbCircle
 10
206.7307399738863
 20
221.3256994254329
 30
0.0
 40
12.04213467423742
100
AcDbArc
 50
118.3942613155221
 51
120.6103170294467
  0
SPLINE
  5
393
330
1F
100
AcDbEntity
  8
0
  6
Continuous
 62
     7
370
    25
100
AcDbSpline
210
0.0
220
0.0
230
1.0
 70
     8
 71
     3
 72
    13
 73
     9
 74
     0
 42
0.00000001
 43
0.0000000001
 40
0.0
 40
0.0
 40
0.0
 40
0.0
 40
0.083757406225358
 40
0.1523862186386365
 40
0.2165752443305964
 40
0.4143915959789507
 40
0.812950285750187
 40
1.0
 40
1.0
 40
1.0
 40
1.0
 10
202.2582694565478
 20
230.0883189780875
 30
0.0
 10
202.2154067261801
 20
230.0882733053436
 30
0.0
 10
202.1374233012436
 20
230.0881902094472
 30
0.0
 10
202.0231753504507
 20
230.1645438574356
 30
0.0
 10
201.8721962458429
 20
230.3617585382104
 30
0.0
 10
201.6439376407326
 20
230.8726296551068
 30
0.0
 10
201.3262328647624
 20
231.4073301892916
 30
0.0
 10
201.0822128472201
 20
231.7952225602887
 30
0.0
 10
201.0042701909345
 20
231.9191196161651
 30
0.0
  0
ARC
  5
394
330
1F
100
AcDbEntity
  8
0
  6
Continuous
 62
     7
370
    25
100
AcDbCircle
 10
206.7873485340986
 20
220.3394160244504
 30
0.0
 40
10.74958911261925
100
AcDbArc
 50
114.8563492267122
 51
114.9183182039261
  0
SPLINE
  5
395
330
1F
100
AcDbEntity
  8
0
  6
Continuous
 62
     7
370
    25
100
AcDbSpline
210
0.0
220
0.0
230
1.0
 70
     8
 71
     3
 72
    13
 73
     9
 74
     0
 42
0.00000001
 43
0.0000000001
 40
0.0
 40
0.0
 40
0.0
 40
0.0
 40
0.0837574062253514
 40
0.1523862186386073
 40
0.216575244330575
 40
0.414391595978946
 40
0.8129502857501535
 40
1.0
 40
1.0
 40
1.0
 40
1.0
 10
202.2688161531688
 20
230.0932117580421
 30
0.0
 10
202.3015845573515
 20
230.1282525689951
 30
0.0
 10
202.3612026070173
 20
230.1920049811077
 30
0.0
 10
202.4096331993655
 20
230.3438277872106
 30
0.0
 10
202.4246292266123
 20
230.6180409659262
 30
0.0
 10
202.3390712475952
 20
231.1951131681389
 30
0.0
 10
202.3097213694889
 20
231.863586116066
 30
0.0
 10
202.2987773918997
 20
232.3596061612621
 30
0.0
 10
202.2952817660395
 20
232.5180403761386
 30
0.0
  0
ARC
  5
396
330
1F
100
AcDbEntity
  8
0
  6
Continuous
 62
     7
370
    25
100
AcDbCircle
 10
206.3555526586034
 20
222.1146047270071
 30
0.0
 40
11.16768879520831
100
AcDbArc
 50
108.9895123741192
 51
111.3197933067935
  0
SPLINE
  5
397
330
1F
100
AcDbEntity
  8
0
  6
Continuous
 62
     7
370
    25
100
AcDbSpline
210
0.0
220
0.0
230
1.0
 70
     8
 71
     3
 72
    13
 73
     9
 74
     0
 42
0.00000001
 43
0.0000000001
 40
0.0
 40
0.0
 40
0.0
 40
0.0
 40
0.0837574062251395
 40
0.1523862186381819
 40
0.2165752443299782
 40
0.4143915959777799
 40
0.8129502857479087
 40
1.0
 40
1.0
 40
1.0
 40
1.0
 10
203.8886887003807
 20
230.6877536176836
 30
0.0
 10
203.8450516051877
 20
230.6947513163783
 30
0.0
 10
203.7656593194366
 20
230.707482761767
 30
0.0
 10
203.6539224712842
 20
230.8005193083625
 30
0.0
 10
203.5120237061998
 20
231.0171473877065
 30
0.0
 10
203.3102186544954
 20
231.5515534240579
 30
0.0
 10
203.0187827751931
 20
232.123832940717
 30
0.0
 10
202.7935753897014
 20
232.5412118822023
 30
0.0
 10
202.7216416933704
 20
232.6745272704437
 30
0.0
  0
SPLINE
  5
398
330
1F
100
AcDbEntity
  8
0
  6
Continuous
 62
     7
370
    25
100
AcDbSpline
210
0.0
220
0.0
230
1.0
 70
     8
 71
     3
 72
    13
 73
     9
 74
     0
 42
0.00000001
 43
0.0000000001
 40
0.0
 40
0.0
 40
0.0
 40
0.0
 40
0.0276062234004497
 40
0.1004408968150085
 40
0.16856369478682
 40
0.3785030608013034
 40
0.8014870960080351
 40
1.0
 40
1.0
 40
1.0
 40
1.0
 10
203.9681701345901
 20
230.7597384590074
 30
0.0
 10
203.9788297109098
 20
230.7693427984979
 30
0.0
 10
204.0176129008329
 20
230.8042866753819
 30
0.0
 10
204.0572943474405
 20
230.9129214502581
 30
0.0
 10
204.0904210363055
 20
231.1743092717511
 30
0.0
 10
204.0366067293304
 20
231.7521000883612
 30
0.0
 10
204.0473453853957
 20
232.4058885218923
 30
0.0
 10
204.0658229598733
 20
232.8902554944378
 30
0.0
 10
204.071724898784
 20
233.0449675907544
 30
0.0
  0
ARC
  5
399
330
1F
100
AcDbEntity
  8
0
  6
Continuous
 62
     7
370
    25
100
AcDbCircle
 10
206.2846610193996
 20
222.3398262341424
 30
0.0
 40
10.93147463698163
100
AcDbArc
 50
99.31577888298496
 51
101.6795108242357
  0
SPLINE
  5
39A
330
1F
100
AcDbEntity
  8
0
  6
Continuous
 62
     7
370
    25
100
AcDbSpline
210
0.0
220
0.0
230
1.0
 70
     8
 71
     3
 72
    12
 73
     8
 74
     0
 42
0.00000001
 43
0.0000000001
 40
0.0
 40
0.0
 40
0.0
 40
0.0
 40
0.0067850563134242
 40
0.0820003264516228
 40
0.313797119853377
 40
0.780819312415057
 40
1.0
 40
1.0
 40
1.0
 40
1.0
 10
205.3619067628689
 20
231.1522230419522
 30
0.0
 10
205.3590756929373
 20
231.1549994722478
 30
0.0
 10
205.3248609940644
 20
231.1885538275974
 30
0.0
 10
205.223683868416
 20
231.3951285072846
 30
0.0
 10
205.0446197999509
 20
231.9301802993548
 30
0.0
 10
204.7849993388125
 20
232.5437319602058
 30
0.0
 10
204.5804556231686
 20
232.9858956505606
 30
0.0
 10
204.5151221284643
 20
233.1271275580343
 30
0.0
  0
SPLINE
  5
39B
330
1F
100
AcDbEntity
  8
0
  6
Continuous
 62
     7
370
    25
100
AcDbSpline
210
0.0
220
0.0
230
1.0
 70
     8
 71
     3
 72
    11
 73
     7
 74
     0
 42
0.00000001
 43
0.0000000001
 40
0.0
 40
0.0
 40
0.0
 40
0.0
 40
0.0482006479082392
 40
0.2885319292080937
 40
0.7727493348358867
 40
1.0
 40
1.0
 40
1.0
 40
1.0
 10
205.7771953930511
 20
231.2560550017328
 30
0.0
 10
205.7839534414491
 20
231.2851283270803
 30
0.0
 10
205.8244075188647
 20
231.4591629721536
 30
0.0
 10
205.7930946236806
 20
232.0182366228998
 30
0.0
 10
205.8493503353399
 20
232.6474463800363
 30
0.0
 10
205.8965844950367
 20
233.1159754422843
 30
0.0
 10
205.9116716010508
 20
233.2656287372328
 30
0.0
  0
ARC
  5
39C
330
1F
100
AcDbEntity
  8
0
  6
Continuous
 62
     7
370
    25
100
AcDbCircle
 10
206.3151994787074
 20
221.9436668807999
 30
0.0
 40
11.32915067542876
100
AcDbArc
 50
89.73313759690491
 51
92.04122413986317
  0
SPLINE
  5
39D
330
1F
100
AcDbEntity
  8
0
  6
Continuous
 62
     7
370
    25
100
AcDbSpline
210
0.0
220
0.0
230
1.0
 70
     8
 71
     3
 72
    10
 73
     6
 74
     0
 42
0.00000001
 43
0.0000000001
 40
0.0
 40
0.0
 40
0.0
 40
0.0
 40
0.214206074142894
 40
0.749008845703804
 40
1.0
 40
1.0
 40
1.0
 40
1.0
 10
207.0025860029265
 20
231.4579542501034
 30
0.0
 10
206.9609402525838
 20
231.5898606120831
 30
0.0
 10
206.8153186332283
 20
232.0510941803787
 30
0.0
 10
206.6090659747745
 20
232.6611271069803
 30
0.0
 10
206.4263331202722
 20
233.1246427256512
 30
0.0
 10
206.3679662526111
 20
233.2726946720157
 30
0.0
  0
SPLINE
  5
39E
330
1F
100
AcDbEntity
  8
0
  6
Continuous
 62
     7
370
    25
100
AcDbSpline
210
0.0
220
0.0
230
1.0
 70
     8
 71
     3
 72
    10
 73
     6
 74
     0
 42
0.00000001
 43
0.0000000001
 40
0.0
 40
0.0
 40
0.0
 40
0.0
 40
0.1083578516528753
 40
0.7151997684523673
 40
1.0
 40
1.0
 40
1.0
 40
1.0
 10
207.5938378129535
 20
231.6332816414496
 30
0.0
 10
207.5991250927351
 20
231.6904790332031
 30
0.0
 10
207.6340229909289
 20
232.0680018496315
 30
0.0
 10
207.6948964135133
 20
232.5891377543098
 30
0.0
 10
207.7729967019057
 20
233.035417076661
 30
0.0
 10
207.7979427862279
 20
233.177963561903
 30
0.0
  0
ARC
  5
39F
330
1F
100
AcDbEntity
  8
0
  6
Continuous
 62
     7
370
    25
100
AcDbCircle
 10
206.2384628097341
 20
220.9088927981271
 30
0.0
 40
12.36778376280996
100
AcDbArc
 50
80.57918999587716
 51
82.75617175947237
  0
SPLINE
  5
3A0
330
1F
100
AcDbEntity
  8
0
  6
Continuous
 62
     7
370
    25
100
AcDbSpline
210
0.0
220
0.0
230
1.0
 70
     8
 71
     3
 72
     9
 73
     5
 74
     0
 42
0.00000001
 43
0.0000000001
 40
0.0
 40
0.0
 40
0.0
 40
0.0
 40
0.629087618880905
 40
1.0
 40
1.0
 40
1.0
 40
1.0
 10
208.6381878468464
 20
231.8501414095897
 30
0.0
 10
208.5657882341874
 20
232.1175300760442
 30
0.0
 10
208.4507015427857
 20
232.5425720867744
 30
0.0
 10
208.3136927988829
 20
232.956382197835
 30
0.0
 10
208.262874559448
 20
233.1098694914598
 30
0.0
  0
SPLINE
  5
3A1
330
1F
100
AcDbEntity
  8
0
  6
Continuous
 62
     7
370
    25
100
AcDbSpline
210
0.0
220
0.0
230
1.0
 70
     8
 71
     3
 72
     9
 73
     5
 74
     0
 42
0.00000001
 43
0.0000000001
 40
0.0
 40
0.0
 40
0.0
 40
0.0
 40
0.444699333926998
 40
1.0
 40
1.0
 40
1.0
 40
1.0
 10
209.5480581335985
 20
232.0390763959631
 30
0.0
 10
209.5688302805281
 20
232.1526376818529
 30
0.0
 10
209.6155408225618
 20
232.4080041221105
 30
0.0
 10
209.6781563849735
 20
232.6489777530953
 30
0.0
 10
209.7129268484873
 20
232.7827905708871
 30
0.0
  0
ARC
  5
3A2
330
1F
100
AcDbEntity
  8
0
  6
Continuous
 62
     7
370
    25
100
AcDbCircle
 10
205.8592596119272
 20
219.2606421833497
 30
0.0
 40
14.06055646781875
100
AcDbArc
 50
72.09447539522826
 51
74.09301651841085
  0
LINE
  5
3A3
330
1F
100
AcDbEntity
  8
0
  6
Continuous
 62
     7
370
    25
100
AcDbLine
 10
210.2997156887624
 20
232.1926212351254
 30
0.0
 11
210.1821548006699
 21
232.6401722712065
 31
0.0
  0
ARC
  5
3A4
330
1F
100
AcDbEntity
  8
0
  6
Continuous
 62
     7
370
    25
100
AcDbCircle
 10
177.0105158595268
 20
193.2112102070985
 30
0.0
 40
58.64156833141622
100
AcDbArc
 50
12.12315011036484
 51
12.50496504868023
  0
LINE
  5
3A5
330
1F
100
AcDbEntity
  8
0
  6
Continuous
 62
     7
370
    25
100
AcDbLine
 10
233.6817317484093
 20
208.2841316900892
 30
0.0
 11
233.1492537535899
 21
208.173562387889
 31
0.0
  0
ARC
  5
3A6
330
1F
100
AcDbEntity
  8
0
  6
Continuous
 62
     7
370
    25
100
AcDbCircle
 10
177.6667341935039
 20
193.3765816688366
 30
0.0
 40
57.96477377435546
100
AcDbArc
 50
14.90297225744842
 51
15.68028634011607
  0
SPLINE
  5
3A7
330
1F
100
AcDbEntity
  8
0
  6
Continuous
 62
     7
370
    25
100
AcDbSpline
210
0.0
220
0.0
230
1.0
 70
     8
 71
     3
 72
     9
 73
     5
 74
     0
 42
0.00000001
 43
0.0000000001
 40
0.0
 40
0.0
 40
0.0
 40
0.0
 40
0.4275909456690235
 40
1.0
 40
1.0
 40
1.0
 40
1.0
 10
233.33477595492
 20
207.8114964721794
 30
0.0
 10
233.3868842634826
 20
207.8738467997043
 30
0.0
 10
233.5087491184109
 20
208.0196644980361
 30
0.0
 10
233.6187603330639
 20
208.1878568595115
 30
0.0
 10
233.6817317484093
 20
208.2841316900892
 30
0.0
  0
LINE
  5
3A8
330
1F
100
AcDbEntity
  8
0
  6
Continuous
 62
     7
370
    25
100
AcDbLine
 10
235.1365893697537
 20
199.5035769093344
 30
0.0
 11
235.308418243712
 21
199.5392572545795
 31
0.0
  0
ARC
  5
3A9
330
1F
100
AcDbEntity
  8
0
  6
Continuous
 62
     7
370
    25
100
AcDbCircle
 10
178.89540912114
 20
193.4671052281692
 30
0.0
 40
56.73886347553352
100
AcDbArc
 50
5.355047318483697
 51
6.143518137962685
  0
LINE
  5
3AA
330
1F
100
AcDbEntity
  8
0
  6
Continuous
 62
     7
370
    25
100
AcDbLine
 10
232.7688392596694
 20
211.36588139474
 30
0.0
 11
232.1629287332667
 21
211.2400637933517
 31
0.0
  0
ARC
  5
3AB
330
1F
100
AcDbEntity
  8
0
  6
Continuous
 62
     7
370
    25
100
AcDbCircle
 10
179.339774142008
 20
193.8896808103472
 30
0.0
 40
56.21461185682264
100
AcDbArc
 50
18.11248804396465
 51
18.90585347053331
  0
SPLINE
  5
3AC
330
1F
100
AcDbEntity
  8
0
  6
Continuous
 62
     7
370
    25
100
AcDbSpline
210
0.0
220
0.0
230
1.0
 70
     8
 71
     3
 72
     9
 73
     5
 74
     0
 42
0.00000001
 43
0.0000000001
 40
0.0
 40
0.0
 40
0.0
 40
0.0
 40
0.5630722250832503
 40
1.0
 40
1.0
 40
1.0
 40
1.0
 10
232.3592020090835
 20
210.6682618572671
 30
0.0
 10
232.4406337638016
 20
210.7918388321178
 30
0.0
 10
232.5852542069536
 20
211.0113079683061
 30
0.0
 10
232.7130164062237
 20
211.2580659700814
 30
0.0
 10
232.7688392596694
 20
211.36588139474
 30
0.0
  0
LINE
  5
3AD
330
1F
100
AcDbEntity
  8
0
  6
Continuous
 62
     7
370
    25
100
AcDbLine
 10
235.439853531552
 20
196.3387522649539
 30
0.0
 11
235.5595039420737
 21
196.3635977281041
 31
0.0
  0
LINE
  5
3AE
330
1F
100
AcDbEntity
  8
0
  6
Continuous
 62
     7
370
    25
100
AcDbLine
 10
231.6965394311786
 20
214.3531265532133
 30
0.0
 11
231.1023961148231
 21
214.2297524184443
 31
0.0
  0
ARC
  5
3AF
330
1F
100
AcDbEntity
  8
0
  6
Continuous
 62
     7
370
    25
100
AcDbCircle
 10
181.8890412069372
 20
194.829783785873
 30
0.0
 40
53.49717555319031
100
AcDbArc
 50
21.40398632672125
 51
22.22399611810008
  0
SPLINE
  5
3B0
330
1F
100
AcDbEntity
  8
0
  6
Continuous
 62
     7
370
    25
100
AcDbSpline
210
0.0
220
0.0
230
1.0
 70
     8
 71
     3
 72
     9
 73
     5
 74
     0
 42
0.00000001
 43
0.0000000001
 40
0.0
 40
0.0
 40
0.0
 40
0.0
 40
0.6249975786976368
 40
1.0
 40
1.0
 40
1.0
 40
1.0
 10
231.2783309529797
 20
213.4508682802787
 30
0.0
 10
231.3714750681866
 20
213.6304905159987
 30
0.0
 10
231.520506229877
 20
213.9178872065496
 30
0.0
 10
231.6485301508348
 20
214.234424355809
 30
0.0
 10
231.6965394311786
 20
214.3531265532133
 30
0.0
  0
LINE
  5
3B1
330
1F
100
AcDbEntity
  8
0
  6
Continuous
 62
     7
370
    25
100
AcDbLine
 10
230.4748440375248
 20
217.2179760623433
 30
0.0
 11
229.9191840346384
 21
217.1025930054366
 31
0.0
  0
SPLINE
  5
3B2
330
1F
100
AcDbEntity
  8
0
  6
Continuous
 62
     7
370
    25
100
AcDbSpline
210
0.0
220
0.0
230
1.0
 70
     8
 71
     3
 72
     9
 73
     5
 74
     0
 42
0.00000001
 43
0.0000000001
 40
0.0
 40
0.0
 40
0.0
 40
0.0
 40
0.6784449348236766
 40
1.0
 40
1.0
 40
1.0
 40
1.0
 10
230.060641550964
 20
216.0699438995029
 30
0.0
 10
230.1620421353033
 20
216.3204328207879
 30
0.0
 10
230.3115024365518
 20
216.6896432141856
 30
0.0
 10
230.4351004653264
 20
217.0894243977924
 30
0.0
 10
230.4748440375248
 20
217.2179760623433
 30
0.0
  0
ARC
  5
3B3
330
1F
100
AcDbEntity
  8
0
  6
Continuous
 62
     7
370
    25
100
AcDbCircle
 10
185.1299493851819
 20
196.2442242747446
 30
0.0
 40
49.96056179708024
100
AcDbArc
 50
24.82235040493538
 51
25.68061594136823
  0
LINE
  5
3B4
330
1F
100
AcDbEntity
  8
0
  6
Continuous
 62
     7
370
    25
100
AcDbLine
 10
229.1151597194283
 20
219.9336815941508
 30
0.0
 11
228.5600514230778
 21
219.8184130993614
 31
0.0
  0
SPLINE
  5
3B5
330
1F
100
AcDbEntity
  8
0
  6
Continuous
 62
     7
370
    25
100
AcDbSpline
210
0.0
220
0.0
230
1.0
 70
     8
 71
     3
 72
     9
 73
     5
 74
     0
 42
0.00000001
 43
0.0000000001
 40
0.0
 40
0.0
 40
0.0
 40
0.0
 40
0.656134499995393
 40
1.0
 40
1.0
 40
1.0
 40
1.0
 10
228.8037710722029
 20
218.7760514988626
 30
0.0
 10
228.8792919065503
 20
219.0218527429272
 30
0.0
 10
228.9943915307097
 20
219.3964729527568
 30
0.0
 10
229.0842578072963
 20
219.7962217679412
 30
0.0
 10
229.1151597194283
 20
219.9336815941508
 30
0.0
  0
ARC
  5
3B6
330
1F
100
AcDbEntity
  8
0
  6
Continuous
 62
     7
370
    25
100
AcDbCircle
 10
188.8400563301677
 20
198.1412973368755
 30
0.0
 40
45.79292483159779
100
AcDbArc
 50
28.41729838750968
 51
29.32687928325439
  0
LINE
  5
3B7
330
1F
100
AcDbEntity
  8
0
  6
Continuous
 62
     7
370
    25
100
AcDbLine
 10
227.6301814830199
 20
222.4748873377914
 30
0.0
 11
227.0549103108542
 21
222.3554320125026
 31
0.0
  0
SPLINE
  5
3B8
330
1F
100
AcDbEntity
  8
0
  6
Continuous
 62
     7
370
    25
100
AcDbSpline
210
0.0
220
0.0
230
1.0
 70
     8
 71
     3
 72
     9
 73
     5
 74
     0
 42
0.00000001
 43
0.0000000001
 40
0.0
 40
0.0
 40
0.0
 40
0.0
 40
0.6477234862893572
 40
1.0
 40
1.0
 40
1.0
 40
1.0
 10
227.4025665767197
 20
221.2742644546075
 30
0.0
 10
227.4591336524272
 20
221.5273793666004
 30
0.0
 10
227.546465788601
 20
221.9181555501892
 30
0.0
 10
227.6083730195337
 20
222.3298552151302
 30
0.0
 10
227.6301814830199
 20
222.4748873377914
 30
0.0
  0
LINE
  5
3B9
330
1F
100
AcDbEntity
  8
0
  6
Continuous
 62
     7
370
    25
100
AcDbLine
 10
227.1290100917011
 20
223.0400151323791
 30
0.0
 11
227.2506749528812
 21
223.0652788971422
 31
0.0
  0
ARC
  5
3BA
330
1F
100
AcDbEntity
  8
0
  6
Continuous
 62
     7
370
    25
100
AcDbCircle
 10
192.777188793388
 20
200.4883863197525
 30
0.0
 40
41.20846183054832
100
AcDbArc
 50
32.24517923122361
 51
33.22102936677062
  0
LINE
  5
3BB
330
1F
100
AcDbEntity
  8
0
  6
Continuous
 62
     7
370
    25
100
AcDbLine
 10
226.0337741699878
 20
224.8178667399279
 30
0.0
 11
225.4214307249147
 21
224.690713340003
 31
0.0
  0
SPLINE
  5
3BC
330
1F
100
AcDbEntity
  8
0
  6
Continuous
 62
     7
370
    25
100
AcDbSpline
210
0.0
220
0.0
230
1.0
 70
     8
 71
     3
 72
     9
 73
     5
 74
     0
 42
0.00000001
 43
0.0000000001
 40
0.0
 40
0.0
 40
0.0
 40
0.0
 40
0.6460926967116149
 40
1.0
 40
1.0
 40
1.0
 40
1.0
 10
225.8849826142969
 20
223.5639825538668
 30
0.0
 10
225.9245678691364
 20
223.8290545933468
 30
0.0
 10
225.9858365617576
 20
224.2393239569058
 30
0.0
 10
226.0212434231532
 20
224.6666373938131
 30
0.0
 10
226.0337741699876
 20
224.8178667399279
 30
0.0
  0
LINE
  5
3BD
330
1F
100
AcDbEntity
  8
0
  6
Continuous
 62
     7
370
    25
100
AcDbLine
 10
225.4297893143806
 20
225.3151025732026
 30
0.0
 11
225.6293229699243
 21
225.3565358291734
 31
0.0
  0
ARC
  5
3BE
330
1F
100
AcDbEntity
  8
0
  6
Continuous
 62
     7
370
    25
100
AcDbCircle
 10
196.6990345000497
 20
203.2135120165349
 30
0.0
 40
36.43178686967238
100
AcDbArc
 50
36.37078350798848
 51
37.43016980089477
  0
LINE
  5
3BF
330
1F
100
AcDbEntity
  8
0
  6
Continuous
 62
     7
370
    25
100
AcDbLine
 10
224.3408430052853
 20
226.9407440331636
 30
0.0
 11
223.6715792144323
 21
226.8017710970795
 31
0.0
  0
SPLINE
  5
3C0
330
1F
100
AcDbEntity
  8
0
  6
Continuous
 62
     7
370
    25
100
AcDbSpline
210
0.0
220
0.0
230
1.0
 70
     8
 71
     3
 72
     9
 73
     5
 74
     0
 42
0.00000001
 43
0.0000000001
 40
0.0
 40
0.0
 40
0.0
 40
0.0
 40
0.6501534576644393
 40
1.0
 40
1.0
 40
1.0
 40
1.0
 10
224.2701084536669
 20
225.6248489551608
 30
0.0
 10
224.2931837312144
 20
225.9061495909814
 30
0.0
 10
224.3286757789384
 20
226.3388176518896
 30
0.0
 10
224.3376895638133
 20
226.7847397344343
 30
0.0
 10
224.3408430052853
 20
226.9407440331636
 30
0.0
  0
LINE
  5
3C1
330
1F
100
AcDbEntity
  8
0
  6
Continuous
 62
     7
370
    25
100
AcDbLine
 10
223.4732573087806
 20
227.330886783316
 30
0.0
 11
223.9152233871779
 21
227.4226612441545
 31
0.0
  0
ARC
  5
3C2
330
1F
100
AcDbEntity
  8
0
  6
Continuous
 62
     7
370
    25
100
AcDbCircle
 10
200.3825699343451
 20
206.2101855921387
 30
0.0
 40
31.68209118442927
100
AcDbArc
 50
40.86890409705705
 51
42.03168935252464
  0
LINE
  5
3C3
330
1F
100
AcDbEntity
  8
0
  6
Continuous
 62
     7
370
    25
100
AcDbLine
 10
222.5671944310612
 20
228.8236984841969
 30
0.0
 11
221.8212789417839
 21
228.6688087874331
 31
0.0
  0
SPLINE
  5
3C4
330
1F
100
AcDbEntity
  8
0
  6
Continuous
 62
     7
370
    25
100
AcDbSpline
210
0.0
220
0.0
230
1.0
 70
     8
 71
     3
 72
     9
 73
     5
 74
     0
 42
0.00000001
 43
0.0000000001
 40
0.0
 40
0.0
 40
0.0
 40
0.0
 40
0.6587966597841959
 40
1.0
 40
1.0
 40
1.0
 40
1.0
 10
222.5768976692041
 20
227.4384267427135
 30
0.0
 10
222.5827838002865
 20
227.7398699879193
 30
0.0
 10
222.5917184707876
 20
228.1974364323279
 30
0.0
 10
222.573433368901
 20
228.6643768529865
 30
0.0
 10
222.5671944310612
 20
228.8236984841969
 30
0.0
  0
LINE
  5
3C5
330
1F
100
AcDbEntity
  8
0
  6
Continuous
 62
     7
370
    25
100
AcDbLine
 10
221.3709198036216
 20
229.0879078667482
 30
0.0
 11
222.1243802906077
 21
229.2443642857727
 31
0.0
  0
ARC
  5
3C6
330
1F
100
AcDbEntity
  8
0
  6
Continuous
 62
     7
370
    25
100
AcDbCircle
 10
203.6417090809986
 20
209.3451707373306
 30
0.0
 40
27.158553697148
100
AcDbArc
 50
45.82503890989618
 51
47.11360062159568
  0
LINE
  5
3C7
330
1F
100
AcDbEntity
  8
0
  6
Continuous
 62
     7
370
    25
100
AcDbLine
 10
220.7293885261704
 20
230.4491494546318
 30
0.0
 11
219.6652491615787
 21
230.2281804228077
 31
0.0
  0
SPLINE
  5
3C8
330
1F
100
AcDbEntity
  8
0
  6
Continuous
 62
     7
370
    25
100
AcDbSpline
210
0.0
220
0.0
230
1.0
 70
     8
 71
     3
 72
     9
 73
     5
 74
     0
 42
0.00000001
 43
0.0000000001
 40
0.0
 40
0.0
 40
0.0
 40
0.0
 40
0.6740932536848163
 40
0.9999999999999998
 40
0.9999999999999998
 40
0.9999999999999998
 40
0.9999999999999998
 10
220.8251668172344
 20
228.9745820064061
 30
0.0
 10
220.8120786204592
 20
229.3043323967756
 30
0.0
 10
220.7926626172525
 20
229.7935086176725
 30
0.0
 10
220.7449412437413
 20
230.287993496629
 30
0.0
 10
220.7293885261704
 20
230.4491494546318
 30
0.0
  0
LINE
  5
3C9
330
1F
100
AcDbEntity
  8
0
  6
Continuous
 62
     7
370
    25
100
AcDbLine
 10
218.1539612149663
 20
230.3645100240244
 30
0.0
 11
220.2735142996899
 21
230.8046362035591
 31
0.0
  0
ARC
  5
3CA
330
1F
100
AcDbEntity
  8
0
  6
Continuous
 62
     7
370
    25
100
AcDbCircle
 10
206.3417087179443
 20
212.4685176780786
 30
0.0
 40
23.02842698379616
100
AcDbArc
 50
51.33402442842993
 51
52.77238535986462
  0
LINE
  5
3CB
330
1F
100
AcDbEntity
  8
0
  6
Continuous
 62
     7
370
    25
100
AcDbLine
 10
218.8445843891765
 20
231.8019205467322
 30
0.0
 11
216.234139622876
 21
231.2598604822028
 31
0.0
  0
SPLINE
  5
3CC
330
1F
100
AcDbEntity
  8
0
  6
Continuous
 62
     7
370
    25
100
AcDbSpline
210
0.0
220
0.0
230
1.0
 70
     8
 71
     3
 72
     9
 73
     5
 74
     0
 42
0.00000001
 43
0.0000000001
 40
0.0
 40
0.0
 40
0.0
 40
0.0
 40
0.6162173608712511
 40
1.0
 40
1.0
 40
1.0
 40
1.0
 10
219.0013452128681
 20
230.5404697035833
 30
0.0
 10
218.9758676552826
 20
230.7993970592853
 30
0.0
 10
218.9345225728437
 20
231.2195854086298
 30
0.0
 10
218.8695281285401
 20
231.6404138838802
 30
0.0
 10
218.8445843891765
 20
231.8019205467322
 30
0.0
  0
LINE
  5
3CD
330
1F
100
AcDbEntity
  8
0
  6
Continuous
 62
     7
370
    25
100
AcDbLine
 10
216.1401634582498
 20
231.6238254893154
 30
0.0
 11
218.3799064514935
 21
232.0889091590101
 31
0.0
  0
ARC
  5
3CE
330
1F
100
AcDbEntity
  8
0
  6
Continuous
 62
     7
370
    25
100
AcDbCircle
 10
208.4091372186977
 20
215.425040614109
 30
0.0
 40
19.41908221248917
100
AcDbArc
 50
57.49446575957218
 51
59.10595041237773
  0
LINE
  5
3CF
330
1F
100
AcDbEntity
  8
0
  6
Continuous
 62
     7
370
    25
100
AcDbLine
 10
216.9303799284723
 20
232.8693813012953
 30
0.0
 11
214.1057421196076
 21
232.2828439522848
 31
0.0
  0
SPLINE
  5
3D0
330
1F
100
AcDbEntity
  8
0
  6
Continuous
 62
     7
370
    25
100
AcDbSpline
210
0.0
220
0.0
230
1.0
 70
     8
 71
     3
 72
     9
 73
     5
 74
     0
 42
0.00000001
 43
0.0000000001
 40
0.0
 40
0.0
 40
0.0
 40
0.0
 40
0.5365424326864169
 40
1.0
 40
1.0
 40
1.0
 40
1.0
 10
217.1221751612318
 20
231.8277406741756
 30
0.0
 10
217.0928669877028
 20
232.0147363691091
 30
0.0
 10
217.0382428391853
 20
232.3632562317361
 30
0.0
 10
216.9645386791726
 20
232.7090982164055
 30
0.0
 10
216.9303799284723
 20
232.8693813012953
 30
0.0
  0
LINE
  5
3D1
330
1F
100
AcDbEntity
  8
0
  6
Continuous
 62
     7
370
    25
100
AcDbLine
 10
212.3412332111747
 20
232.2296715776597
 30
0.0
 11
216.4612368522916
 21
233.0851922415687
 31
0.0
  0
ARC
  5
3D2
330
1F
100
AcDbEntity
  8
0
  6
Continuous
 62
     7
370
    25
100
AcDbCircle
 10
209.836587438014
 20
218.0662910002243
 30
0.0
 40
16.41503500938533
100
AcDbArc
 50
64.39578198500789
 51
66.19832432320112
  0
LINE
  5
3D3
330
1F
100
AcDbEntity
  8
0
  6
Continuous
 62
     7
370
    25
100
AcDbLine
 10
215.0046475553579
 20
233.6415651248464
 30
0.0
 11
210.1821548006699
 21
232.6401722712065
 31
0.0
  0
SPLINE
  5
3D4
330
1F
100
AcDbEntity
  8
0
  6
Continuous
 62
     7
370
    25
100
AcDbSpline
210
0.0
220
0.0
230
1.0
 70
     8
 71
     3
 72
     9
 73
     5
 74
     0
 42
0.00000001
 43
0.0000000001
 40
0.0
 40
0.0
 40
0.0
 40
0.0
 40
0.4171547155573221
 40
1.0
 40
1.0
 40
1.0
 40
1.0
 10
215.2060313240159
 20
232.8245482323801
 30
0.0
 10
215.1812485201324
 20
232.9391814391539
 30
0.0
 10
215.1218393777706
 20
233.2139792599593
 30
0.0
 10
215.0478006681353
 20
233.4841167579761
 30
0.0
 10
215.0046475553579
 20
233.6415651248464
 30
0.0
  0
LINE
  5
3D5
330
1F
100
AcDbEntity
  8
0
  6
Continuous
 62
     7
370
    25
100
AcDbLine
 10
209.7129268484873
 20
232.7827905708871
 30
0.0
 11
214.5354196031753
 21
233.7841834245273
 31
0.0
  0
ARC
  5
3D6
330
1F
100
AcDbEntity
  8
0
  6
Continuous
 62
     7
370
    25
100
AcDbCircle
 10
210.6817523668517
 20
220.2620350377812
 30
0.0
 40
14.06055646699279
100
AcDbArc
 50
72.0944753951537
 51
74.09301651845398
  0
LINE
  5
3D7
330
1F
100
AcDbEntity
  8
0
  6
Continuous
 62
     7
370
    25
100
AcDbLine
 10
213.0853673141361
 20
234.1112623450998
 30
0.0
 11
208.262874559448
 21
233.1098694914598
 31
0.0
  0
SPLINE
  5
3D8
330
1F
100
AcDbEntity
  8
0
  6
Continuous
 62
     7
370
    25
100
AcDbSpline
210
0.0
220
0.0
230
1.0
 70
     8
 71
     3
 72
     9
 73
     5
 74
     0
 42
0.00000001
 43
0.0000000001
 40
0.0
 40
0.0
 40
0.0
 40
0.0
 40
0.2134523003844165
 40
1.0
 40
1.0
 40
1.0
 40
1.0
 10
213.2709473371835
 20
233.5216151729608
 30
0.0
 10
213.2590572558608
 20
233.5642422982462
 30
0.0
 10
213.2033535632741
 20
233.7639455818775
 30
0.0
 10
213.1373120860926
 20
233.9583522374049
 30
0.0
 10
213.0853673141361
 20
234.1112623450998
 30
0.0
  0
LINE
  5
3D9
330
1F
100
AcDbEntity
  8
0
  6
Continuous
 62
     7
370
    25
100
AcDbLine
 10
207.7979427862279
 20
233.177963561903
 30
0.0
 11
212.6204355409161
 21
234.179356415543
 31
0.0
  0
ARC
  5
3DA
330
1F
100
AcDbEntity
  8
0
  6
Continuous
 62
     7
370
    25
100
AcDbCircle
 10
211.0609555644008
 20
221.9102856516154
 30
0.0
 40
12.36778376296321
100
AcDbArc
 50
80.57918999589444
 51
82.7561717594628
  0
LINE
  5
3DB
330
1F
100
AcDbEntity
  8
0
  6
Continuous
 62
     7
370
    25
100
AcDbLine
 10
211.1904590072992
 20
234.2740875256557
 30
0.0
 11
206.3679662526111
 21
233.2726946720157
 31
0.0
  0
LINE
  5
3DC
330
1F
100
AcDbEntity
  8
0
  6
Continuous
 62
     7
370
    25
100
AcDbLine
 10
211.3311196435155
 20
233.9116293724104
 30
0.0
 11
211.1904590072992
 21
234.2740875256557
 31
0.0
  0
LINE
  5
3DD
330
1F
100
AcDbEntity
  8
0
  6
Continuous
 62
     7
370
    25
100
AcDbLine
 10
205.9116716010508
 20
233.2656287372328
 30
0.0
 11
210.7341643557389
 21
234.2670215908729
 31
0.0
  0
ARC
  5
3DE
330
1F
100
AcDbEntity
  8
0
  6
Continuous
 62
     7
370
    25
100
AcDbCircle
 10
211.1376922333938
 20
222.9450597345466
 30
0.0
 40
11.32915067532213
100
AcDbArc
 50
89.73313759689421
 51
92.04122413987407
  0
LINE
  5
3DF
330
1F
100
AcDbEntity
  8
0
  6
Continuous
 62
     7
370
    25
100
AcDbLine
 10
209.3376148831525
 20
234.1285204116743
 30
0.0
 11
204.5151221284644
 21
233.1271275580343
 31
0.0
  0
LINE
  5
3E0
330
1F
100
AcDbEntity
  8
0
  6
Continuous
 62
     7
370
    25
100
AcDbLine
 10
209.4010055669949
 20
233.9901905510505
 30
0.0
 11
209.3376148831525
 21
234.1285204116743
 31
0.0
  0
LINE
  5
3E1
330
1F
100
AcDbEntity
  8
0
  6
Continuous
 62
     7
370
    25
100
AcDbLine
 10
204.071724898784
 20
233.0449675907544
 30
0.0
 11
208.8942176534721
 21
234.0463604443945
 31
0.0
  0
ARC
  5
3E2
330
1F
100
AcDbEntity
  8
0
  6
Continuous
 62
     7
370
    25
100
AcDbCircle
 10
211.1071537740928
 20
223.3412190877522
 30
0.0
 40
10.93147463701221
100
AcDbArc
 50
99.31577888298569
 51
101.6795108242295
  0
LINE
  5
3E3
330
1F
100
AcDbEntity
  8
0
  6
Continuous
 62
     7
370
    25
100
AcDbLine
 10
204.0684738279166
 20
232.9541975868465
 30
0.0
 11
202.7216416933705
 21
232.6745272704437
 31
0.0
  0
LINE
  5
3E4
330
1F
100
AcDbEntity
  8
0
  6
Continuous
 62
     7
370
    25
100
AcDbLine
 10
202.3033150682121
 20
232.1888668864739
 30
0.0
 11
201.0042701909345
 21
231.9191196161651
 31
0.0
  0
LINE
  5
3E5
330
1F
100
AcDbEntity
  8
0
  6
Continuous
 62
     7
370
    25
100
AcDbLine
 10
200.6477922087674
 20
231.1314141481263
 30
0.0
 11
199.3790422561446
 21
230.8679576329505
 31
0.0
  0
LINE
  5
3E6
330
1F
100
AcDbEntity
  8
0
  6
Continuous
 62
     7
370
    25
100
AcDbLine
 10
199.1175687031263
 20
229.7917553577966
 30
0.0
 11
197.8611322043371
 21
229.5308557370113
 31
0.0
  0
LINE
  5
3E7
330
1F
100
AcDbEntity
  8
0
  6
Continuous
 62
     7
370
    25
100
AcDbLine
 10
197.720686081569
 20
228.1811016148869
 30
0.0
 11
196.4647123526876
 21
227.9202980884874
 31
0.0
  0
LINE
  5
3E8
330
1F
100
AcDbEntity
  8
0
  6
Continuous
 62
     7
370
    25
100
AcDbLine
 10
196.4701604500067
 20
226.3144857167522
 30
0.0
 11
195.2028206971059
 21
226.0513220302019
 31
0.0
  0
LINE
  5
3E9
330
1F
100
AcDbEntity
  8
0
  6
Continuous
 62
     7
370
    25
100
AcDbLine
 10
195.3783170811187
 20
224.2094706120671
 30
0.0
 11
194.0872391799821
 21
223.9413776880431
 31
0.0
  0
LINE
  5
3EA
330
1F
100
AcDbEntity
  8
0
  6
Continuous
 62
     7
370
    25
100
AcDbLine
 10
194.4604278857284
 20
221.8867646388686
 30
0.0
 11
193.1283836853643
 21
221.6101650438398
 31
0.0
  0
LINE
  5
3EB
330
1F
100
AcDbEntity
  8
0
  6
Continuous
 62
     7
370
    25
100
AcDbLine
 10
193.7268239168286
 20
219.3684199430148
 30
0.0
 11
192.3352067886567
 21
219.0794500019404
 31
0.0
  0
LINE
  5
3EC
330
1F
100
AcDbEntity
  8
0
  6
Continuous
 62
     7
370
    25
100
AcDbLine
 10
193.1601923253642
 20
216.6729323151961
 30
0.0
 11
191.7151141688337
 21
216.3728611668271
 31
0.0
  0
LINE
  5
3ED
330
1F
100
AcDbEntity
  8
0
  6
Continuous
 62
     7
370
    25
100
AcDbLine
 10
273.5313929744636
 20
213.7727167524686
 30
0.0
 11
273.6045386521044
 21
209.7089666537781
 31
0.0
  0
LWPOLYLINE
  5
3EE
330
1F
100
AcDbEntity
  8
0
  6
Continuous
 62
     7
370
    25
100
AcDbPolyline
 90
        6
 70
   128
 43
0.0
 10
264.0103519121423
 20
73.72201589060582
 10
263.9165715842263
 20
73.33100193357324
 10
263.8044206136301
 20
73.267255007934
 10
263.681735764349
 20
73.56238227091758
 10
263.5520464561253
 20
74.20789344850494
 10
263.4761769390736
 20
74.72768168446612
  0
LWPOLYLINE
  5
3EF
330
1F
100
AcDbEntity
  8
0
  6
Continuous
 62
     7
370
    25
100
AcDbPolyline
 90
       12
 70
   128
 43
0.0
 10
262.7481324726137
 20
96.50016037642423
 10
262.818417495098
 20
97.39121119185124
 10
262.9088385609136
 20
97.98661086884347
 10
263.0144900131188
 20
98.22975387275818
 10
263.1323324517929
 20
98.11364542206202
 10
263.2589757645305
 20
97.64162574548352
 10
263.3907766538029
 20
96.82727398971369
 10
263.5239434479951
 20
95.69401757207963
 10
263.6546451808942
 20
94.27445821640167
 10
263.779121801613
 20
92.60943406075774
 10
263.8937923444072
 20
90.74684481860371
 10
263.9953579465409
 20
88.74027379122882
  0
ENDSEC
  0
SECTION
  2
OBJECTS
  0
DICTIONARY
  5
C
330
0
100
AcDbDictionary
281
     1
  3
ACAD_CIP_PREVIOUS_PRODUCT_INFO
350
431
  3
ACAD_COLOR
350
424
  3
ACAD_DETAILVIEWSTYLE
350
42B
  3
ACAD_GROUP
350
D
  3
ACAD_LAYOUT
350
1A
  3
ACAD_MATERIAL
350
3F2
  3
ACAD_MLEADERSTYLE
350
427
  3
ACAD_MLINESTYLE
350
17
  3
ACAD_PLOTSETTINGS
350
19
  3
ACAD_PLOTSTYLENAME
350
E
  3
ACAD_SCALELIST
350
47
  3
ACAD_SECTIONVIEWSTYLE
350
429
  3
ACAD_TABLESTYLE
350
425
  3
ACAD_VISUALSTYLE
350
40B
  3
ACDB_RECOMPOSE_DATA
350
43F
  3
AcDbVariableDictionary
350
432
  0
XRECORD
  5
431
102
{ACAD_REACTORS
330
C
102
}
330
C
100
AcDbXrecord
280
     1
300

300

300

  0
DICTIONARY
  5
424
102
{ACAD_REACTORS
330
C
102
}
330
C
100
AcDbDictionary
281
     1
  0
DICTIONARY
  5
42B
102
{ACAD_REACTORS
330
C
102
}
330
C
100
AcDbDictionary
281
     1
  3
Metric50
350
42C
  0
DICTIONARY
  5
D
102
{ACAD_REACTORS
330
C
102
}
330
C
100
AcDbDictionary
281
     1
  0
DICTIONARY
  5
1A
102
{ACAD_REACTORS
330
C
102
}
330
C
100
AcDbDictionary
281
     1
  3
Layout1
350
1E
  3
Layout2
350
26
  3
Model
350
22
  0
DICTIONARY
  5
3F2
102
{ACAD_REACTORS
330
C
102
}
330
C
100
AcDbDictionary
281
     1
  3
ByBlock
350
3FB
  3
ByLayer
350
3F3
  3
Global
350
403
  0
DICTIONARY
  5
427
102
{ACAD_REACTORS
330
C
102
}
330
C
100
AcDbDictionary
281
     1
  3
Standard
350
428
  0
DICTIONARY
  5
17
102
{ACAD_REACTORS
330
C
102
}
330
C
100
AcDbDictionary
281
     1
  3
Standard
350
18
  0
DICTIONARY
  5
19
102
{ACAD_REACTORS
330
C
102
}
330
C
100
AcDbDictionary
281
     1
  0
ACDBDICTIONARYWDFLT
  5
E
102
{ACAD_REACTORS
330
C
102
}
330
C
100
AcDbDictionary
281
     1
  3
Normal
350
F
100
AcDbDictionaryWithDefault
340
F
  0
DICTIONARY
  5
47
102
{ACAD_REACTORS
330
C
102
}
330
C
100
AcDbDictionary
281
     1
  3
A0
350
48
  3
A1
350
49
  3
A2
350
4A
  3
A3
350
4B
  3
A4
350
4C
  3
A5
350
4D
  3
A6
350
4E
  3
A7
350
4F
  3
A8
350
50
  3
A9
350
51
  3
B0
350
52
  3
B1
350
53
  3
B2
350
54
  3
B3
350
55
  3
B4
350
56
  3
B5
350
57
  3
B6
350
58
  0
DICTIONARY
  5
429
102
{ACAD_REACTORS
330
C
102
}
330
C
100
AcDbDictionary
281
     1
  3
Metric50
350
42A
  0
DICTIONARY
  5
425
102
{ACAD_REACTORS
330
C
102
}
330
C
100
AcDbDictionary
281
     1
  3
Standard
350
426
  0
DICTIONARY
  5
40B
102
{ACAD_REACTORS
330
C
102
}
330
C
100
AcDbDictionary
281
     1
  3
2dWireframe
350
411
  3
Basic
350
410
  3
Brighten
350
417
  3
ColorChange
350
41B
  3
Conceptual
350
414
  3
Dim
350
416
  3
EdgeColorOff
350
423
  3
Facepattern
350
41A
  3
Flat
350
40C
  3
FlatWithEdges
350
40D
  3
Gouraud
350
40E
  3
GouraudWithEdges
350
40F
  3
Hidden
350
413
  3
JitterOff
350
421
  3
Linepattern
350
419
  3
OverhangOff
350
422
  3
Realistic
350
415
  3
Shaded
350
420
  3
Shaded with edges
350
41F
  3
Shades of Gray
350
41C
  3
Sketchy
350
41D
  3
Thicken
350
418
  3
Wireframe
350
412
  3
X-Ray
350
41E
  0
XRECORD
  5
43F
102
{ACAD_REACTORS
330
C
102
}
330
C
100
AcDbXrecord
280
     1
 90
        1
330
426
  0
DICTIONARY
  5
432
102
{ACAD_REACTORS
330
C
102
}
330
C
100
AcDbDictionary
281
     1
  3
CANNOSCALE
350
438
  3
CMLEADERSTYLE
350
434
  3
CTABLESTYLE
350
433
  3
CVIEWDETAILSTYLE
350
435
  3
CVIEWSECTIONSTYLE
350
436
  3
LAYEREVAL
350
43A
  3
LAYERNOTIFY
350
43B
  3
LIGHTINGUNITS
350
439
  3
MSLTSCALE
350
437
  0
ACDBDETAILVIEWSTYLE
  5
42C
102
{ACAD_REACTORS
330
42B
102
}
330
42B
100
AcDbModelDocViewStyle
 70
     0
  3
Metric50
290
     1
300
Metric50
 90
        0
100
AcDbDetailViewStyle
 70
     0
 71
     0
 90
        3
 71
     1
340
11
 62
   256
 40
5.0
340
0
 62
   256
 40
5.0
300

 40
0.0
280
     1
 71
     2
340
16
 90
       25
 62
   256
 71
     3
340
11
 62
   256
 40
5.0
 90
        0
 40
15.0
 90
        1
300
%<\AcVar ViewDetailId>% (%<\AcVar ViewScale \f "%sn">%)
 71
     4
340
16
 90
       25
 62
   256
340
16
 90
       25
 62
   256
280
     0
  0
LAYOUT
  5
1E
102
{ACAD_REACTORS
330
1A
102
}
330
1A
100
AcDbPlotSettings
  1

  2
none_device
  4

  6

 40
0.0
 41
0.0
 42
0.0
 43
0.0
 44
0.0
 45
0.0
 46
0.0
 47
0.0
 48
0.0
 49
0.0
140
0.0
141
0.0
142
1.0
143
1.0
 70
   688
 72
     1
 73
     0
 74
     5
  7

 75
    16
147
1.0
 76
     0
 77
     2
 78
   300
148
0.0
149
0.0
100
AcDbLayout
  1
Layout1
 70
     1
 71
     1
 10
0.0
 20
0.0
 11
420.0
 21
297.0
 12
0.0
 22
0.0
 32
0.0
 14
1.000000000000000E+20
 24
1.000000000000000E+20
 34
1.000000000000000E+20
 15
-1.000000000000000E+20
 25
-1.000000000000000E+20
 35
-1.000000000000000E+20
146
0.0
 13
0.0
 23
0.0
 33
0.0
 16
1.0
 26
0.0
 36
0.0
 17
0.0
 27
1.0
 37
0.0
 76
     0
330
1B
  0
LAYOUT
  5
26
102
{ACAD_REACTORS
330
1A
102
}
330
1A
100
AcDbPlotSettings
  1

  2
none_device
  4

  6

 40
0.0
 41
0.0
 42
0.0
 43
0.0
 44
0.0
 45
0.0
 46
0.0
 47
0.0
 48
0.0
 49
0.0
140
0.0
141
0.0
142
1.0
143
1.0
 70
   688
 72
     1
 73
     0
 74
     5
  7

 75
    16
147
1.0
 76
     0
 77
     2
 78
   300
148
0.0
149
0.0
100
AcDbLayout
  1
Layout2
 70
     1
 71
     2
 10
0.0
 20
0.0
 11
0.0
 21
0.0
 12
0.0
 22
0.0
 32
0.0
 14
0.0
 24
0.0
 34
0.0
 15
0.0
 25
0.0
 35
0.0
146
0.0
 13
0.0
 23
0.0
 33
0.0
 16
1.0
 26
0.0
 36
0.0
 17
0.0
 27
1.0
 37
0.0
 76
     0
330
23
  0
LAYOUT
  5
22
102
{ACAD_REACTORS
330
1A
102
}
330
1A
100
AcDbPlotSettings
  1

  2
none_device
  4
Letter_(8.50_x_11.00_Inches)
  6

 40
6.349999999999999
 41
6.349999999999999
 42
6.350005079999999
 43
6.350005079999999
 44
215.9
 45
279.4
 46
0.0
 47
0.0
 48
0.0
 49
0.0
140
0.0
141
0.0
142
1.0
143
1.0
 70
  1712
 72
     1
 73
     0
 74
     0
  7

 75
     0
147
1.0
 76
     0
 77
     2
 78
   300
148
0.0
149
0.0
100
AcDbLayout
  1
Model
 70
     1
 71
     0
 10
0.0
 20
0.0
 11
420.0
 21
297.0
 12
0.0
 22
0.0
 32
0.0
 14
0.0
 24
0.0
 34
0.0
 15
420.0
 25
297.0
 35
0.0
146
0.0
 13
0.0
 23
0.0
 33
0.0
 16
1.0
 26
0.0
 36
0.0
 17
0.0
 27
1.0
 37
0.0
 76
     0
330
1F
  0
MATERIAL
  5
3FB
102
{ACAD_XDICTIONARY
360
3FC
102
}
102
{ACAD_REACTORS
330
3F2
102
}
330
3F2
100
AcDbMaterial
  1
ByBlock
 72
     0
 43
0.0008202099737533
 43
0.0
 43
0.0
 43
0.0
 43
0.0
 43
0.0008202099737533
 43
0.0
 43
0.0
 43
0.0
 43
0.0
 43
1.0
 43
0.0
 43
0.0
 43
0.0
 43
0.0
 43
1.0
 77
     0
 47
0.0008202099737533
 47
0.0
 47
0.0
 47
0.0
 47
0.0
 47
0.0008202099737533
 47
0.0
 47
0.0
 47
0.0
 47
0.0
 47
1.0
 47
0.0
 47
0.0
 47
0.0
 47
0.0
 47
1.0
171
     0
 49
0.0008202099737533
 49
0.0
 49
0.0
 49
0.0
 49
0.0
 49
0.0008202099737533
 49
0.0
 49
0.0
 49
0.0
 49
0.0
 49
1.0
 49
0.0
 49
0.0
 49
0.0
 49
0.0
 49
1.0
175
     0
142
0.0008202099737533
142
0.0
142
0.0
142
0.0
142
0.0
142
0.0008202099737533
142
0.0
142
0.0
142
0.0
142
0.0
142
1.0
142
0.0
142
0.0
142
0.0
142
0.0
142
1.0
179
     0
144
0.0008202099737533
144
0.0
144
0.0
144
0.0
144
0.0
144
0.0008202099737533
144
0.0
144
0.0
144
0.0
144
0.0
144
1.0
144
0.0
144
0.0
144
0.0
144
0.0
144
1.0
147
0.0008202099737533
147
0.0
147
0.0
147
0.0
147
0.0
147
0.0008202099737533
147
0.0
147
0.0
147
0.0
147
0.0
147
1.0
147
0.0
147
0.0
147
0.0
147
0.0
147
1.0
  0
MATERIAL
  5
3F3
102
{ACAD_XDICTIONARY
360
3F4
102
}
102
{ACAD_REACTORS
330
3F2
102
}
330
3F2
100
AcDbMaterial
  1
ByLayer
 72
     0
 43
0.0008202099737533
 43
0.0
 43
0.0
 43
0.0
 43
0.0
 43
0.0008202099737533
 43
0.0
 43
0.0
 43
0.0
 43
0.0
 43
1.0
 43
0.0
 43
0.0
 43
0.0
 43
0.0
 43
1.0
 77
     0
 47
0.0008202099737533
 47
0.0
 47
0.0
 47
0.0
 47
0.0
 47
0.0008202099737533
 47
0.0
 47
0.0
 47
0.0
 47
0.0
 47
1.0
 47
0.0
 47
0.0
 47
0.0
 47
0.0
 47
1.0
171
     0
 49
0.0008202099737533
 49
0.0
 49
0.0
 49
0.0
 49
0.0
 49
0.0008202099737533
 49
0.0
 49
0.0
 49
0.0
 49
0.0
 49
1.0
 49
0.0
 49
0.0
 49
0.0
 49
0.0
 49
1.0
175
     0
142
0.0008202099737533
142
0.0
142
0.0
142
0.0
142
0.0
142
0.0008202099737533
142
0.0
142
0.0
142
0.0
142
0.0
142
1.0
142
0.0
142
0.0
142
0.0
142
0.0
142
1.0
179
     0
144
0.0008202099737533
144
0.0
144
0.0
144
0.0
144
0.0
144
0.0008202099737533
144
0.0
144
0.0
144
0.0
144
0.0
144
1.0
144
0.0
144
0.0
144
0.0
144
0.0
144
1.0
147
0.0008202099737533
147
0.0
147
0.0
147
0.0
147
0.0
147
0.0008202099737533
147
0.0
147
0.0
147
0.0
147
0.0
147
1.0
147
0.0
147
0.0
147
0.0
147
0.0
147
1.0
  0
MATERIAL
  5
403
102
{ACAD_XDICTIONARY
360
404
102
}
102
{ACAD_REACTORS
330
3F2
102
}
330
3F2
100
AcDbMaterial
  1
Global
 72
     0
 43
0.0008202099737533
 43
0.0
 43
0.0
 43
0.0
 43
0.0
 43
0.0008202099737533
 43
0.0
 43
0.0
 43
0.0
 43
0.0
 43
1.0
 43
0.0
 43
0.0
 43
0.0
 43
0.0
 43
1.0
 77
     0
 47
0.0008202099737533
 47
0.0
 47
0.0
 47
0.0
 47
0.0
 47
0.0008202099737533
 47
0.0
 47
0.0
 47
0.0
 47
0.0
 47
1.0
 47
0.0
 47
0.0
 47
0.0
 47
0.0
 47
1.0
171
     0
 49
0.0008202099737533
 49
0.0
 49
0.0
 49
0.0
 49
0.0
 49
0.0008202099737533
 49
0.0
 49
0.0
 49
0.0
 49
0.0
 49
1.0
 49
0.0
 49
0.0
 49
0.0
 49
0.0
 49
1.0
175
     0
142
0.0008202099737533
142
0.0
142
0.0
142
0.0
142
0.0
142
0.0008202099737533
142
0.0
142
0.0
142
0.0
142
0.0
142
1.0
142
0.0
142
0.0
142
0.0
142
0.0
142
1.0
179
     0
144
0.0008202099737533
144
0.0
144
0.0
144
0.0
144
0.0
144
0.0008202099737533
144
0.0
144
0.0
144
0.0
144
0.0
144
1.0
144
0.0
144
0.0
144
0.0
144
0.0
144
1.0
147
0.0008202099737533
147
0.0
147
0.0
147
0.0
147
0.0
147
0.0008202099737533
147
0.0
147
0.0
147
0.0
147
0.0
147
1.0
147
0.0
147
0.0
147
0.0
147
0.0
147
1.0
  0
MLEADERSTYLE
  5
428
102
{ACAD_REACTORS
330
427
102
}
330
427
100
AcDbMLeaderStyle
179
     2
170
     2
171
     1
172
     0
 90
        2
 40
0.0
 41
0.0
173
     1
 91
-1056964608
340
14
 92
       -2
290
     1
 42
2.0
291
     1
 43
0.36
  3
Standard
 44
4.0
300

342
11
174
     1
178
     6
175
     1
176
     0
 93
-1056964608
 45
4.0
292
     0
297
     0
 46
4.0
 94
-1056964608
 47
1.0
 49
1.0
140
1.0
293
     1
141
0.0
294
     1
177
     0
142
1.0
295
     1
296
     0
143
0.125
271
     0
272
     9
273
     9
298
     1
  0
MLINESTYLE
  5
18
102
{ACAD_REACTORS
330
17
102
}
330
17
100
AcDbMlineStyle
  2
STANDARD
 70
     0
  3

 62
   256
 51
90.0
 52
90.0
 71
     2
 49
0.5
 62
   256
  6
BYLAYER
 49
-0.5
 62
   256
  6
BYLAYER
  0
ACDBPLACEHOLDER
  5
F
102
{ACAD_REACTORS
330
E
102
}
330
E
  0
SCALE
  5
48
102
{ACAD_REACTORS
330
47
102
}
330
47
100
AcDbScale
 70
     0
300
1:1
140
1.0
141
1.0
290
     1
  0
SCALE
  5
49
102
{ACAD_REACTORS
330
47
102
}
330
47
100
AcDbScale
 70
     0
300
1:2
140
1.0
141
2.0
290
     0
  0
SCALE
  5
4A
102
{ACAD_REACTORS
330
47
102
}
330
47
100
AcDbScale
 70
     0
300
1:4
140
1.0
141
4.0
290
     0
  0
SCALE
  5
4B
102
{ACAD_REACTORS
330
47
102
}
330
47
100
AcDbScale
 70
     0
300
1:5
140
1.0
141
5.0
290
     0
  0
SCALE
  5
4C
102
{ACAD_REACTORS
330
47
102
}
330
47
100
AcDbScale
 70
     0
300
1:8
140
1.0
141
8.0
290
     0
  0
SCALE
  5
4D
102
{ACAD_REACTORS
330
47
102
}
330
47
100
AcDbScale
 70
     0
300
1:10
140
1.0
141
10.0
290
     0
  0
SCALE
  5
4E
102
{ACAD_REACTORS
330
47
102
}
330
47
100
AcDbScale
 70
     0
300
1:16
140
1.0
141
16.0
290
     0
  0
SCALE
  5
4F
102
{ACAD_REACTORS
330
47
102
}
330
47
100
AcDbScale
 70
     0
300
1:20
140
1.0
141
20.0
290
     0
  0
SCALE
  5
50
102
{ACAD_REACTORS
330
47
102
}
330
47
100
AcDbScale
 70
     0
300
1:30
140
1.0
141
30.0
290
     0
  0
SCALE
  5
51
102
{ACAD_REACTORS
330
47
102
}
330
47
100
AcDbScale
 70
     0
300
1:40
140
1.0
141
40.0
290
     0
  0
SCALE
  5
52
102
{ACAD_REACTORS
330
47
102
}
330
47
100
AcDbScale
 70
     0
300
1:50
140
1.0
141
50.0
290
     0
  0
SCALE
  5
53
102
{ACAD_REACTORS
330
47
102
}
330
47
100
AcDbScale
 70
     0
300
1:100
140
1.0
141
100.0
290
     0
  0
SCALE
  5
54
102
{ACAD_REACTORS
330
47
102
}
330
47
100
AcDbScale
 70
     0
300
2:1
140
2.0
141
1.0
290
     0
  0
SCALE
  5
55
102
{ACAD_REACTORS
330
47
102
}
330
47
100
AcDbScale
 70
     0
300
4:1
140
4.0
141
1.0
290
     0
  0
SCALE
  5
56
102
{ACAD_REACTORS
330
47
102
}
330
47
100
AcDbScale
 70
     0
300
8:1
140
8.0
141
1.0
290
     0
  0
SCALE
  5
57
102
{ACAD_REACTORS
330
47
102
}
330
47
100
AcDbScale
 70
     0
300
10:1
140
10.0
141
1.0
290
     0
  0
SCALE
  5
58
102
{ACAD_REACTORS
330
47
102
}
330
47
100
AcDbScale
 70
     0
300
100:1
140
100.0
141
1.0
290
     0
  0
ACDBSECTIONVIEWSTYLE
  5
42A
102
{ACAD_REACTORS
330
429
102
}
330
429
100
AcDbModelDocViewStyle
 70
     0
  3
Metric50
290
     1
300
Metric50
 90
        0
100
AcDbSectionViewStyle
 70
     0
 71
     0
 90
      102
 71
     1
340
11
 62
   256
 40
5.0
340
0
340
0
 62
   256
 40
5.0
300
I, O, Q, S, X, Z
 40
10.0
 90
        0
 40
2.5
 90
        0
 71
     2
340
16
 90
       25
 62
   256
340
16
 90
       50
 62
   256
 40
5.0
 40
2.5
 40
5.0
 71
     3
340
11
 62
   256
 40
5.0
 90
        0
 40
15.0
 90
        1
300
%<\AcVar ViewSectionStartId>%-%<\AcVar ViewSectionEndId>% (%<\AcVar ViewScale \f "%sn">%)
 71
     4
 62
   256
 62
   257
300
ANSI31
 40
1.0
 90
        0
290
     0
290
     0
 90
        6
 40
0.0
 40
1.570796326794896
 40
0.2617993877991494
 40
1.308996938995747
 40
-0.2617993877991494
 40
1.832595714594046
  0
TABLESTYLE
  5
426
102
{ACAD_XDICTIONARY
360
43D
102
}
102
{ACAD_REACTORS
330
425
102
}
330
425
100
AcDbTableStyle
280
     0
  3
Standard
 70
     0
 71
     0
 40
1.5
 41
1.5
280
     0
281
     0
  7
STANDARD
140
4.5
170
     2
 62
     0
 63
     7
283
     0
 90
      512
 91
        0
  1

274
    -2
284
     1
 64
     0
275
    -2
285
     1
 65
     0
276
    -2
286
     1
 66
     0
277
    -2
287
     1
 67
     0
278
    -2
288
     1
 68
     0
279
    -2
289
     1
 69
     0
  7
STANDARD
140
6.0
170
     5
 62
     0
 63
     7
283
     0
 90
      512
 91
        0
  1

274
    -2
284
     1
 64
     0
275
    -2
285
     1
 65
     0
276
    -2
286
     1
 66
     0
277
    -2
287
     1
 67
     0
278
    -2
288
     1
 68
     0
279
    -2
289
     1
 69
     0
  7
STANDARD
140
4.5
170
     5
 62
     0
 63
     7
283
     0
 90
      512
 91
        0
  1

274
    -2
284
     1
 64
     0
275
    -2
285
     1
 65
     0
276
    -2
286
     1
 66
     0
277
    -2
287
     1
 67
     0
278
    -2
288
     1
 68
     0
279
    -2
289
     1
 69
     0
  0
VISUALSTYLE
  5
411
102
{ACAD_REACTORS
330
40B
102
}
330
40B
100
AcDbVisualStyle
  2
2dWireframe
 70
     4
177
     3
291
     0
 70
    58
 90
        0
176
     1
 90
        2
176
     1
 90
        0
176
     1
 90
        0
176
     1
 40
0.6
176
     1
 40
30.0
176
     1
 62
     7
420
 16777215
176
     1
 90
        1
176
     1
 90
        4
176
     1
 62
     7
176
     1
 62
   257
176
     1
 90
        1
176
     1
 90
        1
176
     1
 40
1.0
176
     1
 90
        0
176
     1
 62
   257
176
     1
 40
1.0
176
     1
 90
        1
176
     1
 90
        6
176
     1
 90
        2
176
     1
 62
     7
176
     1
 90
        5
176
     1
 90
        0
176
     1
 90
        0
176
     1
290
     0
176
     1
 90
        1
176
     1
 40
0.0
176
     1
 90
        0
176
     1
290
     1
176
     1
290
     1
176
     1
290
     0
176
     1
290
     0
176
     1
290
     0
176
     1
290
     0
176
     1
290
     0
176
     1
290
     0
176
     1
290
     0
176
     1
 90
       50
176
     1
 40
0.0
176
     1
 40
1.0
176
     1
 90
        0
176
     1
 62
    18
420
        0
176
     1
 90
       50
176
     1
 90
        3
176
     1
 62
     5
420
      255
176
     1
290
     0
176
     1
 90
       50
176
     1
 90
       50
176
     1
 90
       50
176
     1
290
     0
176
     1
 90
       50
176
     1
 62
   256
176
     0
 40
1.0
176
     0
 90
        2
176
     1
  1
strokes_ogs.tif
176
     1
290
     0
176
     1
 40
1.0
176
     1
 40
1.0
176
     1
  0
VISUALSTYLE
  5
410
102
{ACAD_REACTORS
330
40B
102
}
330
40B
100
AcDbVisualStyle
  2
Basic
 70
     7
177
     3
291
     1
 70
    58
 90
        1
176
     1
 90
        0
176
     1
 90
        1
176
     1
 90
        0
176
     1
 40
0.6
176
     1
 40
30.0
176
     1
 62
     7
420
 16777215
176
     1
 90
        0
176
     1
 90
        4
176
     1
 62
     7
176
     1
 62
   257
176
     1
 90
        1
176
     1
 90
        1
176
     1
 40
1.0
176
     1
 90
        8
176
     1
 62
     7
176
     1
 40
1.0
176
     1
 90
        1
176
     1
 90
        6
176
     1
 90
        2
176
     1
 62
     7
176
     1
 90
        5
176
     1
 90
        0
176
     1
 90
        0
176
     1
290
     0
176
     1
 90
        1
176
     1
 40
0.0
176
     1
 90
        0
176
     1
290
     0
176
     1
290
     1
176
     1
290
     1
176
     1
290
     0
176
     1
290
     0
176
     1
290
     0
176
     1
290
     0
176
     1
290
     0
176
     1
290
     0
176
     1
 90
       50
176
     1
 40
0.0
176
     1
 40
1.0
176
     1
 90
        0
176
     1
 62
    18
420
        0
176
     1
 90
       50
176
     1
 90
        3
176
     1
 62
     5
420
      255
176
     1
290
     0
176
     1
 90
       50
176
     1
 90
       50
176
     1
 90
       50
176
     1
290
     0
176
     1
 90
       50
176
     1
 62
   256
176
     0
 40
1.0
176
     0
 90
        2
176
     1
  1
strokes_ogs.tif
176
     1
290
     0
176
     1
 40
1.0
176
     1
 40
1.0
176
     1
  0
VISUALSTYLE
  5
417
102
{ACAD_REACTORS
330
40B
102
}
330
40B
100
AcDbVisualStyle
  2
Brighten
 70
    12
177
     3
291
     1
 70
    58
 90
        2
176
     1
 90
        2
176
     1
 90
        0
176
     1
 90
        0
176
     1
 40
0.6
176
     1
 40
30.0
176
     1
 62
     7
420
 16777215
176
     1
 90
        1
176
     1
 90
        4
176
     1
 62
     7
176
     1
 62
   257
176
     1
 90
        1
176
     1
 90
        1
176
     1
 40
1.0
176
     1
 90
        8
176
     1
 62
     7
176
     1
 40
1.0
176
     1
 90
        1
176
     1
 90
        6
176
     1
 90
        2
176
     1
 62
     7
176
     1
 90
        5
176
     1
 90
        0
176
     1
 90
        0
176
     1
290
     0
176
     1
 90
        1
176
     1
 40
50.0
176
     1
 90
        0
176
     1
290
     0
176
     1
290
     1
176
     1
290
     1
176
     1
290
     0
176
     1
290
     0
176
     1
290
     0
176
     1
290
     0
176
     1
290
     0
176
     1
290
     0
176
     1
 90
       50
176
     1
 40
0.0
176
     1
 40
1.0
176
     1
 90
        0
176
     1
 62
    18
420
        0
176
     1
 90
       50
176
     1
 90
        3
176
     1
 62
     5
420
      255
176
     1
290
     0
176
     1
 90
       50
176
     1
 90
       50
176
     1
 90
       50
176
     1
290
     0
176
     1
 90
       50
176
     1
 62
   256
176
     0
 40
1.0
176
     0
 90
        2
176
     1
  1
strokes_ogs.tif
176
     1
290
     0
176
     1
 40
1.0
176
     1
 40
1.0
176
     1
  0
VISUALSTYLE
  5
41B
102
{ACAD_REACTORS
330
40B
102
}
330
40B
100
AcDbVisualStyle
  2
ColorChange
 70
    16
177
     3
291
     1
 70
    58
 90
        2
176
     1
 90
        2
176
     1
 90
        3
176
     1
 90
        0
176
     1
 40
0.6
176
     1
 40
30.0
176
     1
 62
     8
420
  8421504
176
     1
 90
        1
176
     1
 90
        4
176
     1
 62
     7
176
     1
 62
   257
176
     1
 90
        1
176
     1
 90
        1
176
     1
 40
1.0
176
     1
 90
        8
176
     1
 62
     8
420
  8421504
176
     1
 40
1.0
176
     1
 90
        1
176
     1
 90
        6
176
     1
 90
        2
176
     1
 62
     7
176
     1
 90
        5
176
     1
 90
        0
176
     1
 90
        0
176
     1
290
     0
176
     1
 90
        1
176
     1
 40
0.0
176
     1
 90
        0
176
     1
290
     0
176
     1
290
     1
176
     1
290
     1
176
     1
290
     0
176
     1
290
     0
176
     1
290
     0
176
     1
290
     0
176
     1
290
     0
176
     1
290
     0
176
     1
 90
       50
176
     1
 40
0.0
176
     1
 40
1.0
176
     1
 90
        0
176
     1
 62
    18
420
        0
176
     1
 90
       50
176
     1
 90
        3
176
     1
 62
     5
420
      255
176
     1
290
     0
176
     1
 90
       50
176
     1
 90
       50
176
     1
 90
       50
176
     1
290
     0
176
     1
 90
       50
176
     1
 62
   256
176
     0
 40
1.0
176
     0
 90
        2
176
     1
  1
strokes_ogs.tif
176
     1
290
     0
176
     1
 40
1.0
176
     1
 40
1.0
176
     1
  0
VISUALSTYLE
  5
414
102
{ACAD_REACTORS
330
40B
102
}
330
40B
100
AcDbVisualStyle
  2
Conceptual
 70
     9
177
     3
291
     0
 70
    58
 90
        3
176
     1
 90
        2
176
     1
 90
        0
176
     1
 90
        0
176
     1
 40
0.6
176
     1
 40
30.0
176
     1
 62
     7
420
 16777215
176
     1
 90
        2
176
     1
 90
        2
176
     1
 62
     7
176
     1
 62
   257
176
     1
 90
        1
176
     1
 90
        1
176
     1
 40
179.0
176
     1
 90
        8
176
     1
 62
     7
176
     1
 40
1.0
176
     1
 90
        1
176
     1
 90
        6
176
     1
 90
        2
176
     1
 62
     7
176
     1
 90
        3
176
     1
 90
        0
176
     1
 90
        0
176
     1
290
     0
176
     1
 90
        1
176
     1
 40
0.0
176
     1
 90
        0
176
     1
290
     0
176
     1
290
     1
176
     1
290
     1
176
     1
290
     0
176
     1
290
     0
176
     1
290
     0
176
     1
290
     0
176
     1
290
     0
176
     1
290
     0
176
     1
 90
       50
176
     1
 40
0.0
176
     1
 40
1.0
176
     1
 90
        0
176
     1
 62
    18
420
        0
176
     1
 90
       50
176
     1
 90
        3
176
     1
 62
     5
420
      255
176
     1
290
     0
176
     1
 90
       50
176
     1
 90
       50
176
     1
 90
       50
176
     1
290
     0
176
     1
 90
       50
176
     1
 62
   256
176
     0
 40
1.0
176
     0
 90
        2
176
     1
  1
strokes_ogs.tif
176
     1
290
     0
176
     1
 40
1.0
176
     1
 40
1.0
176
     1
  0
VISUALSTYLE
  5
416
102
{ACAD_REACTORS
330
40B
102
}
330
40B
100
AcDbVisualStyle
  2
Dim
 70
    11
177
     3
291
     1
 70
    58
 90
        2
176
     1
 90
        2
176
     1
 90
        0
176
     1
 90
        0
176
     1
 40
0.6
176
     1
 40
30.0
176
     1
 62
     7
420
 16777215
176
     1
 90
        1
176
     1
 90
        4
176
     1
 62
     7
176
     1
 62
   257
176
     1
 90
        1
176
     1
 90
        1
176
     1
 40
1.0
176
     1
 90
        8
176
     1
 62
     7
176
     1
 40
1.0
176
     1
 90
        1
176
     1
 90
        6
176
     1
 90
        2
176
     1
 62
     7
176
     1
 90
        5
176
     1
 90
        0
176
     1
 90
        0
176
     1
290
     0
176
     1
 90
        1
176
     1
 40
-50.0
176
     1
 90
        0
176
     1
290
     0
176
     1
290
     1
176
     1
290
     1
176
     1
290
     0
176
     1
290
     0
176
     1
290
     0
176
     1
290
     0
176
     1
290
     0
176
     1
290
     0
176
     1
 90
       50
176
     1
 40
0.0
176
     1
 40
1.0
176
     1
 90
        0
176
     1
 62
    18
420
        0
176
     1
 90
       50
176
     1
 90
        3
176
     1
 62
     5
420
      255
176
     1
290
     0
176
     1
 90
       50
176
     1
 90
       50
176
     1
 90
       50
176
     1
290
     0
176
     1
 90
       50
176
     1
 62
   256
176
     0
 40
1.0
176
     0
 90
        2
176
     1
  1
strokes_ogs.tif
176
     1
290
     0
176
     1
 40
1.0
176
     1
 40
1.0
176
     1
  0
VISUALSTYLE
  5
423
102
{ACAD_REACTORS
330
40B
102
}
330
40B
100
AcDbVisualStyle
  2
EdgeColorOff
 70
    22
177
     3
291
     1
 70
    58
 90
        2
176
     0
 90
        2
176
     0
 90
        0
176
     0
 90
        0
176
     0
 40
0.6
176
     0
 40
30.0
176
     0
 62
     7
420
 16777215
176
     0
 90
        1
176
     0
 90
        4
176
     0
 62
     7
176
     0
 62
   257
176
     0
 90
        1
176
     0
 90
        1
176
     0
 40
1.0
176
     0
 90
        8
176
     2
 62
     7
176
     0
 40
1.0
176
     0
 90
        1
176
     0
 90
        6
176
     0
 90
        2
176
     0
 62
     7
176
     0
 90
        5
176
     0
 90
        0
176
     0
 90
        0
176
     0
290
     0
176
     0
 90
        1
176
     0
 40
0.0
176
     0
 90
        0
176
     0
290
     0
176
     0
290
     1
176
     0
290
     1
176
     0
290
     0
176
     0
290
     0
176
     0
290
     0
176
     0
290
     0
176
     0
290
     0
176
     0
290
     0
176
     0
 90
       50
176
     0
 40
0.0
176
     0
 40
1.0
176
     0
 90
        0
176
     0
 62
    18
420
        0
176
     0
 90
       50
176
     0
 90
        3
176
     0
 62
     5
420
      255
176
     0
290
     0
176
     0
 90
       50
176
     0
 90
       50
176
     0
 90
       50
176
     0
290
     0
176
     0
 90
       50
176
     0
 62
   256
176
     0
 40
1.0
176
     0
 90
        2
176
     0
  1
strokes_ogs.tif
176
     0
290
     0
176
     0
 40
1.0
176
     0
 40
1.0
176
     0
  0
VISUALSTYLE
  5
41A
102
{ACAD_REACTORS
330
40B
102
}
330
40B
100
AcDbVisualStyle
  2
Facepattern
 70
    15
177
     3
291
     1
 70
    58
 90
        2
176
     1
 90
        2
176
     1
 90
        0
176
     1
 90
        0
176
     1
 40
0.6
176
     1
 40
30.0
176
     1
 62
     7
420
 16777215
176
     1
 90
        1
176
     1
 90
        4
176
     1
 62
     7
176
     1
 62
   257
176
     1
 90
        1
176
     1
 90
        1
176
     1
 40
1.0
176
     1
 90
        8
176
     1
 62
     7
176
     1
 40
1.0
176
     1
 90
        1
176
     1
 90
        6
176
     1
 90
        2
176
     1
 62
     7
176
     1
 90
        5
176
     1
 90
        0
176
     1
 90
        0
176
     1
290
     0
176
     1
 90
        1
176
     1
 40
0.0
176
     1
 90
        0
176
     1
290
     0
176
     1
290
     1
176
     1
290
     1
176
     1
290
     0
176
     1
290
     0
176
     1
290
     0
176
     1
290
     0
176
     1
290
     0
176
     1
290
     0
176
     1
 90
       50
176
     1
 40
0.0
176
     1
 40
1.0
176
     1
 90
        0
176
     1
 62
    18
420
        0
176
     1
 90
       50
176
     1
 90
        3
176
     1
 62
     5
420
      255
176
     1
290
     0
176
     1
 90
       50
176
     1
 90
       50
176
     1
 90
       50
176
     1
290
     0
176
     1
 90
       50
176
     1
 62
   256
176
     0
 40
1.0
176
     0
 90
        2
176
     1
  1
strokes_ogs.tif
176
     1
290
     0
176
     1
 40
1.0
176
     1
 40
1.0
176
     1
  0
VISUALSTYLE
  5
40C
102
{ACAD_REACTORS
330
40B
102
}
330
40B
100
AcDbVisualStyle
  2
Flat
 70
     0
177
     3
291
     1
 70
    58
 90
        2
176
     1
 90
        1
176
     1
 90
        1
176
     1
 90
        2
176
     1
 40
0.6
176
     1
 40
30.0
176
     1
 62
     7
420
 16777215
176
     1
 90
        0
176
     1
 90
        0
176
     1
 62
     7
176
     1
 62
   257
176
     1
 90
        1
176
     1
 90
        1
176
     1
 40
1.0
176
     1
 90
        8
176
     1
 62
     7
176
     1
 40
1.0
176
     1
 90
        1
176
     1
 90
        6
176
     1
 90
        2
176
     1
 62
     7
176
     1
 90
        5
176
     1
 90
        0
176
     1
 90
        0
176
     1
290
     0
176
     1
 90
       13
176
     1
 40
0.0
176
     1
 90
        0
176
     1
290
     0
176
     1
290
     1
176
     1
290
     1
176
     1
290
     0
176
     1
290
     0
176
     1
290
     0
176
     1
290
     0
176
     1
290
     0
176
     1
290
     0
176
     1
 90
       50
176
     1
 40
0.0
176
     1
 40
1.0
176
     1
 90
        0
176
     1
 62
    18
420
        0
176
     1
 90
       50
176
     1
 90
        3
176
     1
 62
     5
420
      255
176
     1
290
     0
176
     1
 90
       50
176
     1
 90
       50
176
     1
 90
       50
176
     1
290
     0
176
     1
 90
       50
176
     1
 62
   256
176
     0
 40
1.0
176
     0
 90
        2
176
     1
  1
strokes_ogs.tif
176
     1
290
     0
176
     1
 40
1.0
176
     1
 40
1.0
176
     1
  0
VISUALSTYLE
  5
40D
102
{ACAD_REACTORS
330
40B
102
}
330
40B
100
AcDbVisualStyle
  2
FlatWithEdges
 70
     1
177
     3
291
     1
 70
    58
 90
        2
176
     1
 90
        1
176
     1
 90
        1
176
     1
 90
        2
176
     1
 40
0.6
176
     1
 40
30.0
176
     1
 62
     7
420
 16777215
176
     1
 90
        1
176
     1
 90
        0
176
     1
 62
     7
176
     1
 62
   257
176
     1
 90
        1
176
     1
 90
        1
176
     1
 40
1.0
176
     1
 90
        0
176
     1
 62
   257
176
     1
 40
1.0
176
     1
 90
        1
176
     1
 90
        6
176
     1
 90
        2
176
     1
 62
     7
176
     1
 90
        5
176
     1
 90
        0
176
     1
 90
        0
176
     1
290
     0
176
     1
 90
       13
176
     1
 40
0.0
176
     1
 90
        0
176
     1
290
     0
176
     1
290
     1
176
     1
290
     1
176
     1
290
     0
176
     1
290
     0
176
     1
290
     0
176
     1
290
     0
176
     1
290
     0
176
     1
290
     0
176
     1
 90
       50
176
     1
 40
0.0
176
     1
 40
1.0
176
     1
 90
        0
176
     1
 62
    18
420
        0
176
     1
 90
       50
176
     1
 90
        3
176
     1
 62
     5
420
      255
176
     1
290
     0
176
     1
 90
       50
176
     1
 90
       50
176
     1
 90
       50
176
     1
290
     0
176
     1
 90
       50
176
     1
 62
   256
176
     0
 40
1.0
176
     0
 90
        2
176
     1
  1
strokes_ogs.tif
176
     1
290
     0
176
     1
 40
1.0
176
     1
 40
1.0
176
     1
  0
VISUALSTYLE
  5
40E
102
{ACAD_REACTORS
330
40B
102
}
330
40B
100
AcDbVisualStyle
  2
Gouraud
 70
     2
177
     3
291
     1
 70
    58
 90
        2
176
     1
 90
        2
176
     1
 90
        1
176
     1
 90
        2
176
     1
 40
0.6
176
     1
 40
30.0
176
     1
 62
     7
420
 16777215
176
     1
 90
        0
176
     1
 90
        0
176
     1
 62
     7
176
     1
 62
   257
176
     1
 90
        1
176
     1
 90
        1
176
     1
 40
1.0
176
     1
 90
        0
176
     1
 62
     7
176
     1
 40
1.0
176
     1
 90
        1
176
     1
 90
        6
176
     1
 90
        2
176
     1
 62
     7
176
     1
 90
        5
176
     1
 90
        0
176
     1
 90
        0
176
     1
290
     0
176
     1
 90
       13
176
     1
 40
0.0
176
     1
 90
        0
176
     1
290
     0
176
     1
290
     1
176
     1
290
     1
176
     1
290
     0
176
     1
290
     0
176
     1
290
     0
176
     1
290
     0
176
     1
290
     0
176
     1
290
     0
176
     1
 90
       50
176
     1
 40
0.0
176
     1
 40
1.0
176
     1
 90
        0
176
     1
 62
    18
420
        0
176
     1
 90
       50
176
     1
 90
        3
176
     1
 62
     5
420
      255
176
     1
290
     0
176
     1
 90
       50
176
     1
 90
       50
176
     1
 90
       50
176
     1
290
     0
176
     1
 90
       50
176
     1
 62
   256
176
     0
 40
1.0
176
     0
 90
        2
176
     1
  1
strokes_ogs.tif
176
     1
290
     0
176
     1
 40
1.0
176
     1
 40
1.0
176
     1
  0
VISUALSTYLE
  5
40F
102
{ACAD_REACTORS
330
40B
102
}
330
40B
100
AcDbVisualStyle
  2
GouraudWithEdges
 70
     3
177
     3
291
     1
 70
    58
 90
        2
176
     1
 90
        2
176
     1
 90
        1
176
     1
 90
        2
176
     1
 40
0.6
176
     1
 40
30.0
176
     1
 62
     7
420
 16777215
176
     1
 90
        1
176
     1
 90
        0
176
     1
 62
     7
176
     1
 62
   257
176
     1
 90
        1
176
     1
 90
        1
176
     1
 40
1.0
176
     1
 90
        0
176
     1
 62
   257
176
     1
 40
1.0
176
     1
 90
        1
176
     1
 90
        6
176
     1
 90
        2
176
     1
 62
     7
176
     1
 90
        5
176
     1
 90
        0
176
     1
 90
        0
176
     1
290
     0
176
     1
 90
       13
176
     1
 40
0.0
176
     1
 90
        0
176
     1
290
     0
176
     1
290
     1
176
     1
290
     1
176
     1
290
     0
176
     1
290
     0
176
     1
290
     0
176
     1
290
     0
176
     1
290
     0
176
     1
290
     0
176
     1
 90
       50
176
     1
 40
0.0
176
     1
 40
1.0
176
     1
 90
        0
176
     1
 62
    18
420
        0
176
     1
 90
       50
176
     1
 90
        3
176
     1
 62
     5
420
      255
176
     1
290
     0
176
     1
 90
       50
176
     1
 90
       50
176
     1
 90
       50
176
     1
290
     0
176
     1
 90
       50
176
     1
 62
   256
176
     0
 40
1.0
176
     0
 90
        2
176
     1
  1
strokes_ogs.tif
176
     1
290
     0
176
     1
 40
1.0
176
     1
 40
1.0
176
     1
  0
VISUALSTYLE
  5
413
102
{ACAD_REACTORS
330
40B
102
}
330
40B
100
AcDbVisualStyle
  2
Hidden
 70
     6
177
     3
291
     0
 70
    58
 90
        1
176
     1
 90
        2
176
     1
 90
        2
176
     1
 90
        0
176
     1
 40
0.6
176
     1
 40
30.0
176
     1
 62
     7
420
 16777215
176
     1
 90
        2
176
     1
 90
        2
176
     1
 62
     7
176
     1
 62
   257
176
     1
 90
        2
176
     1
 90
        1
176
     1
 40
40.0
176
     1
 90
        0
176
     1
 62
   257
176
     1
 40
1.0
176
     1
 90
        1
176
     1
 90
        6
176
     1
 90
        2
176
     1
 62
     7
176
     1
 90
        3
176
     1
 90
        0
176
     1
 90
        0
176
     1
290
     0
176
     1
 90
        1
176
     1
 40
0.0
176
     1
 90
        0
176
     1
290
     0
176
     1
290
     1
176
     1
290
     1
176
     1
290
     0
176
     1
290
     0
176
     1
290
     0
176
     1
290
     0
176
     1
290
     0
176
     1
290
     0
176
     1
 90
       50
176
     1
 40
0.0
176
     1
 40
1.0
176
     1
 90
        0
176
     1
 62
    18
420
        0
176
     1
 90
       50
176
     1
 90
        3
176
     1
 62
     5
420
      255
176
     1
290
     0
176
     1
 90
       50
176
     1
 90
       50
176
     1
 90
       50
176
     1
290
     0
176
     1
 90
       50
176
     1
 62
   256
176
     0
 40
1.0
176
     0
 90
        2
176
     1
  1
strokes_ogs.tif
176
     1
290
     0
176
     1
 40
1.0
176
     1
 40
1.0
176
     1
  0
VISUALSTYLE
  5
421
102
{ACAD_REACTORS
330
40B
102
}
330
40B
100
AcDbVisualStyle
  2
JitterOff
 70
    20
177
     3
291
     1
 70
    58
 90
        2
176
     0
 90
        2
176
     0
 90
        0
176
     0
 90
        0
176
     0
 40
0.6
176
     0
 40
30.0
176
     0
 62
     7
420
 16777215
176
     0
 90
        1
176
     0
 90
        4
176
     0
 62
     7
176
     0
 62
   257
176
     0
 90
        1
176
     0
 90
        1
176
     0
 40
1.0
176
     0
 90
       10
176
     2
 62
     7
176
     0
 40
1.0
176
     0
 90
        1
176
     0
 90
        6
176
     0
 90
        2
176
     0
 62
     7
176
     0
 90
        5
176
     0
 90
        0
176
     0
 90
        0
176
     0
290
     0
176
     0
 90
        1
176
     0
 40
0.0
176
     0
 90
        0
176
     0
290
     0
176
     0
290
     1
176
     0
290
     1
176
     0
290
     0
176
     0
290
     0
176
     0
290
     0
176
     0
290
     0
176
     0
290
     0
176
     0
290
     0
176
     0
 90
       50
176
     0
 40
0.0
176
     0
 40
1.0
176
     0
 90
        0
176
     0
 62
    18
420
        0
176
     0
 90
       50
176
     0
 90
        3
176
     0
 62
     5
420
      255
176
     0
290
     0
176
     0
 90
       50
176
     0
 90
       50
176
     0
 90
       50
176
     0
290
     0
176
     0
 90
       50
176
     0
 62
   256
176
     0
 40
1.0
176
     0
 90
        2
176
     0
  1
strokes_ogs.tif
176
     0
290
     0
176
     0
 40
1.0
176
     0
 40
1.0
176
     0
  0
VISUALSTYLE
  5
419
102
{ACAD_REACTORS
330
40B
102
}
330
40B
100
AcDbVisualStyle
  2
Linepattern
 70
    14
177
     3
291
     1
 70
    58
 90
        2
176
     1
 90
        2
176
     1
 90
        0
176
     1
 90
        0
176
     1
 40
0.6
176
     1
 40
30.0
176
     1
 62
     7
420
 16777215
176
     1
 90
        1
176
     1
 90
        4
176
     1
 62
     7
176
     1
 62
   257
176
     1
 90
        7
176
     1
 90
        7
176
     1
 40
1.0
176
     1
 90
        8
176
     1
 62
     7
176
     1
 40
1.0
176
     1
 90
        1
176
     1
 90
        6
176
     1
 90
        2
176
     1
 62
     7
176
     1
 90
        5
176
     1
 90
        0
176
     1
 90
        0
176
     1
290
     0
176
     1
 90
        1
176
     1
 40
0.0
176
     1
 90
        0
176
     1
290
     0
176
     1
290
     1
176
     1
290
     1
176
     1
290
     0
176
     1
290
     0
176
     1
290
     0
176
     1
290
     0
176
     1
290
     0
176
     1
290
     0
176
     1
 90
       50
176
     1
 40
0.0
176
     1
 40
1.0
176
     1
 90
        0
176
     1
 62
    18
420
        0
176
     1
 90
       50
176
     1
 90
        3
176
     1
 62
     5
420
      255
176
     1
290
     0
176
     1
 90
       50
176
     1
 90
       50
176
     1
 90
       50
176
     1
290
     0
176
     1
 90
       50
176
     1
 62
   256
176
     0
 40
1.0
176
     0
 90
        2
176
     1
  1
strokes_ogs.tif
176
     1
290
     0
176
     1
 40
1.0
176
     1
 40
1.0
176
     1
  0
VISUALSTYLE
  5
422
102
{ACAD_REACTORS
330
40B
102
}
330
40B
100
AcDbVisualStyle
  2
OverhangOff
 70
    21
177
     3
291
     1
 70
    58
 90
        2
176
     0
 90
        2
176
     0
 90
        0
176
     0
 90
        0
176
     0
 40
0.6
176
     0
 40
30.0
176
     0
 62
     7
420
 16777215
176
     0
 90
        1
176
     0
 90
        4
176
     0
 62
     7
176
     0
 62
   257
176
     0
 90
        1
176
     0
 90
        1
176
     0
 40
1.0
176
     0
 90
        9
176
     2
 62
     7
176
     0
 40
1.0
176
     0
 90
        1
176
     0
 90
        6
176
     0
 90
        2
176
     0
 62
     7
176
     0
 90
        5
176
     0
 90
        0
176
     0
 90
        0
176
     0
290
     0
176
     0
 90
        1
176
     0
 40
0.0
176
     0
 90
        0
176
     0
290
     0
176
     0
290
     1
176
     0
290
     1
176
     0
290
     0
176
     0
290
     0
176
     0
290
     0
176
     0
290
     0
176
     0
290
     0
176
     0
290
     0
176
     0
 90
       50
176
     0
 40
0.0
176
     0
 40
1.0
176
     0
 90
        0
176
     0
 62
    18
420
        0
176
     0
 90
       50
176
     0
 90
        3
176
     0
 62
     5
420
      255
176
     0
290
     0
176
     0
 90
       50
176
     0
 90
       50
176
     0
 90
       50
176
     0
290
     0
176
     0
 90
       50
176
     0
 62
   256
176
     0
 40
1.0
176
     0
 90
        2
176
     0
  1
strokes_ogs.tif
176
     0
290
     0
176
     0
 40
1.0
176
     0
 40
1.0
176
     0
  0
VISUALSTYLE
  5
415
102
{ACAD_REACTORS
330
40B
102
}
330
40B
100
AcDbVisualStyle
  2
Realistic
 70
     8
177
     3
291
     0
 70
    58
 90
        2
176
     1
 90
        3
176
     1
 90
        0
176
     1
 90
        2
176
     1
 40
0.6
176
     1
 40
30.0
176
     1
 62
     7
420
 16777215
176
     1
 90
        0
176
     1
 90
        0
176
     1
 62
     7
176
     1
 62
   257
176
     1
 90
        1
176
     1
 90
        1
176
     1
 40
1.0
176
     1
 90
        8
176
     1
 62
   257
176
     1
 40
1.0
176
     1
 90
        1
176
     1
 90
        6
176
     1
 90
        2
176
     1
 62
     7
176
     1
 90
        3
176
     1
 90
        0
176
     1
 90
        0
176
     1
290
     0
176
     1
 90
       13
176
     1
 40
0.0
176
     1
 90
        0
176
     1
290
     0
176
     1
290
     1
176
     1
290
     1
176
     1
290
     0
176
     1
290
     0
176
     1
290
     0
176
     1
290
     0
176
     1
290
     0
176
     1
290
     0
176
     1
 90
       50
176
     1
 40
0.0
176
     1
 40
1.0
176
     1
 90
        0
176
     1
 62
    18
420
        0
176
     1
 90
       50
176
     1
 90
        3
176
     1
 62
     5
420
      255
176
     1
290
     0
176
     1
 90
       50
176
     1
 90
       50
176
     1
 90
       50
176
     1
290
     0
176
     1
 90
       50
176
     1
 62
   256
176
     0
 40
1.0
176
     0
 90
        2
176
     1
  1
strokes_ogs.tif
176
     1
290
     0
176
     1
 40
1.0
176
     1
 40
1.0
176
     1
  0
VISUALSTYLE
  5
420
102
{ACAD_REACTORS
330
40B
102
}
330
40B
100
AcDbVisualStyle
  2
Shaded
 70
    27
177
     3
291
     0
 70
    58
 90
        2
176
     1
 90
        2
176
     1
 90
        1
176
     1
 90
        2
176
     1
 40
0.6
176
     1
 40
30.0
176
     1
 62
     7
420
 16777215
176
     1
 90
        0
176
     1
 90
        4
176
     1
 62
     7
176
     1
 62
   257
176
     1
 90
        1
176
     1
 90
        1
176
     1
 40
1.0
176
     1
 90
        8
176
     1
 62
   257
176
     1
 40
1.0
176
     1
 90
        1
176
     1
 90
        6
176
     1
 90
        2
176
     1
 62
     8
420
  7895160
176
     1
 90
        3
176
     1
 90
        0
176
     1
 90
        0
176
     1
290
     0
176
     1
 90
        5
176
     1
 40
0.0
176
     1
 90
        0
176
     1
290
     0
176
     1
290
     1
176
     1
290
     1
176
     1
290
     0
176
     1
290
     0
176
     1
290
     0
176
     1
290
     0
176
     1
290
     0
176
     1
290
     0
176
     1
 90
       50
176
     1
 40
0.0
176
     1
 40
1.0
176
     1
 90
        0
176
     1
 62
    18
420
        0
176
     1
 90
       50
176
     1
 90
        3
176
     1
 62
     5
420
      255
176
     1
290
     0
176
     1
 90
       50
176
     1
 90
       50
176
     1
 90
       50
176
     1
290
     0
176
     1
 90
       50
176
     1
 62
   256
176
     0
 40
1.0
176
     0
 90
        2
176
     1
  1
strokes_ogs.tif
176
     1
290
     0
176
     1
 40
1.0
176
     1
 40
1.0
176
     1
  0
VISUALSTYLE
  5
41F
102
{ACAD_REACTORS
330
40B
102
}
330
40B
100
AcDbVisualStyle
  2
Shaded with edges
 70
    26
177
     3
291
     0
 70
    58
 90
        2
176
     1
 90
        2
176
     1
 90
        1
176
     1
 90
        2
176
     1
 40
0.6
176
     1
 40
30.0
176
     1
 62
     7
420
 16777215
176
     1
 90
        1
176
     1
 90
        2
176
     1
 62
     7
176
     1
 62
   257
176
     1
 90
        2
176
     1
 90
        1
176
     1
 40
1.0
176
     1
 90
        8
176
     1
 62
   257
176
     1
 40
1.0
176
     1
 90
        1
176
     1
 90
        6
176
     1
 90
        2
176
     1
 62
     7
176
     1
 90
        3
176
     1
 90
        0
176
     1
 90
        0
176
     1
290
     0
176
     1
 90
        5
176
     1
 40
0.0
176
     1
 90
        0
176
     1
290
     0
176
     1
290
     1
176
     1
290
     1
176
     1
290
     0
176
     1
290
     0
176
     1
290
     0
176
     1
290
     0
176
     1
290
     0
176
     1
290
     0
176
     1
 90
       50
176
     1
 40
0.0
176
     1
 40
1.0
176
     1
 90
        0
176
     1
 62
    18
420
        0
176
     1
 90
       50
176
     1
 90
        3
176
     1
 62
     5
420
      255
176
     1
290
     0
176
     1
 90
       50
176
     1
 90
       50
176
     1
 90
       50
176
     1
290
     0
176
     1
 90
       50
176
     1
 62
   256
176
     0
 40
1.0
176
     0
 90
        2
176
     1
  1
strokes_ogs.tif
176
     1
290
     0
176
     1
 40
1.0
176
     1
 40
1.0
176
     1
  0
VISUALSTYLE
  5
41C
102
{ACAD_REACTORS
330
40B
102
}
330
40B
100
AcDbVisualStyle
  2
Shades of Gray
 70
    23
177
     3
291
     0
 70
    58
 90
        2
176
     1
 90
        2
176
     1
 90
        3
176
     1
 90
        0
176
     1
 40
0.6
176
     1
 40
30.0
176
     1
 62
     7
420
 16777215
176
     1
 90
        2
176
     1
 90
        2
176
     1
 62
     7
176
     1
 62
     7
176
     1
 90
        1
176
     1
 90
        1
176
     1
 40
40.0
176
     1
 90
        8
176
     1
 62
     7
176
     1
 40
1.0
176
     1
 90
        1
176
     1
 90
        6
176
     1
 90
        2
176
     1
 62
     7
176
     1
 90
        3
176
     1
 90
        0
176
     1
 90
        0
176
     1
290
     0
176
     1
 90
        1
176
     1
 40
0.0
176
     1
 90
        0
176
     1
290
     0
176
     1
290
     1
176
     1
290
     1
176
     1
290
     0
176
     1
290
     0
176
     1
290
     0
176
     1
290
     0
176
     1
290
     0
176
     1
290
     0
176
     1
 90
       50
176
     1
 40
0.0
176
     1
 40
1.0
176
     1
 90
        0
176
     1
 62
    18
420
        0
176
     1
 90
       50
176
     1
 90
        3
176
     1
 62
     5
420
      255
176
     1
290
     0
176
     1
 90
       50
176
     1
 90
       50
176
     1
 90
       50
176
     1
290
     0
176
     1
 90
       50
176
     1
 62
   256
176
     0
 40
1.0
176
     0
 90
        2
176
     1
  1
strokes_ogs.tif
176
     1
290
     0
176
     1
 40
1.0
176
     1
 40
1.0
176
     1
  0
VISUALSTYLE
  5
41D
102
{ACAD_REACTORS
330
40B
102
}
330
40B
100
AcDbVisualStyle
  2
Sketchy
 70
    24
177
     3
291
     0
 70
    58
 90
        1
176
     1
 90
        2
176
     1
 90
        2
176
     1
 90
        0
176
     1
 40
0.6
176
     1
 40
30.0
176
     1
 62
     7
420
 16777215
176
     1
 90
        2
176
     1
 90
        2
176
     1
 62
     7
176
     1
 62
     7
176
     1
 90
        1
176
     1
 90
        1
176
     1
 40
40.0
176
     1
 90
       11
176
     1
 62
     7
176
     1
 40
1.0
176
     1
 90
        1
176
     1
 90
        6
176
     1
 90
        2
176
     1
 62
     7
176
     1
 90
        6
176
     1
 90
        0
176
     1
 90
        0
176
     1
290
     0
176
     1
 90
        1
176
     1
 40
0.0
176
     1
 90
        0
176
     1
290
     0
176
     1
290
     1
176
     1
290
     1
176
     1
290
     0
176
     1
290
     0
176
     1
290
     0
176
     1
290
     0
176
     1
290
     0
176
     1
290
     0
176
     1
 90
       50
176
     1
 40
0.0
176
     1
 40
1.0
176
     1
 90
        0
176
     1
 62
    18
420
        0
176
     1
 90
       50
176
     1
 90
        3
176
     1
 62
     5
420
      255
176
     1
290
     0
176
     1
 90
       50
176
     1
 90
       50
176
     1
 90
       50
176
     1
290
     0
176
     1
 90
       50
176
     1
 62
   256
176
     0
 40
1.0
176
     0
 90
        2
176
     1
  1
strokes_ogs.tif
176
     1
290
     0
176
     1
 40
1.0
176
     1
 40
1.0
176
     1
  0
VISUALSTYLE
  5
418
102
{ACAD_REACTORS
330
40B
102
}
330
40B
100
AcDbVisualStyle
  2
Thicken
 70
    13
177
     3
291
     1
 70
    58
 90
        2
176
     1
 90
        2
176
     1
 90
        0
176
     1
 90
        0
176
     1
 40
0.6
176
     1
 40
30.0
176
     1
 62
     7
420
 16777215
176
     1
 90
        1
176
     1
 90
        4
176
     1
 62
     7
176
     1
 62
   257
176
     1
 90
        1
176
     1
 90
        1
176
     1
 40
1.0
176
     1
 90
       12
176
     1
 62
     7
176
     1
 40
1.0
176
     1
 90
        1
176
     1
 90
        6
176
     1
 90
        2
176
     1
 62
     7
176
     1
 90
        5
176
     1
 90
        0
176
     1
 90
        0
176
     1
290
     0
176
     1
 90
        1
176
     1
 40
0.0
176
     1
 90
        0
176
     1
290
     0
176
     1
290
     1
176
     1
290
     1
176
     1
290
     0
176
     1
290
     0
176
     1
290
     0
176
     1
290
     0
176
     1
290
     0
176
     1
290
     0
176
     1
 90
       50
176
     1
 40
0.0
176
     1
 40
1.0
176
     1
 90
        0
176
     1
 62
    18
420
        0
176
     1
 90
       50
176
     1
 90
        3
176
     1
 62
     5
420
      255
176
     1
290
     0
176
     1
 90
       50
176
     1
 90
       50
176
     1
 90
       50
176
     1
290
     0
176
     1
 90
       50
176
     1
 62
   256
176
     0
 40
1.0
176
     0
 90
        2
176
     1
  1
strokes_ogs.tif
176
     1
290
     0
176
     1
 40
1.0
176
     1
 40
1.0
176
     1
  0
VISUALSTYLE
  5
412
102
{ACAD_REACTORS
330
40B
102
}
330
40B
100
AcDbVisualStyle
  2
Wireframe
 70
     5
177
     3
291
     0
 70
    58
 90
        0
176
     1
 90
        2
176
     1
 90
        0
176
     1
 90
        0
176
     1
 40
0.6
176
     1
 40
30.0
176
     1
 62
     7
420
 16777215
176
     1
 90
        1
176
     1
 90
        4
176
     1
 62
     7
176
     1
 62
   257
176
     1
 90
        1
176
     1
 90
        1
176
     1
 40
1.0
176
     1
 90
        0
176
     1
 62
   257
176
     1
 40
1.0
176
     1
 90
        1
176
     1
 90
        6
176
     1
 90
        2
176
     1
 62
     7
176
     1
 90
        3
176
     1
 90
        0
176
     1
 90
        0
176
     1
290
     0
176
     1
 90
        1
176
     1
 40
0.0
176
     1
 90
        0
176
     1
290
     0
176
     1
290
     1
176
     1
290
     1
176
     1
290
     0
176
     1
290
     0
176
     1
290
     0
176
     1
290
     0
176
     1
290
     0
176
     1
290
     0
176
     1
 90
       50
176
     1
 40
0.0
176
     1
 40
1.0
176
     1
 90
        0
176
     1
 62
    18
420
        0
176
     1
 90
       50
176
     1
 90
        3
176
     1
 62
     5
420
      255
176
     1
290
     0
176
     1
 90
       50
176
     1
 90
       50
176
     1
 90
       50
176
     1
290
     0
176
     1
 90
       50
176
     1
 62
   256
176
     0
 40
1.0
176
     0
 90
        2
176
     1
  1
strokes_ogs.tif
176
     1
290
     0
176
     1
 40
1.0
176
     1
 40
1.0
176
     1
  0
VISUALSTYLE
  5
41E
102
{ACAD_REACTORS
330
40B
102
}
330
40B
100
AcDbVisualStyle
  2
X-Ray
 70
    25
177
     3
291
     0
 70
    58
 90
        2
176
     1
 90
        2
176
     1
 90
        1
176
     1
 90
        1
176
     1
 40
0.5
176
     1
 40
30.0
176
     1
 62
     7
420
 16777215
176
     1
 90
        1
176
     1
 90
        0
176
     1
 62
     7
176
     1
 62
   257
176
     1
 90
        1
176
     1
 90
        1
176
     1
 40
1.0
176
     1
 90
        8
176
     1
 62
     7
176
     1
 40
1.0
176
     1
 90
        1
176
     1
 90
        6
176
     1
 90
        2
176
     1
 62
     7
176
     1
 90
        3
176
     1
 90
        0
176
     1
 90
        0
176
     1
290
     0
176
     1
 90
       13
176
     1
 40
0.0
176
     1
 90
        0
176
     1
290
     0
176
     1
290
     1
176
     1
290
     1
176
     1
290
     0
176
     1
290
     0
176
     1
290
     0
176
     1
290
     0
176
     1
290
     0
176
     1
290
     0
176
     1
 90
       50
176
     1
 40
0.0
176
     1
 40
1.0
176
     1
 90
        0
176
     1
 62
    18
420
        0
176
     1
 90
       50
176
     1
 90
        3
176
     1
 62
     5
420
      255
176
     1
290
     0
176
     1
 90
       50
176
     1
 90
       50
176
     1
 90
       50
176
     1
290
     0
176
     1
 90
       50
176
     1
 62
   256
176
     0
 40
1.0
176
     0
 90
        2
176
     1
  1
strokes_ogs.tif
176
     1
290
     0
176
     1
 40
1.0
176
     1
 40
1.0
176
     1
  0
DICTIONARYVAR
  5
438
102
{ACAD_REACTORS
330
432
102
}
330
432
100
DictionaryVariables
280
     0
  1
1:1
  0
DICTIONARYVAR
  5
434
102
{ACAD_REACTORS
330
432
102
}
330
432
100
DictionaryVariables
280
     0
  1
STANDARD
  0
DICTIONARYVAR
  5
433
102
{ACAD_REACTORS
330
432
102
}
330
432
100
DictionaryVariables
280
     0
  1
STANDARD
  0
DICTIONARYVAR
  5
435
102
{ACAD_REACTORS
330
432
102
}
330
432
100
DictionaryVariables
280
     0
  1
Metric50
  0
DICTIONARYVAR
  5
436
102
{ACAD_REACTORS
330
432
102
}
330
432
100
DictionaryVariables
280
     0
  1
Metric50
  0
DICTIONARYVAR
  5
43A
102
{ACAD_REACTORS
330
432
102
}
330
432
100
DictionaryVariables
280
     0
  1
1
  0
DICTIONARYVAR
  5
43B
102
{ACAD_REACTORS
330
432
102
}
330
432
100
DictionaryVariables
280
     0
  1
15
  0
DICTIONARYVAR
  5
439
102
{ACAD_REACTORS
330
432
102
}
330
432
100
DictionaryVariables
280
     0
  1
0
  0
DICTIONARYVAR
  5
437
102
{ACAD_REACTORS
330
432
102
}
330
432
100
DictionaryVariables
280
     0
  1
0
  0
DICTIONARY
  5
3FC
330
3FB
100
AcDbDictionary
280
     1
281
     1
  3
BUMPTILE
360
3FE
  3
DIFFUSETILE
360
3FD
  3
OPACITYTILE
360
401
  3
REFLECTIONTILE
360
400
  3
REFRACTIONTILE
360
402
  3
SPECULARTILE
360
3FF
  0
DICTIONARY
  5
3F4
330
3F3
100
AcDbDictionary
280
     1
281
     1
  3
BUMPTILE
360
3F6
  3
DIFFUSETILE
360
3F5
  3
OPACITYTILE
360
3F9
  3
REFLECTIONTILE
360
3F8
  3
REFRACTIONTILE
360
3FA
  3
SPECULARTILE
360
3F7
  0
DICTIONARY
  5
404
330
403
100
AcDbDictionary
280
     1
281
     1
  3
BUMPTILE
360
406
  3
DIFFUSETILE
360
405
  3
OPACITYTILE
360
409
  3
REFLECTIONTILE
360
408
  3
REFRACTIONTILE
360
40A
  3
SPECULARTILE
360
407
  0
DICTIONARY
  5
43D
330
426
100
AcDbDictionary
280
     1
281
     1
  3
ACAD_ROUNDTRIP_2008_TABLESTYLE_CELLSTYLEMAP
360
43E
  0
XRECORD
  5
3FE
102
{ACAD_REACTORS
330
3FC
102
}
330
3FC
100
AcDbXrecord
280
     1
270
     1
271
     1
  0
XRECORD
  5
3FD
102
{ACAD_REACTORS
330
3FC
102
}
330
3FC
100
AcDbXrecord
280
     1
270
     1
271
     1
  0
XRECORD
  5
401
102
{ACAD_REACTORS
330
3FC
102
}
330
3FC
100
AcDbXrecord
280
     1
270
     1
271
     1
  0
XRECORD
  5
400
102
{ACAD_REACTORS
330
3FC
102
}
330
3FC
100
AcDbXrecord
280
     1
270
     1
271
     1
  0
XRECORD
  5
402
102
{ACAD_REACTORS
330
3FC
102
}
330
3FC
100
AcDbXrecord
280
     1
270
     1
271
     1
  0
XRECORD
  5
3FF
102
{ACAD_REACTORS
330
3FC
102
}
330
3FC
100
AcDbXrecord
280
     1
270
     1
271
     1
  0
XRECORD
  5
3F6
102
{ACAD_REACTORS
330
3F4
102
}
330
3F4
100
AcDbXrecord
280
     1
270
     1
271
     1
  0
XRECORD
  5
3F5
102
{ACAD_REACTORS
330
3F4
102
}
330
3F4
100
AcDbXrecord
280
     1
270
     1
271
     1
  0
XRECORD
  5
3F9
102
{ACAD_REACTORS
330
3F4
102
}
330
3F4
100
AcDbXrecord
280
     1
270
     1
271
     1
  0
XRECORD
  5
3F8
102
{ACAD_REACTORS
330
3F4
102
}
330
3F4
100
AcDbXrecord
280
     1
270
     1
271
     1
  0
XRECORD
  5
3FA
102
{ACAD_REACTORS
330
3F4
102
}
330
3F4
100
AcDbXrecord
280
     1
270
     1
271
     1
  0
XRECORD
  5
3F7
102
{ACAD_REACTORS
330
3F4
102
}
330
3F4
100
AcDbXrecord
280
     1
270
     1
271
     1
  0
XRECORD
  5
406
102
{ACAD_REACTORS
330
404
102
}
330
404
100
AcDbXrecord
280
     1
270
     1
271
     1
  0
XRECORD
  5
405
102
{ACAD_REACTORS
330
404
102
}
330
404
100
AcDbXrecord
280
     1
270
     1
271
     1
  0
XRECORD
  5
409
102
{ACAD_REACTORS
330
404
102
}
330
404
100
AcDbXrecord
280
     1
270
     1
271
     1
  0
XRECORD
  5
408
102
{ACAD_REACTORS
330
404
102
}
330
404
100
AcDbXrecord
280
     1
270
     1
271
     1
  0
XRECORD
  5
40A
102
{ACAD_REACTORS
330
404
102
}
330
404
100
AcDbXrecord
280
     1
270
     1
271
     1
  0
XRECORD
  5
407
102
{ACAD_REACTORS
330
404
102
}
330
404
100
AcDbXrecord
280
     1
270
     1
271
     1
  0
CELLSTYLEMAP
  5
43E
102
{ACAD_REACTORS
330
43D
102
}
330
43D
100
AcDbCellStyleMap
 90
        3
300
CELLSTYLE
  1
TABLEFORMAT_BEGIN
 90
        5
170
     1
 91
        0
 92
    32768
 62
   257
 93
        1
300
CONTENTFORMAT
  1
CONTENTFORMAT_BEGIN
 90
        0
 91
        0
 92
      512
 93
        0
300

 40
0.0
140
1.0
 94
        5
 62
     0
340
11
144
6.0
309
CONTENTFORMAT_END
171
     1
301
MARGIN
  1
CELLMARGIN_BEGIN
 40
1.5
 40
1.5
 40
1.5
 40
1.5
 40
4.5
 40
4.5
309
CELLMARGIN_END
 94
        6
 95
        1
302
GRIDFORMAT
  1
GRIDFORMAT_BEGIN
 90
        0
 91
        1
 62
     0
 92
       -2
340
0
 93
        0
 40
1.125
309
GRIDFORMAT_END
 95
        2
302
GRIDFORMAT
  1
GRIDFORMAT_BEGIN
 90
        0
 91
        1
 62
     0
 92
       -2
340
0
 93
        0
 40
1.125
309
GRIDFORMAT_END
 95
        4
302
GRIDFORMAT
  1
GRIDFORMAT_BEGIN
 90
        0
 91
        1
 62
     0
 92
       -2
340
0
 93
        0
 40
1.125
309
GRIDFORMAT_END
 95
        8
302
GRIDFORMAT
  1
GRIDFORMAT_BEGIN
 90
        0
 91
        1
 62
     0
 92
       -2
340
0
 93
        0
 40
1.125
309
GRIDFORMAT_END
 95
       16
302
GRIDFORMAT
  1
GRIDFORMAT_BEGIN
 90
        0
 91
        1
 62
     0
 92
       -2
340
0
 93
        0
 40
1.125
309
GRIDFORMAT_END
 95
       32
302
GRIDFORMAT
  1
GRIDFORMAT_BEGIN
 90
        0
 91
        1
 62
     0
 92
       -2
340
0
 93
        0
 40
1.125
309
GRIDFORMAT_END
309
TABLEFORMAT_END
  1
CELLSTYLE_BEGIN
 90
        1
 91
        1
300
_TITLE
309
CELLSTYLE_END
300
CELLSTYLE
  1
TABLEFORMAT_BEGIN
 90
        5
170
     1
 91
        0
 92
        0
 62
   257
 93
        1
300
CONTENTFORMAT
  1
CONTENTFORMAT_BEGIN
 90
        0
 91
        0
 92
      512
 93
        0
300

 40
0.0
140
1.0
 94
        5
 62
     0
340
11
144
4.5
309
CONTENTFORMAT_END
171
     1
301
MARGIN
  1
CELLMARGIN_BEGIN
 40
1.5
 40
1.5
 40
1.5
 40
1.5
 40
4.5
 40
4.5
309
CELLMARGIN_END
 94
        6
 95
        1
302
GRIDFORMAT
  1
GRIDFORMAT_BEGIN
 90
        0
 91
        1
 62
     0
 92
       -2
340
0
 93
        0
 40
1.125
309
GRIDFORMAT_END
 95
        2
302
GRIDFORMAT
  1
GRIDFORMAT_BEGIN
 90
        0
 91
        1
 62
     0
 92
       -2
340
0
 93
        0
 40
1.125
309
GRIDFORMAT_END
 95
        4
302
GRIDFORMAT
  1
GRIDFORMAT_BEGIN
 90
        0
 91
        1
 62
     0
 92
       -2
340
0
 93
        0
 40
1.125
309
GRIDFORMAT_END
 95
        8
302
GRIDFORMAT
  1
GRIDFORMAT_BEGIN
 90
        0
 91
        1
 62
     0
 92
       -2
340
0
 93
        0
 40
1.125
309
GRIDFORMAT_END
 95
       16
302
GRIDFORMAT
  1
GRIDFORMAT_BEGIN
 90
        0
 91
        1
 62
     0
 92
       -2
340
0
 93
        0
 40
1.125
309
GRIDFORMAT_END
 95
       32
302
GRIDFORMAT
  1
GRIDFORMAT_BEGIN
 90
        0
 91
        1
 62
     0
 92
       -2
340
0
 93
        0
 40
1.125
309
GRIDFORMAT_END
309
TABLEFORMAT_END
  1
CELLSTYLE_BEGIN
 90
        2
 91
        1
300
_HEADER
309
CELLSTYLE_END
300
CELLSTYLE
  1
TABLEFORMAT_BEGIN
 90
        5
170
     1
 91
        0
 92
        0
 62
   257
 93
        1
300
CONTENTFORMAT
  1
CONTENTFORMAT_BEGIN
 90
        0
 91
        0
 92
      512
 93
        0
300

 40
0.0
140
1.0
 94
        2
 62
     0
340
11
144
4.5
309
CONTENTFORMAT_END
171
     1
301
MARGIN
  1
CELLMARGIN_BEGIN
 40
1.5
 40
1.5
 40
1.5
 40
1.5
 40
4.5
 40
4.5
309
CELLMARGIN_END
 94
        6
 95
        1
302
GRIDFORMAT
  1
GRIDFORMAT_BEGIN
 90
        0
 91
        1
 62
     0
 92
       -2
340
0
 93
        0
 40
1.125
309
GRIDFORMAT_END
 95
        2
302
GRIDFORMAT
  1
GRIDFORMAT_BEGIN
 90
        0
 91
        1
 62
     0
 92
       -2
340
0
 93
        0
 40
1.125
309
GRIDFORMAT_END
 95
        4
302
GRIDFORMAT
  1
GRIDFORMAT_BEGIN
 90
        0
 91
        1
 62
     0
 92
       -2
340
0
 93
        0
 40
1.125
309
GRIDFORMAT_END
 95
        8
302
GRIDFORMAT
  1
GRIDFORMAT_BEGIN
 90
        0
 91
        1
 62
     0
 92
       -2
340
0
 93
        0
 40
1.125
309
GRIDFORMAT_END
 95
       16
302
GRIDFORMAT
  1
GRIDFORMAT_BEGIN
 90
        0
 91
        1
 62
     0
 92
       -2
340
0
 93
        0
 40
1.125
309
GRIDFORMAT_END
 95
       32
302
GRIDFORMAT
  1
GRIDFORMAT_BEGIN
 90
        0
 91
        1
 62
     0
 92
       -2
340
0
 93
        0
 40
1.125
309
GRIDFORMAT_END
309
TABLEFORMAT_END
  1
CELLSTYLE_BEGIN
 90
        3
 91
        2
300
_DATA
309
CELLSTYLE_END
  0
ENDSEC
  0
EOF
