  0
SECTION
  2
HEADER
  9
$ACADVER
  1
AC1032
  9
$ACADMAINTVER
 90
4
  9
$DWGCODEPAGE
  3
ANSI_936
  9
$LASTSAVEDBY
  1
23900
  9
$REQUIREDVERSIONS
160
0
  9
$INSBASE
 10
0.0
 20
0.0
 30
0.0
  9
$EXTMIN
 10
0.0
 20
0.0
 30
0.0
  9
$EXTMAX
 10
297.0
 20
210.0
 30
0.0
  9
$LIMMIN
 10
0.0
 20
0.0
  9
$LIMMAX
 10
297.0
 20
210.0
  9
$ORTHOMODE
 70
0
  9
$REGENMODE
 70
1
  9
$FILLMODE
 70
1
  9
$QTEXTMODE
 70
0
  9
$MIRRTEXT
 70
1
  9
$LTSCALE
 40
1.0
  9
$ATTMODE
 70
1
  9
$TEXTSIZE
 40
3.5
  9
$TRACEWID
 40
1.0
  9
$TEXTSTYLE
  7
STANDARD
  9
$CLAYER
  8
0
  9
$CELTYPE
  6
ByLayer
  9
$CECOLOR
 62
256
  9
$CELTSCALE
 40
1.0
  9
$DISPSILH
 70
0
  9
$DIMSCALE
 40
1.0
  9
$DIMASZ
 40
4.08
  9
$DIMEXO
 40
0.0
  9
$DIMDLI
 40
3.75
  9
$DIMRND
 40
0.0
  9
$DIMDLE
 40
0.0
  9
$DIMEXE
 40
2.0
  9
$DIMTP
 40
0.0
  9
$DIMTM
 40
0.0
  9
$DIMTXT
 40
3.5
  9
$DIMCEN
 40
2.5
  9
$DIMTSZ
 40
0.0
  9
$DIMTOL
 70
0
  9
$DIMLIM
 70
0
  9
$DIMTIH
 70
1
  9
$DIMTOH
 70
1
  9
$DIMSE1
 70
0
  9
$DIMSE2
 70
0
  9
$DIMTAD
 70
1
  9
$DIMZIN
 70
0
  9
$DIMBLK
  1

  9
$DIMASO
 70
1
  9
$DIMSHO
 70
1
  9
$DIMPOST
  1

  9
$DIMAPOST
  1

  9
$DIMALT
 70
0
  9
$DIMALTD
 70
3
  9
$DIMALTF
 40
0.0393700787401575
  9
$DIMLFAC
 40
0.5
  9
$DIMTOFL
 70
1
  9
$DIMTVP
 40
0.0
  9
$DIMTIX
 70
0
  9
$DIMSOXD
 70
0
  9
$DIMSAH
 70
0
  9
$DIMBLK1
  1

  9
$DIMBLK2
  1

  9
$DIMSTYLE
  2
ISO-25
  9
$DIMCLRD
 70
0
  9
$DIMCLRE
 70
0
  9
$DIMCLRT
 70
0
  9
$DIMTFAC
 40
1.0
  9
$DIMGAP
 40
1.524
  9
$DIMJUST
 70
0
  9
$DIMSD1
 70
0
  9
$DIMSD2
 70
0
  9
$DIMTOLJ
 70
0
  9
$DIMTZIN
 70
0
  9
$DIMALTZ
 70
0
  9
$DIMALTTZ
 70
0
  9
$DIMUPT
 70
0
  9
$DIMDEC
 70
0
  9
$DIMTDEC
 70
0
  9
$DIMALTU
 70
2
  9
$DIMALTTD
 70
3
  9
$DIMTXSTY
  7
STANDARD
  9
$DIMAUNIT
 70
0
  9
$DIMADEC
 70
2
  9
$DIMALTRND
 40
0.0
  9
$DIMAZIN
 70
0
  9
$DIMDSEP
 70
44
  9
$DIMATFIT
 70
3
  9
$DIMFRAC
 70
0
  9
$DIMLDRBLK
  1

  9
$DIMLUNIT
 70
2
  9
$DIMLWD
 70
-2
  9
$DIMLWE
 70
-2
  9
$DIMTMOVE
 70
0
  9
$DIMFXL
 40
1.0
  9
$DIMFXLON
 70
0
  9
$DIMJOGANG
 40
0.7853981633974483
  9
$DIMTFILL
 70
0
  9
$DIMTFILLCLR
 70
0
  9
$DIMARCSYM
 70
0
  9
$DIMLTYPE
  6

  9
$DIMLTEX1
  6

  9
$DIMLTEX2
  6

  9
$DIMTXTDIRECTION
 70
0
  9
$LUNITS
 70
2
  9
$LUPREC
 70
2
  9
$SKETCHINC
 40
1.0
  9
$FILLETRAD
 40
0.0
  9
$AUNITS
 70
0
  9
$AUPREC
 70
2
  9
$MENU
  1
.
  9
$ELEVATION
 40
0.0
  9
$PELEVATION
 40
0.0
  9
$THICKNESS
 40
0.0
  9
$LIMCHECK
 70
0
  9
$CHAMFERA
 40
0.0
  9
$CHAMFERB
 40
0.0
  9
$CHAMFERC
 40
0.0
  9
$CHAMFERD
 40
0.0
  9
$SKPOLY
 70
0
  9
$TDCREATE
 40
2461269.5290625
  9
$TDUCREATE
 40
2461147.113434248
  9
$TDUPDATE
 40
2461269.5290625
  9
$TDUUPDATE
 40
2461154.13962963
  9
$TDINDWG
 40
0.106006956
  9
$TDUSRTIMER
 40
0.106006956
  9
$USRTIMER
 70
1
  9
$ANGBASE
 50
0.0
  9
$ANGDIR
 70
0
  9
$PDMODE
 70
0
  9
$PDSIZE
 40
-1.0
  9
$PLINEWID
 40
0.0
  9
$SPLFRAME
 70
0
  9
$SPLINETYPE
 70
6
  9
$SPLINESEGS
 70
8
  9
$HANDSEED
  5
6BD
  9
$SURFTAB1
 70
6
  9
$SURFTAB2
 70
6
  9
$SURFTYPE
 70
6
  9
$SURFU
 70
6
  9
$SURFV
 70
6
  9
$UCSBASE
  2

  9
$UCSNAME
  2

  9
$UCSORG
 10
0.0
 20
0.0
 30
0.0
  9
$UCSXDIR
 10
1.0
 20
0.0
 30
0.0
  9
$UCSYDIR
 10
0.0
 20
1.0
 30
0.0
  9
$UCSORTHOREF
  2

  9
$UCSORTHOVIEW
 70
0
  9
$UCSORGTOP
 10
0.0
 20
0.0
 30
0.0
  9
$UCSORGBOTTOM
 10
0.0
 20
0.0
 30
0.0
  9
$UCSORGLEFT
 10
0.0
 20
0.0
 30
0.0
  9
$UCSORGRIGHT
 10
0.0
 20
0.0
 30
0.0
  9
$UCSORGFRONT
 10
0.0
 20
0.0
 30
0.0
  9
$UCSORGBACK
 10
0.0
 20
0.0
 30
0.0
  9
$PUCSBASE
  2

  9
$PUCSNAME
  2

  9
$PUCSORG
 10
0.0
 20
0.0
 30
0.0
  9
$PUCSXDIR
 10
1.0
 20
0.0
 30
0.0
  9
$PUCSYDIR
 10
0.0
 20
1.0
 30
0.0
  9
$PUCSORTHOREF
  2

  9
$PUCSORTHOVIEW
 70
0
  9
$PUCSORGTOP
 10
0.0
 20
0.0
 30
0.0
  9
$PUCSORGBOTTOM
 10
0.0
 20
0.0
 30
0.0
  9
$PUCSORGLEFT
 10
0.0
 20
0.0
 30
0.0
  9
$PUCSORGRIGHT
 10
0.0
 20
0.0
 30
0.0
  9
$PUCSORGFRONT
 10
0.0
 20
0.0
 30
0.0
  9
$PUCSORGBACK
 10
0.0
 20
0.0
 30
0.0
  9
$USERI1
 70
0
  9
$USERI2
 70
0
  9
$USERI3
 70
0
  9
$USERI4
 70
0
  9
$USERI5
 70
0
  9
$USERR1
 40
0.0
  9
$USERR2
 40
0.0
  9
$USERR3
 40
0.0
  9
$USERR4
 40
0.0
  9
$USERR5
 40
0.0
  9
$WORLDVIEW
 70
1
  9
$SHADEDGE
 70
3
  9
$SHADEDIF
 70
70
  9
$TILEMODE
 70
1
  9
$MAXACTVP
 70
64
  9
$PINSBASE
 10
0.0
 20
0.0
 30
0.0
  9
$PLIMCHECK
 70
0
  9
$PEXTMIN
 10
1e+20
 20
1e+20
 30
1e+20
  9
$PEXTMAX
 10
-1e+20
 20
-1e+20
 30
-1e+20
  9
$PLIMMIN
 10
0.0
 20
0.0
  9
$PLIMMAX
 10
420.0
 20
297.0
  9
$UNITMODE
 70
0
  9
$VISRETAIN
 70
1
  9
$PLINEGEN
 70
0
  9
$PSLTSCALE
 70
1
  9
$TREEDEPTH
 70
3020
  9
$CMLSTYLE
  2
Standard
  9
$CMLJUST
 70
0
  9
$CMLSCALE
 40
20.0
  9
$PROXYGRAPHICS
 70
1
  9
$MEASUREMENT
 70
1
  9
$CELWEIGHT
370
0
  9
$ENDCAPS
280
0
  9
$JOINSTYLE
280
0
  9
$LWDISPLAY
290
1
  9
$INSUNITS
 70
4
  9
$HYPERLINKBASE
  1

  9
$STYLESHEET
  1

  9
$XEDIT
290
1
  9
$CEPSNTYPE
380
0
  9
$PSTYLEMODE
290
1
  9
$FINGERPRINTGUID
  2
{4497f575-2c69-4655-b058-baea81080a5e}
  9
$VERSIONGUID
  2
{9240DC43-78B0-4E03-9627-7058AC1ED213}
  9
$EXTNAMES
290
1
  9
$PSVPSCALE
 40
0.0
  9
$OLESTARTUP
290
0
  9
$SORTENTS
280
127
  9
$INDEXCTL
280
0
  9
$HIDETEXT
280
0
  9
$XCLIPFRAME
280
2
  9
$HALOGAP
280
0
  9
$OBSCOLOR
 70
257
  9
$OBSLTYPE
280
0
  9
$INTERSECTIONDISPLAY
280
0
  9
$INTERSECTIONCOLOR
 70
257
  9
$DIMASSOC
280
1
  9
$PROJECTNAME
  1

  9
$CAMERADISPLAY
290
0
  9
$LENSLENGTH
 40
50.0
  9
$CAMERAHEIGHT
 40
0.0
  9
$STEPSPERSEC
 40
2.0
  9
$STEPSIZE
 40
6.0
  9
$3DDWFPREC
 40
2.0
  9
$PSOLWIDTH
 40
0.25
  9
$PSOLHEIGHT
 40
4.0
  9
$LOFTANG1
 40
1.570796326794896
  9
$LOFTANG2
 40
1.570796326794896
  9
$LOFTMAG1
 40
0.0
  9
$LOFTMAG2
 40
0.0
  9
$LOFTPARAM
 70
7
  9
$LOFTNORMALS
280
1
  9
$LATITUDE
 40
37.795
  9
$LONGITUDE
 40
-122.394
  9
$NORTHDIRECTION
 40
0.0
  9
$TIMEZONE
 70
-8000
  9
$LIGHTGLYPHDISPLAY
280
1
  9
$TILEMODELIGHTSYNCH
280
1
  9
$CMATERIAL
347
179
  9
$SOLIDHIST
280
0
  9
$SHOWHIST
280
1
  9
$DWFFRAME
280
2
  9
$DGNFRAME
280
0
  9
$REALWORLDSCALE
290
1
  9
$INTERFERECOLOR
 62
1
  9
$INTERFEREOBJVS
345
19B
  9
$INTERFEREVPVS
346
198
  9
$CSHADOW
280
0
  9
$SHADOWPLANELOCATION
 40
0.0
  0
ENDSEC
  0
SECTION
  2
CLASSES
  0
CLASS
  1
ACDBDICTIONARYWDFLT
  2
AcDbDictionaryWithDefault
  3
ObjectDBX Classes
 90
0
 91
1
280
0
281
0
  0
CLASS
  1
VISUALSTYLE
  2
AcDbVisualStyle
  3
ObjectDBX Classes
 90
4095
 91
24
280
0
281
0
  0
CLASS
  1
MATERIAL
  2
AcDbMaterial
  3
ObjectDBX Classes
 90
1153
 91
3
280
0
281
0
  0
CLASS
  1
SCALE
  2
AcDbScale
  3
ObjectDBX Classes
 90
1153
 91
17
280
0
281
0
  0
CLASS
  1
TABLESTYLE
  2
AcDbTableStyle
  3
ObjectDBX Classes
 90
4095
 91
1
280
0
281
0
  0
CLASS
  1
MLEADERSTYLE
  2
AcDbMLeaderStyle
  3
ACDB_MLEADERSTYLE_CLASS
 90
4095
 91
1
280
0
281
0
  0
CLASS
  1
SUN
  2
AcDbSun
  3
SCENEOE
 90
1153
 91
0
280
0
281
0
  0
CLASS
  1
ACDBSECTIONVIEWSTYLE
  2
AcDbSectionViewStyle
  3
ObjectDBX Classes
 90
1025
 91
1
280
0
281
0
  0
CLASS
  1
ACDBDETAILVIEWSTYLE
  2
AcDbDetailViewStyle
  3
ObjectDBX Classes
 90
1025
 91
1
280
0
281
0
  0
CLASS
  1
DICTIONARYVAR
  2
AcDbDictionaryVar
  3
ObjectDBX Classes
 90
0
 91
9
280
0
281
0
  0
CLASS
  1
SORTENTSTABLE
  2
AcDbSortentsTable
  3
ObjectDBX Classes
 90
0
 91
1
280
0
281
0
  0
CLASS
  1
MULTILEADER
  2
AcDbMLeader
  3
ACDB_MLEADER_CLASS
 90
1025
 91
2
280
0
281
1
  0
CLASS
  1
CELLSTYLEMAP
  2
AcDbCellStyleMap
  3
ObjectDBX Classes
 90
1152
 91
1
280
0
281
0
  0
CLASS
  1
MENTALRAYRENDERSETTINGS
  2
AcDbMentalRayRenderSettings
  3
SCENEOE
 90
1024
 91
0
280
0
281
0
  0
CLASS
  1
RASTERVARIABLES
  2
AcDbRasterVariables
  3
ISM
 90
0
 91
0
280
0
281
0
  0
CLASS
  1
ACDBPLACEHOLDER
  2
AcDbPlaceHolder
  3
ObjectDBX Classes
 90
0
 91
0
280
0
281
0
  0
CLASS
  1
LAYOUT
  2
AcDbLayout
  3
ObjectDBX Classes
 90
0
 91
0
280
0
281
0
  0
ENDSEC
  0
SECTION
  2
TABLES
  0
TABLE
  2
VPORT
  5
8
330
0
100
AcDbSymbolTable
 70
1
  0
VPORT
  5
29
330
8
100
AcDbSymbolTableRecord
100
AcDbViewportTableRecord
  2
*Active
 70
0
 10
0.0
 20
0.0
 11
1.0
 21
1.0
 12
187.8142646455321
 22
121.03533636603
 13
0.0
 23
0.0
 14
10.0
 24
10.0
 15
10.0
 25
10.0
 16
0.0
 26
0.0
 36
1.0
 17
0.0
 27
0.0
 37
0.0
 40
282.4897788897022
 41
1.765478424015009
 42
50.0
 43
0.0
 44
0.0
 50
0.0
 51
0.0
 71
0
 72
2000
 73
1
 74
3
 75
0
 76
0
 77
0
 78
0
281
0
 65
1
110
0.0
120
0.0
130
0.0
111
1.0
121
0.0
131
0.0
112
0.0
122
1.0
132
0.0
 79
0
146
0.0
 60
3
 61
5
348
197
292
1
282
1
141
0.0
142
0.0
 63
250
421
3355443
1001
ACAD_NAV_VCDISPLAY
1070
3
  0
ENDTAB
  0
TABLE
  2
LTYPE
  5
5
330
0
100
AcDbSymbolTable
 70
9
  0
LTYPE
  5
14
330
5
100
AcDbSymbolTableRecord
100
AcDbLinetypeTableRecord
  2
ByBlock
 70
0
  3

 72
65
 73
0
 40
0.0
  0
LTYPE
  5
15
330
5
100
AcDbSymbolTableRecord
100
AcDbLinetypeTableRecord
  2
ByLayer
 70
0
  3

 72
65
 73
0
 40
0.0
  0
LTYPE
  5
16
330
5
100
AcDbSymbolTableRecord
100
AcDbLinetypeTableRecord
  2
Continuous
 70
0
  3
Solid line
 72
65
 73
0
 40
0.0
  0
LTYPE
  5
5E
330
5
100
AcDbSymbolTableRecord
100
AcDbLinetypeTableRecord
  2
HIDDEN
 70
0
  3
Hidden __ __ __ __ __ __ __ __ __ __ __ __ __ __
 72
65
 73
2
 40
1.905
 49
1.27
 74
0
 49
-0.635
 74
0
  0
LTYPE
  5
5F
330
5
100
AcDbSymbolTableRecord
100
AcDbLinetypeTableRecord
  2
PHANTOM
 70
0
  3
Phantom ______  __  __  ______  __  __  ______
 72
65
 73
6
 40
12.7
 49
6.349999999999999
 74
0
 49
-1.27
 74
0
 49
1.27
 74
0
 49
-1.27
 74
0
 49
1.27
 74
0
 49
-1.27
 74
0
  0
LTYPE
  5
60
330
5
100
AcDbSymbolTableRecord
100
AcDbLinetypeTableRecord
  2
CENTER
 70
0
  3
Center ____ _ ____ _ ____ _ ____ _ ____ _ ____
 72
65
 73
4
 40
10.16
 49
6.349999999999999
 74
0
 49
-1.27
 74
0
 49
1.27
 74
0
 49
-1.27
 74
0
  0
LTYPE
  5
61
330
5
100
AcDbSymbolTableRecord
100
AcDbLinetypeTableRecord
  2
CENTERX2
 70
0
  3
Center (2x) ________  __  ________  __  _____
 72
65
 73
4
 40
20.32
 49
12.7
 74
0
 49
-2.54
 74
0
 49
2.54
 74
0
 49
-2.54
 74
0
  0
LTYPE
  5
62
330
5
100
AcDbSymbolTableRecord
100
AcDbLinetypeTableRecord
  2
DOT2
 70
0
  3
Dot (.5x) ........................................
 72
65
 73
2
 40
0.635
 49
0.0
 74
0
 49
-0.635
 74
0
  0
LTYPE
  5
1BD
330
5
100
AcDbSymbolTableRecord
100
AcDbLinetypeTableRecord
  2
JIS_02_0.7
 70
0
  3
HIDDEN0.75 _ _ _ _ _ _ _ _ _ _ _ _ _ _ _ _ _
 72
65
 73
2
 40
1.35
 49
0.75
 74
0
 49
-0.6
 74
0
  0
ENDTAB
  0
TABLE
  2
LAYER
  5
2
102
{ACAD_XDICTIONARY
360
26F
102
}
330
0
100
AcDbSymbolTable
 70
15
  0
LAYER
  5
10
102
{ACAD_XDICTIONARY
360
250
102
}
330
2
100
AcDbSymbolTableRecord
100
AcDbLayerTableRecord
  2
0
 70
0
 62
7
  6
Continuous
370
-3
390
F
347
189
348
0
  0
LAYER
  5
63
102
{ACAD_XDICTIONARY
360
252
102
}
330
2
100
AcDbSymbolTableRecord
100
AcDbLayerTableRecord
  2
粗实线层
 70
0
 62
7
  6
Continuous
370
25
390
F
347
189
348
0
  0
LAYER
  5
64
102
{ACAD_XDICTIONARY
360
254
102
}
330
2
100
AcDbSymbolTableRecord
100
AcDbLayerTableRecord
  2
细实线层
 70
0
 62
7
  6
Continuous
370
-3
390
F
347
189
348
0
  0
LAYER
  5
65
102
{ACAD_XDICTIONARY
360
256
102
}
330
2
100
AcDbSymbolTableRecord
100
AcDbLayerTableRecord
  2
中心线层
 70
0
 62
7
  6
CENTERX2
370
-3
390
F
347
189
348
0
  0
LAYER
  5
66
102
{ACAD_XDICTIONARY
360
258
102
}
330
2
100
AcDbSymbolTableRecord
100
AcDbLayerTableRecord
  2
虚线层
 70
0
 62
7
  6
HIDDEN
370
-3
390
F
347
189
348
0
  0
LAYER
  5
67
102
{ACAD_XDICTIONARY
360
25A
102
}
330
2
100
AcDbSymbolTableRecord
100
AcDbLayerTableRecord
  2
双点划线层
 70
0
 62
7
  6
PHANTOM
370
-3
390
F
347
189
348
0
  0
LAYER
  5
68
102
{ACAD_XDICTIONARY
360
25C
102
}
330
2
100
AcDbSymbolTableRecord
100
AcDbLayerTableRecord
  2
点划线层
 70
0
 62
7
  6
CENTER
370
-3
390
F
347
189
348
0
  0
LAYER
  5
69
102
{ACAD_XDICTIONARY
360
25E
102
}
330
2
100
AcDbSymbolTableRecord
100
AcDbLayerTableRecord
  2
图框
 70
0
 62
7
  6
Continuous
370
-3
390
F
347
189
348
0
  0
LAYER
  5
6A
102
{ACAD_XDICTIONARY
360
260
102
}
330
2
100
AcDbSymbolTableRecord
100
AcDbLayerTableRecord
  2
轮廓实线层
 70
0
 62
7
  6
Continuous
370
50
390
F
347
189
348
0
  0
LAYER
  5
6B
102
{ACAD_XDICTIONARY
360
262
102
}
330
2
100
AcDbSymbolTableRecord
100
AcDbLayerTableRecord
  2
细线层
 70
0
 62
4
  6
Continuous
370
25
390
F
347
189
348
0
  0
LAYER
  5
6C
102
{ACAD_XDICTIONARY
360
264
102
}
330
2
100
AcDbSymbolTableRecord
100
AcDbLayerTableRecord
  2
剖面线层
 70
0
 62
2
  6
Continuous
370
25
390
F
347
189
348
0
  0
LAYER
  5
6D
102
{ACAD_XDICTIONARY
360
266
102
}
330
2
100
AcDbSymbolTableRecord
100
AcDbLayerTableRecord
  2
文字层
 70
0
 62
3
  6
Continuous
370
25
390
F
347
189
348
0
  0
LAYER
  5
6E
102
{ACAD_XDICTIONARY
360
268
102
}
330
2
100
AcDbSymbolTableRecord
100
AcDbLayerTableRecord
  2
标注层
 70
0
 62
4
  6
Continuous
370
25
390
F
347
189
348
0
  0
LAYER
  5
6F
102
{ACAD_XDICTIONARY
360
26A
102
}
330
2
100
AcDbSymbolTableRecord
100
AcDbLayerTableRecord
  2
符号标注层
 70
0
 62
31
  6
Continuous
370
25
390
F
347
189
348
0
  0
LAYER
  5
1D4
330
2
100
AcDbSymbolTableRecord
100
AcDbLayerTableRecord
  2
Defpoints
 70
0
 62
7
  6
Continuous
290
0
370
-3
390
F
347
189
348
0
  0
ENDTAB
  0
TABLE
  2
STYLE
  5
3
330
0
100
AcDbSymbolTable
 70
4
  0
STYLE
  5
11
330
3
100
AcDbSymbolTableRecord
100
AcDbTextStyleTableRecord
  2
STANDARD
 70
0
 40
0.0
 41
1.0
 50
0.0
 71
0
 42
3.5
  3
hyswlongfangsong.ttf
  4

1001
ACAD
1000
汉仪长仿宋体
1071
34306
  0
STYLE
  5
B3
330
3
100
AcDbSymbolTableRecord
100
AcDbTextStyleTableRecord
  2
SLDTEXTSTYLE0
 70
0
 40
0.0
 41
1.0
 50
0.0
 71
0
 42
3.5
  3
txt.shx
  4
bigfont
1001
ACAD
1000
长仿宋体
1071
256
  0
STYLE
  5
B5
330
3
100
AcDbSymbolTableRecord
100
AcDbTextStyleTableRecord
  2
SLDTEXTSTYLE1
 70
0
 40
0.0
 41
1.0
 50
0.0
 71
0
 42
3.5
  3
hyswlongfangsong.ttf
  4
bigfont
1001
ACAD
1000
汉仪长仿宋体
1071
258
  0
STYLE
  5
D2
330
3
100
AcDbSymbolTableRecord
100
AcDbTextStyleTableRecord
  2
SLDTEXTSTYLE2
 70
0
 40
0.0
 41
1.0
 50
0.0
 71
0
 42
3.5
  3
hyswlongfangsong.ttf
  4

1001
ACAD
1000
汉仪长仿宋体
1071
258
  0
STYLE
  5
1BC
330
3
100
AcDbSymbolTableRecord
100
AcDbTextStyleTableRecord
  2

 70
1
 40
0.0
 41
1.0
 50
0.0
 71
0
 42
3.5
  3
ltypeshp.shx
  4

  0
ENDTAB
  0
TABLE
  2
VIEW
  5
6
330
0
100
AcDbSymbolTable
 70
0
  0
ENDTAB
  0
TABLE
  2
UCS
  5
7
330
0
100
AcDbSymbolTable
 70
0
  0
ENDTAB
  0
TABLE
  2
APPID
  5
9
330
0
100
AcDbSymbolTable
 70
10
  0
APPID
  5
12
330
9
100
AcDbSymbolTableRecord
100
AcDbRegAppTableRecord
  2
ACAD
 70
0
  0
APPID
  5
1BE
330
9
100
AcDbSymbolTableRecord
100
AcDbRegAppTableRecord
  2
ACAD_EXEMPT_FROM_CAD_STANDARDS
 70
0
  0
APPID
  5
1D1
330
9
100
AcDbSymbolTableRecord
100
AcDbRegAppTableRecord
  2
ACAD_DSTYLE_DIMRADIAL_EXTENSION
 70
0
  0
APPID
  5
1D2
330
9
100
AcDbSymbolTableRecord
100
AcDbRegAppTableRecord
  2
Acad_TC
 70
0
  0
APPID
  5
275
330
9
100
AcDbSymbolTableRecord
100
AcDbRegAppTableRecord
  2
ACAD_NAV_VCDISPLAY
 70
0
  0
APPID
  5
2E3
330
9
100
AcDbSymbolTableRecord
100
AcDbRegAppTableRecord
  2
AcadAnnoMonitorAlertIconDisabled
 70
0
  0
APPID
  5
5C5
330
9
100
AcDbSymbolTableRecord
100
AcDbRegAppTableRecord
  2
ACAD_DSTYLE_DIMJAG
 70
0
  0
APPID
  5
5C6
330
9
100
AcDbSymbolTableRecord
100
AcDbRegAppTableRecord
  2
ACAD_DSTYLE_DIMTALN
 70
0
  0
APPID
  5
6B9
330
9
100
AcDbSymbolTableRecord
100
AcDbRegAppTableRecord
  2
HATCHBACKGROUNDCOLOR
 70
0
  0
APPID
  5
6BA
330
9
100
AcDbSymbolTableRecord
100
AcDbRegAppTableRecord
  2
EZDXF
 70
0
  0
ENDTAB
  0
TABLE
  2
DIMSTYLE
  5
A
330
0
100
AcDbSymbolTable
 70
2
100
AcDbDimStyleTable
  0
DIMSTYLE
105
27
102
{ACAD_REACTORS
330
5C7
330
5D4
330
5E1
330
5EE
330
5FE
330
60B
330
619
330
627
330
636
102
}
330
A
100
AcDbSymbolTableRecord
100
AcDbDimStyleTableRecord
  2
ISO-25
 70
0
 40
1.0
 41
2.5
 42
0.625
 43
3.75
 44
1.25
 45
0.0
 46
0.0
 47
0.0
 48
0.0
 49
2.5
140
2.5
141
2.5
142
0.0
143
0.03937007874016
144
1.0
145
0.0
146
1.0
147
0.625
148
0.0
 69
0
 70
0
 71
0
 72
0
 73
0
 74
0
 75
0
 76
0
 77
1
 78
8
 79
3
170
0
171
3
172
1
173
0
174
0
175
0
176
0
177
0
178
0
179
2
271
2
272
2
273
2
274
3
275
0
276
0
277
2
278
44
279
0
280
0
281
0
282
0
283
0
284
8
285
0
286
0
288
0
289
3
290
0
340
11
371
-2
372
-2
  0
DIMSTYLE
105
66B
330
A
100
AcDbSymbolTableRecord
100
AcDbDimStyleTableRecord
  2
Standard
 70
0
 40
1.0
 41
2.5
 42
0.625
 43
3.75
 44
1.25
 45
0.0
 46
0.0
 47
0.0
 48
0.0
 49
2.5
140
2.5
141
2.5
142
0.0
143
0.03937007874
144
1.0
145
0.0
146
1.0
147
0.625
148
0.0
 69
0
 70
0
 71
0
 72
0
 73
0
 74
0
 75
0
 76
0
 77
1
 78
8
 79
3
170
0
171
3
172
1
173
0
174
0
175
0
176
0
177
0
178
0
179
2
271
2
272
2
273
2
274
3
275
0
276
0
277
2
278
44
279
0
280
0
281
0
282
0
283
0
284
8
285
0
286
0
288
0
289
3
290
0
371
-2
372
-2
  0
ENDTAB
  0
TABLE
  2
BLOCK_RECORD
  5
1
330
0
100
AcDbSymbolTable
 70
17
  0
BLOCK_RECORD
  5
1F
102
{ACAD_XDICTIONARY
360
1CA
102
}
330
1
100
AcDbSymbolTableRecord
100
AcDbBlockTableRecord
  2
*Model_Space
340
22
 70
0
280
1
281
0
  0
BLOCK_RECORD
  5
1B
330
1
100
AcDbSymbolTableRecord
100
AcDbBlockTableRecord
  2
*Paper_Space
340
1E
 70
0
280
1
281
0
  0
BLOCK_RECORD
  5
23
330
1
100
AcDbSymbolTableRecord
100
AcDbBlockTableRecord
  2
*Paper_Space0
340
26
 70
0
280
1
281
0
  0
BLOCK_RECORD
  5
F1
330
1
100
AcDbSymbolTableRecord
100
AcDbBlockTableRecord
  2
SW_CENTERMARKSYMBOL_0
340
0
 70
0
280
1
281
0
  0
BLOCK_RECORD
  5
FD
330
1
100
AcDbSymbolTableRecord
100
AcDbBlockTableRecord
  2
SW_CENTERMARKSYMBOL_1
340
0
 70
0
280
1
281
0
  0
BLOCK_RECORD
  5
109
330
1
100
AcDbSymbolTableRecord
100
AcDbBlockTableRecord
  2
SW_CENTERMARKSYMBOL_2
340
0
 70
0
280
1
281
0
  0
BLOCK_RECORD
  5
115
330
1
100
AcDbSymbolTableRecord
100
AcDbBlockTableRecord
  2
SW_CENTERMARKSYMBOL_3
340
0
 70
0
280
1
281
0
  0
BLOCK_RECORD
  5
5C8
330
1
100
AcDbSymbolTableRecord
100
AcDbBlockTableRecord
  2
*D14
340
0
 70
0
280
1
281
0
  0
BLOCK_RECORD
  5
5D5
330
1
100
AcDbSymbolTableRecord
100
AcDbBlockTableRecord
  2
*D15
340
0
 70
0
280
1
281
0
  0
BLOCK_RECORD
  5
5E2
330
1
100
AcDbSymbolTableRecord
100
AcDbBlockTableRecord
  2
*D16
340
0
 70
0
280
1
281
0
  0
BLOCK_RECORD
  5
5EF
330
1
100
AcDbSymbolTableRecord
100
AcDbBlockTableRecord
  2
*D17
340
0
 70
0
280
1
281
0
  0
BLOCK_RECORD
  5
5FF
330
1
100
AcDbSymbolTableRecord
100
AcDbBlockTableRecord
  2
*D18
340
0
 70
0
280
1
281
0
  0
BLOCK_RECORD
  5
60C
330
1
100
AcDbSymbolTableRecord
100
AcDbBlockTableRecord
  2
*D19
340
0
 70
0
280
1
281
0
  0
BLOCK_RECORD
  5
61A
330
1
100
AcDbSymbolTableRecord
100
AcDbBlockTableRecord
  2
*D20
340
0
 70
0
280
1
281
0
  0
BLOCK_RECORD
  5
628
330
1
100
AcDbSymbolTableRecord
100
AcDbBlockTableRecord
  2
*D21
340
0
 70
0
280
1
281
0
  0
BLOCK_RECORD
  5
637
330
1
100
AcDbSymbolTableRecord
100
AcDbBlockTableRecord
  2
*D22
340
0
 70
0
280
1
281
0
  0
BLOCK_RECORD
  5
66C
330
1
100
AcDbSymbolTableRecord
100
AcDbBlockTableRecord
  2
HH_FRAME_A4
340
0
 70
0
280
1
281
0
  0
ENDTAB
  0
ENDSEC
  0
SECTION
  2
BLOCKS
  0
BLOCK
  5
20
330
1F
100
AcDbEntity
  8
0
100
AcDbBlockBegin
  2
*Model_Space
 70
0
 10
0.0
 20
0.0
 30
0.0
  3
*Model_Space
  1

  0
ENDBLK
  5
21
330
1F
100
AcDbEntity
  8
0
100
AcDbBlockEnd
  0
BLOCK
  5
1C
330
1B
100
AcDbEntity
 67
1
  8
0
100
AcDbBlockBegin
  2
*Paper_Space
 70
0
 10
0.0
 20
0.0
 30
0.0
  3
*Paper_Space
  1

  0
ENDBLK
  5
1D
330
1B
100
AcDbEntity
 67
1
  8
0
100
AcDbBlockEnd
  0
BLOCK
  5
24
330
23
100
AcDbEntity
 67
1
  8
0
100
AcDbBlockBegin
  2
*Paper_Space0
 70
0
 10
0.0
 20
0.0
 30
0.0
  3
*Paper_Space0
  1

  0
ENDBLK
  5
25
330
23
100
AcDbEntity
 67
1
  8
0
100
AcDbBlockEnd
  0
BLOCK
  5
F2
330
F1
100
AcDbEntity
  8
0
100
AcDbBlockBegin
  2
SW_CENTERMARKSYMBOL_0
 70
0
 10
0.0
 20
0.0
 30
0.0
  3
SW_CENTERMARKSYMBOL_0
  1

  0
LINE
  5
F4
330
F1
100
AcDbEntity
  8
图框
 62
0
100
AcDbLine
 10
0.0
 20
0.0
 30
0.0
 11
0.0
 21
5.000000000000004
 31
0.0
  0
LINE
  5
F5
330
F1
100
AcDbEntity
  8
图框
 62
0
100
AcDbLine
 10
0.0
 20
0.0
 30
0.0
 11
-5.000000000000004
 21
0.0
 31
0.0
  0
LINE
  5
F6
330
F1
100
AcDbEntity
  8
图框
 62
0
100
AcDbLine
 10
0.0
 20
0.0
 30
0.0
 11
0.0
 21
-5.000000000000004
 31
0.0
  0
LINE
  5
F7
330
F1
100
AcDbEntity
  8
图框
 62
0
100
AcDbLine
 10
0.0
 20
0.0
 30
0.0
 11
5.000000000000004
 21
0.0
 31
0.0
  0
LINE
  5
F8
330
F1
100
AcDbEntity
  8
图框
 62
0
100
AcDbLine
 10
0.0
 20
10.00000000000001
 30
0.0
 11
0.0
 21
11.00000000000001
 31
0.0
  0
LINE
  5
F9
330
F1
100
AcDbEntity
  8
图框
 62
0
100
AcDbLine
 10
-10.0
 20
0.0
 30
0.0
 11
-11.0
 21
0.0
 31
0.0
  0
LINE
  5
FA
330
F1
100
AcDbEntity
  8
图框
 62
0
100
AcDbLine
 10
0.0
 20
-10.00000000000001
 30
0.0
 11
0.0
 21
-11.00000000000001
 31
0.0
  0
LINE
  5
FB
330
F1
100
AcDbEntity
  8
图框
 62
0
100
AcDbLine
 10
9.999999999999995
 20
0.0
 30
0.0
 11
10.99999999999999
 21
0.0
 31
0.0
  0
ENDBLK
  5
F3
330
F1
100
AcDbEntity
  8
0
100
AcDbBlockEnd
  0
BLOCK
  5
FE
330
FD
100
AcDbEntity
  8
0
100
AcDbBlockBegin
  2
SW_CENTERMARKSYMBOL_1
 70
0
 10
0.0
 20
0.0
 30
0.0
  3
SW_CENTERMARKSYMBOL_1
  1

  0
LINE
  5
100
330
FD
100
AcDbEntity
  8
图框
 62
0
100
AcDbLine
 10
0.0
 20
0.0
 30
0.0
 11
0.0
 21
5.000000000000004
 31
0.0
  0
LINE
  5
101
330
FD
100
AcDbEntity
  8
图框
 62
0
100
AcDbLine
 10
0.0
 20
0.0
 30
0.0
 11
-5.000000000000004
 21
0.0
 31
0.0
  0
LINE
  5
102
330
FD
100
AcDbEntity
  8
图框
 62
0
100
AcDbLine
 10
0.0
 20
0.0
 30
0.0
 11
0.0
 21
-5.000000000000004
 31
0.0
  0
LINE
  5
103
330
FD
100
AcDbEntity
  8
图框
 62
0
100
AcDbLine
 10
0.0
 20
0.0
 30
0.0
 11
5.000000000000004
 21
0.0
 31
0.0
  0
LINE
  5
104
330
FD
100
AcDbEntity
  8
图框
 62
0
100
AcDbLine
 10
0.0
 20
5.000000000000004
 30
0.0
 11
0.0
 21
7.600000000000023
 31
0.0
  0
LINE
  5
105
330
FD
100
AcDbEntity
  8
图框
 62
0
100
AcDbLine
 10
-5.000000000000004
 20
0.0
 30
0.0
 11
-7.599999999999996
 21
0.0
 31
0.0
  0
LINE
  5
106
330
FD
100
AcDbEntity
  8
图框
 62
0
100
AcDbLine
 10
0.0
 20
-5.000000000000004
 30
0.0
 11
0.0
 21
-7.599999999999996
 31
0.0
  0
LINE
  5
107
330
FD
100
AcDbEntity
  8
图框
 62
0
100
AcDbLine
 10
5.000000000000004
 20
0.0
 30
0.0
 11
7.599999999999996
 21
0.0
 31
0.0
  0
ENDBLK
  5
FF
330
FD
100
AcDbEntity
  8
0
100
AcDbBlockEnd
  0
BLOCK
  5
10A
330
109
100
AcDbEntity
  8
0
100
AcDbBlockBegin
  2
SW_CENTERMARKSYMBOL_2
 70
0
 10
0.0
 20
0.0
 30
0.0
  3
SW_CENTERMARKSYMBOL_2
  1

  0
LINE
  5
10C
330
109
100
AcDbEntity
  8
图框
 62
0
100
AcDbLine
 10
0.0
 20
0.0
 30
0.0
 11
0.0
 21
5.000000000000004
 31
0.0
  0
LINE
  5
10D
330
109
100
AcDbEntity
  8
图框
 62
0
100
AcDbLine
 10
0.0
 20
0.0
 30
0.0
 11
-5.000000000000004
 21
0.0
 31
0.0
  0
LINE
  5
10E
330
109
100
AcDbEntity
  8
图框
 62
0
100
AcDbLine
 10
0.0
 20
0.0
 30
0.0
 11
0.0
 21
-5.000000000000004
 31
0.0
  0
LINE
  5
10F
330
109
100
AcDbEntity
  8
图框
 62
0
100
AcDbLine
 10
0.0
 20
0.0
 30
0.0
 11
5.000000000000004
 21
0.0
 31
0.0
  0
LINE
  5
110
330
109
100
AcDbEntity
  8
图框
 62
0
100
AcDbLine
 10
0.0
 20
5.000000000000004
 30
0.0
 11
0.0
 21
7.600000000001328
 31
0.0
  0
LINE
  5
111
330
109
100
AcDbEntity
  8
图框
 62
0
100
AcDbLine
 10
-5.000000000000004
 20
0.0
 30
0.0
 11
-7.600000000001314
 21
0.0
 31
0.0
  0
LINE
  5
112
330
109
100
AcDbEntity
  8
图框
 62
0
100
AcDbLine
 10
0.0
 20
-5.000000000000004
 30
0.0
 11
0.0
 21
-7.600000000001299
 31
0.0
  0
LINE
  5
113
330
109
100
AcDbEntity
  8
图框
 62
0
100
AcDbLine
 10
5.000000000000004
 20
0.0
 30
0.0
 11
7.600000000001314
 21
0.0
 31
0.0
  0
ENDBLK
  5
10B
330
109
100
AcDbEntity
  8
0
100
AcDbBlockEnd
  0
BLOCK
  5
116
330
115
100
AcDbEntity
  8
0
100
AcDbBlockBegin
  2
SW_CENTERMARKSYMBOL_3
 70
0
 10
0.0
 20
0.0
 30
0.0
  3
SW_CENTERMARKSYMBOL_3
  1

  0
LINE
  5
118
330
115
100
AcDbEntity
  8
图框
 62
0
100
AcDbLine
 10
0.0
 20
0.0
 30
0.0
 11
0.0
 21
5.000000000000004
 31
0.0
  0
LINE
  5
119
330
115
100
AcDbEntity
  8
图框
 62
0
100
AcDbLine
 10
0.0
 20
0.0
 30
0.0
 11
-5.000000000000004
 21
0.0
 31
0.0
  0
LINE
  5
11A
330
115
100
AcDbEntity
  8
图框
 62
0
100
AcDbLine
 10
0.0
 20
0.0
 30
0.0
 11
0.0
 21
-5.000000000000004
 31
0.0
  0
LINE
  5
11B
330
115
100
AcDbEntity
  8
图框
 62
0
100
AcDbLine
 10
0.0
 20
0.0
 30
0.0
 11
4.999999999999997
 21
0.0
 31
0.0
  0
LINE
  5
11C
330
115
100
AcDbEntity
  8
图框
 62
0
100
AcDbLine
 10
0.0
 20
5.000000000000004
 30
0.0
 11
0.0
 21
7.600000000001911
 31
0.0
  0
LINE
  5
11D
330
115
100
AcDbEntity
  8
图框
 62
0
100
AcDbLine
 10
-5.000000000000004
 20
0.0
 30
0.0
 11
-7.600000000001924
 21
0.0
 31
0.0
  0
LINE
  5
11E
330
115
100
AcDbEntity
  8
图框
 62
0
100
AcDbLine
 10
0.0
 20
-5.000000000000004
 30
0.0
 11
0.0
 21
-7.600000000001938
 31
0.0
  0
LINE
  5
11F
330
115
100
AcDbEntity
  8
图框
 62
0
100
AcDbLine
 10
4.999999999999997
 20
0.0
 30
0.0
 11
7.600000000001924
 21
0.0
 31
0.0
  0
ENDBLK
  5
117
330
115
100
AcDbEntity
  8
0
100
AcDbBlockEnd
  0
BLOCK
  5
5C9
330
5C8
100
AcDbEntity
  8
0
100
AcDbBlockBegin
  2
*D14
 70
1
 10
0.0
 20
0.0
 30
0.0
  3
*D14
  1

  0
LINE
  5
5CB
330
5C8
100
AcDbEntity
  8
0
 62
0
370
-2
440
16777216
100
AcDbLine
 10
131.5997225078144
 20
183.1212480831895
 30
0.0
 11
124.0155826476745
 21
183.1212480831895
 31
0.0
  0
LINE
  5
5CC
330
5C8
100
AcDbEntity
  8
0
 62
0
370
-2
440
16777216
100
AcDbLine
 10
124.0155826476745
 20
183.1212480831895
 30
0.0
 11
89.78331046231008
 21
160.6695811247236
 31
0.0
  0
LINE
  5
5CD
330
5C8
100
AcDbEntity
  8
0
 62
0
370
-2
440
16777216
100
AcDbLine
 10
54.52926709705515
 20
137.5477726660255
 30
0.0
 11
51.11758548106274
 21
135.3101782990547
 31
0.0
  0
MTEXT
  5
5CE
330
5C8
100
AcDbEntity
  8
0
 62
0
440
16777216
100
AcDbMText
 10
128.5696525777445
 20
186.7721711601126
 30
0.0
 40
3.5
 41
0.0
 46
0.0
 71
5
  1
∅17
  0
LINE
  5
5CF
330
5C8
100
AcDbEntity
  8
0
 62
0
370
-2
440
16777216
100
AcDbLine
 10
57.94094871304755
 20
139.7853670329963
 30
0.0
 11
86.37162884631766
 21
158.4319867577528
 31
0.0
  0
SOLID
  5
5D0
330
5C8
100
AcDbEntity
  8
0
 62
0
440
16777216
100
AcDbTrace
 10
54.15633470256
 20
138.1163862686908
 30
0.0
 11
54.90219949155028
 21
136.97915906336
 31
0.0
 12
57.94094871304755
 22
139.7853670329963
 32
0.0
 13
57.94094871304755
 23
139.7853670329963
 33
0.0
  0
SOLID
  5
5D1
330
5C8
100
AcDbEntity
  8
0
 62
0
440
16777216
100
AcDbTrace
 10
89.41037806781495
 20
161.238194727389
 30
0.0
 11
90.1562428568052
 21
160.1009675220582
 31
0.0
 12
86.37162884631766
 22
158.4319867577528
 32
0.0
 13
86.37162884631766
 23
158.4319867577528
 33
0.0
  0
POINT
  5
5D2
330
5C8
100
AcDbEntity
  8
Defpoints
 62
0
440
16777216
100
AcDbPoint
 10
86.37162884631766
 20
158.4319867577528
 30
0.0
  0
POINT
  5
5D3
330
5C8
100
AcDbEntity
  8
Defpoints
 62
0
440
16777216
100
AcDbPoint
 10
57.94094871304755
 20
139.7853670329963
 30
0.0
  0
ENDBLK
  5
5CA
330
5C8
100
AcDbEntity
  8
0
100
AcDbBlockEnd
  0
BLOCK
  5
5D6
330
5D5
100
AcDbEntity
  8
0
100
AcDbBlockBegin
  2
*D15
 70
1
 10
0.0
 20
0.0
 30
0.0
  3
*D15
  1

  0
LINE
  5
5D8
330
5D5
100
AcDbEntity
  8
0
 62
0
370
-2
440
16777216
100
AcDbLine
 10
143.5775057050657
 20
173.7693946044752
 30
0.0
 11
136.1304287819887
 21
173.7693946044752
 31
0.0
  0
LINE
  5
5D9
330
5D5
100
AcDbEntity
  8
0
 62
0
370
-2
440
16777216
100
AcDbLine
 10
136.1304287819887
 20
173.7693946044752
 30
0.0
 11
88.09321326017411
 21
155.2520341292582
 31
0.0
  0
LINE
  5
5DA
330
5D5
100
AcDbEntity
  8
0
 62
0
370
-2
440
16777216
100
AcDbLine
 10
56.21936429919113
 20
142.9653196614908
 30
0.0
 11
52.41241746778568
 21
141.4978198070268
 31
0.0
  0
MTEXT
  5
5DB
330
5D5
100
AcDbEntity
  8
0
 62
0
440
16777216
100
AcDbMText
 10
140.6159672435272
 20
177.4203176813982
 30
0.0
 40
3.5
 41
0.0
 46
0.0
 71
5
  1
∅13
  0
LINE
  5
5DC
330
5D5
100
AcDbEntity
  8
0
 62
0
370
-2
440
16777216
100
AcDbLine
 10
60.0263111305966
 20
144.4328195159549
 30
0.0
 11
84.28626642876864
 21
153.7845342747942
 31
0.0
  0
SOLID
  5
5DD
330
5D5
100
AcDbEntity
  8
0
 62
0
440
16777216
100
AcDbTrace
 10
55.97478099011379
 20
143.5998108000584
 30
0.0
 11
56.46394760826847
 21
142.3308285229233
 31
0.0
 12
60.0263111305966
 22
144.4328195159549
 32
0.0
 13
60.0263111305966
 23
144.4328195159549
 33
0.0
  0
SOLID
  5
5DE
330
5D5
100
AcDbEntity
  8
0
 62
0
440
16777216
100
AcDbTrace
 10
87.84862995109675
 20
155.8865252678258
 30
0.0
 11
88.33779656925145
 21
154.6175429906907
 31
0.0
 12
84.28626642876864
 22
153.7845342747942
 32
0.0
 13
84.28626642876864
 23
153.7845342747942
 33
0.0
  0
POINT
  5
5DF
330
5D5
100
AcDbEntity
  8
Defpoints
 62
0
440
16777216
100
AcDbPoint
 10
84.28626642876864
 20
153.7845342747942
 30
0.0
  0
POINT
  5
5E0
330
5D5
100
AcDbEntity
  8
Defpoints
 62
0
440
16777216
100
AcDbPoint
 10
60.0263111305966
 20
144.4328195159549
 30
0.0
  0
ENDBLK
  5
5D7
330
5D5
100
AcDbEntity
  8
0
100
AcDbBlockEnd
  0
BLOCK
  5
5E3
330
5E2
100
AcDbEntity
  8
0
100
AcDbBlockBegin
  2
*D16
 70
1
 10
0.0
 20
0.0
 30
0.0
  3
*D16
  1

  0
LINE
  5
5E5
330
5E2
100
AcDbEntity
  8
0
 62
0
370
-2
440
16777216
100
AcDbLine
 10
148.8016790600608
 20
166.0960786449603
 30
0.0
 11
143.087469269851
 21
166.0960786449603
 31
0.0
  0
LINE
  5
5E6
330
5E2
100
AcDbEntity
  8
0
 62
0
370
-2
440
16777216
100
AcDbLine
 10
143.087469269851
 20
166.0960786449603
 30
0.0
 11
81.95908323651963
 21
151.4563610387392
 31
0.0
  0
LINE
  5
5E7
330
5E2
100
AcDbEntity
  8
0
 62
0
370
-2
440
16777216
100
AcDbLine
 10
62.35349432284561
 20
146.7609927520099
 30
0.0
 11
58.38569656650681
 21
145.8107396463623
 31
0.0
  0
MTEXT
  5
5E8
330
5E2
100
AcDbEntity
  8
0
 62
0
440
16777216
100
AcDbMText
 10
146.7065741649559
 20
169.7470017218834
 30
0.0
 40
3.5
 41
0.0
 46
0.0
 71
5
  1
∅6
  0
LINE
  5
5E9
330
5E2
100
AcDbEntity
  8
0
 62
0
370
-2
440
16777216
100
AcDbLine
 10
66.32129207918437
 20
147.7112458576575
 30
0.0
 11
77.99128548018085
 21
150.5061079330916
 31
0.0
  0
SOLID
  5
5EA
330
5E2
100
AcDbEntity
  8
0
 62
0
440
16777216
100
AcDbTrace
 10
62.19511880523767
 20
147.4222923780664
 30
0.0
 11
62.51186984045354
 21
146.0996931259534
 31
0.0
 12
66.32129207918437
 22
147.7112458576575
 32
0.0
 13
66.32129207918437
 23
147.7112458576575
 33
0.0
  0
SOLID
  5
5EB
330
5E2
100
AcDbEntity
  8
0
 62
0
440
16777216
100
AcDbTrace
 10
81.8007077189117
 20
152.1176606647956
 30
0.0
 11
82.11745875412757
 21
150.7950614126827
 31
0.0
 12
77.99128548018085
 22
150.5061079330916
 32
0.0
 13
77.99128548018085
 23
150.5061079330916
 33
0.0
  0
POINT
  5
5EC
330
5E2
100
AcDbEntity
  8
Defpoints
 62
0
440
16777216
100
AcDbPoint
 10
77.99128548018085
 20
150.5061079330916
 30
0.0
  0
POINT
  5
5ED
330
5E2
100
AcDbEntity
  8
Defpoints
 62
0
440
16777216
100
AcDbPoint
 10
66.32129207918437
 20
147.7112458576575
 30
0.0
  0
ENDBLK
  5
5E4
330
5E2
100
AcDbEntity
  8
0
100
AcDbBlockEnd
  0
BLOCK
  5
5F0
330
5EF
100
AcDbEntity
  8
0
100
AcDbBlockBegin
  2
*D17
 70
1
 10
0.0
 20
0.0
 30
0.0
  3
*D17
  1

  0
LINE
  5
5F2
330
5EF
100
AcDbEntity
  8
0
 62
0
370
-2
440
16777216
100
AcDbLine
 10
42.15628877968263
 20
92.88442060246842
 30
0.0
 11
32.70178036808376
 21
92.88442060246842
 31
0.0
  0
LINE
  5
5F3
330
5EF
100
AcDbEntity
  8
0
 62
0
370
-2
440
16777216
100
AcDbLine
 10
42.15628877968263
 20
84.88442060246842
 30
0.0
 11
32.70178036808376
 21
84.88442060246842
 31
0.0
  0
LINE
  5
5F4
330
5EF
100
AcDbEntity
  8
0
 62
0
370
-2
440
16777216
100
AcDbLine
 10
34.70178036808376
 20
96.96442060246845
 30
0.0
 11
34.70178036808376
 21
101.0444206024684
 31
0.0
  0
LINE
  5
5F5
330
5EF
100
AcDbEntity
  8
0
 62
0
370
-2
440
16777216
100
AcDbLine
 10
34.70178036808376
 20
80.80442060246843
 30
0.0
 11
34.70178036808377
 21
76.72442060246843
 31
0.0
  0
LINE
  5
5F6
330
5EF
100
AcDbEntity
  8
0
 62
0
370
-2
440
16777216
100
AcDbLine
 10
34.70178036808376
 20
92.88442060246842
 30
0.0
 11
34.70178036808376
 21
92.15842060246842
 31
0.0
  0
LINE
  5
5F7
330
5EF
100
AcDbEntity
  8
0
 62
0
370
-2
440
16777216
100
AcDbLine
 10
34.70178036808376
 20
84.88442060246842
 30
0.0
 11
34.70178036808376
 21
85.61042060246842
 31
0.0
  0
SOLID
  5
5F8
330
5EF
100
AcDbEntity
  8
0
 62
0
440
16777216
100
AcDbTrace
 10
34.02178036808376
 20
96.96442060246845
 30
0.0
 11
35.38178036808376
 21
96.96442060246845
 31
0.0
 12
34.70178036808376
 22
92.88442060246842
 32
0.0
 13
34.70178036808376
 23
92.88442060246842
 33
0.0
  0
SOLID
  5
5F9
330
5EF
100
AcDbEntity
  8
0
 62
0
440
16777216
100
AcDbTrace
 10
34.02178036808376
 20
80.80442060246843
 30
0.0
 11
35.38178036808376
 21
80.80442060246843
 31
0.0
 12
34.70178036808376
 22
84.88442060246842
 32
0.0
 13
34.70178036808376
 23
84.88442060246842
 33
0.0
  0
MTEXT
  5
5FA
330
5EF
100
AcDbEntity
  8
0
 62
0
440
16777216
100
AcDbMText
 10
34.70178036808378
 20
88.8844206024684
 30
0.0
 40
3.5
 41
0.0
 46
0.0
 71
5
  1
4
  0
POINT
  5
5FB
330
5EF
100
AcDbEntity
  8
Defpoints
 62
0
440
16777216
100
AcDbPoint
 10
42.15628877968263
 20
92.88442060246842
 30
0.0
  0
POINT
  5
5FC
330
5EF
100
AcDbEntity
  8
Defpoints
 62
0
440
16777216
100
AcDbPoint
 10
42.15628877968263
 20
84.88442060246842
 30
0.0
  0
POINT
  5
5FD
330
5EF
100
AcDbEntity
  8
Defpoints
 62
0
440
16777216
100
AcDbPoint
 10
34.70178036808376
 20
84.88442060246842
 30
0.0
  0
ENDBLK
  5
5F1
330
5EF
100
AcDbEntity
  8
0
100
AcDbBlockEnd
  0
BLOCK
  5
600
330
5FF
100
AcDbEntity
  8
0
100
AcDbBlockBegin
  2
*D18
 70
1
 10
0.0
 20
0.0
 30
0.0
  3
*D18
  1

  0
LINE
  5
602
330
5FF
100
AcDbEntity
  8
0
 62
0
370
-2
440
16777216
100
AcDbLine
 10
217.1883987409963
 20
166.1086768953746
 30
0.0
 11
217.1883987409963
 21
199.5413023126795
 31
0.0
  0
LINE
  5
603
330
5FF
100
AcDbEntity
  8
0
 62
0
370
-2
440
16777216
100
AcDbLine
 10
245.1883987409964
 20
166.1086768953746
 30
0.0
 11
245.1883987409964
 21
199.5413023126795
 31
0.0
  0
LINE
  5
604
330
5FF
100
AcDbEntity
  8
0
 62
0
370
-2
440
16777216
100
AcDbLine
 10
221.2683987409964
 20
197.5413023126795
 30
0.0
 11
241.1083987409963
 21
197.5413023126795
 31
0.0
  0
SOLID
  5
605
330
5FF
100
AcDbEntity
  8
0
 62
0
440
16777216
100
AcDbTrace
 10
221.2683987409964
 20
198.2213023126795
 30
0.0
 11
221.2683987409964
 21
196.8613023126795
 31
0.0
 12
217.1883987409963
 22
197.5413023126795
 32
0.0
 13
217.1883987409963
 23
197.5413023126795
 33
0.0
  0
SOLID
  5
606
330
5FF
100
AcDbEntity
  8
0
 62
0
440
16777216
100
AcDbTrace
 10
241.1083987409963
 20
198.2213023126795
 30
0.0
 11
241.1083987409963
 21
196.8613023126795
 31
0.0
 12
245.1883987409964
 22
197.5413023126795
 32
0.0
 13
245.1883987409964
 23
197.5413023126795
 33
0.0
  0
MTEXT
  5
607
330
5FF
100
AcDbEntity
  8
0
 62
0
440
16777216
100
AcDbMText
 10
231.1883987409963
 20
200.8153023126795
 30
0.0
 40
3.5
 41
0.0
 46
0.0
 71
5
  1
14
  0
POINT
  5
608
330
5FF
100
AcDbEntity
  8
Defpoints
 62
0
440
16777216
100
AcDbPoint
 10
217.1883987409963
 20
166.1086768953746
 30
0.0
  0
POINT
  5
609
330
5FF
100
AcDbEntity
  8
Defpoints
 62
0
440
16777216
100
AcDbPoint
 10
245.1883987409964
 20
166.1086768953746
 30
0.0
  0
POINT
  5
60A
330
5FF
100
AcDbEntity
  8
Defpoints
 62
0
440
16777216
100
AcDbPoint
 10
245.1883987409964
 20
197.5413023126795
 30
0.0
  0
ENDBLK
  5
601
330
5FF
100
AcDbEntity
  8
0
100
AcDbBlockEnd
  0
BLOCK
  5
60D
330
60C
100
AcDbEntity
  8
0
100
AcDbBlockBegin
  2
*D19
 70
1
 10
0.0
 20
0.0
 30
0.0
  3
*D19
  1

  0
LINE
  5
60F
330
60C
100
AcDbEntity
  8
0
 62
0
370
-2
440
16777216
100
AcDbLine
 10
245.1883987409964
 20
108.2342368286343
 30
0.0
 11
269.8852447267708
 21
108.2342368286343
 31
0.0
  0
LINE
  5
610
330
60C
100
AcDbEntity
  8
0
 62
0
370
-2
440
16777216
100
AcDbLine
 10
245.1883987409964
 20
82.23423682863424
 30
0.0
 11
269.8852447267708
 21
82.23423682863424
 31
0.0
  0
LINE
  5
611
330
60C
100
AcDbEntity
  8
0
 62
0
370
-2
440
16777216
100
AcDbLine
 10
267.8852447267708
 20
104.1542368286343
 30
0.0
 11
267.8852447267708
 21
98.50823682863428
 31
0.0
  0
LINE
  5
612
330
60C
100
AcDbEntity
  8
0
 62
0
370
-2
440
16777216
100
AcDbLine
 10
267.8852447267708
 20
86.31423682863426
 30
0.0
 11
267.8852447267708
 21
91.96023682863424
 31
0.0
  0
SOLID
  5
613
330
60C
100
AcDbEntity
  8
0
 62
0
440
16777216
100
AcDbTrace
 10
267.2052447267708
 20
104.1542368286343
 30
0.0
 11
268.5652447267708
 21
104.1542368286343
 31
0.0
 12
267.8852447267708
 22
108.2342368286343
 32
0.0
 13
267.8852447267708
 23
108.2342368286343
 33
0.0
  0
SOLID
  5
614
330
60C
100
AcDbEntity
  8
0
 62
0
440
16777216
100
AcDbTrace
 10
267.2052447267708
 20
86.31423682863426
 30
0.0
 11
268.5652447267708
 21
86.31423682863426
 31
0.0
 12
267.8852447267708
 22
82.23423682863424
 32
0.0
 13
267.8852447267708
 23
82.23423682863424
 33
0.0
  0
MTEXT
  5
615
330
60C
100
AcDbEntity
  8
0
 62
0
440
16777216
100
AcDbMText
 10
267.8852447267707
 20
95.23423682863417
 30
0.0
 40
3.5
 41
0.0
 46
0.0
 71
5
  1
13
  0
POINT
  5
616
330
60C
100
AcDbEntity
  8
Defpoints
 62
0
440
16777216
100
AcDbPoint
 10
245.1883987409964
 20
108.2342368286343
 30
0.0
  0
POINT
  5
617
330
60C
100
AcDbEntity
  8
Defpoints
 62
0
440
16777216
100
AcDbPoint
 10
245.1883987409964
 20
82.23423682863424
 30
0.0
  0
POINT
  5
618
330
60C
100
AcDbEntity
  8
Defpoints
 62
0
440
16777216
100
AcDbPoint
 10
267.8852447267708
 20
82.23423682863424
 30
0.0
  0
ENDBLK
  5
60E
330
60C
100
AcDbEntity
  8
0
100
AcDbBlockEnd
  0
BLOCK
  5
61B
330
61A
100
AcDbEntity
  8
0
100
AcDbBlockBegin
  2
*D20
 70
1
 10
0.0
 20
0.0
 30
0.0
  3
*D20
  1

  0
LINE
  5
61D
330
61A
100
AcDbEntity
  8
0
 62
0
370
-2
440
16777216
100
AcDbLine
 10
245.1883987409964
 20
112.2342368286343
 30
0.0
 11
282.7612415099201
 21
112.2342368286343
 31
0.0
  0
LINE
  5
61E
330
61A
100
AcDbEntity
  8
0
 62
0
370
-2
440
16777216
100
AcDbLine
 10
245.1883987409964
 20
78.23423682863424
 30
0.0
 11
282.7612415099201
 21
78.23423682863424
 31
0.0
  0
LINE
  5
61F
330
61A
100
AcDbEntity
  8
0
 62
0
370
-2
440
16777216
100
AcDbLine
 10
280.7612415099201
 20
108.1542368286342
 30
0.0
 11
280.7612415099201
 21
98.50823682863428
 31
0.0
  0
LINE
  5
620
330
61A
100
AcDbEntity
  8
0
 62
0
370
-2
440
16777216
100
AcDbLine
 10
280.7612415099201
 20
82.31423682863424
 30
0.0
 11
280.7612415099201
 21
91.96023682863424
 31
0.0
  0
SOLID
  5
621
330
61A
100
AcDbEntity
  8
0
 62
0
440
16777216
100
AcDbTrace
 10
280.0812415099201
 20
108.1542368286342
 30
0.0
 11
281.4412415099201
 21
108.1542368286342
 31
0.0
 12
280.7612415099201
 22
112.2342368286343
 32
0.0
 13
280.7612415099201
 23
112.2342368286343
 33
0.0
  0
SOLID
  5
622
330
61A
100
AcDbEntity
  8
0
 62
0
440
16777216
100
AcDbTrace
 10
280.0812415099201
 20
82.31423682863424
 30
0.0
 11
281.4412415099201
 21
82.31423682863424
 31
0.0
 12
280.7612415099201
 22
78.23423682863424
 32
0.0
 13
280.7612415099201
 23
78.23423682863424
 33
0.0
  0
MTEXT
  5
623
330
61A
100
AcDbEntity
  8
0
 62
0
440
16777216
100
AcDbMText
 10
280.76124150992
 20
95.23423682863417
 30
0.0
 40
3.5
 41
0.0
 46
0.0
 71
5
  1
17
  0
POINT
  5
624
330
61A
100
AcDbEntity
  8
Defpoints
 62
0
440
16777216
100
AcDbPoint
 10
245.1883987409964
 20
112.2342368286343
 30
0.0
  0
POINT
  5
625
330
61A
100
AcDbEntity
  8
Defpoints
 62
0
440
16777216
100
AcDbPoint
 10
245.1883987409964
 20
78.23423682863424
 30
0.0
  0
POINT
  5
626
330
61A
100
AcDbEntity
  8
Defpoints
 62
0
440
16777216
100
AcDbPoint
 10
280.7612415099201
 20
78.23423682863424
 30
0.0
  0
ENDBLK
  5
61C
330
61A
100
AcDbEntity
  8
0
100
AcDbBlockEnd
  0
BLOCK
  5
629
330
628
100
AcDbEntity
  8
0
100
AcDbBlockBegin
  2
*D21
 70
1
 10
0.0
 20
0.0
 30
0.0
  3
*D21
  1

  0
LINE
  5
62B
330
628
100
AcDbEntity
  8
0
 62
0
370
-2
440
16777216
100
AcDbLine
 10
237.1883987409964
 20
82.23423682863422
 30
0.0
 11
237.1883987409964
 21
62.03633338136825
 31
0.0
  0
LINE
  5
62C
330
628
100
AcDbEntity
  8
0
 62
0
370
-2
440
16777216
100
AcDbLine
 10
245.1883987409964
 20
82.23423682863422
 30
0.0
 11
245.1883987409964
 21
62.03633338136825
 31
0.0
  0
LINE
  5
62D
330
628
100
AcDbEntity
  8
0
 62
0
370
-2
440
16777216
100
AcDbLine
 10
233.1083987409964
 20
64.03633338136825
 30
0.0
 11
229.0283987409964
 21
64.03633338136825
 31
0.0
  0
LINE
  5
62E
330
628
100
AcDbEntity
  8
0
 62
0
370
-2
440
16777216
100
AcDbLine
 10
249.2683987409963
 20
64.03633338136825
 30
0.0
 11
253.3483987409963
 21
64.03633338136825
 31
0.0
  0
LINE
  5
62F
330
628
100
AcDbEntity
  8
0
 62
0
370
-2
440
16777216
100
AcDbLine
 10
237.1883987409964
 20
64.03633338136825
 30
0.0
 11
245.1883987409964
 21
64.03633338136825
 31
0.0
  0
SOLID
  5
630
330
628
100
AcDbEntity
  8
0
 62
0
440
16777216
100
AcDbTrace
 10
233.1083987409964
 20
64.71633338136824
 30
0.0
 11
233.1083987409964
 21
63.35633338136825
 31
0.0
 12
237.1883987409964
 22
64.03633338136825
 32
0.0
 13
237.1883987409964
 23
64.03633338136825
 33
0.0
  0
SOLID
  5
631
330
628
100
AcDbEntity
  8
0
 62
0
440
16777216
100
AcDbTrace
 10
249.2683987409963
 20
64.71633338136824
 30
0.0
 11
249.2683987409963
 21
63.35633338136825
 31
0.0
 12
245.1883987409964
 22
64.03633338136825
 32
0.0
 13
245.1883987409964
 23
64.03633338136825
 33
0.0
  0
MTEXT
  5
632
330
628
100
AcDbEntity
  8
0
 62
0
440
16777216
100
AcDbMText
 10
241.1883987409964
 20
67.31033338136825
 30
0.0
 40
3.5
 41
0.0
 46
0.0
 71
5
  1
4
  0
POINT
  5
633
330
628
100
AcDbEntity
  8
Defpoints
 62
0
440
16777216
100
AcDbPoint
 10
237.1883987409964
 20
82.23423682863422
 30
0.0
  0
POINT
  5
634
330
628
100
AcDbEntity
  8
Defpoints
 62
0
440
16777216
100
AcDbPoint
 10
245.1883987409964
 20
82.23423682863422
 30
0.0
  0
POINT
  5
635
330
628
100
AcDbEntity
  8
Defpoints
 62
0
440
16777216
100
AcDbPoint
 10
245.1883987409964
 20
64.03633338136825
 30
0.0
  0
ENDBLK
  5
62A
330
628
100
AcDbEntity
  8
0
100
AcDbBlockEnd
  0
BLOCK
  5
638
330
637
100
AcDbEntity
  8
0
100
AcDbBlockBegin
  2
*D22
 70
1
 10
0.0
 20
0.0
 30
0.0
  3
*D22
  1

  0
LINE
  5
63A
330
637
100
AcDbEntity
  8
0
 62
0
370
-2
440
16777216
100
AcDbLine
 10
209.1883987409965
 20
179.1086768953746
 30
0.0
 11
191.3197691915942
 21
179.1086768953745
 31
0.0
  0
LINE
  5
63B
330
637
100
AcDbEntity
  8
0
 62
0
370
-2
440
16777216
100
AcDbLine
 10
209.1883987409965
 20
119.1086768953746
 30
0.0
 11
191.3197691915942
 21
119.1086768953746
 31
0.0
  0
LINE
  5
63C
330
637
100
AcDbEntity
  8
0
 62
0
370
-2
440
16777216
100
AcDbLine
 10
193.3197691915942
 20
175.0286768953746
 30
0.0
 11
193.3197691915942
 21
152.3826768953746
 31
0.0
  0
LINE
  5
63D
330
637
100
AcDbEntity
  8
0
 62
0
370
-2
440
16777216
100
AcDbLine
 10
193.3197691915942
 20
123.1886768953746
 30
0.0
 11
193.3197691915942
 21
145.8346768953746
 31
0.0
  0
SOLID
  5
63E
330
637
100
AcDbEntity
  8
0
 62
0
440
16777216
100
AcDbTrace
 10
192.6397691915942
 20
175.0286768953746
 30
0.0
 11
193.9997691915942
 21
175.0286768953746
 31
0.0
 12
193.3197691915942
 22
179.1086768953746
 32
0.0
 13
193.3197691915942
 23
179.1086768953746
 33
0.0
  0
SOLID
  5
63F
330
637
100
AcDbEntity
  8
0
 62
0
440
16777216
100
AcDbTrace
 10
192.6397691915942
 20
123.1886768953746
 30
0.0
 11
193.9997691915942
 21
123.1886768953746
 31
0.0
 12
193.3197691915942
 22
119.1086768953746
 32
0.0
 13
193.3197691915942
 23
119.1086768953746
 33
0.0
  0
MTEXT
  5
640
330
637
100
AcDbEntity
  8
0
 62
0
440
16777216
100
AcDbMText
 10
193.3197691915942
 20
149.1086768953745
 30
0.0
 40
3.5
 41
0.0
 46
0.0
 71
5
  1
30
  0
POINT
  5
641
330
637
100
AcDbEntity
  8
Defpoints
 62
0
440
16777216
100
AcDbPoint
 10
209.1883987409965
 20
179.1086768953746
 30
0.0
  0
POINT
  5
642
330
637
100
AcDbEntity
  8
Defpoints
 62
0
440
16777216
100
AcDbPoint
 10
209.1883987409965
 20
119.1086768953746
 30
0.0
  0
POINT
  5
643
330
637
100
AcDbEntity
  8
Defpoints
 62
0
440
16777216
100
AcDbPoint
 10
193.3197691915942
 20
119.1086768953746
 30
0.0
  0
ENDBLK
  5
639
330
637
100
AcDbEntity
  8
0
100
AcDbBlockEnd
  0
BLOCK
  5
66D
330
66C
100
AcDbEntity
  8
0
100
AcDbBlockBegin
  2
HH_FRAME_A4
 70
2
 10
0.0
 20
0.0
 30
0.0
  3
HH_FRAME_A4
  1

  0
LWPOLYLINE
  5
66F
330
66C
100
AcDbEntity
  8
HH_TITLE
100
AcDbPolyline
 90
4
 70
1
 10
0.0
 20
1.0
 10
297.0
 20
1.0
 10
297.0
 20
211.0
 10
0.0
 20
211.0
  0
LWPOLYLINE
  5
670
330
66C
100
AcDbEntity
  8
HH_TITLE
100
AcDbPolyline
 90
4
 70
1
 10
25.0
 20
6.0
 10
292.0
 20
6.0
 10
292.0
 20
206.0
 10
25.0
 20
206.0
  0
LWPOLYLINE
  5
671
330
66C
100
AcDbEntity
  8
HH_TITLE
100
AcDbPolyline
 90
4
 70
1
 10
112.0
 20
6.0
 10
292.0
 20
6.0
 10
292.0
 20
62.0
 10
112.0
 20
62.0
  0
LINE
  5
672
330
66C
100
AcDbEntity
  8
HH_TITLE
100
AcDbLine
 10
112.0
 20
18.0
 30
0.0
 11
292.0
 21
18.0
 31
0.0
  0
LINE
  5
673
330
66C
100
AcDbEntity
  8
HH_TITLE
100
AcDbLine
 10
112.0
 20
28.0
 30
0.0
 11
292.0
 21
28.0
 31
0.0
  0
LINE
  5
674
330
66C
100
AcDbEntity
  8
HH_TITLE
100
AcDbLine
 10
112.0
 20
50.0
 30
0.0
 11
292.0
 21
50.0
 31
0.0
  0
LINE
  5
675
330
66C
100
AcDbEntity
  8
HH_TITLE
100
AcDbLine
 10
220.0
 20
28.0
 30
0.0
 11
220.0
 21
50.0
 31
0.0
  0
LINE
  5
676
330
66C
100
AcDbEntity
  8
HH_TITLE
100
AcDbLine
 10
256.0
 20
28.0
 30
0.0
 11
256.0
 21
50.0
 31
0.0
  0
LINE
  5
677
330
66C
100
AcDbEntity
  8
HH_TITLE
100
AcDbLine
 10
256.0
 20
39.0
 30
0.0
 11
292.0
 21
39.0
 31
0.0
  0
LINE
  5
678
330
66C
100
AcDbEntity
  8
HH_TITLE
100
AcDbLine
 10
148.0
 20
6.0
 30
0.0
 11
148.0
 21
18.0
 31
0.0
  0
LINE
  5
679
330
66C
100
AcDbEntity
  8
HH_TITLE
100
AcDbLine
 10
184.0
 20
6.0
 30
0.0
 11
184.0
 21
18.0
 31
0.0
  0
LINE
  5
67A
330
66C
100
AcDbEntity
  8
HH_TITLE
100
AcDbLine
 10
220.0
 20
6.0
 30
0.0
 11
220.0
 21
18.0
 31
0.0
  0
LINE
  5
67B
330
66C
100
AcDbEntity
  8
HH_TITLE
100
AcDbLine
 10
256.0
 20
6.0
 30
0.0
 11
256.0
 21
18.0
 31
0.0
  0
LINE
  5
67C
330
66C
100
AcDbEntity
  8
HH_TITLE
100
AcDbLine
 10
148.0
 20
18.0
 30
0.0
 11
148.0
 21
28.0
 31
0.0
  0
LINE
  5
67D
330
66C
100
AcDbEntity
  8
HH_TITLE
100
AcDbLine
 10
184.0
 20
18.0
 30
0.0
 11
184.0
 21
28.0
 31
0.0
  0
LINE
  5
67E
330
66C
100
AcDbEntity
  8
HH_TITLE
100
AcDbLine
 10
220.0
 20
18.0
 30
0.0
 11
220.0
 21
28.0
 31
0.0
  0
LINE
  5
67F
330
66C
100
AcDbEntity
  8
HH_TITLE
100
AcDbLine
 10
256.0
 20
18.0
 30
0.0
 11
256.0
 21
28.0
 31
0.0
  0
TEXT
  5
680
330
66C
100
AcDbEntity
  8
HH_TITLE
100
AcDbText
 10
166.04494382022472
 20
53.5
 30
0.0
 40
5.0
  1
东方宏华 · 钻机电控
  7
HH_CHN
100
AcDbText
  0
TEXT
  5
681
330
66C
100
AcDbEntity
  8
HH_TITLE
100
AcDbText
 10
160.60674157303367
 20
41.75
 30
0.0
 40
2.5
  1
图  名
  7
HH_CHN
100
AcDbText
  0
ATTDEF
  5
682
330
66C
100
AcDbEntity
  8
HH_TITLE
100
AcDbText
 10
155.2134831460674
 20
32.5
 30
0.0
 40
5.0
  1

  7
HH_CHN
100
AcDbAttributeDefinition
  3

  2
TITLE
 70
0
 71
1
 72
0
  0
TEXT
  5
683
330
66C
100
AcDbEntity
  8
HH_TITLE
100
AcDbText
 10
232.60674157303367
 20
41.75
 30
0.0
 40
2.5
  1
图  号
  7
HH_CHN
100
AcDbText
  0
ATTDEF
  5
684
330
66C
100
AcDbEntity
  8
HH_TITLE
100
AcDbText
 10
230.44943820224722
 20
33.25
 30
0.0
 40
3.5
  1

  7
HH_CHN
100
AcDbAttributeDefinition
  3

  2
DWG_NO
 70
0
 71
1
 72
0
  0
TEXT
  5
685
330
66C
100
AcDbEntity
  8
HH_TITLE
100
AcDbText
 10
268.6067415730337
 20
48.25
 30
0.0
 40
2.5
  1
比  例
  7
HH_CHN
100
AcDbText
  0
ATTDEF
  5
686
330
66C
100
AcDbEntity
  8
HH_TITLE
100
AcDbText
 10
267.5280898876405
 20
43.0
 30
0.0
 40
3.0
  1

  7
HH_CHN
100
AcDbAttributeDefinition
  3

  2
SCALE
 70
0
 71
1
 72
0
  0
TEXT
  5
687
330
66C
100
AcDbEntity
  8
HH_TITLE
100
AcDbText
 10
268.6067415730337
 20
37.25
 30
0.0
 40
2.5
  1
阶  段
  7
HH_CHN
100
AcDbText
  0
ATTDEF
  5
688
330
66C
100
AcDbEntity
  8
HH_TITLE
100
AcDbText
 10
267.5280898876405
 20
32.0
 30
0.0
 40
3.0
  1

  7
HH_CHN
100
AcDbAttributeDefinition
  3

  2
STAGE
 70
0
 71
1
 72
0
  0
TEXT
  5
689
330
66C
100
AcDbEntity
  8
HH_TITLE
100
AcDbText
 10
126.83595505617981
 20
24.4
 30
0.0
 40
2.2
  1
材料
  7
HH_CHN
100
AcDbText
  0
ATTDEF
  5
68A
330
66C
100
AcDbEntity
  8
HH_TITLE
100
AcDbText
 10
123.95955056179781
 20
19.1
 30
0.0
 40
2.799999999999999
  1

  7
HH_CHN
100
AcDbAttributeDefinition
  3

  2
MATERIAL
 70
0
 71
1
 72
0
  0
TEXT
  5
68B
330
66C
100
AcDbEntity
  8
HH_TITLE
100
AcDbText
 10
162.83595505617978
 20
24.4
 30
0.0
 40
2.2
  1
重量
  7
HH_CHN
100
AcDbText
  0
ATTDEF
  5
68C
330
66C
100
AcDbEntity
  8
HH_TITLE
100
AcDbText
 10
159.9595505617978
 20
19.1
 30
0.0
 40
2.799999999999999
  1

  7
HH_CHN
100
AcDbAttributeDefinition
  3

  2
WEIGHT
 70
0
 71
1
 72
0
  0
TEXT
  5
68D
330
66C
100
AcDbEntity
  8
HH_TITLE
100
AcDbText
 10
198.83595505617978
 20
24.4
 30
0.0
 40
2.2
  1
版本
  7
HH_CHN
100
AcDbText
  0
ATTDEF
  5
68E
330
66C
100
AcDbEntity
  8
HH_TITLE
100
AcDbText
 10
195.9595505617977
 20
19.1
 30
0.0
 40
2.799999999999999
  1

  7
HH_CHN
100
AcDbAttributeDefinition
  3

  2
VERSION
 70
0
 71
1
 72
0
  0
TEXT
  5
68F
330
66C
100
AcDbEntity
  8
HH_TITLE
100
AcDbText
 10
234.83595505617978
 20
24.4
 30
0.0
 40
2.2
  1
日期
  7
HH_CHN
100
AcDbText
  0
ATTDEF
  5
690
330
66C
100
AcDbEntity
  8
HH_TITLE
100
AcDbText
 10
231.9595505617978
 20
19.1
 30
0.0
 40
2.799999999999999
  1

  7
HH_CHN
100
AcDbAttributeDefinition
  3

  2
DATE
 70
0
 71
1
 72
0
  0
TEXT
  5
691
330
66C
100
AcDbEntity
  8
HH_TITLE
100
AcDbText
 10
270.8359550561798
 20
24.4
 30
0.0
 40
2.2
  1
图幅
  7
HH_CHN
100
AcDbText
  0
ATTDEF
  5
692
330
66C
100
AcDbEntity
  8
HH_TITLE
100
AcDbText
 10
267.9595505617978
 20
19.1
 30
0.0
 40
2.799999999999999
  1

  7
HH_CHN
100
AcDbAttributeDefinition
  3

  2
SHEET
 70
0
 71
1
 72
0
  0
TEXT
  5
693
330
66C
100
AcDbEntity
  8
HH_TITLE
100
AcDbText
 10
126.83595505617981
 20
13.4
 30
0.0
 40
2.2
  1
设计
  7
HH_CHN
100
AcDbText
  0
ATTDEF
  5
694
330
66C
100
AcDbEntity
  8
HH_TITLE
100
AcDbText
 10
123.95955056179781
 20
8.099999999999998
 30
0.0
 40
2.799999999999999
  1

  7
HH_CHN
100
AcDbAttributeDefinition
  3

  2
DESIGN
 70
0
 71
1
 72
0
  0
TEXT
  5
695
330
66C
100
AcDbEntity
  8
HH_TITLE
100
AcDbText
 10
162.83595505617978
 20
13.4
 30
0.0
 40
2.2
  1
校对
  7
HH_CHN
100
AcDbText
  0
ATTDEF
  5
696
330
66C
100
AcDbEntity
  8
HH_TITLE
100
AcDbText
 10
159.9595505617978
 20
8.099999999999998
 30
0.0
 40
2.799999999999999
  1

  7
HH_CHN
100
AcDbAttributeDefinition
  3

  2
CHECKED
 70
0
 71
1
 72
0
  0
TEXT
  5
697
330
66C
100
AcDbEntity
  8
HH_TITLE
100
AcDbText
 10
198.83595505617978
 20
13.4
 30
0.0
 40
2.2
  1
审核
  7
HH_CHN
100
AcDbText
  0
ATTDEF
  5
698
330
66C
100
AcDbEntity
  8
HH_TITLE
100
AcDbText
 10
195.9595505617977
 20
8.099999999999998
 30
0.0
 40
2.799999999999999
  1

  7
HH_CHN
100
AcDbAttributeDefinition
  3

  2
REVIEWED
 70
0
 71
1
 72
0
  0
TEXT
  5
699
330
66C
100
AcDbEntity
  8
HH_TITLE
100
AcDbText
 10
234.83595505617978
 20
13.4
 30
0.0
 40
2.2
  1
批准
  7
HH_CHN
100
AcDbText
  0
ATTDEF
  5
69A
330
66C
100
AcDbEntity
  8
HH_TITLE
100
AcDbText
 10
231.9595505617978
 20
8.099999999999998
 30
0.0
 40
2.799999999999999
  1

  7
HH_CHN
100
AcDbAttributeDefinition
  3

  2
APPROVED
 70
0
 71
1
 72
0
  0
TEXT
  5
69B
330
66C
100
AcDbEntity
  8
HH_TITLE
100
AcDbText
 10
270.8359550561798
 20
13.4
 30
0.0
 40
2.2
  1
会签
  7
HH_CHN
100
AcDbText
  0
ATTDEF
  5
69C
330
66C
100
AcDbEntity
  8
HH_TITLE
100
AcDbText
 10
267.9595505617978
 20
8.099999999999998
 30
0.0
 40
2.799999999999999
  1

  7
HH_CHN
100
AcDbAttributeDefinition
  3

  2
COUNTERSIGN
 70
0
 71
1
 72
0
  0
LINE
  5
69D
330
66C
100
AcDbEntity
  8
HH_TITLE
100
AcDbLine
 10
142.5
 20
6.0
 30
0.0
 11
154.5
 21
6.0
 31
0.0
  0
LINE
  5
69E
330
66C
100
AcDbEntity
  8
HH_TITLE
100
AcDbLine
 10
148.5
 20
0.0
 30
0.0
 11
148.5
 21
12.0
 31
0.0
  0
LINE
  5
69F
330
66C
100
AcDbEntity
  8
HH_TITLE
100
AcDbLine
 10
142.5
 20
206.0
 30
0.0
 11
154.5
 21
206.0
 31
0.0
  0
LINE
  5
6A0
330
66C
100
AcDbEntity
  8
HH_TITLE
100
AcDbLine
 10
148.5
 20
200.0
 30
0.0
 11
148.5
 21
212.0
 31
0.0
  0
LINE
  5
6A1
330
66C
100
AcDbEntity
  8
HH_TITLE
100
AcDbLine
 10
19.0
 20
106.0
 30
0.0
 11
31.0
 21
106.0
 31
0.0
  0
LINE
  5
6A2
330
66C
100
AcDbEntity
  8
HH_TITLE
100
AcDbLine
 10
25.0
 20
100.0
 30
0.0
 11
25.0
 21
112.0
 31
0.0
  0
LINE
  5
6A3
330
66C
100
AcDbEntity
  8
HH_TITLE
100
AcDbLine
 10
286.0
 20
106.0
 30
0.0
 11
298.0
 21
106.0
 31
0.0
  0
LINE
  5
6A4
330
66C
100
AcDbEntity
  8
HH_TITLE
100
AcDbLine
 10
292.0
 20
100.0
 30
0.0
 11
292.0
 21
112.0
 31
0.0
  0
CIRCLE
  5
6A5
330
66C
100
AcDbEntity
  8
HH_TITLE
100
AcDbCircle
 10
41.0
 20
190.0
 30
0.0
 40
6.0
  0
LINE
  5
6A6
330
66C
100
AcDbEntity
  8
HH_TITLE
100
AcDbLine
 10
41.0
 20
184.0
 30
0.0
 11
41.0
 21
196.0
 31
0.0
  0
LINE
  5
6A7
330
66C
100
AcDbEntity
  8
HH_TITLE
100
AcDbLine
 10
41.0
 20
190.0
 30
0.0
 11
38.0
 21
187.0
 31
0.0
  0
LINE
  5
6A8
330
66C
100
AcDbEntity
  8
HH_TITLE
100
AcDbLine
 10
41.0
 20
190.0
 30
0.0
 11
44.0
 21
193.0
 31
0.0
  0
ENDBLK
  5
66E
330
66C
100
AcDbEntity
  8
0
100
AcDbBlockEnd
  0
ENDSEC
  0
SECTION
  2
ENTITIES
  0
LINE
  5
8A
330
1F
100
AcDbEntity
  8
粗实线层
100
AcDbLine
 10
25.0
 20
190.9999999999999
 30
0.0
 11
84.99999999999999
 21
190.9999999999999
 31
0.0
  0
LINE
  5
8B
330
1F
100
AcDbEntity
  8
粗实线层
100
AcDbLine
 10
84.99999999999999
 20
190.9999999999999
 30
0.0
 11
84.99999999999999
 21
205.0
 31
0.0
  0
CIRCLE
  5
EA
330
1F
100
AcDbEntity
  8
0
  6
Continuous
 62
7
370
30
100
AcDbCircle
 10
72.15628877968261
 20
149.1086768953745
 30
0.0
 40
13.0
  0
CIRCLE
  5
EB
330
1F
100
AcDbEntity
  8
0
  6
Continuous
 62
7
370
30
100
AcDbCircle
 10
72.15628877968261
 20
149.1086768953745
 30
0.0
 40
17.0
  0
CIRCLE
  5
EC
330
1F
100
AcDbEntity
  8
0
  6
Continuous
 62
7
370
30
100
AcDbCircle
 10
72.15628877968261
 20
149.1086768953745
 30
0.0
 40
6.0
  0
CIRCLE
  5
ED
330
1F
100
AcDbEntity
  8
0
  6
Continuous
 62
7
370
30
100
AcDbCircle
 10
51.37167908885761
 20
137.1086768953737
 30
0.0
 40
2.600000000001919
  0
CIRCLE
  5
EE
330
1F
100
AcDbEntity
  8
0
  6
Continuous
 62
7
370
30
100
AcDbCircle
 10
72.15628877968261
 20
149.1086768953745
 30
0.0
 40
30.0
  0
CIRCLE
  5
EF
330
1F
100
AcDbEntity
  8
0
  6
Continuous
 62
7
370
30
100
AcDbCircle
 10
72.15628877968261
 20
173.1086768953745
 30
0.0
 40
2.600000000000008
  0
CIRCLE
  5
F0
330
1F
100
AcDbEntity
  8
0
  6
Continuous
 62
7
370
30
100
AcDbCircle
 10
92.94089847051067
 20
137.1086768953754
 30
0.0
 40
2.600000000001315
  0
INSERT
  5
FC
330
1F
100
AcDbEntity
  8
图框
370
30
100
AcDbBlockReference
  2
SW_CENTERMARKSYMBOL_0
 10
72.15628877968261
 20
149.1086768953745
 30
0.0
  0
INSERT
  5
108
330
1F
100
AcDbEntity
  8
图框
370
30
100
AcDbBlockReference
  2
SW_CENTERMARKSYMBOL_1
 10
72.15628877968261
 20
173.1086768953745
 30
0.0
  0
INSERT
  5
114
330
1F
100
AcDbEntity
  8
图框
370
30
100
AcDbBlockReference
  2
SW_CENTERMARKSYMBOL_2
 10
92.94089847051067
 20
137.1086768953754
 30
0.0
  0
INSERT
  5
120
330
1F
100
AcDbEntity
  8
图框
370
30
100
AcDbBlockReference
  2
SW_CENTERMARKSYMBOL_3
 10
51.37167908885761
 20
137.1086768953737
 30
0.0
  0
LINE
  5
121
330
1F
100
AcDbEntity
  8
0
  6
Continuous
 62
7
370
30
100
AcDbLine
 10
209.1883987409964
 20
119.1086768953745
 30
0.0
 11
217.1883987409963
 21
119.1086768953745
 31
0.0
  0
LINE
  5
122
330
1F
100
AcDbEntity
  8
0
  6
Continuous
 62
7
370
30
100
AcDbLine
 10
217.1883987409963
 20
179.1086768953745
 30
0.0
 11
209.1883987409964
 21
179.1086768953745
 31
0.0
  0
LINE
  5
123
330
1F
100
AcDbEntity
  8
0
  6
Continuous
 62
7
370
30
100
AcDbLine
 10
242.7883987409964
 20
132.1086768953745
 30
0.0
 11
245.1883987409964
 21
132.1086768953745
 31
0.0
  0
LINE
  5
124
330
1F
100
AcDbEntity
  8
0
  6
Continuous
 62
7
370
30
100
AcDbLine
 10
217.1883987409963
 20
132.1086768953745
 30
0.0
 11
237.5957664852672
 21
132.1086768953745
 31
0.0
  0
LINE
  5
125
330
1F
100
AcDbEntity
  8
0
  6
Continuous
 62
7
370
30
100
AcDbLine
 10
245.1883987409964
 20
166.1086768953746
 30
0.0
 11
217.1883987409963
 21
166.1086768953746
 31
0.0
  0
LINE
  5
126
330
1F
100
AcDbEntity
  8
0
  6
Continuous
 62
7
370
30
100
AcDbLine
 10
209.1883987409964
 20
179.1086768953745
 30
0.0
 11
209.1883987409964
 21
119.1086768953745
 31
0.0
  0
LINE
  5
127
330
1F
100
AcDbEntity
  8
0
  6
Continuous
 62
7
370
30
100
AcDbLine
 10
217.1883987409963
 20
179.1086768953745
 30
0.0
 11
217.1883987409963
 21
119.1086768953745
 31
0.0
  0
LINE
  5
128
330
1F
100
AcDbEntity
  8
0
  6
Continuous
 62
7
370
30
100
AcDbLine
 10
245.1883987409964
 20
166.1086768953746
 30
0.0
 11
245.1883987409964
 21
132.1086768953745
 31
0.0
  0
SPLINE
  5
129
330
1F
100
AcDbEntity
  8
0
  6
Continuous
 62
7
370
30
100
AcDbSpline
 70
8
 71
3
 72
24
 73
20
 74
0
 42
1e-08
 40
0.0
 40
0.0
 40
0.0
 40
0.0
 40
0.0154756699430184
 40
0.0695846287433048
 40
0.1753548362164787
 40
0.2280773502903633
 40
0.2823026533050466
 40
0.3354643064285887
 40
0.3901776134876375
 40
0.4431309602728233
 40
0.497652011353442
 40
0.5500633511835575
 40
0.6039982402384855
 40
0.7098893420666446
 40
0.7627996061836809
 40
0.8172273586524536
 40
0.8704004491545623
 40
0.9251377197878161
 40
1.0
 40
1.0
 40
1.0
 40
1.0
 10
237.5957664852672
 20
132.1098008944487
 30
0.0
 10
237.5936576669044
 20
132.1094794110091
 30
0.0
 10
237.5841755996723
 20
132.1080338964772
 30
0.0
 10
237.6635448653249
 20
132.1201558369876
 30
0.0
 10
237.8775330144697
 20
132.1516889587438
 30
0.0
 10
238.2225117503498
 20
132.19485758393
 30
0.0
 10
238.5360345385727
 20
132.2287420144549
 30
0.0
 10
238.9007822264921
 20
132.2608548624868
 30
0.0
 10
239.2996576431552
 20
132.2868912308237
 30
0.0
 10
239.727596262358
 20
132.3042250074133
 30
0.0
 10
240.1629356515297
 20
132.3105748991815
 30
0.0
 10
240.6015531845986
 20
132.3054290173686
 30
0.0
 10
241.1641394843763
 20
132.2844155372109
 30
0.0
 10
241.6841632558803
 20
132.2448361540024
 30
0.0
 10
242.1113661641038
 20
132.1998323430379
 30
0.0
 10
242.3801023374407
 20
132.1668599113396
 30
0.0
 10
242.5875691800669
 20
132.1385356524466
 30
0.0
 10
242.7510430126482
 20
132.1144737726727
 30
0.0
 10
242.7747212003588
 20
132.1107993817594
 30
0.0
 10
242.7883987409964
 20
132.1086768953745
 30
0.0
  0
LINE
  5
12A
330
1F
100
AcDbEntity
  8
0
  6
HIDDEN
 62
7
370
30
100
AcDbLine
 10
249.5083987409966
 20
149.1086768953745
 30
0.0
 11
243.1583987409966
 21
149.1086768953745
 31
0.0
  0
LINE
  5
12B
330
1F
100
AcDbEntity
  8
0
  6
HIDDEN
 62
7
370
30
100
AcDbLine
 10
204.8683987409963
 20
149.1086768953745
 30
0.0
 11
211.2183987409963
 21
149.1086768953745
 31
0.0
  0
LINE
  5
12C
330
1F
100
AcDbEntity
  8
0
  6
Continuous
 62
7
370
30
100
AcDbLine
 10
249.5083987409966
 20
149.1086768953745
 30
0.0
 11
249.5083987409966
 21
161.8086768953745
 31
0.0
  0
SOLID
  5
12D
330
1F
100
AcDbEntity
  8
0
  6
Continuous
 62
7
370
30
100
AcDbTrace
 10
249.5083987409966
 20
161.8086768953745
 30
0.0
 11
248.4923987409966
 21
155.4586768953745
 31
0.0
 12
250.5243987409965
 22
155.4586768953745
 32
0.0
 13
250.5243987409965
 23
155.4586768953745
 33
0.0
  0
LINE
  5
12E
330
1F
100
AcDbEntity
  8
0
  6
Continuous
 62
7
370
30
100
AcDbLine
 10
204.8683987409963
 20
149.1086768953745
 30
0.0
 11
204.8683987409963
 21
161.8086768953745
 31
0.0
  0
SOLID
  5
12F
330
1F
100
AcDbEntity
  8
0
  6
Continuous
 62
7
370
30
100
AcDbTrace
 10
204.8683987409963
 20
161.8086768953745
 30
0.0
 11
203.8523987409963
 21
155.4586768953745
 31
0.0
 12
205.8843987409963
 22
155.4586768953745
 32
0.0
 13
205.8843987409963
 23
155.4586768953745
 33
0.0
  0
MTEXT
  5
130
330
1F
100
AcDbEntity
  8
0
  6
Continuous
 62
7
370
30
100
AcDbMText
 10
241.6281771464629
 20
153.4407126770826
 30
0.0
 40
3.5
 41
0.0
 46
0.0
 71
1
  1
A
  7
SLDTEXTSTYLE2
  0
MTEXT
  5
131
330
1F
100
AcDbEntity
  8
0
  6
Continuous
 62
7
370
30
100
AcDbMText
 10
211.2183987409963
 20
153.4407126770826
 30
0.0
 40
3.5
 41
0.0
 46
0.0
 71
1
  1
A
  7
SLDTEXTSTYLE2
  0
LINE
  5
132
330
1F
100
AcDbEntity
  8
0
  6
Continuous
 62
7
370
30
100
AcDbLine
 10
42.15628877968261
 20
92.8844206024684
 30
0.0
 11
42.15628877968261
 21
84.8844206024684
 31
0.0
  0
LINE
  5
133
330
1F
100
AcDbEntity
  8
0
  6
Continuous
 62
7
370
30
100
AcDbLine
 10
102.1562887796826
 20
84.8844206024684
 30
0.0
 11
102.1562887796826
 21
92.8844206024684
 31
0.0
  0
LINE
  5
134
330
1F
100
AcDbEntity
  8
0
  6
Continuous
 62
7
370
30
100
AcDbLine
 10
55.15628877968261
 20
84.8844206024684
 30
0.0
 11
55.15628877968261
 21
75.5263860644411
 31
0.0
  0
LINE
  5
135
330
1F
100
AcDbEntity
  8
0
  6
Continuous
 62
7
370
30
100
AcDbLine
 10
89.15628877968261
 20
79.49427893159233
 30
0.0
 11
89.15628877968261
 21
84.8844206024684
 31
0.0
  0
LINE
  5
136
330
1F
100
AcDbEntity
  8
0
  6
Continuous
 62
7
370
30
100
AcDbLine
 10
102.1562887796826
 20
84.8844206024684
 30
0.0
 11
42.15628877968261
 21
84.8844206024684
 31
0.0
  0
LINE
  5
137
330
1F
100
AcDbEntity
  8
0
  6
Continuous
 62
7
370
30
100
AcDbLine
 10
102.1562887796826
 20
92.8844206024684
 30
0.0
 11
42.15628877968261
 21
92.8844206024684
 31
0.0
  0
SPLINE
  5
138
330
1F
100
AcDbEntity
  8
0
  6
Continuous
 62
7
370
30
100
AcDbSpline
 70
8
 71
3
 72
52
 73
48
 74
0
 42
1e-08
 40
0.0
 40
0.0
 40
0.0
 40
0.0
 40
0.0625000000000002
 40
0.0625000000000002
 40
0.0937500000000004
 40
0.0937500000000004
 40
0.1250000000000004
 40
0.1250000000000004
 40
0.1875000000000006
 40
0.1875000000000006
 40
0.2187500000000006
 40
0.2187500000000006
 40
0.2500000000000007
 40
0.2500000000000007
 40
0.2812500000000007
 40
0.2812500000000007
 40
0.3125000000000008
 40
0.3125000000000008
 40
0.3750000000000008
 40
0.3750000000000008
 40
0.4062500000000008
 40
0.4062500000000008
 40
0.4375000000000008
 40
0.4375000000000008
 40
0.5000000000000007
 40
0.5000000000000007
 40
0.5625000000000007
 40
0.5625000000000007
 40
0.6250000000000007
 40
0.6250000000000007
 40
0.6562500000000007
 40
0.6562500000000007
 40
0.6875000000000006
 40
0.6875000000000006
 40
0.7187500000000006
 40
0.7187500000000006
 40
0.7500000000000004
 40
0.7500000000000004
 40
0.8125000000000001
 40
0.8125000000000001
 40
0.8750000000000001
 40
0.8750000000000001
 40
0.9375
 40
0.9375
 40
0.96875
 40
0.96875
 40
1.0
 40
1.0
 40
1.0
 40
1.0
 10
55.15628877968261
 20
75.52638606444395
 30
0.0
 10
55.15628877968261
 20
75.52638606444395
 30
0.0
 10
55.26886898513063
 20
75.586950600627
 30
0.0
 10
55.59691857792223
 20
75.7569116362648
 30
0.0
 10
55.73301150699041
 20
75.82673524448133
 30
0.0
 10
56.05956862787095
 20
75.99063830021663
 30
0.0
 10
56.2492685019216
 20
76.08429348904357
 30
0.0
 10
56.88604919039661
 20
76.39025885307932
 30
0.0
 10
57.40309434508716
 20
76.62887831379776
 30
0.0
 10
58.31676636528197
 20
77.0186835338232
 30
0.0
 10
58.6450564048154
 20
77.15413156680543
 30
0.0
 10
59.33532384369099
 20
77.4273371616947
 30
0.0
 10
59.69876120501321
 20
77.56574080281732
 30
0.0
 10
60.46202652163298
 20
77.84339042743713
 30
0.0
 10
60.86185494821141
 20
77.9826424475578
 30
0.0
 10
61.69881211225237
 20
78.25962161362632
 30
0.0
 10
62.13817497308344
 20
78.39800636948382
 30
0.0
 10
63.4982158072627
 20
78.80262295703459
 30
0.0
 10
64.45364603040474
 20
79.05650666616356
 30
0.0
 10
65.96085254168435
 20
79.4051828767034
 30
0.0
 10
66.4756776124833
 20
79.51607030002992
 30
0.0
 10
67.53136230149741
 20
79.72585670095904
 30
0.0
 10
68.07324187003294
 20
79.8248089240183
 30
0.0
 10
69.70082439386192
 20
80.09562917134608
 30
0.0
 10
70.80058940019084
 20
80.24412634828322
 30
0.0
 10
73.02992211836364
 20
80.47645870708695
 30
0.0
 10
74.16732758582303
 20
80.55991810595205
 30
0.0
 10
76.36728930239347
 20
80.65765328458123
 30
0.0
 10
77.44228643885127
 20
80.67364392890725
 30
0.0
 10
79.0159006218984
 20
80.65492887792799
 30
0.0
 10
79.5312475397979
 20
80.64151477915001
 30
0.0
 10
80.52618321884759
 20
80.60283734155855
 30
0.0
 10
81.00847490904943
 20
80.57754779346138
 30
0.0
 10
81.94318794319577
 20
80.51716994242685
 30
0.0
 10
82.39560942984419
 20
80.48207682518527
 30
0.0
 10
83.270168325177
 20
80.40409658088373
 30
0.0
 10
83.69375571540807
 20
80.36100262564457
 30
0.0
 10
84.89273246416143
 20
80.22608834227466
 30
0.0
 10
85.60521867138112
 20
80.12808309027255
 30
0.0
 10
86.85949503544916
 20
79.93520640306704
 30
0.0
 10
87.40154714085281
 20
79.84005286326502
 30
0.0
 10
88.26532751271365
 20
79.67902763453782
 30
0.0
 10
88.59478937310568
 20
79.61201958687963
 30
0.0
 10
88.93054294545728
 20
79.54236174152156
 30
0.0
 10
89.01535867501752
 20
79.52437734426282
 30
0.0
 10
89.127966395839
 20
79.50039081860427
 30
0.0
 10
89.15628877968261
 20
79.49427893159174
 30
0.0
 10
89.15628877968258
 20
79.49427893159174
 30
0.0
  0
LINE
  5
139
330
1F
100
AcDbEntity
  8
0
  6
Continuous
 62
7
370
30
100
AcDbLine
 10
55.15628877967723
 20
75.5263860644411
 30
0.0
 11
55.15628877968261
 21
56.88442060246838
 31
0.0
  0
LINE
  5
13A
330
1F
100
AcDbEntity
  8
0
  6
Continuous
 62
7
370
30
100
AcDbLine
 10
89.15628877968261
 20
56.88442060246838
 30
0.0
 11
89.15628877967987
 21
79.4942789315923
 31
0.0
  0
LINE
  5
13B
330
1F
100
AcDbEntity
  8
0
  6
Continuous
 62
7
370
30
100
AcDbLine
 10
78.15628877984747
 20
80.66417142882413
 30
0.0
 11
78.15628877968261
 21
64.88442060246838
 31
0.0
  0
LINE
  5
13C
330
1F
100
AcDbEntity
  8
0
  6
Continuous
 62
7
370
30
100
AcDbLine
 10
78.15628877968261
 20
64.88442060246838
 30
0.0
 11
66.15628877968258
 21
64.88442060246838
 31
0.0
  0
LINE
  5
13D
330
1F
100
AcDbEntity
  8
0
  6
Continuous
 62
7
370
30
100
AcDbLine
 10
66.15628877968258
 20
64.88442060246838
 30
0.0
 11
66.15628881871856
 21
79.44515453184123
 31
0.0
  0
LINE
  5
13E
330
1F
100
AcDbEntity
  8
0
  6
Continuous
 62
7
370
30
100
AcDbLine
 10
89.15628877968261
 20
56.88442060246838
 30
0.0
 11
85.15628877968261
 21
56.88442060246838
 31
0.0
  0
LINE
  5
13F
330
1F
100
AcDbEntity
  8
0
  6
Continuous
 62
7
370
30
100
AcDbLine
 10
85.15628877968261
 20
64.88442060246838
 30
0.0
 11
85.15628877968261
 21
56.88442060246838
 31
0.0
  0
LINE
  5
140
330
1F
100
AcDbEntity
  8
0
  6
Continuous
 62
7
370
30
100
AcDbLine
 10
85.15628877968261
 20
64.88442060246838
 30
0.0
 11
78.15628877968261
 21
64.88442060246838
 31
0.0
  0
LINE
  5
141
330
1F
100
AcDbEntity
  8
0
  6
Continuous
 62
7
370
30
100
AcDbLine
 10
66.15628877968258
 20
64.88442060246838
 30
0.0
 11
59.15628877968261
 21
64.88442060246838
 31
0.0
  0
LINE
  5
142
330
1F
100
AcDbEntity
  8
0
  6
Continuous
 62
7
370
30
100
AcDbLine
 10
59.15628877968261
 20
56.88442060246838
 30
0.0
 11
59.15628877968261
 21
64.88442060246838
 31
0.0
  0
LINE
  5
143
330
1F
100
AcDbEntity
  8
0
  6
Continuous
 62
7
370
30
100
AcDbLine
 10
59.15628877968261
 20
56.88442060246838
 30
0.0
 11
55.15628877968261
 21
56.88442060246838
 31
0.0
  0
LINE
  5
144
330
1F
100
AcDbEntity
  8
0
  6
Continuous
 62
7
370
30
100
AcDbLine
 10
59.15628877968261
 20
56.88442060246838
 30
0.0
 11
85.15628877968261
 21
56.88442060246838
 31
0.0
  0
SPLINE
  5
145
330
1F
100
AcDbEntity
  8
0
  6
Continuous
 62
7
370
30
100
AcDbSpline
 70
11
 71
3
 72
48
 73
44
 74
0
 42
1e-08
 40
0.0
 40
0.0
 40
0.0
 40
0.0
 40
0.0625000000000001
 40
0.0625000000000001
 40
0.1250000000000002
 40
0.1250000000000002
 40
0.1875000000000004
 40
0.1875000000000004
 40
0.2500000000000005
 40
0.2500000000000005
 40
0.2812500000000009
 40
0.2812500000000009
 40
0.3125000000000013
 40
0.3125000000000013
 40
0.3750000000000021
 40
0.3750000000000021
 40
0.4062500000000023
 40
0.4062500000000023
 40
0.4375000000000025
 40
0.4375000000000025
 40
0.4687500000000026
 40
0.4687500000000026
 40
0.5000000000000027
 40
0.5000000000000027
 40
0.5625000000000029
 40
0.5625000000000029
 40
0.6250000000000032
 40
0.6250000000000032
 40
0.6562500000000036
 40
0.6562500000000036
 40
0.6875000000000036
 40
0.6875000000000036
 40
0.750000000000004
 40
0.750000000000004
 40
0.7812500000000036
 40
0.7812500000000036
 40
0.812500000000003
 40
0.812500000000003
 40
0.8750000000000019
 40
0.8750000000000019
 40
0.937500000000001
 40
0.937500000000001
 40
1.0
 40
1.0
 40
1.0
 40
1.0
 10
72.1562887796826
 20
59.28442060246839
 30
0.0
 10
71.81182178460475
 20
59.28442060246839
 30
0.0
 10
71.47386691480976
 20
59.35254749564958
 30
0.0
 10
70.84455162354166
 20
59.61386413677807
 30
0.0
 10
70.55667246773919
 20
59.8070096988156
 30
0.0
 10
70.07839646091487
 20
60.28542969578474
 30
0.0
 10
69.88484721651997
 20
60.57478398873821
 30
0.0
 10
69.6252307504464
 20
61.20006682880724
 30
0.0
 10
69.55649168245881
 20
61.54279758079571
 30
0.0
 10
69.55618801930723
 20
62.05291049775263
 30
0.0
 10
69.57317060154323
 20
62.22568333689724
 30
0.0
 10
69.63969053238951
 20
62.55947099900573
 30
0.0
 10
69.68890199488725
 20
62.72175142638088
 30
0.0
 10
69.88481569201053
 20
63.19472279273122
 30
0.0
 10
70.07581189771956
 20
63.48079144225247
 30
0.0
 10
70.43819771909112
 20
63.84333843794273
 30
0.0
 10
70.56899292931166
 20
63.95060391477998
 30
0.0
 10
70.85013232460787
 20
64.13887772371649
 30
0.0
 10
71.00234521175372
 20
64.22051851614901
 30
0.0
 10
71.31657689789694
 20
64.35096133309813
 30
0.0
 10
71.47864049053885
 20
64.40033436119218
 30
0.0
 10
71.81276464159805
 20
64.46725246143026
 30
0.0
 10
71.98532975335763
 20
64.48435153850718
 30
0.0
 10
72.49504605191723
 20
64.48455808997207
 30
0.0
 10
72.83802852643039
 20
64.41623109106052
 30
0.0
 10
73.46419668439772
 20
64.15691050238537
 30
0.0
 10
73.75329089492473
 20
63.96395695676186
 30
0.0
 10
74.11311324430505
 20
63.60475772521032
 30
0.0
 10
74.22274959569688
 20
63.4713693380438
 30
0.0
 10
74.4111090312896
 20
63.1899673179902
 30
0.0
 10
74.4911825842051
 20
63.0409032356236
 30
0.0
 10
74.68804471184025
 20
62.56774814964668
 30
0.0
 10
74.75604575858193
 20
62.22962932111291
 30
0.0
 10
74.75640931867028
 20
61.71456909401031
 30
0.0
 10
74.73968932368697
 20
61.54545487861154
 30
0.0
 10
74.67362339348324
 20
61.21219848525328
 30
0.0
 10
74.62340011690233
 20
61.04640664654925
 30
0.0
 10
74.42819076304015
 20
60.575190164299
 30
0.0
 10
74.23494992144722
 20
60.28648396270729
 30
0.0
 10
73.75732398780568
 20
59.80814511272154
 30
0.0
 10
73.46808727886004
 20
59.61420028393394
 30
0.0
 10
72.84270375623048
 20
59.35389692601294
 30
0.0
 10
72.50075577476046
 20
59.28442060246839
 30
0.0
 10
72.15628877968261
 20
59.28442060246839
 30
0.0
  0
HATCH
  5
146
330
1F
100
AcDbEntity
  8
图框
  6
Continuous
370
30
100
AcDbHatch
 10
0.0
 20
0.0
 30
0.0
210
0.0
220
0.0
230
1.0
  2
ANSI31
 70
0
 71
0
 91
1
 92
0
 93
6
 72
1
 10
66.15628877968258
 20
64.88442060246838
 11
66.15628881871856
 21
79.44515453184123
 72
4
 94
3
 73
1
 74
0
 95
8
 96
4
 40
0.8872217162407277
 40
0.8872217162407277
 40
0.8872217162407277
 40
0.8872217162407277
 40
0.9392054461407486
 40
0.9392054461407486
 40
0.9392054461407486
 40
0.9392054461407486
 10
66.15628881871895
 20
79.44515453184133
 42
1.0
 10
62.22578650481355
 20
78.59465388023483
 42
1.0
 10
58.48102580117513
 20
77.29406036778639
 42
1.0
 10
55.15628877967724
 20
75.5263860644411
 42
1.0
 97
0
 72
1
 10
55.15628877967723
 20
75.5263860644411
 11
55.15628877968261
 21
56.88442060246838
 72
1
 10
55.15628877968261
 20
56.88442060246838
 11
59.15628877968261
 21
56.88442060246838
 72
1
 10
59.15628877968261
 20
56.88442060246838
 11
59.15628877968261
 21
64.88442060246838
 72
1
 10
59.15628877968261
 20
64.88442060246838
 11
66.15628877968258
 21
64.88442060246838
 97
0
 75
0
 76
1
 52
0.0
 41
1.0
 77
0
 78
1
 53
45.0
 43
0.0
 44
0.0
 45
-2.245064030267288
 46
2.245064030267288
 79
0
 98
1
 10
0.0
 20
0.0
  0
HATCH
  5
147
330
1F
100
AcDbEntity
  8
图框
  6
Continuous
370
30
100
AcDbHatch
 10
0.0
 20
0.0
 30
0.0
210
0.0
220
0.0
230
1.0
  2
ANSI31
 70
0
 71
0
 91
1
 92
0
 93
6
 72
1
 10
78.15628877984747
 20
80.66417142882413
 11
78.15628877968261
 21
64.88442060246838
 72
1
 10
78.15628877968261
 20
64.88442060246838
 11
85.15628877968261
 21
64.88442060246838
 72
1
 10
85.15628877968261
 20
64.88442060246838
 11
85.15628877968261
 21
56.88442060246838
 72
1
 10
85.15628877968261
 20
56.88442060246838
 11
89.15628877968261
 21
56.88442060246838
 72
1
 10
89.15628877968261
 20
56.88442060246838
 11
89.15628877967987
 21
79.4942789315923
 72
4
 94
3
 73
1
 74
0
 95
8
 96
4
 40
0.7875762224230433
 40
0.7875762224230433
 40
0.7875762224230433
 40
0.7875762224230433
 40
0.8357254742425883
 40
0.8357254742425883
 40
0.8357254742425883
 40
0.8357254742425883
 10
89.15628877967987
 20
79.4942789315923
 42
1.0
 10
85.65349293301605
 20
80.24694750303735
 42
1.0
 10
81.92477021785152
 20
80.64141138915632
 42
1.0
 10
78.15628877984742
 20
80.66417142882413
 42
1.0
 97
0
 97
0
 75
0
 76
1
 52
0.0
 41
1.0
 77
0
 78
1
 53
45.0
 43
0.0
 44
0.0
 45
-2.245064030267288
 46
2.245064030267288
 79
0
 98
1
 10
0.0
 20
0.0
  0
LINE
  5
148
330
1F
100
AcDbEntity
  8
0
  6
Continuous
 62
7
100
AcDbLine
 10
177.3974532105449
 20
112.1322493262706
 30
0.0
 11
157.5984633373215
 21
123.5619628917885
 31
0.0
  0
LINE
  5
149
330
1F
100
AcDbEntity
  8
0
  6
Continuous
 62
7
100
AcDbLine
 10
140.5998448825085
 20
94.1163015708453
 30
0.0
 11
160.3988347557319
 21
82.6865880053274
 31
0.0
  0
LINE
  5
14A
330
1F
100
AcDbEntity
  8
0
  6
Continuous
 62
7
100
AcDbLine
 10
189.5537792221716
 20
120.1252520899286
 30
0.0
 11
183.8969249726793
 21
123.3908845372194
 31
0.0
  0
LINE
  5
14B
330
1F
100
AcDbEntity
  8
0
  6
Continuous
 62
7
100
AcDbLine
 10
153.8993629935975
 20
71.42795279437851
 30
0.0
 11
159.5562172430899
 21
68.16232034708769
 31
0.0
  0
ARC
  5
14C
330
1F
100
AcDbEntity
  8
0
  6
Continuous
 62
7
100
AcDbCircle
 10
172.4398664889177
 20
105.2009212123321
 30
0.0
 40
8.521794149445748
100
AcDbArc
 50
354.2618148657699
 51
54.42600474085534
  0
LWPOLYLINE
  5
14D
330
1F
100
AcDbEntity
  8
0
  6
Continuous
 62
7
100
AcDbPolyline
 90
37
 70
128
 10
160.3988347557319
 20
82.6865880053274
 10
160.5413642258877
 20
82.60702153391425
 10
161.1371708398162
 20
82.3287000986925
 10
161.7676398438077
 20
82.11773281349159
 10
162.4299554102417
 20
81.97506190942028
 10
163.1211594770188
 20
81.90132458937009
 10
163.8381649589847
 20
81.89685018211235
 10
164.577769535601
 20
81.96165867143606
 10
165.3366699532868
 20
82.09546060689539
 10
166.111476778551
 20
82.29765839656565
 10
166.8987295360246
 20
82.56734897603394
 10
167.6949121637842
 20
82.90332784170397
 10
168.496468716938
 20
83.30409443040153
 10
169.2998192493389
 20
83.76785882125392
 10
170.1013758024928
 20
84.29254972991112
 10
170.8975584302524
 20
84.87582375940435
 10
171.684811187726
 20
85.51507586632601
 10
172.4596180129902
 20
86.20745099558577
 10
173.218518430676
 20
86.94985683177973
 10
173.9581230072923
 20
87.73897761022167
 10
174.6751284892581
 20
88.5712889259531
 10
175.3663325560353
 20
89.44307347459134
 10
176.0286481224692
 20
90.35043765471328
 10
176.6591171264607
 20
91.28932895762436
 10
177.2549237403892
 20
92.25555406684657
 10
177.8134069472827
 20
93.24479758648738
 10
178.3320724255652
 20
94.25264131484553
 10
178.808603689303
 20
95.27458397717241
 10
179.2408724341922
 20
96.30606132945768
 10
179.6269480430836
 20
97.34246654345112
 10
179.9651062085864
 20
98.37917078187587
 10
180.2538366342444
 20
99.41154387193932
 10
180.4918497798863
 20
100.4349749848088
 10
180.6780826210249
 20
101.4448932286926
 10
180.8117033965831
 20
102.4367880635522
 10
180.8921153237404
 20
103.406229446269
 10
180.9189592633096
 20
104.348887616292
  0
LWPOLYLINE
  5
14E
330
1F
100
AcDbEntity
  8
0
  6
Continuous
 62
7
100
AcDbPolyline
 90
95
 70
128
 10
161.1199693900863
 20
115.7786011818099
 10
161.093125450517
 20
116.6902659989185
 10
161.0127135233597
 20
117.5668657467292
 10
160.8790927478015
 20
118.4044853179706
 10
160.6928599066629
 20
119.1993837003022
 10
160.454846761021
 20
119.948010684584
 10
160.166116335363
 20
120.6470227209722
 10
159.8279581698602
 20
121.2932978520246
 10
159.4418825609688
 20
121.8839496561202
 10
159.0096138160795
 20
122.416340138919
 10
158.5330825523417
 20
122.8880915152851
 10
158.0144170740592
 20
123.2970968290522
 10
157.4559338671657
 20
123.6415293632016
 10
156.8601272532372
 20
123.9198507984233
 10
156.2296582492457
 20
124.1308180836242
 10
155.5673426828118
 20
124.2734889876956
 10
154.8761386160346
 20
124.3472263077458
 10
154.1591331340688
 20
124.3517007150035
 10
153.4195285574525
 20
124.2868922256798
 10
152.6606281397666
 20
124.1530902902205
 10
151.8858213145025
 20
123.9508925005502
 10
151.0985685570289
 20
123.6812019210819
 10
150.3023859292692
 20
123.3452230554119
 10
149.5008293761154
 20
122.9444564667144
 10
148.6974788437145
 20
122.480692075862
 10
147.8959222905607
 20
121.9560011672048
 10
147.099739662801
 20
121.3727271377116
 10
146.3124869053274
 20
120.7334750307899
 10
145.5376800800633
 20
120.0410999015302
 10
144.7787796623774
 20
119.2986940653362
 10
144.0391750857612
 20
118.5095732868943
 10
143.3221696037953
 20
117.6772619711628
 10
142.6309655370181
 20
116.8054774225246
 10
141.9686499705842
 20
115.8981132424027
 10
141.3381809665927
 20
114.9592219394916
 10
140.7423743526642
 20
113.9929968302694
 10
140.1838911457708
 20
113.0037533106286
 10
139.6652256674882
 20
111.9959095822704
 10
139.1886944037505
 20
110.9739669199436
 10
138.7564256588612
 20
109.9424895676583
 10
138.3703500499698
 20
108.9060843536648
 10
138.032191884467
 20
107.8693801152401
 10
137.743461458809
 20
106.8370070251766
 10
137.5054483131671
 20
105.8135759123072
 10
137.3192154720285
 20
104.8036576684233
 10
137.1855946964702
 20
103.8117628335637
 10
137.105182769313
 20
102.8423214508469
 10
137.0783388297437
 20
101.8996632808237
 10
137.105182769313
 20
100.9879984637152
 10
137.1855946964702
 20
100.1113987159044
 10
137.3192154720285
 20
99.27377914466305
 10
137.5054483131672
 20
98.47888076233147
 10
137.743461458809
 20
97.7302537780497
 10
138.032191884467
 20
97.03124174166147
 10
138.3703500499699
 20
96.3849666106091
 10
138.7564256588612
 20
95.79431480651348
 10
139.1886944037506
 20
95.2619243237147
 10
139.6652256674883
 20
94.79017294734861
 10
140.1838911457709
 20
94.38116763358148
 10
140.7423743526643
 20
94.03673509943216
 10
141.3381809665929
 20
93.7584136642104
 10
141.9686499705843
 20
93.54744637900949
 10
142.6309655370183
 20
93.40477547493819
 10
143.3221696037955
 20
93.33103815488799
 10
144.0391750857613
 20
93.32656374763026
 10
144.7787796623776
 20
93.39137223695396
 10
145.5376800800634
 20
93.52517417241329
 10
146.3124869053276
 20
93.72737196208355
 10
147.0997396628012
 20
93.99706254155186
 10
147.8959222905608
 20
94.33304140722187
 10
148.6974788437147
 20
94.73380799591943
 10
149.5008293761156
 20
95.19757238677182
 10
150.3023859292694
 20
95.72226329542902
 10
151.0985685570291
 20
96.30553732492226
 10
151.8858213145026
 20
96.94478943184392
 10
152.6606281397668
 20
97.63716456110367
 10
153.4195285574527
 20
98.37957039729763
 10
154.1591331340689
 20
99.1686911757396
 10
154.8761386160347
 20
100.001002491471
 10
155.5673426828119
 20
100.8727870401092
 10
156.2296582492458
 20
101.7801512202311
 10
156.8601272532373
 20
102.7190425231423
 10
157.4559338671658
 20
103.6852676323645
 10
158.0144170740593
 20
104.6745111520053
 10
158.5330825523419
 20
105.6823548803634
 10
159.0096138160796
 20
106.7042975426903
 10
159.4418825609688
 20
107.7357748949756
 10
159.8279581698602
 20
108.772180108969
 10
160.166116335363
 20
109.8088843473937
 10
160.4548467610211
 20
110.8412574374572
 10
160.6928599066629
 20
111.8646885503267
 10
160.8790927478015
 20
112.8746067942105
 10
161.0127135233598
 20
113.8665016290702
 10
161.093125450517
 20
114.8359430117869
 10
161.1199693900863
 20
115.7786011818099
  0
SPLINE
  5
14F
330
1F
100
AcDbEntity
  8
0
  6
Continuous
 62
7
100
AcDbSpline
 70
11
 71
3
 72
46
 73
42
 74
0
 42
1e-08
 40
0.0
 40
0.0
 40
0.0
 40
0.0
 40
0.0625000000000013
 40
0.0625000000000013
 40
0.0937500000000019
 40
0.0937500000000019
 40
0.1250000000000025
 40
0.1250000000000025
 40
0.187500000000003
 40
0.187500000000003
 40
0.2500000000000034
 40
0.2500000000000034
 40
0.2812500000000029
 40
0.2812500000000029
 40
0.3125000000000026
 40
0.3125000000000026
 40
0.3750000000000022
 40
0.3750000000000022
 40
0.4375000000000019
 40
0.4375000000000019
 40
0.4687500000000016
 40
0.4687500000000016
 40
0.5000000000000014
 40
0.5000000000000014
 40
0.5625000000000008
 40
0.5625000000000008
 40
0.6250000000000004
 40
0.6250000000000004
 40
0.6562500000000001
 40
0.6562500000000001
 40
0.6874999999999999
 40
0.6874999999999999
 40
0.7499999999999993
 40
0.7499999999999993
 40
0.8124999999999994
 40
0.8124999999999994
 40
0.8749999999999996
 40
0.8749999999999996
 40
0.9374999999999998
 40
0.9374999999999998
 40
1.0
 40
1.0
 40
1.0
 40
1.0
 10
150.7962103847627
 20
93.97824869507187
 30
0.0
 10
151.0395097650921
 20
94.11870243769405
 30
0.0
 10
151.3262533678381
 20
94.2375617778215
 30
0.0
 10
151.7986000210018
 20
94.37295210819073
 30
0.0
 10
151.9606082909106
 20
94.4102082145309
 30
0.0
 10
152.2937294959492
 20
94.46814609145456
 30
0.0
 10
152.4656804127806
 20
94.48867527702542
 30
0.0
 10
152.973654492306
 20
94.5205452744573
 30
0.0
 10
153.3153911990783
 20
94.50272525559038
 30
0.0
 10
153.9411533059387
 20
94.38357425817102
 30
0.0
 10
154.2317992707256
 20
94.28071233406196
 30
0.0
 10
154.5922813458384
 20
94.07288341777743
 30
0.0
 10
154.702316160008
 20
93.99337415984174
 30
0.0
 10
154.8912624340443
 20
93.82183151458965
 30
0.0
 10
154.9711945984381
 20
93.7295353492731
 30
0.0
 10
155.1670779294139
 20
93.43395456703726
 30
0.0
 10
155.2345742181025
 20
93.21818354331162
 30
0.0
 10
155.2348015274652
 20
92.77958195005897
 30
0.0
 10
155.1674760456389
 20
92.56390849750726
 30
0.0
 10
154.9722425911577
 20
92.26877071604702
 30
0.0
 10
154.892507236799
 20
92.17651835713554
 30
0.0
 10
154.7037798865821
 20
92.0048836020102
 30
0.0
 10
154.5938950601453
 20
91.9253450164172
 30
0.0
 10
154.233832899127
 20
91.71730068492784
 30
0.0
 10
153.9433606916447
 20
91.6140874221141
 30
0.0
 10
153.3175008038375
 20
91.49424289184265
 30
0.0
 10
152.9760513108672
 20
91.47612490945458
 30
0.0
 10
152.4676405523576
 20
91.50778416418592
 30
0.0
 10
152.2955706965417
 20
91.52829566894572
 30
0.0
 10
151.9628228992447
 20
91.58610871442595
 30
0.0
 10
151.8007928383109
 20
91.62333617038301
 30
0.0
 10
151.3278312596121
 20
91.75885829822178
 30
0.0
 10
151.0409877266526
 20
91.87778876242155
 30
0.0
 10
150.554524508044
 20
92.15821937331023
 30
0.0
 10
150.3632628318478
 20
92.31504958673237
 30
0.0
 10
150.10248671241
 20
92.64785423816832
 30
0.0
 10
150.034950539989
 20
92.82313690020953
 30
0.0
 10
150.0344270461496
 20
93.17145583363575
 30
0.0
 10
150.1020175559509
 20
93.34754066116847
 30
0.0
 10
150.3602557187475
 20
93.67891154315556
 30
0.0
 10
150.5529110044333
 20
93.8377949524497
 30
0.0
 10
150.7962103847627
 20
93.97824869507187
 30
0.0
  0
LWPOLYLINE
  5
150
330
1F
100
AcDbEntity
  8
0
  6
Continuous
 62
7
100
AcDbPolyline
 90
83
 70
128
 10
158.2915422653401
 20
114.1457849581645
 10
158.2645699708959
 20
114.9427868417997
 10
158.183811371712
 20
115.7039700531691
 10
158.0497403913607
 20
116.4248676665171
 10
157.8631438116658
 20
117.1012491679963
 10
157.6251166555536
 20
117.7291452820047
 10
157.3370557610237
 20
118.3048712644733
 10
157.0006515839476
 20
118.8250485264097
 10
156.6178782778014
 20
119.2866244608014
 10
156.1909821085488
 20
119.6868903565279
 10
155.7224682726589
 20
120.0234972941543
 10
155.2150861956168
 20
120.2944699303247
 10
154.6718133972024
 20
120.4982180898625
 10
154.0958380182196
 20
120.6335460975507
 10
153.4905401112189
 20
120.6996597948293
 10
152.8594718050047
 20
120.6961712002338
 10
152.2063364593311
 20
120.6231007862244
 10
151.5349669321143
 20
120.4808773590457
 10
150.8493030866985
 20
120.270335542321
 10
150.1533686711708
 20
119.9927108791493
 10
149.4512477054077
 20
119.6496325814464
 10
148.7470605144222
 20
119.2431139690825
 10
148.0449395486591
 20
118.7755406549199
 10
147.3490051331314
 20
118.2496565450886
 10
146.6633412877156
 20
117.6685477366535
 10
145.9919717604988
 20
117.0356244071704
 10
145.3388364148253
 20
116.3546008024075
 10
144.707768108611
 20
115.6294734396748
 10
144.1024702016103
 20
114.8644976546709
 10
143.5264948226275
 20
114.0641626294816
 10
142.9832220242131
 20
113.2331650482738
 10
142.4758399471711
 20
112.3763815352858
 10
142.0073261112811
 20
111.4988400368568
 10
141.5804299420286
 20
110.6056903154385
 10
141.1976566358824
 20
109.7021737287417
 10
140.8612524588062
 20
108.7935924713646
 10
140.5731915642763
 20
107.885278459407
 10
140.3351644081642
 20
106.9825620406663
 10
140.1485678284693
 20
106.0907407140369
 10
140.014496848118
 20
105.2150480416808
 10
139.9337382489342
 20
104.3606229364033
 10
139.9067659544899
 20
103.5324795044692
 10
139.9337382489342
 20
102.7354776208339
 10
140.014496848118
 20
101.9742944094645
 10
140.1485678284693
 20
101.2533967961165
 10
140.3351644081643
 20
100.5770152946374
 10
140.5731915642764
 20
99.94911918062907
 10
140.8612524588063
 20
99.37339319816046
 10
141.1976566358825
 20
98.85321593622402
 10
141.5804299420287
 20
98.39164000183227
 10
142.0073261112812
 20
97.9913741061058
 10
142.4758399471712
 20
97.65476716847944
 10
142.9832220242132
 20
97.38379453230908
 10
143.5264948226276
 20
97.18004637277124
 10
144.1024702016104
 20
97.04471836508309
 10
144.7077681086111
 20
96.97860466780448
 10
145.3388364148254
 20
96.9820932624
 10
145.991971760499
 20
97.0551636764094
 10
146.6633412877158
 20
97.19738710358811
 10
147.3490051331315
 20
97.40792892031274
 10
148.0449395486592
 20
97.68555358348455
 10
148.7470605144224
 20
98.0286318811874
 10
149.4512477054078
 20
98.43515049355129
 10
150.1533686711709
 20
98.90272380771387
 10
150.8493030866986
 20
99.42860791754526
 10
151.5349669321144
 20
100.0097167259803
 10
152.2063364593312
 20
100.6426400554635
 10
152.8594718050048
 20
101.3236636602263
 10
153.490540111219
 20
102.048791022959
 10
154.0958380182197
 20
102.8137668079629
 10
154.6718133972025
 20
103.6141018331522
 10
155.2150861956169
 20
104.44509941436
 10
155.7224682726589
 20
105.301882927348
 10
156.1909821085489
 20
106.179424425777
 10
156.6178782778015
 20
107.0725741471953
 10
157.0006515839476
 20
107.9760907338921
 10
157.3370557610238
 20
108.8846719912692
 10
157.6251166555537
 20
109.7929860032268
 10
157.8631438116658
 20
110.6957024219676
 10
158.0497403913608
 20
111.5875237485969
 10
158.183811371712
 20
112.463216420953
 10
158.2645699708959
 20
113.3176415262306
 10
158.2915422653401
 20
114.1457849581645
  0
LWPOLYLINE
  5
151
330
1F
100
AcDbEntity
  8
0
  6
Continuous
 62
7
100
AcDbPolyline
 90
38
 70
128
 10
156.0396831575268
 20
80.18789749221037
 10
156.0132383304575
 20
80.5314209927862
 10
155.9346646187765
 20
80.83452940027148
 10
155.8062224451099
 20
81.08850283765096
 10
155.6316068569402
 20
81.2860349515395
 10
155.4158412268172
 20
81.42144310266633
 10
155.165132739076
 20
81.49083184506055
 10
154.8866938204452
 20
81.49220499093921
 10
154.5885346516612
 20
81.4255230373955
 10
154.2792327291529
 20
81.29270430282531
 10
153.9676861060864
 20
81.0975697403998
 10
153.6628574115757
 20
80.8457330161993
 10
153.3735160121618
 20
80.54443901426114
 10
153.1079857331031
 20
80.20235541445645
 10
152.8739053970785
 20
79.82932333912154
 10
152.6780090691664
 20
79.43607424188606
 10
152.5259323300532
 20
79.03392118329063
 10
152.4220501506378
 20
78.63443337463276
 10
152.3693510320843
 20
78.24910335282199
 10
152.3693510320843
 20
77.88901636101717
 10
152.4220501506379
 20
77.5645314463638
 10
152.5259323300532
 20
77.28498344906824
 10
152.6780090691664
 20
77.05841445604095
 10
152.8739053970785
 20
76.89134244469815
 10
153.1079857331031
 20
76.78857377261902
 10
153.3735160121618
 20
76.75306490738876
 10
153.6628574115758
 20
76.78583737440923
 10
153.9676861060864
 20
76.8859483694729
 10
154.2792327291529
 20
77.05051788152348
 10
154.5885346516612
 20
77.27481154533018
 10
154.8866938204452
 20
77.55237684055575
 10
155.165132739076
 20
77.87522871901842
 10
155.4158412268173
 20
78.23407931998975
 10
155.6316068569403
 20
78.6186051650374
 10
155.80622244511
 20
79.01774414570384
 10
155.9346646187765
 20
79.42001376022579
 10
156.0132383304575
 20
79.8138414442039
 10
156.0396831575268
 20
80.18789749221037
  0
LWPOLYLINE
  5
152
330
1F
100
AcDbEntity
  8
0
  6
Continuous
 62
7
100
AcDbPolyline
 90
15
 70
128
 10
170.7366216142234
 20
118.0677286964265
 10
170.7101767871541
 20
118.4112521970021
 10
170.6316030754732
 20
118.7143606044871
 10
170.5031609018067
 20
118.9683340418664
 10
170.3285453136372
 20
119.1658661557548
 10
170.1127796835143
 20
119.3012743068815
 10
169.8620711957733
 20
119.3706630492757
 10
169.5836322771426
 20
119.3720361951544
 10
169.2854731083588
 20
119.3053542416107
 10
168.9761711858508
 20
119.1725355070406
 10
168.6646245627845
 20
118.9774009446152
 10
168.3597958682741
 20
118.7255642204149
 10
168.0704544688603
 20
118.424270218477
 10
167.8049241898019
 20
118.0821866186726
 10
167.6121420161282
 20
117.7811892377404
  0
ARC
  5
153
330
1F
100
AcDbEntity
  8
0
  6
Continuous
 62
7
100
AcDbCircle
 10
167.0018376174995
 20
118.1927446781158
 30
0.0
 40
3.736875766982744
100
AcDbArc
 50
329.216108784133
 51
358.0828303163892
  0
LWPOLYLINE
  5
154
330
1F
100
AcDbEntity
  8
0
  6
Continuous
 62
7
100
AcDbPolyline
 90
36
 70
128
 10
190.1113474187348
 20
109.6555403431396
 10
190.0845542222702
 20
110.8708690508278
 10
190.0042423148162
 20
112.0521929665515
 10
189.870614571221
 20
113.1965279635749
 10
189.6840085467624
 20
114.3009833523811
 10
189.4448956244531
 20
115.3627691828044
 10
189.153879824287
 20
116.379203291687
 10
188.8116962774322
 20
117.3477180782557
 10
188.4192093692252
 20
118.265866990104
 10
187.9774105556595
 20
119.1313307033964
 10
187.4874158588809
 20
119.9419229816813
 10
186.9504630480191
 20
120.6955961985141
 10
186.3679085124753
 20
121.3904465099393
 10
185.7412238355652
 20
122.0247186637655
 10
185.0719920771711
 20
122.5968104334852
 10
184.3619037747962
 20
123.1052766656371
 10
183.6127526731193
 20
123.5488329303903
 10
182.8264311928406
 20
123.9263587661245
 10
182.0049256502625
 20
124.2369005098141
 10
181.1503112396822
 20
124.479673706063
 10
180.2647467912714
 20
124.654065088708
 10
179.3504693176828
 20
124.7596341299813
 10
178.4097883631632
 20
124.7961141533224
 10
177.4450801694433
 20
124.7634130070266
 10
176.4587816731456
 20
124.6616132970273
 10
175.4533843498706
 20
124.4909721782269
 10
174.4314279205133
 20
124.2519207049013
 10
173.3954939357077
 20
123.9450627418188
 10
172.3481992546061
 20
123.5711734388257
 10
171.2921894344654
 20
123.1311972727505
 10
170.2301320477404
 20
122.6262456615733
 10
169.1647099435637
 20
122.0575941568877
 10
168.0986144706362
 20
121.4266792217466
 10
167.0345386786468
 20
120.735094602032
 10
165.9751705153951
 20
119.9845873005145
 10
165.037241797674
 20
119.2676474937004
  0
LWPOLYLINE
  5
155
330
1F
100
AcDbEntity
  8
0
  6
Continuous
 62
7
100
AcDbPolyline
 90
69
 70
128
 10
148.038623342861
 20
89.82198617275718
 10
148.0123804593378
 20
89.63972814621626
 10
147.8522129927084
 20
88.33005232434915
 10
147.7452093742944
 20
87.04331176984032
 10
147.6916399045225
 20
85.78275690100396
 10
147.6916399045225
 20
84.55157198883984
 10
147.7452093742944
 20
83.35286711328803
 10
147.8522129927084
 20
82.18967030689737
 10
148.0123804593378
 20
81.0649199057523
 10
148.2253071772612
 20
79.98145712698089
 10
148.4904552751097
 20
78.94201889159385
 10
148.8071549657764
 20
77.94923091078448
 10
149.1746062383571
 20
77.0056010531544
 10
149.5918808790467
 20
76.11351300961965
 10
150.0579248158886
 20
75.27522027200074
 10
150.5715607814513
 20
74.49284044050658
 10
151.1314912867082
 20
73.76834987449271
 10
151.736301898608
 20
73.10357870000591
 10
152.3844648130546
 20
72.50020618672711
 10
153.0743427142736
 20
71.95975650599031
 10
153.8041929108131
 20
71.48359488059359
 10
154.5721717377347
 20
71.07292413612777
 10
155.3763392138701
 20
70.72878166253466
 10
156.2146639423826
 20
70.45203679356997
 10
157.0850282422515
 20
70.24338861079087
 10
157.9852334977181
 20
70.1033641776152
 10
158.9130057121802
 20
70.03231720791356
 10
159.8660012525046
 20
70.03042717249747
 10
160.8418127692478
 20
70.09769884576042
 10
161.8379752778299
 20
70.23396229361737
 10
162.8519723852993
 20
70.438873302773
 10
163.8812426469598
 20
70.71191425023437
 10
164.9231860368021
 20
71.05239541087157
 10
165.9751705153954
 20
71.4594566997231
 10
167.0345386786471
 20
71.93206984464534
 10
168.0986144706365
 20
72.46904098381707
 10
169.1647099435639
 20
73.06901368153811
 10
170.2301320477407
 20
73.73047235470361
 10
171.2921894344657
 20
74.45174610129851
 10
172.3481992546064
 20
75.23101292124102
 10
173.395493935708
 20
76.06630431891296
 10
174.4314279205136
 20
76.95551027575063
 10
175.4533843498709
 20
77.89638458033463
 10
176.4587816731459
 20
78.88655050251504
 10
177.4450801694435
 20
79.9235067972379
 10
178.4097883631634
 20
81.00463402290751
 10
179.350469317683
 20
82.12720115832292
 10
180.2647467912716
 20
83.28837250147477
 10
181.1503112396825
 20
84.48521483277456
 10
182.0049256502627
 20
85.71470482462195
 10
182.8264311928408
 20
86.97373667859252
 10
183.6127526731195
 20
88.25912997095439
 10
184.3619037747964
 20
89.56763768669437
 10
185.0719920771713
 20
90.89595442175982
 10
185.7412238355653
 20
92.24072473279598
 10
186.3679085124754
 20
93.59855161328734
 10
186.9504630480191
 20
94.96600507469073
 10
187.487415858881
 20
96.33963081088419
 10
187.9774105556596
 20
97.71595892404385
 10
188.4192093692253
 20
99.09151268990719
 10
188.8116962774322
 20
100.4628173402801
 10
189.153879824287
 20
101.826408840603
 10
189.4448956244531
 20
103.1788426404028
 10
189.6840085467623
 20
104.5167023745261
 10
189.870614571221
 20
105.8366084931745
 10
190.0042423148161
 20
107.1352267989404
 10
190.0845542222701
 20
108.4092768692788
 10
190.1113474187348
 20
109.6555403431396
 10
190.1113474187348
 20
109.6555403431396
  0
LWPOLYLINE
  5
156
330
1F
100
AcDbEntity
  8
0
  6
Continuous
 62
7
100
AcDbPolyline
 90
38
 70
128
 10
185.4335600709245
 20
97.15662144487123
 10
185.4071152438552
 20
97.500144945447
 10
185.3285415321741
 20
97.80325335293222
 10
185.2000993585077
 20
98.05722679031165
 10
185.025483770338
 20
98.25475890420014
 10
184.8097181402151
 20
98.39016705532694
 10
184.5590096524739
 20
98.45955579772112
 10
184.2805707338431
 20
98.4609289435998
 10
183.9824115650592
 20
98.3942469900561
 10
183.673109642551
 20
98.26142825548592
 10
183.3615630194845
 20
98.06629369306046
 10
183.056734324974
 20
97.81445696886004
 10
182.7673929255601
 20
97.51316296692195
 10
182.5018626465015
 20
97.17107936711731
 10
182.2677823104769
 20
96.79804729178252
 10
182.0718859825648
 20
96.40479819454713
 10
181.9198092434517
 20
96.00264513595178
 10
181.8159270640363
 20
95.60315732729403
 10
181.7632279454828
 20
95.21782730548334
 10
181.7632279454828
 20
94.85774031367858
 10
181.8159270640364
 20
94.5332553990253
 10
181.9198092434517
 20
94.25370740172978
 10
182.0718859825648
 20
94.02713840870256
 10
182.2677823104769
 20
93.86006639735983
 10
182.5018626465015
 20
93.75729772528071
 10
182.7673929255601
 20
93.72178886005045
 10
183.056734324974
 20
93.75456132707092
 10
183.3615630194845
 20
93.85467232213458
 10
183.673109642551
 20
94.0192418341851
 10
183.9824115650592
 20
94.24353549799174
 10
184.2805707338431
 20
94.52110079321724
 10
184.5590096524739
 20
94.84395267167984
 10
184.8097181402151
 20
95.20280327265107
 10
185.025483770338
 20
95.58732911769864
 10
185.2000993585077
 20
95.986468098365
 10
185.3285415321741
 20
96.38873771288686
 10
185.4071152438552
 20
96.78256539686488
 10
185.4335600709245
 20
97.15662144487123
  0
ARC
  5
157
330
1F
100
AcDbEntity
  8
0
  6
Continuous
 62
7
100
AcDbCircle
 10
180.8122322882227
 20
107.8967249893179
 30
0.0
 40
15.03168379952163
100
AcDbArc
 50
354.2468516044348
 51
54.44096800219099
  0
LWPOLYLINE
  5
158
330
1F
100
AcDbEntity
  8
0
  6
Continuous
 62
7
100
AcDbPolyline
 90
48
 70
128
 10
159.5562172430899
 20
68.16232034708769
 10
160.229025987227
 20
67.80729168883694
 10
161.0331934633624
 20
67.46314921524382
 10
161.871518191875
 20
67.18640434627913
 10
162.7418824917438
 20
66.97775616350005
 10
163.6420877472105
 20
66.83773173032436
 10
164.5698599616726
 20
66.76668476062274
 10
165.522855501997
 20
66.76479472520664
 10
166.4986670187402
 20
66.83206639846959
 10
167.4948295273223
 20
66.96832984632653
 10
168.5088266347917
 20
67.17324085548216
 10
169.5380968964522
 20
67.44628180294355
 10
170.5800402862945
 20
67.78676296358073
 10
171.6320247648878
 20
68.19382425243226
 10
172.6913929281395
 20
68.66643739735451
 10
173.7554687201289
 20
69.20340853652624
 10
174.8215641930563
 20
69.80338123424727
 10
175.8869862972331
 20
70.46483990741278
 10
176.9490436839581
 20
71.18611365400766
 10
178.0050535040987
 20
71.96538047395018
 10
179.0523481852003
 20
72.80067187162214
 10
180.088282170006
 20
73.68987782845979
 10
181.1102385993633
 20
74.6307521330438
 10
182.1156359226382
 20
75.6209180552242
 10
183.1019344189359
 20
76.6578743499471
 10
184.0666426126558
 20
77.73900157561668
 10
185.0073235671754
 20
78.86156871103209
 10
185.921601040764
 20
80.02274005418394
 10
186.8071654891749
 20
81.21958238548373
 10
187.6617798997551
 20
82.44907237733109
 10
188.4832854423332
 20
83.70810423130168
 10
189.2696069226119
 20
84.99349752366356
 10
190.0187580242888
 20
86.30200523940356
 10
190.7288463266636
 20
87.63032197446896
 10
191.3980780850577
 20
88.97509228550516
 10
192.0247627619678
 20
90.33291916599649
 10
192.6073172975115
 20
91.70037262739991
 10
193.1442701083734
 20
93.07399836359335
 10
193.634264805152
 20
94.45032647675303
 10
194.0760636187177
 20
95.82588024261635
 10
194.4685505269246
 20
97.19718489298927
 10
194.8107340737794
 20
98.5607763933122
 10
195.1017498739454
 20
99.91321019311198
 10
195.3408627962547
 20
101.2510699272353
 10
195.5274688207134
 20
102.5709760458837
 10
195.6610965643085
 20
103.8695943516495
 10
195.7414084717625
 20
105.143644421988
 10
195.7682016682271
 20
106.3899078958488
  0
LWPOLYLINE
  5
159
330
1F
100
AcDbEntity
  8
0
  6
Continuous
 62
7
100
AcDbPolyline
 90
31
 70
128
 10
157.7795666425532
 20
117.3433504280834
 10
157.1918211816067
 20
117.2152449117549
 10
156.5061573361909
 20
117.0047030950302
 10
155.8102229206632
 20
116.7270784318584
 10
155.1081019549
 20
116.3840001341556
 10
154.4039147639147
 20
115.9774815217917
 10
153.7017937981515
 20
115.5099082076291
 10
153.0058593826238
 20
114.9840240977977
 10
152.320195537208
 20
114.4029152893626
 10
151.6488260099913
 20
113.7699919598795
 10
150.9956906643176
 20
113.0889683551167
 10
150.3646223581034
 20
112.3638409923839
 10
149.7593244511027
 20
111.5988652073801
 10
149.1833490721199
 20
110.7985301821907
 10
148.6400762737055
 20
109.967532600983
 10
148.1326941966634
 20
109.110749087995
 10
147.6641803607735
 20
108.233207589566
 10
147.237284191521
 20
107.3400578681477
 10
146.8545108853748
 20
106.4365412814509
 10
146.5181067082986
 20
105.5279600240738
 10
146.2300458137687
 20
104.6196460121162
 10
145.9920186576566
 20
103.7169295933754
 10
145.8054220779616
 20
102.8251082667461
 10
145.6713510976104
 20
101.94941559439
 10
145.5905924984265
 20
101.0949904891124
 10
145.5636202039823
 20
100.2668470571784
 10
145.5905924984265
 20
99.4698451735431
 10
145.6713510976104
 20
98.70866196217374
 10
145.8054220779617
 20
97.98776434882573
 10
145.9920186576566
 20
97.31138284734658
 10
146.0755958267692
 20
97.06928158725955
  0
LWPOLYLINE
  5
15A
330
1F
100
AcDbEntity
  8
0
  6
Continuous
 62
7
100
AcDbPolyline
 90
31
 70
128
 10
151.86926758843
 20
100.3167041172714
 10
151.7560083594074
 20
100.3773473765695
 10
151.4389783014177
 20
100.6039898768569
 10
151.163661820993
 20
100.8931268476038
 10
150.9335211826168
 20
101.2411222236418
 10
150.7514505383474
 20
101.6435997612057
 10
150.6197395321765
 20
102.0954980717376
 10
150.5400445064271
 20
102.5911342717852
 10
150.5133676722881
 20
103.1242754485579
 10
150.5400445064271
 20
103.6882170424223
 10
150.6197395321765
 20
104.2758671606288
 10
150.7514505383475
 20
104.8798357619785
 10
150.9335211826168
 20
105.4925275908788
 10
151.163661820993
 20
106.106237692089
 10
151.4389783014178
 20
106.7132483050035
 10
151.7560083594074
 20
107.3059259189694
 10
152.1107651580376
 20
107.8768172691112
 10
152.4987874247309
 20
108.4187430654621
 10
152.9151955543478
 20
108.9248882767004
 10
153.3547529730529
 20
109.3888878331224
 10
153.8119319912686
 20
109.8049066710873
 10
154.2809833175796
 20
110.167713112328
 10
154.7560083594074
 20
110.4727446553406
 10
155.2310334012353
 20
110.7161653514883
 10
155.7000847275463
 20
110.8949140442811
 10
156.157263745762
 20
111.0067428651948
 10
156.596821164467
 20
111.0502455019216
 10
157.0132292940839
 20
111.0248748835641
 10
157.4012515607772
 20
110.9309500603683
 10
157.7560083594074
 20
110.7696521914826
 10
157.8646753113923
 20
110.702180193495
  0
LINE
  5
15B
330
1F
100
AcDbEntity
  8
0
  6
Continuous
 62
7
370
30
100
AcDbLine
 10
209.1883987409964
 20
65.23423682863422
 30
0.0
 11
217.1883987409963
 21
65.23423682863422
 31
0.0
  0
LINE
  5
15C
330
1F
100
AcDbEntity
  8
0
  6
Continuous
 62
7
370
30
100
AcDbLine
 10
217.1883987409963
 20
125.2342368286342
 30
0.0
 11
209.1883987409964
 21
125.2342368286342
 31
0.0
  0
LINE
  5
15D
330
1F
100
AcDbEntity
  8
0
  6
Continuous
 62
7
370
30
100
AcDbLine
 10
217.1883987409963
 20
82.23423682863422
 30
0.0
 11
209.1883987409964
 21
82.23423682863422
 31
0.0
  0
LINE
  5
15E
330
1F
100
AcDbEntity
  8
0
  6
Continuous
 62
7
370
30
100
AcDbLine
 10
217.1883987409963
 20
82.23423682863422
 30
0.0
 11
217.1883987409963
 21
89.23423682863422
 31
0.0
  0
LINE
  5
15F
330
1F
100
AcDbEntity
  8
0
  6
Continuous
 62
7
370
30
100
AcDbLine
 10
237.1883987409964
 20
89.23423682863422
 30
0.0
 11
217.1883987409963
 21
89.23423682863422
 31
0.0
  0
LINE
  5
160
330
1F
100
AcDbEntity
  8
0
  6
Continuous
 62
7
370
30
100
AcDbLine
 10
237.1883987409964
 20
89.23423682863422
 30
0.0
 11
237.1883987409964
 21
82.23423682863422
 31
0.0
  0
LINE
  5
161
330
1F
100
AcDbEntity
  8
0
  6
Continuous
 62
7
370
30
100
AcDbLine
 10
245.1883987409964
 20
82.23423682863422
 30
0.0
 11
237.1883987409964
 21
82.23423682863422
 31
0.0
  0
LINE
  5
162
330
1F
100
AcDbEntity
  8
0
  6
Continuous
 62
7
370
30
100
AcDbLine
 10
245.1883987409964
 20
82.23423682863422
 30
0.0
 11
245.1883987409964
 21
78.2342368286342
 31
0.0
  0
LINE
  5
163
330
1F
100
AcDbEntity
  8
0
  6
Continuous
 62
7
370
30
100
AcDbLine
 10
217.1883987409963
 20
78.2342368286342
 30
0.0
 11
245.1883987409964
 21
78.2342368286342
 31
0.0
  0
LINE
  5
164
330
1F
100
AcDbEntity
  8
0
  6
Continuous
 62
7
370
30
100
AcDbLine
 10
209.1883987409964
 20
82.23423682863422
 30
0.0
 11
209.1883987409964
 21
65.23423682863422
 31
0.0
  0
LINE
  5
165
330
1F
100
AcDbEntity
  8
0
  6
Continuous
 62
7
370
30
100
AcDbLine
 10
217.1883987409963
 20
78.2342368286342
 30
0.0
 11
217.1883987409963
 21
65.23423682863422
 31
0.0
  0
LINE
  5
166
330
1F
100
AcDbEntity
  8
0
  6
Continuous
 62
7
370
30
100
AcDbLine
 10
245.1883987409964
 20
112.2342368286342
 30
0.0
 11
217.1883987409963
 21
112.2342368286342
 31
0.0
  0
LINE
  5
167
330
1F
100
AcDbEntity
  8
0
  6
Continuous
 62
7
370
30
100
AcDbLine
 10
209.1883987409964
 20
108.2342368286342
 30
0.0
 11
217.1883987409963
 21
108.2342368286342
 31
0.0
  0
LINE
  5
168
330
1F
100
AcDbEntity
  8
0
  6
Continuous
 62
7
370
30
100
AcDbLine
 10
209.1883987409964
 20
108.2342368286342
 30
0.0
 11
209.1883987409964
 21
82.23423682863422
 31
0.0
  0
LINE
  5
169
330
1F
100
AcDbEntity
  8
0
  6
Continuous
 62
7
370
30
100
AcDbLine
 10
237.1883987409964
 20
108.2342368286342
 30
0.0
 11
245.1883987409964
 21
108.2342368286342
 31
0.0
  0
LINE
  5
16A
330
1F
100
AcDbEntity
  8
0
  6
Continuous
 62
7
370
30
100
AcDbLine
 10
245.1883987409964
 20
82.23423682863422
 30
0.0
 11
245.1883987409964
 21
108.2342368286342
 31
0.0
  0
LINE
  5
16B
330
1F
100
AcDbEntity
  8
0
  6
Continuous
 62
7
370
30
100
AcDbLine
 10
217.1883987409963
 20
101.2342368286342
 30
0.0
 11
237.1883987409964
 21
101.2342368286342
 31
0.0
  0
LINE
  5
16C
330
1F
100
AcDbEntity
  8
0
  6
Continuous
 62
7
370
30
100
AcDbLine
 10
217.1883987409963
 20
89.23423682863422
 30
0.0
 11
217.1883987409963
 21
101.2342368286342
 31
0.0
  0
LINE
  5
16D
330
1F
100
AcDbEntity
  8
0
  6
Continuous
 62
7
370
30
100
AcDbLine
 10
237.1883987409964
 20
101.2342368286342
 30
0.0
 11
237.1883987409964
 21
89.23423682863422
 31
0.0
  0
LINE
  5
16E
330
1F
100
AcDbEntity
  8
0
  6
Continuous
 62
7
370
30
100
AcDbLine
 10
217.1883987409963
 20
101.2342368286342
 30
0.0
 11
217.1883987409963
 21
108.2342368286342
 31
0.0
  0
LINE
  5
16F
330
1F
100
AcDbEntity
  8
0
  6
Continuous
 62
7
370
30
100
AcDbLine
 10
237.1883987409964
 20
108.2342368286342
 30
0.0
 11
237.1883987409964
 21
101.2342368286342
 31
0.0
  0
LINE
  5
170
330
1F
100
AcDbEntity
  8
0
  6
Continuous
 62
7
370
30
100
AcDbLine
 10
245.1883987409964
 20
112.2342368286342
 30
0.0
 11
245.1883987409964
 21
108.2342368286342
 31
0.0
  0
LINE
  5
171
330
1F
100
AcDbEntity
  8
0
  6
Continuous
 62
7
370
30
100
AcDbLine
 10
209.1883987409964
 20
125.2342368286342
 30
0.0
 11
209.1883987409964
 21
108.2342368286342
 31
0.0
  0
LINE
  5
172
330
1F
100
AcDbEntity
  8
0
  6
Continuous
 62
7
370
30
100
AcDbLine
 10
217.1883987409963
 20
125.2342368286342
 30
0.0
 11
217.1883987409963
 21
112.2342368286342
 31
0.0
  0
HATCH
  5
173
330
1F
100
AcDbEntity
  8
0
  6
Continuous
 62
7
370
30
100
AcDbHatch
 10
0.0
 20
0.0
 30
0.0
210
0.0
220
0.0
230
1.0
  2
ANSI31
 70
0
 71
0
 91
1
 92
0
 93
10
 72
1
 10
217.1883987409962
 20
65.2342368286342
 11
217.1883987409963
 21
78.23423682863418
 72
1
 10
217.1883987409963
 20
78.23423682863418
 11
245.1883987409963
 21
78.2342368286341
 72
1
 10
245.1883987409963
 20
78.2342368286341
 11
245.1883987409963
 21
82.2342368286341
 72
1
 10
245.1883987409963
 20
82.2342368286341
 11
237.1883987409963
 21
82.23423682863412
 72
1
 10
237.1883987409963
 20
82.23423682863412
 11
237.1883987409963
 21
89.23423682863411
 72
1
 10
237.1883987409963
 20
89.23423682863411
 11
217.1883987409963
 21
89.23423682863418
 72
1
 10
217.1883987409963
 20
89.23423682863418
 11
217.1883987409963
 21
82.2342368286342
 72
1
 10
217.1883987409963
 20
82.2342368286342
 11
209.1883987409963
 21
82.23423682863422
 72
1
 10
209.1883987409963
 20
82.23423682863422
 11
209.1883987409963
 21
65.23423682863422
 72
1
 10
209.1883987409963
 20
65.23423682863422
 11
217.1883987409962
 21
65.2342368286342
 97
0
 75
0
 76
1
 52
0.0
 41
1.0
 77
0
 78
1
 53
45.0
 43
0.0
 44
0.0
 45
-2.245064030267288
 46
2.245064030267288
 79
0
 98
1
 10
0.0
 20
0.0
  0
HATCH
  5
174
330
1F
100
AcDbEntity
  8
0
  6
Continuous
 62
7
370
30
100
AcDbHatch
 10
0.0
 20
0.0
 30
0.0
210
0.0
220
0.0
230
1.0
  2
ANSI31
 70
0
 71
0
 91
1
 92
0
 93
10
 72
1
 10
245.1883987409964
 20
108.2342368286341
 11
245.1883987409964
 21
112.2342368286341
 72
1
 10
245.1883987409964
 20
112.2342368286341
 11
217.1883987409964
 21
112.2342368286342
 72
1
 10
217.1883987409964
 20
112.2342368286342
 11
217.1883987409965
 21
125.2342368286342
 72
1
 10
217.1883987409965
 20
125.2342368286342
 11
209.1883987409965
 21
125.2342368286342
 72
1
 10
209.1883987409965
 20
125.2342368286342
 11
209.1883987409964
 21
108.2342368286342
 72
1
 10
209.1883987409964
 20
108.2342368286342
 11
217.1883987409964
 21
108.2342368286342
 72
1
 10
217.1883987409964
 20
108.2342368286342
 11
217.1883987409964
 21
101.2342368286342
 72
1
 10
217.1883987409964
 20
101.2342368286342
 11
237.1883987409964
 21
101.2342368286341
 72
1
 10
237.1883987409964
 20
101.2342368286341
 11
237.1883987409964
 21
108.2342368286341
 72
1
 10
237.1883987409964
 20
108.2342368286341
 11
245.1883987409964
 21
108.2342368286341
 97
0
 75
0
 76
1
 52
0.0
 41
1.0
 77
0
 78
1
 53
45.0
 43
0.0
 44
0.0
 45
-2.245064030267288
 46
2.245064030267288
 79
0
 98
1
 10
0.0
 20
0.0
  0
LINE
  5
1C5
330
1F
100
AcDbEntity
  8
0
  6
JIS_02_0.7
100
AcDbLine
 10
48.77167908885567
 20
92.8844206024684
 30
0.0
 11
48.77167908885567
 21
84.8844206024684
 31
0.0
  0
LINE
  5
1C6
330
1F
100
AcDbEntity
  8
0
  6
JIS_02_0.7
100
AcDbLine
 10
53.97167908885951
 20
92.88442060246838
 30
0.0
 11
53.97167908885951
 21
84.8844206024684
 31
0.0
  0
LINE
  5
1C9
330
1F
100
AcDbEntity
  8
0
  6
JIS_02_0.7
100
AcDbLine
 10
90.34089847050934
 20
92.8844206024684
 30
0.0
 11
90.34089847050932
 21
84.8844206024684
 31
0.0
  0
LINE
  5
1CC
330
1F
100
AcDbEntity
  8
0
  6
JIS_02_0.7
100
AcDbLine
 10
95.54089847051193
 20
92.8844206024684
 30
0.0
 11
95.54089847051196
 21
84.8844206024684
 31
0.0
  0
LINE
  5
1CD
330
1F
100
AcDbEntity
  8
0
  6
CENTER
100
AcDbLine
 10
51.37167908885761
 20
96.52348346917273
 30
0.0
 11
51.37167908885761
 21
76.72122205069388
 31
0.0
  0
LINE
  5
1CE
330
1F
100
AcDbEntity
  8
0
  6
CENTER
100
AcDbLine
 10
92.94089847051067
 20
96.69273351243947
 30
0.0
 11
92.94089847051067
 21
80.61397402371637
 31
0.0
  0
MULTILEADER
  5
247
330
1F
100
AcDbEntity
  8
0
160
452
310
C4010000170000000C00000016000000000000C00C00000033000000000000000C00000013000000993A00000C00000033000000000000000C00000010000000000000000C00000016000000000000C00C00000012000000FF7F00000C00000013000000010000000C00000014000000010000005400000007000000030000
310
00952B8918D4BD5240C400C25181844D40000000000000000098985DE4B202524090B056682AEC4E400000000000000000E6547C6509EE5240877085E353114E4000000000000000000C00000014000000010000000C00000013000000891300003C00000006000000020000003DC002BFEED55240A5B8A39AEACA4D400000
310
00000000000080DC0E9145A1554060DD062B61F7494000000000000000000C00000013000000112700003C000000060000000200000080DC0E9145A1554060DD062B61F74940000000000000000057807FCE4FB8554060DD062B61F7494000000000000000000C00000016000000000000C00C00000012000000FF7F00000C
310
00000017000000000000000C000000130000009A3A00000C00000016000000000000C00C00000012000000FF7F00000C00000017000000FFFFFFFF0C0000003300000000000000
100
AcDbMLeader
270
2
300
CONTEXT_DATA{
 40
1.0
 10
86.87987101031591
 20
51.93265283427422
 30
0.0
 41
4.0
140
4.0
145
2.0
174
1
175
6
176
0
177
0
290
1
304

 11
0.0
 21
0.0
 31
1.0
340
11
 12
88.8798710103159
 22
53.93265283427422
 32
0.0
 13
1.0
 23
0.0
 33
0.0
 42
0.0
 43
0.0
 44
0.0
 45
1.0
170
1
 90
-1073741824
171
1
172
5
 91
-1073741824
141
0.0
 92
0
291
0
292
0
173
0
293
0
142
0.0
143
0.0
294
0
295
0
296
0
110
72.04216870441665
120
61.8450441764154
130
0.0
111
1.0
121
0.0
131
0.0
112
0.0
122
1.0
132
0.0
297
0
302
LEADER{
290
1
291
1
 10
86.51987101031592
 20
51.93265283427422
 30
0.0
 11
1.0
 21
0.0
 31
0.0
 90
0
 40
0.36
304
LEADER_LINE{
 10
72.04216870441665
 20
61.8450441764154
 30
0.0
 91
0
 92
-1056964608
305
}
271
0
303
}
272
9
273
9
301
}
340
1AE
 90
279552
170
1
 91
-1056964608
341
14
171
-2
290
1
291
1
 41
0.36
 42
4.0
172
2
343
11
173
1
 95
6
174
1
175
0
 92
-1056964608
292
0
 93
-1056964608
 10
1.0
 20
1.0
 30
1.0
 43
0.0
176
0
293
0
294
0
178
0
179
1
 45
1.0
271
0
272
9
273
9
295
1
  0
LINE
  5
248
330
1F
100
AcDbEntity
  8
0
100
AcDbLine
 10
86.87987101031591
 20
51.93265283427422
 30
0.0
 11
94.63502962069401
 21
51.93265283427422
 31
0.0
  0
MTEXT
  5
249
330
1F
100
AcDbEntity
  8
0
370
30
100
AcDbMText
 10
89.15628877968261
 20
56.88442060246838
 30
0.0
 40
3.5
 41
8.028540047434303
 46
0.0
 71
1
 72
5
  1
M3
101
Embedded Object
 70
1
 10
1.0
 20
0.0
 30
0.0
 11
89.15628877968261
 21
56.88442060246838
 31
0.0
 40
8.028540047434303
 41
0.0
 42
6.333333333333333
 43
3.5
 71
2
 72
1
 44
8.028540047434303
 45
17.5
 73
0
 74
0
 46
0.0
  0
LINE
  5
280
330
1F
100
AcDbEntity
  8
0
  6
JIS_02_0.7
100
AcDbLine
 10
209.1883987409964
 20
175.7086768953745
 30
0.0
 11
217.1883987409963
 21
175.7086768953745
 31
0.0
  0
LINE
  5
284
330
1F
100
AcDbEntity
  8
0
  6
JIS_02_0.7
100
AcDbLine
 10
209.1883987409964
 20
170.5086768953745
 30
0.0
 11
217.1883987409963
 21
170.5086768953745
 31
0.0
  0
LINE
  5
285
330
1F
100
AcDbEntity
  8
0
  6
JIS_02_0.7
100
AcDbLine
 10
209.1883987409964
 20
139.7086768953756
 30
0.0
 11
217.1883987409963
 21
139.7086768953756
 31
0.0
  0
LINE
  5
286
330
1F
100
AcDbEntity
  8
0
  6
JIS_02_0.7
100
AcDbLine
 10
209.1883987409964
 20
134.5086768953717
 30
0.0
 11
217.1883987409963
 21
134.5086768953717
 31
0.0
  0
LINE
  5
287
330
1F
100
AcDbEntity
  8
0
  6
CENTERX2
100
AcDbLine
 10
203.012433941607
 20
173.1086768953745
 30
0.0
 11
225.8855147432832
 21
173.3097780029839
 31
0.0
  0
LINE
  5
289
330
1F
100
AcDbEntity
  8
0
  6
CENTERX2
100
AcDbLine
 10
204.2353327456713
 20
137.1086768953754
 30
0.0
 11
225.8645898747982
 21
136.9219019144334
 31
0.0
  0
LINE
  5
29C
330
1F
100
AcDbEntity
  8
0
  6
CENTER
100
AcDbLine
 10
195.2020216136025
 20
149.1086768953745
 30
0.0
 11
269.8554037112208
 21
149.1086768953745
 31
0.0
  0
MULTILEADER
  5
2DA
330
1F
100
AcDbEntity
  8
0
160
452
310
C4010000170000000C00000016000000000000C00C00000033000000000000000C00000013000000993A00000C00000033000000000000000C00000010000000000000000C00000016000000000000C00C00000012000000FF7F00000C00000013000000010000000C00000014000000010000005400000007000000030000
310
00660ABE54C6345840F9F22F29D04861400000000000000000C8EC37AE373C5740FCEEF7477A2361400000000000000000B3DC6F211F0F58401974AA001A6F614000000000000000000C00000014000000010000000C00000013000000891300003C00000006000000020000008CF316BBF22158408933ED14F55B61400000
310
0000000000000003549839625B4016F89DF69228624000000000000000000C00000013000000112700003C00000006000000020000000003549839625B4016F89DF6922862400000000000000000D7A6C4D543795B4016F89DF69228624000000000000000000C00000016000000000000C00C00000012000000FF7F00000C
310
00000017000000000000000C000000130000009A3A00000C00000016000000000000C00C00000012000000FF7F00000C00000017000000FFFFFFFF0C0000003300000000000000
100
AcDbMLeader
270
2
300
CONTEXT_DATA{
 40
1.0
 10
109.8947653217723
 20
145.2679398618062
 30
0.0
 41
4.0
140
4.0
145
2.0
174
1
175
6
176
0
177
0
290
1
304

 11
0.0
 21
0.0
 31
1.0
340
11
 12
111.8947653217723
 22
147.2679398618062
 32
0.0
 13
1.0
 23
0.0
 33
0.0
 42
0.0
 43
0.0
 44
0.0
 45
1.0
170
1
 90
-1073741824
171
1
172
5
 91
-1073741824
141
0.0
 92
0
291
0
292
0
173
0
293
0
142
0.0
143
0.0
294
0
295
0
296
0
110
92.94089847051067
120
137.1086768953754
130
0.0
111
1.0
121
0.0
131
0.0
112
0.0
122
1.0
132
0.0
297
0
302
LEADER{
290
1
291
1
 10
109.5347653217723
 20
145.2679398618062
 30
0.0
 11
1.0
 21
0.0
 31
0.0
 90
0
 40
0.36
304
LEADER_LINE{
 10
92.94089847051067
 20
137.1086768953754
 30
0.0
 91
0
 92
-1056964608
305
}
271
0
303
}
272
9
273
9
301
}
340
1AE
 90
279552
170
1
 91
-1056964608
341
14
171
-2
290
1
291
1
 41
0.36
 42
4.0
172
2
343
11
173
1
 95
6
174
1
175
0
 92
-1056964608
292
0
 93
-1056964608
 10
1.0
 20
1.0
 30
1.0
 43
0.0
176
0
293
0
294
0
178
0
179
1
 45
1.0
271
0
272
9
273
9
295
1
  0
LINE
  5
2E1
330
1F
100
AcDbEntity
  8
0
100
AcDbLine
 10
109.8947653217723
 20
145.2679398618062
 30
0.0
 11
122.3585220899008
 21
145.2679398618062
 31
0.0
  0
MTEXT
  5
2E2
330
1F
100
AcDbEntity
  8
0
370
30
100
AcDbMText
 10
110.1281660920836
 20
151.1214705490428
 30
0.0
 40
3.5
 41
12.23035599781724
 46
0.0
 71
1
 72
5
  1
3*∅3
101
Embedded Object
 70
1
 10
1.0
 20
0.0
 30
0.0
 11
110.1281660920836
 21
151.1214705490428
 31
0.0
 40
12.23035599781724
 41
0.0
 42
11.5
 43
3.5
 71
2
 72
1
 44
12.23035599781724
 45
17.5
 73
0
 74
0
 46
0.0
  0
DIMENSION
  5
5C7
330
1F
100
AcDbEntity
  8
0
100
AcDbDimension
280
0
  2
*D14
  3
ISO-25
 10
57.94094871304755
 20
139.7853670329963
 30
0.0
 11
128.5696525777445
 21
183.1212480831895
 31
0.0
 70
163
 71
5
 42
17.0
 73
0
 74
0
 75
0
100
AcDbDiametricDimension
 15
86.37162884631766
 25
158.4319867577528
 35
0.0
 40
0.0
1001
ACAD
1000
DSTYLE
1002
{
1070
41
1040
4.08
1070
42
1040
0.0
1070
44
1040
2.0
1070
73
1070
1
1070
74
1070
1
1070
78
1070
0
1070
140
1040
3.5
1070
143
1040
0.0393700787401575
1070
144
1040
0.5
1070
147
1040
1.524
1070
179
1070
2
1070
271
1070
0
1070
272
1070
0
1070
284
1070
0
1002
}
1001
ACAD_DSTYLE_DIMRADIAL_EXTENSION
1070
387
1070
1
1070
388
1040
0.0
1070
390
1040
0.0
  0
DIMENSION
  5
5D4
330
1F
100
AcDbEntity
  8
0
100
AcDbDimension
280
0
  2
*D15
  3
ISO-25
 10
60.0263111305966
 20
144.4328195159549
 30
0.0
 11
140.6159672435272
 21
173.7693946044752
 31
0.0
 70
163
 71
5
 42
12.99999999999999
 73
0
 74
0
 75
0
100
AcDbDiametricDimension
 15
84.28626642876864
 25
153.7845342747942
 35
0.0
 40
0.0
1001
ACAD
1000
DSTYLE
1002
{
1070
41
1040
4.08
1070
42
1040
0.0
1070
44
1040
2.0
1070
73
1070
1
1070
74
1070
1
1070
78
1070
0
1070
140
1040
3.5
1070
143
1040
0.0393700787401575
1070
144
1040
0.5
1070
147
1040
1.524
1070
179
1070
2
1070
271
1070
0
1070
272
1070
0
1070
284
1070
0
1002
}
1001
ACAD_DSTYLE_DIMRADIAL_EXTENSION
1070
387
1070
1
1070
388
1040
0.0
1070
390
1040
0.0
  0
DIMENSION
  5
5E1
330
1F
100
AcDbEntity
  8
0
100
AcDbDimension
280
0
  2
*D16
  3
ISO-25
 10
66.32129207918437
 20
147.7112458576575
 30
0.0
 11
143.087469269851
 21
166.0960786449603
 31
0.0
 70
163
 71
5
 42
6.000000000000014
 73
0
 74
0
 75
0
100
AcDbDiametricDimension
 15
77.99128548018085
 25
150.5061079330916
 35
0.0
 40
0.0
1001
ACAD
1000
DSTYLE
1002
{
1070
41
1040
4.08
1070
42
1040
0.0
1070
44
1040
2.0
1070
73
1070
1
1070
74
1070
1
1070
78
1070
0
1070
140
1040
3.5
1070
143
1040
0.0393700787401575
1070
144
1040
0.5
1070
147
1040
1.524
1070
179
1070
2
1070
271
1070
0
1070
272
1070
0
1070
284
1070
0
1002
}
1001
ACAD_DSTYLE_DIMRADIAL_EXTENSION
1070
387
1070
1
1070
388
1040
0.0
1070
390
1040
0.0
  0
DIMENSION
  5
5EE
330
1F
100
AcDbEntity
  8
0
100
AcDbDimension
280
0
  2
*D17
  3
ISO-25
 10
34.70178036808376
 20
84.88442060246842
 30
0.0
 11
34.70178036808378
 21
88.8844206024684
 31
0.0
 70
32
 71
5
 42
4.0
 73
0
 74
0
 75
0
100
AcDbAlignedDimension
 13
42.15628877968261
 23
92.8844206024684
 33
0.0
 14
42.15628877968261
 24
84.8844206024684
 34
0.0
 50
90.0
100
AcDbRotatedDimension
1001
ACAD
1000
DSTYLE
1002
{
1070
41
1040
4.08
1070
42
1040
0.0
1070
44
1040
2.0
1070
73
1070
1
1070
74
1070
1
1070
78
1070
0
1070
140
1040
3.5
1070
143
1040
0.0393700787401575
1070
144
1040
0.5
1070
147
1040
1.524
1070
179
1070
2
1070
271
1070
0
1070
272
1070
0
1070
284
1070
0
1002
}
  0
DIMENSION
  5
5FE
330
1F
100
AcDbEntity
  8
0
100
AcDbDimension
280
0
  2
*D18
  3
ISO-25
 10
245.1883987409964
 20
197.5413023126795
 30
0.0
 11
231.1883987409963
 21
200.8153023126795
 31
0.0
 70
32
 71
5
 42
14.0
 73
0
 74
0
 75
0
100
AcDbAlignedDimension
 13
217.1883987409963
 23
166.1086768953746
 33
0.0
 14
245.1883987409964
 24
166.1086768953746
 34
0.0
 50
0.0
100
AcDbRotatedDimension
1001
ACAD
1000
DSTYLE
1002
{
1070
41
1040
4.08
1070
42
1040
0.0
1070
44
1040
2.0
1070
73
1070
1
1070
74
1070
1
1070
78
1070
0
1070
140
1040
3.5
1070
143
1040
0.0393700787401575
1070
144
1040
0.5
1070
147
1040
1.524
1070
179
1070
2
1070
271
1070
0
1070
272
1070
0
1070
284
1070
0
1002
}
  0
DIMENSION
  5
60B
330
1F
100
AcDbEntity
  8
0
100
AcDbDimension
280
0
  2
*D19
  3
ISO-25
 10
267.8852447267708
 20
82.23423682863424
 30
0.0
 11
267.8852447267707
 21
95.23423682863417
 31
0.0
 70
32
 71
5
 42
13.0
 73
0
 74
0
 75
0
100
AcDbAlignedDimension
 13
245.1883987409964
 23
108.2342368286342
 33
0.0
 14
245.1883987409964
 24
82.23423682863422
 34
0.0
 50
90.0
100
AcDbRotatedDimension
1001
ACAD
1000
DSTYLE
1002
{
1070
41
1040
4.08
1070
42
1040
0.0
1070
44
1040
2.0
1070
73
1070
1
1070
74
1070
1
1070
78
1070
0
1070
140
1040
3.5
1070
143
1040
0.0393700787401575
1070
144
1040
0.5
1070
147
1040
1.524
1070
179
1070
2
1070
271
1070
0
1070
272
1070
0
1070
284
1070
0
1002
}
  0
DIMENSION
  5
619
330
1F
100
AcDbEntity
  8
0
100
AcDbDimension
280
0
  2
*D20
  3
ISO-25
 10
280.7612415099201
 20
78.23423682863424
 30
0.0
 11
280.76124150992
 21
95.23423682863417
 31
0.0
 70
32
 71
5
 42
17.00000000000001
 73
0
 74
0
 75
0
100
AcDbAlignedDimension
 13
245.1883987409964
 23
112.2342368286342
 33
0.0
 14
245.1883987409964
 24
78.2342368286342
 34
0.0
 50
90.0
100
AcDbRotatedDimension
1001
ACAD
1000
DSTYLE
1002
{
1070
41
1040
4.08
1070
42
1040
0.0
1070
44
1040
2.0
1070
73
1070
1
1070
74
1070
1
1070
78
1070
0
1070
140
1040
3.5
1070
143
1040
0.0393700787401575
1070
144
1040
0.5
1070
147
1040
1.524
1070
179
1070
2
1070
271
1070
0
1070
272
1070
0
1070
284
1070
0
1002
}
  0
DIMENSION
  5
627
330
1F
100
AcDbEntity
  8
0
100
AcDbDimension
280
0
  2
*D21
  3
ISO-25
 10
245.1883987409964
 20
64.03633338136825
 30
0.0
 11
241.1883987409964
 21
67.31033338136825
 31
0.0
 70
32
 71
5
 42
3.999999999999985
 73
0
 74
0
 75
0
100
AcDbAlignedDimension
 13
237.1883987409964
 23
82.23423682863422
 33
0.0
 14
245.1883987409964
 24
82.23423682863422
 34
0.0
 50
0.0
100
AcDbRotatedDimension
1001
ACAD
1000
DSTYLE
1002
{
1070
41
1040
4.08
1070
42
1040
0.0
1070
44
1040
2.0
1070
73
1070
1
1070
74
1070
1
1070
78
1070
0
1070
140
1040
3.5
1070
143
1040
0.0393700787401575
1070
144
1040
0.5
1070
147
1040
1.524
1070
179
1070
2
1070
271
1070
0
1070
272
1070
0
1070
284
1070
0
1002
}
  0
DIMENSION
  5
636
330
1F
100
AcDbEntity
  8
0
100
AcDbDimension
280
0
  2
*D22
  3
ISO-25
 10
193.3197691915942
 20
119.1086768953746
 30
0.0
 11
193.3197691915942
 21
149.1086768953745
 31
0.0
 70
32
 71
5
 42
30.0
 73
0
 74
0
 75
0
100
AcDbAlignedDimension
 13
209.1883987409964
 23
179.1086768953745
 33
0.0
 14
209.1883987409964
 24
119.1086768953745
 34
0.0
 50
90.0
100
AcDbRotatedDimension
1001
ACAD
1000
DSTYLE
1002
{
1070
41
1040
4.08
1070
42
1040
0.0
1070
44
1040
2.0
1070
73
1070
1
1070
74
1070
1
1070
78
1070
0
1070
140
1040
3.5
1070
143
1040
0.0393700787401575
1070
144
1040
0.5
1070
147
1040
1.524
1070
179
1070
2
1070
271
1070
0
1070
272
1070
0
1070
284
1070
0
1002
}
  0
INSERT
  5
6A9
330
1F
100
AcDbEntity
  8
0
100
AcDbBlockReference
 66
1
  2
HH_FRAME_A4
 10
0.9056603773584868
 20
0.0
 30
0.0
 41
0.9905660377358491
 42
0.9905660377358491
  0
ATTRIB
  5
6AB
330
1F
100
AcDbEntity
  8
HH_TITLE
100
AcDbText
 10
154.65486538053847
 20
32.193396226415096
 30
0.0
 40
4.952830188679245
  1
“从动轮法兰”
  7
HH_CHN
 11
154.65486538053847
 21
32.193396226415096
 31
0.0
100
AcDbAttribute
  2
TITLE
 70
0
 71
1
 72
0
 11
154.65486538053847
 21
32.193396226415096
 31
0.0
  0
ATTRIB
  5
6AC
330
1F
100
AcDbEntity
  8
HH_TITLE
100
AcDbText
 10
229.18104727581093
 20
32.93632075471698
 30
0.0
 40
3.4669811320754715
  1

  7
HH_CHN
 11
229.18104727581093
 21
32.93632075471698
 31
0.0
100
AcDbAttribute
  2
DWG_NO
 70
0
 71
1
 72
0
 11
229.18104727581093
 21
32.93632075471698
 31
0.0
  0
ATTRIB
  5
6AD
330
1F
100
AcDbEntity
  8
HH_TITLE
100
AcDbText
 10
265.90990036039864
 20
42.594339622641506
 30
0.0
 40
2.9716981132075473
  1
2:1
  7
HH_CHN
 11
265.90990036039864
 21
42.594339622641506
 31
0.0
100
AcDbAttribute
  2
SCALE
 70
0
 71
1
 72
0
 11
265.90990036039864
 21
42.594339622641506
 31
0.0
  0
ATTRIB
  5
6AE
330
1F
100
AcDbEntity
  8
HH_TITLE
100
AcDbText
 10
265.90990036039864
 20
31.69811320754717
 30
0.0
 40
2.9716981132075473
  1

  7
HH_CHN
 11
265.90990036039864
 21
31.69811320754717
 31
0.0
100
AcDbAttribute
  2
STAGE
 70
0
 71
1
 72
0
 11
265.90990036039864
 21
31.69811320754717
 31
0.0
  0
ATTRIB
  5
6AF
330
1F
100
AcDbEntity
  8
HH_TITLE
100
AcDbText
 10
123.69578121687519
 20
18.919811320754718
 30
0.0
 40
2.7735849056603765
  1
PLA
  7
HH_CHN
 11
123.69578121687519
 21
18.919811320754718
 31
0.0
100
AcDbAttribute
  2
MATERIAL
 70
0
 71
1
 72
0
 11
123.69578121687519
 21
18.919811320754718
 31
0.0
  0
ATTRIB
  5
6B0
330
1F
100
AcDbEntity
  8
HH_TITLE
100
AcDbText
 10
159.35615857536575
 20
18.919811320754718
 30
0.0
 40
2.7735849056603765
  1

  7
HH_CHN
 11
159.35615857536575
 21
18.919811320754718
 31
0.0
100
AcDbAttribute
  2
WEIGHT
 70
0
 71
1
 72
0
 11
159.35615857536575
 21
18.919811320754718
 31
0.0
  0
ATTRIB
  5
6B1
330
1F
100
AcDbEntity
  8
HH_TITLE
100
AcDbText
 10
195.0165359338562
 20
18.919811320754718
 30
0.0
 40
2.7735849056603765
  1

  7
HH_CHN
 11
195.0165359338562
 21
18.919811320754718
 31
0.0
100
AcDbAttribute
  2
VERSION
 70
0
 71
1
 72
0
 11
195.0165359338562
 21
18.919811320754718
 31
0.0
  0
ATTRIB
  5
6B2
330
1F
100
AcDbEntity
  8
HH_TITLE
100
AcDbText
 10
230.67691329234688
 20
18.919811320754718
 30
0.0
 40
2.7735849056603765
  1

  7
HH_CHN
 11
230.67691329234688
 21
18.919811320754718
 31
0.0
100
AcDbAttribute
  2
DATE
 70
0
 71
1
 72
0
 11
230.67691329234688
 21
18.919811320754718
 31
0.0
  0
ATTRIB
  5
6B3
330
1F
100
AcDbEntity
  8
HH_TITLE
100
AcDbText
 10
266.3372906508374
 20
18.919811320754718
 30
0.0
 40
2.7735849056603765
  1

  7
HH_CHN
 11
266.3372906508374
 21
18.919811320754718
 31
0.0
100
AcDbAttribute
  2
SHEET
 70
0
 71
1
 72
0
 11
266.3372906508374
 21
18.919811320754718
 31
0.0
  0
ATTRIB
  5
6B4
330
1F
100
AcDbEntity
  8
HH_TITLE
100
AcDbText
 10
123.69578121687519
 20
8.023584905660375
 30
0.0
 40
2.7735849056603765
  1

  7
HH_CHN
 11
123.69578121687519
 21
8.023584905660375
 31
0.0
100
AcDbAttribute
  2
DESIGN
 70
0
 71
1
 72
0
 11
123.69578121687519
 21
8.023584905660375
 31
0.0
  0
ATTRIB
  5
6B5
330
1F
100
AcDbEntity
  8
HH_TITLE
100
AcDbText
 10
159.35615857536575
 20
8.023584905660375
 30
0.0
 40
2.7735849056603765
  1

  7
HH_CHN
 11
159.35615857536575
 21
8.023584905660375
 31
0.0
100
AcDbAttribute
  2
CHECKED
 70
0
 71
1
 72
0
 11
159.35615857536575
 21
8.023584905660375
 31
0.0
  0
ATTRIB
  5
6B6
330
1F
100
AcDbEntity
  8
HH_TITLE
100
AcDbText
 10
195.0165359338562
 20
8.023584905660375
 30
0.0
 40
2.7735849056603765
  1

  7
HH_CHN
 11
195.0165359338562
 21
8.023584905660375
 31
0.0
100
AcDbAttribute
  2
REVIEWED
 70
0
 71
1
 72
0
 11
195.0165359338562
 21
8.023584905660375
 31
0.0
  0
ATTRIB
  5
6B7
330
1F
100
AcDbEntity
  8
HH_TITLE
100
AcDbText
 10
230.67691329234688
 20
8.023584905660375
 30
0.0
 40
2.7735849056603765
  1

  7
HH_CHN
 11
230.67691329234688
 21
8.023584905660375
 31
0.0
100
AcDbAttribute
  2
APPROVED
 70
0
 71
1
 72
0
 11
230.67691329234688
 21
8.023584905660375
 31
0.0
  0
ATTRIB
  5
6B8
330
1F
100
AcDbEntity
  8
HH_TITLE
100
AcDbText
 10
266.3372906508374
 20
8.023584905660375
 30
0.0
 40
2.7735849056603765
  1

  7
HH_CHN
 11
266.3372906508374
 21
8.023584905660375
 31
0.0
100
AcDbAttribute
  2
COUNTERSIGN
 70
0
 71
1
 72
0
 11
266.3372906508374
 21
8.023584905660375
 31
0.0
  0
SEQEND
  5
6AA
330
6A9
100
AcDbEntity
  8
0
  0
ENDSEC
  0
SECTION
  2
OBJECTS
  0
DICTIONARY
  5
C
330
0
100
AcDbDictionary
281
1
  3
ACAD_CIP_PREVIOUS_PRODUCT_INFO
350
1B8
  3
ACAD_COLOR
350
1AA
  3
ACAD_DETAILVIEWSTYLE
350
1B1
  3
ACAD_GROUP
350
D
  3
ACAD_LAST_SAVED_VERSION_INFO
350
24F
  3
ACAD_LAYOUT
350
1A
  3
ACAD_MATERIAL
350
178
  3
ACAD_MLEADERSTYLE
350
1AD
  3
ACAD_MLINESTYLE
350
17
  3
ACAD_PLOTSETTINGS
350
19
  3
ACAD_PLOTSTYLENAME
350
E
  3
ACAD_SCALELIST
350
47
  3
ACAD_SECTIONVIEWSTYLE
350
1AF
  3
ACAD_TABLESTYLE
350
1AB
  3
ACAD_VISUALSTYLE
350
191
  3
ACDB_RECOMPOSE_DATA
350
666
  3
AcDbVariableDictionary
350
1B9
  3
EZDXF_META
350
6BB
  0
DICTIONARY
  5
26F
330
2
100
AcDbDictionary
280
1
281
1
  3
ACAD_LAYERSTATES
360
270
  0
DICTIONARY
  5
250
330
10
100
AcDbDictionary
280
1
281
1
  3
ADSK_XREC_LAYER_RECONCILED
360
251
  0
DICTIONARY
  5
252
330
63
100
AcDbDictionary
280
1
281
1
  3
ADSK_XREC_LAYER_RECONCILED
360
253
  0
DICTIONARY
  5
254
330
64
100
AcDbDictionary
280
1
281
1
  3
ADSK_XREC_LAYER_RECONCILED
360
255
  0
DICTIONARY
  5
256
330
65
100
AcDbDictionary
280
1
281
1
  3
ADSK_XREC_LAYER_RECONCILED
360
257
  0
DICTIONARY
  5
258
330
66
100
AcDbDictionary
280
1
281
1
  3
ADSK_XREC_LAYER_RECONCILED
360
259
  0
DICTIONARY
  5
25A
330
67
100
AcDbDictionary
280
1
281
1
  3
ADSK_XREC_LAYER_RECONCILED
360
25B
  0
DICTIONARY
  5
25C
330
68
100
AcDbDictionary
280
1
281
1
  3
ADSK_XREC_LAYER_RECONCILED
360
25D
  0
DICTIONARY
  5
25E
330
69
100
AcDbDictionary
280
1
281
1
  3
ADSK_XREC_LAYER_RECONCILED
360
25F
  0
DICTIONARY
  5
260
330
6A
100
AcDbDictionary
280
1
281
1
  3
ADSK_XREC_LAYER_RECONCILED
360
261
  0
DICTIONARY
  5
262
330
6B
100
AcDbDictionary
280
1
281
1
  3
ADSK_XREC_LAYER_RECONCILED
360
263
  0
DICTIONARY
  5
264
330
6C
100
AcDbDictionary
280
1
281
1
  3
ADSK_XREC_LAYER_RECONCILED
360
265
  0
DICTIONARY
  5
266
330
6D
100
AcDbDictionary
280
1
281
1
  3
ADSK_XREC_LAYER_RECONCILED
360
267
  0
DICTIONARY
  5
268
330
6E
100
AcDbDictionary
280
1
281
1
  3
ADSK_XREC_LAYER_RECONCILED
360
269
  0
DICTIONARY
  5
26A
330
6F
100
AcDbDictionary
280
1
281
1
  3
ADSK_XREC_LAYER_RECONCILED
360
26B
  0
DICTIONARY
  5
1CA
330
1F
100
AcDbDictionary
280
1
281
1
  3
ACAD_SORTENTS
360
1CB
  0
XRECORD
  5
1B8
102
{ACAD_REACTORS
330
C
102
}
330
C
100
AcDbXrecord
280
1
300

300

300

  0
DICTIONARY
  5
1AA
102
{ACAD_REACTORS
330
C
102
}
330
C
100
AcDbDictionary
281
1
  0
DICTIONARY
  5
1B1
102
{ACAD_REACTORS
330
C
102
}
330
C
100
AcDbDictionary
281
1
  3
Metric50
350
1B2
  0
DICTIONARY
  5
D
102
{ACAD_REACTORS
330
C
102
}
330
C
100
AcDbDictionary
281
1
  0
XRECORD
  5
24F
102
{ACAD_REACTORS
330
C
102
}
330
C
100
AcDbXrecord
280
1
300
{100D2D6D-0D88-3A45-9C66-EF7DF2CCEFF8}
301
{25DA53D0-CF5F-EA4D-93A8-0E1FB8F8F465}
302
{100D2D6D-0D88-3A45-9C66-EF7DF2CCEFF8}
303
D:\sw1\工程训练\cad\从法兰.DWG
  0
DICTIONARY
  5
1A
102
{ACAD_REACTORS
330
C
102
}
330
C
100
AcDbDictionary
281
1
  3
Layout1
350
1E
  3
Layout2
350
26
  3
Model
350
22
  0
DICTIONARY
  5
178
102
{ACAD_REACTORS
330
C
102
}
330
C
100
AcDbDictionary
281
1
  3
ByBlock
350
181
  3
ByLayer
350
179
  3
Global
350
189
  0
DICTIONARY
  5
1AD
102
{ACAD_REACTORS
330
C
102
}
330
C
100
AcDbDictionary
281
1
  3
Standard
350
1AE
  0
DICTIONARY
  5
17
102
{ACAD_REACTORS
330
C
102
}
330
C
100
AcDbDictionary
281
1
  3
Standard
350
18
  0
DICTIONARY
  5
19
102
{ACAD_REACTORS
330
C
102
}
330
C
100
AcDbDictionary
281
1
  0
ACDBDICTIONARYWDFLT
  5
E
102
{ACAD_REACTORS
330
C
102
}
330
C
100
AcDbDictionary
281
1
  3
Normal
350
F
100
AcDbDictionaryWithDefault
340
F
  0
DICTIONARY
  5
47
102
{ACAD_REACTORS
330
C
102
}
330
C
100
AcDbDictionary
281
1
  3
A0
350
48
  3
A1
350
49
  3
A2
350
4A
  3
A3
350
4B
  3
A4
350
4C
  3
A5
350
4D
  3
A6
350
4E
  3
A7
350
4F
  3
A8
350
50
  3
A9
350
51
  3
B0
350
52
  3
B1
350
53
  3
B2
350
54
  3
B3
350
55
  3
B4
350
56
  3
B5
350
57
  3
B6
350
58
  0
DICTIONARY
  5
1AF
102
{ACAD_REACTORS
330
C
102
}
330
C
100
AcDbDictionary
281
1
  3
Metric50
350
1B0
  0
DICTIONARY
  5
1AB
102
{ACAD_REACTORS
330
C
102
}
330
C
100
AcDbDictionary
281
1
  3
Standard
350
1AC
  0
DICTIONARY
  5
191
102
{ACAD_REACTORS
330
C
102
}
330
C
100
AcDbDictionary
281
1
  3
2dWireframe
350
197
  3
Basic
350
196
  3
Brighten
350
19D
  3
ColorChange
350
1A1
  3
Conceptual
350
19A
  3
Dim
350
19C
  3
EdgeColorOff
350
1A9
  3
Facepattern
350
1A0
  3
Flat
350
192
  3
FlatWithEdges
350
193
  3
Gouraud
350
194
  3
GouraudWithEdges
350
195
  3
Hidden
350
199
  3
JitterOff
350
1A7
  3
Linepattern
350
19F
  3
OverhangOff
350
1A8
  3
Realistic
350
19B
  3
Shaded
350
1A6
  3
Shaded with edges
350
1A5
  3
Shades of Gray
350
1A2
  3
Sketchy
350
1A3
  3
Thicken
350
19E
  3
Wireframe
350
198
  3
X-Ray
350
1A4
  0
XRECORD
  5
666
102
{ACAD_REACTORS
330
C
102
}
330
C
100
AcDbXrecord
280
1
 90
1
330
1AC
  0
DICTIONARY
  5
1B9
102
{ACAD_REACTORS
330
C
102
}
330
C
100
AcDbDictionary
281
1
  3
CANNOSCALE
350
2CB
  3
CMLEADERSTYLE
350
2C7
  3
CTABLESTYLE
350
2C6
  3
CVIEWDETAILSTYLE
350
2C8
  3
CVIEWSECTIONSTYLE
350
2C9
  3
LAYEREVAL
350
2CD
  3
LAYERNOTIFY
350
2CE
  3
LIGHTINGUNITS
350
2CC
  3
MSLTSCALE
350
2CA
  0
DICTIONARY
  5
270
102
{ACAD_REACTORS
330
26F
102
}
330
26F
100
AcDbDictionary
281
1
  0
XRECORD
  5
251
102
{ACAD_REACTORS
330
250
102
}
330
250
100
AcDbXrecord
280
1
290
1
  0
XRECORD
  5
253
102
{ACAD_REACTORS
330
252
102
}
330
252
100
AcDbXrecord
280
1
290
1
  0
XRECORD
  5
255
102
{ACAD_REACTORS
330
254
102
}
330
254
100
AcDbXrecord
280
1
290
1
  0
XRECORD
  5
257
102
{ACAD_REACTORS
330
256
102
}
330
256
100
AcDbXrecord
280
1
290
1
  0
XRECORD
  5
259
102
{ACAD_REACTORS
330
258
102
}
330
258
100
AcDbXrecord
280
1
290
1
  0
XRECORD
  5
25B
102
{ACAD_REACTORS
330
25A
102
}
330
25A
100
AcDbXrecord
280
1
290
1
  0
XRECORD
  5
25D
102
{ACAD_REACTORS
330
25C
102
}
330
25C
100
AcDbXrecord
280
1
290
1
  0
XRECORD
  5
25F
102
{ACAD_REACTORS
330
25E
102
}
330
25E
100
AcDbXrecord
280
1
290
1
  0
XRECORD
  5
261
102
{ACAD_REACTORS
330
260
102
}
330
260
100
AcDbXrecord
280
1
290
1
  0
XRECORD
  5
263
102
{ACAD_REACTORS
330
262
102
}
330
262
100
AcDbXrecord
280
1
290
1
  0
XRECORD
  5
265
102
{ACAD_REACTORS
330
264
102
}
330
264
100
AcDbXrecord
280
1
290
1
  0
XRECORD
  5
267
102
{ACAD_REACTORS
330
266
102
}
330
266
100
AcDbXrecord
280
1
290
1
  0
XRECORD
  5
269
102
{ACAD_REACTORS
330
268
102
}
330
268
100
AcDbXrecord
280
1
290
1
  0
XRECORD
  5
26B
102
{ACAD_REACTORS
330
26A
102
}
330
26A
100
AcDbXrecord
280
1
290
1
  0
SORTENTSTABLE
  5
1CB
102
{ACAD_REACTORS
330
1CA
102
}
330
1CA
100
AcDbSortentsTable
330
1F
331
1C9
  5
1C8
331
284
  5
282
331
285
  5
286
331
286
  5
284
  0
ACDBDETAILVIEWSTYLE
  5
1B2
102
{ACAD_REACTORS
330
1B1
102
}
330
1B1
100
AcDbModelDocViewStyle
 70
0
  3
Metric50
290
1
300
Metric50
 90
0
100
AcDbDetailViewStyle
 70
0
 71
0
 90
3
 71
1
340
11
 62
256
 40
5.0
340
0
 62
256
 40
5.0
300

 40
0.0
280
1
 71
2
340
16
 90
25
 62
256
 71
3
340
11
 62
256
 40
5.0
 90
0
 40
15.0
 90
1
300
%<\AcVar ViewDetailId>% (%<\AcVar ViewScale \f "%sn">%)
 71
4
340
16
 90
25
 62
256
340
16
 90
25
 62
256
280
0
  0
LAYOUT
  5
1E
102
{ACAD_REACTORS
330
1A
102
}
330
1A
100
AcDbPlotSettings
  1

  2
none_device
  4

  6

 40
0.0
 41
0.0
 42
0.0
 43
0.0
 44
0.0
 45
0.0
 46
0.0
 47
0.0
 48
0.0
 49
0.0
140
0.0
141
0.0
142
1.0
143
1.0
 70
688
 72
1
 73
0
 74
5
  7

 75
16
 76
0
 77
2
 78
300
147
1.0
148
0.0
149
0.0
100
AcDbLayout
  1
Layout1
 70
1
 71
1
 10
0.0
 20
0.0
 11
420.0
 21
297.0
 12
0.0
 22
0.0
 32
0.0
 14
1e+20
 24
1e+20
 34
1e+20
 15
-1e+20
 25
-1e+20
 35
-1e+20
146
0.0
 13
0.0
 23
0.0
 33
0.0
 16
1.0
 26
0.0
 36
0.0
 17
0.0
 27
1.0
 37
0.0
 76
0
330
1B
  0
LAYOUT
  5
26
102
{ACAD_REACTORS
330
1A
102
}
330
1A
100
AcDbPlotSettings
  1

  2
none_device
  4

  6

 40
0.0
 41
0.0
 42
0.0
 43
0.0
 44
0.0
 45
0.0
 46
0.0
 47
0.0
 48
0.0
 49
0.0
140
0.0
141
0.0
142
1.0
143
1.0
 70
688
 72
1
 73
0
 74
5
  7

 75
16
 76
0
 77
2
 78
300
147
1.0
148
0.0
149
0.0
100
AcDbLayout
  1
Layout2
 70
1
 71
2
 10
0.0
 20
0.0
 11
0.0
 21
0.0
 12
0.0
 22
0.0
 32
0.0
 14
0.0
 24
0.0
 34
0.0
 15
0.0
 25
0.0
 35
0.0
146
0.0
 13
0.0
 23
0.0
 33
0.0
 16
1.0
 26
0.0
 36
0.0
 17
0.0
 27
1.0
 37
0.0
 76
0
330
23
  0
LAYOUT
  5
22
102
{ACAD_REACTORS
330
1A
102
}
330
1A
100
AcDbPlotSettings
  1

  2
none_device
  4
Letter_(8.50_x_11.00_Inches)
  6

 40
6.349999999999999
 41
6.349999999999999
 42
6.350005079999999
 43
6.350005079999999
 44
215.9
 45
279.4
 46
0.0
 47
0.0
 48
0.0
 49
0.0
140
0.0
141
0.0
142
1.0
143
1.0
 70
1712
 72
1
 73
0
 74
0
  7

 75
0
 76
0
 77
2
 78
300
147
1.0
148
0.0
149
0.0
100
AcDbLayout
  1
Model
 70
1
 71
0
 10
0.0
 20
0.0
 11
297.0
 21
210.0
 12
0.0
 22
0.0
 32
0.0
 14
0.0
 24
0.0
 34
0.0
 15
297.0
 25
210.0
 35
0.0
146
0.0
 13
0.0
 23
0.0
 33
0.0
 16
1.0
 26
0.0
 36
0.0
 17
0.0
 27
1.0
 37
0.0
 76
0
330
1F
331
29
  0
MATERIAL
  5
181
102
{ACAD_XDICTIONARY
360
182
102
}
102
{ACAD_REACTORS
330
178
102
}
330
178
100
AcDbMaterial
  1
ByBlock
  2

 70
0
 40
1.0
 71
0
 41
1.0
 91
-1023410177
 42
1.0
 72
0
  3

 73
1
 74
1
 75
1
 43
0.0008202099737533
 43
0.0
 43
0.0
 43
0.0
 43
0.0
 43
0.0008202099737533
 43
0.0
 43
0.0
 43
0.0
 43
0.0
 43
1.0
 43
0.0
 43
0.0
 43
0.0
 43
0.0
 43
1.0
 44
0.5
 73
0
 45
1.0
 46
1.0
 77
0
  4

 78
1
 79
1
170
1
 47
0.0008202099737533
 47
0.0
 47
0.0
 47
0.0
 47
0.0
 47
0.0008202099737533
 47
0.0
 47
0.0
 47
0.0
 47
0.0
 47
1.0
 47
0.0
 47
0.0
 47
0.0
 47
0.0
 47
1.0
 48
1.0
171
0
  6

172
1
173
1
174
1
 49
0.0008202099737533
 49
0.0
 49
0.0
 49
0.0
 49
0.0
 49
0.0008202099737533
 49
0.0
 49
0.0
 49
0.0
 49
0.0
 49
1.0
 49
0.0
 49
0.0
 49
0.0
 49
0.0
 49
1.0
140
1.0
141
1.0
175
0
  7

176
1
177
1
178
1
142
0.0008202099737533
142
0.0
142
0.0
142
0.0
142
0.0
142
0.0008202099737533
142
0.0
142
0.0
142
0.0
142
0.0
142
1.0
142
0.0
142
0.0
142
0.0
142
0.0
142
1.0
143
1.0
179
0
  8

270
1
271
1
272
1
144
0.0008202099737533
144
0.0
144
0.0
144
0.0
144
0.0
144
0.0008202099737533
144
0.0
144
0.0
144
0.0
144
0.0
144
1.0
144
0.0
144
0.0
144
0.0
144
0.0
144
1.0
145
1.0
146
1.0
273
1
  9

274
1
275
1
276
1
147
0.0008202099737533
147
0.0
147
0.0
147
0.0
147
0.0
147
0.0008202099737533
147
0.0
147
0.0
147
0.0
147
0.0
147
1.0
147
0.0
147
0.0
147
0.0
147
0.0
147
1.0
 42
1.0
 72
1
  3

 73
1
 74
1
 75
1
 94
63
  0
MATERIAL
  5
179
102
{ACAD_XDICTIONARY
360
17A
102
}
102
{ACAD_REACTORS
330
178
102
}
330
178
100
AcDbMaterial
  1
ByLayer
  2

 70
0
 40
1.0
 71
0
 41
1.0
 91
-1023410177
 42
1.0
 72
0
  3

 73
1
 74
1
 75
1
 43
0.0008202099737533
 43
0.0
 43
0.0
 43
0.0
 43
0.0
 43
0.0008202099737533
 43
0.0
 43
0.0
 43
0.0
 43
0.0
 43
1.0
 43
0.0
 43
0.0
 43
0.0
 43
0.0
 43
1.0
 44
0.5
 73
0
 45
1.0
 46
1.0
 77
0
  4

 78
1
 79
1
170
1
 47
0.0008202099737533
 47
0.0
 47
0.0
 47
0.0
 47
0.0
 47
0.0008202099737533
 47
0.0
 47
0.0
 47
0.0
 47
0.0
 47
1.0
 47
0.0
 47
0.0
 47
0.0
 47
0.0
 47
1.0
 48
1.0
171
0
  6

172
1
173
1
174
1
 49
0.0008202099737533
 49
0.0
 49
0.0
 49
0.0
 49
0.0
 49
0.0008202099737533
 49
0.0
 49
0.0
 49
0.0
 49
0.0
 49
1.0
 49
0.0
 49
0.0
 49
0.0
 49
0.0
 49
1.0
140
1.0
141
1.0
175
0
  7

176
1
177
1
178
1
142
0.0008202099737533
142
0.0
142
0.0
142
0.0
142
0.0
142
0.0008202099737533
142
0.0
142
0.0
142
0.0
142
0.0
142
1.0
142
0.0
142
0.0
142
0.0
142
0.0
142
1.0
143
1.0
179
0
  8

270
1
271
1
272
1
144
0.0008202099737533
144
0.0
144
0.0
144
0.0
144
0.0
144
0.0008202099737533
144
0.0
144
0.0
144
0.0
144
0.0
144
1.0
144
0.0
144
0.0
144
0.0
144
0.0
144
1.0
145
1.0
146
1.0
273
1
  9

274
1
275
1
276
1
147
0.0008202099737533
147
0.0
147
0.0
147
0.0
147
0.0
147
0.0008202099737533
147
0.0
147
0.0
147
0.0
147
0.0
147
1.0
147
0.0
147
0.0
147
0.0
147
0.0
147
1.0
 42
1.0
 72
1
  3

 73
1
 74
1
 75
1
 94
63
  0
MATERIAL
  5
189
102
{ACAD_XDICTIONARY
360
18A
102
}
102
{ACAD_REACTORS
330
178
102
}
330
178
100
AcDbMaterial
  1
Global
  2

 70
0
 40
1.0
 71
0
 41
1.0
 91
-1023410177
 42
1.0
 72
0
  3

 73
1
 74
1
 75
1
 43
0.0008202099737533
 43
0.0
 43
0.0
 43
0.0
 43
0.0
 43
0.0008202099737533
 43
0.0
 43
0.0
 43
0.0
 43
0.0
 43
1.0
 43
0.0
 43
0.0
 43
0.0
 43
0.0
 43
1.0
 44
0.5
 73
0
 45
1.0
 46
1.0
 77
0
  4

 78
1
 79
1
170
1
 47
0.0008202099737533
 47
0.0
 47
0.0
 47
0.0
 47
0.0
 47
0.0008202099737533
 47
0.0
 47
0.0
 47
0.0
 47
0.0
 47
1.0
 47
0.0
 47
0.0
 47
0.0
 47
0.0
 47
1.0
 48
1.0
171
0
  6

172
1
173
1
174
1
 49
0.0008202099737533
 49
0.0
 49
0.0
 49
0.0
 49
0.0
 49
0.0008202099737533
 49
0.0
 49
0.0
 49
0.0
 49
0.0
 49
1.0
 49
0.0
 49
0.0
 49
0.0
 49
0.0
 49
1.0
140
1.0
141
1.0
175
0
  7

176
1
177
1
178
1
142
0.0008202099737533
142
0.0
142
0.0
142
0.0
142
0.0
142
0.0008202099737533
142
0.0
142
0.0
142
0.0
142
0.0
142
1.0
142
0.0
142
0.0
142
0.0
142
0.0
142
1.0
143
1.0
179
0
  8

270
1
271
1
272
1
144
0.0008202099737533
144
0.0
144
0.0
144
0.0
144
0.0
144
0.0008202099737533
144
0.0
144
0.0
144
0.0
144
0.0
144
1.0
144
0.0
144
0.0
144
0.0
144
0.0
144
1.0
145
1.0
146
1.0
273
1
  9

274
1
275
1
276
1
147
0.0008202099737533
147
0.0
147
0.0
147
0.0
147
0.0
147
0.0008202099737533
147
0.0
147
0.0
147
0.0
147
0.0
147
1.0
147
0.0
147
0.0
147
0.0
147
0.0
147
1.0
 42
1.0
 72
1
  3

 73
1
 74
1
 75
1
 94
63
  0
MLEADERSTYLE
  5
1AE
102
{ACAD_REACTORS
330
1AD
330
247
330
2DA
102
}
330
1AD
100
AcDbMLeaderStyle
179
2
170
2
171
1
172
0
 90
2
 40
0.0
 41
0.0
173
1
 91
-1056964608
340
14
 92
-2
290
1
 42
2.0
291
1
 43
0.36
  3
Standard
 44
4.0
300

342
11
174
1
175
1
176
0
178
6
 93
-1056964608
 45
4.0
292
0
297
0
 46
4.0
293
1
 94
-1056964608
 47
1.0
 49
1.0
140
1.0
294
1
141
0.0
177
0
142
1.0
295
0
296
0
143
0.125
271
0
272
9
273
9
298
1
  0
MLINESTYLE
  5
18
102
{ACAD_REACTORS
330
17
102
}
330
17
100
AcDbMlineStyle
  2
STANDARD
 70
0
  3

 62
256
 51
90.0
 52
90.0
 71
2
 49
0.5
 62
256
  6
BYLAYER
 49
-0.5
 62
256
  6
BYLAYER
  0
ACDBPLACEHOLDER
  5
F
102
{ACAD_REACTORS
330
E
102
}
330
E
  0
SCALE
  5
48
102
{ACAD_REACTORS
330
47
102
}
330
47
100
AcDbScale
 70
0
300
1:1
140
1.0
141
1.0
290
1
  0
SCALE
  5
49
102
{ACAD_REACTORS
330
47
102
}
330
47
100
AcDbScale
 70
0
300
1:2
140
1.0
141
2.0
290
0
  0
SCALE
  5
4A
102
{ACAD_REACTORS
330
47
102
}
330
47
100
AcDbScale
 70
0
300
1:4
140
1.0
141
4.0
290
0
  0
SCALE
  5
4B
102
{ACAD_REACTORS
330
47
102
}
330
47
100
AcDbScale
 70
0
300
1:5
140
1.0
141
5.0
290
0
  0
SCALE
  5
4C
102
{ACAD_REACTORS
330
47
102
}
330
47
100
AcDbScale
 70
0
300
1:8
140
1.0
141
8.0
290
0
  0
SCALE
  5
4D
102
{ACAD_REACTORS
330
47
102
}
330
47
100
AcDbScale
 70
0
300
1:10
140
1.0
141
10.0
290
0
  0
SCALE
  5
4E
102
{ACAD_REACTORS
330
47
102
}
330
47
100
AcDbScale
 70
0
300
1:16
140
1.0
141
16.0
290
0
  0
SCALE
  5
4F
102
{ACAD_REACTORS
330
47
102
}
330
47
100
AcDbScale
 70
0
300
1:20
140
1.0
141
20.0
290
0
  0
SCALE
  5
50
102
{ACAD_REACTORS
330
47
102
}
330
47
100
AcDbScale
 70
0
300
1:30
140
1.0
141
30.0
290
0
  0
SCALE
  5
51
102
{ACAD_REACTORS
330
47
102
}
330
47
100
AcDbScale
 70
0
300
1:40
140
1.0
141
40.0
290
0
  0
SCALE
  5
52
102
{ACAD_REACTORS
330
47
102
}
330
47
100
AcDbScale
 70
0
300
1:50
140
1.0
141
50.0
290
0
  0
SCALE
  5
53
102
{ACAD_REACTORS
330
47
102
}
330
47
100
AcDbScale
 70
0
300
1:100
140
1.0
141
100.0
290
0
  0
SCALE
  5
54
102
{ACAD_REACTORS
330
47
102
}
330
47
100
AcDbScale
 70
0
300
2:1
140
2.0
141
1.0
290
0
  0
SCALE
  5
55
102
{ACAD_REACTORS
330
47
102
}
330
47
100
AcDbScale
 70
0
300
4:1
140
4.0
141
1.0
290
0
  0
SCALE
  5
56
102
{ACAD_REACTORS
330
47
102
}
330
47
100
AcDbScale
 70
0
300
8:1
140
8.0
141
1.0
290
0
  0
SCALE
  5
57
102
{ACAD_REACTORS
330
47
102
}
330
47
100
AcDbScale
 70
0
300
10:1
140
10.0
141
1.0
290
0
  0
SCALE
  5
58
102
{ACAD_REACTORS
330
47
102
}
330
47
100
AcDbScale
 70
0
300
100:1
140
100.0
141
1.0
290
0
  0
ACDBSECTIONVIEWSTYLE
  5
1B0
102
{ACAD_REACTORS
330
1AF
102
}
330
1AF
100
AcDbModelDocViewStyle
 70
0
  3
Metric50
290
1
300
Metric50
 90
0
100
AcDbSectionViewStyle
 70
0
 71
0
 90
102
 71
1
340
11
 62
256
 40
5.0
340
0
340
0
 62
256
 40
5.0
300
I, O, Q, S, X, Z
 40
10.0
 90
0
 40
2.5
 90
0
 71
2
340
16
 90
25
 62
256
340
16
 90
50
 62
256
 40
5.0
 40
2.5
 40
5.0
 71
3
340
11
 62
256
 40
5.0
 90
0
 40
15.0
 90
1
300
%<\AcVar ViewSectionStartId>%-%<\AcVar ViewSectionEndId>% (%<\AcVar ViewScale \f "%sn">%)
 71
4
 62
256
 62
257
300
ANSI31
 40
1.0
 90
0
290
0
290
0
 90
6
 40
0.0
 40
1.570796326794896
 40
0.2617993877991494
 40
1.308996938995747
 40
-0.2617993877991494
 40
1.832595714594046
  0
TABLESTYLE
  5
1AC
102
{ACAD_XDICTIONARY
360
664
102
}
102
{ACAD_REACTORS
330
1AB
102
}
330
1AB
100
AcDbTableStyle
280
0
  3
Standard
 70
0
 71
0
 40
1.5
 41
1.5
280
0
281
0
  7
STANDARD
140
4.5
170
2
 62
0
 63
7
283
0
 90
512
 91
0
  1

274
-2
284
1
 64
0
275
-2
285
1
 65
0
276
-2
286
1
 66
0
277
-2
287
1
 67
0
278
-2
288
1
 68
0
279
-2
289
1
 69
0
  7
STANDARD
140
6.0
170
5
 62
0
 63
7
283
0
 90
512
 91
0
  1

274
-2
284
1
 64
0
275
-2
285
1
 65
0
276
-2
286
1
 66
0
277
-2
287
1
 67
0
278
-2
288
1
 68
0
279
-2
289
1
 69
0
  7
STANDARD
140
4.5
170
5
 62
0
 63
7
283
0
 90
512
 91
0
  1

274
-2
284
1
 64
0
275
-2
285
1
 65
0
276
-2
286
1
 66
0
277
-2
287
1
 67
0
278
-2
288
1
 68
0
279
-2
289
1
 69
0
  0
VISUALSTYLE
  5
197
102
{ACAD_REACTORS
330
191
102
}
330
191
100
AcDbVisualStyle
  2
2dWireframe
 70
4
177
3
291
0
 70
58
 90
0
176
1
 90
2
176
1
 90
0
176
1
 90
0
176
1
 40
0.6
176
1
 40
30.0
176
1
 62
7
420
16777215
176
1
 90
1
176
1
 90
4
176
1
 62
7
176
1
 62
257
176
1
 90
1
176
1
 90
1
176
1
 40
1.0
176
1
 90
0
176
1
 62
257
176
1
 40
1.0
176
1
 90
1
176
1
 90
6
176
1
 90
2
176
1
 62
7
176
1
 90
5
176
1
 90
0
176
1
 90
0
176
1
290
0
176
1
 90
1
176
1
 40
0.0
176
1
 90
0
176
1
290
1
176
1
290
1
176
1
290
0
176
1
290
0
176
1
290
0
176
1
290
0
176
1
290
0
176
1
290
0
176
1
290
0
176
1
 90
50
176
1
 40
0.0
176
1
 40
1.0
176
1
 90
0
176
1
 62
18
420
0
176
1
 90
50
176
1
 90
3
176
1
 62
5
420
255
176
1
290
0
176
1
 90
50
176
1
 90
50
176
1
 90
50
176
1
290
0
176
1
 90
50
176
1
 62
256
176
0
 40
1.0
176
0
 90
2
176
1
  1
strokes_ogs.tif
176
1
290
0
176
1
 40
1.0
176
1
 40
1.0
176
1
  0
VISUALSTYLE
  5
196
102
{ACAD_REACTORS
330
191
102
}
330
191
100
AcDbVisualStyle
  2
Basic
 70
7
177
3
291
1
 70
58
 90
1
176
1
 90
0
176
1
 90
1
176
1
 90
0
176
1
 40
0.6
176
1
 40
30.0
176
1
 62
7
420
16777215
176
1
 90
0
176
1
 90
4
176
1
 62
7
176
1
 62
257
176
1
 90
1
176
1
 90
1
176
1
 40
1.0
176
1
 90
8
176
1
 62
7
176
1
 40
1.0
176
1
 90
1
176
1
 90
6
176
1
 90
2
176
1
 62
7
176
1
 90
5
176
1
 90
0
176
1
 90
0
176
1
290
0
176
1
 90
1
176
1
 40
0.0
176
1
 90
0
176
1
290
0
176
1
290
1
176
1
290
1
176
1
290
0
176
1
290
0
176
1
290
0
176
1
290
0
176
1
290
0
176
1
290
0
176
1
 90
50
176
1
 40
0.0
176
1
 40
1.0
176
1
 90
0
176
1
 62
18
420
0
176
1
 90
50
176
1
 90
3
176
1
 62
5
420
255
176
1
290
0
176
1
 90
50
176
1
 90
50
176
1
 90
50
176
1
290
0
176
1
 90
50
176
1
 62
256
176
0
 40
1.0
176
0
 90
2
176
1
  1
strokes_ogs.tif
176
1
290
0
176
1
 40
1.0
176
1
 40
1.0
176
1
  0
VISUALSTYLE
  5
19D
102
{ACAD_REACTORS
330
191
102
}
330
191
100
AcDbVisualStyle
  2
Brighten
 70
12
177
3
291
1
 70
58
 90
2
176
1
 90
2
176
1
 90
0
176
1
 90
0
176
1
 40
0.6
176
1
 40
30.0
176
1
 62
7
420
16777215
176
1
 90
1
176
1
 90
4
176
1
 62
7
176
1
 62
257
176
1
 90
1
176
1
 90
1
176
1
 40
1.0
176
1
 90
8
176
1
 62
7
176
1
 40
1.0
176
1
 90
1
176
1
 90
6
176
1
 90
2
176
1
 62
7
176
1
 90
5
176
1
 90
0
176
1
 90
0
176
1
290
0
176
1
 90
1
176
1
 40
50.0
176
1
 90
0
176
1
290
0
176
1
290
1
176
1
290
1
176
1
290
0
176
1
290
0
176
1
290
0
176
1
290
0
176
1
290
0
176
1
290
0
176
1
 90
50
176
1
 40
0.0
176
1
 40
1.0
176
1
 90
0
176
1
 62
18
420
0
176
1
 90
50
176
1
 90
3
176
1
 62
5
420
255
176
1
290
0
176
1
 90
50
176
1
 90
50
176
1
 90
50
176
1
290
0
176
1
 90
50
176
1
 62
256
176
0
 40
1.0
176
0
 90
2
176
1
  1
strokes_ogs.tif
176
1
290
0
176
1
 40
1.0
176
1
 40
1.0
176
1
  0
VISUALSTYLE
  5
1A1
102
{ACAD_REACTORS
330
191
102
}
330
191
100
AcDbVisualStyle
  2
ColorChange
 70
16
177
3
291
1
 70
58
 90
2
176
1
 90
2
176
1
 90
3
176
1
 90
0
176
1
 40
0.6
176
1
 40
30.0
176
1
 62
8
420
8421504
176
1
 90
1
176
1
 90
4
176
1
 62
7
176
1
 62
257
176
1
 90
1
176
1
 90
1
176
1
 40
1.0
176
1
 90
8
176
1
 62
8
420
8421504
176
1
 40
1.0
176
1
 90
1
176
1
 90
6
176
1
 90
2
176
1
 62
7
176
1
 90
5
176
1
 90
0
176
1
 90
0
176
1
290
0
176
1
 90
1
176
1
 40
0.0
176
1
 90
0
176
1
290
0
176
1
290
1
176
1
290
1
176
1
290
0
176
1
290
0
176
1
290
0
176
1
290
0
176
1
290
0
176
1
290
0
176
1
 90
50
176
1
 40
0.0
176
1
 40
1.0
176
1
 90
0
176
1
 62
18
420
0
176
1
 90
50
176
1
 90
3
176
1
 62
5
420
255
176
1
290
0
176
1
 90
50
176
1
 90
50
176
1
 90
50
176
1
290
0
176
1
 90
50
176
1
 62
256
176
0
 40
1.0
176
0
 90
2
176
1
  1
strokes_ogs.tif
176
1
290
0
176
1
 40
1.0
176
1
 40
1.0
176
1
  0
VISUALSTYLE
  5
19A
102
{ACAD_REACTORS
330
191
102
}
330
191
100
AcDbVisualStyle
  2
Conceptual
 70
9
177
3
291
0
 70
58
 90
3
176
1
 90
2
176
1
 90
0
176
1
 90
0
176
1
 40
0.6
176
1
 40
30.0
176
1
 62
7
420
16777215
176
1
 90
2
176
1
 90
2
176
1
 62
7
176
1
 62
257
176
1
 90
1
176
1
 90
1
176
1
 40
179.0
176
1
 90
8
176
1
 62
7
176
1
 40
1.0
176
1
 90
1
176
1
 90
6
176
1
 90
2
176
1
 62
7
176
1
 90
3
176
1
 90
0
176
1
 90
0
176
1
290
0
176
1
 90
1
176
1
 40
0.0
176
1
 90
0
176
1
290
0
176
1
290
1
176
1
290
1
176
1
290
0
176
1
290
0
176
1
290
0
176
1
290
0
176
1
290
0
176
1
290
0
176
1
 90
50
176
1
 40
0.0
176
1
 40
1.0
176
1
 90
0
176
1
 62
18
420
0
176
1
 90
50
176
1
 90
3
176
1
 62
5
420
255
176
1
290
0
176
1
 90
50
176
1
 90
50
176
1
 90
50
176
1
290
0
176
1
 90
50
176
1
 62
256
176
0
 40
1.0
176
0
 90
2
176
1
  1
strokes_ogs.tif
176
1
290
0
176
1
 40
1.0
176
1
 40
1.0
176
1
  0
VISUALSTYLE
  5
19C
102
{ACAD_REACTORS
330
191
102
}
330
191
100
AcDbVisualStyle
  2
Dim
 70
11
177
3
291
1
 70
58
 90
2
176
1
 90
2
176
1
 90
0
176
1
 90
0
176
1
 40
0.6
176
1
 40
30.0
176
1
 62
7
420
16777215
176
1
 90
1
176
1
 90
4
176
1
 62
7
176
1
 62
257
176
1
 90
1
176
1
 90
1
176
1
 40
1.0
176
1
 90
8
176
1
 62
7
176
1
 40
1.0
176
1
 90
1
176
1
 90
6
176
1
 90
2
176
1
 62
7
176
1
 90
5
176
1
 90
0
176
1
 90
0
176
1
290
0
176
1
 90
1
176
1
 40
-50.0
176
1
 90
0
176
1
290
0
176
1
290
1
176
1
290
1
176
1
290
0
176
1
290
0
176
1
290
0
176
1
290
0
176
1
290
0
176
1
290
0
176
1
 90
50
176
1
 40
0.0
176
1
 40
1.0
176
1
 90
0
176
1
 62
18
420
0
176
1
 90
50
176
1
 90
3
176
1
 62
5
420
255
176
1
290
0
176
1
 90
50
176
1
 90
50
176
1
 90
50
176
1
290
0
176
1
 90
50
176
1
 62
256
176
0
 40
1.0
176
0
 90
2
176
1
  1
strokes_ogs.tif
176
1
290
0
176
1
 40
1.0
176
1
 40
1.0
176
1
  0
VISUALSTYLE
  5
1A9
102
{ACAD_REACTORS
330
191
102
}
330
191
100
AcDbVisualStyle
  2
EdgeColorOff
 70
22
177
3
291
1
 70
58
 90
2
176
0
 90
2
176
0
 90
0
176
0
 90
0
176
0
 40
0.6
176
0
 40
30.0
176
0
 62
7
420
16777215
176
0
 90
1
176
0
 90
4
176
0
 62
7
176
0
 62
257
176
0
 90
1
176
0
 90
1
176
0
 40
1.0
176
0
 90
8
176
2
 62
7
176
0
 40
1.0
176
0
 90
1
176
0
 90
6
176
0
 90
2
176
0
 62
7
176
0
 90
5
176
0
 90
0
176
0
 90
0
176
0
290
0
176
0
 90
1
176
0
 40
0.0
176
0
 90
0
176
0
290
0
176
0
290
1
176
0
290
1
176
0
290
0
176
0
290
0
176
0
290
0
176
0
290
0
176
0
290
0
176
0
290
0
176
0
 90
50
176
0
 40
0.0
176
0
 40
1.0
176
0
 90
0
176
0
 62
18
420
0
176
0
 90
50
176
0
 90
3
176
0
 62
5
420
255
176
0
290
0
176
0
 90
50
176
0
 90
50
176
0
 90
50
176
0
290
0
176
0
 90
50
176
0
 62
256
176
0
 40
1.0
176
0
 90
2
176
0
  1
strokes_ogs.tif
176
0
290
0
176
0
 40
1.0
176
0
 40
1.0
176
0
  0
VISUALSTYLE
  5
1A0
102
{ACAD_REACTORS
330
191
102
}
330
191
100
AcDbVisualStyle
  2
Facepattern
 70
15
177
3
291
1
 70
58
 90
2
176
1
 90
2
176
1
 90
0
176
1
 90
0
176
1
 40
0.6
176
1
 40
30.0
176
1
 62
7
420
16777215
176
1
 90
1
176
1
 90
4
176
1
 62
7
176
1
 62
257
176
1
 90
1
176
1
 90
1
176
1
 40
1.0
176
1
 90
8
176
1
 62
7
176
1
 40
1.0
176
1
 90
1
176
1
 90
6
176
1
 90
2
176
1
 62
7
176
1
 90
5
176
1
 90
0
176
1
 90
0
176
1
290
0
176
1
 90
1
176
1
 40
0.0
176
1
 90
0
176
1
290
0
176
1
290
1
176
1
290
1
176
1
290
0
176
1
290
0
176
1
290
0
176
1
290
0
176
1
290
0
176
1
290
0
176
1
 90
50
176
1
 40
0.0
176
1
 40
1.0
176
1
 90
0
176
1
 62
18
420
0
176
1
 90
50
176
1
 90
3
176
1
 62
5
420
255
176
1
290
0
176
1
 90
50
176
1
 90
50
176
1
 90
50
176
1
290
0
176
1
 90
50
176
1
 62
256
176
0
 40
1.0
176
0
 90
2
176
1
  1
strokes_ogs.tif
176
1
290
0
176
1
 40
1.0
176
1
 40
1.0
176
1
  0
VISUALSTYLE
  5
192
102
{ACAD_REACTORS
330
191
102
}
330
191
100
AcDbVisualStyle
  2
Flat
 70
0
177
3
291
1
 70
58
 90
2
176
1
 90
1
176
1
 90
1
176
1
 90
2
176
1
 40
0.6
176
1
 40
30.0
176
1
 62
7
420
16777215
176
1
 90
0
176
1
 90
0
176
1
 62
7
176
1
 62
257
176
1
 90
1
176
1
 90
1
176
1
 40
1.0
176
1
 90
8
176
1
 62
7
176
1
 40
1.0
176
1
 90
1
176
1
 90
6
176
1
 90
2
176
1
 62
7
176
1
 90
5
176
1
 90
0
176
1
 90
0
176
1
290
0
176
1
 90
13
176
1
 40
0.0
176
1
 90
0
176
1
290
0
176
1
290
1
176
1
290
1
176
1
290
0
176
1
290
0
176
1
290
0
176
1
290
0
176
1
290
0
176
1
290
0
176
1
 90
50
176
1
 40
0.0
176
1
 40
1.0
176
1
 90
0
176
1
 62
18
420
0
176
1
 90
50
176
1
 90
3
176
1
 62
5
420
255
176
1
290
0
176
1
 90
50
176
1
 90
50
176
1
 90
50
176
1
290
0
176
1
 90
50
176
1
 62
256
176
0
 40
1.0
176
0
 90
2
176
1
  1
strokes_ogs.tif
176
1
290
0
176
1
 40
1.0
176
1
 40
1.0
176
1
  0
VISUALSTYLE
  5
193
102
{ACAD_REACTORS
330
191
102
}
330
191
100
AcDbVisualStyle
  2
FlatWithEdges
 70
1
177
3
291
1
 70
58
 90
2
176
1
 90
1
176
1
 90
1
176
1
 90
2
176
1
 40
0.6
176
1
 40
30.0
176
1
 62
7
420
16777215
176
1
 90
1
176
1
 90
0
176
1
 62
7
176
1
 62
257
176
1
 90
1
176
1
 90
1
176
1
 40
1.0
176
1
 90
0
176
1
 62
257
176
1
 40
1.0
176
1
 90
1
176
1
 90
6
176
1
 90
2
176
1
 62
7
176
1
 90
5
176
1
 90
0
176
1
 90
0
176
1
290
0
176
1
 90
13
176
1
 40
0.0
176
1
 90
0
176
1
290
0
176
1
290
1
176
1
290
1
176
1
290
0
176
1
290
0
176
1
290
0
176
1
290
0
176
1
290
0
176
1
290
0
176
1
 90
50
176
1
 40
0.0
176
1
 40
1.0
176
1
 90
0
176
1
 62
18
420
0
176
1
 90
50
176
1
 90
3
176
1
 62
5
420
255
176
1
290
0
176
1
 90
50
176
1
 90
50
176
1
 90
50
176
1
290
0
176
1
 90
50
176
1
 62
256
176
0
 40
1.0
176
0
 90
2
176
1
  1
strokes_ogs.tif
176
1
290
0
176
1
 40
1.0
176
1
 40
1.0
176
1
  0
VISUALSTYLE
  5
194
102
{ACAD_REACTORS
330
191
102
}
330
191
100
AcDbVisualStyle
  2
Gouraud
 70
2
177
3
291
1
 70
58
 90
2
176
1
 90
2
176
1
 90
1
176
1
 90
2
176
1
 40
0.6
176
1
 40
30.0
176
1
 62
7
420
16777215
176
1
 90
0
176
1
 90
0
176
1
 62
7
176
1
 62
257
176
1
 90
1
176
1
 90
1
176
1
 40
1.0
176
1
 90
0
176
1
 62
7
176
1
 40
1.0
176
1
 90
1
176
1
 90
6
176
1
 90
2
176
1
 62
7
176
1
 90
5
176
1
 90
0
176
1
 90
0
176
1
290
0
176
1
 90
13
176
1
 40
0.0
176
1
 90
0
176
1
290
0
176
1
290
1
176
1
290
1
176
1
290
0
176
1
290
0
176
1
290
0
176
1
290
0
176
1
290
0
176
1
290
0
176
1
 90
50
176
1
 40
0.0
176
1
 40
1.0
176
1
 90
0
176
1
 62
18
420
0
176
1
 90
50
176
1
 90
3
176
1
 62
5
420
255
176
1
290
0
176
1
 90
50
176
1
 90
50
176
1
 90
50
176
1
290
0
176
1
 90
50
176
1
 62
256
176
0
 40
1.0
176
0
 90
2
176
1
  1
strokes_ogs.tif
176
1
290
0
176
1
 40
1.0
176
1
 40
1.0
176
1
  0
VISUALSTYLE
  5
195
102
{ACAD_REACTORS
330
191
102
}
330
191
100
AcDbVisualStyle
  2
GouraudWithEdges
 70
3
177
3
291
1
 70
58
 90
2
176
1
 90
2
176
1
 90
1
176
1
 90
2
176
1
 40
0.6
176
1
 40
30.0
176
1
 62
7
420
16777215
176
1
 90
1
176
1
 90
0
176
1
 62
7
176
1
 62
257
176
1
 90
1
176
1
 90
1
176
1
 40
1.0
176
1
 90
0
176
1
 62
257
176
1
 40
1.0
176
1
 90
1
176
1
 90
6
176
1
 90
2
176
1
 62
7
176
1
 90
5
176
1
 90
0
176
1
 90
0
176
1
290
0
176
1
 90
13
176
1
 40
0.0
176
1
 90
0
176
1
290
0
176
1
290
1
176
1
290
1
176
1
290
0
176
1
290
0
176
1
290
0
176
1
290
0
176
1
290
0
176
1
290
0
176
1
 90
50
176
1
 40
0.0
176
1
 40
1.0
176
1
 90
0
176
1
 62
18
420
0
176
1
 90
50
176
1
 90
3
176
1
 62
5
420
255
176
1
290
0
176
1
 90
50
176
1
 90
50
176
1
 90
50
176
1
290
0
176
1
 90
50
176
1
 62
256
176
0
 40
1.0
176
0
 90
2
176
1
  1
strokes_ogs.tif
176
1
290
0
176
1
 40
1.0
176
1
 40
1.0
176
1
  0
VISUALSTYLE
  5
199
102
{ACAD_REACTORS
330
191
102
}
330
191
100
AcDbVisualStyle
  2
Hidden
 70
6
177
3
291
0
 70
58
 90
1
176
1
 90
2
176
1
 90
2
176
1
 90
0
176
1
 40
0.6
176
1
 40
30.0
176
1
 62
7
420
16777215
176
1
 90
2
176
1
 90
2
176
1
 62
7
176
1
 62
257
176
1
 90
2
176
1
 90
1
176
1
 40
40.0
176
1
 90
0
176
1
 62
257
176
1
 40
1.0
176
1
 90
1
176
1
 90
6
176
1
 90
2
176
1
 62
7
176
1
 90
3
176
1
 90
0
176
1
 90
0
176
1
290
0
176
1
 90
1
176
1
 40
0.0
176
1
 90
0
176
1
290
0
176
1
290
1
176
1
290
1
176
1
290
0
176
1
290
0
176
1
290
0
176
1
290
0
176
1
290
0
176
1
290
0
176
1
 90
50
176
1
 40
0.0
176
1
 40
1.0
176
1
 90
0
176
1
 62
18
420
0
176
1
 90
50
176
1
 90
3
176
1
 62
5
420
255
176
1
290
0
176
1
 90
50
176
1
 90
50
176
1
 90
50
176
1
290
0
176
1
 90
50
176
1
 62
256
176
0
 40
1.0
176
0
 90
2
176
1
  1
strokes_ogs.tif
176
1
290
0
176
1
 40
1.0
176
1
 40
1.0
176
1
  0
VISUALSTYLE
  5
1A7
102
{ACAD_REACTORS
330
191
102
}
330
191
100
AcDbVisualStyle
  2
JitterOff
 70
20
177
3
291
1
 70
58
 90
2
176
0
 90
2
176
0
 90
0
176
0
 90
0
176
0
 40
0.6
176
0
 40
30.0
176
0
 62
7
420
16777215
176
0
 90
1
176
0
 90
4
176
0
 62
7
176
0
 62
257
176
0
 90
1
176
0
 90
1
176
0
 40
1.0
176
0
 90
10
176
2
 62
7
176
0
 40
1.0
176
0
 90
1
176
0
 90
6
176
0
 90
2
176
0
 62
7
176
0
 90
5
176
0
 90
0
176
0
 90
0
176
0
290
0
176
0
 90
1
176
0
 40
0.0
176
0
 90
0
176
0
290
0
176
0
290
1
176
0
290
1
176
0
290
0
176
0
290
0
176
0
290
0
176
0
290
0
176
0
290
0
176
0
290
0
176
0
 90
50
176
0
 40
0.0
176
0
 40
1.0
176
0
 90
0
176
0
 62
18
420
0
176
0
 90
50
176
0
 90
3
176
0
 62
5
420
255
176
0
290
0
176
0
 90
50
176
0
 90
50
176
0
 90
50
176
0
290
0
176
0
 90
50
176
0
 62
256
176
0
 40
1.0
176
0
 90
2
176
0
  1
strokes_ogs.tif
176
0
290
0
176
0
 40
1.0
176
0
 40
1.0
176
0
  0
VISUALSTYLE
  5
19F
102
{ACAD_REACTORS
330
191
102
}
330
191
100
AcDbVisualStyle
  2
Linepattern
 70
14
177
3
291
1
 70
58
 90
2
176
1
 90
2
176
1
 90
0
176
1
 90
0
176
1
 40
0.6
176
1
 40
30.0
176
1
 62
7
420
16777215
176
1
 90
1
176
1
 90
4
176
1
 62
7
176
1
 62
257
176
1
 90
7
176
1
 90
7
176
1
 40
1.0
176
1
 90
8
176
1
 62
7
176
1
 40
1.0
176
1
 90
1
176
1
 90
6
176
1
 90
2
176
1
 62
7
176
1
 90
5
176
1
 90
0
176
1
 90
0
176
1
290
0
176
1
 90
1
176
1
 40
0.0
176
1
 90
0
176
1
290
0
176
1
290
1
176
1
290
1
176
1
290
0
176
1
290
0
176
1
290
0
176
1
290
0
176
1
290
0
176
1
290
0
176
1
 90
50
176
1
 40
0.0
176
1
 40
1.0
176
1
 90
0
176
1
 62
18
420
0
176
1
 90
50
176
1
 90
3
176
1
 62
5
420
255
176
1
290
0
176
1
 90
50
176
1
 90
50
176
1
 90
50
176
1
290
0
176
1
 90
50
176
1
 62
256
176
0
 40
1.0
176
0
 90
2
176
1
  1
strokes_ogs.tif
176
1
290
0
176
1
 40
1.0
176
1
 40
1.0
176
1
  0
VISUALSTYLE
  5
1A8
102
{ACAD_REACTORS
330
191
102
}
330
191
100
AcDbVisualStyle
  2
OverhangOff
 70
21
177
3
291
1
 70
58
 90
2
176
0
 90
2
176
0
 90
0
176
0
 90
0
176
0
 40
0.6
176
0
 40
30.0
176
0
 62
7
420
16777215
176
0
 90
1
176
0
 90
4
176
0
 62
7
176
0
 62
257
176
0
 90
1
176
0
 90
1
176
0
 40
1.0
176
0
 90
9
176
2
 62
7
176
0
 40
1.0
176
0
 90
1
176
0
 90
6
176
0
 90
2
176
0
 62
7
176
0
 90
5
176
0
 90
0
176
0
 90
0
176
0
290
0
176
0
 90
1
176
0
 40
0.0
176
0
 90
0
176
0
290
0
176
0
290
1
176
0
290
1
176
0
290
0
176
0
290
0
176
0
290
0
176
0
290
0
176
0
290
0
176
0
290
0
176
0
 90
50
176
0
 40
0.0
176
0
 40
1.0
176
0
 90
0
176
0
 62
18
420
0
176
0
 90
50
176
0
 90
3
176
0
 62
5
420
255
176
0
290
0
176
0
 90
50
176
0
 90
50
176
0
 90
50
176
0
290
0
176
0
 90
50
176
0
 62
256
176
0
 40
1.0
176
0
 90
2
176
0
  1
strokes_ogs.tif
176
0
290
0
176
0
 40
1.0
176
0
 40
1.0
176
0
  0
VISUALSTYLE
  5
19B
102
{ACAD_REACTORS
330
191
102
}
330
191
100
AcDbVisualStyle
  2
Realistic
 70
8
177
3
291
0
 70
58
 90
2
176
1
 90
3
176
1
 90
0
176
1
 90
2
176
1
 40
0.6
176
1
 40
30.0
176
1
 62
7
420
16777215
176
1
 90
0
176
1
 90
0
176
1
 62
7
176
1
 62
257
176
1
 90
1
176
1
 90
1
176
1
 40
1.0
176
1
 90
8
176
1
 62
257
176
1
 40
1.0
176
1
 90
1
176
1
 90
6
176
1
 90
2
176
1
 62
7
176
1
 90
3
176
1
 90
0
176
1
 90
0
176
1
290
0
176
1
 90
13
176
1
 40
0.0
176
1
 90
0
176
1
290
0
176
1
290
1
176
1
290
1
176
1
290
0
176
1
290
0
176
1
290
0
176
1
290
0
176
1
290
0
176
1
290
0
176
1
 90
50
176
1
 40
0.0
176
1
 40
1.0
176
1
 90
0
176
1
 62
18
420
0
176
1
 90
50
176
1
 90
3
176
1
 62
5
420
255
176
1
290
0
176
1
 90
50
176
1
 90
50
176
1
 90
50
176
1
290
0
176
1
 90
50
176
1
 62
256
176
0
 40
1.0
176
0
 90
2
176
1
  1
strokes_ogs.tif
176
1
290
0
176
1
 40
1.0
176
1
 40
1.0
176
1
  0
VISUALSTYLE
  5
1A6
102
{ACAD_REACTORS
330
191
102
}
330
191
100
AcDbVisualStyle
  2
Shaded
 70
27
177
3
291
0
 70
58
 90
2
176
1
 90
2
176
1
 90
1
176
1
 90
2
176
1
 40
0.6
176
1
 40
30.0
176
1
 62
7
420
16777215
176
1
 90
0
176
1
 90
4
176
1
 62
7
176
1
 62
257
176
1
 90
1
176
1
 90
1
176
1
 40
1.0
176
1
 90
8
176
1
 62
257
176
1
 40
1.0
176
1
 90
1
176
1
 90
6
176
1
 90
2
176
1
 62
8
420
7895160
176
1
 90
3
176
1
 90
0
176
1
 90
0
176
1
290
0
176
1
 90
5
176
1
 40
0.0
176
1
 90
0
176
1
290
0
176
1
290
1
176
1
290
1
176
1
290
0
176
1
290
0
176
1
290
0
176
1
290
0
176
1
290
0
176
1
290
0
176
1
 90
50
176
1
 40
0.0
176
1
 40
1.0
176
1
 90
0
176
1
 62
18
420
0
176
1
 90
50
176
1
 90
3
176
1
 62
5
420
255
176
1
290
0
176
1
 90
50
176
1
 90
50
176
1
 90
50
176
1
290
0
176
1
 90
50
176
1
 62
256
176
0
 40
1.0
176
0
 90
2
176
1
  1
strokes_ogs.tif
176
1
290
0
176
1
 40
1.0
176
1
 40
1.0
176
1
  0
VISUALSTYLE
  5
1A5
102
{ACAD_REACTORS
330
191
102
}
330
191
100
AcDbVisualStyle
  2
Shaded with edges
 70
26
177
3
291
0
 70
58
 90
2
176
1
 90
2
176
1
 90
1
176
1
 90
2
176
1
 40
0.6
176
1
 40
30.0
176
1
 62
7
420
16777215
176
1
 90
1
176
1
 90
2
176
1
 62
7
176
1
 62
257
176
1
 90
2
176
1
 90
1
176
1
 40
1.0
176
1
 90
8
176
1
 62
257
176
1
 40
1.0
176
1
 90
1
176
1
 90
6
176
1
 90
2
176
1
 62
7
176
1
 90
3
176
1
 90
0
176
1
 90
0
176
1
290
0
176
1
 90
5
176
1
 40
0.0
176
1
 90
0
176
1
290
0
176
1
290
1
176
1
290
1
176
1
290
0
176
1
290
0
176
1
290
0
176
1
290
0
176
1
290
0
176
1
290
0
176
1
 90
50
176
1
 40
0.0
176
1
 40
1.0
176
1
 90
0
176
1
 62
18
420
0
176
1
 90
50
176
1
 90
3
176
1
 62
5
420
255
176
1
290
0
176
1
 90
50
176
1
 90
50
176
1
 90
50
176
1
290
0
176
1
 90
50
176
1
 62
256
176
0
 40
1.0
176
0
 90
2
176
1
  1
strokes_ogs.tif
176
1
290
0
176
1
 40
1.0
176
1
 40
1.0
176
1
  0
VISUALSTYLE
  5
1A2
102
{ACAD_REACTORS
330
191
102
}
330
191
100
AcDbVisualStyle
  2
Shades of Gray
 70
23
177
3
291
0
 70
58
 90
2
176
1
 90
2
176
1
 90
3
176
1
 90
0
176
1
 40
0.6
176
1
 40
30.0
176
1
 62
7
420
16777215
176
1
 90
2
176
1
 90
2
176
1
 62
7
176
1
 62
7
176
1
 90
1
176
1
 90
1
176
1
 40
40.0
176
1
 90
8
176
1
 62
7
176
1
 40
1.0
176
1
 90
1
176
1
 90
6
176
1
 90
2
176
1
 62
7
176
1
 90
3
176
1
 90
0
176
1
 90
0
176
1
290
0
176
1
 90
1
176
1
 40
0.0
176
1
 90
0
176
1
290
0
176
1
290
1
176
1
290
1
176
1
290
0
176
1
290
0
176
1
290
0
176
1
290
0
176
1
290
0
176
1
290
0
176
1
 90
50
176
1
 40
0.0
176
1
 40
1.0
176
1
 90
0
176
1
 62
18
420
0
176
1
 90
50
176
1
 90
3
176
1
 62
5
420
255
176
1
290
0
176
1
 90
50
176
1
 90
50
176
1
 90
50
176
1
290
0
176
1
 90
50
176
1
 62
256
176
0
 40
1.0
176
0
 90
2
176
1
  1
strokes_ogs.tif
176
1
290
0
176
1
 40
1.0
176
1
 40
1.0
176
1
  0
VISUALSTYLE
  5
1A3
102
{ACAD_REACTORS
330
191
102
}
330
191
100
AcDbVisualStyle
  2
Sketchy
 70
24
177
3
291
0
 70
58
 90
1
176
1
 90
2
176
1
 90
2
176
1
 90
0
176
1
 40
0.6
176
1
 40
30.0
176
1
 62
7
420
16777215
176
1
 90
2
176
1
 90
2
176
1
 62
7
176
1
 62
7
176
1
 90
1
176
1
 90
1
176
1
 40
40.0
176
1
 90
11
176
1
 62
7
176
1
 40
1.0
176
1
 90
1
176
1
 90
6
176
1
 90
2
176
1
 62
7
176
1
 90
6
176
1
 90
0
176
1
 90
0
176
1
290
0
176
1
 90
1
176
1
 40
0.0
176
1
 90
0
176
1
290
0
176
1
290
1
176
1
290
1
176
1
290
0
176
1
290
0
176
1
290
0
176
1
290
0
176
1
290
0
176
1
290
0
176
1
 90
50
176
1
 40
0.0
176
1
 40
1.0
176
1
 90
0
176
1
 62
18
420
0
176
1
 90
50
176
1
 90
3
176
1
 62
5
420
255
176
1
290
0
176
1
 90
50
176
1
 90
50
176
1
 90
50
176
1
290
0
176
1
 90
50
176
1
 62
256
176
0
 40
1.0
176
0
 90
2
176
1
  1
strokes_ogs.tif
176
1
290
0
176
1
 40
1.0
176
1
 40
1.0
176
1
  0
VISUALSTYLE
  5
19E
102
{ACAD_REACTORS
330
191
102
}
330
191
100
AcDbVisualStyle
  2
Thicken
 70
13
177
3
291
1
 70
58
 90
2
176
1
 90
2
176
1
 90
0
176
1
 90
0
176
1
 40
0.6
176
1
 40
30.0
176
1
 62
7
420
16777215
176
1
 90
1
176
1
 90
4
176
1
 62
7
176
1
 62
257
176
1
 90
1
176
1
 90
1
176
1
 40
1.0
176
1
 90
12
176
1
 62
7
176
1
 40
1.0
176
1
 90
1
176
1
 90
6
176
1
 90
2
176
1
 62
7
176
1
 90
5
176
1
 90
0
176
1
 90
0
176
1
290
0
176
1
 90
1
176
1
 40
0.0
176
1
 90
0
176
1
290
0
176
1
290
1
176
1
290
1
176
1
290
0
176
1
290
0
176
1
290
0
176
1
290
0
176
1
290
0
176
1
290
0
176
1
 90
50
176
1
 40
0.0
176
1
 40
1.0
176
1
 90
0
176
1
 62
18
420
0
176
1
 90
50
176
1
 90
3
176
1
 62
5
420
255
176
1
290
0
176
1
 90
50
176
1
 90
50
176
1
 90
50
176
1
290
0
176
1
 90
50
176
1
 62
256
176
0
 40
1.0
176
0
 90
2
176
1
  1
strokes_ogs.tif
176
1
290
0
176
1
 40
1.0
176
1
 40
1.0
176
1
  0
VISUALSTYLE
  5
198
102
{ACAD_REACTORS
330
191
102
}
330
191
100
AcDbVisualStyle
  2
Wireframe
 70
5
177
3
291
0
 70
58
 90
0
176
1
 90
2
176
1
 90
0
176
1
 90
0
176
1
 40
0.6
176
1
 40
30.0
176
1
 62
7
420
16777215
176
1
 90
1
176
1
 90
4
176
1
 62
7
176
1
 62
257
176
1
 90
1
176
1
 90
1
176
1
 40
1.0
176
1
 90
0
176
1
 62
257
176
1
 40
1.0
176
1
 90
1
176
1
 90
6
176
1
 90
2
176
1
 62
7
176
1
 90
3
176
1
 90
0
176
1
 90
0
176
1
290
0
176
1
 90
1
176
1
 40
0.0
176
1
 90
0
176
1
290
0
176
1
290
1
176
1
290
1
176
1
290
0
176
1
290
0
176
1
290
0
176
1
290
0
176
1
290
0
176
1
290
0
176
1
 90
50
176
1
 40
0.0
176
1
 40
1.0
176
1
 90
0
176
1
 62
18
420
0
176
1
 90
50
176
1
 90
3
176
1
 62
5
420
255
176
1
290
0
176
1
 90
50
176
1
 90
50
176
1
 90
50
176
1
290
0
176
1
 90
50
176
1
 62
256
176
0
 40
1.0
176
0
 90
2
176
1
  1
strokes_ogs.tif
176
1
290
0
176
1
 40
1.0
176
1
 40
1.0
176
1
  0
VISUALSTYLE
  5
1A4
102
{ACAD_REACTORS
330
191
102
}
330
191
100
AcDbVisualStyle
  2
X-Ray
 70
25
177
3
291
0
 70
58
 90
2
176
1
 90
2
176
1
 90
1
176
1
 90
1
176
1
 40
0.5
176
1
 40
30.0
176
1
 62
7
420
16777215
176
1
 90
1
176
1
 90
0
176
1
 62
7
176
1
 62
257
176
1
 90
1
176
1
 90
1
176
1
 40
1.0
176
1
 90
8
176
1
 62
7
176
1
 40
1.0
176
1
 90
1
176
1
 90
6
176
1
 90
2
176
1
 62
7
176
1
 90
3
176
1
 90
0
176
1
 90
0
176
1
290
0
176
1
 90
13
176
1
 40
0.0
176
1
 90
0
176
1
290
0
176
1
290
1
176
1
290
1
176
1
290
0
176
1
290
0
176
1
290
0
176
1
290
0
176
1
290
0
176
1
290
0
176
1
 90
50
176
1
 40
0.0
176
1
 40
1.0
176
1
 90
0
176
1
 62
18
420
0
176
1
 90
50
176
1
 90
3
176
1
 62
5
420
255
176
1
290
0
176
1
 90
50
176
1
 90
50
176
1
 90
50
176
1
290
0
176
1
 90
50
176
1
 62
256
176
0
 40
1.0
176
0
 90
2
176
1
  1
strokes_ogs.tif
176
1
290
0
176
1
 40
1.0
176
1
 40
1.0
176
1
  0
DICTIONARYVAR
  5
2CB
102
{ACAD_REACTORS
330
1B9
102
}
330
1B9
100
DictionaryVariables
280
0
  1
1:1
  0
DICTIONARYVAR
  5
2C7
102
{ACAD_REACTORS
330
1B9
102
}
330
1B9
100
DictionaryVariables
280
0
  1
STANDARD
  0
DICTIONARYVAR
  5
2C6
102
{ACAD_REACTORS
330
1B9
102
}
330
1B9
100
DictionaryVariables
280
0
  1
STANDARD
  0
DICTIONARYVAR
  5
2C8
102
{ACAD_REACTORS
330
1B9
102
}
330
1B9
100
DictionaryVariables
280
0
  1
Metric50
  0
DICTIONARYVAR
  5
2C9
102
{ACAD_REACTORS
330
1B9
102
}
330
1B9
100
DictionaryVariables
280
0
  1
Metric50
  0
DICTIONARYVAR
  5
2CD
102
{ACAD_REACTORS
330
1B9
102
}
330
1B9
100
DictionaryVariables
280
0
  1
1
  0
DICTIONARYVAR
  5
2CE
102
{ACAD_REACTORS
330
1B9
102
}
330
1B9
100
DictionaryVariables
280
0
  1
15
  0
DICTIONARYVAR
  5
2CC
102
{ACAD_REACTORS
330
1B9
102
}
330
1B9
100
DictionaryVariables
280
0
  1
0
  0
DICTIONARYVAR
  5
2CA
102
{ACAD_REACTORS
330
1B9
102
}
330
1B9
100
DictionaryVariables
280
0
  1
0
  0
DICTIONARY
  5
182
330
181
100
AcDbDictionary
280
1
281
1
  3
BUMPTILE
360
184
  3
DIFFUSETILE
360
183
  3
OPACITYTILE
360
187
  3
REFLECTIONTILE
360
186
  3
REFRACTIONTILE
360
188
  3
SPECULARTILE
360
185
  0
DICTIONARY
  5
17A
330
179
100
AcDbDictionary
280
1
281
1
  3
BUMPTILE
360
17C
  3
DIFFUSETILE
360
17B
  3
OPACITYTILE
360
17F
  3
REFLECTIONTILE
360
17E
  3
REFRACTIONTILE
360
180
  3
SPECULARTILE
360
17D
  0
DICTIONARY
  5
18A
330
189
100
AcDbDictionary
280
1
281
1
  3
BUMPTILE
360
18C
  3
DIFFUSETILE
360
18B
  3
FBXASSET
360
5C4
  3
OPACITYTILE
360
18F
  3
REFLECTIONTILE
360
18E
  3
REFRACTIONTILE
360
190
  3
SPECULARTILE
360
18D
  0
DICTIONARY
  5
664
330
1AC
100
AcDbDictionary
280
1
281
1
  3
ACAD_ROUNDTRIP_2008_TABLESTYLE_CELLSTYLEMAP
360
665
  0
XRECORD
  5
184
102
{ACAD_REACTORS
330
182
102
}
330
182
100
AcDbXrecord
280
1
270
1
271
1
  0
XRECORD
  5
183
102
{ACAD_REACTORS
330
182
102
}
330
182
100
AcDbXrecord
280
1
270
1
271
1
  0
XRECORD
  5
187
102
{ACAD_REACTORS
330
182
102
}
330
182
100
AcDbXrecord
280
1
270
1
271
1
  0
XRECORD
  5
186
102
{ACAD_REACTORS
330
182
102
}
330
182
100
AcDbXrecord
280
1
270
1
271
1
  0
XRECORD
  5
188
102
{ACAD_REACTORS
330
182
102
}
330
182
100
AcDbXrecord
280
1
270
1
271
1
  0
XRECORD
  5
185
102
{ACAD_REACTORS
330
182
102
}
330
182
100
AcDbXrecord
280
1
270
1
271
1
  0
XRECORD
  5
17C
102
{ACAD_REACTORS
330
17A
102
}
330
17A
100
AcDbXrecord
280
1
270
1
271
1
  0
XRECORD
  5
17B
102
{ACAD_REACTORS
330
17A
102
}
330
17A
100
AcDbXrecord
280
1
270
1
271
1
  0
XRECORD
  5
17F
102
{ACAD_REACTORS
330
17A
102
}
330
17A
100
AcDbXrecord
280
1
270
1
271
1
  0
XRECORD
  5
17E
102
{ACAD_REACTORS
330
17A
102
}
330
17A
100
AcDbXrecord
280
1
270
1
271
1
  0
XRECORD
  5
180
102
{ACAD_REACTORS
330
17A
102
}
330
17A
100
AcDbXrecord
280
1
270
1
271
1
  0
XRECORD
  5
17D
102
{ACAD_REACTORS
330
17A
102
}
330
17A
100
AcDbXrecord
280
1
270
1
271
1
  0
XRECORD
  5
18C
102
{ACAD_REACTORS
330
18A
102
}
330
18A
100
AcDbXrecord
280
1
270
1
271
1
  0
XRECORD
  5
18B
102
{ACAD_REACTORS
330
18A
102
}
330
18A
100
AcDbXrecord
280
1
270
1
271
1
  0
XRECORD
  5
5C4
102
{ACAD_REACTORS
330
18A
102
}
330
18A
100
AcDbXrecord
280
1
 70
1
 90
-1506045146
 71
1
  1
4E6CC1B9-5B3C-41C2-97F7-DB59C7153CE0
311
504B0304140006080800114B975C27667EC110010000A80100004F00000041364634364432392D324646322D344239362D383444432D3735333637314642334142422F4173736574446174612F446566696E6974696F6E4974657261746F7250726F706572746965732E62696E7550B14EC33010350CA00C0C4888998181C5
311
244E1C27464210DB31130B7C0072836923B969542762ED84F8EB722E41AA409CF4EECEEFCE774FF78910DA4E06293A006CC09F407CB09D5DB7CD73B3B04B838E02E35633E32E219382D7A2E01427A522989244E1523089494E7446154B65490EA1EF18A0EC9B19DD10463EB6BEB1CE99CEAE467F0AC4B4E3626906D865DC75
311
F8142114C206807E0A3E4C9A7F2B0A22DF01E6B5BFB933DEDBE136AE98A64CA51CA75AA7980ACE704995C4459EB18268915542C44FD6AFC675637D4C6B2625111CE72293A05FA69817BAC04AE45C1624CF649DC4C3620CA7390B32669D695D9CC4938497BE9B03FDC7F66FB95FBC874705F888AE76741F9DEFE27FEEF79C2F
311
504B0304140006080800114B975C68A4317CF4000000300200004500000041364634364432392D324646322D344239362D383444432D3735333637314642334142422F4173736574446174612F496E7374616E636550726F706572746965732E62696EEB606060F80F0540260323103700495E20ED9E9A975A94991C9C9C91
311
9A9BA8021430713573763674B2D435753276D635317436D2B5347733D7757132B57436373435767635604768046931363471713532056A313131D635313332D475727372D13534373670069A66E9E86A095406B6974133A6FFD0578D2BF6409A0928D600C4303E9806F281E0833D4812A2838141C0814100C485001507180B
311
07FDC11E2A0167E05008B48601680F3350BA01A104A6EB01D4181E8414120B149E0819981E24055066CA4E074C416411881B402220234D90A590D81FEC59803C50CCF10171707962497286AE5351625E4A6A0A4886838A1000504B0304140006080800114B975CB5A795FFE3790000DE7900006B0000004136463436443239
311
2D324646322D344239362D383444432D3735333637314642334142422F5265736F75726365732F34453643433142392D354233432D343143322D393746372D4442353943373135334345302F7468756D626E61696C2F302F67656E657269635F706E6701DE79218689504E470D0A1A0A0000000D4948445200000100000001
311
0008030000006BAC58540000000467414D410000B18F0BFC6105000000017352474200AECE1CE900000192504C5445818181B3B3B35A5A5A4848486060605C5C5C6464648383835E5E5E6262624E4E4EAFAFAF4A4A4AB5B5B54C4C4CB1B1B1858585B7B7B7585858ADADAD7C7C7C464646787878ABABAB747474A7A7A76868
311
68707070B9B9B96E6E6E6A6A6A8B8B8B666666545454565656A5A5A5505050A1A1A1BBBBBB8F8F8F9F9F9F4242425252527676764040403E3E3E9B9B9B7A7A7A8989897E7E7E9393939797974444448787873C3C3C727272BDBDBD3A3A3A6C6C6CA9A9A9A3A3A32020209D9D9DBFBFBF8D8D8D959595919191262626999999
311
2222222424241E1E1EC1C1C1282828C3C3C32C2C2C2A2A2A2E2E2E303030C5C5C53232321C1C1C363636383838343434C7C7C71A1A1A0E0E0E121212484A484C4E4C1616160A0A0A4A4C4A787A781414147C7E7C9193915E605E464846838583878987B1B3B18587856668665A5C5A626462818381A7A7A5A3A3A1B1B1AFAD
311
AFAD7072705C5E5C9D9D9BABADAB7E817EB7B9B7585A58BBBDBB4C4C4A8D8F8D747674B5B5B3B7B7B59FA19F606260ABABA9A5A5A39B9B99A9A9A78F8F8D6C6C6AC7C7C5451AD12700002000494441547801DCBD89771BD7B5A70B8EE04C702641712605CE034890E220088028C93245451215B713AF388E7DFD9EEDB8DDCE
311
6ABFF4B57D97137BE50FEFEFDBA74049B6AEED74869B7E87404D2814EBB7F76F0F67A8835CEEBFA0E42B854AA5B2BB5B6BCC951A8D52A93657A914FE0BEEE39FFE2FF395B9B9C6CAD2D4C4606F4B7FFF8D1B37EEDCB97587F7CD9B4343BD134BABE7DB48E3FFA7A228ECD6F6574E4786C0FC8B5FFCE2CD5FFCE297BF7CF3CD
311
5FFC92B52FFE58BFF9E69B776E0EF5F79E55CBBBF9FC3F5D3DFFB07F5898ABAF7CDA3B74E74EC0CE20230561BF096E97E05712BFFCC59BC80539DCE83DDD6E54FE61B7747DE17FB8980BBBFB2BBD4337DF487881AAE6C5ACC6AF25207877B2B527BFF1CB3B77FA47561ABBD7F7FA7FE146A5B6BD74E3164C7F51449AE95DB4
311
12200EC539418717E7F2F11B376FF62E95FEAF1442BED0581DBCA1BD2780D23F506AFA16E1A7AD974EF17876F00DD7BCB187A1A97AE51FCED5BF2BC1F2BBE5B3C19BE27B43CF26DE00933658FE129B109C2FFF922CC22C4260FA01BEFB462A77DEBC35F42F600C3F5B0795D2E9E02DAD5E650B4438A92801B65C35CBAB7B1E
311
E5041CE69D3B6F1822DFB873EBD6AD3B6FBC71EBC6C86AE967DFC2DFA4CEBFF1BF54F6276EBC114E2F43FEC60B01A0D440A868B2920E5C4BC10D60931ADCB871F3268B21D3851B08E1D6AD9BFD4BF57F7577909FAB86F29B982571136AF01DF5FE32AC3BD9406CAAF2440A54CF176EDD01FBADA1FEFEFE21FE4C9858DFF418
311
3458A9FD2B6708A5A5A137E0EE1D11A9EC0C7C58B2C73C0AD6B479BD76B7790CF899E287FA5B06FB7B07C9195B7851FA8794031EF1FC5F9406BBFB23375420286399B631E93B08022A785C4DBF9996EC3551874094D71B6F487E80F6837E50F483BDBDBD83232323AC420A18C68DA196EDDADF68A77F938F78FD972BABBDB7
311
B87FB164AC6FC2CB760365821ACB74AED44FFAD7E7431ECD7E08AC421F391D199998989A383D9D98E8E56F84A318C58D9BFD2DAB73FF5222C8EFAEF4DE7AF30D756E5108683DA471E70D0502099A7240F19E4089D3FD203E620F1B47BF43501E85031AE44B4B9F2E4D2D9D4D51D8970983FA861B3706FF950CA170DE82F6B3
311
12CC4F42C8966295F7D725ED29882415DC055F36DEA1FE96FEC141493F05FAA9A9A5A595B333DED5B3D5A533F62183323032F46EFF13EA0AAFA5FBF7C8976F8C10F7280A014832593B90004D52341980D907EAEB73411EB2F1EBC9F507F92746C40E7AE0AFAE54292BAB2BAB67CAE0746264A277B06508168C94BF772BE976
311
5F7BF0B548FE1E07F3B5A521340A5CB5297C4B12811B89E82191ECF3E41B3259C529F135E23CF4C7F961FB13537F5A02ECCAEA76B5BA5D3D3FDF3F2FEFEFB3AA22053E5008833428DC6C59FA2F770595F311F235D427F379BB8A121BD901B96076A388DC4C3C61C7933CCCD770FF375A6E0CE9F535FE2534BF5ADD3E3FAFD7
311
1BF57AA951B6D4CFEBFB8864758A26154430080B06ABFF557610ECC93726224F155D1471041E0D42F82F4891C926C1355B0831649FF365F46FF05300A7A790BD8ADEEB0D4AA9569A9BDBADCCD56AA55AE377F5F3F3EA2A34983A1DE91D810543138D7F28E57FF4E2B5335A3928B76EA1CB9B00BF158C8F63A2E788826896D0
311
B5E7C461949ECE089144F8EBEFC7FB4D8C9C4E9DAD60F7FBE572B416C2F2423ECF8B86C439E450DA970634ACFDA977629098D0B2FAF313A36B3869E37AF7853378CDA1171FBEBA95DF1E44FD5144A420588641B0055A79ED91CC0DC41E27064512FB33F1F04D09D0D2DF0203A646A6CECE80DF28356A348CED8C4F1EF137B9
311
319E1BCD29867CA556AA97F7B757567006A447FD375A26CAAFDED9CFDCFB2BB0BEEE8AA5911BC2C7F85DF88A3775389990AA72219D582409210F85A4E66F2987D875C30848023088FDF77E87F96FD7CBA5B9DCCEF4F4C9FC7C676777577B7B7B67E7ECCCE4E8DEE85E81A6D55AA3BC7FBEB242589CE8ED4770E785D7DDE23F
311
F2587EBF57F50B9E820527316488E5C32D50F979BCA58207297E2B6D658702FFCD211840FE43FC9F3A5BAD9E97E6F21B9FCF16BBBB3A3A5A175B5B1787875B5B3B86DFEFFC687A72674F19D46A8DFDF3EACA59E405375ACE76FFA922C817CE86A89BDD92F400F2C55B7462F610459837D3A61ACF50C7471C8F2F2A9D38C3DA
311
2F068007F80EFCDBFBE5DCC674B1D83EBCBEB8BCBCBC3ED0D3D333D0B3DE33BCBEB0D8DA35FBF9F8CECE68AE020BCE61C112A4C1138CD47F9AD13F7DC6AB9CF9CFCFAF9D0E01FFE6CD503F5B91C5218E2899CA15098714848B04FCE5654884ABF0E554F11F6C21D73D5D5AADD64B7B9327DDAD8B0B7D7D6D6D07070763BC0F
311
3E38E8EB4310EBEB8BC3DDB347E3E37B5842B97C4E44A0C630427E5CFDFB71E03F471E12CA9FF70E055AE141042DD81234B879EB4606361D9328149037D7D76A571A7E974FA20AD0323832713AB5BA7ABE3B3E3D3FBC30307070B0B9B645D93C3CDC3CDCA41CFC6AAC2D64D0D579B4B1B397A7C1BDBEBD7D36657A3CD4B2F4
311
4F4909F2B9CA597F4245C59DEC354316F0587020D0C661742BC02869435FD12CF195C422DB3C5A3E2305C000CE6B7B27ED8B7D63079B5B5B878787C787C7C7C757C76C51B60ED60EDAFA06D67B965B3B672677080BB5329E60E9B477847AE2E9EB53E35779FD37EFCD2D0DDD68AA355B6B0D81860502B8B68C801F5C697E9A
311
D62F4B406244CB975560BAC756AAA577675B07C6D03778C17E7C95CAF1B3ABABE3E3ADADE3CDB1B1B6B681014470343EBA979F8B90383545727C63E43549D14FD0F927E5F1FDEFD7263058FE02EBCD1BDCBCA053496BD58E69BC44F9F854D4D979AE9ADB908824382AC1D4014E9756EAF9CE85B6B54DB01F02F8EA5908E0D9
311
D5F1B3E72188C3C3AB67879B07C8A0A767B8B831FE5E7EB754DEAE5261460243FFF07858D8EF0D658BDC563A2C5EF5833C13C90B69248C4DD97842B61DFA7F210A2F6108A0F96B62E2D3B3F3DD939EA47E30ABF5AB2B903F4BE5F9B36757CF65021E616DAC6F60A1FB647274B4B05B2E5341B082D43278F67D8DFDA48AFF9A
311
13F22B34C7586C9992BA6E66CABC190E313E7C811AA57304B421A75B289B9D174CC868C24548823E230B9A5A2DCD2CAFE1F98E61C015CA7E96B083FC59F3ED06EE60F360B3AD6F79787ED278D0A86FAFE00BA9220EAEFE1D5DE1F7855939C3FCC1332426B377F692406E022C010DB437EF009803F0DCFD3B7C94440571D8F2
311
C328F115F47FD324802070BAB43FBA80EFDB92FCA1F7E7CF9FA875CBB327CF9EB08C4DE4815BC4210E2CB7CF1CEDECEDCED5B757490968286899FAF95583BF46F9393CEE6A86D6F618CAAD9BFF0BE22B042412C5CFB50556815CC5BBE33E9F61ECEC26A9BCB8145FD10590078F9C9E953B513FAE1FE387FAC246E14F9E3CE7
311
F5F8194BD6594140876B6B84C5D6799C61A16434201E5237582AFD75C07EEED9863F463284E2E13425A036BD41061259289B6BDC1ED656FC8B8592C9D00701E27CEA749F0D8EF44EAD8C1F80FFF8F8F9D513191F6803384C800097F24069C407CFAE88136B7DCB3D5D4A60B711F19070D83235F77331FD35E715966889038E
311
2E0B346EAB7936C4162043E1A1F144093695443A570144898BC4079CEF1912809A3035A1D3F361235F90FFF1E3E0FB93C7E2750719F88E7D8E68123883ADB5B18185AE99F1D11C1238A792DC4BEDE8EC6FF503DF377E0445F68FAF4E08D43082D02170F30131A154206CC559A8D9CFDD762B31273E4947A581E0D9BB71E33F
311
FA07CD02CE2A6BE1EC80167497F2A81CFA3F7EFE58D0CF5D5D170DE4F89070B0BC4040CC17BEAC6B0586C3D3FF0309BC06F44B04A1E13729929B4DF73C44070692C810B08AC3012E8EE9EAE22067796288C193B2139B970B86F47FAD0F98382B1E035D9C32FD318A4FAFCB274F2E1FA772F94411B0CD42493C23393A685B5F
311
EF3E1ACF554AF5F3552A478383374E6B2FDDFC4F6DFE38F4F4ED7A7FE838F488EA852482F412D3CB07E293D02C9F074F12E84C5AAC423271450572A385449844706475FD38DC3C22486A0639E5F1E38B0CFE93CB4B25910EF309A2224BD8DAD40C682C28341AD69047E8539A6AFC14EC573F7FAD10AE0FE6EB13E87B28E093
311
B513B5803514DE408809BC12A14876DE0A25F643009E9176D9F0C330164285A7444DC8CAF0E9FE41429EE0A2F6A6DE91C0856C501272404A8468822E24C807030B1D33D40D4AFBDBABB411D093D88C86D7205E05FC57EDD1F805FA4CED5920F0CED39157E007CE21757C5DE440ECBCB46CD283E378029B43FB077B4F47E60E
311
9F61E8D01BE017D7E843EB49F50A2028F1E442FCC90C9EE308E4C0C2C94EAE30B75FAD3A0EAFA57FE9EF960F14BE15638840EAF3BA490BB6850EDB38EECAFD21A0C746D0C4234DBD035EFC7EDD121FA585FAB73DB89FE6A03CF833AB0730E5E2F1A36CE3F202A128934B44E396961121E1F2C9F32BFCC0C140CFE22C1CA8E1
311
09B182919696BFB98120234F61B59F7BF46EC30CF067B21A33B0FB3E402448EE266CCD93135A8E823DB31F85E677434E608F53F8100BC0098EA2FD6BC01770E0F2F2D1E5452A711C4BB8486248FAD756D852026B6DC90A2AA5C6B69E9068B8F27AFABFFEE8AB36F1D23985D5960014FD711940800B560250D2272CC54FF1D3
311
A660B275AC3881E349689C1616E1E9044129D032313509DE4700BC867C71F128C400159407C761022BA8A040F40A244788808C60B3AD67A17576279F6F946923191921B0545FC2F12AC0EFEFBD7262B6935679FC7F80629160ABFAEC88E8430E76D82A8DE62ACE50BD4A42FBF03B387B37FD321B37E31C3F063D99703F5160
311
E6C9E5A300CF32A91E0A085A29C0FC507F6C21012303C6104B82C1F1E156DB3229D1A855A32A8352C9077AF733A0AFE0FB3EF81FDF2F0F82C21B0EB06998866878B103305E31EC17F4FD43831E570A2118D1667632D4FFFFB125782F96168A833DBE78C3F11F8383A79D49F58F1E3DBC780417AE6581381E8610604888E291
311
3E12492881274822C221AD04CB0B1D273B8542837460898C686864FF6F801E8269F40AD0481DFAF5E6E9C1F3BE391C325004DF0746A4E4448F7B52C0D5EAD39EC46896B888C4210D68E99DFA2820DF7FF850EC407EB55C3EBC5028611409BFCB8889C90F1C52355AEF98B18100094C9D0EF6F64FD47E5CBF3FF5293DDFB4B5
311
0DDD54F351446FA1F14580DC3902C085F593CB24ACC917B213BBC11B3F0A61042FD8B24F4FB9C4556D0CB9E1A880DE89934CE9607F18F81FDD950DD0E1D143F41D56110E227C250621FF098838042BC85B5B6BCBCBC31DD37B34966E9FFD9936A2FEFEA9EBA4182E5CD3E17AE35501FCE0707E5525A7DBC64DFD077825BE37
311
CE0BBE1BBEC061410C660B6E49912665E2B3749C7C9F93834022F74CDE6CA5EB501D9CBC04B768292C5CCB84478F3CA83074092C6082169015E5800D5839DC6C1B58EFE83ECA513BDE3EFB8EF1242D2D4B3FD55AFE03D42F8492AF8A3F21444FA2FA9ABBF525EAF84C09F0168527B0138A85D1EC0443C467B28BF844EAF763
311
23BE13D7C11F72FED783837B970FEFDE7D7817E077C17EF7E2A1C2C0FE851FE4C008388C15E818958746129E1009D054B67530D6B3D8DA3D59D82D9D57CF70039FF50FFE0DE94089DB269C3655A4F25B38C49D0BD48E59F1526887C18FC5272197F85CA72862A593A4843CD25F920487DDF7AA0441A2C0600D062001F103FC
311
EEA3D8560CEC3EBACB01CAE5A51E420349F602191E5F901893142381351CE17047E764BE50DEAF9E4D8C38B6ECFFACEB141E54A6865A88A60133EE9CBB4C256930B0B168C1C3AB59FE1743FB422C7166082E934AFA5EFA3E4BCE0B69362FA7041818B7FDECE1DDFB4D022007CA23E521F0700AAEB5888BBBF08023E128B404
311
5381542FA256B0D04E28A0C3804E233A1BFB476A2F48FD135BAF9843BEDA3264EB42BA499601F16B566E72C7EA35908ABCB9176BBED43204C696AFD3D7B24B08D3AFA44BE243D88A6D9D0B6562B52F741E1610C0EFBBAF2B0829289A640EC4C8A4FF66A24430786CEBE1E1E61AF9507BFB496EAEB64F8F49B4129EBDEC065E
311
C1F8A3F228A3CD0950883B41BEC6D1944AE06147289600A7726313AC69A3F91197F1438BCB743E76F01F6EF1D1C854071670FFFE43FF1EDED702EE5A14C85D0C42DF90B86068800659AC88981855E3E774A71C0CAC2F76754EE7CC87C808D1E1E0F6CF47FD4224731337BE1E39C5010823EE997B1491BBD99FC8D8EF77482B
311
EB5EB2CF66499A8E0F7511B19B3EFBDACB6507BC78731B1B383D02FFDD7BE8DD9256F7D0BA7B46015941097B80018F700FFA024CC08078F51806100ADBFA163ABA8A3B95B9D2F92AC30BC908ED31FABE0CBEBFFF0279B675868F9AA24E9530B08C174055B7F48E4F58002F3E82F0BDFA003E8B431EB6C4A91E4D9B5FFB7912
311
65BA8827BBE5F1BCFA7F789F72F75EC800F8AE43FFAEC42F13009FB905A9A0132015D0068ED7682AC608BA6771038DEDB3B33082891FAB1ABF5614F93238079726B833958796B845B731FCB86316713C1DC581B1E19B424EE32674093F80776F7E27C6FBFAC85C536CD955B96EDA2A3FBF770FF4BE11845470EB3E42D02200
311
0E0FE07D161811020742162444668308801E133A4C163BE68F6826A5523071CA78B2FED51F28F8C70FE4190073A3E5D3259D7A288CD19BDE623F10021BAB0C6E327FD507B2741627727EA00D31856492F9F009D7F152D930704E642795C1C1B336E0DEBB7F0FDCB79318543B25341F36802D64A981A690B94259607DE0B19D
311
466BF8C1C5E1CEF9A3FC5C639FD6117B4BAEAB453F8EFBDA500A67E8BAF76C8A06566E36EE1184E8329419161F83D843D5DE7D8221163E145F56921C3EE383978072129E290A9B7166E63D26BAB1FCDBF710009E4051842390031845F20077CD079407C575F20364C4910ED2A574BC357630B0BCD8DE39335EB175646A6984
311
58F6A346F003A93002E846FFE0C459B8006E506D79BF902908A0AA05CB5E73530E33BA1D3C2EF99C712B7C8B41DF4D2A7830BE8707485FCFAEEB85A09AB6D39BBF7B4F23E00509C20DB04E240822A4B810E04D8D53D10D504C059ED86BB8697F514777717A8F8144D48A4C89077F7EDB00E2D89DC02A7B975640A282C49A4A
311
A84B70B12BFED8EA6584860DFB7EE23FCB00C6BAF7332FF259FA3C9346508813E372F1DDE425065BB61FDF8300F7EEDDBE8D0C6EDF46F7D8823478590AE23759D60DA6B7A9F125EDE8F4A5D2B37470D0B63C30DCDE3D3D59A8D1501EB1B0A5377517BDD6E301F995E3F955F0F58FAC2E81CE172A8344AC03DC6781939D2484
311
B8FFC15E8F3ACCD3954CE19576B942D0A029188EC7013FE59AE90B71292DE774F1F63D60230180B30A2EDC65291B6211B4081128856001A680015CE000708254891851D4B3BED0FA4D7166B466BFF1D2A924885AD12B387FC0FCE6819AC3AE06A7AA4B715F0927B74D119D4A668FB54B8A8C268D8B038A207D10A7B1E95E42
311
195B695BE0240F7408B311257C23F581E987C180140C584A02B1670CB817CEC0A080F259F1360E58452013200E3EC107AC1DF4FD7B0F6D23F33347F9527D9F51E6138E31AF35F1BDAAEEEBA3D71BB402E2FB47CECEE96B4DB85536772B07C82A34F3E66D0BCEC207FEB9E70643761276F7B50D5EE963CFF80C7AF4A2130F5B
311
F8C4EBFB5F07B709840480DBD8007FB7EF3F90104908BA457D43AA2A6A02C91422285E5AAC143F3313A0CB74D9D164933B86C25587134E8D342B453FC982860D09FD13ABE72055ED020E85D3E312F74C25CB0293D978A1C4001927C80B86FD06349126EC219F0C735C8053D8F5F310817EA01F1B7851F406144C211C6362C2
311
7DD51F1E310C0102280ADB891E9B085CC528A2B1369A46BA195B9A2B351862CE43174BA73FB7CBB430A5798F4C54B7333B96C3224A9863AD02B9FBD8E63092191924E77C199D92887DA594B6DCF0112857162FD0949FE6A441F5E62E42FB2105BC405A2301A3424601DC807912CB2C39C604A27908021CDA30C4C8C2019A88
311
3B3A8BD393BB3546136EAF561980FB63E9E035FF73B96D09A905ACB2C11D79571C5159026227DDBDB81396EB03F14100BEB66DE1FA9EF82C3ECCBE318119C4269FD014E66361FC8BB0B4EA9A98EF3D8848A01360430284335004C183CC25BCA82D2302EB03B8419241C64DF4F5ADAF77B533BE786334BFCBB8DA72BDBEFFC3
311
6103AFB30608A0B39B58D93F0BF42180841DD26BDC22CF0A770E90240006BAC65197D90920131C7B2EB3CFD3C71C6378A305EE8488FC1FF8D391E2BDDB0F6E3F45E7C8207C419800DB410073A3173942CA8D5242642A74496FF115832A6314D9FA4257577BF7FCF8F8E8CEE8DEDE5EBE76DD3CF892BA7FB8B90F629431B552
311
5E92A15A3A4A6FEA3FDD73136172060959206591F4C927196CF645AA285CF3014630121754261C0D31E1A7E3DA2DBDB54B04703BDE3A4209F02045C4BB0F529A14BED07098A2A1CD47513DA64B512F409BC01663090796D787173B5AA141B1B39BB470EEBCF1E30F9D263ACC4D05110797CEF7B923B027F089F74D1D06F0A4
311
D8C0CDA6604023FCA45B76C5CDE0BF3845ECBE13E0C0ED73700A8A753C1AC8AEFFF1B407FC8A20F42F0D94019121DE304077A027D4112283BB8FF0072444D68AAD111D6F591BC0061854BBC048EBBE9E81F6A33A95C21BFD13AF3C7E7DCDFFEB0DE8903F77B41DF178E99C289895B0EA8CD640549D68935BA7C5294E0A1D66
311
DA0CC419BD398E6265789CA1241441AC94532A3C19C95340BEFC68703077EFC1D307B71F3C500859C11494838E902203A2BE90EACC5135B80B078804340C920C2300BCC06F7A1C71B875DC572C9BD1D84BD5FB9363CA6BA7D03E5C40FDFC54FC23C9B4B9DDD028787D89219038523BF64E638BB37CC25335937A00DFD32869
311
C5B390C8C32FF25C8C47A7181B4A599A224A9DADB0E0406FEFF9F183B7448F081E3C55024FB33828784AB61704482CD0160C04174F9E33BA9291D58C2F1F1B1B3B5863B0D9F3E51C35C253D54A23E560E2C0CB3A6F7A81382601C2079CAE96B7B1560D20A341E85A928A4E01083256420576C2ED477E2E565FD9223BCC691C
311
F394D3D8E281501E0EE5C1C8159E92585D255CF30CC854C75318006EA4A01028EC853F9407C6053910BE105348324002260254886C156260F9189EE0F8C9A3CBAE9D5A992184568A69D5183A7DB97DB089FDC57AEE54F858FE54F577DBA85309640290F2D220952620750C5811FB772A7876D1E4040FBFC6474D51246D8B3F
311
B378283FB514F8AB3C20B8BF7DBE5DE541C9A5D3D38DDB30E00151E02523081BC89C2214103E0BC1B3D0199A08E002681A2613A2616CEDF0F0F9C5DDC75DA395C25C0309C03DEC8091A4AFD3FEB504AAC6633930556DAC86EE3561941E862C4A75DD6B6BB3A0C59BE153DFA73EDFCBC3CE2188D3D378FC976D0EF9A95B7C85
311
32F527CE3CF539581E0FE501291E9139FFB65EFF5DBD8E0C18DE3077170A64E033FD278F18068028802F156C3809FDEB11B1019C208D020C9BA2870457F0F8E1FDC7EDD393E3B9FC9C4308E9315704233F960E554802C14716B0B45DAB5EAB5E25AB7830EBB8D25E6CA94E4AA01794FB1EE164FE9F040FE82C940A4BCEF913
311
075D087E85A7237D3CF29C47E4E676777779528C4781761F0BFBC1D3A77880E40C9A2E5109180D5255317890394229F0F082010354082D574F1E3FBAB7D6553C2113DACB97BEB5526C7C6F69F9310A94C46CD89FF8F379AD1AA035FD00FF3F320180F01417A6F255A3A8D86319FE0C0B0E06A0DCD33F79841339C01E5BBE19
311
11AFCFF7C1E0A540BFBDBFCF2372352686D863F83F59CB6865F43104007EE06F52406F680341102048A01BB048823082CBCB0B6AC48C313F3E7CFEF8F2D1FDC3D6F6F9F9D9E98D9D7CAE5EADE2A6512FAD7AB526E17F600C85550DDE9ACFE9D97E694513103BC69F8A2813176032C890C1E9C49FC09C61670FF8705B1D7386
311
260E7C8E7122C7F8208A55139E8C8D4763F7EBF5728DF9C34677364E3A3F9AEFDEC9CD95470788834F9FBEC512379890B38C94205B2557987C4186DF5C0837608DF0F9F3CB87B7EF6E920475752A01460E556919B2B64296FB9FB70DD5F47232A0F77465BF140CD001F00ADCA175090E2665A14E6329B62660E02A1CB50C60
311
25E3DA252A670B3F0FFAA5EAD94A509FE7036B159E0D1D9F2E76B7AE1FD5A606198D3A747AF450023CBDFD162278B9446688111009B4029B0F2180AE20A542D40610C073B47FEFE1416B2B12200F3C991C2F54EC2491027A816B0A34A9D05C6F437AC23462385DADD75642EDDA738AF1600DBE07EE8437804D2D011A94DF71
311
C2085EDD40266A407FFA1D1C00B0C03927E60338E3B9D8C47D1F8CAED578E06F7CFAA4BB63B175FA7C301B747CB377F45192003CB8FD34B12009224543D8604494011A80C1903CE0518C986208E1C5FDDB8FDA161686873BBABABAE74FA637BEA894A44078C19696F326E057D7F95D061A6B0394A9D5F2DCAAFE4C2388D8A6
311
E9AB7695CB0BDD0A332430F1A9333DA41D1FFB97FA09AE84E738C75C407C260408F8DBD5EDED7DE1570A7BE333C54F16963B46AB0C2B71208EA3D16EF4EEDCD7005241166C005A73C03164792151205C007288AE337B4D7103741BDE7B7AC913350B348B2D767515674EC6F72A0402BBCB41C81305AFCF05F2758D3ECAC8D2
311
6AB97606DB9581A4B7A8FFB068CD5C0604E6849046B70C2B60FF0CDDF93C13822B4E82FA0479A68220E66D9FD775FB3C1A9CDBDB9829B6AF2F77EC9E0678FB20ED8D1B1A1A39D10F9812E20D6281F5673121AACAA9C53424000DAC173F7E18C3052EEE3E78E7F1160F5AAEAFB70E0F7775CFCE4EF384DDEEBEB9C0889D5243
311
BDF557559FEDE5F17AB21E118C4C31A3DF6A96B56AC62180293910ECD6B721047664BCFCC6B2DD3C65CA0F0C823DFEF84083C7ECCDF05898EEF158F4FEF97EB9C123F1B9D1D1A3D9F9AEC5F5CEDA84A3C96C14A55584D62893D6A54D8D2028D05C8B1F124884543F3223B29D208B04910D3FC43F5C52196AEB5B5F5E58E8E8
311
2610F08C21BD443801233C0CE8BD1E40F84A1CA86001990048031ABBAB11EF83F9283EA89F181F2A0D9A9F62D94B7F625FD727E6A93F63F200F614F7CF100D4511C07DB45FC5F0CB4CA359ABE4774631FDAE85E599EA0878A3C33D5AD6430CF4C055EE5FDB80629000D7855DED3F436F3B61B3DC7FFACEFD2B1BC6FB069631
311
2CFA477CE87A87070C7998E04FBA78AE3F915A065E819FCF35B410321D9ABB308146A11AD5196CDDD7C477A171C8AFC74B45CBC6F641AB53C8D4ADA5870C02379BC0470CF83DB55F073E29CF5CE5F7A3F8FD62EB7AEB1774C2C6780B9523F9287193FD23DDB79FBEA513B45200E2E0C1B51350163AC19043C600F2C1DBF7DE
311
BA7BB9B5457BC0D840CF325EB0BBABBB786D301437000020004944415472B491ABCCEDAFC0591201CAC8EBFACBF367FE7B6E40E69F551BBBE7123E3C00AC560CE20C62436E8C3C54CC225EE08C0D74CE26148877689EDD004FB2BFBFFFBB984035373A7954EC5EE8591FE531348654514DB1D1C56411DFA2A7C212BE5ED912
311
78F2851A432244C6822C29C85A8B320ADCBDFDD63BF71FD32648E7D098CD018BC35D7FE89E250EF2AC75F96C15271602687965C844B8807C6E7729D93F22E81D39ABD62A0820C1FE9F11CFA7208125D33E96FD69E83AF6052DD32D49FF0802CD9F9DFD39260389A950887A647CCC99BAB17132DFB5DED35138FB3A060F6295
311
AA5E195BF0BB56495A5A4A8FA440026E46A047D40ED2520A441C302D240F201FB8F7E0EDDB0E12A04D8816215A0579E8FE1B1281E9F19C9900DE79842E2A7CCD48E9876EB01C75DBA0E0C8D44AB5512947A00BE7CF5DE9E1A6A6BE43CF1A78783DFD5A404E4477336C1ED8B18908B2A847B2AFE9839E891137A6673BBB96FB
311
BA2A4B8E9373B001F08369BA11BE8ABC4302FD2345FD6014A127068427D007BE28B41D9B0D40FFB7EE531FA673C8870A69135B1CEEE8D009C08042A5B4EDA314920B635BF941E7487E45256439DFE9D276295F87E698389CD49FB394FE19720412DEDDC40E9CE9C6DD605E0B719FADC416CB15AB3A61F9B5B9B9426E54F81D
311
8B03DD950946D432B40CEDAB7BB5AF11213CBA73C9BCCCDAFBCF06127C7980FE6D1DC9B4DF14832D6568FEAEEBA76FBF438300B541064ED33F3AC0B0D10505306FD370AED02859234402F6C3FED006766DDED2034D90D119057225EEE3DAF787EBF30EC51ACB4F551678BD6728E1944730C095F13E4D81A4DFFBF67C5BEE37
311
E62A85FCCEC6CC6C7BC77A5B477E22223ECA4FCC0F87E2A5E3EB782BDB25B8CFC6736A044DE5A7CDA604526361D650484FE283B77EFBD65D52C1C73C4F48E7D0D81ACF572F2E2280F98FB230508FA906B42DE240ED651B301CEC83DE1790C9FD96B6CBF986BECF3BD332C18EF627A0B6EECD5B152E02088D03D828AFFAD26B
311
05BF671B4F9A09A8CE0CD2707F67F2A4B3BB75B9ADA331C1305BBAC182FB4A79820B7EEAF73199B8404C0B81231CDCBB871B80FC41FF5860E8E108222A1A076C29E6E03B6F3FBD4F1F295DC457573C7ADED636D6B7B8C88413DDF3B327E1046AA51040B40CB50C7E3F1D2E44DAD34CFA604029BFFBE714DF0C069908027EB2
311
75F1F366C132E1A7450B04011CF82B2B647CE754F650FF6E25BF37AAF65B7BDA16CAA791F1D09F6CAB989EC5AB7809BE145FA459E8D3E4B0FB47DAEF093B946FED585B80FE1A0305FD5330FEDB4FDF79FBF6BDE81D8300CF6815E5F9896552412A03F31FCDCC7CB5E32365550CD9365FDCCEC8752E943161D78047336F8AF6
311
539840A1F2E764FDA2970999F205CD2BD1F5CF496571F76EAEFA0E1CF8FD2A55FD06391F9EEF8B9DC9994E72BEBEE1FC928E2F223EBA0FBFBFB4F2DF137BC894B8087643D64ADE6EDED67F7680FAC9060239E845FC94AE93D880F994FBF71FBCF5F66F9F32C292EA900F9C1E6F1105E81C5B5F58A067A448143842008D7275
311
EA3BBA3D2516FDF02FF79260020D6B3C714711F3CFB61BFF56A826E627E82256F7400FB387FEF23C1C1E77FD6A21EBB1B2B35F2F95E7760BE1FA3ABB3A981423477517EEE36FF96F122B942F6FB64D9502BD1B9089162532A2FEFED255028FE653C9F46FA321E0B588B7DE79FBED07C44106CC85133CA65190543004D01D02
311
D8181DDDA5A9C91A7110805B7875B689FC3902200FB192E7DFD936B37B57D9C338BD49E99E181F4E5FCAB2ABC1CA7AAB382CBC7D515457CFABE6FBC63D525E5CDF74B16378B9AD6774A58531912D232DF01BAA913DFB7D3AAFF912984302B84D0500077800D26C60A4742101DE420C610C2E92FA93056022EFBCFD5BB6B386
311
51470CD33BD87630C05831BA864C85997B8754B05167F0706499DC442FCD22592AEC2ABF3FF13F950039BF159FA9B36ABDB2778EFF83F70972B83BFD3F4899E64DD8346AA495CB155A7499F2CE39B0AAE755125EB84FD8CF8D8E4F4E9FB4B72E8F1DBCCB98B31BC4607C2CFF21C8145FB48EA0F2159F86A3098415609554DE
311
FA7B27EF1301033DD06D274BAF6821D220DEF96FA4CBB60B3CA241C021D38E1AA76B4406B4767576166766A6C7F77273F5F395291BBA19F64F2E3095C14F3E60371827741CB27E89543857D6D96BF9A47C6A9A26057840332EB843717AAD171880217B71FCCC0355AED3D4819911F79D0EA8AD6DA31A83E36C5DC2D470295C
311
011302387069158F6C9966022367ECF1D00BA9BB95C389AE7B6105A1FB640689033A7FCCFFEDB762189103A61C3A4FEFE0D6A6B5A19EC5755A443AE78BC5E9235B047890A65919A0D2F96AA3C01CEE913BB3ED239C3E0CD8DDAB99E4348BF3F8B977B6C43DEBEFBD7721A839A63B94C06A10DB87FCBFA3C2932F8C26F88B6D
311
6BB30C3C4E09AFE40FAB52EFAA1EC0316920E031A46D65A0FFE45A673432E907FBCF86717AC04F2CD0EF512D665FF53F05BFCDC43489F150890C60A8E0314E70A06F619D30D841189CA15D3417F3CD50191AE4396543F0C42BCFD696C58DF163F5B46D708BD5FDDA5E5E5FDF9401BC4F7E00E8A17520833D1CBFF495B5D1CE
311
037C664123EEE74737268B5D1D3DBFDA6AAD8C08DF2C0BC7A737E10AAB2A7B958990CEBF556CDBEE823CB09FB344143463C630CFFF585D330CF0320E921744A7918280FEEF981161008E9FBC78C830217A07B7D6985E83F9A79884ABB5AB383B4D7D788F9FB3D867A2112A43F19042B33A108690CF6F472F8661CFAC971478
311
757F6E6F2F7AEB82FEA85E5715941778B278281F28C268AB24BDB470EF3303E09C359E9DF1CF990D8A096106E6A66C8620DDE7D281DF0B2831F20439A30D68386CE13E002F7EDA8D7806162B205D6A19AA1FABFD6B1B400EC2BFFDD66FDF7E8755B4883C043F43046C1326136680404F1F934EBDDFDD39CB58A98DF1BD7880
311
E0532E671FA1435E9D6EA5E9071000BE8F262E7C4044FD95D5FD526EB40A05A634775F32205C3D779FDC168CD5E56BF982508BF572BDA4F6F57D3304BE9EB18149461B12F760D7485891CA47CFC44909136FBF4931716A2E100123FC6CCAA6A644F25EDF4AC980B14039009BECE8B798BF69A05DC5B6885CD23F8E13A46FF0
311
C0A986D617F001C52241801E87C2974C31411DA3A5D7B6175472763D637D3E57C33B908F867F4A59CFCA7923375E5F027A983E18BD7BD4E6FDDBB2250C1529F4202EFAAF979DFFB1F2612E87EBEFEC58581EDB9AA95AD1D7C1905F7305BF8182D5BBB524D47C4E3B81CD843220DE1E6536497C0962C225F75A2D6A998303B2
311
3FC501F0B3F736EE1FF01200FC8C99F5515207C9C40081DF304C0A17D06E26CCBC5B3C47459308178301FA8057C2C0AE9D99B05F038828B08400F2E3251254DD7EB8BC4853B101F99AB48E387457C96951E5DB670648BAB70A7B04FE93EEC5F5B183F9739C98952C6845C380D401B8FC86E70A20744EC720E09D35955D96A9
311
041720196D183AC2CFE6AEA816652D0234883D788BEC8F5DF2615261DB031C2381092401B48D8D2D870FECEA9C3D99DDB036C8A051058030E32190976718C89F031DFBFF2EEA3D88606A8A19BD0AE305BDFD12BA4FF46F1A0002B07137989C748936E9DB2C91F43B07E4E4D16C3779CF5A4FFE8CC981F07C29E34B7C012AF0
311
054FAEA4A6A3D49D3A16D2B3CF220A029003366663053C89B3FB1827080DEC2780076FBFFD8E39810CB0593CC68B5D9009F2D400418028B0BC6CC74067E7C9CC0C2690FBB084AA5254A12AF63543B35EB40D17B693F7E3464D5094C00AA9E04E0E0524F5C35C5EC6BA94B21AAF2440725E2A9FF94FE7A8F0E769EB83FDEB03
311
9B631B18BF396F5C13CF89ACC02C387DA56DC3B1CD84B96CFAAA37B55FE723B611062258257D331F186AC93D8AD600B4FEF4AD777E4BF68F2168FF08C081A37AC13446C859964803961928476D78F68419390D830C1935B5C2A0A22A3AB17D3D6428BF12DC373B8D464E04C0A496BB3B3B75639DCC2500E0F0B15FB6F47B5A
311
7ED0183A87CAE8D535F2EDBD4B3B7FC762DFE65A07C30B2851DB890082ADC07131EEEFA3DB7DD5CD32C0860CA83CD4B7993A175F422A8149B1C1D94C1145059D9C78A8A572A90B7C8B1E3392FF77A80C50220880FF3669004E90F101740D2B808181455A044904674E7482CC3EC85C4BCE339404C0B0BF6A5611E4F9B8157B
311
AB6DE327EC9BFBA1B4557ECB609C1F45326499EFB90EE78F18227F09E563C9E63D847EDB3B68EB9C39E95AC4F7ADCF7D87F6752BB6912040281E4A0D8A8314E80D60470999B8A51FB1488A66A9F3F81FFA61C83F4FA6969E472288FADFD61B005E0EA4284822E018911828E868614DA0C36E11F3A051070BF2F0840E35F200
311
E2C0C80A776CC9E7E6841C0503D0EDF15ED9AFE527E798D23BEE5F0604E58DFB7099D739BF0BA5D332EF29F1535995BDBD0DE681C4F71DFE6A7AC5A13554AE6910963E9ABC9A0DB5B202225545F5CFACC942B5B93C207352B6E5310BF349AF200175D7DFDF78F6D683B7C87E087FA9B35812C4F8F13452CED610A2207541E6
311
D659A739441F3833CD0C9C3C3DC2B0712F62333C4FA9327C9CA1124904B4FDE0FE21C119776CB0C212AAFBA5CAF80EB43772ADFE77CD9FA8A4144C54C2FB2304C65F62FC3678E4F6C68F30FEE1BE8383CE7DB86F58B1AE0C51F0F055E188D02F00911DDB0991832228B3172B3E623E513FF1734FF414A611A603163F401BEA
311
790FC9FF7FC3FD3DB02DC00184145B850D01D120424DC03C00FCEB7880EEEE939399F1F18DBD4AA54C939899304D913CC2D5CFBC55E50C7FBE4C0E14AEEF53D6843DFF56BE2D554637EA047D3C210E2C61077875FB5B40E19F43AB7470CAFE1C0D3ED3B3B4778D1DF6D4F837C08747180FE8394F2CA1E0A46B6DA62CE2B2DA
311
BEDE0B1924098580FC16B369730E9E90541D3730D47FDE16EE1FFAD3419CDA05ED1F2715C607F2E81893AFC5936303F40EB776F1D808BDE393A3FA401E1C706E154C892860AD74A2949C409E28A8FB3349C764D13E4D1D3468952B7B1B35001BF41142CAD58D6011C8B78961EACAB66E9AFBC627673B61FFDA4167950A2741
311
45BF11EA17BA9AA60815C2C43AE1F648E3772E53C94E6364AF826019E723069A8AA353A3BF7FB5359281700061FF64C28C10B9AF0B70B0B0D30A31CD1CFD22F68C76DA1E44558869257892363C091D313EFA46B57C3BEB252E9C6BF5B4799EC58F1910F469E25AA17B343799DB3E33CF410061F96C6D63FA91B1000CEBB7D2
311
971BDD39A2A76361E000F5DBC1688D47CB812DD60F8001AF25B328D173A9E4BAC18CE9F1F628704330741B2649B92E9714447C68559C6CD2F681919367E4811100750058809D0230C087A89FF3C80C23C4C60882E481F48D531764BABD5CCECA308DE2F63D3BB50373D630796126803C2D1FBAC148F7592881B395ED7D26B7
311
DD38D7096AF98841CB37592561D9C6565317AFBE9FC4AF7371E060736C7635E0CBA1809FC80F544DBAA1F2F9393D970D44C0615A0C6930E758B9E63AE690F73045F0C8C0731DE9CD80F718E94652383458799E02C06D328010011C7090D8C5E5336A83D4059953877EA1E1D66FBE994F04608C4C991917230FB61F9AEE183A
311
40AB9108D032449FD1A7283DD25ED15360EF7EA9303EDDC0043403531EDEAB10DFF87F5E2FD56DF0F1B701A9F614DB17FA0E0EDF6FD0B1622A81FA3D1DE5A33F551930335C353A87F9AB05C60455193448246944A232C5D07636D864CDD7A50D0B4440CDCC465D1C418321F50E1648D500294065D869559EF3C40C8FCC6C32
311
3E989AD0F0C73142480B200842802C061008B480A9954AF282052B3AF67350FD0DD30D1F4075AC303A5D490250F5400ACF479656861E4C77AFF327F3EBECA4B57B6B6C8FF62602BF150744656A87DABD7BC6BED50527B2120C001A0B3718C74F0C65CD34F275164D7968148DDF259AB8AD6CA81CDA4E8819509B996A7F642D
311
987A401A2B04018C01E6C169A8700F9DE3B489DB2BC49C9B7B858A4F50D22AE15428FCA4A1EDB20C83492690CFE361CC7F8C8066FFD0D77AEE797977F468A36E0B0DFC87F90EE6348BC748F7CB73B5B9DD5C6EE7AB19ADBF6DF359F1DC2A0F9E44F213F8041F64274C0859A2AB7C37440FEDDD2F95BE44065F22067E3EA0CC
311
3BD8C0D8194EAB291CCEE20B9CD8E02950AD806080047A279F19024C837C848816719AC4A34DF8F0706CED904E8185753A458A27E4C1E37B5F30A104932BE140E0BF4E400160F320B054A8705042FFC47B4940810173F9C9E97240C7FCC3F3813EA239B745DE9F1B1F3FC2F9330374DBD1A7B475923F9A2ED81716D18D1B57
311
7DAAB9D1A0458655AD3CA7E211867AE7C702DCACCD291E0F798013DC01BC326087775C0833E04EA3778FBCB8DA4687A0255CA0AD210C15661E4E92001A4449031D1DD27D327334BE830B64DAD90CBF537A45FBD4E94A7A88888E715B7E74FCD040E818BDC1BF5AC609CCCC015DED23877080FCDC47BD8EF3A7B783A17D33F3
311
ADEB6D6BC7AD75EA7C7852C5B6FDADA6AFEFC2D181C03F8C40DD8A4AB5024F0B72E34B57BC1182472DC80946789AFB711DB7F1193C03C893B0345F420246114D3EA71D04FBA731C0DAB0D3CD311B218F0D5A15ECC105D02F3AC32F13600084731A83220040019B03180634B5923D438300B05BAC80881F061095FED5D572A3
311
323ABD83F1D37A2301A8C930AB3F66ADF7CBEFED30BAAD7D78A06DEB6A87F15491F5AB7E25842B6B34BEFC12C8A159F187C64B3CBD2356DE5FBAB98BBE9583F0E3280C0076DA15BF34C15238145742B07080B1EFB83382F9FEF2239D003541041083C5AF9EF3C8944DC2030BC3ADEDDD9D27475800693049E05413BFB3FEB4
311
308731512F13400D06F813368A0101D8D863EB3E75FCCADED124F532AD3F123F131AB46A93DF1ECE7F96CE9EB6C365C6D6A07EEC461FC919FE288AF7AE1A7D012D291EB073735FF26BBB1C99FB706E972192819B7A34BF22424BEA1CC7958AC2E04BFC8E02DB90A4A1DD04811ACDBC181037864672C78F6C0EC3073A40CC49
311
D5E813593B7002763BC6A909D31AC86F3F6E335C9E1C309BC58F16418642E2AF6B290A34FEDC0CFEE08FCA0F56700699CB73B9C99302AA17BD516D7F1FD755A2B32B3FBE7134D3BEC813195BD355020A7DBB541539CD2C06E45F46FC0EE08293E6C0E1972176D9B678340AA1A4823404EF79B1E2347E47C35D0A2260730E0B
311
513025DC0BD1C07E3366E9B9D17F767405FB531070700035618606F0B40C73C974CFD321B0C174A80C0F3AA54945FFEF348F5488895713E89B5C98DA501E06D8D24FF04FF0CD7ECD7BAA755A854EC6A180AD13BE094E8D5D63BFD6DFA5F5D3E4DB1BA18FD8473DC6E17FFC9832B71A2A94D96E808BB53F9192955D62C82E28
311
2B05168AA0927D54AB20A20A74800B7CC9655C8B15F62377CA4C91641F9F4D0478F4FEFDCE273A002CC0A725EC165CE3A149F0333E8E9600B2C05A7D15FD831F0938DBE5D0FF13E3C0F0765965A0961C3FA86DEEB0E28304747BFBA5FCDEE44C23544F7BB7BF7A132DDE34F99E44EC3FEEAE92F667A10F7E90B0E8C6442DF5
311
A5318B0F816311DB2E6DC6F172C363FC800EE09186BB9EC82A24C0117700CD884AA42023B81EA6E0CF8B3056411110D78606EBC5AD5417B45BCC8E61EA01C4006AC233933E35D860BC1B6CB9C9CCCE7840D2E0C1C1FFC11CCE54D59300F2B47D66A10F09D8E24B71B9BDDF98FB62A3B897C53EC88D16D1FFE8C649B17BB8E7
311
60EB20B784F52F992544753F2CBF642CD3C9C70D8722C197142C567E74FB431EE248A8F3FC00377F5142144A82FFC28AC2970A780C85A7EE9146FA4B2981F3C93BCB0F3FBCB6DD3DE69C72B6073B99140DE28B8E919D9D9E7C2F5FA99FC1FFD07E9AC0965CDAEA0A945FADE52C791EA989E8E7A21A355FB37E44405D171B98
311
A6E946DB26AE71DBD01FEF07FD378F5B4B518724481820890E7486E3FCE61A60E096D577701890EE07CA5D7F2B086040749FCEF3F81972E510A86359C9BB579883035887542090614E5C4461705D7CA1CF84DB564838606CF1597E8119790D021080C935A908324EDE9F60A04B7830A33F0670CB08605B8D01BF9A3D435693
311
FAB4FD84EF6754930640C1F9D74B052A7ABBA9F502B39DA3BF6BC7514EA4BEC71D752BFDC198EDA8DFE8F32B3EF811E4576B0A2074B99B070A069F60173E7427BDF285024E35A4418B7A412914F2800F1965C4F1120A2D5D2C64400563D5942044807BE7C738EBF3034C4A6F4D70C04ED1F97673C039FABC4CFF18866E0820
311
0BB66BDC9CCDCC3FFD1E43BEFC52C317F0F5E64900FBFCDA4DEE68768FFF46350E0EDADB7B34DBBEDE3776BC55599AF84E312229F931E700D04478D66A0D88D09B2276141AF0F8811C5F8067DC04C0F90929F7F1AC9CCD368488AFB965C97B855A3E2E93AE5B4866502E55991B82D4388614F2C36B8484A5FA06E3EFFA984A
311
6AF17D5C2073299D9F12FD63826F67FC460E54030981684E9FBFC22009A3006962285FDF4FC84B699FB5BEF3736C6072F6844C15EDF25883037DE6BB7AFAD6AE164B367812FA8CFCA6FA25725D99AEC5C6EDEEC64ADDA2BE0056002032E1D7A20A54CF444E360D520A5B69816C0A953CE0434A8A898BF18E2B704588C01BDB
311
2133342F5404FEE698957C200EF54E31BE6DF4E888C9C67F5F3F1B41F922777E7FA6332677C20098C59F762F5DFE4A23F9801A3BB6F8A4F66E0D40EC867E92DEFCE84C714FC7CE8DD3DD3BDBF9C781B1C3B549FAD2C89D711808CAB100E09700BB85240374A7209212F320CA577222A7020E7824500179FC7096C714884BDF
311
D9499E027ABEB3CB0226CD293CAE6E0C41A6788F396606A073E28CBE5CC67D584D36CA39D37974FE1023253E3FFB007A26F657FFC901D851130DDC2BF54884F20D5D40A0B7E5C7BCC7CC87B84F2ED820192CCE1AABA1FF24ADBE1D03635B5B3B53D4A5F84120125FADC36A0E792D3AD7E255792CD5241A4C84171F11040900
311
17DA493D0A7790A7BDE6DF326180398E4B0DEADA5C2763825E43E05C388E184678C88CE6422606C017F030366981353DF03A753DBF6370879F79889DD0BF75408724DB53C5B0063AB6568D02DC47AE4627B58D7E367A6000267E7840C23A0940B992DB98ED1C4731B4FB4DCFB6D3EAFB6CAC7646F0335C5031888CD74E2103
311
380260AD47176D703960230370FBBF28813524C17FFFBD6288BB28E4F905ADB4A788B40B4A6201C1878BED224DE9906C4C79EF32EE679B9F5D3B5DFA137327320643909A823F62106CB8F9BFE4BFEAFF0FC7A6393EC7F64A698EFF8ACE31BA05ECE6DAB6DF124118D1D13F892F3D3530602E3F3ED3D59DFB821ECFA3D9AE85
311
B1ADAB9E328DE738BF55D5DFD039445AE76D0194180F57B15BEE5F09C07F952F9A10372BC894CF7DA12CF6507E2A8916E0DF430C519485C55D61EFE209912D8C32866214E121611E22A0B1238DB18E86636A3BFAFD5B4EE02FF1E505F902BDF424D0516907BFC95EF3A76B6B3872769D67E25B548F0DA46E2B93DFDFD5F2B9
311
E9EEE1EE1DCC7FBE6380DFBF38A165CAC73DF912AD76A4690D2B766A3EB4AFA2D05BE543EA20B095FB17AE3F1928D84482049B659E671A4763CFA567C08824913D37F2F92F841FC244085C1681225C04AD6DE1684831682CE0D6096B56101C0D4FB3A1BD3F11FC1105AECF5660BD3FEEDF162B0D9DEC6DB55AF27FC98050BD
311
DEDFF63ED14B01336053A19DE9AEF5F5D9E9D9F9E19ECDADCD497BCC57681922F327EB41FF681E17C1921B04FBAE371AC69E53F98183E91B84897A5DB164158BD1D12FF6F6BEF0E02847727BF2628F9FD48B6FB11DF6928C868B29590A0606F92140D0C08850DAA7DD8A5FE8A50389F61288AEB743E9C801BB67DBE0A7F64F
311
63BC87770FDF57AA73FE1F5A84F8DD3AADDFC32087FBC0A7D645C327B97D65E7A8BBA76DFD9BCEE1B1CDE3F5F7CE4E6DF4013ECD7CB60BD1239E8A4E9A5722AD9C4FAC8F7FF17B214AF8801950430639A08E3ABD05A0D94E253BD5951C885B0CE750309070555FF21F2EF83FF53F4E15038B8D8A244740A5C9CBC120043DA0
311
B323FB1DA0A4EDA268C05A304619505000BE10415DE898809DB6B66896E60AE347ED3D6DC707CB7D5B5BC374A158EDC343D0EA61C217D4878CBBDC1D85686782C3CF4272E7DCFB5E9EF628F5A95AC1AC0C6848F5771329EF8DF2BB79EFEDEC8DBEC72EB7F245287FD4B31008AB38EA4D52F2BF57167159E3004CD8950E217D
311
DD6F699FC763E9D1A0AECC701F7BD4430A3E030374066938F883C01DE40E7DAFD609345E33570F4CE6BE467FBD7F793B5AF2A9D331D86DBA7BF98067918F9FCDD609A0384B523F4413B574B818C6889FAEFC5E7B8F90CEFD62BC2C85B2478D54DD076635BE434FCADE68B3ECF1C8708E27863DBEC352D87BCC7A92A8E13570
311
0CDE65BC114026DE5DB68275E656D2C0D4087293D43BB4C9C14EA83C0D806783B40DD7CD4F19EE9F33801F55A3F1FD600017A6CD5DE607783D5F74E34680E7DAB98D99F6E5B5ABC7F7DF19D8278322F6A97FDB2FADE1539BD945DDF868EE2B8B70D9EDAA45D1BB0A5801198CF1DA891540474745BF0317F8A3703E02510AE9
311
4B084221F887FE950272D62D4232781054A87C58D015CD45EBF9B70E60820A2056E9D4D619E8494BBFA68B61EBDD8CF52CCBA124BACD4A4077E8420A7F36FCDAF661E577B792A7E1B7E337C7CF1FDEBB3B49F501F3C7366C1730E793F51FA20A9C3D2E9F18E63DC277449054CEADA36DA0807467D45F8A744E1BDED725A033
311
868703F1392BBE221158220588F30574A0B0893D0515B0B7C404AD0E7F40C11D504C49BD7DA39A85A19CD7357DFC966E5D92272FF06D59CA5A6A1C8AE30E52F1247C1F1D78F81887F9F3E387075B170F9F5EEE4A7F5BFC69DF02FD8795FCFFAB472E7C88D563DA514861B85BD41594A75F5E866BE69471110A9F75C8609C7E
311
6BF6C7C727431EE3E9E3773D2378C25226E82C08104A57ED273FE0921D6990E02B006BD038263BA360355E8DC446A380F0BA35FA9945A80CF60DFD54054202F91897C241C147D59F8E0FC67CD0F2BF377A3463F8BBBABCFBD6833C57E214AC3F5AE9C2FDE88852968F20337972C7E04EE5658223008AE82D93BC37D8DDD900
311
BD6B16EF221F0D4149045D740A8A215D4FC186C658E01994B8CCD317465828704BB630DA2243B3B4ADD3EA554A97408454148C04A1A0CAAC2E04033C04073851F54380E0BF2DFFA43FAD3D6B574F2E1E5EF6E5F4FEFBD1CA87C161FCBCF5C7AAE2F726F814027BAE10F79BC3D765D61D1803952210A9AA07F8C6BB2105B611
311
45B324F96014EF223D4A9261080239F03FF6F4DD4975C183B887E081F7A467A25EAA0C94028FEB808637768B07400A8235D4EF33143253198900E079E3FACB0C59B00F827A5785A6FFE2FCF0C0E6F1714F11CDE5140D931D707950631F3DE877F300002000494441540ADFB08704E252AADE1BD4E8DF55796A32B9B6F17737
311
C67702E5C638682737286CB0E0A89B624D5BF28222432848C9AB8C07170C97B814FF492A61072407D638006F7C8400860444C01B1930A522788045633DFA9507267A3A42BA05925BAD705CDD3792FA23C1075C6EE768A673919EB6C3FCFE7629B7310AA794CC9C0D14A1FB88F95C845BF22543F57996E0B26C9E4C2ADF187F
311
979F8A55F11B47BC26594C52588518D25E6C2B1CCED231EA1B748F093E5726A21A54C91EF95789041030C20FD5AD68613432E19A4D0DA2505B6BD843516E10BB00AF9AC315EE9FDB39CC1F9EA59CD88F9CD071D470C86C4647FDEDDBB1CDAB81DA94034747A779F4CED497CFF817348F69F52E55490840E48840BA72DB71F3
311
E84F6DA2F4717AA928F153DA6E4C7E8E00363CEC9A2E1C8E65F298FC4A52F087FCDEE5CBA38A80CBE11FF7BC2AFF249203FFAB77A128A001B1987BD334AD9B901890A8C2005B6B248196AD09C0025ED841325B31845032E327C531C839E66DBAB39566B631C2FF0A1DA5A3CC47E665AD8751B47CFE33899DF047C9F3C365E3
311
B11278D49DF939298E09002F6430F9958803309827A7C791048CA070061B7E9A64C557D235F83EE24822E5EAB805F9862F20FC58F483DC0EF02181F572930205107E00E523861895A2811309808F2B6C14B2AA579E893753C155D2F54302007E9FF36AC5FEDBCAD47E182D91A73920CFA5C18E01F8FFF4C3F1FF553BCAD0E5
311
8DEF85DD63B91BE38ECE1A9FFC4AD4A1FBA30D462C328C5A0340DFD393D3D3D3C0659195C96990F391EFF4175213BC74C020922D4830FE215E76940962BC0713A3B82784C0CB6623DC40D6E1485BAD454F6892200B225096127FBD82D2B12006BAE2E329C771E25FEBC0DAB3B5395289D56D7A8A89081B34EE06F80F819EFE
311
75C67DEEE95D227E283FE98A7B9F1C97D2D05B4D07A469153C3DA3048EA68FA667A6D90E291C7D7E2D063E4D044964D055F2DBF3E31BB851AE9F78A0A7314F0AD24901F581D74A6929142039C65AF5830D1C809536CDC05E4BA51038F79D713DA930CF18BA3010E385351CF47F74D439BCBC793556A1F99814926AF12835E2
311
51C59BEA3C083EC2B2760FEBDF4304C9EB87B35769E1EB24B648542CFA4EBA9EF93CD42F03C08F249A2C98897D8E2225E90077823F4A52171A61219998CED6FA050992B6B0A74A2220ED12123004FB977084208F8E2AFC80F456CB110BCA647A3A0F854085D84FE0052BE31FFE7F925610BAFEC06FC33F9931BF063F39DB3D
311
1BB20EE357F594045F4226131578582CB055A59A073AE0413989D215019B6EB8A21CF154D71164E0D8F4E730C2CD382D098DA5261456A425643686BC8301710F2C50665881399156AA2B4C3191BC555728384800CE10040F746A3D8A80A5F0E500A93456FEC52833BBB45203DACCA37FE1D3EE4B9BF0EC27ED47D89B8266F1
311
1EA2DB8B5A8BB93EAEDF0C06B7AD0402B9EAC6E787365535AF19F15158308A9D9785C1BC1C01377F8C6B4D07B50DAD25649764A91DC9812C7B34CA98184084F7C01055466B48058CD44085AF26648520C85C41C67805462D8425680425559F4440F3ABBE1F3F81B1EC72708767DDC8FFB6465796C8FE310FEABE0C9B242A74
311
137EC3E0427091967023299BE5D6D4D0C6D15747DC2AEA4ECC57C72856E827D33CBD319D70FF854369EB841282F84B7CA4881447ACFCB257E252E00FBB3272120A75B99119840858486615636E0E0334031AAA8C08A62E080053A0AAA4158431EC727A084021D41CF5D630C94184F6FE7432E8F5F9A4FCDF3EA7CF136FC298
311
8093F98ED622E38E4976E1BF0CF49D2889E6DF3566719FE1F9B47A2D3BF89C69155DCF24F88C609EE551160F0415900B4C48FB013D8900A9192A700748002924771A3686A0A580FE4009E00ACC090253E280B90AC15048E047020483A038A60ED232831F2CC90498648690D960C48E439F18F4DDBEB0B6F5AC7B7B89F62302
311
43B4FA160A7B9327F3AD5D937C8BFFE5FF8B3A5E64283BEF8EAB9F71159514CFED62DBC880614AA1F7994CCFAE7D8C87057F451733699B8DF87056E1F0654B5021E38097E4E23221B810DE20559AD183A61C2C88A648DB096081E9801CA00BC1DA0124E08DAAC15FD2936905CA8DA1C40E42B13F1764E0C4015EAD7F8BFEC9
311
9A310B1B7C0BCC7746D3C0702759C89EAD57122092122D1F857067684A578F1DAB7EAC400841F493A468113282FFE42316CC74C756B1C880FE78795C692813CF4644480EE9B02991BCA257A71861F00666D9410288487618D120D0E80D7773E2B7DD180E100EC98B221C94BFC4FF531A09B986230F1CD08378A8E4D0FDD7D9
311
B1BC75F5C12EAD7FF83F3ED19EB018620303C217A6A35D826E72ABF2D8E2BB1B783F6E48D2E3F360806E1D192085D022103473A10375B63853EC54F500B5B064DBC20945B88160DCF7E4F83A0200BF6FAEAC88E9F54D22D898E43F378D20B51B5D6B1457000922202800DD401A9266483029C0D6D57ED80D42A0E6E08835F0
311
F3AC73D7FAE6D56185F04FC44472B854EB7D9CBF7134DF3DDC35A9F6B38417DD6F508B37C1A718B0D054124176F7222F62DFB327F34D451799D56216880193254FF782D7DDE26C271BF38C6E422E271CE4AB8823C9510F021126A7A944E00DB4031D013C88EA0746C96D4574069BD5439C4110403B40020C30B07A604F1E41
311
D19C21A93FD9002DFC35F23B1E7B98E95E38387E3603FE7393680410D702FF9ED5A3C5E5CE68B5827D721FA78F3A9A0C08A79722D9C9B418F46C0057BB1640C70AA4A03D29CECF33987596D53CFB27B32C3BE304C540E14BF8464E080918268D254838C91A01F0FFB99154FD8A9C0495EAA6534A6C464440B4A71E16100E74
311
05088122A35F7A511DC003D002E6C8E7E15F6D1D2FD09014139EC11FDC89394621F77B9F88EB5A583C41E2FEDBC8F82334494C0BFA97FF3C3A34ADE60385B60E5A30CF036E5E75370BE3B83AE73B3B7DC0BB337DA0045299ED0C66681E4AE223D01B1BC3BD4C921E2005FEB5114739040758189BA8A320067B62A3995E4720
311
055065AC2B4A8006BF8CFCC907C0063EACE41813C5F017065AD46CFDC6FF1BFEE052932CA3478C8E5A6F25DC8503D40F61FC1B047E4DFFE8E84407C81F1AC7B5C79DA358551CD0D13785A9AEB38D6EB68A0A8087FC6543E7471082873CDCE5CBEA1EFC5CC0579469E225428E9A43D6A6000B4219DE52E8DF00A55F4BF50359
311
60661C2DB88AC1F67C2890A93FC420193C8326409E7B595FBBBA9AE1D1511B3F6D65B09AC10A71C2317201A603E88C56CC68C91279E83F5C147787EFE6C675F00941D23EF092920330982DF38C65EDFCA89DA98E8ADDECCD77CB86D85118F3DD9884820B1128010D02F1060F582871CC8FF42024C02239273A1CC3BF71E770
311
DFB7E96081682803188118B50310BD620234F230B12711B063E0F0490FCDA9248B580D3D3DE944A30CFCF2A1E0F6E59E8FBEA289CCCC943785BB8880ADA9C2FD70F6A13F5418444E3A669273C006C4B4EEEC067827539FFBEA9CFF04D84E7F170480037005AAC8829084329899F90B5E013927F8E646514B4824B01D11F72C
311
012CEACD163B6358A4454A4221D06E68A71062520649BF9E9127D0772D6E5EADED52FF216BC2FC513C7D3C5CC4C8AF009811826AE20203B076A2AA66D8D32E317DEE0EFC000FCE16D9E0BEB17C74AB009256C5D8AD1CBABBDA61402612C675FBD72D07E633B1A42F2421208CE01397560811204306617A5141706105C9F498
311
4C459F2D0F6C392FA05BED808512B0B9A8A9FC6CED89640EA347D31F0DF76D3D9E61E800FE9F7601BE4C9614A1C58E6C839F13A12D0EB426DE6386B82369A9E6A7F1F9146EB578A2EF4289AA109B4F6CEFEC0463E0072A05CC9DEDEDFE08407B173B8AA65399C80B2911252E6290C82CC1B8909140C11B7AE161B42B939050
311
45D017E00CED6D27AAA15F2C2179F1E83D411A7020B9408D202381E7E5DEE5A9E7E5CDE3B186433F488AC81554BEC09BC579018ADD1DCB3D9D70F02B14BF9159A4DA376225FE43DA224FED327941705DA582B2FD1BB5DC0540667B650BECDD1D5DDFB0C7F36DEE2B94F6EE2EE4E426F20A1174C31DF153321A24114C4FFF25
311
E505475F6906D4149B21F1BD9D9DF7B059F8E0FD83323CB97991FE80EE131A9003B81C491B218B1D42C0C0D593D9D548003839DC29A740298B0C23F0CE14BB167BD61989AEF0B985C8FAC8F923A73F31953989F0F6C96CA6C4D0A9A88184BEDBBBDA3BBADE77CD8E2FFEDEEF46184A86671D7DDC51417477BE9F04804F305A
311
C82C2D018A21EA903866A0F959FBD4139916D036635EE03DDB7408BCF0627A03027AD314C09B0A27F0A79490D53839D0DAF1416995CAB24101FA63F75029D57A4CBBA9FB4D120ADB17FB5A999FC9420DFE04FA670430B90FE7F589F7FE8D50A4B5F004CE5F07EB4EA007F8AEAE8E8EF7DB3BE2F81F42166C7246FA9E62D02C
311
8209BA1024414C483498B50229FD923F2414040B2081390AAC353B5283EADA12A30B1080866D746B9ABF5BC107F33C2A015B275480759334B83AB02175EFD0DEC785DFC505E0064F4EBA5A97073A74C5C9FEC97BD25D819E28AEE661FD2732B8BBFB1BF13441B3C1F45E8AC1752BBF80C113DE960E0AC7D9D02C58C80505A1
311
9BA0E84B14402601A590A4AE00A825E98C3212342302EE10FC5100681F86834A2804BC409D70270A2091DCE874B16BE0706C974EB3D26EFEDFFCA6C4579AA4DB781708469F055532A7046C6BEB0CF39F3ED2EC4FBCA3D00EA91CA68FD2B87B5C191E0EB2C300F00A1C9881F263571C6CFD83D079D09F176FAD839340CF030F
311
70458F81F09AEE1329505150CA0A00576B56C06D58070B23086F685E44232D9D53DE3FC3731044F286D19F459351863F749F1104198D6E14BBC68E17CAE70D7AFD958E350BEBBC70C9C4DFBA075240DA27D40AD7DB063A097DD3F041EDB3E4B682A7A12A548F3393DB01945547175879989302521EEB1431B08759B632B174
311
E0F700E774FCA1BB83F95029ED1A084288C8893520E49415E00DA080AE8027C34206D35491D050A4C6B080F6A20889A2FF82379AB6234F6710C05F9080ADF002B9C9F9C583AB220F45D618D7E7F7547FB27CED8A8B7A7D24EDA4988B0C1C2A1AFB53FDC61BF3DE50D63C560F0120B0372F0839DDDAF13E583B868717C1CB8C
311
C71D1D7F440CC82184803144196EFD58BBE00B7EE77DE8C015942357FB06FC906A5E2B8882CCF9FFE184B0035A5CF186A962A63F84B3AAEE3D5A2C830008807568B6A9F424086D2095A3E262DBF124350082C4B5DF4704A9D2C93553DE47BD6766B69349610716999FA25854F759CA9792599D3837ACF6247CE8597B0F960F
311
A3EC45B61715050260C5844FCCFEC9666BC71F875B17E3BCB4CB151405D7D08F846B4CB952248B4603CC402B609E90F0044A007FA800EC46D07A51232B00E5683C55D5096E1374DA4FCBBDE2C25A5B8D26008227CA7758033D7D70DF12CAF7F247939F93F1CC63047D63ADA0B7CC8771B234D8095FCDB577B586D183406203
311
5670E204B245EC093FCBE15626C10D210CB38A13F50E10A0D5C0814B0C4B30AA9858516001669002229618F100767AA3D6D2528595FE7A398C2D2300ED0013A0AE60B91644A057327BD3C36BEBF48C91279B45F8BD145494674AFB211A91977CB838DF35DCB3D6D6AA2FB2784B591ED785DFD7DB77747DAC9D2F7674810EFC
311
2895F9ED8007EC7885101679C06F21E4B1C8A6120956F80518D1DAF1717BEBFB5803E20C6F2A11B2E48AFF4AD2810A70054623E341B3D1ACD92DA91150DE631EEB2C28882D092049C0DD38E262A7BD6F98549930C9D44B7C37028AEA9F8C5628A2BEF5704C0DCB2B428181B1BE766F43014498D2E57791E4C8DA6BD2ABF500
311
3F0C40202E2E32EDFB02852D16C30B7F646B98FDF86C7891690043128B0A0DE6B4EA27F08C30CA34C9D0AA0852A5997F8D11A6EE84E040B20472020256F4AFEBBB74E6705A12083B249089218E6452C8E5A69717E904A3F5EF3D5D08EC1F4D4E85086B238CFFC11AB9AE972CB775616C6D1DE04DDF073B4DE3747C41FBAE60
311
72901CAD0237100670C5A00C2C3CE063610ED824826C1F6650700E88C00B62468903A0D71D3A390255AD7040048348C56C4647413C2C2561216E0C469203EF06A5B101AD40D0E207F78B124747DB5B4BBB4E88B1C373C114E0470B345156EDDBCE1B4DBDF81DBC400746B0B54E05F693707B89A5E430982C2AC7D10DFF11D5
311
B102B9505034B35D07E8E5F585757F088B390F2D4C85CF7218E8418BB4F25B885053D07D5A908326809F31D6CC6B77CC948413B28664484439D118DBAC27DB5AC40C1AD166F25E6A2F0AE82100C0BF220405323E1FF80DFC518CACA8DE1003F3C9FAE9C7B2D60703A0004F8EAEAD2DE0F5485452D15B77B4B67F4C2403B8D8
311
F9C533558ADE058A9E177A1698F75DC0EB4C800F74C0270178C8579C1FACD025F0560844502D2BBC01E620030CB93636C1041636A693949CD80139FD15BE107F905590A292840F8860706D07E2970A2F15E5B13B87C3143CB2930374CC46A6F9B9D7A5CCCC14E11B9E879A49FBE27ADBD6DA82410FBB94FAA8487D61B51F4B
311
E0A03FD08743C31020D6628ED20305A22C2C2FAFA7ED1E7881C438AA5B9035F20759E243C51F34D0D5F02F11403B9E204CC1686C0B6C9000470561519CBE1B0E4FBEAB37A39EE4B84C05F023858779341991F36D9D9F351E7BB3B5ADF00148D9D05784F9AD8B037D48C01BFA83D4247F03BB768BEEF973A14E610090D4B96B
311
1EEC5C5E66928F28EBEB6CF578B067DD83086081579848E60DFC7684044D8174993C39F886043481F6A2B743B18749E52447CD4D230513032D20D20206E536E15BCF7B7D211634F98FF9986287F33F9A94615A5A0A7CACF8DF5DCC1AC6EF9AF1945EB78E0A2FED1DA2ACC00EF983F9A012260BD722EF61C9DBCDD8719703EC
311
F839029010CA0B9F100B1D2842153E01A1A3837AB579516A31982FD2908A09100DAE591016CBCD4B011A2F4DE299E1338CE065DC4841BF9895D8C81714800CD08F5AD39601BC929B55D291F6CDCEF2AB40DD5D98F4E6F107C47AEE4A09A079C05316F479DAF4C2BAB83221BCC0CE23FE3D3D4C7BC9AB673D89A3677D6020F6
311
E182332028012FA0FBE0B2668FB85485902A8E7FA0BA2105C213E20BC2169211A4BABA7D693C3F1DA961F203694853137073AD5CD25F1C017DE0477626D7BA55B88F83B5EE513C41D814639FD1BF759171F4577D3CAB0C3DFF68B2D3B1F8478C18F67BEBB2598FA76A4545E9E961BACF657E0791D2373030E0EC9FAEDD17BE
311
A7703A738185D08236C407448A4CB504CBF01FF43859D3115488EA01B55078000DF085911805790DE1B41B6F8CB2889C3834FE02AFE07D85143C6C008438A944EA63E047023A7EF37E13B0903AFEA7BBAB9579330FAFDAACD540022980B65A75FBA17D388F1E6576405CCE7032D95BDA420E7DC0EFA320879E5F8B3B04C1D2
311
D9C1114210C19FCC49DC6A855E12010184DB8968109ED016E4683CD552A36B3AFA13BFC2114068935A7E774CD2C7225642B73325938052D8634ABC18DC9442BF9E0402E85B42F9F3273672DA8E8F1070405D1DC3248487574CD98092B8B956E6AFE1566530B78FAE05B4A0DE51FBAF85DD075C7E11939F80E015A58D1F87E4
311
00CFFD2306C4D1D3C634380A201545A92BE01F445800BE12302AB477BD6F62600D211232EB061448A0D2B877BB940D63D059C37E0569A83DE93E214F4BD86209FF6F479C640AFF8AF6D1BFD987D029A94DB7C329B4184D4BB013BF912FB88FEEF913071A8D82B651BC10DB067A7EC52FE1B421883144C00F64FA23A11CF708
311
BF16CA59F18D4C04B8085964B2D8DA4A855187000BE440BC816FFB13374640B0EB1D0998AF38A1AEF503F14302E2811081FC12EA6CD38A63B33035125F40F170C0B0AA45E9FCA38FC6D688D48563B5C4B4B7C359D3C7AE0EFB16ACD5E2FAA47EF8307044B4EBE1C71E84E742D81431FB06B90B600B9C239E277A57C94C427E
311
E10E7826980C0136600D916A06058CBE8604DB4D314FBC014EDAACD0820F14BF75449B70339490FE5A0491221BF95F949DF1235380E969AABDBE2D32EB4403D3FDF17F42F9A0A7C28ED75BE86BDB7C7EC80C76F86B8800F77B305EB88F00A4352E0F8089EF811EA02A3DF08F7DA008F803BE4B4EF5F41E56087099E920708C
311
3D720916444440FDFA013D4E1201414123A09290F5BD7AB729298209C4306D007BB0829FD4EC3A6D7E4F00B67DF38CA0764F832F0448E58439B952CB4F70DF964AFA74CCFDBABBDF273E2FF4F56D3DBFF2A78D42FFF2755DF307066497F44062AADFC0CC546F6DCCFECECFA232E14F408F05477D311B683A35BC245FCF8A5C
311
D2AF20022C21022266905A5BCC8B20235D6FF04019CC04058AC80023662E25F342063165956320BE50370F2A657BACC817DDA3DDD3EFE04028645780A768FE38DBA88BF2EF3ADADFC7FEACA952E5A77568ECF0C971DF32BF1D24F8486B22A649EC81B1B60315CBEFC026091CA45F858D7D04C1B437079431E63E38F8807588
311
42E780A9E03791C0FAAFE10012588C3C592FE35461A6047802BA18686887023A422A49599399893103942CF6DA53A8E387825FA0678B261F139F801E2B17C901D0F5217E07AC2401A87D0480F753FBED44FE949C93A1D042B879FCE499B3D861AEB23F9C1F372F0C24D0B7D6E70FE1AAF60F84BAE642D82F0A9F53E2278391
311
5518494FDBC0AFAE7DA282E5050B703570E06319A015E00D693A6BEFFAE493941C3B08C13B96BD20D0115A9565701DC58568A3009DA13E965765C03091F0FF339F7309D44F6E61F837F1B1FF920450EB8FC48F9B40158BE89C81A597CFB0DAF5F5755D3886DC13D4479599B583758CBF35663AA234F133F91D3BCCFCE0A794
311
367F385C59B19431780F1C099131384056616E15A1563B50021D369C593FB292685A68A8B2A50A0A2085CF05434617E05FC24A6B077B990014421A68401AC4D65788EE25F737EB780D08A6E38F060F2ABD889E1B889C44852C2FF368C1E3E710D73B6589EA83F7417B341ADA1F639A23D15298F087AD0326410E116C3A1B32
311
5218433C71AE62C07C1480F1C045629724A076A4BB8D622D24690486727F56108D07046DAB065000678E04C4F8C342DE27F4AC102D854F2D08D59B4ED0E4F697B0FF62F113646BC5B7F3131D4EA8BF8B265EA3F2026E7061B96F6DF3D993276B2180B8E57067587428579460551049049B074CF8B1066C7E14C705F0B39298
311
C0997C17F701097023BAC31081390196801FB0C2A12380042927503D5A01CA127F9841B460310639C674BC8CDF1A320501448E0068905B07F6E5602F8C1F07786253438CEC51AE61FDB25FF71B09893AC026A9EAE3F30F369F5D5EAEA5801FBAD3C98B38C13EE017B054F81A56F05259DBDA64FE270B1FC4C77200FE276FE8
311
14B916E222575ED717A62A92956504605268408CFE13FD61F84252228376060206802B9550F00B9D47E6AF1022538A752CF4FFF1F5931384A9FF8700EDD4FFA2B93FCBFABB3EA6C607FF714B0B8B04EBBE83B52B246092AB018C0D0002FC490849F1E214AE6FC42009D6D86616C835B65DB9862EFC4480C14137603C3089D0
311
A5588FA27E693DD184131BA4E88C35045ACEF1CDE1A82323C20B842F2419604821196EE8185BC834AD44F8E9B7549A32900196E9ECBBE20FFB4706861AACADBBFD9B56A23FFD3AB8BFACC18B1B5AC0ECD7B6AE2E2E9CCD2BE8AF1B1BC3A813B94107E82DE67A42E7CC7D4A6116700B5B2EE3C338A09B840F07C40A64800D7C
311
605AC42B72227C4C7020AB1F20056E26F542717F56534261DE3766AC10A6ED2D006DD03BA9DBA507AE0510A8B385C92363B9154167F1230C40D76AF6F3BE0CA08F8BA2FFBBCEFB09D0986550E0F0EAE2F2780CDF850CB0F88CFC2815FE87BD83909F474F45DD47F1C821DB2107A8817FD45384F57891B65F2543D0C1E20A89
311
B4A8DF806862AC27C60F6A054627FD344250718AC0FA21CDC4E28DBF2650D1B39D8B8A420C348A4F846E2BE824BF8C45E1DB8EEB52F576F47A75FF95F90FCE0FD3A7A08D48D5B9AFBE3EA658E1676FE3372FB57F0AD8D70ED4AEBA3D4C2BE0AAF1C3AD63A6004D12900CFC481A47430C9EACB390038642C8C41B1330316661
311
4210592736B8603AD4FAB17189DBB32F3915F0C380795A089A15228460BDE8E52203527D41B5470901B088D84FF8B3FE2BA7F4FD30ACAB3DE0B7E2FF95807AB0010FFDE3A048F7360F9F3FB9380EE537F16F8673131325D3351A3F664022020811A0FE8C019CA17370725CBFF64132025DA1BE2555102212E80A907FB43ED8
311
0A991A8AAC183932C19AE17524B06590B6AD286EB99BAD18FF4BD64BAB519202F992A963648ED30E7521F909F090C0213E367A77D8836BEB6F34D92EDA624183070248351F1A079E5D3E7A9EE81F2CE6678F92E299EE312B6C0572C0A7B5EEE07853612403813152C7125E2022A20C18F855DBAFA399817FC97FB6E1CDCA31
311
D348434ACD0012F0D32A5456B4007E6E92D72B1A4E9971223A42C1042819E4049C0C5801300C0013FA48F8944FBAE71DAFC27F1826FA2304ECDF3F6C10FF47D5C7E49748DDD687DE8E91C09394EE0682A4F84CFD6067EEDF43E67EA46CB2F4070160439245F00343D03BF25D7E2F26FC400A896DBF19FB8D4D0A66DA669C3D
311
608F9CD048A0533621B25690EE19D5D15248E390F042B12C682511B02BFE3E5700E4C9A9B2107A8F45248FA48234FD23005ED1F4EFE80D1320836F04003BF42856D478D1DCA3ABEEE3C68F9F30C3A16E5C238EA5DE3FF37DACC2F8B7980033F47FAC34421EF0418A045394802CE032D61C70023D788136788613887C0011A4
311
EA316E005718AE191F8D0D841B9C679CD2FC478442D005429166F5A24403B1E6ACF3298F388B6D0BA933D92339D48969A5C11F09B4FF017A9900A4F887010C474717E10F36468032FF33F4AD610517777104CD920C3CD15FC5F3B3A0C75BBCA3B00F2724863C10BCD4A0E00736C7981F2F72E4B001438B99714FCFAF713A26
311
03BC710376A1715FC602022202E06FDEBBC680A3DF1C4C095A12C50B554FE7623B50374FB2129DDEA4C392C9188077658C87F55FF92FFA507FF03FC8DFD3F31BDAB46DD51AEB03F7E1B38B8B87CFF47EA1479C3EBAD5C6B382C221C0F1B358B39D76D9D3142C4A20935F541E492E0EF081BA41B3620A8E172B584EA1485632
311
E22A8221CEDAC6110AFA4B6D43E2B76A18AB240BB24337721C9321D2C033B2D3E2641A55A400A28403C12D1DADE39AD23FC5FC08C47A64DC3FF6DFF76B5235124022D7E6D6D5F3CB870F9F31C96FE477FAFE54100068A3A87FA5908A2C08011CF31309C10025B089FEF9C510522B8DC07C30AA469841723A10C08E27F00F7F
311
BC181C083F2809EC3B2B328E294AEAD5A071B3A95C81D2DE3F930372D022C9C793535B92FDAD5426E90490C3C81D000017C6494441544698C416520C1C40C71FC204B22448FD9303782FBA67089A1A7D4CE38E89050FEF5F1E078A4DCCFADA058032C34C1CBC2E1202B1F8962B1A8024F0EB7A11F209E96FB369D4B64202FE
311
7BA230AD24C46413536EAE955B341B726C593B5D4630C0BE822480908522B0D85430230352618DCD4F7BA6D568BF4343801480006658EA3EDCBFFA9702B4FDE9022163C43F9B72B58001A23FCE6F0B3FF0E4E1DDFB9801A6FC42FD0132CC1F2224F89933107AD30B6C9131A53818AE944BE25A70810821C38F098411980E46
311
D108F483DC63F49B91B852351604091D60546702F58A3872A1716411B642C7629C267E64E77719F46B0548FD6BFFFC86A38DBFADFCDF700228C124C8664FAA02BFB1F92B09800876FCE4F2D1C3FB4FD0A44E0106A8DB8079751CBF0BD9340066C3D52BC64706467C05B5A54401BE4A1B0132A55EAC1CCCB10D378A3DFEB981
311
2022327745EF2102886A9142C812A1A2C9708027BB55B7006357459F9C2080E0BC34489FC629510F3017B62D5073E2A2C64048A0A42580E413BA9E08274091A398EA80B5BF31C87BF5ECF8F1C5DDFB4F22AAC181F070AAFDDAE5650C4000516440D8806786D874215149E69ABEC43FF0EFC820FEA112B0522003C84BE03FB7
311
6623513B6D840820358B084119B0CEC8C00AE888826339A54091F5FCA513AFE147975BB1A86FC50618D9D74502F0C7C8815AA306602FEE3A5E79E0D7DED1B221001118B73182CD439A092FF801105D1AA14E1918EC282F6260869D55108065988BD67F68E5581720A708051F7C8070F582389C682BE53F2AFD85853F2A013D
311
21564028E06E79B7A71E43212180A81541EBC88F451E02385100491AB0C4A3BC5309A95911E66D04C0B448366988ECD204C2FC930F8CEE8FA410EE4C25B58DD1B6EBAD83F6196670F7DE635282C0A56A851AB035831725F0471A10FE52097089C80495804100318405F0DFC2136004B4C40705EC9154315129205EC3579300
311
35688F61AC02188250CFA9A980233925F16A117A48CA54DAB6400221976B75D863330942E20EE3B00B08FBB71AA813B0E502FD2B023DF70114E0D7DF2E2EEEDE7B789504200112075478F2FBD6897835C91F0C20782401E801A2F9142700B74805703426023A81CC0BE88B537D0003E0C5181D29EB8D83050964DD2580910A
311
1E7A8138F76253DC01DC2F3824391AD748276C0B0CDF12366625D038603D0003E0266CB42704C8CE7FA7F11B4D59C0BF454A78F8FCF1E50513715D469607031272358F04E0003C90107223A581218F10008B10247CD20D860FF0BF48801040B361808148714764028EAC137E871501EFDD97C89B52107FF1235B0928C56253
311
0082573CE137840EFEF82A0BDC602736C595912FBEC69E6A3A26903B3A300C5A098A9E3F1810CDFFBA019D97B4E7A7A075850F2E92569BD960CA7B8304995FD006FC4213BB1448A6F4BFBB3A9F9FC4962D0A1369129B10073771FEDA38B1737B663A71C088D8848027FC3008DAC4E4397A6F76271DFFFCF77D6BD7F1F67DA5
311
1E0E08875A6BAFBD6BD7AE52CC04A0B4A2206F650EC412841A48258258E8662C3838FBE21E25172C2A15A4F78D82DCF68A005DCF07047C183E1CE47731BBCCB5469D9169E0D588945BEB637E87802A03D88FB82486210D28FB3B858D13DC7CE75F5E6F3B03C1744D30CC58C7C7A256146853A05243060B850072A7010CA47C
311
FBF9A1E24F414037B8781E8E9F219A774B36481CB43E48A79819D638C8760D672FAC19FB9D3FC5EA9158DBD0159C27860409682E8FF2595652FE189D2CC2D7C023E944158355806FC320087CC74116030CC376C559C098B93A041C5DDA48AF33827D2327DC761D19C17CC62780D82A170E6CE7415A5E7FE825E053048F88D2
311
AC2A561CA4D4C60098DA28EF1A01382772484698F60C8DD24BF396EA76260542810A625978C03580A9CAB91D10249BE579B0377A3DD15749A45F24C4D81FF3D7D7996F6A1690288008C0FF6CC186DA9D5FC95BB09B1301004B016E707FDFED306A1BE8FA208828F00BF342186839839F1F6FA338DC5A0200FF383DE92614C0
311
3A4508DA18F4D85F9354F7E867AA77A42FF49BBE6757A1A7454448D0BFC3C220714FE43A3D8F1547BE10F0BC5A05985AC3C28829A06FE24CD062700601F4AF12AF99099B08E7071DC4626A97C920C3FF96E190C9D1FD7CB6163E800D79E5F3F10A9306C02B799E80F1AB380E0571A584C0370A220C3125000B500900D96FEA
311
40409F980E2083E4EDF4D8D2480AE5667222E020BCDAD4EF19682120818FE18EC7FD6AAD67C03F7DF1955E697456F517AC4F24700C30171C67E9168B109A4F60AFA60F98BE30941BF776DBC7C70792A2FBE98AAA97224F8BEA39B47BFD14A8CD03320DA2B676E3AA397E652E30A42CE2987B7DA1EF7F75242413800A04C027
311
0C62A13372400B435ACD84B8B5009208F5AC73EB149FFF3508E21C2201E0338BE07E50EB47E7FF6D97724A601028C5519073E7978EC88834410450E074DD58AD13A4900103A6444A9CB99103229F0EF8C0C78161EBC68137240734CDCFC349807851E0EB46CE864D2E405ED341B71A390CF2DE20CF5193189E1901E866D023
311
0409684B193D17E2928534D04240937D3C84477494FC5E0FE0B448E35AFC19007926C1C6A6E622FDB8A12E30993C6710E070397C4B26304C0AE38218D19F01FFB15BAE1C0E7E74DF75F2406E373C414E848FF8E500EFAF3C1029C9C0ADAB2313A7426CA9B2C1B9E30032C84EF31A09A88A386F136E8C2F1D582EA045920701
311
5F10F1F001F0B1B7DF7222011EA2001F00BFD36BAEE0850928B08C077030FE3806C880EAA74BCE0863A952812E6008B3A89199C1EE918AF96AF583F1A073B0A355B9D861AF1460DCFB3BFC6B7EFDC834B09700CBED3510E48DC7129041C991F06BA5006CA6B5B34EE21501374E8DFC910042036111EC9C7CFA1C05D48A7270
311
F7F835BF04A4194DA4CF76CEC66718C84CD020D04C412AC848F03E3C61A1C8D50D0EA6838A00376054D3DF61A0E393E1F8B058A6C994093476D601A4A06F0CFD3C0A6BFA910E75CC10400A80FDA93AC9B5EA4303F6C0D188B559086091CC5910137772E14F2376D03181B5CFE74C0EA38440D0AC256D6C4D104CE05302FCC0
311
0B60B9CD4D71E08BD40C144A025E60D4C1F45FE846A2105D717EEA84808A5DD90A168E133640311CF05DD870768683F5D2F1800F485AEBE5CABD8FFA3C0BEB33702493AEB551B1EB035EF5C8E5757FA7832141F88E8578A363802B560007AF93D7D470B478C4D00B412D634C9140C4F9275C00DCE8DFE3C7F8C0AFBC5B2CE8
311
2E3C3BDF393D4375D50C43CD1C17E3777CD2C170725B7B42B41DF15BFC344DAD089C1E9118522B4A2C60B794E4E8F33081BB7C8CFCEEA0B2015E49D586429C6C78646180B7710E06018A3082243C275F077FBE412C17DE80D3E6B9462C5204C5D980D1DF84A864401C483CD01B143F4A4868087A0F780F37230200A4FBF6AE
311
D325114C367C22512750A5C7C3E32D545CE20A0904183BA10015DCAD89864B3E1EE97EBAE8B204266A48E010511838E2FE413FB116E60880C2D8440AC3880DDA6DF6618C138CF1CB2A09637E18D00F80CB0DC05322E31EADB8081C29410903F06BFCDF5AB46024E4A75828056440503C707856EF0C037623DD4922A400E8A6
311
BD75E4D2800905F18450A00CEE88860C8964C7B3F90F56528BA18F71CFBBBCD2D05797E168FC37DB26DBE0DD2EAEF39686C18440820013C1444055402A541400DD362A0A402F1FE51246404E098249FEE30708C10CA0B54601053159480C00BAA9B1223A773234FE72FD5C3BD81804D8D196FE3D5315A0C981D88D04FA01DF
311
C185CA93F9120E1F480B08063364A0A318F08DF95056E4C91F1150D31B011200383502E079EE43CC18603AE2F88FD139C802A739F208E88D06DC78267C448C27C4113C19B0F51B0E9C1C021CF8F9167C6B1F2E10E461002910105D1042792D1CA303F469714C018C23D72179E165049C40E801CB96CF334562E5807291D1E0
311
C70FE6CAD91656715F0E5C5E70F8D7F83290549B1BAA6F781D25180EBCA93EC84E72A74081CE3020789B3790E1A9E478E658C099BECFF01E530E80EC5FE31204ACFF70AF8177A03059240CD074978A002A878BF883FEEC81DD684E406CA630ACFDE87292822A11953710F000885D6F68A67ED40CD772B0828359B753F7CE23
311
D9479AB9845771B389D6A77130F8C134EFC83947392029B10E4425440A84AF0E54825228FC1634D369874739C837A9DDC83C20D320C36042610ECDFA750303710224D01202488012CA847424F8D53F78AB6BECE9B3B35A7F32396AC6B7444566327DBB4DF06FD9616744F4D3A397EB3B0A3FBA8D763702883ED742FE5CD241
311
46D8E353ACCF811C806AE09914D8446E93840FF4D6C963FF32BFB6AB015D1D3B0C9A0968776F021F21404B6260CF84A14F35180CE20B5E85BDA2EC91FD5A7DBA7E5705F4F0F97AF26CE18E3BA078138202400A62930FA6CC7882F911A92F33E547E64990B0F27323D73B6222863F86425153FA8009361C675554C25382CE14
311
8420C8DCC47A20122806CA178A0918C14CBD33440289078A00EC6070184CA9907FD0A1270478E0B325B67C2193694EDB7DD0F3C238447C8A11485562FB4902134E6AC952FD5320A4F7C780882DA9684285CD81D278C0E8FF8DEC9F45D22DC3C2CA99C2728110888799575B6834BF22B0F01EDE72D7F21B672C40F0A972999E
311
2200B7C91403F9BB3D09C01990819238CBAE5E7510D7D57450507E3DB04AAA0A3C280064E0775380C8C16EEA4834346A04BF0CE847B4B3AF760D06D24BBB267C32E2C9257DE5EB748AD101AF1FD33265E2B674EED8C01A0AC901392211011AC810560F77778E85B13BAFE3E25C95B70919A4862C15928BD8989664AD863810
311
1D009A80F00BDC41AF27602A4BDA0C077E550048E7F1011410F01405045E1C140B4D0E70E0F6E034171C3D6FD12004FCC1FA304312518910356628A4A326EC9ADF5DFFD1B2C0399503F14B4F8E3E0E4E39A06ABCB56A8014687E86E462BDDE5124615ECDB412B7314F62E6E0C76ADEC0F717B360E741960104CF1706CFA18E
311
0605004B01AE007869B095ED92144A807841EFF2811C047889A04901C809062057192688C92346F97F279449F89B113500BAD282D1DA80A55C27EFFE02C8D4F395003F285B617BBF0831F49B055342DDDD414378E8888E92C16789F269A27C9A221FAA4A0DFDDB9F935B2ECC04DC51481558A69301E0460B02665AC4DD30C0
311
3D480866C3409400051811876014C0F294C542821AB045011A3E3F09001FF304E3A0BED05CC11A811B865001769507FC01ADC611F400CF68C7B093606E30F3C7E0F00C1D10C31951C1E2D7252181DA00345842A19130715C736EC9ECE686A712FDB31E4D3E50AB336E5666D7B212C0113C4A4406029709B43D0228F3FBAF49
311
921B19CA0C82A2D5BC4A2079809240F37D3E10F9637607C3983F0458508A98B8B4EFC92AC13530180CF55359500080061DF59B98BB3FEACEE881DC8127F182A885A86FB12B43C590A4380504E32305E3148BBEEB2D2782029765428092545BA5C2C681FC5F8E869C0EE1034A822FF09A12C94084505AA868080303473F8161
311
F7AA0A6610745E280BE4427FB770106F8800EADABA19F453210435BDB2348471B13B65F2FCB554827632C4C44467333E4127095D22092ED492009930413251B5408345065065E415266E20279A40B3F520370BE2050C8360E6BB4601C1673B9BFE007EF5200B6483CD195400A783E6DEA0653515B0FCE8E86D1618FC1EFC15
311
C2E727F24F2A2DAB57326D8D0877D4E298894E7A0C3C7D9CE8A0E2D17AA2020FA1097D6372F2A9F955060FDD467AD0426368C24A8340FD0D6687A76316DEF5179ED9042005A2BF02A5DD810A4DEFA4A8F700EFC50FF4FB8C06410F0303C106ADF8852ACC6A2CA9046E9ED070739339857222CC009E206479886EA26227BF7A
311
341A15C351A8404A6C10080A2140FA4B4E8D9B9A11645899332363FD69887F436A660566964250FD752E787B64BCF8E6C8190DF8EA0C854C062D8A5A1346F810414313E606ECA0AC3A01D6928544029D5F42E202C0CB386F880F7842A31287061F32F3CBE09F2950783394F2F2B23D85386C6F51943E99DD10C8A0000BA956
311
9A14805693274BD0E4F4DC3F28E331EEA91C4F33ABE057889BFB92819187840A08E57A276A8BFCB75B0342668C70C565C8059996D209C2800941A21FB82B2F520BC2E6FE6F1A8827043DE17000DACC8193E78BBB8DF1467978C06F6AFE986123E3A95272CAC122046F4C65C4B88FED2F1CD1D918F7CDBF8903BF1A90057D42
311
F4DC133AF804ACBB58446A0DB78806FC053FA1E45D0AF1112613CC0DD976C5E70AD3282F42725C0D02AC8588DE451B1C01ABF063E7748A3882F0DD484BB78D037F9812240EB88B6034C0AD53E5116D4C6D920C6A89F084E6D0598AD7EB6930CC7B293E27A666E5CDFE9A3FA52FEB3C97976FDAAE9A60008FCA6B33099CF988
311
0D35D419FC687D424378E3099441E110C5B3C6DC311E6653514A67A530D863326C4D8430E0C28024803B5B069B0E60C10EDB6DF087034171DF01F1F3404B27B1056D8C0E56E7CA6056E7798147BE4C2F01CED5987E413AC6A724876DE3F599E0601CE7B9CEF3BEB3671E12DCE8AF9631B8031D3F360B6955DC2342B2A0E463
311
2A00264C0DA002220CFEC3E10D9BADC8904D88DC51928593AA16C91DF6FFF82B3234404C7214D0F8608E0052283EFB2B0563F1D072936C4017706010BCF1B16CDE0C1FA9C777E44E1F5259B0C9BBC8794A82A6C182A3AF56B16921405351FDDC91B5BAAA617860E8D76C97C377FE701A4EB4378FA97C2C8E3CC8950886C6FD
311
93AF70A1F5F676B7ED16CBC56AF5D09110EEB8607CC08A795882358280DDB98AFFE7087C6EB593D62F041CDB4018935238E73F1098100D0C8769818F777057F64C703C6530E142FDF5C837AE1CF66C94C4887D3A3726AB990DEA248F73B5D32C8E04F6714B1E67C53FC52040252E605B322407CBF8C7F05453462A295ABF4D
311
95592DDD76AC23512E9A2DF964715C80DD752CA8E263AC36F02C3C28A133EB22AC8D099BDEFDE28C3E8FFEE3815D5D00C17C00511058354D62443C1A546280E43572A9C661A34FA5891F8E7570608C8DF21DF51DF9D2A84D4501F41B8CD4F4C9DEB2F901E810C0E4CEB6EC08DFB06341C864CF8D0EEE779A606545E1E64AAF
311
30A4324C20FDD3BD558BD966BA994FA915CD162B1978642AD01694E533EC190368A68234657085B5F88E27A0805E04B8BB6A00A51646EE3C10A50FF007FF410F1963CA69BE2002F0F902E701AEC995FD41F83A3F0C3809A3288A083003A6CC2A20E6D703EE48E3777AC07ADD51EB6101603A9FCF17B3D5928F6D742EE7E4CF
311
38AE2B03C5FB39C81D7B2978FAFE85AF3D2710B0582C970F0FEB0E4D1103B8BE2B4D560CA10002FC8F334C891C07B44FE06B2E3ACE5E1E2D1FC32203110ABF9CA0E8381F68EC3C06701328E5A38278A5FCD944CEA5283DA933DF2A2448BD23F1C5D8BE04CC2DC3B43B3EEC29F8B5FF926D11D3E97EBF7FA1BD1E5E5F5FE6D3
311
D972F548547783146ECD84873F377C5820F7F9FCE5E07378D6CBCB7E036DF7F7104079A05B77C6942D1BA95D47424BFC3DB6411009A42E207871B7EE9B06614BBD20F22F7523FB985F3F7068E37600273A3ED0C1CCC380F6EC4AF01CC1CF95E4848B7BF950AD14C44F10460221E02D21D01DAE800F323704C00035DFE97CB3
311
7F797D3D1C0E4FBF35EE1E5E9E0E879FBF3DF6F474780A01FB3DAF01FE0C0798218007C2090A3008BA7682A338F4A8804A06CBFE6A80CEC766F49853F15B2F45FCEA3F8250012841315016E75E797EFEEC4ACA6C79F515CF1738F7C36E2406071051043817C9E8C5888D49D0332E800062FF54FA562BF7446CC0BFDFBF8603
311
D1FEFCC9F7FFB5A7F000430755C2D3F72F2D02A022820897ABDD44594475BDCCA4A10AF34C06B08B4AB58BBFAE30999DC66C7CE903A83CF8EB006EEEAA063430F84B05F0ECF644825F5E95073870E72A0771AB89B080022A0C5A9FAF34C89286257FB7BEA000EC65B59750C68E0815B0D9834B15606328F80709DE09018AC2
311
A7817F83F96DB3D562C10A0A31300230CD4200B87F85808BAF64D04600254047F9C14DE93464009E7F5AABB4FDD6D55142A2C0BF1541FCE19C20C899BF4F76AB54B84CB97F88F48ECC029FD253F0C70DF4816B9AC94BCBD653B1A283C4001A0337955E4AFED3FB790B6B1F5EA0B5514074103A38D84280EE0F5F9BE974EAB2
311
D16AB1EA969684B6E4166CA28264B300474C7308D20013B204A65F82970718D05678B3315D442E1C0A327E2F56556040C005D2FAB1326A68A07507C9E46A3648555A7080F5F50219A00E6222E3E0862CE95B5680930530742F1D041805E69B788161F015944D041182B861A2C17F3AF01CF5BFDF6C343F9171F5B004BF59C0
311
16719164B888EA206A02AD05E8464D06B48E4381A0E9345FD171625AC22198F57C003BEA5510F81FF78D31C9B033D0030000000049454E44AE426082504B0304140006080800114B975C28BB58AF800100009E0500003D00000041364634364432392D324646322D344239362D383444432D3735333637314642334142422F
311
536368656D61732F436F6D6D6F6E536368656D612E786D6CBD544D4FC23018BEFB2B96DE15493C78601010A34B880709DEDFB52FD0D8B54BD70DF6EFED3AC0B12E6442E2716BFB3CEFF3D18E26FB440405EA8C2B1992E1C323095052C5B8DC842437EBFB673219DF8DA659866649B798C078B48AE6410122242F2A4994AC7F
311
93815DF85C049C8564CA0A901499DD886B2EB9B1E02448F358701A9235880C49A0119892A20C89D1B9FD768815CAD268CB5E0355B40B1E47F3E37A2020464BED06AA57CE8FCC20C3C3446D46761A2632A8C1283D07031EFF2AE7CCB1BFEEE916E406DFAC8E36FFD99A9D60A6944090EEDC3B670C7DC13DE86B6B2C5C240D6E
311
503BB85ACD579D513F1B9F9A69DC9CC22AFA80C426D40AF0B21EA168559156B6276F0F726A6BFF04DCD513A87A62CAD41FB24FCB2858B3952E3D852084DA25B9303C15687973CC8E8AAE11DF2836C38C6A9E765E8C1BA1BFB1DC29CDFE518C8B5A7655A4ED7E77291ABEB80DBD82EC866ADE1B8D05AF9E35CF09D7A061F38A
311
986D9EC412B8F0F65E5D81534D9B231D1E5A8FE577A241F3A5FD01504B0304140006080800114B975C1004A04F380500005C1700003E00000041364634364432392D324646322D344239362D383444432D3735333637314642334142422F536368656D61732F47656E65726963536368656D612E786D6CED585B6FDB36147E
311
DFAF20F41EC7F69A2005E214768278069665709ABE0A3445D9DCA80B44CA89F7EB7B0E2FBAC4B2A32643D10E33505411A9C373BEF39D1B2F3F3D27926C79A144964E82D16018109EB22C12E97A12943A3EB9083E5DFD7239558AEB07B6E109BDBA7C5CDC902D959360CE535E0866DF07A7579733AAB85D5AF234E2C51DD5B0
311
81CA7A87DEE56E47E2D6689E735AD0947194500A22A249308DB6F82682A3782C52A141BD80E4E54A0A3609622A150F48C16994A57237097451C2DF462738529D3AC5FCFFB5B401988BC78824973CE1A9A628D91CB968BDBAC335B9A4BB379C6ABF5D2474CD7B9F773F7F78C349F055EF13FE2CF856F0A7379CE2BEBCCE6456
311
F8E316A9E66B5E18E4AC77BF5812F5937FDEF0F5BFE3E3C785576D96659253EB54863A87AB5D98ADFEE24C3B8E38FE48BAE2C062631799EDC8BDDD833C6E88585B9287340B23AEA990CA49B1A473421E81F856D06D9125E45E6F001C4F7F85D6DECA8C6A835753A250DA50DF92F743409CBC3BFA4C6EFCE2618D302A0CEDDB
311
264D93950002937BC66489A18D0A345DD650415124BE376A745EA9F0E016108E328D14C979C1302CD6BC0A4191B2C2C49112FFC0DB51401288D6A44C26C1B87A160AB6A11E5BD862514BE8B3DB750607BABFF6F781D6A74EED6EA7AC28FB3BA68C87AC94B2138A99DB41AE7147A71F56659287340123812054CAEC8965690A
311
74E111C5BCA7260158B0963EC50C07E38FEDDFC5C5C70AB6A915F446D44E46C321E46087E23E221E2BC0DA6EB440EE6F44E80CE5AE2E2D2F31AD7AB71B8B139AF730773909401FE0D8DC3FCCFCC3D438DC1176062076C3CB4A9D953ACC72CA84867CDA0361E0910F4EF3B109A07D332211C72556825745A215835F47678059
311
E337068E3ACB0E2EA2B507175B0818FD1082EB4D26186F85BAD33464988F1420E1B9E43D522F8452A450106B04F01362BFF1B2BF5059B60F687C9F663A54396722163C7231012E7480FE916910E6572B6D8F4A54CBF92C5CD324A163C8508058D3F16A399B13B348C6830FB5FD47257A1B8D2CF08253EE776B3A72D782D895
311
363D96020B6C18D3C86359B3C6D45E728B4B9D716893D091E4D533045F495D2EFEF633FF5A660A520A5790765FE52E12F0AC82685E7FFA0398D65528850A132894DDE9F837B1DE48F8A74D487795A482C7122A6DAE377BDC5DC212A465ECD8B03E7E2E208EC88DD9DA89456CFBC477FB798C74389668AB1A75C820AB7568FC
311
BE0B5F94DC9AFF0D038D9F77E49D45B8278FC7177D0DDCE732FA0BCDDB42720FA90E87115FF76375C5696F368AF83103F6A5911FFF03561EE06AD10ABE933AA9DEC398588888137017449E09C377051FCAEED1E8BC3BFA9CB27DA2CFDBF533459F374FC0C4FDECCBF3E06CDC6874E0710421EEAA6CEDBFEE60EB913607436C
311
3F5BBF713F6F42253B9A4A0FD64C08416FA986EB02254B1846D82E7CE2584EBE31E340E9A8247483F07D5B84AE3A5AE0D4C5B202EE585468BA84105B1F5EC00C16FADB133FB7399F390FCF245CBF9027A137FD26D1D651058D44D9B331A93985CAC2046CB4ED9E0314977128A42C13DB06879A273052525D16BE833B8706BD
311
1269FA69F2B9B109BB55D30D37679986D85848B86F026CF21E74809100180B0D280C36F6015A7DFBD06AEB6F8D503BDCD7DD6DABBBEF54E1FF5EDF0E3AD53C03509B5B816FE9F51BC8026F44DAB82BA989F200C4220B24166C3037854094FD46C5648D9C42F8B07E53687D824917FED3CE56F3FBA68BE3C6853FCD64F4A00B
311
B85831B1243346654A134805AF5CF39A9DFE22C9906A6EAFE8303A5F4AC4FBE637489CB62EA59B9D529255F326CCC28ECB77F812A7D6E63DF957504B0304140006080800114B975CF702076DC3010000E60400004500000041364634364432392D324646322D344239362D383444432D3735333637314642334142422F5363
311
68656D61732F52656E6465724D6174657269616C536368656D612E786D6CA554CB4EC33010BCF31596EFF405481C9AA2A64851255E4A816BB438DBD4926347B15BE0EFF1236982021512B925E39D9D9D59677EF3510A72C05A7325233A1D4D2841C954CE6511D1BDD99E5FD39BC5D97CA9359A0DDB61098BF9CBFA961C4044
311
344599637D0F066B0E22C074BC98C7A0319C58A9B254B2435ED23BC2F388AECB4A6089D280B18D139496815152EDDF046711DD82D048498D902B293E236AEABD7DF74D5D839F69EE1D9F48E1F3BF448FC9E6BF144F351E38BEFF9D662D0D16587B77825FAF2195BF515C395B563BC5197A0AE68DCF363BA831CF7C7C8D7F0D
311
A23D42898037B451BA833673DA92BC82D87F636ACFFB0CEC96F4EA30EF9A0FEAB85D91CAED89348D80E9B178DDC3ACFC71D06F2528A182138DD8672E4DC6DC57CF91467432BA985E4DBE3DB399079353607C0A5CDA0B70D4E65A122FA41BAEEF6C272908D315B076451BD55EB0FF9E092E11ACF8C6B5306028F9D5F15EB954
311
26D31532BEE5D6EC700FBA0C1E94211D7ADC8341143D429D2671564059C2EC72108B4EE3847890CC4697DDF8A708DB01FD7AD8209A41EFC2DCFD7063A504821C7869545188D6C16DF801342CCE6B276363DC8EFA4AFD0E86ED0677C3B77747C7FD3FD617504B0304140006080800114B975C2091692B510000005700000047
311
00000041364634364432392D324646322D344239362D383444432D3735333637314642334142422F4173736574446174612F41737365745461626C654F66436F6E74656E74732E62696E5361606030713573763674B2D435753276D635317436D2B5347733D7757132B574363734357676351002AACB4D2C492DCA4CCC492C
311
28484D2C4ACC4B4E050A82012F90744FCD03CA26072767A4E6260200504B0304140006080800114B975CC55C663656000000680000004500000041364634364432392D324646322D344239362D383444432D3735333637314642334142422F4173736574446174612F53747265616D56657273696F6E5461626C652E696E66
311
5D8CBD0A80300C06F73E4B29FE6CDD8A2E82A083B8B7F209014925C9FBA3AEAEC7DD2555D896CB85E51C2A1BD834F6A1F56EC4494C4695278364ABB24ABD2146F88CCEBB89D5321FF8F3F43D672A3B44DF3CB6A1710F504B0304140006080800114B975C0DDEA7B338010000A20400003600000041364634364432392D3246
311
46322D344239362D383444432D3735333637314642334142422F4173736574446174612F636E782E786D6CCD94314FC3301085FF4A648931769A160495E30AC1D209242A06B6AB7329561D3BB22F08FE3D769B0154C4D4A1EBE9BBBBE727BF93ABCFDE161F18A2F1AE61335EB1029DF6AD71BB868DD495B7AC582919BCA71F
311
182B1CF4D8B05C664AEE821F87A9D46207A3CD556BDC7E2ADEC788B481ADC5A7EEC13B42479115DA428C0D8BFA1D7BE030926F31EE790B047CC603463F068D6912991EA7493A2010B64CD5557D53568BB29E6FAABB65BD58CEAFDFA4C8A4925BEFEDC49BB42CF8E1AAAEF4712F5395141950720C66A2F26B98FA4B25DF1A27
311
4522958C14922B53077D0DA90386C11A0D94CC135E13529920845E8A23ACA4C82EFCF2E2113BE34C6E592769403E3C278118C8E0057AF29FDAF37BB37691C069BC64474E359EDF8797C32F7A3DC6F2909BCB4BCBA9466E5C7786AC88C33949D1C9D7457D03504B0304140006080800114B975C30E0F7BDE800000060010000
311
6700000041364634364432392D324646322D344239362D383444432D3735333637314642334142422F5265736F75726365732F34453643433142392D354233432D343143322D393746372D4442353943373135334345302F7468756D626E61696C2F302F636E782E786D6C4D90C16EC4200C447F2542EA3181CD6EAB76E5B0
311
3FD1532F1525DE142DC1084CD5FE7DA1E5B0A7B1C64F9667E0F2BDFBE10B537614167198941830585A5DD81651F83A3E8BE1A22111F11D268660765C44B385862D5189DD5AF16A8A6FAE77E1D6CD0D032667DF63D8C460BDC97911D97EE26E26539856CCB769356CA6C39430534916EB01763BF60336A1615C859ED5FC34AA
311
D3381F5FD5CB793E9D8F8F6F201BA9E183C877DE05C644F1615696EA18EA3F0A64033494E43AD542087DF71CC8BAD49039D5FC1DE29F582113A377D670AD499265E4B142687690FFB006D9F256F92BA36AEB46FF02504B0304140006080800114B975CA233C2345D000000800000006500000041364634364432392D324646
311
322D344239362D383444432D3735333637314642334142422F5265736F75726365732F34453643433142392D354233432D343143322D393746372D4442353943373135334345302F7468756D626E61696C2F636E782E786D6C4D8B490E80201004BF42E6EE76F3C0F216234B883063108CCF170C074F95AE5473F5C4C06E93
311
2E4F28601967600677D21E9D8092EDB002539227A2FCCB80E1168D80A6417297A89C5D6963B7129A0D1E8F2EE73AA7B62BBEB8B27DE50B504B0304140006080800114B975CBE89762363000000880000005B00000041364634364432392D324646322D344239362D383444432D3735333637314642334142422F5265736F75
311
726365732F34453643433142392D354233432D343143322D393746372D4442353943373135334345302F636E782E786D6C4DCC3B0E80201004D0AB90EDFD75167CCE820A4A845D83603CBE602CAC26799919AEEEE0D965E2E908050C6D0FCCE04C8BC355404EB6198129C92351FAD580A10E464065907C8D948F8F166375F6
311
55BDC3FDC3B4E530A176BE7057BDC43B2A593FE403504B0304140006080800114B975C1B9CCF697E000000A30000003600000041364634364432392D324646322D344239362D383444432D3735333637314642334142422F5265736F75726365732F636E782E786D6C4D8CD10AC22018465F45FE7B6BB69909EA405BEF319A
311
1B92D3B0193D7E1ABBE8EA83C3778EE83FAB476F9B5E2E0609E4D000B2E11E27171609799BF10550AF448A71FBBB010AE36A25540C4A2C29E6E78E263B8FD957EA5D78ECB01BCEC610CD31D5ADC11D3127CCD98DE1ABA6DC30425B3334C53856A5CCAF57B6E6D517504B0304140006080800114B975C497E41F90C01000055
311
0300003400000041364634364432392D324646322D344239362D383444432D3735333637314642334142422F536368656D61732F636E782E786D6CCD93BD4E042114855F65426239C0CEAE46370C5B5858D9A8951D327757B2C09DF063F4ED85916237B1D3623B38F97273CE812B769FCE761F10A2413F9215E5A403AF7132
311
FE30929CF6FD2DE9765204C4748291CE2B0723A93291E21030CF4D9A60AFB2ADAA35FED8C47B740EFDB37E07A748A7AD8A712471B95295134E108F745249D1150D1031070D6542320EDA041D402598881CF870D3F34D3FAC5FF8DD76D86CD7D7AF8255528A3744DB78E313049CAF06AEB11C7D31C405AB8014399846D51444
311
9EBAA3A50FC10A21454CA1B4D0C8F4351752CDB3355AA552165BC01F460A56C39E457E000FC1E84BCD7C66EFDF423F819F203C96970A46D94BCDFE9BCBBF55C0960D28DFA02E84FC06504B0304140006080800114B975CE3603EBE7A000000C20000002C00000041364634364432392D324646322D344239362D383444432D
311
3735333637314642334142422F636E782E786D6C6DCD410EC2201085E1AB90D9DBEACE05D09878023D01A1D34A8419C380F1F82DA68B9AB8FDFEC93C3D7C52546FCC12980C9CBA232824CF63A0D9402DD3E10C6AB03A3397DD192872090D3406ABE7CCF5B5D18893ABB1690CF4DCF02282E5EA8A5BB96FFE536F285CB347F9
311
5BEFFE81C9ED5AFF9D5B1FB575BB00504B0304140006080800114B975C5500F6B47F000000A300000007000000636E782E786D6C4D8CD10E822018465F85FDF75422A16E80931CEFE1121D0BA191B41E3F685E74F56D67DF39BCFF6C0EBD4D7CD9E00554A70B20E3EF61B67E1590F605B7807AC96308FBDF0D909F3623A060
311
907C8D213D0F349B654AAE5067FDE38003D3948DA4C3446B82A9EA186EE978C3CDB5664DA5553D28958D7351F2FC7A794B5E7E01504B0304140006080800114B975CCA1DF9C9A900000073010000130000005B436F6E74656E745F54797065735D2E786D6CA590410EC2300C04BF12E5DEBA70400835E500FC800F84E0B411
311
AD13252E2ABF27A55740421CEDDDD9B55CEFA7A117778CC979527255565220197F75D42A39B22DB652EC9BFAFC089844F65252B2630E3B80643A1C742A7D40CA8AF571D09CC7D842D0E6A65B8475556DC07862242E78CE904D7D44ABC79EC569CAEBA537E3521C16DF5CA5A40EA17746733E0B6615DE7217475F386F18B948
311
1C510F1F021CD9FF027EA0E1F5C4E609504B0304140006080800114B975C3DEE336E64000000790000001B0000006175746F6465736B2D64657369676E2D7061636B6167652E786D6C35CBC10E83200C00D05F21DCA56CA76D41FC96062B120735B69A7DBE268BB7777961F8D5AF396893C2ADB70FE7ADA196782C2DF776D7
311
A97B5933C430F15651E5469C55D70F80A4992A3ADC954792C525AE70A1E4D6AD9816CC044FEFDF01FE3FDE907802504B0304140006080800114B975C6E392CF9F9000000960100003700000041364634364432392D324646322D344239362D383444432D3735333637314642334142422F4173736574446174612F636F7265
311
2E786D6C8550CB6EC32010FC156BEFF8014E654798C8AE9D2FE8A93704C44589C13250F5F30BB12BB5A79E76353B33BB3BF4F2B53CB24FB5396D4D07555E42A68CB0529BB983E06FA881ECC2E866ADFF4583CCF0457590606074DE6C580F4858E39549A8B1521D20774E79C8C423361D38F1A1169EF3E023C3DDF3958B3B9F
311
555EE53B8FD110B43CA45A46377DD36A0346DAB1BFB62782CAB199503D910A0D557F45E33035840C7535E1575A2431A35E2F3FDBC5A6B85712182EF10B2A6B84C95BD99E717D26A7775A2426A3CE6FF1E76369FA0E589FAE1EB9E7B4D8A77F5CC32AFF770DDA78820FD75DE18055F1C8E780D122A514CB33C25853A2EC1B50
311
4B0304140006080800114B975CDE7D14FFF40000008E0100006800000041364634364432392D324646322D344239362D383444432D3735333637314642334142422F5265736F75726365732F34453643433142392D354233432D343143322D393746372D4442353943373135334345302F7468756D626E61696C2F302F636F
311
72652E786D6C8550416EC32010FC8AB5776C304EE5449828AE9D17F4D41B02E2A2C46019A8FAFC42EC4AEDA9A75DCDCECCEE0E3B7FCD8FE253AFDE38DB01293114DA4AA78C9D3A88E1865A28CE9CADCE855F3428AC9875071906CEA6D5C56587A4B341DB8C5AA7F40E0AEF7580423E52D381971F7A16A5882131FCBD5C84BC
311
8B4997A4DC789CC568D42E352AB9999BD12B707A1C2ED7E381223CB4236A464A504F2E5734F4634B69DF90B17E6555167316CCFCB35DAE5A04AD80D7B87E41B841357DC3C753DD9CE8E19D5599C9990F6BFA795F9ABF038E59B5A17FDCE2A2FE778BC6065AEF6E9BC20327E9B8E780B32AA793CA33BA547392FC1B504B0304
311
140006080800114B975C0EF71DFBFA000000960100006600000041364634364432392D324646322D344239362D383444432D3735333637314642334142422F5265736F75726365732F34453643433142392D354233432D343143322D393746372D4442353943373135334345302F7468756D626E61696C2F636F72652E786D
311
6C8550CB6E833010FC15B47703B6494522E32814F2053DF5E68243AC808DFCA8FAF9B50395DA534FBB9A9D99DD1D76FE5AE6EC535AA78C6E00E72564520F66547A6A20F81BAA213B73668DF1BF689069B1C806120C9C4DD684758706A3BDD409D566943B289C931EB2618E4D036EB8CB45E422F8C8708F7C15C3434C32C7F9
311
C6E32C0435EE523546377553D202A7C7EE723D1E282ABBBA47554F316AF1E58ABAB6AF296D2BDC9357562431675E2D3FDB072B85972370529217545688D0B7F27822D5891EDE5991989C396FE3CFFBD2F41D707F0FCB87166A66C536FDE31AD6F17FD7A0B4A76477DD140E388E473E079C1529A5589E11C69A12E5DF504B03
311
04140006080800114B975C71D1CAC60E010000B10100005C00000041364634364432392D324646322D344239362D383444432D3735333637314642334142422F5265736F75726365732F34453643433142392D354233432D343143322D393746372D4442353943373135334345302F636F72652E786D6C8590516F83201485
311
FF8AB9EFA880B6B5419A8AF617EC696F4469475AC1082CFBF983D625DBD39E2E399CC3C73DECF4353FB24FB53A6D4D0B382F215366B49336B71682BFA2036427CE566BFD2F1B6446CEAA85240367B7D5866593466BBC32493576529B289D531EB2F1110F2DB8F143CD3297C14787BBE78B1CEFF2A6729CBF7C9C85A0A72DAA
311
A7F89ABE6AB502A74D7FBE343545657F185035508C3A7CBEA0BE1B0E9476151E8860450A73E6F5FC431F5725BD9A809392EC50592142DFCAE648AA23ADDF59919C9C39BFC69D3768DA0E7835EC84C05D83EA8E0A54614150B3BFEC23AE6EC41ED7540C252B5EC13FC0B04CFF0383369E920DF84A38E038FEFF79C159910A8C
311
E3D96E9CA96CFE0D504B0304140006080800114B975CFA654BA4FB000000960100003700000041364634364432392D324646322D344239362D383444432D3735333637314642334142422F5265736F75726365732F636F72652E786D6C8550CB6EC23010FC9568EFCEC30E1520C7084AF880AAA7DE2C670916C48EFCA8FAF9
311
B5492AB5A79E76353B33BB3BFCF0353D8A4F745E5BD34153D650A05176D066EC20862BD9427110DC591B7ED1A03072C20E320C828FCEC679859435014D468D1D7005A5F718A0508FD474E0D50D2759CA1812C3DFCB59AABB1CB16CCA8527788C7A58A57A486EFAAAD18160BBF3F1B2DB30529FB73D697BD6905373BC90F3A9
311
DF32766A9B9EBEF22A8B050F7AFAD9AE1CCA8003085AD31752B784B2F77AB7A7ED9E6D3E78959982FBE0D2CFEBD2FC1D8837F4363A859E57CBF48F6B9C87FF5DA33681D1D5755178104D3AF23910BCCA29A5F28C30D59CA8F806504B0304140006080800114B975C125993A1F8000000940100003500000041364634364432
311
392D324646322D344239362D383444432D3735333637314642334142422F536368656D61732F636F72652E786D6C8550CB6EC32010FC156BEFF8014EE5449828AE9D1F684FBD21200E4A0C9681AA9F5FB05DA93DF5B4ABD999D9DDA1E7AFE9997DAAC5696B5AA8F21232658495DA8C2D047F430D646746176BFD2F1A64864F
311
AA850403A3E362C3BC43C21AAF4C428D956A07B973CA43269EB169C189BB9A78CE838F0CF7C8672E1E7C5479956F3C4643D072976A19DDF44DAB051839F697EBF14050D93703AA0752A1AEBA5C51DF0D0D215D5D0DF8951649CCA8D7D3CF76B128EE9504864BFC82CA1A61F25E1E4FB83E91C3072D129351E797F8F3BE347D
311
07EC6DBDD3D1629BFDF10CB3FCDF3368E309DE3D37850356C513D701A345CA289635C058539EEC1B504B0304140006080800114B975C912B6FF603010000D80100002D00000041364634364432392D324646322D344239362D383444432D3735333637314642334142422F636F72652E786D6C9591CB6EC32010457FC59A3D
311
7EE0471EC24471237F4157DD51983828315880AB7E7E71EDAAEDAE5D812EE7CE7067D8E97D7C246FE8BCB6A68522CD214123ADD26668610E57B287E4C499B336FCC0203162C4161619381B9C9DA74D92D604348B6AACC24D14DE6380443EE2A5052F6F388A54CC2112FE9E4E42DEC5806991AE1C67418F5F56E9500454C069
311
4E1B92578496CFF9E148AB6359BFB06C21399BB50925DD9AE1F88A2AB153889180D725CBD6E788CD5A6D9056F193FAAAD1013F377DD55CE881D0BEA7A4EA0E0DD9579727B2ABCB6657F45D79EEBA58249A39F3C1C5D16C459621FCD5BE1A7F459B27F5CF68ABC3032FBE4365CB9C39CB3E9710CF6527FC03504B0304140006
311
080800114B975C7327828C08010000B201000008000000636F72652E786D6C8D50CB6EC32010FC15B477FC00A7B2234C14D7CE17F4D41B35C441B1C132386AFFBE10BB527BEB69D1CCECCE30ECF4398DE8A116A7ADA9214F3240CAF4566A33D4B0FA2B2E019D385BACF5BF64808C98540D1106CE86C5AEF30EF5D67865226A
311
AC543B289C531E503F86470DAEBFA9492462F541E1EEC92CFABB185492279B8E33AFA79FD57E51C22B099C64E405670526F42DAB8EA438D2C33B4BA392B375D572B7D232B8EBAB560B705AB5E74B75A0386BCB0E171DCD71939F2FB86DBA92D2A6C83BF2CAD2B8CC99F34BF8F37E24E4F4C88947F465E94671F661EDB80B42
311
2889AC19BF80672C8DC49FD0EB2CFF115A1B4FC97E70DB70C0F310E84904E3D86018CF7AC38C6DF36F504B01021400140006080800114B975C27667EC110010000A80100004F000000000000000000000000000000000041364634364432392D324646322D344239362D383444432D3735333637314642334142422F417373
311
6574446174612F446566696E6974696F6E4974657261746F7250726F706572746965732E62696E504B01021400140006080800114B975C68A4317CF40000003002000045000000000000000000000000007D01000041364634364432392D324646322D344239362D383444432D3735333637314642334142422F4173736574
311
446174612F496E7374616E636550726F706572746965732E62696E504B01021400140006080800114B975CB5A795FFE3790000DE7900006B00000000000000000000000000D402000041364634364432392D324646322D344239362D383444432D3735333637314642334142422F5265736F75726365732F34453643433142
311
392D354233432D343143322D393746372D4442353943373135334345302F7468756D626E61696C2F302F67656E657269635F706E67504B01021400140006080800114B975C28BB58AF800100009E0500003D00000000000000000000000000407D000041364634364432392D324646322D344239362D383444432D37353336
311
37314642334142422F536368656D61732F436F6D6D6F6E536368656D612E786D6C504B01021400140006080800114B975C1004A04F380500005C1700003E000000000000000000000000001B7F000041364634364432392D324646322D344239362D383444432D3735333637314642334142422F536368656D61732F47656E
311
65726963536368656D612E786D6C504B01021400140006080800114B975CF702076DC3010000E60400004500000000000000000000000000AF84000041364634364432392D324646322D344239362D383444432D3735333637314642334142422F536368656D61732F52656E6465724D6174657269616C536368656D612E78
311
6D6C504B01021400140006080800114B975C2091692B51000000570000004700000000000000000000000000D586000041364634364432392D324646322D344239362D383444432D3735333637314642334142422F4173736574446174612F41737365745461626C654F66436F6E74656E74732E62696E504B010214001400
311
06080800114B975CC55C6636560000006800000045000000000000000000000000008B87000041364634364432392D324646322D344239362D383444432D3735333637314642334142422F4173736574446174612F53747265616D56657273696F6E5461626C652E696E66504B01021400140006080800114B975C0DDEA7B3
311
38010000A204000036000000000000000000000000004488000041364634364432392D324646322D344239362D383444432D3735333637314642334142422F4173736574446174612F636E782E786D6C504B01021400140006080800114B975C30E0F7BDE8000000600100006700000000000000000000000000D089000041
311
364634364432392D324646322D344239362D383444432D3735333637314642334142422F5265736F75726365732F34453643433142392D354233432D343143322D393746372D4442353943373135334345302F7468756D626E61696C2F302F636E782E786D6C504B01021400140006080800114B975CA233C2345D00000080
311
00000065000000000000000000000000003D8B000041364634364432392D324646322D344239362D383444432D3735333637314642334142422F5265736F75726365732F34453643433142392D354233432D343143322D393746372D4442353943373135334345302F7468756D626E61696C2F636E782E786D6C504B010214
311
00140006080800114B975CBE89762363000000880000005B000000000000000000000000001D8C000041364634364432392D324646322D344239362D383444432D3735333637314642334142422F5265736F75726365732F34453643433142392D354233432D343143322D393746372D4442353943373135334345302F636E
311
782E786D6C504B01021400140006080800114B975C1B9CCF697E000000A30000003600000000000000000000000000F98C000041364634364432392D324646322D344239362D383444432D3735333637314642334142422F5265736F75726365732F636E782E786D6C504B01021400140006080800114B975C497E41F90C01
311
0000550300003400000000000000000000000000CB8D000041364634364432392D324646322D344239362D383444432D3735333637314642334142422F536368656D61732F636E782E786D6C504B01021400140006080800114B975CE3603EBE7A000000C20000002C00000000000000000000000000298F00004136463436
311
4432392D324646322D344239362D383444432D3735333637314642334142422F636E782E786D6C504B01021400140006080800114B975C5500F6B47F000000A30000000700000000000000000000000000ED8F0000636E782E786D6C504B01021400140006080800114B975CCA1DF9C9A90000007301000013000000000000
311
00000000000000919000005B436F6E74656E745F54797065735D2E786D6C504B01021400140006080800114B975C3DEE336E64000000790000001B000000000000000000000000006B9100006175746F6465736B2D64657369676E2D7061636B6167652E786D6C504B01021400140006080800114B975C6E392CF9F9000000
311
9601000037000000000000000000000000000892000041364634364432392D324646322D344239362D383444432D3735333637314642334142422F4173736574446174612F636F72652E786D6C504B01021400140006080800114B975CDE7D14FFF40000008E01000068000000000000000000000000005693000041364634
311
364432392D324646322D344239362D383444432D3735333637314642334142422F5265736F75726365732F34453643433142392D354233432D343143322D393746372D4442353943373135334345302F7468756D626E61696C2F302F636F72652E786D6C504B01021400140006080800114B975C0EF71DFBFA000000960100
311
006600000000000000000000000000D094000041364634364432392D324646322D344239362D383444432D3735333637314642334142422F5265736F75726365732F34453643433142392D354233432D343143322D393746372D4442353943373135334345302F7468756D626E61696C2F636F72652E786D6C504B01021400
311
140006080800114B975C71D1CAC60E010000B10100005C000000000000000000000000004E96000041364634364432392D324646322D344239362D383444432D3735333637314642334142422F5265736F75726365732F34453643433142392D354233432D343143322D393746372D4442353943373135334345302F636F72
311
652E786D6C504B01021400140006080800114B975CFA654BA4FB000000960100003700000000000000000000000000D697000041364634364432392D324646322D344239362D383444432D3735333637314642334142422F5265736F75726365732F636F72652E786D6C504B01021400140006080800114B975C125993A1F8
311
0000009401000035000000000000000000000000002699000041364634364432392D324646322D344239362D383444432D3735333637314642334142422F536368656D61732F636F72652E786D6C504B01021400140006080800114B975C912B6FF603010000D80100002D00000000000000000000000000719A0000413646
311
34364432392D324646322D344239362D383444432D3735333637314642334142422F636F72652E786D6C504B01021400140006080800114B975C7327828C08010000B20100000800000000000000000000000000BF9B0000636F72652E786D6C504B0506000000001A001A00210B0000ED9C00000000
310
504B0304140006080800114B975C000000000000000000000000370000006662782F38444443373541302D313342452D343544392D384133362D3331384544464441373335442F617474726962757465732E62696E504B0304140006080800114B975C000000000000000000000000350000006662782F3844444337354130
310
2D313342452D343544392D384133362D3331384544464441373335442F76657274696365732E62696E504B0304140006080800114B975CF270F1330600000004000000360000006662782F38444443373541302D313342452D343544392D384133362D3331384544464441373335442F747269616E676C65732E62696E6366
310
60600000504B0304140006080800114B975CB5A795FFE3790000DE790000420000006662782F38444443373541302D313342452D343544392D384133362D3331384544464441373335442F7265736F75726365732F322F305F67656E657269632E706E6701DE79218689504E470D0A1A0A0000000D49484452000001000000
310
010008030000006BAC58540000000467414D410000B18F0BFC6105000000017352474200AECE1CE900000192504C5445818181B3B3B35A5A5A4848486060605C5C5C6464648383835E5E5E6262624E4E4EAFAFAF4A4A4AB5B5B54C4C4CB1B1B1858585B7B7B7585858ADADAD7C7C7C464646787878ABABAB747474A7A7A768
310
6868707070B9B9B96E6E6E6A6A6A8B8B8B666666545454565656A5A5A5505050A1A1A1BBBBBB8F8F8F9F9F9F4242425252527676764040403E3E3E9B9B9B7A7A7A8989897E7E7E9393939797974444448787873C3C3C727272BDBDBD3A3A3A6C6C6CA9A9A9A3A3A32020209D9D9DBFBFBF8D8D8D9595959191912626269999
310
992222222424241E1E1EC1C1C1282828C3C3C32C2C2C2A2A2A2E2E2E303030C5C5C53232321C1C1C363636383838343434C7C7C71A1A1A0E0E0E121212484A484C4E4C1616160A0A0A4A4C4A787A781414147C7E7C9193915E605E464846838583878987B1B3B18587856668665A5C5A626462818381A7A7A5A3A3A1B1B1AF
310
ADAFAD7072705C5E5C9D9D9BABADAB7E817EB7B9B7585A58BBBDBB4C4C4A8D8F8D747674B5B5B3B7B7B59FA19F606260ABABA9A5A5A39B9B99A9A9A78F8F8D6C6C6AC7C7C5451AD12700002000494441547801DCBD89771BD7B5A70B8EE04C702641712605CE034890E220088028C93245451215B713AF388E7DFD9EEDB8DD
310
CE6ABFF4B57D97137BE50FEFEFDBA74049B6AEED74869B7E87404D2814EBB7F76F0F67A8835CEEBFA0E42B854AA5B2BB5B6BCC951A8D52A93657A914FE0BEEE39FFE2FF395B9B9C6CAD2D4C4606F4B7FFF8D1B37EEDCB97587F7CD9B4343BD134BABE7DB48E3FFA7A228ECD6F6574E4786C0FC8B5FFCE2CD5FFCE297BF7CF3
310
CD5FFC92B52FFE58BFF9E69B776E0EF5F79E55CBBBF9FC3F5D3DFFB07F5898ABAF7CDA3B74E74EC0CE20230561BF096E97E05712BFFCC59BC80539DCE83DDD6E54FE61B7747DE17FB8980BBBFB2BBD4337DF487881AAE6C5ACC6AF25207877B2B527BFF1CB3B77FA47561ABBD7F7FA7FE146A5B6BD74E3164C7F51449AE95D
310
B412200EC539418717E7F2F11B376FF62E95FEAF1442BED0581DBCA1BD2780D23F506AFA16E1A7AD974EF17876F00DD7BCB187A1A97AE51FCED5BF2BC1F2BBE5B3C19BE27B43CF26DE00933658FE129B109C2FFF922CC22C4260FA01BEFB462A77DEBC35F42F600C3F5B0795D2E9E02DAD5E650B4438A92801B65C35CBAB7B
310
1EE5041CE69D3B6F1822DFB873EBD6AD3B6FBC71EBC6C86AE967DFC2DFA4CEBFF1BF54F6276EBC114E2F43FEC60B01A0D440A868B2920E5C4BC10D60931ADCB871F3268B21D3851B08E1D6AD9BFD4BF57F7577909FAB86F29B982571136AF01DF5FE32AC3BD9406CAAF2440A54CF176EDD01FBADA1FEFEFE21FE4C9858DFF4
310
183458A9FD2B6708A5A5A137E0EE1D11A9EC0C7C58B2C73C0AD6B479BD76B7790CF899E287FA5B06FB7B07C9195B7851FA8794031EF1FC5F9406BBFB23375420286399B631E93B08022A785C4DBF9996EC3551874094D71B6F487E80F6837E50F483BDBDBD83232323AC420A18C68DA196EDDADF68A77F938F78FD972BABBD
310
B7B87FB164AC6FC2CB760365821ACB74AED44FFAD7E7431ECD7E08AC421F391D199998989A383D9D98E8E56F84A318C58D9BFD2DAB73FF5222C8EFAEF4DE7AF30D756E5108683DA471E70D0502099A7240F19E4089D3FD203E620F1B47BF43501E85031AE44B4B9F2E4D2D9D4D51D8970983FA861B3706FF950CA170DE82F6
310
B312CC4F42C8966295F7D725ED29882415DC055F36DEA1FE96FEC141493F05FAA9A9A5A595B333DED5B3D5A533F62183323032F46EFF13EA0AAFA5FBF7C8976F8C10F7280A014832593B90004D52341980D907EAEB73411EB2F1EBC9F507F92746C40E7AE0AFAE54292BAB2BAB67CAE0746264A277B06508168C94BF772BE9
310
765F7BF0B548FE1E07F3B5A521340A5CB5297C4B12811B89E82191ECF3E41B3259C529F135E23CF4C7F961FB13537F5A02ECCAEA76B5BA5D3D3FDF3F2FEFEFB3AA22053E5008833428DC6C59FA2F770595F311F235D427F379BB8A121BD901B96076A388DC4C3C61C7933CCCD770FF375A6E0CE9F535FE2534BF5ADD3E3FAF
310
D71BF57AA951B6D4CFEBFB8864758A26154430080B06ABFF557610ECC93726224F155D1471041E0D42F82F4891C926C1355B0831649FF365F46FF05300A7A790BD8ADEEB0D4AA9569A9BDBADCCD56AA55AE377F5F3F3EA2A34983A1DE91D810543138D7F28E57FF4E2B5335A3928B76EA1CB9B00BF158C8F63A2E788826896
310
D0B5E7C461949ECE089144F8EBEFC7FB4D8C9C4E9DAD60F7FBE572B416C2F2423ECF8B86C439E450DA970634ACFDA977629098D0B2FAF313A36B3869E37AF7853378CDA1171FBEBA95DF1E44FD5144A420588641B0055A79ED91CC0DC41E27064512FB33F1F04D09D0D2DF0203A646A6CECE80DF28356A348CED8C4F1EF137
310
B9319E1BCD29867CA556AA97F7B757567006A447FD375A26CAAFDED9CFDCFB2BB0BEEE8AA5911BC2C7F85DF88A3775389990AA72219D582409210F85A4E66F2987D875C30848023088FDF77E87F96FD7CBA5B9DCCEF4F4C9FC7C676777577B7B7B67E7ECCCE4E8DEE85E81A6D55AA3BC7FBEB242589CE8ED4770E785D7DDE2
310
3FF2587EBF57F50B9E820527316488E5C32D50F979BCA58207297E2B6D658702FFCD211840FE43FC9F3A5BAD9E97E6F21B9FCF16BBBB3A3A5A175B5B1787875B5B3B86DFEFFC687A72674F19D46A8DFDF3EACA59E405375ACE76FFA922C817CE86A89BDD92F400F2C55B7462F610459837D3A61ACF50C7471C8F2F2A9D38C3
310
DA2F068007F80EFCDBFBE5DCC674B1D83EBCBEB8BCBCBC3ED0D3D333D0B3DE33BCBEB0D8DA35FBF9F8CECE68AE020BCE61C112A4C1138CD47F9AD13F7DC6AB9CF9CFCFAF9D0E01FFE6CD503F5B91C5218E2899CA15098714848B04FCE5654884ABF0E554F11F6C21D73D5D5AADD64B7B9327DDAD8B0B7D7D6D6D07070763BC
310
0F3E38E8EB4310EBEB8BC3DDB347E3E37B5842B97C4E44A0C630427E5CFDFB71E03F471E12CA9FF70E055AE141042DD81234B879EB4606361D9328149037D7D76A571A7E974FA20AD0323832713AB5BA7ABE3B3E3D3FBC30307070B0B9B645D93C3CDC3CDCA41CFC6AAC2D64D0D579B4B1B397A7C1BDBEBD7D36657A3CD4B2
310
F44F4909F2B9CA597F4245C59DEC354316F0587020D0C661742BC02869435FD12CF195C422DB3C5A3E2305C000CE6B7B27ED8B7D63079B5B5B878787C787C7C7C757C76C51B60ED60EDAFA06D67B965B3B672677080BB5329E60E9B477847AE2E9EB53E35779FD37EFCD2D0DDD68AA355B6B0D81860502B8B68C801F5C697E
310
9AD62F4B406244CB975560BAC756AAA577675B07C6D03778C17E7C95CAF1B3ABABE3E3ADADE3CDB1B1B6B681014470343EBA979F8B90383545727C63E43549D14FD0F927E5F1FDEFD7263058FE02EBCD1BDCBCA053496BD58E69BC44F9F854D4D979AE9ADB908824382AC1D4014E9756EAF9CE85B6B54DB01F02F8EA5908E0
310
D9D5F1B3E72188C3C3AB67879B07C8A0A767B8B831FE5E7EB754DEAE5261460243FFF07858D8EF0D658BDC563A2C5EF5833C13C90B69248C4DD97842B61DFA7F210A2F6108A0F96B62E2D3B3F3DD939EA47E30ABF5AB2B903F4BE5F9B36757CF65021E616DAC6F60A1FB647274B4B05B2E5341B082D43278F67D8DFDA48AFF
310
9A13F22B34C7586C9992BA6E66CABC190E313E7C811AA57304B421A75B289B9D174CC868C24548823E230B9A5A2DCD2CAFE1F98E61C015CA7E96B083FC59F3ED06EE60F360B3AD6F79787ED278D0A86FAFE00BA9220EAEFE1D5DE1F7855939C3FCC1332426B377F692406E022C010DB437EF009803F0DCFD3B7C94440571D8
310
F2C328F115F47FD324802070BAB43FBA80EFDB92FCA1F7E7CF9FA875CBB327CF9EB08C4DE4815BC4210E2CB7CF1CEDECEDCED5B757490968286899FAF95583BF46F9393CEE6A86D6F618CAAD9BFF0BE22B042412C5CFB50556815CC5BBE33E9F61ECEC26A9BCB8145FD10590078F9C9E953B513FAE1FE387FAC246E14F9E3C
310
E7F5F8194BD6594140876B6B84C5D6799C61A16434201E5237582AFD75C07EEED9863F463284E2E13425A036BD41061259289B6BDC1ED656FC8B8592C9D00701E27CEA749F0D8EF44EAD8C1F80FFF8F8F9D513191F6803384C800097F24069C407CFAE88136B7DCB3D5D4A60B711F19070D83235F77331FD35E71596688903
310
8E2E0B346EAB7936C4162043E1A1F144093695443A570144898BC4079CEF1912809A3035A1D3F361235F90FFF1E3E0FB93C7E2750719F88E7D8E68123883ADB5B18185AE99F1D11C1238A792DC4BEDE8EC6FF503DF377E0445F68FAF4E08D43082D02170F30131A154206CC559A8D9CFDD762B31273E4947A581E0D9BB71E3
310
3FFA07CD02CE2A6BE1EC80167497F2A81CFA3F7EFE58D0CF5D5D170DE4F89070B0BC4040CC17BEAC6B0586C3D3FF0309BC06F44B04A1E13729929B4DF73C44070692C810B08AC3012E8EE9EAE22067796288C193B2139B970B86F47FAD0F98382B1E035D9C32FD318A4FAFCB274F2E1FA772F94411B0CD42493C23393A685B
310
5FEF3E1ACF554AF5F3552A478383374E6B2FDDFC4F6DFE38F4F4ED7A7FE838F488EA852482F412D3CB07E293D02C9F074F12E84C5AAC423271450572A385449844706475FD38DC3C22486A0639E5F1E38B0CFE93CB4B25910EF309A2224BD8DAD40C682C28341AD69047E8539A6AFC14EC573F7FAD10AE0FE6EB13E87B28E0
310
93B513B5803514DE408809BC12A14876DE0A25F643009E9176D9F0C330164285A7444DC8CAF0E9FE41429EE0A2F6A6DE91C0856C501272404A8468822E24C807030B1D33D40D4AFBDBABB411D093D88C86D7205E05FC57EDD1F805FA4CED5920F0CED39157E007CE21757C5DE440ECBCB46CD283E378029B43FB077B4F47E6
310
0E9F61E8D01BE017D7E843EB49F50A2028F1E442FCC90C9EE308E4C0C2C94EAE30B75FAD3A0EAFA57FE9EF960F14BE15638840EAF3BA490BB6850EDB38EECAFD21A0C746D0C4234DBD035EFC7EDD121FA585FAB73DB89FE6A03CF833AB0730E5E2F1A36CE3F202A128934B44E396961121E1F2C9F32BFCC0C140CFE22C1CA8
310
E109B182919696BFB98120234F61B59F7BF46EC30CF067B21A33B0FB3E402448EE266CCD93135A8E823DB31F85E677434E608F53F8100BC0098EA2FD6BC01770E0F2F2D1E5452A711C4BB8486248FAD756D852026B6DC90A2AA5C6B69E9068B8F27AFABFFEE8AB36F1D23985D5960014FD711940800B560250D2272CC54FF1
310
D3A660B275AC3881E349689C1616E1E9044129D032313509DE4700BC867C71F128C400159407C761022BA8A040F40A244788808C60B3AD67A17576279F6F946923191921B0545FC2F12AC0EFEFBD7262B6935679FC7F80629160ABFAEC88E8430E76D82A8DE62ACE50BD4A42FBF03B387B37FD321B37E31C3F063D99703F51
310
60E6C9E5A300CF32A91E0A085A29C0FC507F6C21012303C6104B82C1F1E156DB3229D1A855A32A8352C9077AF733A0AFE0FB3EF81FDF2F0F82C21B0EB06998866878B103305E31EC17F4FD43831E570A2118D1667632D4FFFFB125782F96168A833DBE78C3F11F8383A79D49F58F1E3DBC780417AE6581381E8610604888E2
310
913E12492881274822C221AD04CB0B1D273B8542837460898C686864FF6F801E8269F40AD0481DFAF5E6E9C1F3BE391C325004DF0746A4E4448F7B52C0D5EAD39EC46896B888C4210D68E99DFA2820DF7FF850EC407EB55C3EBC5028611409BFCB8889C90F1C52355AEF98B18100094C9D0EF6F64FD47E5CBF3FF5293DDFB4
310
B50DDD54F351446FA1F14580DC3902C085F593CB24ACC917B213BBC11B3F0A61042FD8B24F4FB9C4556D0CB9E1A880DE89934CE9607F18F81FDD950DD0E1D143F41D56110E227C250621FF098838042BC85B5B6BCBCBC31DD37B34966E9FFD9936A2FEFEA9EBA4182E5CD3E17AE35501FCE0707E5525A7DBC64DFD077825BE
310
37CE0BBE1BBEC061410C660B6E49912665E2B3749C7C9F93834022F74CDE6CA5EB501D9CBC04B768292C5CCB84478F3CA83074092C6082169015E5800D5839DC6C1B58EFE83ECA513BDE3EFB8EF1242D2D4B3FD55AFE03D42F8492AF8A3F21444FA2FA9ABBF525EAF84C09F0168527B0138A85D1EC0443C467B28BF844EAF7
310
6323BE13D7C11F72FED783837B970FEFDE7D7817E077C17EF7E2A1C2C0FE851FE4C008388C15E818958746129E1009D054B67530D6B3D8DA3D59D82D9D57CF70039FF50FFE0DE94089DB269C3655A4F25B38C49D0BD48E59F1526887C18FC5272197F85CA72862A593A4843CD25F920487DDF7AA0441A2C0600D062001F103
310
FCEEA3D8560CEC3EBACB01CAE5A51E420349F602191E5F901893142381351CE17047E764BE50DEAF9E4D8C38B6ECFFACEB141E54A6865A88A60133EE9CBB4C256930B0B168C1C3AB59FE1743FB422C7166082E934AFA5EFA3E4BCE0B69362FA7041818B7FDECE1DDFB4D022007CA23E521F0700AAEB5888BBBF08023E128B4
310
045381542FA256B0D04E28A0C3804E233A1BFB476A2F48FD135BAF9843BEDA3264EB42BA499601F16B566E72C7EA35908ABCB9176BBED43204C696AFD3D7B24B08D3AFA44BE243D88A6D9D0B6562B52F741E1610C0EFBBAF2B0829289A640EC4C8A4FF66A24430786CEBE1E1E61AF9507BFB496EAEB64F8F49B4129EBDEC06
310
5EC1F8A3F228A3CD0950883B41BEC6D1944AE06147289600A7726313AC69A3F91197F1438BCB743E76F01F6EF1D1C854071670FFFE43FF1EDED702EE5A14C85D0C42DF90B86068800659AC88981855E3E774A71C0CAC2F76754EE7CC87C808D1E1E0F6CF47FD4224731337BE1E39C5010823EE997B1491BBD99FC8D8EF7748
310
2BEB5EB2CF66499A8E0F7511B19B3EFBDACB6507BC78731B1B383D02FFDD7BE8DD9256F7D0BA7B46015941097B80018F700FFA024CC08078F51806100ADBFA163ABA8A3B95B9D2F92AC30BC908ED31FABE0CBEBFFF0279B675868F9AA24E9530B08C174055B7F48E4F58002F3E82F0BDFA003E8B431EB6C4A91E4D9B5FFB79
310
1265BA8827BBE5F1BCFA7F789F72F75EC800F8AE43FFAEC42F13009FB905A9A0132015D0068ED7682AC608BA6771038DEDB3B33082891FAB1ABF5614F93238079726B833958796B845B731FCB86316713C1DC581B1E19B424EE32674093F80776F7E27C6FBFAC85C536CD955B96EDA2A3FBF770FF4BE11845470EB3E42D022
310
000E0FE07D161811020742162444668308801E133A4C163BE68F6826A5523071CA78B2FED51F28F8C70FE4190073A3E5D3259D7A288CD19BDE623F10021BAB0C6E327FD507B2741627727EA00D31856492F9F009D7F152D930704E642795C1C1B336E0DEBB7F0FDCB79318543B25341F36802D64A981A690B94259607DE0B1
310
9D466BF8C1C5E1CEF9A3FC5C639FD6117B4BAEAB453F8EFBDA500A67E8BAF76C8A06566E36EE1184E8329419161F83D843D5DE7D8221163E145F56921C3EE383978072129E290A9B7166E63D26BAB1FCDBF710009E4051842390031845F20077CD079407C575F20364C4910ED2A574BC357630B0BCD8DE39335EB175646A69
310
8458F6A346F003A93002E846FFE0C459B8006E506D79BF902908A0AA05CB5E73530E33BA1D3C2EF99C712B7C8B41DF4D2A7830BE8707485FCFAEEB85A09AB6D39BBF7B4F23E00509C20DB04E240822A4B810E04D8D53D10D504C059ED86BB8697F514777717A8F8144D48A4C89077F7EDB00E2D89DC02A7B975640A282C49A
310
4AA84B70B12BFED8EA6584860DFB7EE23FCB00C6BAF7332FF259FA3C9346508813E372F1DDE425065BB61FDF8300F7EEDDBE8D0C6EDF46F7D8823478590AE23759D60DA6B7A9F125EDE8F4A5D2B37470D0B63C30DCDE3D3D59A8D1501EB1B0A5377517BDD6E301F995E3F955F0F58FAC2E81CE172A8344AC03DC6781939D24
310
84B8FFC15E8F3ACCD3954CE19576B942D0A029188EC7013FE59AE90B71292DE774F1F63D60230180B30A2EDC65291B6211B4081128856001A680015CE000708254891851D4B3BED0FA4D7166B466BFF1D2A924885AD12B387FC0FCE6819AC3AE06A7AA4B715F0927B74D119D4A668FB54B8A8C268D8B038A207D10A7B1E95E
310
42195B695BE0240F7408B311257C23F581E987C180140C584A02B1670CB817CEC0A080F259F1360E58452013200E3EC107AC1DF4FD7B0F6D23F33347F9527D9F51E6138E31AF35F1BDAAEEEBA3D71BB402E2FB47CECEE96B4DB85536772B07C82A34F3E66D0BCEC207FEB9E70643761276F7B50D5EE963CFF80C7AF4A2130F
310
5BF8C4EBFB5F07B709840480DBD8007FB7EF3F90104908BA457D43AA2A6A02C91422285E5AAC143F3313A0CB74D9D164933B86C25587134E8D342B453FC982860D09FD13ABE72055ED020E85D3E312F74C25CB0293D978A1C4001927C80B86FD06349126EC219F0C735C8053D8F5F310817EA01F1B7851F406144C211C6362
310
C27DD51F1E310C0102280ADB891E9B085CC528A2B1369A46BA195B9A2B351862CE43174BA73FB7CBB430A5798F4C54B7333B96C3224A9863AD02B9FBD8E63092191924E77C199D92887DA594B6DCF0112857162FD0949FE6A441F5E62E42FB2105BC405A2301A3424601DC807912CB2C39C604A27908021CDA30C4C8C2019A
310
883B3A8BD393BB3546136EAF561980FB63E9E035FF73B96D09A905ACB2C11D79571C5159026227DDBDB81396EB03F14100BEB66DE1FA9EF82C3ECCBE318119C4269FD014E66361FC8BB0B4EA9A98EF3D8848A01360430284335004C183CC25BCA82D2302EB03B8419241C64DF4F5ADAF77B533BE786334BFCBB8DA72BDBEFF
310
C36103AFB30608A0B39B58D93F0BF42180841DD26BDC22CF0A770E90240006BAC65197D90920131C7B2EB3CFD3C71C6378A305EE8488FC1FF8D391E2BDDB0F6E3F45E7C8207C419800DB410073A3173942CA8D5242642A74496FF115832A6314D9FA4257577BF7FCF8F8E8CEE8DEDE5EBE76DD3CF892BA7FB8B90F629431B5
310
525E92A15A3A4A6FEA3FDD73136172060959206591F4C927196CF645AA285CF3014630121754261C0D31E1A7E3DA2DBDB54B04703BDE3A4209F02045C4BB0F529A14BED07098A2A1CD47513DA64B512F409BC01663090796D787173B5AA141B1B39BB470EEBCF1E30F9D263ACC4D05110797CEF7B923B027F089F74D1D06F0
310
A4D8C0CDA6604023FCA45B76C5CDE0BF3845ECBE13E0C0ED73700A8A753C1AC8AEFFF1B407FC8A20F42F0D94019121DE304077A027D4112283BB8FF0072444D68AAD111D6F591BC0061854BBC048EBBE9E81F6A33A95C21BFD13AF3C7E7DCDFFEB0DE8903F77B41DF178E99C289895B0EA8CD640549D68935BA7C5294E0A1D
310
66DA0CC419BD398E6265789CA1241441AC94532A3C19C95340BEFC68703077EFC1D307B71F3C500859C11494838E902203A2BE90EACC5135B80B078804340C920C2300BCC06F7A1C71B875DC572C9BD1D84BD5FB9363CA6BA7D03E5C40FDFC54FC23C9B4B9DDD028787D89219038523BF64E638BB37CC25335937A00DFD328
310
69C5B390C8C32FF25C8C47A7181B4A599A224A9DADB0E0406FEFF9F183B7448F081E3C55024FB33828784AB61704482CD0160C04174F9E33BA9291D58C2F1F1B1B3B5863B0D9F3E51C35C253D54A23E560E2C0CB3A6F7A81382601C2079CAE96B7B1560D20A341E85A928A4E01083256420576C2ED477E2E565FD9223BCC69
310
1CF394D3D8E281501E0EE5C1C8159E92585D255CF30CC854C75318006EA4A01028EC853F9407C6053910BE105348324002260254886C156260F9189EE0F8C9A3CBAE9D5A992184568A69D5183A7DB97DB089FDC57AEE54F858FE54F577DBA85309640290F2D220952620750C5811FB772A7876D1E4040FBFC6474D51246D8B
310
3FB378283FB514F8AB3C20B8BF7DBE5DE541C9A5D3D38DDB30E00151E02523081BC89C2214103E0BC1B3D0199A08E002681A2613A2616CEDF0F0F9C5DDC75DA395C25C0309C03DEC8091A4AFD3FEB504AAC6633930556DAC86EE3561941E862C4A75DD6B6BB3A0C59BE153DFA73EDFCBC3CE2188D3D378FC976D0EF9A95B7C
310
8532F527CE3CF539581E0FE501291E9139FFB65EFF5DBD8E0C18DE3077170A64E033FD278F18068028802F156C3809FDEB11B1019C208D020C9BA2870457F0F8E1FDC7EDD393E3B9FC9C4308E9315704233F960E554802C14716B0B45DAB5EAB5E25AB7830EBB8D25E6CA94E4AA01794FB1EE164FE9F040FE82C940A4BCEF9
310
13075D087E85A7237D3CF29C47E4E676777779528C4781761F0BFBC1D3A77880E40C9A2E5109180D5255317890394229F0F082010354082D574F1E3FBAB7D6553C2113DACB97BEB5526C7C6F69F9310A94C46CD89FF8F379AD1AA035FD00FF3F320180F01417A6F255A3A8D86319FE0C0B0E06A0DCD33F79841339C01E5BBE
310
1911AFCFF7C1E0A540BFBDBFCF2372352686D863F83F59CB6865F43104007EE06F52406F680341102048A01BB048823082CBCB0B6AC48C313F3E7CFEF8F2D1FDC3D6F6F9F9D9E98D9D7CAE5EADE2A6512FAD7AB526E17F600C85550DDE9ACFE9D97E694513103BC69F8A2813176032C890C1E9C49FC09C61670FF8705B1D73
310
86260E7C8E7122C7F8208A55139E8C8D4763F7EBF5728DF9C34677364E3A3F9AEFDEC9CD95470788834F9FBEC512379890B38C94205B2557987C4186DF5C0837608DF0F9F3CB87B7EF6E920475752A01460E556919B2B64296FB9FB70DD5F47232A0F77465BF140CD001F00ADCA175090E2665A14E6329B62660E02A1CB50C
310
6025E3DA252A670B3F0FFAA5EAD94A509FE7036B159E0D1D9F2E76B7AE1FD5A606198D3A747AF450023CBDFD162278B9446688111009B4029B0F2180AE20A542D40610C073B47FEFE1416B2B12200F3C991C2F54EC2491027A816B0A34A9D05C6F437AC23462385DADD75642EDDA738AF1600DBE07EE8437804D2D011A94DF
310
71C2085EDD40266A407FFA1D1C00B0C03927E60338E3B9D8C47D1F8CAED578E06F7CFAA4BB63B175FA7C301B747CB377F45192003CB8FD34B12009224543D8604494011A80C1903CE0518C986208E1C5FDDB8FDA161686873BBABABAE74FA637BEA894A44078C19696F326E057D7F95D061A6B0394A9D5F2DCAAFE4C2388D8
310
A6E9AB7695CB0BDD0A332430F1A9333DA41D1FFB97FA09AE84E738C75C407C260408F8DBD5EDED7DE1570A7BE333C54F16963B46AB0C2B71208EA3D16EF4EEDCD7005241166C005A73C03164792151205C007288AE337B4D7103741BDE7B7AC913350B348B2D767515674EC6F72A0402BBCB41C81305AFCF05F2758D3ECAC8
310
D26AB97606DB9581A4B7A8FFB068CD5C0604E6849046B70C2B60FF0CDDF93C13822B4E82FA0479A68220E66D9FD775FB3C1A9CDBDB9829B6AF2F77EC9E0678FB20ED8D1B1A1A39D10F9812E20D6281F5673121AACAA9C53424000DAC173F7E18C3052EEE3E78E7F1160F5AAEAFB70E0F7775CFCE4EF384DDEEBEB9C0889D52
310
43BDF557559FEDE5F17AB21E118C4C31A3DF6A96B56AC62180293910ECD6B721047664BCFCC6B2DD3C65CA0F0C823DFEF84083C7ECCDF05898EEF158F4FEF97EB9C123F1B9D1D1A3D9F9AEC5F5CEDA84A3C96C14A55584D62893D6A54D8D2028D05C8B1F124884543F3223B29D208B04910D3FC43F5C52196AEB5B5F5E58E8
310
E82610F08C21BD443801233C0CE8BD1E40F84A1CA86001990048031ABBAB11EF83F9283EA89F181F2A0D9A9F62D94B7F625FD727E6A93F63F200F614F7CF100D4511C07DB45FC5F0CB4CA359ABE4774631FDAE85E599EA0878A3C33D5AD6430CF4C055EE5FDB80629000D7855DED3F436F3B61B3DC7FFACEFD2B1BC6FB0696
310
312CFA477CE87A87070C7998E04FBA78AE3F915A065E819FCF35B410321D9ABB308146A11AD5196CDDD7C477A171C8AFC74B45CBC6F641AB53C8D4ADA5870C02379BC0470CF83DB55F073E29CF5CE5F7A3F8FD62EB7AEB1774C2C6780B9523F9287193FD23DDB79FBEA513B45200E2E0C1B51350163AC19043C600F2C1DBF7
310
DEBA7BB9B5457BC0D840CF325EB0BBABBB786D301437000020004944415472B491ABCCEDAFC0591201CAC8EBFACBF367FE7B6E40E69F551BBBE7123E3C00AC560CE20C62436E8C3C54CC225EE08C0D74CE26148877689EDD004FB2BFBFFFBB984035373A7954EC5EE8591FE531348654514DB1D1C56411DFA2A7C212BE5ED9
310
1278F2851A432244C6822C29C85A8B320ADCBDFDD63BF71FD32648E7D098CD018BC35D7FE89E250EF2AC75F96C15271602687965C844B8807C6E7729D93F22E81D39ABD62A0820C1FE9F11CFA7208125D33E96FD69E83AF6052DD32D49FF0802CD9F9DFD39260389A950887A647CCC99BAB17132DFB5DED35138FB3A060F62
310
95AA5E195BF0BB56495A5A4A8FA440026E46A047D40ED2520A441C302D240F201FB8F7E0EDDB0E12A04D8816215A0579E8FE1B1281E9F19C9900DE79842E2A7CCD48E9876EB01C75DBA0E0C8D44AB5512947A00BE7CF5DE9E1A6A6BE43CF1A78783DFD5A404E4477336C1ED8B18908B2A847B2AFE9839E891137A6673BBB96
310
FBBA2A4B8E9373B001F08369BA11BE8ABC4302FD2345FD6014A127068427D007BE28B41D9B0D40FFB7EE531FA673C8870A69135B1CEEE8D009C08042A5B4EDA314920B635BF941E7487E45256439DFE9D276295F87E698389CD49FB394FE19720412DEDDC40E9CE9C6DD605E0B719FADC416CB15AB3A61F9B5B9B9426E54F8
310
1D8B03DD950946D432B40CEDAB7BB5AF11213CBA73C9BCCCDAFBCF06127C7980FE6D1DC9B4DF14832D6568FEAEEBA76FBF438300B541064ED33F3AC0B0D10505306FD370AED02859234402F6C3FED006766DDED2034D90D119057225EEE3DAF787EBF30EC51ACB4F551678BD6728E1944730C095F13E4D81A4DFFBF67C5BEE
310
37E62A85FCCEC6CC6C7BC77A5B477E22223ECA4FCC0F87E2A5E3EB782BDB25B8CFC6736A044DE5A7CDA604526361D650484FE283B77EFBD65D52C1C73C4F48E7D0D81ACF572F2E2280F98FB230508FA906B42DE240ED651B301CEC83DE1790C9FD96B6CBF986BECF3BD332C18EF627A0B6EECD5B152E02088D03D828AFFAD2
310
6B05BF671B4F9A09A8CE0CD2707F67F2A4B3BB75B9ADA331C1305BBAC182FB4A79820B7EEAF73199B8404C0B81231CDCBB871B80FC41FF5860E8E108222A1A076C29E6E03B6F3FBD4F1F295DC457573C7ADED636D6B7B8C88413DDF3B327E1046AA51040B40CB50C7E3F1D2E44DAD34CFA604029BFFBE714DF0C069908027E
310
B275F1F366C132E1A7450B04011CF82B2B647CE754F650FF6E25BF37AAF65B7BDA16CAA791F1D09F6CAB989EC5AB7809BE145FA459E8D3E4B0FB47DAEF093B946FED585B80FE1A0305FD5330FEDB4FDF79FBF6BDE81D8300CF6815E5F9896552412A03F31FCDCC7CB5E32365550CD9365FDCCEC8752E943161D78047336F8A
310
F6539840A1F2E764FDA2970999F205CD2BD1F5CF496571F76EAEFA0E1CF8FD2A55FD06391F9EEF8B9DC9994E72BEBEE1FC928E2F223EBA0FBFBFB4F2DF137BC894B8087643D64ADE6EDED67F7680FAC9060239E845FC94AE93D880F994FBF71FBCF5F66F9F32C292EA900F9C1E6F1105E81C5B5F58A067A448143842008D72
310
75EA3BBA3D2516FDF02FF79260020D6B3C714711F3CFB61BFF56A826E627E82256F7400FB387FEF23C1C1E77FD6A21EBB1B2B35F2F95E7760BE1FA3ABB3A981423477517EEE36FF96F122B942F6FB64D9502BD1B9089162532A2FEFED255028FE653C9F46FA321E0B588B7DE79FBED07C44106CC85133CA65190543004D01D
310
02D8181DDDA5A9C91A7110805B7875B689FC3902200FB192E7DFD936B37B57D9C338BD49E99E181F4E5FCAB2ABC1CA7AAB382CBC7D515457CFABE6FBC63D525E5CDF74B16378B9AD6774A58531912D232DF01BAA913DFB7D3AAFF912984302B84D0500077800D26C60A4742101DE420C610C2E92FA93056022EFBCFD5BB6B3
310
8651470CD33BD87630C05831BA864C85997B8754B05167F0706499DC442FCD22592AEC2ABF3FF13F950039BF159FA9B36ABDB2778EFF83F70972B83BFD3F4899E64DD8346AA495CB155A7499F2CE39B0AAE755125EB84FD8CF8D8E4F4E9FB4B72E8F1DBCCB98B31BC4607C2CFF21C8145FB48EA0F2159F86A3098415609554
310
DEFA7B27EF1301033DD06D274BAF6821D220DEF96FA4CBB60B3CA241C021D38E1AA76B4406B4767576166766A6C7F77273F5F395291BBA19F64F2E3095C14F3E60371827741CB27E89543857D6D96BF9A47C6A9A26057840332EB843717AAD171880217B71FCCC0355AED3D4819911F79D0EA8AD6DA31A83E36C5DC2D47029
310
5C011302387069158F6C9966022367ECF1D00BA9BB95C389AE7B6105A1FB640689033A7FCCFFEDB762189103A61C3A4FEFE0D6A6B5A19EC5755A443AE78BC5E9235B047890A65919A0D2F96AA3C01CEE913BB3ED239C3E0CD8DDAB99E4348BF3F8B977B6C43DEBEFBD7721A839A63B94C06A10DB87FCBFA3C2932F8C26F88B
310
6D6BB30C3C4E09AFE40FAB52EFAA1EC0316920E031A46D65A0FFE45A673432E907FBCF86717AC04F2CD0EF512D665FF53F05BFCDC43489F150890C60A8E0314E70A06F619D30D841189CA15D3417F3CD50191AE4396543F0C42BCFD696C58DF163F5B46D708BD5FDDA5E5E5FDF9401BC4F7E00E8A17520833D1CBFF495B5D1
310
CE037C664123EEE74737268B5D1D3DBFDA6AAD8C08DF2C0BC7A737E10AAB2A7B958990CEBF556CDBEE823CB09FB344143463C630CFFF585D330CF0320E921744A7918280FEEF981161008E9FBC78C830217A07B7D6985E83F9A79884ABB5AB383B4D7D788F9FB3D867A2112A43F19042B33A108690CF6F472F8661CFAC9714
310
78757F6E6F2F7AEB82FEA85E5715941778B278281F28C268AB24BDB470EF3303E09C359E9DF1CF990D8A096106E6A66C8620DDE7D281DF0B2831F20439A30D68386CE13E002F7EDA8D7806162B205D6A19AA1FABFD6B1B400EC2BFFDD66FDF7E8755B4883C043F43046C1326136680404F1F934EBDDFDD39CB58A98DF1BD78
310
80E0532E671FA1435E9D6EA5E9071000BE8F262E7C4044FD95D5FD526EB40A05A634775F32205C3D779FDC168CD5E56BF982508BF572BDA4F6F57D3304BE9EB18149461B12F760D7485891CA47CFC44909136FBF4931716A2E100123FC6CCAA6A644F25EDF4AC980B14039009BECE8B798BF69A05DC5B6885CD23F8E13A46F
310
F0C0A986D617F001C52241801E87C2974C31411DA3A5D7B6175472763D637D3E57C33B908F867F4A59CFCA7923375E5F027A983E18BD7BD4E6FDDBB2250C1529F4202EFAAF979DFFB1F2612E87EBEFEC58581EDB9AA95AD1D7C1905F7305BF8182D5BBB524D47C4E3B81CD843220DE1E6536497C0962C225F75A2D6A998303
310
B23FC501F0B3F736EE1FF01200FC8C99F5515207C9C40081DF304C0A17D06E26CCBC5B3C47459308178301FA8057C2C0AE9D99B05F038828B08400F2E3251254DD7EB8BC4853B101F99AB48E387457C96951E5DB670648BAB70A7B04FE93EEC5F5B183F9739C98952C6845C380D401B8FC86E70A20744EC720E09D35955D96
310
A9041720196D183AC2CFE6AEA816652D0234883D788BEC8F5DF2615261DB031C2381092401B48D8D2D870FECEA9C3D99DDB036C8A051058030E32190976718C89F031DFBFF2EEA3D88606A8A19BD0AE305BDFD12BA4FF46F1A0002B07137989C748936E9DB2C91F43B07E4E4D16C3779CF5A4FFE8CC981F07C29E34B7C012A
310
F0054FAEA4A6A3D49D3A16D2B3CF220A029003366663053C89B3FB1827080DEC2780076FBFFD8E39810CB0593CC68B5D9009F2D400418028B0BC6CC74067E7C9CC0C2690FBB084AA5254A12AF63543B35EB40D17B693F7E3464D5094C00AA9E04E0E0524F5C35C5EC6BA94B21AAF2440725E2A9FF94FE7A8F0E769EB83FDEB
310
039B631B18BF396F5C13CF89ACC02C387DA56DC3B1CD84B96CFAAA37B55FE723B611062258257D331F186AC93D8AD600B4FEF4AD777E4BF68F2168FF08C081A37AC13446C859964803961928476D78F68419390D830C1935B5C2A0A22A3AB17D3D6428BF12DC373B8D464E04C0A496BB3B3B75639DCC2500E0F0B15FB6F47B
310
5A7ED0183A87CAE8D535F2EDBD4B3B7FC762DFE65A07C30B2851DB890082ADC07131EEEFA3DB7DD5CD32C0860CA83CD4B7993A175F422A8149B1C1D94C1145059D9C78A8A572A90B7C8B1E3392FF77A80C50220880FF3669004E90F101740D2B808181455A044904674E7482CC3EC85C4BCE339404C0B0BF6A5611E4F9B815
310
7BAB6DE327EC9BFBA1B4557ECB609C1F45326499EFB90EE78F18227F09E563C9E63D847EDB3B68EB9C39E95AC4F7ADCF7D87F6752BB6912040281E4A0D8A8314E80D60470999B8A51FB1488A66A9F3F81FFA61C83F4FA6969E472288FADFD61B005E0EA4284822E018911828E868614DA0C36E11F3A051070BF2F0840E35F2
310
00E2C0C80A776CC9E7E6841C0503D0EDF15ED9AFE527E798D23BEE5F0604E58DFB7099D739BF0BA5D332EF29F1535995BDBD0DE681C4F71DFE6A7AC5A13554AE6910963E9ABC9A0DB5B202225545F5CFACC942B5B93C207352B6E5310BF349AF200175D7DFDF78F6D683B7C87E087FA9B35812C4F8F13452CED610A2207541
310
E6D659A739441F3833CD0C9C3C3DC2B0712F62333C4FA9327C9CA1124904B4FDE0FE21C119776CB0C212AAFBA5CAF80EB43772ADFE77CD9FA8A4144C54C2FB2304C65F62FC3678E4F6C68F30FEE1BE8383CE7DB86F58B1AE0C51F0F055E188D02F00911DDB0991832228B3172B3E623E513FF1734FF414A611A603163F401B
310
EA790FC9FF7FC3FD3DB02DC00184145B850D01D120424DC03C00FCEB7880EEEE939399F1F18DBD4AA54C939899304D913CC2D5CFBC55E50C7FBE4C0E14AEEF53D6843DFF56BE2D554637EA047D3C210E2C61077875FB5B40E19F43AB7470CAFE1C0D3ED3B3B4778D1DF6D4F837C08747180FE8394F2CA1E0A46B6DA62CE2B2
310
DABEDE0B1924098580FC16B369730E9E90541D3730D47FDE16EE1FFAD3419CDA05ED1F2715C607F2E81893AFC5936303F40EB776F1D808BDE393A3FA401E1C706E154C892860AD74A2949C409E28A8FB3349C764D13E4D1D3468952B7B1B35001BF41142CAD58D6011C8B78961EACAB66E9AFBC627673B61FFDA4167950A27
310
4145BF11EA17BA9AA60815C2C43AE1F648E3772E53C94E6364AF826019E723069A8AA353A3BF7FB5359281700061FF64C28C10B9AF0B70B0B0D30A31CD1CFD22F68C76DA1E44558869257892363C091D313EFA46B57C3BEB252E9C6BF5B4799EC58F1910F469E25AA17B343799DB3E33CF410061F96C6D63FA91B1000CEBB7
310
D2971BDD39A2A76361E000F5DBC1688D47CB812DD60F8001AF25B328D173A9E4BAC18CE9F1F628704330741B2649B92E9714447C68559C6CD2F681919367E4811100750058809D0230C087A89FF3C80C23C4C60882E481F48D531764BABD5CCECA308DE2F63D3BB50373D630796126803C2D1FBAC148F7592881B395ED7D26
310
B7DD38D7096AF98841CB37592561D9C6565317AFBE9FC4AF7371E060736C7635E0CBA1809FC80F544DBAA1F2F9393D970D44C0615A0C6930E758B9E63AE690F73045F0C8C0731DE9CD80F718E94652383458799E02C06D328010011C7090D8C5E5336A83D4059953877EA1E1D66FBE994F04608C4C991917230FB61F9AEE18
310
3A40AB9108D032449FD1A7283DD25ED15360EF7EA9303EDDC0043403531EDEAB10DFF87F5E2FD56DF0F1B701A9F614DB17FA0E0EDF6FD0B1622A81FA3D1DE5A33F551930335C353A87F9AB05C60455193448246944A232C5D07636D864CDD7A50D0B4440CDCC465D1C418321F50E1648D500294065D869559EF3C40C8FCC6C
310
323E989AD0F0C73142480B200842802C061008B480A9954AF282052B3AF67350FD0DD30D1F4075AC303A5D490250F5400ACF479656861E4C77AFF327F3EBECA4B57B6B6C8FF62602BF150744656A87DABD7BC6BED50527B2120C001A0B3718C74F0C65CD34F275164D7968148DDF259AB8AD6CA81CDA4E8819509B996A7F64
310
2D987A401A2B04018C01E6C169A8700F9DE3B489DB2BC49C9B7B858A4F50D22AE15428FCA4A1EDB20C83492690CFE361CC7F8C8066FFD0D77AEE797977F468A36E0B0DFC87F90EE6348BC748F7CB73B5B9DD5C6EE7AB19ADBF6DF359F1DC2A0F9E44F213F8041F64274C0859A2AB7C37440FEDDD2F95BE44065F22067E3EA0
310
CC3BD8C0D8194EAB291CCEE20B9CD8E02950AD806080047A279F19024C837C848816719AC4A34DF8F0706CED904E8185753A458A27E4C1E37B5F30A104932BE140E0BF4E400160F320B054A8705042FFC47B4940810173F9C9E97240C7FCC3F3813EA239B745DE9F1B1F3FC2F9330374DBD1A7B475923F9A2ED81716D18D1B
310
577DAAB9D1A0458655AD3CA7E211867AE7C702DCACCD291E0F798013DC01BC326087775C0833E04EA3778FBCB8DA4687A0255CA0AD210C15661E4E92001A4449031D1DD27D327334BE830B64DAD90CBF537A45FBD4E94A7A88888E715B7E74FCD040E818BDC1BF5AC609CCCC015DED23877080FCDC47BD8EF3A7B783A17D33
310
F3ADEB6D6BC7AD75EA7C7852C5B6FDADA6AFEFC2D181C03F8C40DD8A4AB5024F0B72E34B57BC1182472DC80946789AFB711DB7F1193C03C893B0345F420246114D3EA71D04FBA731C0DAB0D3CD311B218F0D5A15ECC105D02F3AC32F13600084731A83220040019B03180634B5923D438300B05BAC80881F061095FED5D572
310
A3323ABD83F1D37A2301A8C930AB3F66ADF7CBEFED30BAAD7D78A06DEB6A87F15491F5AB7E25842B6B34BEFC12C8A159F187C64B3CBD2356DE5FBAB98BBE9583F0E3280C0076DA15BF34C15238145742B07080B1EFB83382F9FEF2239D003541041083C5AF9EF3C8944DC2030BC3ADEDDD9D27475800693049E05413BFB3FE
310
B4308731512F13400D06F813368A0101D8D863EB3E75FCCADED124F532AD3F123F131AB46A93DF1ECE7F96CE9EB6C365C6D6A07EEC461FC919FE288AF7AE1A7D012D291EB073735FF26BBB1C99FB706E972192819B7A34BF22424BEA1CC7958AC2E04BFC8E02DB90A4A1DD04811ACDBC181037864672C78F6C0EC3073A40CC
310
49D5E813593B7002763BC6A909D31AC86F3F6E335C9E1C309BC58F16418642E2AF6B290A34FEDC0CFEE08FCA0F56700699CB73B9C99302AA17BD516D7F1FD755A2B32B3FBE7134D3BEC813195BD355020A7DBB541539CD2C06E45F46FC0EE08293E6C0E1972176D9B678340AA1A4823404EF79B1E2347E47C35D0A2260730E
310
0B513025DC0BD1C07E3366E9B9D17F767405FB531070700035618606F0B40C73C974CFD321B0C174A80C0F3AA54945FFEF348F5488895713E89B5C98DA501E06D8D24FF04FF0CD7ECD7BAA755A854EC6A180AD13BE094E8D5D63BFD6DFA5F5D3E4DB1BA18FD8473DC6E17FFC9832B71A2A94D96E808BB53F9192955D62C82E
310
282B05168AA0927D54AB20A20A74800B7CC9655C8B15F62377CA4C91641F9F4D0478F4FEFDCE273A002CC0A725EC165CE3A149F0333E8E9600B2C05A7D15FD831F0938DBE5D0FF13E3C0F0765965A0961C3FA86DEEB0E28304747BFBA5FCDEE44C23544F7BB7BF7A132DDE34F99E44EC3FEEAE92F667A10F7E90B0E8C6442D
310
F5A5318B0F816311DB2E6DC6F172C363FC800EE09186BB9EC82A24C0117700CD884AA42023B81EA6E0CF8B3056411110D78606EBC5AD5417B45BCC8E61EA01C4006AC233933E35D860BC1B6CB9C9CCCE7840D2E0C1C1FFC11CCE54D59300F2B47D66A10F09D8E24B71B9BDDF98FB62A3B897C53EC88D16D1FFE8C649B17BB8
310
E760EB20B784F52F992544753F2CBF642CD3C9C70D8722C197142C567E74FB431EE248A8F3FC00377F5142144A82FFC28AC2970A780C85A7EE9146FA4B2981F3C93BCB0F3FBCB6DD3DE69C72B6073B99140DE28B8E919D9D9E7C2F5FA99FC1FFD07E9AC0965CDAEA0A945FADE52C791EA989E8E7A21A355FB37E44405D171B
310
98A6E946DB26AE71DBD01FEF07FD378F5B4B518724481820890E7486E3FCE61A60E096D577701890EE07CA5D7F2B086040749FCEF3F81972E510A86359C9BB579883035887542090614E5C4461705D7CA1CF84DB564838606CF1597E8119790D021080C935A908324EDE9F60A04B7830A33F0670CB08605B8D01BF9A3D4356
310
93FAB4FD84EF6754930640C1F9D74B052A7ABBA9F502B39DA3BF6BC7514EA4BEC71D752BFDC198EDA8DFE8F32B3EF811E4576B0A2074B99B070A069F60173E7427BDF285024E35A4418B7A412914F2800F1965C4F1120A2D5D2C64400563D5942044807BE7C738EBF3034C4A6F4D70C04ED1F97673C039FABC4CFF18866E08
310
200BB66BDC9CCDCC3FFD1E43BEFC52C317F0F5E64900FBFCDA4DEE68768FFF46350E0EDADB7B34DBBEDE3776BC55599AF84E312229F931E700D04478D66A0D88D09B2276141AF0F8811C5F8067DC04C0F90929F7F1AC9CCD368488AFB965C97B855A3E2E93AE5B4866502E55991B82D4388614F2C36B8484A5FA06E3EFFA98
310
4A6AF17D5C2073299D9F12FD63826F67FC460E54030981684E9FBFC22009A3006962285FDF4FC84B699FB5BEF3736C6072F6844C15EDF25883037DE6BB7AFAD6AE164B367812FA8CFCA6FA25725D99AEC5C6EDEEC64ADDA2BE0056002032E1D7A20A54CF444E360D520A5B69816C0A953CE0434A8A898BF18E2B704588C01B
310
DB2133342F5404FEE698957C200EF54E31BE6DF4E888C9C67F5F3F1B41F922777E7FA6332677C20098C59F762F5DFE4A23F9801A3BB6F8A4F66E0D40EC867E92DEFCE84C714FC7CE8DD3DD3BDBF9C781B1C3B549FAD2C89D711808CAB100E09700BB85240374A7209212F320CA577222A7020E7824500179FC7096C714884B
310
DFD9499E027ABEB3CB0226CD293CAE6E0C41A6788F396606A073E28CBE5CC67D584D36CA39D37974FE1023253E3FFB007A26F657FFC901D851130DDC2BF54884F20D5D40A0B7E5C7BCC7CC87B84F2ED820192CCE1AABA1FF24ADBE1D03635B5B3B53D4A5F84120125FADC36A0E792D3AD7E255792CD5241A4C84171F110409
310
0017DA493D0A7790A7BDE6DF326180398E4B0DEADA5C2763825E43E05C388E184678C88CE6422606C017F030366981353DF03A753DBF6370879F79889DD0BF75408724DB53C5B0063AB6568D02DC47AE4627B58D7E367A6000267E7840C23A0940B992DB98ED1C4731B4FB4DCFB6D3EAFB6CAC7646F0335C5031888CD74E21
310
03380260AD47176D703960230370FBBF28813524C17FFFBD6288BB28E4F905ADB4A788B40B4A6201C1878BED224DE9906C4C79EF32EE679B9F5D3B5DFA137327320643909A823F62106CB8F9BFE4BFEAFF0FC7A6393EC7F64A698EFF8ACE31BA05ECE6DAB6DF124118D1D13F892F3D3530602E3F3ED3D59DFB821ECFA3D9AE
310
85B1ADAB9E328DE738BF55D5DFD039445AE76D0194180F57B15BEE5F09C07F952F9A10372BC894CF7DA12CF6507E2A8916E0DF430C519485C55D61EFE209912D8C32866214E121611E22A0B1238DB18E86636A3BFAFD5B4EE02FF1E505F902BDF424D0516907BFC95EF3A76B6B3872769D67E25B548F0DA46E2B93DFDFD5F2
310
B9E9EEE1EE1DCC7FBE6380DFBF38A165CAC73DF912AD76A4690D2B766A3EB4AFA2D05BE543EA20B095FB17AE3F1928D84482049B659E671A4763CFA567C08824913D37F2F92F841FC244085C1681225C04AD6DE1684831682CE0D6096B56101C0D4FB3A1BD3F11FC1105AECF5660BD3FEEDF162B0D9DEC6DB55AF27FC98050
310
BDDEDFF63ED14B01336053A19DE9AEF5F5D9E9D9F9E19ECDADCD497BCC57681922F327EB41FF681E17C1921B04FBAE371AC69E53F98183E91B84897A5DB164158BD1D12FF6F6BEF0E02847727BF2628F9FD48B6FB11DF6928C868B29590A0606F92140D0C08850DAA7DD8A5FE8A50389F61288AEB743E9C801BB67DBE0A7F6
310
4F63BC87770FDF57AA73FE1F5A84F8DD3AADDFC32087FBC0A7D645C327B97D65E7A8BBA76DFD9BCEE1B1CDE3F5F7CE4E6DF4013ECD7CB60BD1239E8A4E9A5722AD9C4FAC8F7FF17B214AF8801950430639A08E3ABD05A0D94E253BD5951C885B0CE750309070555FF21F2EF83FF53F4E15038B8D8A244740A5C9CBC120043D
310
A0B323FB1DA0A4EDA268C05A304619505000BE10415DE898809DB6B66896E60AE347ED3D6DC707CB7D5B5BC374A158EDC343D0EA61C217D4878CBBDC1D85686782C3CF4272E7DCFB5E9EF628F5A95AC1AC0C6848F5771329EF8DF2BB79EFEDEC8DBEC72EB7F245287FD4B31008AB38EA4D52F2BF57167159E3004CD8950E21
310
7DDD6F699FC763E9D1A0AECC701F7BD4430A3E030374066938F883C01DE40E7DAFD609345E33570F4CE6BE467FBD7F793B5AF2A9D331D86DBA7BF98067918F9FCDD609A0384B523F4413B574B818C6889FAEFC5E7B8F90CEFD62BC2C85B2478D54DD076635BE434FCADE68B3ECF1C8708E27863DBEC352D87BCC7A92A8E135
310
700CDE65BC114026DE5DB68275E656D2C0D4087293D43BB4C9C14EA83C0D806783B40DD7CD4F19EE9F33801F55A3F1FD600017A6CD5DE607783D5F74E34680E7DAB98D99F6E5B5ABC7F7DF19D8278322F6A97FDB2FADE1539BD945DDF868EE2B8B70D9EDAA45D1BB0A5801198CF1DA891540474745BF0317F8A3703E02510A
310
E94B084221F887FE950272D62D4232781054A87C58D015CD45EBF9B70E60820A2056E9D4D619E8494BBFA68B61EBDD8CF52CCBA124BACD4A4077E8420A7F36FCDAF661E577B792A7E1B7E337C7CF1FDEBB3B49F501F3C7366C1730E793F51FA20A9C3D2E9F18E63DC277449054CEADA36DA0807467D45F8A744E1BDED725A0
310
33868703F1392BBE221158220588F30574A0B0893D0515B0B7C404AD0E7F40C11D504C49BD7DA39A85A19CD7357DFC966E5D92272FF06D59CA5A6A1C8AE30E52F1247C1F1D78F81887F9F3E387075B170F9F5EEE4A7F5BFC69DF02FD8795FCFFAB472E7C88D563DA514861B85BD41594A75F5E866BE69471110A9F75C8609C
310
7E6BF6C7C727431EE3E9E3773D2378C25226E82C08104A57ED273FE0921D6990E02B006BD038263BA360355E8DC446A380F0BA35FA9945A80CF60DFD54054202F91897C241C147D59F8E0FC67CD0F2BF377A3463F8BBBABCFBD6833C57E214AC3F5AE9C2FDE88852968F20337972C7E04EE5658223008AE82D93BC37D8DDD9
310
00BD6B16EF221F0D4149045D740A8A215D4FC186C658E01994B8CCD317465828704BB630DA2243B3B4ADD3EA554A97408454148C04A1A0CAAC2E04033C04073851F54380E0BF2DFFA43FAD3D6B574F2E1E5EF6E5F4FEFBD1CA87C161FCBCF5C7AAE2F726F814027BAE10F79BC3D765D61D1803952210A9AA07F8C6BB2105B6
310
1145B324F96014EF223D4A9261080239F03FF6F4DD4975C183B887E081F7A467A25EAA0C94028FEB808637768B07400A8235D4EF33143253198900E079E3FACB0C59B00F827A5785A6FFE2FCF0C0E6F1714F11CDE5140D931D707950631F3DE877F300002000494441540ADFB08704E252AADE1BD4E8DF55796A32B9B6F177
310
37C67702E5C638682737286CB0E0A89B624D5BF28222432848C9AB8C07170C97B814FF492A61072407D638006F7C8400860444C01B1930A522788045633DFA9507267A3A42BA05925BAD705CDD3792FA23C1075C6EE768A673919EB6C3FCFE7629B7310AA794CC9C0D14A1FB88F95C845BF22543F57996E0B26C9E4C2ADF18
310
7F979F8A55F11B47BC26594C52588518D25E6C2B1CCED231EA1B748F093E5726A21A54C91EF95789041030C20FD5AD68613432E19A4D0DA2505B6BD843516E10BB00AF9AC315EE9FDB39CC1F9EA59CD88F9CD071D470C86C4647FDEDDBB1CDAB81DA94034747A779F4CED497CFF817348F69F52E55490840E48840BA72DB71
310
F3E84F6DA2F4717AA928F153DA6E4C7E8E00363CEC9A2E1C8E65F298FC4A52F087FCDEE5CBA38A80CBE11FF7BC2AFF249203FFAB77A128A001B1987BD334AD9B901890A8C2005B6B248196AD09C0025ED841325B31845032E327C531C839E66DBAB39566B631C2FF0A1DA5A3CC47E665AD8751B47CFE33899DF047C9F3C365
310
E3B11278D49DF939298E09002F6430F9958803309827A7C791048CA070061B7E9A64C557D235F83EE24822E5EAB805F9862F20FC58F483DC0EF02181F572930205107E00E523861895A2811309808F2B6C14B2AA579E893753C155D2F54302007E9FF36AC5FEDBCAD47E182D91A73920CFA5C18E01F8FFF4C3F1FF553BCAD0
310
E58DEF85DD63B91BE38ECE1A9FFC4AD4A1FBA30D462C328C5A0340DFD393D3D3D3C0659195C96990F391EFF4175213BC74C020922D4830FE215E76940962BC0713A3B82784C0CB6623DC40D6E1485BAD454F6892200B225096127FBD82D2B12006BAE2E329C771E25FEBC0DAB3B5395289D56D7A8A89081B34EE06F80F819E
310
FE75C67DEEE95D227E283FE98A7B9F1C97D2D05B4D07A469153C3DA3048EA68FA667A6D90E291C7D7E2D063E4D044964D055F2DBF3E31BB851AE9F78A0A7314F0AD24901F581D74A6929142039C65AF5830D1C809536CDC05E4BA51038F79D713DA930CF18BA3010E385351CF47F74D439BCBC793556A1F99814926AF12835
310
E251C59BEA3C083EC2B2760FEBDF4304C9EB87B35769E1EB24B648542CFA4EBA9EF93CD42F03C08F249A2C98897D8E2225E90077823F4A52171A61219998CED6FA050992B6B0A74A2220ED12123004FB977084208F8E2AFC80F456CB110BCA647A3A0F854085D84FE0052BE31FFE7F925610BAFEC06FC33F9931BF063F39DB
310
3D1BB20EE357F594045F4226131578582CB055A59A073AE0413989D215019B6EB8A21CF154D71164E0D8F4E730C2CD382D098DA5261456A425643686BC8301710F2C50665881399156AA2B4C3191BC555728384800CE10040F746A3D8A80A5F0E500A93456FEC52833BBB45203DACCA37FE1D3EE4B9BF0EC27ED47D89B8266
310
F11EA2DB8B5A8BB93EAEDF0C06B7AD0402B9EAC6E787365535AF19F15158308A9D9785C1BC1C01377F8C6B4D07B50DAD25649764A91DC9812C7B34CA98184084F7C01055466B48058CD44085AF26648520C85C41C67805462D8425680425559F4440F3ABBE1F3F81B1EC72708767DDC8FFB6465796C8FE310FEABE0C9B242A
310
74137EC3E0427091967023299BE5D6D4D0C6D15747DC2AEA4ECC57C72856E827D33CBD319D70FF854369EB841282F84B7CA4881447ACFCB257E252E00FBB3272120A75B99119840858486615636E0E0334031AAA8C08A62E080053A0AAA4158431EC727A084021D41CF5D630C94184F6FE7432E8F5F9A4FCDF3EA7CF136FC2
310
988093F98ED622E38E4976E1BF0CF49D2889E6DF3566719FE1F9B47A2D3BF89C69155DCF24F88C609EE551160F0415900B4C48FB013D8900A9192A700748002924771A3686A0A580FE4009E00ACC090253E280B90AC15048E047020483A038A60ED232831F2CC90498648690D960C48E439F18F4DDBEB0B6F5AC7B7B89F623
310
0243B4FA160A7B9327F3AD5D937C8BFFE5FF8B3A5E64283BEF8EAB9F71159514CFED62DBC880614AA1F7994CCFAE7D8C87057F451733699B8DF87056E1F0654B5021E38097E4E23221B810DE20559AD183A61C2C88A648DB096081E9801CA00BC1DA0124E08DAAC15FD2936905CA8DA1C40E42B13F1764E0C4015EAD7F8BFE
310
C99A310B1B7C0BCC7746D3C0702759C89EAD57122092122D1F857067684A578F1DAB7EAC400841F493A468113282FFE42316CC74C756B1C880FE78795C692813CF4644480EE9B02991BCA257A71861F00666D9410288487618D120D0E80D7773E2B7DD180E100EC98B221C94BFC4FF531A09B986230F1CD08378A8E4D0FDD7
310
D9B1BC75F5C12EAD7FF83F3ED19EB018620303C217A6A35D826E72ABF2D8E2BB1B783F6E48D2E3F360806E1D192085D022103473A10375B63853EC54F500B5B064DBC20945B88160DCF7E4F83A0200BF6FAEAC88E9F54D22D898E43F378D20B51B5D6B1457000922202800DD401A9266483029C0D6D57ED80D42A0E6E08835
310
F0F3AC73D7FAE6D56185F04FC44472B854EB7D9CBF7134DF3DDC35A9F6B38417DD6F508B37C1A718B0D054124176F7222F62DFB327F34D451799D56216880193254FF782D7DDE26C271BF38C6E422E271CE4AB8823C9510F021126A7A944E00DB4031D013C88EA0746C96D4574069BD5439C4110403B40020C30B07A604F1E
310
41D19C21A93FD9002DFC35F23B1E7B98E95E38387E3603FE7393680410D702FF9ED5A3C5E5CE68B5827D721FA78F3A9A0C08A79722D9C9B418F46C0057BB1640C70AA4A03D29CECF33987596D53CFB27B32C3BE304C540E14BF8464E080918268D254838C91A01F0FFB99154FD8A9C0495EAA6534A6C464440B4A71E16100E
310
7405088122A35F7A511DC003D002E6C8E7E15F6D1D2FD09014139EC11FDC89394621F77B9F88EB5A583C41E2FEDBC8F82334494C0BFA97FF3C3A34ADE60385B60E5A30CF036E5E75370BE3B83AE73B3B7DC0BB337DA0045299ED0C66681E4AE223D01B1BC3BD4C921E2005FEB5114739040758189BA8A320067B62A3995E47
310
20055065AC2B4A8006BF8CFCC907C0063EACE41813C5F017065AD46CFDC6FF1BFEE052932CA3478C8E5A6F25DC8503D40F61FC1B047E4DFFE8E84407C81F1AC7B5C79DA358551CD0D13785A9AEB38D6EB68A0A8087FC6543E7471082873CDCE5CBEA1EFC5CC0579469E225428E9A43D6A6000B4219DE52E8DF00A55F4BF503
310
5960661C2DB88AC1F67C2890A93FC420193C8326409E7B595FBBBA9AE1D1511B3F6D65B09AC10A71C2317201A603E88C56CC68C91279E83F5C147787EFE6C675F00941D23EF092920330982DF38C65EDFCA89DA98E8ADDECCD77CB86D85118F3DD9884820B1128010D02F1060F582871CC8FF42024C02239273A1CC3BF71E7
310
70DFB7E96081682803188118B50310BD620234F230B12711B063E0F0490FCDA9248B580D3D3DE944A30CFCF2A1E0F6E59E8FBEA289CCCC943785BB8880ADA9C2FD70F6A13F5418444E3A669273C006C4B4EEEC067827539FFBEA9CFF04D84E7F170480037005AAC8829084329899F90B5E013927F8E646514B4824B01D11F7
310
2C012CEACD163B6358A4454A4221D06E68A71062520649BF9E9127D0772D6E5EADED52FF216BC2FC513C7D3C5CC4C8AF009811826AE20203B076A2AA66D8D32E317DEE0EFC000FCE16D9E0BEB17C74AB009256C5D8AD1CBABBDA61402612C675FBD72D07E633B1A42F2421208CE01397560811204306617A5141706105C9F4
310
984C459F2D0F6C392FA05BED808512B0B9A8A9FC6CED89640EA347D31F0DF76D3D9E61E800FE9F7601BE4C9614A1C58E6C839F13A12D0EB426DE6386B82369A9E6A7F1F9146EB578A2EF4289AA109B4F6CEFEC0463E0072A05CC9DEDEDFE08407B173B8AA65399C80B2911252E6290C82CC1B8909140C11B7AE161B42B9390
310
5045D017E00CED6D27AAA15F2C2179F1E83D411A7020B9408D202381E7E5DEE5A9E7E5CDE3B186433F488AC81554BEC09BC579018ADD1DCB3D9D70F02B14BF9159A4DA376225FE43DA224FED327941705DA582B2FD1BB5DC0540667B650BECDD1D5DDFB0C7F36DEE2B94F6EE2EE4E426F20A1174C31DF153321A24114C4FFF
310
25E505475F6906D4149B21F1BD9D9DF7B059F8E0FD83323CB97991FE80EE131A9003B81C491B218B1D42C0C0D593D9D548003839DC29A740298B0C23F0CE14BB167BD61989AEF0B985C8FAC8F923A73F31953989F0F6C96CA6C4D0A9A88184BEDBBBDA3BBADE77CD8E2FFEDEEF46184A86671D7DDC51417477BE9F04804F30
310
5AC82C2D018A21EA903866A0F959FBD4139916D036635EE03DDB7408BCF0627A03027AD314C09B0A27F0A79490D53839D0DAF1416995CAB24101FA63F75029D57A4CBBA9FB4D120ADB17FB5A999FC9420DFE04FA670430B90FE7F589F7FE8D50A4B5F004CE5F07EB4EA007F8AEAE8E8EF7DB3BE2F81F42166C7246FA9E62D0
310
2C8209BA1024414C483498B50229FD923F2414040B2081390AAC353B5283EADA12A30B1080866D746B9ABF5BC107F33C2A015B275480759334B83AB02175EFD0DEC785DFC505E0064F4EBA5A97073A74C5C9FEC97BD25D819E28AEE661FD2732B8BBFB1BF13441B3C1F45E8AC1752BBF80C113DE960E0AC7D9D02C58C80505
310
A19BA0E84B14402601A590A4AE00A825E98C3212342302EE10FC5100681F86834A2804BC409D70270A2091DCE874B16BE0706C974EB3D26EFEDFFCA6C4579AA4DB781708469F055532A7046C6BEB0CF39F3ED2EC4FBCA3D00EA91CA68FD2B87B5C191E0EB2C300F00A1C9881F263571C6CFD83D079D09F176FAD839340CF03
310
0F70458F81F09AEE1329505150CA0A00576B56C06D58070B23086F685E44232D9D53DE3FC3731044F286D19F459351863F749F1104198D6E14BBC68E17CAE70D7AFD958E350BEBBC70C9C4DFBA075240DA27D40AD7DB063A097DD3F041EDB3E4B682A7A12A548F3393DB01945547175879989302521EEB1431B08759B632B1
310
74E0F700E774FCA1BB83F95029ED1A084288C8893520E49415E00DA080AE8027C34206D35491D050A4C6B080F6A20889A2FF82379AB6234F6710C05F9080ADF002B9C9F9C583AB220F45D618D7E7F7547FB27CED8A8B7A7D24EDA4988B0C1C2A1AFB53FDC61BF3DE50D63C560F0120B0372F0839DDDAF13E583B868717C1CB
310
8CC71D1D7F440CC82184803144196EFD58BBE00B7EE77DE8C015942357FB06FC906A5E2B8882CCF9FFE184B0035A5CF186A962A63F84B3AAEE3D5A2C830008807568B6A9F424086D2095A3E262DBF124350082C4B5DF4704A9D2C93553DE47BD6766B69349610716999FA25854F759CA9792599D3837ACF6247CE8597B0F96
310
0FA3EC45B61715050260C5844FCCFEC9666BC71F875B17E3BCB4CB151405D7D08F846B4CB952248B4603CC402B609E90F0044A007FA800EC46D07A51232B00E5683C55D5096E1374DA4FCBBDE2C25A5B8D26008227CA7758033D7D70DF12CAF7F247939F93F1CC63047D63ADA0B7CC8771B234D8095FCDB577B586D1834062
310
035670E204B245EC093FCBE15626C10D210CB38A13F50E10A0D5C0814B0C4B30AA9858516001669002229618F100767AA3D6D2528595FE7A398C2D2300ED0013A0AE60B91644A057327BD3C36BEBF48C91279B45F8BD145494674AFB211A91977CB838DF35DCB3D6D6AA2FB2784B591ED785DFD7DB77747DAC9D2F7674810E
310
FC2895F9ED8007EC7885101679C06F21E4B1C8A6120956F80518D1DAF1717BEBFB5803E20C6F2A11B2E48AFF4AD2810A70054623E341B3D1ACD92DA91150DE631EEB2C28882D092049C0DD38E262A7BD6F98549930C9D44B7C37028AEA9F8C5628A2BEF5704C0DCB2B428181B1BE766F43014498D2E57791E4C8DA6BD2ABF5
310
003F0C40202E2E32EDFB02852D16C30B7F646B98FDF86C7891690043128B0A0DE6B4EA27F08C30CA34C9D0AA0852A5997F8D11A6EE84E040B20472020256F4AFEBBB74E6705A12083B249089218E6452C8E5A69717E904A3F5EF3D5D08EC1F4D4E85086B238CFFC11AB9AE972CB775616C6D1DE04DDF073B4DE3747C41FBAE
310
6072901CAD0237100670C5A00C2C3CE063610ED824826C1F6650700E88C00B62468903A0D71D3A390255AD7040048348C56C4647413C2C2561216E0C469203EF06A5B101AD40D0E207F78B124747DB5B4BBB4E88B1C373C114E0470B345156EDDBCE1B4DBDF81DBC400746B0B54E05F693707B89A5E430982C2AC7D10DFF11
310
D5B102B9505034B35D07E8E5F585757F088B390F2D4C85CF7218E8418BB4F25B885053D07D5A908326809F31D6CC6B77CC948413B28664484439D118DBAC27DB5AC40C1AD166F25E6A2F0AE82100C0BF220405323E1FF80DFC518CACA8DE1003F3C9FAE9C7B2D60703A0004F8EAEAD2DE0F5485452D15B77B4B67F4C2403B8
310
D8F9C533558ADE058A9E177A1698F75DC0EB4C800F74C0270178C8579C1FACD025F0560844502D2BBC01E620030CB93636C1041636A693949CD80139FD15BE107F905590A292840F8860706D07E2970A2F15E5B13B87C3143CB2930374CC46A6F9B9D7A5CCCC14E11B9E879A49FBE27ADBD6DA82410FBB94FAA8487D61B51F
310
4BE0A03FD08743C31020D6628ED20305A22C2C2FAFA7ED1E7881C438AA5B9035F20759E243C51F34D0D5F02F11403B9E204CC1686C0B6C9000470561519CBE1B0E4FBEAB37A39EE4B84C05F023858779341991F36D9D9F351E7BB3B5ADF00148D9D05784F9AD8B037D48C01BFA83D4247F03BB768BEEF973A14E610090D4B9
310
6B1EEC5C5E66928F28EBEB6CF578B067DD83086081579848E60DFC7684044D8174993C39F886043481F6A2B743B18749E52447CD4D230513032D20D20206E536E15BCF7B7D211634F98FF9986287F33F9A94615A5A0A7CACF8DF5DCC1AC6EF9AF1945EB78E0A2FED1DA2ACC00EF983F9A012260BD722EF61C9DBCDD8719703
310
ECF839029010CA0B9F100B1D2842153E01A1A3837AB579516A31982FD2908A09100DAE591016CBCD4B011A2F4DE299E1338CE065DC4841BF9895D8C81714800CD08F5AD39601BC929B55D291F6CDCEF2AB40DD5D98F4E6F107C47AEE4A09A079C05316F479DAF4C2BAB83221BCC0CE23FE3D3D4C7BC9AB673D89A3677D6020
310
F6E182332028012FA0FBE0B2668FB85485902A8E7FA0BA2105C213E20BC2169211A4BABA7D693C3F1DA961F203694853137073AD5CD25F1C017DE0477626D7BA55B88F83B5EE513C41D814639FD1BF759171F4577D3CAB0C3DFF68B2D3B1F8478C18F67BEBB2598FA76A4545E9E961BACF657E0791D2373030E0EC9FAEDD17
310
BEA7703A738185D08236C407448A4CB504CBF01FF43859D3115488EA01B55078000DF085911805790DE1B41B6F8CB2889C3834FE02AFE07D85143C6C008438A944EA63E047023A7EF37E13B0903AFEA7BBAB9579330FAFDAACD540022980B65A75FBA17D388F1E6576405CCE7032D95BDA420E7DC0EFA320879E5F8B3B04C1
310
D2D9C1114210C19FCC49DC6A855E12010184DB8968109ED016E4683CD552A36B3AFA13BFC2114068935A7E774CD2C7225642B73325938052D8634ABC18DC9442BF9E0402E85B42F9F3273672DA8E8F1070405D1DC3248487574CD98092B8B956E6AFE1566530B78FAE05B4A0DE51FBAF85DD075C7E11939F80E015A58D1F87
310
E400CFFD2306C4D1D3C634380A201545A92BE01F445800BE12302AB477BD6F62600D211232EB061448A0D2B877BB940D63D059C37E0569A83DE93E214F4BD86209FF6F479C640AFF8AF6D1BFD987D029A94DB7C329B4184D4BB013BF912FB88FEEF913071A8D82B651BC10DB067A7EC52FE1B421883144C00F64FA23A11CF7
310
08BF16CA59F18D4C04B8085964B2D8DA4A855187000BE440BC816FFB13374640B0EB1D0998AF38A1AEF503F14302E2811081FC12EA6CD38A63B33035125F40F170C0B0AA45E9FCA38FC6D688D48563B5C4B4B7C359D3C7AE0EFB16ACD5E2FAA47EF8307044B4EBE1C71E84E742D81431FB06B90B600B9C239E277A57C94C42
310
7EE10E7826980C0136600D916A06058CBE8604DB4D314FBC014EDAACD0820F14BF75449B70339490FE5A0491221BF95F949DF1235380E969AABDBE2D32EB4403D3FDF17F42F9A0A7C28ED75BE86BDB7C7EC80C76F86B8800F77B305EB88F00A4352E0F8089EF811EA02A3DF08F7DA008F803BE4B4EF5F41E56087099E92070
310
8C3D720916444440FDFA013D4E1201414123A09290F5BD7AB729298209C4306D007BB0829FD4EC3A6D7E4F00B67DF38CA0764F832F0448E58439B952CB4F70DF964AFA74CCFDBABBDF273E2FF4F56D3DBFF2A78D42FFF2755DF307066497F44062AADFC0CC546F6DCCFECECFA232E14F408F05477D311B683A35BC245FCF8A
310
5CD2AF20022C21022266905A5BCC8B20235D6FF04019CC04058AC80023662E25F342063165956320BE50370F2A657BACC817DDA3DDD3EFE04028645780A768FE38DBA88BF2EF3ADADFC7FEACA952E5A77568ECF0C971DF32BF1D24F8486B22A649EC81B1B60315CBEFC026091CA45F858D7D04C1B437079431E63E38F88075
310
8842E780A9E03791C0FAAFE10012588C3C592FE35461A6047802BA18686887023A422A49599399893103942CF6DA53A8E387825FA0678B261F139F801E2B17C901D0F5217E07AC2401A87D0480F753FBED44FE949C93A1D042B879FCE499B3D861AEB23F9C1F372F0C24D0B7D6E70FE1AAF60F84BAE642D82F0A9F53E22783
310
915518494FDBC0AFAE7DA282E5050B703570E06319A015E00D693A6BEFFAE493941C3B08C13B96BD20D0115A9565701DC58568A3009DA13E965765C03091F0FF339F7309D44F6E61F837F1B1FF920450EB8FC48F9B40158BE89C81A597CFB0DAF5F5755D3886DC13D4479599B583758CBF35663AA234F133F91D3BCCFCE0A7
310
94367F385C59B19431780F1C099131384056616E15A1563B50021D369C593FB292685A68A8B2A50A0A2085CF05434617E05FC24A6B077B990014421A68401AC4D65788EE25F737EB780D08A6E38F060F2ABD889E1B889C44852C2FF368C1E3E710D73B6589EA83F7417B341ADA1F639A23D15298F087AD0326410E116C3A1B
310
325218433C71AE62C07C1480F1C045629724A076A4BB8D622D24690486727F56108D07046DAB065000678E04C4F8C342DE27F4AC102D854F2D08D59B4ED0E4F697B0FF62F113646BC5B7F3131D4EA8BF8B265EA3F2026E7061B96F6DF3D993276B2180B8E57067587428579460551049049B074CF8B1066C7E14C705F0B392
310
98C0997C17F701097023BAC31081390196801FB0C2A12380042927503D5A01CA127F9841B460310639C674BC8CDF1A320501448E0068905B07F6E5602F8C1F07786253438CEC51AE61FDB25FF71B09893AC026A9EAE3F30F369F5D5EAEA5801FBAD3C98B38C13EE017B054F81A56F05259DBDA64FE270B1FC4C77200FE276F
310
E814B916E222575ED717A62A92956504605268408CFE13FD61F84252228376060206802B9550F00B9D47E6AF1022538A752CF4FFF1F5931384A9FF8700EDD4FFA2B93FCBFABB3EA6C607FF714B0B8B04EBBE83B52B246092AB018C0D0002FC490849F1E214AE6FC42009D6D86616C835B65DB9862EFC4480C14137603C3089
310
D0A5588FA27E693DD184131BA4E88C35045ACEF1CDE1A82323C20B842F2419604821196EE8185BC834AD44F8E9B7549A32900196E9ECBBE20FFB4706861AACADBBFD9B56A23FFD3AB8BFACC18B1B5AC0ECD7B6AE2E2E9CCD2BE8AF1B1BC3A813B94107E82DE67A42E7CC7D4A6116700B5B2EE3C338A09B840F07C40A64800D
310
7C605AC42B72227C4C7020AB1F20056E26F542717F56534261DE3766AC10A6ED2D006DD03BA9DBA507AE0510A8B385C92363B9154167F1230C40D76AF6F3BE0CA08F8BA2FFBBCEFB09D0986550E0F0EAE2F2780CDF850CB0F88CFC2815FE87BD83909F474F45DD47F1C821DB2107A8817FD45384F57891B65F2543D0C1E20A
310
89B4A8DF806862AC27C60F6A054627FD344250718AC0FA21CDC4E28DBF2650D1B39D8B8A420C348A4F846E2BE824BF8C45E1DB8EEB52F576F47A75FF95F90FCE0FD3A7A08D48D5B9AFBE3EA658E1676FE3372FB57F0AD8D70ED4AEBA3D4C2BE0AAF1C3AD63A6004D12900CFC481A47430C9EACB390038642C8C41B13303166
310
614210592736B8603AD4FAB17189DBB32F3915F0C380795A089A15228460BDE8E52203527D41B5470901B088D84FF8B3FE2BA7F4FD30ACAB3DE0B7E2FF95807AB0010FFDE3A048F7360F9F3FB9380EE537F16F8673131325D3351A3F664022020811A0FE8C019CA17370725CBFF64132025DA1BE2555102212E80A907FB43E
310
D80A991A8AAC183932C19AE17524B06590B6AD286EB99BAD18FF4BD64BAB519202F992A963648ED30E7521F909F090C0213E367A77D8836BEB6F34D92EDA624183070248351F1A079E5D3E7A9EE81F2CE6678F92E299EE312B6C0572C0A7B5EEE07853612403813152C7125E2022A20C18F855DBAFA399817FC97FB6E1CDCA
310
31D348434ACD0012F0D32A5456B4007E6E92D72B1A4E9971223A42C1042819E4049C0C5801300C0013FA48F8944FBAE71DAFC27F1826FA2304ECDF3F6C10FF47D5C7E49748DDD687DE8E91C09394EE0682A4F84CFD6067EEDF43E67EA46CB2F4070160439245F00343D03BF25D7E2F26FC400A896DBF19FB8D4D0A66DA669C
310
3D608F9CD048A0533621B25690EE19D5D15248E390F042B12C682511B02BFE3E5700E4C9A9B2107A8F45248FA48234FD23005ED1F4EFE80D1320836F04003BF42856D478D1DCA3ABEEE3C68F9F30C3A16E5C238EA5DE3FF37DACC2F8B7980033F47FAC34421EF0418A045394802CE032D61C70023D788136788613887C0011
310
A4EA316E005718AE191F8D0D841B9C679CD2FC478442D005429166F5A24403B1E6ACF3298F388B6D0BA933D92339D48969A5C11F09B4FF017A9900A4F887010C474717E10F36468032FF33F4AD610517777104CD920C3CD15FC5F3B3A0C75BBCA3B00F2724863C10BCD4A0E00736C7981F2F72E4B001438B99714FCFAF713A
310
2603BC710376A1715FC602022202E06FDEBBC680A3DF1C4C095A12C50B554FE7623B50374FB2129DDEA4C392C9188077658C87F55FF92FFA507FF03FC8DFD3F31BDAB46DD51AEB03F7E1B38B8B87CFF47EA1479C3EBAD5C6B382C221C0F1B358B39D76D9D3142C4A20935F541E492E0EF081BA41B3620A8E172B584EA14856
310
32E22A8221CEDAC6110AFA4B6D43E2B76A18AB240BB24337721C9321D2C033B2D3E2641A55A400A28403C12D1DADE39AD23FC5FC08C47A64DC3FF6DFF76B5235124022D7E6D6D5F3CB870F9F31C96FE477FAFE54100068A3A87FA5908A2C08011CF31309C10025B089FEF9C510522B8DC07C30AA469841723A10C08E27F00F
310
7FBC181C083F2809EC3B2B328E294AEAD5A071B3A95C81D2DE3F930372D022C9C793535B92FDAD5426E90490C3C81D000017C6494441544698C416520C1C40C71FC204B22448FD9303782FBA67089A1A7D4CE38E89050FEF5F1E078A4DCCFADA058032C34C1CBC2E1202B1F8962B1A8024F0EB7A11F209E96FB369D4B64202
310
FE7BA230AD24C46413536EAE955B341B726C593B5D4630C0BE822480908522B0D85430230352618DCD4F7BA6D568BF4343801480006658EA3EDCBFFA9702B4FDE9022163C43F9B72B58001A23FCE6F0B3FF0E4E1DDFB9801A6FC42FD0132CC1F2224F89933107AD30B6C9131A53818AE944BE25A70810821C38F098411980E
310
46D108F483DC63F49B91B852351604091D60546702F58A3872A1716411B642C7629C267E64E77719F46B0548FD6BFFFC86A38DBFADFCDF700228C124C8664FAA02BFB1F92B09800876FCE4F2D1C3FB4FD0A44E0106A8DB8079751CBF0BD9340066C3D52BC64706467C05B5A54401BE4A1B0132A55EAC1CCCB10D378A3DFEB9
310
812022327745EF2102886A9142C812A1A2C9708027BB55B7006357459F9C2080E0BC34489FC629510F3017B62D5073E2A2C64048A0A42580E413BA9E08274091A398EA80B5BF31C87BF5ECF8F1C5DDFB4F22AAC181F070AAFDDAE5650C4000516440D8806786D874215149E69ABEC43FF0EFC820FEA112B0522003C84BE03F
310
B76623513B6D840820358B084119B0CEC8C00AE888826339A54091F5FCA513AFE147975BB1A86FC50618D9D74502F0C7C8815AA306602FEE3A5E79E0D7DED1B221001118B73182CD439A092FF801105D1AA14E1918EC282F6260869D55108065988BD67F68E5581720A708051F7C8070F582389C682BE53F2AFD85853F2A01
310
3D21564028E06E79B7A71E43212180A81541EBC88F451E02385100491AB0C4A3BC5309A95911E66D04C0B448366988ECD204C2FC930F8CEE8FA410EE4C25B58DD1B6EBAD83F6196670F7DE635282C0A56A851AB035831725F0471A10FE52097089C80495804100318405F0DFC2136004B4C40705EC9154315129205EC35793
310
0035688F61AC02188250CFA9A980233925F16A117A48CA54DAB6400221976B75D863330942E20EE3B00B08FBB71AA813B0E502FD2B023DF70114E0D7DF2E2EEEDE7B789504200112075478F2FBD6897835C91F0C20782401E801A2F9142700B74805703426023A81CC0BE88B537D0003E0C5181D29EB8D83050964DD258091
310
0A1E7A8138F76253DC01DC2F3824391AD748276C0B0CDF12366625D038603D0003E0266CB42704C8CE7FA7F11B4D59C0BF454A78F8FCF1E50513715D469607031272358F04E0003C90107223A581218F10008B10247CD20D860FF0BF48801040B361808148714764028EAC137E871501EFDD97C89B52107FF1235B0928C562
310
530082573CE137840EFEF82A0BDC602736C595912FBEC69E6A3A26903B3A300C5A098A9E3F1810CDFFBA019D97B4E7A7A075850F2E92569BD960CA7B8304995FD006FC4213BB1448A6F4BFBB3A9F9FC4962D0A1369129B10073771FEDA38B1737B663A71C088D8848027FC3008DAC4E4397A6F76271DFFFCF77D6BD7F1F67D
310
A51E0E08875A6BAFBD6BD7AE52CC04A0B4A2206F650EC412841A48258258E8662C3838FBE21E25172C2A15A4F78D82DCF68A005DCF07047C183E1CE47731BBCCB5469D9169E0D588945BEB637E87802A03D88FB82486210D28FB3B858D13DC7CE75F5E6F3B03C1744D30CC58C7C7A256146853A05243060B850072A7010CA4
310
7CFBF9A1E24F414037B8781E8E9F219A774B36481CB43E48A79819D638C8760D672FAC19FB9D3FC5EA9158DBD0159C27860409682E8FF2595652FE189D2CC2D7C023E944158355806FC320087CC74116030CC376C559C098B93A041C5DDA48AF33827D2327DC761D19C17CC62780D82A170E6CE7415A5E7FE825E053048F88
310
D2AC2A561CA4D4C60098DA28EF1A01382772484698F60C8DD24BF396EA76260542810A625978C03580A9CAB91D10249BE579B0377A3DD15749A45F24C4D81FF3D7D7996F6A1690288008C0FF6CC186DA9D5FC95BB09B1301004B016E707FDFED306A1BE8FA208828F00BF342186839839F1F6FA338DC5A0200FF383DE92614
310
C03A4508DA18F4D85F9354F7E867AA77A42FF49BBE6757A1A7454448D0BFC3C220714FE43A3D8F1547BE10F0BC5A05985AC3C28829A06FE24CD062700601F4AF12AF99099B08E7071DC4626A97C920C3FF96E190C9D1FD7CB6163E800D79E5F3F10A9306C02B799E80F1AB380E0571A584C0370A220C3125000B500900D96F
310
EA40409F980E2083E4EDF4D8D2480AE5667222E020BCDAD4EF19682120818FE18EC7FD6AAD67C03F7DF1955E697456F517AC4F24700C30171C67E9168B109A4F60AFA60F98BE30941BF776DBC7C70792A2FBE98AAA97224F8BEA39B47BFD14A8CD03320DA2B676E3AA397E652E30A42CE2987B7DA1EF7F75242413800A04C0
310
270C62A13372400B435ACD84B8B5009208F5AC73EB149FFF3508E21C2201E0338BE07E50EB47E7FF6D97724A601028C5519073E7978EC88834410450E074DD58AD13A4900103A6444A9CB99103229F0EF8C0C78161EBC68137240734CDCFC349807851E0EB46CE864D2E405ED341B71A390CF2DE20CF5193189E1901E866D0
310
230409684B193D17E2928534D04240937D3C84477494FC5E0FE0B448E35AFC19007926C1C6A6E622FDB8A12E30993C6710E070397C4B26304C0AE38218D19F01FFB15BAE1C0E7E74DF75F2406E373C414E848FF8E500EFAF3C1029C9C0ADAB2313A7426CA9B2C1B9E30032C84EF31A09A88A386F136E8C2F1D582EA0459207
310
015F10F1F001F0B1B7DF7222011EA2001F00BFD36BAEE0850928B08C077030FE3806C880EAA74BCE0863A952812E6008B3A89199C1EE918AF96AF583F1A073B0A355B9D861AF1460DCFB3BFC6B7EFDC834B09700CBED3510E48DC7129041C991F06BA5006CA6B5B34EE21501374E8DFC910042036111EC9C7CFA1C05D48A72
310
70F7F835BF04A4194DA4CF76CEC66718C84CD020D04C412AC848F03E3C61A1C8D50D0EA6838A00376054D3DF61A0E393E1F8B058A6C994093476D601A4A06F0CFD3C0A6BFA910E75CC10400A80FDA93AC9B5EA4303F6C0D188B559086091CC5910137772E14F2376D03181B5CFE74C0EA38440D0AC256D6C4D104CE05302FC
310
C00B60B9CD4D71E08BD40C144A025E60D4C1F45FE846A2105D717EEA84808A5DD90A168E133640311CF05DD870768683F5D2F1800F485AEBE5CABD8FFA3C0BEB33702493AEB551B1EB035EF5C8E5757FA7832141F88E8578A363802B560007AF93D7D470B478C4D00B412D634C9140C4F9275C00DCE8DFE3C7F8C0AFBC5B2C
310
E82E3C3BDF393D4375D50C43CD1C17E3777CD2C170725B7B42B41DF15BFC344DAD089C1E9118522B4A2C60B794E4E8F33081BB7C8CFCEEA0B2015E49D586429C6C78646180B7710E06018A3082243C275F077FBE412C17DE80D3E6B9462C5204C5D980D1DF84A864401C483CD01B143F4A4868087A0F780F37230200A4FBF6
310
AED325114C367C22512750A5C7C3E32D545CE20A0904183BA10015DCAD89864B3E1EE97EBAE8B204266A48E010511838E2FE413FB116E60880C2D8440AC3880DDA6DF6618C138CF1CB2A09637E18D00F80CB0DC05322E31EADB8081C29410903F06BFCDF5AB46024E4A75828056440503C707856EF0C037623DD4922A400E8
310
A6BD75E4D2800905F18450A00CEE88860C8964C7B3F90F56528BA18F71CFBBBCD2D05797E168FC37DB26DBE0DD2EAEF39686C18440820013C1444055402A541400DD362A0A402F1FE51246404E098249FEE30708C10CA0B54601053159480C00BAA9B1223A773234FE72FD5C3BD81804D8D196FE3D5315A0C981D88D04FA01
310
DFC185CA93F9120E1F480B08063364A0A318F08DF95056E4C91F1150D31B011200383502E079EE43CC18603AE2F88FD139C802A739F208E88D06DC78267C448C27C4113C19B0F51B0E9C1C021CF8F9167C6B1F2E10E461002910105D1042792D1CA303F469714C018C23D72179E165049C40E801CB96CF334562E5807291D1
310
E0C70FE6CAD91656715F0E5C5E70F8D7F83290549B1BAA6F781D25180EBCA93EC84E72A74081CE3020789B3790E1A9E478E658C099BECFF01E530E80EC5FE31204ACFF70AF8177A03059240CD074978A002A878BF883FEEC81DD684E406CA630ACFDE87292822A11953710F000885D6F68A67ED40CD772B0828359B753F7CE
310
23D9479AB9845771B389D6A77130F8C134EFC83947392029B10E4425440A84AF0E54825228FC1634D369874739C837A9DDC83C20D320C36042610ECDFA750303710224D01202488012CA847424F8D53F78AB6BECE9B3B35A7F32396AC6B7444566327DBB4DF06FD9616744F4D3A397EB3B0A3FBA8D763702883ED742FE5CD2
310
4146D8E353ACCF811C806AE09914D8446E93840FF4D6C963FF32BFB6AB015D1D3B0C9A0968776F021F21404B6260CF84A14F35180CE20B5E85BDA2EC91FD5A7DBA7E5705F4F0F97AF26CE18E3BA078138202400A62930FA6CC7882F911A92F33E547E64990B0F27323D73B6222863F86425153FA8009361C675554C25382CE
310
148420C8DCC47A20122806CA178A0918C14CBD33440289078A00EC6070184CA9907FD0A1270478E0B325B67C2193694EDB7DD0F3C238447C8A11485562FB4902134E6AC952FD5320A4F7C780882DA9684285CD81D278C0E8FF8DEC9F45D22DC3C2CA99C2728110888799575B6834BF22B0F01EDE72D7F21B672C40F0A97299
310
9E2200B7C91403F9BB3D09C01990819238CBAE5E7510D7D57450507E3DB04AAA0A3C280064E0775380C8C16EEA4834346A04BF0CE847B4B3AF760D06D24BBB267C32E2C9257DE5EB748AD101AF1FD33265E2B674EED8C01A0AC901392211011AC810560F77778E85B13BAFE3E25C95B70919A4862C15928BD8989664AD8638
310
101D009A80F00BDC41AF27602A4BDA0C077E550048E7F1011410F01405045E1C140B4D0E70E0F6E034171C3D6FD12004FCC1FA304312518910356628A4A326EC9ADF5DFFD1B2C0399503F14B4F8E3E0E4E39A06ABCB56A8014687E86E462BDDE5124615ECDB412B7314F62E6E0C76ADEC0F717B360E741960104CF1706CFA1
310
8E0605004B01AE007869B095ED92144A807841EFF2811C047889A04901C809062057192688C92346F97F279449F89B113500BAD282D1DA80A55C27EFFE02C8D4F395003F285B617BBF0831F49B055342DDDD414378E8888E92C16789F269A27C9A221FAA4A0DFDDB9F935B2ECC04DC51481558A69301E0460B02665AC4DD30
310
C03D480866C3409400051811876014C0F294C542821AB045011A3E3F09001FF304E3A0BED05CC11A811B865001769507FC01ADC611F400CF68C7B093606E30F3C7E0F00C1D10C31951C1E2D7252181DA00345842A19130715C736EC9ECE686A712FDB31E4D3E50AB336E5666D7B212C0113C4A4406029709B43D0228F3FBAF
310
49921B19CA0C82A2D5BC4A2079809240F37D3E10F9637607C3983F0458508A98B8B4EFC92AC13530180CF55359500080061DF59B98BB3FEACEE881DC8127F182A885A86FB12B43C590A4380504E32305E3148BBEEB2D2782029765428092545BA5C2C681FC5F8E869C0EE1034A822FF09A12C94084505AA868080303473F81
310
61F7AA0A6610745E280BE4427FB770106F8800EADABA19F453210435BDB2348471B13B65F2FCB554827632C4C44467333E4127095D22092ED492009930413251B5408345065065E415266E20279A40B3F520370BE2050C8360E6BB4601C1673B9BFE007EF5200B6483CD195400A783E6DEA0653515B0FCE8E86D1618FC1EFC
310
15C2E727F24F2A2DAB57326D8D0877D4E298894E7A0C3C7D9CE8A0E2D17AA2020FA1097D6372F2A9F955060FDD467AD0426368C24A8340FD0D6687A76316DEF5179ED9042005A2BF02A5DD810A4DEFA4A8F700EFC50FF4FB8C06410F0303C106ADF8852ACC6A2CA9046E9ED070739339857222CC009E206479886EA26227BF
310
7A341A15C351A8404A6C10080A2140FA4B4E8D9B9A11645899332363FD69887F436A660566964250FD752E787B64BCF8E6C8190DF8EA0C854C062D8A5A1346F810414313E606ECA0AC3A01D6928544029D5F42E202C0CB386F880F7842A31287061F32F3CBE09F2950783394F2F2B23D85386C6F51943E99DD10C8A0000BA9
310
569A14805693274BD0E4F4DC3F28E331EEA91C4F33ABE057889BFB92819187840A08E57A276A8BFCB75B0342668C70C565C8059996D209C2800941A21FB82B2F520BC2E6FE6F1A8827043DE17000DACC8193E78BBB8DF1467978C06F6AFE986123E3A95272CAC122046F4C65C4B88FED2F1CD1D918F7CDBF8903BF1A90057D
310
42F4DC133AF804ACBB58446A0DB78806FC053FA1E45D0AF1112613CC0DD976C5E70AD3282F42725C0D02AC8588DE451B1C01ABF063E7748A3882F0DD484BB78D037F9812240EB88B6034C0AD53E5116D4C6D920C6A89F084E6D0598AD7EB6930CC7B293E27A666E5CDFE9A3FA52FEB3C97976FDAAE9A60008FCA6B33099CF9
310
880D35D419FC687D424378E3099441E110C5B3C6DC311E6653514A67A530D863326C4D8430E0C28024803B5B069B0E60C10EDB6DF087034171DF01F1F3404B27B1056D8C0E56E7CA6056E7798147BE4C2F01CED5987E413AC6A724876DE3F599E0601CE7B9CEF3BEB3671E12DCE8AF9631B8031D3F360B6955DC2342B2A0E4
310
632A00264C0DA002220CFEC3E10D9BADC8904D88DC51928593AA16C91DF6FFF82B3234404C7214D0F8608E0052283EFB2B0563F1D072936C4017706010BCF1B16CDE0C1FA9C777E44E1F5259B0C9BBC8794A82A6C182A3AF56B16921405351FDDC91B5BAAA617860E8D76C97C377FE701A4EB4378FA97C2C8E3CC8950886C6
310
FD93AF70A1F5F676B7ED16CBC56AF5D09110EEB8607CC08A795882358280DDB98AFFE7087C6EB593D62F041CDB4018935238E73F1098100D0C8769818F777057F64C703C6530E142FDF5C837AE1CF66C94C4887D3A3726AB990DEA248F73B5D32C8E04F6714B1E67C53FC52040252E605B322407CBF8C7F05453462A295ABF
310
4D95592DDD76AC23512E9A2DF964715C80DD752CA8E263AC36F02C3C28A133EB22AC8D099BDEFDE28C3E8FFEE3815D5D00C17C00511058354D62443C1A546280E43572A9C661A34FA5891F8E7570608C8DF21DF51DF9D2A84D4501F41B8CD4F4C9DEB2F901E810C0E4CEB6EC08DFB06341C864CF8D0EEE779A606545E1E64A
310
AF30A4324C20FDD3BD558BD966BA994FA915CD162B1978642AD01694E533EC190368A68234657085B5F88E27A0805E04B8BB6A00A51646EE3C10A50FF007FF410F1963CA69BE2002F0F902E701AEC995FD41F83A3F0C3809A3288A083003A6CC2A20E6D703EE48E3777AC07ADD51EB6101603A9FCF17B3D5928F6D742EE7E4
310
CF38AE2B03C5FB39C81D7B2978FAFE85AF3D2710B0582C970F0FEB0E4D1103B8BE2B4D560CA10002FC8F334C891C07B44FE06B2E3ACE5E1E2D1FC32203110ABF9CA0E8381F68EC3C06701328E5A38278A5FCD944CEA5283DA933DF2A2448BD23F1C5D8BE04CC2DC3B43B3EEC29F8B5FF926D11D3E97EBF7FA1BD1E5E5F5FE6
310
D3D972F548547783146ECD84873F377C5820F7F9FCE5E07378D6CBCB7E036DF7F7104079A05B77C6942D1BA95D47424BFC3DB6411009A42E207871B7EE9B06614BBD20F22F7523FB985F3F7068E37600273A3ED0C1CCC380F6EC4AF01CC1CF95E4848B7BF950AD14C44F10460221E02D21D01DAE800F323704C00035DFE97C
310
B37F797D3D1C0E4FBF35EE1E5E9E0E879FBF3DF6F474780A01FB3DAF01FE0C0798218007C2090A3008BA7682A338F4A8804A06CBFE6A80CEC766F49853F15B2F45FCEA3F8250012841315016E75E797EFEEC4ACA6C79F515CF1738F7C36E2406071051043817C9E8C5888D49D0332E800062FF54FA562BF7446CC0BFDFBF86
310
03D1FEFCC9F7FFB5A7F000430755C2D3F72F2D02A022820897ABDD44594475BDCCA4A10AF34C06B08B4AB58BBFAE30999DC66C7CE903A83CF8EB006EEEAA063430F84B05F0ECF644825F5E95073870E72A0771AB89B080022A0C5A9FAF34C89286257FB7BEA000EC65B59750C68E0815B0D9834B15606328F80709DE09018A
310
C2A7817F83F96DB3D562C10A0A31300230CD4200B87F85808BAF64D04600254047F9C14DE93464009E7F5AABB4FDD6D55142A2C0BF1541FCE19C20C899BF4F76AB54B84CB97F88F48ECC029FD253F0C70DF4816B9AC94BCBD653B1A283C4001A0337955E4AFED3FB790B6B1F5EA0B5514074103A38D84280EE0F5F9BE974EA
310
B2D16AB1EA969684B6E4166CA28264B300474C7308D20013B204A65F82970718D05678B3315D442E1C0A327E2F56556040C005D2FAB1326A68A07507C9E46A3648555A7080F5F50219A00E6222E3E0862CE95B5680930530742F1D041805E69B788161F015944D041182B861A2C17F3AF01CF5BFDF6C343F9171F5B004BF59
310
C016719164B888EA206A02AD05E8464D06B48E4381A0E9345FD171625AC22198F57C003BEA5510F81FF78D31C9B033D0030000000049454E44AE426082504B0304140006080800114B975C51464CB48900000043010000360000006662782F38444443373541302D313342452D343544392D384133362D3331384544464441
310
373335442F6469726563746F72792E786D6C9D8F310EC2300C45AF127987122606C71DD918B841D4B851A43646695A717C52A85029031293A5A76FBF6FACEF7DA7264E43906840EF0FA03836E242F406C6DCEE4EA06AC22492573150D1F66C60C640E8938CB705396EEDD86DE9B5042FE27813D640EA63BB001C722AF6E55C
310
B61E4863F58284D5D3F53DD715CE1C3985E63FD7F1B7EBDD617E9F1E504B0304140006080800114B975C25AE1334390700004B1C0000340000006662782F38444443373541302D313342452D343544392D384133362D3331384544464441373335442F6F626A656374732E786D6CDD59EB6FE23810FF57ACDCE72484405B56
310
94550B6D854EDD5D2DDAD37D8B4C30D457E7213BE9E3FEFA1B3B7688D300E93EA4D551A904C719CFFCE63D997E7C49187A225CD02CBD74026FE02092C6D986A6BB4BA72CB6EE85833ECED0946759D1D8E7A01427E4D291CBCE6CBAE35999EBA50DD9E292B5576FAFFF462226297150CCB010978E881F48823D5C16D9868847
310
6F830BECEDB62F5EE0551B6DB23B8EF387D65139E6242D8055584F818AE620B07F8248FE6CEACB0DD6B6B0DFB6E1916DBE12DC6694A6A2C069FC86ABD671C3035CB58E0B83D1E266389EB8E3D128744767C3C0BDBEBD5EB8C17938989FCDE793AB9B898366D37596B15A01394937A0C55767164C7D79A7165FA3D0C5779CA5
310
2989359A5D1B3644D3A544B431B1800D94680D8554B23616C29EC21FD8D60B148B250B6D239CF96E5A6FB6FE0740107DAC940B22AD5C141C74ADB1AFFC6130F5AB554B2F54A004178453CC10A36B8E392808B6560AB2C8486F91A490C44C69D1D06BF20A867DDA97BAB8DC968C49FF7566CAD322F0475208C519FD97F03DF7
310
CDD3802790B6A46971A1852D5E73203199FA6AB1BA170EF5CD0A48B4657807D60262CA4DE1B085D75CC682E5C299FD79BB7E59C9F8D07D78CEB39CF0425A9E7266ED7746830DD302E3EB014A85ABADBB3D2A5F01FA4F807CCD0B9A82E6387D19BD8C8CEC1CA7629BF104B48306C81DC0BF0192976FAEA67EFDF00C212B561E
310
C214DCF627616A89619DDD8074367D02A3CF78A8855BC598814DDFD354FA39180A62192C41BCDFAE5F9CD91282292CC2539881F4F037F5E52582AF8A0EC49B9686BAC26F0F45198769FBD95E577760339CC6B5AA2C190FE13BFE29F85E2D567FAE4ABEC531B9D78EBD205B9AD2029269374316E896CB7F5B7E521E79C7B235
310
66FBA7AD4D311CB3CB64DCE850CB4AAB0529BD0027320D579A512BF714BC9D319C92AC147ABD2B4EC519CB78B47E8D2A17EE3CEB2F6303D561DA003A631924F798D35C62E2CCB4B6EA40E83504050BC35C5BE0AED26AB42E933CC24956A632D4BE35C5361F1067A425025545CD18B6F15A437643B7DB5240F0EA2439B780D4
310
FE6C0857163E8238D6C52F275B8E2189666944210783B3749E601D5083779C6741D836A28C9549B4A50CF24894E0FC00FD9E123433D723797DCEF8A693A06D59C6278D0D49C035B0062493ADAA98AF75CAC9139565A6CA67261B583B741DEACC4607D285CC141D801A6354663EBA81B228B8868AE93A9CBBA3603E7427E7B7
310
E7EEE27A3C999F07E3707EB3B71285C03E5A35F31DA852963996FF150F65B24E316570438A8D37F9878F2A7B5EFA101AFD8BC5627E3EBE1AB841787DE38EC68B897B71159EB9617071B3B85D5C9D87E385CF89C84A1E13E10FFD41644C324F776DF44EC750286B4E273BA3AFB630FFE318DACE0996127FD7205A5B654741D8
310
3788CA47DB2114C78F32454531547D9DEED30AA26D3EBAE2DC3BE3F2C00B07EA130493E16032BC988CC73DC39E3AE987235D970C31749E651165398E69D19D525BC8F464F95DD9C50B8371858DF93F1C22C0ABF76ACDD4F1CCA4998A68827724DA62D9577484D253127766BD1DCB84A02911AA2F7C532FB6680E3C28BFEC2C
310
DD61B654440929F0F758AC6A345A5E00D19C45D0C116728670B28EA85D40F72C8728CA7E1952BD92FF351238C959D51B9FC220181A084C57D465A1926979C413D867848B68B0216AD4718A7ACDBEA9283AB5D6A63EF96EF207E03195D02F84C71CD1BFD8F2C6C1447E2E200C9D8D83F0ECBC56C529B4CC6185ECFD5809DD6A
310
FC1A3D13BA7BE8559CF6D34AA3CCAB0AF18224D0FAE2A2E4BD3CF60CA289B12D23908E0C2D97689CF4CE8252F57CA6EB83C354D377A8246E1C03B52B4D6136D64B903752741AB1D2859A03CA71D73B3CDB607392EA0F47CC5F5E6537DD2F5103A3D33840855D85601D7FAC3ABCB352B76A28F18C8B1842E94A7DBBD7E0111B
310
B2D9377316B9AEB2DED4B6A72AEEA50CA9094C79B18CB4F7F2827DC5A06AE8B8857F57157A7EB5BE94A9CD8381F69E0F8B699BD6E7BB558B0AACF47EFA8BC4883CB728E8D5B9ECA08F90FAB6DCCF095A14B444DF96471EFF2DBA10A3C0C6E80D26C822631406F96483762483FC0DA38A1E1D0A4F885079198C570729F316A1
310
C7D34FD51CB6C06B669E8E1F300CB399EEDFCA1806A990332F1DBD8EFE80D1A99C5EAA8196F708AD9B8E610E2A39BD74C0620B0A1D9AB78611981A382AEAAD112738364E7732E3574FD5BFF78F4974202AEDE5AAF7F4C1454B66391394C2B97AB700755F756336FD7ED10D3B081770B92E8B5A98FDC25E1A0D827989500907
310
93C2470DEF0B9414C7E50A3CB5C782A4D734FFA81D5454DD02F39D1AC937F0BE5A7CF1E5347DF919E5ACDC49751EEB982D4AAEECD459594DAEA660185ACC1CCB2A72FEC1FFC233782D95A05B0A46E0CFB324C952FDE34ABFD642AB077849B5F1CD8050F8235F0D0CF41B80688D05F1F0463CC2026894533946AD90B5F45E07
310
D186DE8D22A40AE0316BFF72817451D418A634A3AD44458DFF11F88F7CED23BDA5B9A131AB041700AED4CDFD855998FA1CE6E5B3FF00504B0304140006080800114B975C21305C64E3000000550100003C0000006662782F38444443373541302D313342452D343544392D384133362D3331384544464441373335442F7265
310
736F75726365732F322F636E782E786D6C4D90CD6E03210C845F0559EA7159B249AB3662C94BF4944B445987A2B078C54FD5BE7D20A5524FB6663E59E391A7EFD5B32F8CC9519861C705300C861617EC0C255F87576027252351FE87010B7AC5199A0C4ADA4865EBD282575D7C53BD0BB72E8A8BC580D199CB162C30E3754A
310
3324F389ABE6BA645A30DDF8A2B3E63B1E31518906EB89EC56EC274C449D71013589E965108761DABF8BB7E37438EE9FCF726CA4921F44BEF32E648CB43D4DC2505D434D24E4D800254B749D6A6F54E32F1EAFF1E4586D25538EB5838EE59FAD626ED516C707F2EB2A39B627EB783450672B44DD01504B0304140006080800
310
114B975CFF15A4A45D000000800000003A0000006662782F38444443373541302D313342452D343544392D384133362D3331384544464441373335442F7265736F75726365732F636E782E786D6C4D8B3B0E80201005AF42B6F75B59F0390B113044D83508C6E30BC6C26AF226F3B8BA6360974DA7271430F523308B2B198F
310
9B80925DB700539227A2FCCB80A18E5640D320F996A81C9F32D6E9129A0D1EF74FCE750E6D57BC7165FBCA07504B0304140006080800114B975C3385C62D4301000056050000300000006662782F38444443373541302D313342452D343544392D384133362D3331384544464441373335442F636E782E786D6CCD94C14E03
310
2110865F6543E27161BBAD461B96261E7C020FC61BCB8E2B7617363018FBF642A5ADC6347A68D2DEC8F091FCFFCCCFF0D5C73814EFE0BCB6A621335A91028CB29D367D4302BE94B7A45809EEACC56F18298C1CA121A94C04EF9D0D532E75F022C390AA8336EB5C94884EB701C193420DD2FB8678F50AA3A432A0EDC0AF6927
310
51D21975E06D700AE27BD423E4F7CA8144E888A8ABFAA6AC16653D7FACEE96F56239BF7EE62C9182B7D60E99D706C1D9E9AAAE948D4713E5549C2540F0E074A69207220EDA68AB0D67F15E701FF59A3E73B89912374D83561263A3985508584608E4C8D9172C384B8E7FF87EB87F3A6888A74E3B5068DDE66C6D981D6BC35E
310
1A8D89F85F17B6E05FE66DFB162D9F6FEE470D676127B3BB4BAE8FD1FD9D84982769FAE1123FC05EDAE9F31F170B6A7589A677CA4EE4996D57601C7CDA88E213504B0304140006080800114B975CC38DEBC77E000000A30000000B0000006662782F636E782E786D6C4D8CD10AC22018465F45FE7B6B6236037558AEF718CD
310
0D99D3B0193D7E1ABBE8EA83C3778EE83EAB476F9B5E2E0609E4D000B2E11147176609799B3007D4299162DCFE6E80C2B05A09158312738AF9B9A3D14E43F6957A17961D72636E2DD30D26F4DAE3133317CC353D634A786FEE46B79499621CAB52E6D72B5BF3EA0B504B0304140006080800114B975CA6D797065F00000082
310
00000007000000636E782E786D6C4DCB3B0E80201045D1AD90E9FD7516806B51190811670C8A61F982B1B0BAC9C97B72CA7B1037C6D3332918DA1E04D2CAC69353902EDB8C20262D23F3F59B81A079470595414B17391D1F19B4730A5583A7ED43BBE4025D9592775E5ADFFA01504B0304140006080800114B975CECFD112D
310
A800000026010000130000005B436F6E74656E745F54797065735D2E786D6C7D4F4B0EC22010BD0A61DF525D18634ABB506FE00510A79458060253536F2FD89D5197F3FED3F68B9BD80362B21E25DFD40D6780DADF2C1AC9671AAA3D677DD75E9E0112CB5A4C928F44E12044D22338956A1F003333F8E814E5331A1194BE2B
310
0362DB343BA13D122055543278D79E6050F344ECBC6478EDCD76CE8EABAE5449AE4298AC56946789C28AAFBEABC53F3EAF09A84A1441B91F0101CD4780756578C173A578FFDDBD00504B0304140006080800114B975C3DEE336E64000000790000001B0000006175746F6465736B2D64657369676E2D7061636B6167652E78
310
6D6C35CBC10E83200C00D05F21DCA56CA76D41FC96062B120735B69A7DBE268BB7777961F8D5AF396893C2ADB70FE7ADA196782C2DF776D7A97B5933C430F15651E5469C55D70F80A4992A3ADC954792C525AE70A1E4D6AD9816CC044FEFDF01FE3FDE907802504B0304140006080800114B975C247EF3F9F40000008E0100
310
003D0000006662782F38444443373541302D313342452D343544392D384133362D3331384544464441373335442F7265736F75726365732F322F636F72652E786D6C8550CB6EC32010FC156BEFF8815DBB893091ED265FD0536F0888831283C5A3EAE71762576A4F3DEDEE3033CB0E397D2D8FEC535AA78CEEA1CA4BC8A4E6
310
46283DF710FC15BD4276A2C41AE37FD120D36C913D24182899AD09EB0E71A3BDD409D546C81D64CE490F197FC4A607C76F7261390B3E32DC3D5F19BFB359E655BEF1280941895DAA44745357252DD04B37B56F7537217C69306AC66A4263370CA86BCF631CCE4379684891C49478B5FC6CE756322F05505CE216950DC2F57B
310
7938E2E658BF7C9022312971DEC69BF7A5E9BA4827C586FE710BABF8DF2D28ED6BBCBB6D0A07B48A9F7B3E5052A474627946176B4A927E03504B0304140006080800114B975CBEABD254F9000000960100003B0000006662782F38444443373541302D313342452D343544392D384133362D3331384544464441373335442F
310
7265736F75726365732F636F72652E786D6C8550CB6EC32010FC156BEFF8815DBB893051E2265FD0536F08360E4A0C118FAA9F5F485CA93DF5B4303B33BB3B6CF7B5DC8A4F745E5B334253D650A0915669338F10C399BC42B1E3CC591B7ED1A03062C111320C9CCDCEC6FB0A496B029A8C1AAB700585F718A090B7F418C1CB
310
0B2EA214312486BF967721AF62C6B2299F3CCE62D46A956A95DCF459A3037E1AA6FEAD1D26424F1D25DDA199C861D8EFC9D01F0FE973DCD79B8E5559CC59D0CBCF74E9500454C0694D7B527784B6EFF5664BBB6DFBF2C1AACCE4CC07976E5E87E6EB803BF4363A899E55CFEE1FD77857FFBB466D424B57D7A7C2036FD2928F
310
0667554E29954784A9E644F937504B0304140006080800114B975C5F33E1EFF3000000B1010000310000006662782F38444443373541302D313342452D343544392D384133362D3331384544464441373335442F636F72652E786D6C8D50CB6EC32010FC156BEFF8859D381126724BFA053DF58680B82831583CAA7E7E2171
310
A5F696D3A2D9196676C8E97BB9155FCA796DCD084D5943A18CB0529B7984182E6880E24489B336FCA14161F8A246C83050323B1BD70D12D60465326AAC541BC8BD57010A714B8F11BCF8540B2F790C89E1AFE5CAC595CFAA6CCA078F92A0975FA9708A072581B675BB4375875AFC5E1F8E6D77C4FD07A932939218B5DCACB4
310
4CEEFAA295033A30F6BAEFA71A35F8E58CBA9E1DD030E11DC2CD70666F6CDAE39E912A8B29F1C1A59BB74FF275CFCA1FC27F99E32A9FC8AC4DC0ED66F85078A04DCA735F5052E502D3B8B79B662E9BFE00504B0304140006080800114B975C24C6BEE554010000DD0200000C0000006662782F636F72652E786D6C8D52CB6E
310
833010FC15E4BB81181ADAC8384AD2E40B7AEACD310EB502363236CAE777798972685A21813DBB33BB3382EE1F751574D2B6CAE81C6DC21805520B53285DE6C8BB1B7E45C19E516B8CFBD18602CD6B99A31E468C96D6F8668284D14EEA1ED5A69013C8DB563A14880A0E396AC597AC79C8BD838EF61E365CDC7929C34D38F6
310
31EABD2A26AA2A404DDD94B4885DB2D3F63DC94E985C5282D3E3E6848FD9E180B3EDF90897F3217E4B69D4931975AA9EA70B2BB993056224265B1CA798241FF1DB8EA4BBE4E593467D27A3ADB3E0791ADABB43EC767DD068C4577ABE29FED6F34ABB844C7A23A3456C03EB0D0546A33E1FF80CE1AD3384C1909FE3D76AB670
310
07A893C2199B42A5307E2975BCF212A4E36078683456417910F84D873CD179AE0141715DC26ADCC1F1EA5D3F7DBD53232DEEDC23D0C6D6BC5A961B575CDECBA095A5992E4C65EC7FD8B3D539CCA8FF31D937504B0304140006080800114B975C2179641408010000B201000008000000636F72652E786D6C8D50CB6EC32010
310
FC15B477FCC0AEDD4498C876932FE8A9376A888B62836570D4FE7D21A6527BEB696166766776E9E9739ED05DAE5619DD409E6480A41E8C507A6C607357FC0CE8C4E86A8CFB2503A4F92C1B0830303AAE665B223418EDA40EA8364246905B2B1DA061F28F06ECF021679EF0CD7985BD250B1F6E7C94499EEC3A469D9A7F5A87
310
557227053092910A672526C56B763892F2583CBDD1342819DD3625A29512DE5D5D955C815DEABE7A29EA1E934B4970D9E53DEEEAB6C57575EEFCE7DC668792A6A19951EB56BF731CE2733A64F93DF8D274A7187D37668A021F4A20A3A72F60194D03F127F4B6887F8456DA15240EDC3B2CB0DC077A10DE385CD097C7797D0D
310
D766DF504B01021400140006080800114B975C0000000000000000000000003700000000000000000000000000000000006662782F38444443373541302D313342452D343544392D384133362D3331384544464441373335442F617474726962757465732E62696E504B01021400140006080800114B975C00000000000000
310
00000000003500000000000000000000000000550000006662782F38444443373541302D313342452D343544392D384133362D3331384544464441373335442F76657274696365732E62696E504B01021400140006080800114B975CF270F13306000000040000003600000000000000000000000000A80000006662782F38
310
444443373541302D313342452D343544392D384133362D3331384544464441373335442F747269616E676C65732E62696E504B01021400140006080800114B975CB5A795FFE3790000DE7900004200000000000000000000000000020100006662782F38444443373541302D313342452D343544392D384133362D33313845
310
44464441373335442F7265736F75726365732F322F305F67656E657269632E706E67504B01021400140006080800114B975C51464CB489000000430100003600000000000000000000000000457B00006662782F38444443373541302D313342452D343544392D384133362D3331384544464441373335442F646972656374
310
6F72792E786D6C504B01021400140006080800114B975C25AE1334390700004B1C00003400000000000000000000000000227C00006662782F38444443373541302D313342452D343544392D384133362D3331384544464441373335442F6F626A656374732E786D6C504B01021400140006080800114B975C21305C64E300
310
0000550100003C00000000000000000000000000AD8300006662782F38444443373541302D313342452D343544392D384133362D3331384544464441373335442F7265736F75726365732F322F636E782E786D6C504B01021400140006080800114B975CFF15A4A45D000000800000003A00000000000000000000000000EA
310
8400006662782F38444443373541302D313342452D343544392D384133362D3331384544464441373335442F7265736F75726365732F636E782E786D6C504B01021400140006080800114B975C3385C62D430100005605000030000000000000000000000000009F8500006662782F38444443373541302D313342452D3435
310
44392D384133362D3331384544464441373335442F636E782E786D6C504B01021400140006080800114B975CC38DEBC77E000000A30000000B00000000000000000000000000308700006662782F636E782E786D6C504B01021400140006080800114B975CA6D797065F000000820000000700000000000000000000000000
310
D7870000636E782E786D6C504B01021400140006080800114B975CECFD112DA80000002601000013000000000000000000000000005B8800005B436F6E74656E745F54797065735D2E786D6C504B01021400140006080800114B975C3DEE336E64000000790000001B00000000000000000000000000348900006175746F64
310
65736B2D64657369676E2D7061636B6167652E786D6C504B01021400140006080800114B975C247EF3F9F40000008E0100003D00000000000000000000000000D18900006662782F38444443373541302D313342452D343544392D384133362D3331384544464441373335442F7265736F75726365732F322F636F72652E78
310
6D6C504B01021400140006080800114B975CBEABD254F9000000960100003B00000000000000000000000000208B00006662782F38444443373541302D313342452D343544392D384133362D3331384544464441373335442F7265736F75726365732F636F72652E786D6C504B01021400140006080800114B975C5F33E1EF
310
F3000000B10100003100000000000000000000000000728C00006662782F38444443373541302D313342452D343544392D384133362D3331384544464441373335442F636F72652E786D6C504B01021400140006080800114B975C24C6BEE554010000DD0200000C00000000000000000000000000B48D00006662782F636F
310
72652E786D6C504B01021400140006080800114B975C2179641408010000B20100000800000000000000000000000000328F0000636F72652E786D6C504B050600000000120012002D060000609000000000
  0
XRECORD
  5
18F
102
{ACAD_REACTORS
330
18A
102
}
330
18A
100
AcDbXrecord
280
1
270
1
271
1
  0
XRECORD
  5
18E
102
{ACAD_REACTORS
330
18A
102
}
330
18A
100
AcDbXrecord
280
1
270
1
271
1
  0
XRECORD
  5
190
102
{ACAD_REACTORS
330
18A
102
}
330
18A
100
AcDbXrecord
280
1
270
1
271
1
  0
XRECORD
  5
18D
102
{ACAD_REACTORS
330
18A
102
}
330
18A
100
AcDbXrecord
280
1
270
1
271
1
  0
CELLSTYLEMAP
  5
665
102
{ACAD_REACTORS
330
664
102
}
330
664
100
AcDbCellStyleMap
 90
3
300
CELLSTYLE
  1
TABLEFORMAT_BEGIN
 90
5
170
1
 91
0
 92
32768
 62
257
 93
1
300
CONTENTFORMAT
  1
CONTENTFORMAT_BEGIN
 90
0
 91
0
 92
512
 93
0
300

 40
0.0
140
1.0
 94
5
 62
0
340
11
144
6.0
309
CONTENTFORMAT_END
171
1
301
MARGIN
  1
CELLMARGIN_BEGIN
 40
1.5
 40
1.5
 40
1.5
 40
1.5
 40
4.5
 40
4.5
309
CELLMARGIN_END
 94
6
 95
1
302
GRIDFORMAT
  1
GRIDFORMAT_BEGIN
 90
0
 91
1
 62
0
 92
-2
340
0
 93
0
 40
1.125
309
GRIDFORMAT_END
 95
2
302
GRIDFORMAT
  1
GRIDFORMAT_BEGIN
 90
0
 91
1
 62
0
 92
-2
340
0
 93
0
 40
1.125
309
GRIDFORMAT_END
 95
4
302
GRIDFORMAT
  1
GRIDFORMAT_BEGIN
 90
0
 91
1
 62
0
 92
-2
340
0
 93
0
 40
1.125
309
GRIDFORMAT_END
 95
8
302
GRIDFORMAT
  1
GRIDFORMAT_BEGIN
 90
0
 91
1
 62
0
 92
-2
340
0
 93
0
 40
1.125
309
GRIDFORMAT_END
 95
16
302
GRIDFORMAT
  1
GRIDFORMAT_BEGIN
 90
0
 91
1
 62
0
 92
-2
340
0
 93
0
 40
1.125
309
GRIDFORMAT_END
 95
32
302
GRIDFORMAT
  1
GRIDFORMAT_BEGIN
 90
0
 91
1
 62
0
 92
-2
340
0
 93
0
 40
1.125
309
GRIDFORMAT_END
309
TABLEFORMAT_END
  1
CELLSTYLE_BEGIN
 90
1
 91
1
300
_TITLE
309
CELLSTYLE_END
300
CELLSTYLE
  1
TABLEFORMAT_BEGIN
 90
5
170
1
 91
0
 92
0
 62
257
 93
1
300
CONTENTFORMAT
  1
CONTENTFORMAT_BEGIN
 90
0
 91
0
 92
512
 93
0
300

 40
0.0
140
1.0
 94
5
 62
0
340
11
144
4.5
309
CONTENTFORMAT_END
171
1
301
MARGIN
  1
CELLMARGIN_BEGIN
 40
1.5
 40
1.5
 40
1.5
 40
1.5
 40
4.5
 40
4.5
309
CELLMARGIN_END
 94
6
 95
1
302
GRIDFORMAT
  1
GRIDFORMAT_BEGIN
 90
0
 91
1
 62
0
 92
-2
340
0
 93
0
 40
1.125
309
GRIDFORMAT_END
 95
2
302
GRIDFORMAT
  1
GRIDFORMAT_BEGIN
 90
0
 91
1
 62
0
 92
-2
340
0
 93
0
 40
1.125
309
GRIDFORMAT_END
 95
4
302
GRIDFORMAT
  1
GRIDFORMAT_BEGIN
 90
0
 91
1
 62
0
 92
-2
340
0
 93
0
 40
1.125
309
GRIDFORMAT_END
 95
8
302
GRIDFORMAT
  1
GRIDFORMAT_BEGIN
 90
0
 91
1
 62
0
 92
-2
340
0
 93
0
 40
1.125
309
GRIDFORMAT_END
 95
16
302
GRIDFORMAT
  1
GRIDFORMAT_BEGIN
 90
0
 91
1
 62
0
 92
-2
340
0
 93
0
 40
1.125
309
GRIDFORMAT_END
 95
32
302
GRIDFORMAT
  1
GRIDFORMAT_BEGIN
 90
0
 91
1
 62
0
 92
-2
340
0
 93
0
 40
1.125
309
GRIDFORMAT_END
309
TABLEFORMAT_END
  1
CELLSTYLE_BEGIN
 90
2
 91
1
300
_HEADER
309
CELLSTYLE_END
300
CELLSTYLE
  1
TABLEFORMAT_BEGIN
 90
5
170
1
 91
0
 92
0
 62
257
 93
1
300
CONTENTFORMAT
  1
CONTENTFORMAT_BEGIN
 90
0
 91
0
 92
512
 93
0
300

 40
0.0
140
1.0
 94
2
 62
0
340
11
144
4.5
309
CONTENTFORMAT_END
171
1
301
MARGIN
  1
CELLMARGIN_BEGIN
 40
1.5
 40
1.5
 40
1.5
 40
1.5
 40
4.5
 40
4.5
309
CELLMARGIN_END
 94
6
 95
1
302
GRIDFORMAT
  1
GRIDFORMAT_BEGIN
 90
0
 91
1
 62
0
 92
-2
340
0
 93
0
 40
1.125
309
GRIDFORMAT_END
 95
2
302
GRIDFORMAT
  1
GRIDFORMAT_BEGIN
 90
0
 91
1
 62
0
 92
-2
340
0
 93
0
 40
1.125
309
GRIDFORMAT_END
 95
4
302
GRIDFORMAT
  1
GRIDFORMAT_BEGIN
 90
0
 91
1
 62
0
 92
-2
340
0
 93
0
 40
1.125
309
GRIDFORMAT_END
 95
8
302
GRIDFORMAT
  1
GRIDFORMAT_BEGIN
 90
0
 91
1
 62
0
 92
-2
340
0
 93
0
 40
1.125
309
GRIDFORMAT_END
 95
16
302
GRIDFORMAT
  1
GRIDFORMAT_BEGIN
 90
0
 91
1
 62
0
 92
-2
340
0
 93
0
 40
1.125
309
GRIDFORMAT_END
 95
32
302
GRIDFORMAT
  1
GRIDFORMAT_BEGIN
 90
0
 91
1
 62
0
 92
-2
340
0
 93
0
 40
1.125
309
GRIDFORMAT_END
309
TABLEFORMAT_END
  1
CELLSTYLE_BEGIN
 90
3
 91
2
300
_DATA
309
CELLSTYLE_END
  0
DICTIONARY
  5
6BB
330
C
100
AcDbDictionary
280
1
281
1
  3
WRITTEN_BY_EZDXF
350
6BC
  0
DICTIONARYVAR
  5
6BC
330
6BB
100
DictionaryVariables
280
0
  1
1.4.4 @ 2026-08-16T04:41:51.875695+00:00
  0
ENDSEC
  0
SECTION
  2
ACDSDATA
 70
2
 71
8
  0
ACDSSCHEMA
 90
0
  1
AcDb_Thumbnail_Schema
  2
AcDbDs::ID
280
10
 91
8
  2
Thumbnail_Data
280
15
 91
0
101
ACDSRECORD
 95
0
 90
1
  2
AcDbDs::TreatedAsObjectData
280
1
291
1
101
ACDSRECORD
 95
0
 90
2
  2
AcDbDs::Legacy
280
1
291
1
101
ACDSRECORD
  1
AcDbDs::ID
 90
3
  2
AcDs:Indexable
280
1
291
1
101
ACDSRECORD
  1
AcDbDs::ID
 90
4
  2
AcDbDs::HandleAttribute
280
7
282
1
  0
ACDSSCHEMA
 90
1
  1
AcDbDs::TreatedAsObjectDataSchema
  2
AcDbDs::TreatedAsObjectData
280
1
 91
0
  0
ACDSSCHEMA
 90
2
  1
AcDbDs::LegacySchema
  2
AcDbDs::Legacy
280
1
 91
0
  0
ACDSSCHEMA
 90
3
  1
AcDbDs::IndexedPropertySchema
  2
AcDs:Indexable
280
1
 91
0
  0
ACDSSCHEMA
 90
4
  1
AcDbDs::HandleAttributeSchema
  2
AcDbDs::HandleAttribute
280
7
 91
1
284
1
  0
ACDSRECORD
 90
0
  2
AcDbDs::ID
280
10
320
22
  2
Thumbnail_Data
280
15
 94
2017
310
89504E470D0A1A0A0000000D49484452000001000000007808030000002AAADC4C00000300504C5445212830FFFFFF2128300000000000000000000000000000000000000000000000000000330000660000990000CC0000FF0033000033330033660033990033CC0033FF0066000066330066660066990066CC0066FF0099
310
000099330099660099990099CC0099FF00CC0000CC3300CC6600CC9900CCCC00CCFF00FF0000FF3300FF6600FF9900FFCC00FFFF3300003300333300663300993300CC3300FF3333003333333333663333993333CC3333FF3366003366333366663366993366CC3366FF3399003399333399663399993399CC3399FF33CC00
310
33CC3333CC6633CC9933CCCC33CCFF33FF0033FF3333FF6633FF9933FFCC33FFFF6600006600336600666600996600CC6600FF6633006633336633666633996633CC6633FF6666006666336666666666996666CC6666FF6699006699336699666699996699CC6699FF66CC0066CC3366CC6666CC9966CCCC66CCFF66FF0066
310
FF3366FF6666FF9966FFCC66FFFF9900009900339900669900999900CC9900FF9933009933339933669933999933CC9933FF9966009966339966669966999966CC9966FF9999009999339999669999999999CC9999FF99CC0099CC3399CC6699CC9999CCCC99CCFF99FF0099FF3399FF6699FF9999FFCC99FFFFCC0000CC00
310
33CC0066CC0099CC00CCCC00FFCC3300CC3333CC3366CC3399CC33CCCC33FFCC6600CC6633CC6666CC6699CC66CCCC66FFCC9900CC9933CC9966CC9999CC99CCCC99FFCCCC00CCCC33CCCC66CCCC99CCCCCCCCCCFFCCFF00CCFF33CCFF66CCFF99CCFFCCCCFFFFFF0000FF0033FF0066FF0099FF00CCFF00FFFF3300FF3333
310
FF3366FF3399FF33CCFF33FFFF6600FF6633FF6666FF6699FF66CCFF66FFFF9900FF9933FF9966FF9999FF99CCFF99FFFFCC00FFCC33FFCC66FFCC99FFCCCCFFCCFFFFFF00FFFF33FFFF66FFFF99FFFFCCFFFFFF0000000D0D0D1A1A1A2828283535354343435050505D5D5D6B6B6B787878868686939393A1A1A1AEAEAEBB
310
BBBBC9C9C9D6D6D6E4E4E4F1F1F1FFFFFF0000000000000000000000000000000000000000000000000000000000002E4550F10000046B4944415478DAED9D5B9AA4200C85B38F5E6EAFD4459CF7E9AFC62A090918D0D204E165EA623BF21B0E490816D16CB3D51ABCB6CB00D8DFA27260E11B349E0C86F37F1380A3FB7F13
310
80266B3974D4DE39060780E702003B064E011404F914E33669FDC80098D263C421D0720E7700BEEF9C380770B5E335008056C398004604800100A00F40BB2E1A01C01180CA0C807663F10AA0703DD56930795F1B07B5B9D4B906D43D0158A570FD2A1C802D340716E4D70FD48D5B052034D33380A4FBFC9572A4E1BF083704
310
D2CEBE2C20FD90DD44EC091728E2106051207BC9E239605FB941D910F01F0E8BFE670414DBAFF4A70600EE01E4D79ABE30BAC3E91F1A23CCDB0168FD7F7D2254C0E009233123C8D9C3350091AC0669D6302400D513DABE6B8881C602D0911C720E4053245501BA73633D00707B56B8120C9C06006E87403A02A820027D8993
310
80000EAB60CF82F86000B8236489A27D0000E9CBD63C46B4279D5400E415000A0680E634684400FC2663B305EA592112003E67700DE0BC2532910F782600EDCFBD03588413F0FAF0A0054031059FF98024FE050B0FE99006BCDBB22C8E00400350487C9D04009574AA8395A142477BAA04CAD360CD7BF400405C455F994425
310
2BEC07807CA338E8860E4019453D003CAD0C4179570D7B1212AB8EC604B0B736A8DDFD356F486C052D2E006B551F0F20284F2E757851BE2A446C97FDF11B08D9A201515C0B684AF9BCBB0F26864F01B0F67BBB7611F0B444151101BCFB0FCA4A0840684A8DC504B0264B0824EA1FEA000AA1634000EFCB6E0420165F2F0770
310
4E3DF07B0624680060B0800DC08D9BA68E5980E83F6DBAA04583201DC0DD430007002815304852422980250740C101A01100FC0280F97836716B2550AB5FA8E5037C0368DE39A1AE9A7ED26A06002C88BC1540E7C6D6D7A7BF7F4DA64FF48C905B00040B045D067F7F7E7E850294ABC45C03C87C3AEEF195AA1A483F190513
310
C15E0079FD30378068007AD68620A260E4A5B40E1D21BD12B0134036965303B0BBC2D75B00985E774D839B1F4F3CB001D501380B86D414CEBA8865C80AABA190D10278388C3B2D405C31D9B2E2A4D834C86E0147EBB04E8F059A01F09DD159FF23A6C4DA01A01257697BD13D00A86E0B6B04C0B607911619380470A605102B
310
2C208A01E04C0B2806861A008419028D29C362B4E413C0EE10586074038CA8055AFF1AB0FC2F8D3A9AACCD7DDF2022F8F7CF0275D7E7204F92B26840320634AF297F2A50566F83C6FCE2E51650C42E6FCCF22C00F51291E34FC64335CBEE6008D427B80E0B30EE1C0EB2383A010CA301BD00BEA901E4530306B580AF0308EB
310
087D6308404334BC08227B1009EDDDE5302248480B03C4AA47B6E56A02D00168BBB7C7D2801D71B819C0310D509F122BA741E4E532E4C702886D0B6DB5801C80F6ACA53D008182A1EE69D033800B86409CA7CBB7CF02DA107852303402808B5D618716D03D0B344C83235A00B4292FA406745AC03800BE9F111AE627360C1A
310
A05A40BAB024F61406CF070C00C0E9AF0CCDDF199A009E3D04AE0B86669B6DB6D9669B6DB6D9661BB5FD03DDCFC5297A2B8E590000000049454E44AE426082ECF00DC04D107CFB0F2DBDFEA7B65E09E0EDBF36B7DB6EBBEDB66CFB076596409D60A11C590000000049454E44AE426082
  0
ENDSEC
  0
EOF
