  0
SECTION
  2
HEADER
  9
$ACADVER
  1
AC1032
  9
$ACADMAINTVER
 90
4
  9
$DWGCODEPAGE
  3
ANSI_936
  9
$LASTSAVEDBY
  1
20607
  9
$REQUIREDVERSIONS
160
0
  9
$INSBASE
 10
0.0
 20
0.0
 30
0.0
  9
$EXTMIN
 10
0.0
 20
0.0
 30
0.0
  9
$EXTMAX
 10
420.0000000000001
 20
297.0
 30
0.0
  9
$LIMMIN
 10
0.0
 20
0.0
  9
$LIMMAX
 10
420.0
 20
297.0
  9
$ORTHOMODE
 70
0
  9
$REGENMODE
 70
1
  9
$FILLMODE
 70
1
  9
$QTEXTMODE
 70
0
  9
$MIRRTEXT
 70
1
  9
$LTSCALE
 40
1.0
  9
$ATTMODE
 70
1
  9
$TEXTSIZE
 40
3.5
  9
$TRACEWID
 40
1.0
  9
$TEXTSTYLE
  7
STANDARD
  9
$CLAYER
  8
0
  9
$CELTYPE
  6
ByLayer
  9
$CECOLOR
 62
256
  9
$CELTSCALE
 40
1.0
  9
$DISPSILH
 70
0
  9
$DIMSCALE
 40
1.0
  9
$DIMASZ
 40
4.08
  9
$DIMEXO
 40
0.0
  9
$DIMDLI
 40
3.75
  9
$DIMRND
 40
0.0
  9
$DIMDLE
 40
0.0
  9
$DIMEXE
 40
2.0
  9
$DIMTP
 40
0.0
  9
$DIMTM
 40
0.0
  9
$DIMTXT
 40
3.5
  9
$DIMCEN
 40
2.5
  9
$DIMTSZ
 40
0.0
  9
$DIMTOL
 70
0
  9
$DIMLIM
 70
0
  9
$DIMTIH
 70
1
  9
$DIMTOH
 70
1
  9
$DIMSE1
 70
0
  9
$DIMSE2
 70
0
  9
$DIMTAD
 70
1
  9
$DIMZIN
 70
0
  9
$DIMBLK
  1

  9
$DIMASO
 70
1
  9
$DIMSHO
 70
1
  9
$DIMPOST
  1

  9
$DIMAPOST
  1

  9
$DIMALT
 70
0
  9
$DIMALTD
 70
3
  9
$DIMALTF
 40
0.0393700787401575
  9
$DIMLFAC
 40
10.0
  9
$DIMTOFL
 70
1
  9
$DIMTVP
 40
0.0
  9
$DIMTIX
 70
0
  9
$DIMSOXD
 70
0
  9
$DIMSAH
 70
0
  9
$DIMBLK1
  1

  9
$DIMBLK2
  1

  9
$DIMSTYLE
  2
ISO-25
  9
$DIMCLRD
 70
0
  9
$DIMCLRE
 70
0
  9
$DIMCLRT
 70
0
  9
$DIMTFAC
 40
1.0
  9
$DIMGAP
 40
1.524
  9
$DIMJUST
 70
0
  9
$DIMSD1
 70
0
  9
$DIMSD2
 70
0
  9
$DIMTOLJ
 70
0
  9
$DIMTZIN
 70
0
  9
$DIMALTZ
 70
0
  9
$DIMALTTZ
 70
0
  9
$DIMUPT
 70
0
  9
$DIMDEC
 70
2
  9
$DIMTDEC
 70
2
  9
$DIMALTU
 70
2
  9
$DIMALTTD
 70
3
  9
$DIMTXSTY
  7
STANDARD
  9
$DIMAUNIT
 70
0
  9
$DIMADEC
 70
2
  9
$DIMALTRND
 40
0.0
  9
$DIMAZIN
 70
0
  9
$DIMDSEP
 70
44
  9
$DIMATFIT
 70
3
  9
$DIMFRAC
 70
0
  9
$DIMLDRBLK
  1

  9
$DIMLUNIT
 70
2
  9
$DIMLWD
 70
-2
  9
$DIMLWE
 70
-2
  9
$DIMTMOVE
 70
0
  9
$DIMFXL
 40
1.0
  9
$DIMFXLON
 70
0
  9
$DIMJOGANG
 40
0.7853981633974483
  9
$DIMTFILL
 70
0
  9
$DIMTFILLCLR
 70
0
  9
$DIMARCSYM
 70
0
  9
$DIMLTYPE
  6

  9
$DIMLTEX1
  6

  9
$DIMLTEX2
  6

  9
$DIMTXTDIRECTION
 70
0
  9
$LUNITS
 70
2
  9
$LUPREC
 70
2
  9
$SKETCHINC
 40
1.0
  9
$FILLETRAD
 40
0.0
  9
$AUNITS
 70
0
  9
$AUPREC
 70
2
  9
$MENU
  1
.
  9
$ELEVATION
 40
0.0
  9
$PELEVATION
 40
0.0
  9
$THICKNESS
 40
0.0
  9
$LIMCHECK
 70
0
  9
$CHAMFERA
 40
0.0
  9
$CHAMFERB
 40
0.0
  9
$CHAMFERC
 40
0.0
  9
$CHAMFERD
 40
0.0
  9
$SKPOLY
 70
0
  9
$TDCREATE
 40
2461269.5290972223
  9
$TDUCREATE
 40
2461147.122554595
  9
$TDUPDATE
 40
2461269.5291087963
  9
$TDUUPDATE
 40
2461154.146122685
  9
$TDINDWG
 40
0.1134027894
  9
$TDUSRTIMER
 40
0.1134027894
  9
$USRTIMER
 70
1
  9
$ANGBASE
 50
0.0
  9
$ANGDIR
 70
0
  9
$PDMODE
 70
0
  9
$PDSIZE
 40
-1.0
  9
$PLINEWID
 40
0.0
  9
$SPLFRAME
 70
0
  9
$SPLINETYPE
 70
6
  9
$SPLINESEGS
 70
8
  9
$HANDSEED
  5
83A
  9
$SURFTAB1
 70
6
  9
$SURFTAB2
 70
6
  9
$SURFTYPE
 70
6
  9
$SURFU
 70
6
  9
$SURFV
 70
6
  9
$UCSBASE
  2

  9
$UCSNAME
  2

  9
$UCSORG
 10
0.0
 20
0.0
 30
0.0
  9
$UCSXDIR
 10
1.0
 20
0.0
 30
0.0
  9
$UCSYDIR
 10
0.0
 20
1.0
 30
0.0
  9
$UCSORTHOREF
  2

  9
$UCSORTHOVIEW
 70
0
  9
$UCSORGTOP
 10
0.0
 20
0.0
 30
0.0
  9
$UCSORGBOTTOM
 10
0.0
 20
0.0
 30
0.0
  9
$UCSORGLEFT
 10
0.0
 20
0.0
 30
0.0
  9
$UCSORGRIGHT
 10
0.0
 20
0.0
 30
0.0
  9
$UCSORGFRONT
 10
0.0
 20
0.0
 30
0.0
  9
$UCSORGBACK
 10
0.0
 20
0.0
 30
0.0
  9
$PUCSBASE
  2

  9
$PUCSNAME
  2

  9
$PUCSORG
 10
0.0
 20
0.0
 30
0.0
  9
$PUCSXDIR
 10
1.0
 20
0.0
 30
0.0
  9
$PUCSYDIR
 10
0.0
 20
1.0
 30
0.0
  9
$PUCSORTHOREF
  2

  9
$PUCSORTHOVIEW
 70
0
  9
$PUCSORGTOP
 10
0.0
 20
0.0
 30
0.0
  9
$PUCSORGBOTTOM
 10
0.0
 20
0.0
 30
0.0
  9
$PUCSORGLEFT
 10
0.0
 20
0.0
 30
0.0
  9
$PUCSORGRIGHT
 10
0.0
 20
0.0
 30
0.0
  9
$PUCSORGFRONT
 10
0.0
 20
0.0
 30
0.0
  9
$PUCSORGBACK
 10
0.0
 20
0.0
 30
0.0
  9
$USERI1
 70
0
  9
$USERI2
 70
0
  9
$USERI3
 70
0
  9
$USERI4
 70
0
  9
$USERI5
 70
0
  9
$USERR1
 40
0.0
  9
$USERR2
 40
0.0
  9
$USERR3
 40
0.0
  9
$USERR4
 40
0.0
  9
$USERR5
 40
0.0
  9
$WORLDVIEW
 70
1
  9
$SHADEDGE
 70
3
  9
$SHADEDIF
 70
70
  9
$TILEMODE
 70
1
  9
$MAXACTVP
 70
64
  9
$PINSBASE
 10
0.0
 20
0.0
 30
0.0
  9
$PLIMCHECK
 70
0
  9
$PEXTMIN
 10
1e+20
 20
1e+20
 30
1e+20
  9
$PEXTMAX
 10
-1e+20
 20
-1e+20
 30
-1e+20
  9
$PLIMMIN
 10
0.0
 20
0.0
  9
$PLIMMAX
 10
420.0
 20
297.0
  9
$UNITMODE
 70
0
  9
$VISRETAIN
 70
1
  9
$PLINEGEN
 70
0
  9
$PSLTSCALE
 70
1
  9
$TREEDEPTH
 70
3020
  9
$CMLSTYLE
  2
Standard
  9
$CMLJUST
 70
0
  9
$CMLSCALE
 40
20.0
  9
$PROXYGRAPHICS
 70
1
  9
$MEASUREMENT
 70
1
  9
$CELWEIGHT
370
-1
  9
$ENDCAPS
280
0
  9
$JOINSTYLE
280
0
  9
$LWDISPLAY
290
1
  9
$INSUNITS
 70
4
  9
$HYPERLINKBASE
  1

  9
$STYLESHEET
  1

  9
$XEDIT
290
1
  9
$CEPSNTYPE
380
0
  9
$PSTYLEMODE
290
1
  9
$FINGERPRINTGUID
  2
{51ab3243-d68e-414e-8606-09ad4faa823e}
  9
$VERSIONGUID
  2
{56B87711-62E7-42B7-8CFC-4C069810CBC6}
  9
$EXTNAMES
290
1
  9
$PSVPSCALE
 40
0.0
  9
$OLESTARTUP
290
0
  9
$SORTENTS
280
127
  9
$INDEXCTL
280
0
  9
$HIDETEXT
280
0
  9
$XCLIPFRAME
280
2
  9
$HALOGAP
280
0
  9
$OBSCOLOR
 70
257
  9
$OBSLTYPE
280
0
  9
$INTERSECTIONDISPLAY
280
0
  9
$INTERSECTIONCOLOR
 70
257
  9
$DIMASSOC
280
1
  9
$PROJECTNAME
  1

  9
$CAMERADISPLAY
290
0
  9
$LENSLENGTH
 40
50.0
  9
$CAMERAHEIGHT
 40
0.0
  9
$STEPSPERSEC
 40
2.0
  9
$STEPSIZE
 40
6.0
  9
$3DDWFPREC
 40
2.0
  9
$PSOLWIDTH
 40
0.25
  9
$PSOLHEIGHT
 40
4.0
  9
$LOFTANG1
 40
1.570796326794896
  9
$LOFTANG2
 40
1.570796326794896
  9
$LOFTMAG1
 40
0.0
  9
$LOFTMAG2
 40
0.0
  9
$LOFTPARAM
 70
7
  9
$LOFTNORMALS
280
1
  9
$LATITUDE
 40
37.795
  9
$LONGITUDE
 40
-122.394
  9
$NORTHDIRECTION
 40
0.0
  9
$TIMEZONE
 70
-8000
  9
$LIGHTGLYPHDISPLAY
280
1
  9
$TILEMODELIGHTSYNCH
280
1
  9
$CMATERIAL
347
706
  9
$SOLIDHIST
280
0
  9
$SHOWHIST
280
1
  9
$DWFFRAME
280
2
  9
$DGNFRAME
280
0
  9
$REALWORLDSCALE
290
1
  9
$INTERFERECOLOR
 62
1
  9
$INTERFEREOBJVS
345
728
  9
$INTERFEREVPVS
346
725
  9
$CSHADOW
280
0
  9
$SHADOWPLANELOCATION
 40
0.0
  0
ENDSEC
  0
SECTION
  2
CLASSES
  0
CLASS
  1
ACDBDICTIONARYWDFLT
  2
AcDbDictionaryWithDefault
  3
ObjectDBX Classes
 90
0
 91
1
280
0
281
0
  0
CLASS
  1
VISUALSTYLE
  2
AcDbVisualStyle
  3
ObjectDBX Classes
 90
4095
 91
24
280
0
281
0
  0
CLASS
  1
MATERIAL
  2
AcDbMaterial
  3
ObjectDBX Classes
 90
1153
 91
3
280
0
281
0
  0
CLASS
  1
SCALE
  2
AcDbScale
  3
ObjectDBX Classes
 90
1153
 91
17
280
0
281
0
  0
CLASS
  1
TABLESTYLE
  2
AcDbTableStyle
  3
ObjectDBX Classes
 90
4095
 91
1
280
0
281
0
  0
CLASS
  1
MLEADERSTYLE
  2
AcDbMLeaderStyle
  3
ACDB_MLEADERSTYLE_CLASS
 90
4095
 91
1
280
0
281
0
  0
CLASS
  1
SUN
  2
AcDbSun
  3
SCENEOE
 90
1153
 91
0
280
0
281
0
  0
CLASS
  1
ACDBSECTIONVIEWSTYLE
  2
AcDbSectionViewStyle
  3
ObjectDBX Classes
 90
1025
 91
1
280
0
281
0
  0
CLASS
  1
ACDBDETAILVIEWSTYLE
  2
AcDbDetailViewStyle
  3
ObjectDBX Classes
 90
1025
 91
1
280
0
281
0
  0
CLASS
  1
DICTIONARYVAR
  2
AcDbDictionaryVar
  3
ObjectDBX Classes
 90
0
 91
12
280
0
281
0
  0
CLASS
  1
CELLSTYLEMAP
  2
AcDbCellStyleMap
  3
ObjectDBX Classes
 90
1152
 91
1
280
0
281
0
  0
CLASS
  1
MENTALRAYRENDERSETTINGS
  2
AcDbMentalRayRenderSettings
  3
SCENEOE
 90
1024
 91
0
280
0
281
0
  0
CLASS
  1
RASTERVARIABLES
  2
AcDbRasterVariables
  3
ISM
 90
0
 91
0
280
0
281
0
  0
CLASS
  1
ACDBPLACEHOLDER
  2
AcDbPlaceHolder
  3
ObjectDBX Classes
 90
0
 91
0
280
0
281
0
  0
CLASS
  1
LAYOUT
  2
AcDbLayout
  3
ObjectDBX Classes
 90
0
 91
0
280
0
281
0
  0
ENDSEC
  0
SECTION
  2
TABLES
  0
TABLE
  2
VPORT
  5
8
330
0
100
AcDbSymbolTable
 70
1
  0
VPORT
  5
29
330
8
100
AcDbSymbolTableRecord
100
AcDbViewportTableRecord
  2
*Active
 70
0
 10
0.0
 20
0.0
 11
1.0
 21
1.0
 12
152.9111010391118
 22
300.1515651710281
 13
0.0
 23
0.0
 14
10.0
 24
10.0
 15
10.0
 25
10.0
 16
0.0
 26
0.0
 36
1.0
 17
0.0
 27
0.0
 37
0.0
 40
499.5382244224302
 41
1.765478424015009
 42
50.0
 43
0.0
 44
0.0
 50
0.0
 51
0.0
 71
0
 72
2000
 73
1
 74
3
 75
0
 76
0
 77
0
 78
0
281
0
 65
1
110
0.0
120
0.0
130
0.0
111
1.0
121
0.0
131
0.0
112
0.0
122
1.0
132
0.0
 79
0
146
0.0
 60
3
 61
5
348
724
292
1
282
1
141
0.0
142
0.0
 63
250
421
3355443
1001
ACAD_NAV_VCDISPLAY
1070
3
  0
ENDTAB
  0
TABLE
  2
LTYPE
  5
5
330
0
100
AcDbSymbolTable
 70
8
  0
LTYPE
  5
14
330
5
100
AcDbSymbolTableRecord
100
AcDbLinetypeTableRecord
  2
ByBlock
 70
0
  3

 72
65
 73
0
 40
0.0
  0
LTYPE
  5
15
330
5
100
AcDbSymbolTableRecord
100
AcDbLinetypeTableRecord
  2
ByLayer
 70
0
  3

 72
65
 73
0
 40
0.0
  0
LTYPE
  5
16
330
5
100
AcDbSymbolTableRecord
100
AcDbLinetypeTableRecord
  2
Continuous
 70
0
  3
Solid line
 72
65
 73
0
 40
0.0
  0
LTYPE
  5
5E
330
5
100
AcDbSymbolTableRecord
100
AcDbLinetypeTableRecord
  2
HIDDEN
 70
0
  3
Hidden __ __ __ __ __ __ __ __ __ __ __ __ __ __
 72
65
 73
2
 40
1.905
 49
1.27
 74
0
 49
-0.635
 74
0
  0
LTYPE
  5
5F
330
5
100
AcDbSymbolTableRecord
100
AcDbLinetypeTableRecord
  2
PHANTOM
 70
0
  3
Phantom ______  __  __  ______  __  __  ______
 72
65
 73
6
 40
12.7
 49
6.349999999999999
 74
0
 49
-1.27
 74
0
 49
1.27
 74
0
 49
-1.27
 74
0
 49
1.27
 74
0
 49
-1.27
 74
0
  0
LTYPE
  5
60
330
5
100
AcDbSymbolTableRecord
100
AcDbLinetypeTableRecord
  2
CENTER
 70
0
  3
Center ____ _ ____ _ ____ _ ____ _ ____ _ ____
 72
65
 73
4
 40
10.16
 49
6.349999999999999
 74
0
 49
-1.27
 74
0
 49
1.27
 74
0
 49
-1.27
 74
0
  0
LTYPE
  5
61
330
5
100
AcDbSymbolTableRecord
100
AcDbLinetypeTableRecord
  2
CENTERX2
 70
0
  3
Center (2x) ________  __  ________  __  _____
 72
65
 73
4
 40
20.32
 49
12.7
 74
0
 49
-2.54
 74
0
 49
2.54
 74
0
 49
-2.54
 74
0
  0
LTYPE
  5
62
330
5
100
AcDbSymbolTableRecord
100
AcDbLinetypeTableRecord
  2
DOT2
 70
0
  3
Dot (.5x) ........................................
 72
65
 73
2
 40
0.635
 49
0.0
 74
0
 49
-0.635
 74
0
  0
ENDTAB
  0
TABLE
  2
LAYER
  5
2
102
{ACAD_XDICTIONARY
360
772
102
}
330
0
100
AcDbSymbolTable
 70
19
  0
LAYER
  5
10
102
{ACAD_XDICTIONARY
360
74B
102
}
330
2
100
AcDbSymbolTableRecord
100
AcDbLayerTableRecord
  2
0
 70
0
 62
7
  6
Continuous
370
-3
390
F
347
716
348
0
  0
LAYER
  5
63
102
{ACAD_XDICTIONARY
360
74D
102
}
330
2
100
AcDbSymbolTableRecord
100
AcDbLayerTableRecord
  2
粗实线层
 70
0
 62
7
  6
Continuous
370
25
390
F
347
716
348
0
  0
LAYER
  5
64
102
{ACAD_XDICTIONARY
360
74F
102
}
330
2
100
AcDbSymbolTableRecord
100
AcDbLayerTableRecord
  2
细实线层
 70
0
 62
7
  6
Continuous
370
-3
390
F
347
716
348
0
  0
LAYER
  5
65
102
{ACAD_XDICTIONARY
360
751
102
}
330
2
100
AcDbSymbolTableRecord
100
AcDbLayerTableRecord
  2
中心线层
 70
0
 62
7
  6
CENTERX2
370
-3
390
F
347
716
348
0
  0
LAYER
  5
66
102
{ACAD_XDICTIONARY
360
753
102
}
330
2
100
AcDbSymbolTableRecord
100
AcDbLayerTableRecord
  2
虚线层
 70
0
 62
7
  6
HIDDEN
370
-3
390
F
347
716
348
0
  0
LAYER
  5
67
102
{ACAD_XDICTIONARY
360
755
102
}
330
2
100
AcDbSymbolTableRecord
100
AcDbLayerTableRecord
  2
双点划线层
 70
0
 62
7
  6
PHANTOM
370
-3
390
F
347
716
348
0
  0
LAYER
  5
68
102
{ACAD_XDICTIONARY
360
757
102
}
330
2
100
AcDbSymbolTableRecord
100
AcDbLayerTableRecord
  2
点划线层
 70
0
 62
7
  6
CENTER
370
-3
390
F
347
716
348
0
  0
LAYER
  5
69
102
{ACAD_XDICTIONARY
360
759
102
}
330
2
100
AcDbSymbolTableRecord
100
AcDbLayerTableRecord
  2
图框
 70
0
 62
7
  6
Continuous
370
-3
390
F
347
716
348
0
  0
LAYER
  5
6A
102
{ACAD_XDICTIONARY
360
75B
102
}
330
2
100
AcDbSymbolTableRecord
100
AcDbLayerTableRecord
  2
轮廓实线层
 70
0
 62
7
  6
Continuous
370
50
390
F
347
716
348
0
  0
LAYER
  5
6B
102
{ACAD_XDICTIONARY
360
75D
102
}
330
2
100
AcDbSymbolTableRecord
100
AcDbLayerTableRecord
  2
细线层
 70
0
 62
4
  6
Continuous
370
25
390
F
347
716
348
0
  0
LAYER
  5
6C
102
{ACAD_XDICTIONARY
360
75F
102
}
330
2
100
AcDbSymbolTableRecord
100
AcDbLayerTableRecord
  2
剖面线层
 70
0
 62
2
  6
Continuous
370
25
390
F
347
716
348
0
  0
LAYER
  5
6D
102
{ACAD_XDICTIONARY
360
761
102
}
330
2
100
AcDbSymbolTableRecord
100
AcDbLayerTableRecord
  2
文字层
 70
0
 62
3
  6
Continuous
370
25
390
F
347
716
348
0
  0
LAYER
  5
6E
102
{ACAD_XDICTIONARY
360
763
102
}
330
2
100
AcDbSymbolTableRecord
100
AcDbLayerTableRecord
  2
标注层
 70
0
 62
4
  6
Continuous
370
25
390
F
347
716
348
0
  0
LAYER
  5
6F
102
{ACAD_XDICTIONARY
360
765
102
}
330
2
100
AcDbSymbolTableRecord
100
AcDbLayerTableRecord
  2
符号标注层
 70
0
 62
31
  6
Continuous
370
25
390
F
347
716
348
0
  0
LAYER
  5
70
102
{ACAD_XDICTIONARY
360
767
102
}
330
2
100
AcDbSymbolTableRecord
100
AcDbLayerTableRecord
  2
FORMAT
 70
0
 62
7
  6
Continuous
370
-3
390
F
347
716
348
0
  0
LAYER
  5
71
102
{ACAD_XDICTIONARY
360
769
102
}
330
2
100
AcDbSymbolTableRecord
100
AcDbLayerTableRecord
  2
10
 70
0
 62
7
  6
Continuous
370
-3
390
F
347
716
348
0
  0
LAYER
  5
72
102
{ACAD_XDICTIONARY
360
76B
102
}
330
2
100
AcDbSymbolTableRecord
100
AcDbLayerTableRecord
  2
SLD-0
 70
0
 62
7
  6
Continuous
370
-3
390
F
347
716
348
0
  0
LAYER
  5
73
102
{ACAD_XDICTIONARY
360
76D
102
}
330
2
100
AcDbSymbolTableRecord
100
AcDbLayerTableRecord
  2
5
 70
0
 62
7
  6
Continuous
370
-3
390
F
347
716
348
0
  0
LAYER
  5
7E7
330
2
100
AcDbSymbolTableRecord
100
AcDbLayerTableRecord
  2
Defpoints
 70
0
 62
7
  6
Continuous
290
0
370
-3
390
F
347
716
  0
ENDTAB
  0
TABLE
  2
STYLE
  5
3
330
0
100
AcDbSymbolTable
 70
4
  0
STYLE
  5
11
330
3
100
AcDbSymbolTableRecord
100
AcDbTextStyleTableRecord
  2
STANDARD
 70
0
 40
0.0
 41
1.0
 50
0.0
 71
0
 42
3.5
  3
hyswlongfangsong.ttf
  4

1001
ACAD
1000
HYSWLONGFANGSONG
1071
34306
  0
STYLE
  5
B1
330
3
100
AcDbSymbolTableRecord
100
AcDbTextStyleTableRecord
  2
SLDTEXTSTYLE0
 70
0
 40
0.0
 41
0.913
 50
0.0
 71
0
 42
3.5
  3
GOTHIC.TTF
  4

1001
ACAD
1000
Century Gothic
1071
290
  0
STYLE
  5
CE
330
3
100
AcDbSymbolTableRecord
100
AcDbTextStyleTableRecord
  2
SLDTEXTSTYLE1
 70
0
 40
0.0
 41
1.0
 50
0.0
 71
0
 42
3.5
  3
hyswlongfangsong.ttf
  4
bigfont
1001
ACAD
1000
HYSWLONGFANGSONG
1071
258
  0
STYLE
  5
D1
330
3
100
AcDbSymbolTableRecord
100
AcDbTextStyleTableRecord
  2
SLDTEXTSTYLE2
 70
0
 40
0.0
 41
1.0
 50
0.0
 71
0
 42
3.5
  3
hyswlongfangsong.ttf
  4

1001
ACAD
1000
HYSWLONGFANGSONG
1071
258
  0
ENDTAB
  0
TABLE
  2
VIEW
  5
6
330
0
100
AcDbSymbolTable
 70
0
  0
ENDTAB
  0
TABLE
  2
UCS
  5
7
330
0
100
AcDbSymbolTable
 70
0
  0
ENDTAB
  0
TABLE
  2
APPID
  5
9
330
0
100
AcDbSymbolTable
 70
6
  0
APPID
  5
12
330
9
100
AcDbSymbolTableRecord
100
AcDbRegAppTableRecord
  2
ACAD
 70
0
  0
APPID
  5
749
330
9
100
AcDbSymbolTableRecord
100
AcDbRegAppTableRecord
  2
ACAD_EXEMPT_FROM_CAD_STANDARDS
 70
0
  0
APPID
  5
778
330
9
100
AcDbSymbolTableRecord
100
AcDbRegAppTableRecord
  2
ACAD_NAV_VCDISPLAY
 70
0
  0
APPID
  5
7C3
330
9
100
AcDbSymbolTableRecord
100
AcDbRegAppTableRecord
  2
Acad_TC
 70
0
  0
APPID
  5
836
330
9
100
AcDbSymbolTableRecord
100
AcDbRegAppTableRecord
  2
HATCHBACKGROUNDCOLOR
 70
0
  0
APPID
  5
837
330
9
100
AcDbSymbolTableRecord
100
AcDbRegAppTableRecord
  2
EZDXF
 70
0
  0
ENDTAB
  0
TABLE
  2
DIMSTYLE
  5
A
330
0
100
AcDbSymbolTable
 70
3
100
AcDbDimStyleTable
  0
DIMSTYLE
105
27
330
A
100
AcDbSymbolTableRecord
100
AcDbDimStyleTableRecord
  2
ISO-25
 70
0
 40
1.0
 41
2.5
 42
0.625
 43
3.75
 44
1.25
 45
0.0
 46
0.0
 47
0.0
 48
0.0
 49
2.5
140
2.5
141
2.5
142
0.0
143
0.03937007874016
144
1.0
145
0.0
146
1.0
147
0.625
148
0.0
 69
0
 70
0
 71
0
 72
0
 73
0
 74
0
 75
0
 76
0
 77
1
 78
8
 79
3
170
0
171
3
172
1
173
0
174
0
175
0
176
0
177
0
178
0
179
2
271
2
272
2
273
2
274
3
275
0
276
0
277
2
278
44
279
0
280
0
281
0
282
0
283
0
284
8
285
0
286
0
288
0
289
3
290
0
340
11
371
-2
372
-2
  0
DIMSTYLE
105
685
330
A
100
AcDbSymbolTableRecord
100
AcDbDimStyleTableRecord
  2
SLDDIMSTYLE0
 70
0
 40
1.0
 41
1.016
 42
0.625
 43
3.75
 44
0.0
 45
1e-09
 46
0.0
 47
0.0
 48
0.0
 49
2.5
140
2.5
141
2.5
142
0.0
143
0.03937007874
144
1.0
145
0.0
146
1.016
147
0.0
148
0.0
 69
0
 70
0
 71
0
 72
0
 73
0
 74
0
 75
0
 76
0
 77
1
 78
8
 79
3
170
0
171
3
172
1
173
1
174
0
175
0
176
0
177
0
178
0
179
2
271
0
272
0
273
2
274
3
275
0
276
2
277
2
278
44
279
0
280
0
281
0
282
0
283
0
284
8
285
0
286
0
288
0
289
3
290
0
340
11
341
686
343
686
344
686
371
-2
372
-2
  0
DIMSTYLE
105
7E8
330
A
100
AcDbSymbolTableRecord
100
AcDbDimStyleTableRecord
  2
Standard
 70
0
 40
1.0
 41
2.5
 42
0.625
 43
3.75
 44
1.25
 45
0.0
 46
0.0
 47
0.0
 48
0.0
 49
2.5
140
2.5
141
2.5
142
0.0
143
0.03937007874
144
1.0
145
0.0
146
1.0
147
0.625
148
0.0
 69
0
 70
0
 71
0
 72
0
 73
0
 74
0
 75
0
 76
0
 77
1
 78
8
 79
3
170
0
171
3
172
1
173
0
174
0
175
0
176
0
177
0
178
0
179
2
271
2
272
2
273
2
274
3
275
0
276
0
277
2
278
44
279
0
280
0
281
0
282
0
283
0
284
8
285
0
286
0
288
0
289
3
290
0
371
-2
372
-2
  0
ENDTAB
  0
TABLE
  2
BLOCK_RECORD
  5
1
330
0
100
AcDbSymbolTable
 70
23
  0
BLOCK_RECORD
  5
1F
330
1
100
AcDbSymbolTableRecord
100
AcDbBlockTableRecord
  2
*Model_Space
340
22
 70
0
280
1
281
0
  0
BLOCK_RECORD
  5
1B
330
1
100
AcDbSymbolTableRecord
100
AcDbBlockTableRecord
  2
*Paper_Space
340
1E
 70
0
280
1
281
0
  0
BLOCK_RECORD
  5
23
330
1
100
AcDbSymbolTableRecord
100
AcDbBlockTableRecord
  2
*Paper_Space0
340
26
 70
0
280
1
281
0
  0
BLOCK_RECORD
  5
67F
330
1
100
AcDbSymbolTableRecord
100
AcDbBlockTableRecord
  2
SW_NOTE_0
340
0
 70
0
280
1
281
0
  0
BLOCK_RECORD
  5
686
330
1
100
AcDbSymbolTableRecord
100
AcDbBlockTableRecord
  2
_Dot
340
0
 70
0
280
1
281
0
  0
BLOCK_RECORD
  5
68C
330
1
100
AcDbSymbolTableRecord
100
AcDbBlockTableRecord
  2
SW_NOTE_0_1
340
0
 70
0
280
1
281
0
  0
BLOCK_RECORD
  5
693
330
1
100
AcDbSymbolTableRecord
100
AcDbBlockTableRecord
  2
SW_NOTE_0_2
340
0
 70
0
280
1
281
0
  0
BLOCK_RECORD
  5
69A
330
1
100
AcDbSymbolTableRecord
100
AcDbBlockTableRecord
  2
SW_NOTE_0_3
340
0
 70
0
280
1
281
0
  0
BLOCK_RECORD
  5
6A1
330
1
100
AcDbSymbolTableRecord
100
AcDbBlockTableRecord
  2
SW_NOTE_0_4
340
0
 70
0
280
1
281
0
  0
BLOCK_RECORD
  5
6A8
330
1
100
AcDbSymbolTableRecord
100
AcDbBlockTableRecord
  2
SW_NOTE_0_5
340
0
 70
0
280
1
281
0
  0
BLOCK_RECORD
  5
6AF
330
1
100
AcDbSymbolTableRecord
100
AcDbBlockTableRecord
  2
SW_NOTE_0_6
340
0
 70
0
280
1
281
0
  0
BLOCK_RECORD
  5
6B6
330
1
100
AcDbSymbolTableRecord
100
AcDbBlockTableRecord
  2
SW_NOTE_0_7
340
0
 70
0
280
1
281
0
  0
BLOCK_RECORD
  5
6BD
330
1
100
AcDbSymbolTableRecord
100
AcDbBlockTableRecord
  2
SW_NOTE_0_8
340
0
 70
0
280
1
281
0
  0
BLOCK_RECORD
  5
6C4
330
1
100
AcDbSymbolTableRecord
100
AcDbBlockTableRecord
  2
SW_NOTE_0_9
340
0
 70
0
280
1
281
0
  0
BLOCK_RECORD
  5
6CB
330
1
100
AcDbSymbolTableRecord
100
AcDbBlockTableRecord
  2
SW_NOTE_0_10
340
0
 70
0
280
1
281
0
  0
BLOCK_RECORD
  5
6D2
330
1
100
AcDbSymbolTableRecord
100
AcDbBlockTableRecord
  2
SW_NOTE_0_11
340
0
 70
0
280
1
281
0
  0
BLOCK_RECORD
  5
6D9
330
1
100
AcDbSymbolTableRecord
100
AcDbBlockTableRecord
  2
SW_NOTE_0_12
340
0
 70
0
280
1
281
0
  0
BLOCK_RECORD
  5
6E0
330
1
100
AcDbSymbolTableRecord
100
AcDbBlockTableRecord
  2
SW_NOTE_0_13
340
0
 70
0
280
1
281
0
  0
BLOCK_RECORD
  5
6E7
330
1
100
AcDbSymbolTableRecord
100
AcDbBlockTableRecord
  2
SW_NOTE_0_14
340
0
 70
0
280
1
281
0
  0
BLOCK_RECORD
  5
6EE
330
1
100
AcDbSymbolTableRecord
100
AcDbBlockTableRecord
  2
SW_NOTE_0_15
340
0
 70
0
280
1
281
0
  0
BLOCK_RECORD
  5
6F5
330
1
100
AcDbSymbolTableRecord
100
AcDbBlockTableRecord
  2
SW_NOTE_0_16
340
0
 70
0
280
1
281
0
  0
BLOCK_RECORD
  5
6FC
330
1
100
AcDbSymbolTableRecord
100
AcDbBlockTableRecord
  2
SW_NOTE_0_17
340
0
 70
0
280
1
281
0
  0
BLOCK_RECORD
  5
7E9
330
1
100
AcDbSymbolTableRecord
100
AcDbBlockTableRecord
  2
HH_FRAME_C429X297
340
0
 70
0
280
1
281
0
  0
ENDTAB
  0
ENDSEC
  0
SECTION
  2
BLOCKS
  0
BLOCK
  5
20
330
1F
100
AcDbEntity
  8
0
100
AcDbBlockBegin
  2
*Model_Space
 70
0
 10
0.0
 20
0.0
 30
0.0
  3
*Model_Space
  1

  0
ENDBLK
  5
21
330
1F
100
AcDbEntity
  8
0
100
AcDbBlockEnd
  0
BLOCK
  5
1C
330
1B
100
AcDbEntity
 67
1
  8
0
100
AcDbBlockBegin
  2
*Paper_Space
 70
0
 10
0.0
 20
0.0
 30
0.0
  3
*Paper_Space
  1

  0
ENDBLK
  5
1D
330
1B
100
AcDbEntity
 67
1
  8
0
100
AcDbBlockEnd
  0
BLOCK
  5
24
330
23
100
AcDbEntity
 67
1
  8
0
100
AcDbBlockBegin
  2
*Paper_Space0
 70
0
 10
0.0
 20
0.0
 30
0.0
  3
*Paper_Space0
  1

  0
ENDBLK
  5
25
330
23
100
AcDbEntity
 67
1
  8
0
100
AcDbBlockEnd
  0
BLOCK
  5
680
330
67F
100
AcDbEntity
  8
0
100
AcDbBlockBegin
  2
SW_NOTE_0
 70
0
 10
0.0
 20
0.0
 30
0.0
  3
SW_NOTE_0
  1

  0
LINE
  5
682
330
67F
100
AcDbEntity
  8
图框
 62
0
100
AcDbLine
 10
19.62319131823237
 20
0.0
 30
0.0
 11
0.0
 21
0.0
 31
0.0
  0
MTEXT
  5
683
330
67F
100
AcDbEntity
  8
图框
 62
0
100
AcDbMText
 10
0.3933739929235514
 20
5.57334456770736
 30
0.0
 40
4.233333333333332
 41
0.0
 46
0.0
 71
1
  1
轴承座上盖
  7
SLDTEXTSTYLE1
  0
ENDBLK
  5
681
330
67F
100
AcDbEntity
  8
0
100
AcDbBlockEnd
  0
BLOCK
  5
687
330
686
100
AcDbEntity
  8
0
100
AcDbBlockBegin
  2
_Dot
 70
0
 10
0.0
 20
0.0
 30
0.0
  3
_Dot
  1

  0
LWPOLYLINE
  5
689
330
686
100
AcDbEntity
  8
0
  6
ByBlock
 62
0
100
AcDbPolyline
 90
2
 70
1
 43
0.5
 10
-0.25
 20
0.0
 42
1.0
 10
0.25
 20
0.0
 42
1.0
  0
LINE
  5
68A
330
686
100
AcDbEntity
  8
0
  6
ByBlock
 62
0
370
-2
100
AcDbLine
 10
-0.5
 20
0.0
 30
0.0
 11
-1.0
 21
0.0
 31
0.0
  0
ENDBLK
  5
688
330
686
100
AcDbEntity
  8
0
100
AcDbBlockEnd
  0
BLOCK
  5
68D
330
68C
100
AcDbEntity
  8
0
100
AcDbBlockBegin
  2
SW_NOTE_0_1
 70
0
 10
0.0
 20
0.0
 30
0.0
  3
SW_NOTE_0_1
  1

  0
LINE
  5
68F
330
68C
100
AcDbEntity
  8
图框
 62
0
100
AcDbLine
 10
7.777696697730373
 20
0.0
 30
0.0
 11
0.0
 21
0.0
 31
0.0
  0
MTEXT
  5
690
330
68C
100
AcDbEntity
  8
图框
 62
0
100
AcDbMText
 10
0.4847239758293265
 20
5.573344567707028
 30
0.0
 40
4.233333333333332
 41
0.0
 46
0.0
 71
1
  1
轴承
  7
SLDTEXTSTYLE1
  0
ENDBLK
  5
68E
330
68C
100
AcDbEntity
  8
0
100
AcDbBlockEnd
  0
BLOCK
  5
694
330
693
100
AcDbEntity
  8
0
100
AcDbBlockBegin
  2
SW_NOTE_0_2
 70
0
 10
0.0
 20
0.0
 30
0.0
  3
SW_NOTE_0_2
  1

  0
LINE
  5
696
330
693
100
AcDbEntity
  8
图框
 62
0
100
AcDbLine
 10
-15.91329161195104
 20
0.0
 30
0.0
 11
0.0
 21
0.0
 31
0.0
  0
MTEXT
  5
697
330
693
100
AcDbEntity
  8
图框
 62
0
100
AcDbMText
 10
-16.39548642673483
 20
5.520145663518522
 30
0.0
 40
4.233333333333332
 41
0.0
 46
0.0
 71
1
  1
后从动轮
  7
SLDTEXTSTYLE1
  0
ENDBLK
  5
695
330
693
100
AcDbEntity
  8
0
100
AcDbBlockEnd
  0
BLOCK
  5
69B
330
69A
100
AcDbEntity
  8
0
100
AcDbBlockBegin
  2
SW_NOTE_0_3
 70
0
 10
0.0
 20
0.0
 30
0.0
  3
SW_NOTE_0_3
  1

  0
LINE
  5
69D
330
69A
100
AcDbEntity
  8
图框
 62
0
100
AcDbLine
 10
-19.86440342037029
 20
0.0
 30
0.0
 11
0.0
 21
0.0
 31
0.0
  0
MTEXT
  5
69E
330
69A
100
AcDbEntity
  8
图框
 62
0
100
AcDbMText
 10
-20.34659823515415
 20
5.504921549318753
 30
0.0
 40
4.233333333333332
 41
0.0
 46
0.0
 71
1
  1
从动轮法兰
  7
SLDTEXTSTYLE1
  0
ENDBLK
  5
69C
330
69A
100
AcDbEntity
  8
0
100
AcDbBlockEnd
  0
BLOCK
  5
6A2
330
6A1
100
AcDbEntity
  8
0
100
AcDbBlockBegin
  2
SW_NOTE_0_4
 70
0
 10
0.0
 20
0.0
 30
0.0
  3
SW_NOTE_0_4
  1

  0
LINE
  5
6A4
330
6A1
100
AcDbEntity
  8
图框
 62
0
100
AcDbLine
 10
7.777696697730373
 20
0.0
 30
0.0
 11
0.0
 21
0.0
 31
0.0
  0
MTEXT
  5
6A5
330
6A1
100
AcDbEntity
  8
图框
 62
0
100
AcDbMText
 10
0.4661333790558775
 20
5.546781779842469
 30
0.0
 40
4.233333333333332
 41
0.0
 46
0.0
 71
1
  1
前叉
  7
SLDTEXTSTYLE1
  0
ENDBLK
  5
6A3
330
6A1
100
AcDbEntity
  8
0
100
AcDbBlockEnd
  0
BLOCK
  5
6A9
330
6A8
100
AcDbEntity
  8
0
100
AcDbBlockBegin
  2
SW_NOTE_0_5
 70
0
 10
0.0
 20
0.0
 30
0.0
  3
SW_NOTE_0_5
  1

  0
LINE
  5
6AB
330
6A8
100
AcDbEntity
  8
图框
 62
0
100
AcDbLine
 10
7.785536571163486
 20
0.0
 30
0.0
 11
0.0
 21
0.0
 31
0.0
  0
MTEXT
  5
6AC
330
6A8
100
AcDbEntity
  8
图框
 62
0
100
AcDbMText
 10
0.466133379055933
 20
5.367056623968927
 30
0.0
 40
4.233333333333332
 41
0.0
 46
0.0
 71
1
  1
前轮
  7
SLDTEXTSTYLE1
  0
ENDBLK
  5
6AA
330
6A8
100
AcDbEntity
  8
0
100
AcDbBlockEnd
  0
BLOCK
  5
6B0
330
6AF
100
AcDbEntity
  8
0
100
AcDbBlockBegin
  2
SW_NOTE_0_6
 70
0
 10
0.0
 20
0.0
 30
0.0
  3
SW_NOTE_0_6
  1

  0
LINE
  5
6B2
330
6AF
100
AcDbEntity
  8
图框
 62
0
100
AcDbLine
 10
7.777696697730373
 20
0.0
 30
0.0
 11
0.0
 21
0.0
 31
0.0
  0
MTEXT
  5
6B3
330
6AF
100
AcDbEntity
  8
图框
 62
0
100
AcDbMText
 10
0.466133379055933
 20
5.525508633890383
 30
0.0
 40
4.233333333333332
 41
0.0
 46
0.0
 71
1
  1
轮轴
  7
SLDTEXTSTYLE1
  0
ENDBLK
  5
6B1
330
6AF
100
AcDbEntity
  8
0
100
AcDbBlockEnd
  0
BLOCK
  5
6B7
330
6B6
100
AcDbEntity
  8
0
100
AcDbBlockBegin
  2
SW_NOTE_0_7
 70
0
 10
0.0
 20
0.0
 30
0.0
  3
SW_NOTE_0_7
  1

  0
LINE
  5
6B9
330
6B6
100
AcDbEntity
  8
图框
 62
0
100
AcDbLine
 10
7.785536571163486
 20
0.0
 30
0.0
 11
0.0
 21
0.0
 31
0.0
  0
MTEXT
  5
6BA
330
6B6
100
AcDbEntity
  8
图框
 62
0
100
AcDbMText
 10
0.413454452354467
 20
5.492442474612946
 30
0.0
 40
4.233333333333332
 41
0.0
 46
0.0
 71
1
  1
连杆
  7
SLDTEXTSTYLE1
  0
ENDBLK
  5
6B8
330
6B6
100
AcDbEntity
  8
0
100
AcDbBlockEnd
  0
BLOCK
  5
6BE
330
6BD
100
AcDbEntity
  8
0
100
AcDbBlockBegin
  2
SW_NOTE_0_8
 70
0
 10
0.0
 20
0.0
 30
0.0
  3
SW_NOTE_0_8
  1

  0
LINE
  5
6C0
330
6BD
100
AcDbEntity
  8
图框
 62
0
100
AcDbLine
 10
7.785536571163486
 20
0.0
 30
0.0
 11
0.0
 21
0.0
 31
0.0
  0
MTEXT
  5
6C1
330
6BD
100
AcDbEntity
  8
图框
 62
0
100
AcDbMText
 10
0.4134544523539119
 20
5.461276724653352
 30
0.0
 40
4.233333333333332
 41
0.0
 46
0.0
 71
1
  1
推杆
  7
SLDTEXTSTYLE1
  0
ENDBLK
  5
6BF
330
6BD
100
AcDbEntity
  8
0
100
AcDbBlockEnd
  0
BLOCK
  5
6C5
330
6C4
100
AcDbEntity
  8
0
100
AcDbBlockBegin
  2
SW_NOTE_0_9
 70
0
 10
0.0
 20
0.0
 30
0.0
  3
SW_NOTE_0_9
  1

  0
LINE
  5
6C7
330
6C4
100
AcDbEntity
  8
图框
 62
0
100
AcDbLine
 10
11.73664744826008
 20
0.0
 30
0.0
 11
0.0
 21
0.0
 31
0.0
  0
MTEXT
  5
6C8
330
6C4
100
AcDbEntity
  8
图框
 62
0
100
AcDbMText
 10
0.3991238625673521
 20
5.486004028206259
 30
0.0
 40
4.233333333333332
 41
0.0
 46
0.0
 71
1
  1
龙门架
  7
SLDTEXTSTYLE1
  0
ENDBLK
  5
6C6
330
6C4
100
AcDbEntity
  8
0
100
AcDbBlockEnd
  0
BLOCK
  5
6CC
330
6CB
100
AcDbEntity
  8
0
100
AcDbBlockBegin
  2
SW_NOTE_0_10
 70
0
 10
0.0
 20
0.0
 30
0.0
  3
SW_NOTE_0_10
  1

  0
LINE
  5
6CE
330
6CB
100
AcDbEntity
  8
图框
 62
0
100
AcDbLine
 10
11.73664744826008
 20
0.0
 30
0.0
 11
0.0
 21
0.0
 31
0.0
  0
MTEXT
  5
6CF
330
6CB
100
AcDbEntity
  8
图框
 62
0
100
AcDbMText
 10
0.3991238625672966
 20
5.566420923934195
 30
0.0
 40
4.233333333333332
 41
0.0
 46
0.0
 71
1
  1
摇杆块
  7
SLDTEXTSTYLE1
  0
ENDBLK
  5
6CD
330
6CB
100
AcDbEntity
  8
0
100
AcDbBlockEnd
  0
BLOCK
  5
6D3
330
6D2
100
AcDbEntity
  8
0
100
AcDbBlockBegin
  2
SW_NOTE_0_11
 70
0
 10
0.0
 20
0.0
 30
0.0
  3
SW_NOTE_0_11
  1

  0
LINE
  5
6D5
330
6D2
100
AcDbEntity
  8
图框
 62
0
100
AcDbLine
 10
-11.9543399300987
 20
0.0
 30
0.0
 11
0.0
 21
0.0
 31
0.0
  0
MTEXT
  5
6D6
330
6D2
100
AcDbEntity
  8
图框
 62
0
100
AcDbMText
 10
-12.40787403096888
 20
5.492442474613695
 30
0.0
 40
4.233333333333332
 41
0.0
 46
0.0
 71
1
  1
轴承座
  7
SLDTEXTSTYLE1
  0
ENDBLK
  5
6D4
330
6D2
100
AcDbEntity
  8
0
100
AcDbBlockEnd
  0
BLOCK
  5
6DA
330
6D9
100
AcDbEntity
  8
0
100
AcDbBlockBegin
  2
SW_NOTE_0_12
 70
0
 10
0.0
 20
0.0
 30
0.0
  3
SW_NOTE_0_12
  1

  0
LINE
  5
6DC
330
6D9
100
AcDbEntity
  8
图框
 62
0
100
AcDbLine
 10
-8.011068926435131
 20
0.0
 30
0.0
 11
0.0
 21
0.0
 31
0.0
  0
MTEXT
  5
6DD
330
6D9
100
AcDbEntity
  8
图框
 62
0
100
AcDbMText
 10
-8.491505366309381
 20
5.54678177984319
 30
0.0
 40
4.233333333333332
 41
0.0
 46
0.0
 71
1
  1
底板
  7
SLDTEXTSTYLE1
  0
ENDBLK
  5
6DB
330
6D9
100
AcDbEntity
  8
0
100
AcDbBlockEnd
  0
BLOCK
  5
6E1
330
6E0
100
AcDbEntity
  8
0
100
AcDbBlockBegin
  2
SW_NOTE_0_13
 70
0
 10
0.0
 20
0.0
 30
0.0
  3
SW_NOTE_0_13
  1

  0
LINE
  5
6E3
330
6E0
100
AcDbEntity
  8
图框
 62
0
100
AcDbLine
 10
-15.90545173851793
 20
0.0
 30
0.0
 11
0.0
 21
0.0
 31
0.0
  0
MTEXT
  5
6E4
330
6E0
100
AcDbEntity
  8
图框
 62
0
100
AcDbMText
 10
-16.38764655330153
 20
5.484605017689936
 30
0.0
 40
4.233333333333332
 41
0.0
 46
0.0
 71
1
  1
齿轮法兰
  7
SLDTEXTSTYLE1
  0
ENDBLK
  5
6E2
330
6E0
100
AcDbEntity
  8
0
100
AcDbBlockEnd
  0
BLOCK
  5
6E8
330
6E7
100
AcDbEntity
  8
0
100
AcDbBlockBegin
  2
SW_NOTE_0_14
 70
0
 10
0.0
 20
0.0
 30
0.0
  3
SW_NOTE_0_14
  1

  0
LINE
  5
6EA
330
6E7
100
AcDbEntity
  8
图框
 62
0
100
AcDbLine
 10
-11.96217980353181
 20
0.0
 30
0.0
 11
0.0
 21
0.0
 31
0.0
  0
MTEXT
  5
6EB
330
6E7
100
AcDbEntity
  8
图框
 62
0
100
AcDbMText
 10
-12.44923519083241
 20
5.573344567706916
 30
0.0
 40
4.233333333333332
 41
0.0
 46
0.0
 71
1
  1
大齿轮
  7
SLDTEXTSTYLE1
  0
ENDBLK
  5
6E9
330
6E7
100
AcDbEntity
  8
0
100
AcDbBlockEnd
  0
BLOCK
  5
6EF
330
6EE
100
AcDbEntity
  8
0
100
AcDbBlockBegin
  2
SW_NOTE_0_15
 70
0
 10
0.0
 20
0.0
 30
0.0
  3
SW_NOTE_0_15
  1

  0
LINE
  5
6F1
330
6EE
100
AcDbEntity
  8
图框
 62
0
100
AcDbLine
 10
-11.9543399300987
 20
0.0
 30
0.0
 11
0.0
 21
0.0
 31
0.0
  0
MTEXT
  5
6F2
330
6EE
100
AcDbEntity
  8
图框
 62
0
100
AcDbMText
 10
-12.43653474488246
 20
5.506758890202689
 30
0.0
 40
4.233333333333332
 41
0.0
 46
0.0
 71
1
  1
小齿轮
  7
SLDTEXTSTYLE1
  0
ENDBLK
  5
6F0
330
6EE
100
AcDbEntity
  8
0
100
AcDbBlockEnd
  0
BLOCK
  5
6F6
330
6F5
100
AcDbEntity
  8
0
100
AcDbBlockBegin
  2
SW_NOTE_0_16
 70
0
 10
0.0
 20
0.0
 30
0.0
  3
SW_NOTE_0_16
  1

  0
LINE
  5
6F8
330
6F5
100
AcDbEntity
  8
图框
 62
0
100
AcDbLine
 10
-8.026747741978784
 20
0.0
 30
0.0
 11
0.0
 21
0.0
 31
0.0
  0
MTEXT
  5
6F9
330
6F5
100
AcDbEntity
  8
图框
 62
0
100
AcDbMText
 10
-8.46620377780885
 20
5.546781779843579
 30
0.0
 40
4.233333333333332
 41
0.0
 46
0.0
 71
1
  1
电机
  7
SLDTEXTSTYLE1
  0
ENDBLK
  5
6F7
330
6F5
100
AcDbEntity
  8
0
100
AcDbBlockEnd
  0
BLOCK
  5
6FD
330
6FC
100
AcDbEntity
  8
0
100
AcDbBlockBegin
  2
SW_NOTE_0_17
 70
0
 10
0.0
 20
0.0
 30
0.0
  3
SW_NOTE_0_17
  1

  0
LINE
  5
6FF
330
6FC
100
AcDbEntity
  8
图框
 62
0
100
AcDbLine
 10
7.777696697730373
 20
0.0
 30
0.0
 11
0.0
 21
0.0
 31
0.0
  0
MTEXT
  5
700
330
6FC
100
AcDbEntity
  8
图框
 62
0
100
AcDbMText
 10
0.4134544523547446
 20
5.549168748177124
 30
0.0
 40
4.233333333333332
 41
0.0
 46
0.0
 71
1
  1
凸轮
  7
SLDTEXTSTYLE1
  0
ENDBLK
  5
6FE
330
6FC
100
AcDbEntity
  8
0
100
AcDbBlockEnd
  0
BLOCK
  5
7EA
330
7E9
100
AcDbEntity
  8
0
100
AcDbBlockBegin
  2
HH_FRAME_C429X297
 70
2
 10
0.0
 20
0.0
 30
0.0
  3
HH_FRAME_C429X297
  1

  0
LWPOLYLINE
  5
7EC
330
7E9
100
AcDbEntity
  8
HH_TITLE
100
AcDbPolyline
 90
4
 70
1
 10
0.0
 20
1.0
 10
428.8808664259928
 20
1.0
 10
428.8808664259928
 20
298.0
 10
0.0
 20
298.0
  0
LWPOLYLINE
  5
7ED
330
7E9
100
AcDbEntity
  8
HH_TITLE
100
AcDbPolyline
 90
4
 70
1
 10
25.0
 20
6.0
 10
423.8808664259928
 20
6.0
 10
423.8808664259928
 20
293.0
 10
25.0
 20
293.0
  0
LWPOLYLINE
  5
7EE
330
7E9
100
AcDbEntity
  8
HH_TITLE
100
AcDbPolyline
 90
4
 70
1
 10
243.8808664259928
 20
6.0
 10
423.8808664259928
 20
6.0
 10
423.8808664259928
 20
62.0
 10
243.8808664259928
 20
62.0
  0
LINE
  5
7EF
330
7E9
100
AcDbEntity
  8
HH_TITLE
100
AcDbLine
 10
243.8808664259928
 20
18.0
 30
0.0
 11
423.8808664259928
 21
18.0
 31
0.0
  0
LINE
  5
7F0
330
7E9
100
AcDbEntity
  8
HH_TITLE
100
AcDbLine
 10
243.8808664259928
 20
28.0
 30
0.0
 11
423.8808664259928
 21
28.0
 31
0.0
  0
LINE
  5
7F1
330
7E9
100
AcDbEntity
  8
HH_TITLE
100
AcDbLine
 10
243.8808664259928
 20
50.0
 30
0.0
 11
423.8808664259928
 21
50.0
 31
0.0
  0
LINE
  5
7F2
330
7E9
100
AcDbEntity
  8
HH_TITLE
100
AcDbLine
 10
351.8808664259928
 20
28.0
 30
0.0
 11
351.8808664259928
 21
50.0
 31
0.0
  0
LINE
  5
7F3
330
7E9
100
AcDbEntity
  8
HH_TITLE
100
AcDbLine
 10
387.8808664259928
 20
28.0
 30
0.0
 11
387.8808664259928
 21
50.0
 31
0.0
  0
LINE
  5
7F4
330
7E9
100
AcDbEntity
  8
HH_TITLE
100
AcDbLine
 10
387.8808664259928
 20
39.0
 30
0.0
 11
423.8808664259928
 21
39.0
 31
0.0
  0
LINE
  5
7F5
330
7E9
100
AcDbEntity
  8
HH_TITLE
100
AcDbLine
 10
279.8808664259928
 20
6.0
 30
0.0
 11
279.8808664259928
 21
18.0
 31
0.0
  0
LINE
  5
7F6
330
7E9
100
AcDbEntity
  8
HH_TITLE
100
AcDbLine
 10
315.8808664259928
 20
6.0
 30
0.0
 11
315.8808664259928
 21
18.0
 31
0.0
  0
LINE
  5
7F7
330
7E9
100
AcDbEntity
  8
HH_TITLE
100
AcDbLine
 10
351.8808664259928
 20
6.0
 30
0.0
 11
351.8808664259928
 21
18.0
 31
0.0
  0
LINE
  5
7F8
330
7E9
100
AcDbEntity
  8
HH_TITLE
100
AcDbLine
 10
387.8808664259928
 20
6.0
 30
0.0
 11
387.8808664259928
 21
18.0
 31
0.0
  0
LINE
  5
7F9
330
7E9
100
AcDbEntity
  8
HH_TITLE
100
AcDbLine
 10
279.8808664259928
 20
18.0
 30
0.0
 11
279.8808664259928
 21
28.0
 31
0.0
  0
LINE
  5
7FA
330
7E9
100
AcDbEntity
  8
HH_TITLE
100
AcDbLine
 10
315.8808664259928
 20
18.0
 30
0.0
 11
315.8808664259928
 21
28.0
 31
0.0
  0
LINE
  5
7FB
330
7E9
100
AcDbEntity
  8
HH_TITLE
100
AcDbLine
 10
351.8808664259928
 20
18.0
 30
0.0
 11
351.8808664259928
 21
28.0
 31
0.0
  0
LINE
  5
7FC
330
7E9
100
AcDbEntity
  8
HH_TITLE
100
AcDbLine
 10
387.8808664259928
 20
18.0
 30
0.0
 11
387.8808664259928
 21
28.0
 31
0.0
  0
TEXT
  5
7FD
330
7E9
100
AcDbEntity
  8
HH_TITLE
100
AcDbText
 10
297.9258102462175
 20
53.5
 30
0.0
 40
5.0
  1
东方宏华 · 钻机电控
  7
HH_CHN
100
AcDbText
  0
TEXT
  5
7FE
330
7E9
100
AcDbEntity
  8
HH_TITLE
100
AcDbText
 10
292.48760799902647
 20
41.75
 30
0.0
 40
2.5
  1
图  名
  7
HH_CHN
100
AcDbText
  0
ATTDEF
  5
7FF
330
7E9
100
AcDbEntity
  8
HH_TITLE
100
AcDbText
 10
287.0943495720602
 20
32.5
 30
0.0
 40
5.0
  1

  7
HH_CHN
100
AcDbAttributeDefinition
  3

  2
TITLE
 70
0
 71
1
 72
0
  0
TEXT
  5
800
330
7E9
100
AcDbEntity
  8
HH_TITLE
100
AcDbText
 10
364.48760799902647
 20
41.75
 30
0.0
 40
2.5
  1
图  号
  7
HH_CHN
100
AcDbText
  0
ATTDEF
  5
801
330
7E9
100
AcDbEntity
  8
HH_TITLE
100
AcDbText
 10
362.33030462824
 20
33.25
 30
0.0
 40
3.5
  1

  7
HH_CHN
100
AcDbAttributeDefinition
  3

  2
DWG_NO
 70
0
 71
1
 72
0
  0
TEXT
  5
802
330
7E9
100
AcDbEntity
  8
HH_TITLE
100
AcDbText
 10
400.48760799902647
 20
48.25
 30
0.0
 40
2.5
  1
比  例
  7
HH_CHN
100
AcDbText
  0
ATTDEF
  5
803
330
7E9
100
AcDbEntity
  8
HH_TITLE
100
AcDbText
 10
399.40895631363327
 20
43.0
 30
0.0
 40
3.0
  1

  7
HH_CHN
100
AcDbAttributeDefinition
  3

  2
SCALE
 70
0
 71
1
 72
0
  0
TEXT
  5
804
330
7E9
100
AcDbEntity
  8
HH_TITLE
100
AcDbText
 10
400.48760799902647
 20
37.25
 30
0.0
 40
2.5
  1
阶  段
  7
HH_CHN
100
AcDbText
  0
ATTDEF
  5
805
330
7E9
100
AcDbEntity
  8
HH_TITLE
100
AcDbText
 10
399.40895631363327
 20
32.0
 30
0.0
 40
3.0
  1

  7
HH_CHN
100
AcDbAttributeDefinition
  3

  2
STAGE
 70
0
 71
1
 72
0
  0
TEXT
  5
806
330
7E9
100
AcDbEntity
  8
HH_TITLE
100
AcDbText
 10
258.7168214821726
 20
24.4
 30
0.0
 40
2.2
  1
材料
  7
HH_CHN
100
AcDbText
  0
ATTDEF
  5
807
330
7E9
100
AcDbEntity
  8
HH_TITLE
100
AcDbText
 10
255.8404169877906
 20
19.1
 30
0.0
 40
2.799999999999999
  1

  7
HH_CHN
100
AcDbAttributeDefinition
  3

  2
MATERIAL
 70
0
 71
1
 72
0
  0
TEXT
  5
808
330
7E9
100
AcDbEntity
  8
HH_TITLE
100
AcDbText
 10
294.7168214821726
 20
24.4
 30
0.0
 40
2.2
  1
重量
  7
HH_CHN
100
AcDbText
  0
ATTDEF
  5
809
330
7E9
100
AcDbEntity
  8
HH_TITLE
100
AcDbText
 10
291.8404169877906
 20
19.1
 30
0.0
 40
2.799999999999999
  1

  7
HH_CHN
100
AcDbAttributeDefinition
  3

  2
WEIGHT
 70
0
 71
1
 72
0
  0
TEXT
  5
80A
330
7E9
100
AcDbEntity
  8
HH_TITLE
100
AcDbText
 10
330.7168214821726
 20
24.4
 30
0.0
 40
2.2
  1
版本
  7
HH_CHN
100
AcDbText
  0
ATTDEF
  5
80B
330
7E9
100
AcDbEntity
  8
HH_TITLE
100
AcDbText
 10
327.8404169877905
 20
19.1
 30
0.0
 40
2.799999999999999
  1

  7
HH_CHN
100
AcDbAttributeDefinition
  3

  2
VERSION
 70
0
 71
1
 72
0
  0
TEXT
  5
80C
330
7E9
100
AcDbEntity
  8
HH_TITLE
100
AcDbText
 10
366.7168214821726
 20
24.4
 30
0.0
 40
2.2
  1
日期
  7
HH_CHN
100
AcDbText
  0
ATTDEF
  5
80D
330
7E9
100
AcDbEntity
  8
HH_TITLE
100
AcDbText
 10
363.8404169877906
 20
19.1
 30
0.0
 40
2.799999999999999
  1

  7
HH_CHN
100
AcDbAttributeDefinition
  3

  2
DATE
 70
0
 71
1
 72
0
  0
TEXT
  5
80E
330
7E9
100
AcDbEntity
  8
HH_TITLE
100
AcDbText
 10
402.7168214821726
 20
24.4
 30
0.0
 40
2.2
  1
图幅
  7
HH_CHN
100
AcDbText
  0
ATTDEF
  5
80F
330
7E9
100
AcDbEntity
  8
HH_TITLE
100
AcDbText
 10
399.8404169877906
 20
19.1
 30
0.0
 40
2.799999999999999
  1

  7
HH_CHN
100
AcDbAttributeDefinition
  3

  2
SHEET
 70
0
 71
1
 72
0
  0
TEXT
  5
810
330
7E9
100
AcDbEntity
  8
HH_TITLE
100
AcDbText
 10
258.7168214821726
 20
13.4
 30
0.0
 40
2.2
  1
设计
  7
HH_CHN
100
AcDbText
  0
ATTDEF
  5
811
330
7E9
100
AcDbEntity
  8
HH_TITLE
100
AcDbText
 10
255.8404169877906
 20
8.099999999999998
 30
0.0
 40
2.799999999999999
  1

  7
HH_CHN
100
AcDbAttributeDefinition
  3

  2
DESIGN
 70
0
 71
1
 72
0
  0
TEXT
  5
812
330
7E9
100
AcDbEntity
  8
HH_TITLE
100
AcDbText
 10
294.7168214821726
 20
13.4
 30
0.0
 40
2.2
  1
校对
  7
HH_CHN
100
AcDbText
  0
ATTDEF
  5
813
330
7E9
100
AcDbEntity
  8
HH_TITLE
100
AcDbText
 10
291.8404169877906
 20
8.099999999999998
 30
0.0
 40
2.799999999999999
  1

  7
HH_CHN
100
AcDbAttributeDefinition
  3

  2
CHECKED
 70
0
 71
1
 72
0
  0
TEXT
  5
814
330
7E9
100
AcDbEntity
  8
HH_TITLE
100
AcDbText
 10
330.7168214821726
 20
13.4
 30
0.0
 40
2.2
  1
审核
  7
HH_CHN
100
AcDbText
  0
ATTDEF
  5
815
330
7E9
100
AcDbEntity
  8
HH_TITLE
100
AcDbText
 10
327.8404169877905
 20
8.099999999999998
 30
0.0
 40
2.799999999999999
  1

  7
HH_CHN
100
AcDbAttributeDefinition
  3

  2
REVIEWED
 70
0
 71
1
 72
0
  0
TEXT
  5
816
330
7E9
100
AcDbEntity
  8
HH_TITLE
100
AcDbText
 10
366.7168214821726
 20
13.4
 30
0.0
 40
2.2
  1
批准
  7
HH_CHN
100
AcDbText
  0
ATTDEF
  5
817
330
7E9
100
AcDbEntity
  8
HH_TITLE
100
AcDbText
 10
363.8404169877906
 20
8.099999999999998
 30
0.0
 40
2.799999999999999
  1

  7
HH_CHN
100
AcDbAttributeDefinition
  3

  2
APPROVED
 70
0
 71
1
 72
0
  0
TEXT
  5
818
330
7E9
100
AcDbEntity
  8
HH_TITLE
100
AcDbText
 10
402.7168214821726
 20
13.4
 30
0.0
 40
2.2
  1
会签
  7
HH_CHN
100
AcDbText
  0
ATTDEF
  5
819
330
7E9
100
AcDbEntity
  8
HH_TITLE
100
AcDbText
 10
399.8404169877906
 20
8.099999999999998
 30
0.0
 40
2.799999999999999
  1

  7
HH_CHN
100
AcDbAttributeDefinition
  3

  2
COUNTERSIGN
 70
0
 71
1
 72
0
  0
LINE
  5
81A
330
7E9
100
AcDbEntity
  8
HH_TITLE
100
AcDbLine
 10
208.4404332129964
 20
6.0
 30
0.0
 11
220.4404332129964
 21
6.0
 31
0.0
  0
LINE
  5
81B
330
7E9
100
AcDbEntity
  8
HH_TITLE
100
AcDbLine
 10
214.4404332129964
 20
0.0
 30
0.0
 11
214.4404332129964
 21
12.0
 31
0.0
  0
LINE
  5
81C
330
7E9
100
AcDbEntity
  8
HH_TITLE
100
AcDbLine
 10
208.4404332129964
 20
293.0
 30
0.0
 11
220.4404332129964
 21
293.0
 31
0.0
  0
LINE
  5
81D
330
7E9
100
AcDbEntity
  8
HH_TITLE
100
AcDbLine
 10
214.4404332129964
 20
287.0
 30
0.0
 11
214.4404332129964
 21
299.0
 31
0.0
  0
LINE
  5
81E
330
7E9
100
AcDbEntity
  8
HH_TITLE
100
AcDbLine
 10
19.0
 20
149.5
 30
0.0
 11
31.0
 21
149.5
 31
0.0
  0
LINE
  5
81F
330
7E9
100
AcDbEntity
  8
HH_TITLE
100
AcDbLine
 10
25.0
 20
143.5
 30
0.0
 11
25.0
 21
155.5
 31
0.0
  0
LINE
  5
820
330
7E9
100
AcDbEntity
  8
HH_TITLE
100
AcDbLine
 10
417.8808664259928
 20
149.5
 30
0.0
 11
429.8808664259928
 21
149.5
 31
0.0
  0
LINE
  5
821
330
7E9
100
AcDbEntity
  8
HH_TITLE
100
AcDbLine
 10
423.8808664259928
 20
143.5
 30
0.0
 11
423.8808664259928
 21
155.5
 31
0.0
  0
CIRCLE
  5
822
330
7E9
100
AcDbEntity
  8
HH_TITLE
100
AcDbCircle
 10
41.0
 20
277.0
 30
0.0
 40
6.0
  0
LINE
  5
823
330
7E9
100
AcDbEntity
  8
HH_TITLE
100
AcDbLine
 10
41.0
 20
271.0
 30
0.0
 11
41.0
 21
283.0
 31
0.0
  0
LINE
  5
824
330
7E9
100
AcDbEntity
  8
HH_TITLE
100
AcDbLine
 10
41.0
 20
277.0
 30
0.0
 11
38.0
 21
274.0
 31
0.0
  0
LINE
  5
825
330
7E9
100
AcDbEntity
  8
HH_TITLE
100
AcDbLine
 10
41.0
 20
277.0
 30
0.0
 11
44.0
 21
280.0
 31
0.0
  0
ENDBLK
  5
7EB
330
7E9
100
AcDbEntity
  8
0
100
AcDbBlockEnd
  0
ENDSEC
  0
SECTION
  2
ENTITIES
  0
LINE
  5
74
330
1F
100
AcDbEntity
  8
10
 62
7
370
25
100
AcDbLine
 10
360.0
 20
38.00000000000004
 30
0.0
 11
360.0
 21
10.0
 31
0.0
  0
LINE
  5
75
330
1F
100
AcDbEntity
  8
10
 62
7
370
25
100
AcDbLine
 10
347.9999999999999
 20
48.00000000000135
 30
0.0
 11
347.9999999999999
 21
28.00000000000003
 31
0.0
  0
LINE
  5
76
330
1F
100
AcDbEntity
  8
10
 62
7
370
25
100
AcDbLine
 10
335.986217321941
 20
48.00000000000004
 30
0.0
 11
335.986217321941
 21
28.00000000000003
 31
0.0
  0
LINE
  5
77
330
1F
100
AcDbEntity
  8
SLD-0
370
25
100
AcDbLine
 10
335.986217321941
 20
19.00000000000003
 30
0.0
 11
335.986217321941
 21
10.00000000000003
 31
0.0
  0
LINE
  5
78
330
1F
100
AcDbEntity
  8
SLD-0
100
AcDbLine
 10
323.0000000000024
 20
38.00000000000004
 30
0.0
 11
323.0000000000024
 21
28.00000000000003
 31
0.0
  0
LINE
  5
79
330
1F
100
AcDbEntity
  8
SLD-0
100
AcDbLine
 10
316.5000000000024
 20
38.00000000000004
 30
0.0
 11
316.5000000000024
 21
28.00000000000003
 31
0.0
  0
LINE
  5
7A
330
1F
100
AcDbEntity
  8
10
 62
7
370
25
100
AcDbLine
 10
310.0000000000023
 20
48.00000000000216
 30
0.0
 11
410.0000000000023
 21
48.00000000000004
 31
0.0
  0
LINE
  5
7B
330
1F
100
AcDbEntity
  8
10
 62
7
370
25
100
AcDbLine
 10
310.0
 20
28.00000000000003
 30
0.0
 11
410.0
 21
28.00000000000003
 31
0.0
  0
LINE
  5
7C
330
1F
100
AcDbEntity
  8
10
 62
7
370
25
100
AcDbLine
 10
310.0
 20
19.00000000000003
 30
0.0
 11
410.0
 21
19.00000000000003
 31
0.0
  0
LINE
  5
7D
330
1F
100
AcDbEntity
  8
10
 62
7
370
25
100
AcDbLine
 10
266.0
 20
66.00000000000001
 30
0.0
 11
266.0
 21
38.00000000000004
 31
0.0
  0
LINE
  5
7E
330
1F
100
AcDbEntity
  8
10
 62
7
370
25
100
AcDbLine
 10
250.0
 20
66.00000000000004
 30
0.0
 11
250.0
 21
38.00000000000004
 31
0.0
  0
LINE
  5
7F
330
1F
100
AcDbEntity
  8
10
 62
7
370
25
100
AcDbLine
 10
240.0
 20
66.00000000000004
 30
0.0
 11
240.0
 21
38.00000000000004
 31
0.0
  0
LINE
  5
80
330
1F
100
AcDbEntity
  8
10
 62
7
370
25
100
AcDbLine
 10
360.0
 20
66.0
 30
0.0
 11
360.0
 21
38.00000000000004
 31
0.0
  0
LINE
  5
81
330
1F
100
AcDbEntity
  8
10
 62
7
370
25
100
AcDbLine
 10
310.0000000000023
 20
65.9999999999894
 30
0.0
 11
310.0000000000023
 21
9.999999999989393
 31
0.0
  0
LINE
  5
82
330
1F
100
AcDbEntity
  8
10
 62
7
370
25
100
AcDbLine
 10
294.0
 20
66.00000000000001
 30
0.0
 11
294.0
 21
10.00000000000001
 31
0.0
  0
LINE
  5
83
330
1F
100
AcDbEntity
  8
10
 62
7
370
25
100
AcDbLine
 10
282.0
 20
66.00000000000001
 30
0.0
 11
282.0
 21
10.00000000000002
 31
0.0
  0
LINE
  5
84
330
1F
100
AcDbEntity
  8
10
 62
7
370
25
100
AcDbLine
 10
269.9999999999999
 20
38.00000000000004
 30
0.0
 11
269.9999999999999
 21
10.00000000000002
 31
0.0
  0
LINE
  5
85
330
1F
100
AcDbEntity
  8
10
 62
7
370
25
100
AcDbLine
 10
254.0
 20
38.00000000000004
 30
0.0
 11
254.0
 21
10.00000000000002
 31
0.0
  0
LINE
  5
86
330
1F
100
AcDbEntity
  8
10
 62
7
100
AcDbLine
 10
229.9999999999999
 20
59.00000000000003
 30
0.0
 11
310.0
 21
59.00000000000003
 31
0.0
  0
LINE
  5
87
330
1F
100
AcDbEntity
  8
10
 62
7
100
AcDbLine
 10
229.9999999999999
 20
52.00000000000004
 30
0.0
 11
310.0
 21
52.00000000000004
 31
0.0
  0
LINE
  5
88
330
1F
100
AcDbEntity
  8
10
 62
7
370
25
100
AcDbLine
 10
229.9999999999999
 20
45.00000000000004
 30
0.0
 11
310.0
 21
45.00000000000004
 31
0.0
  0
LINE
  5
89
330
1F
100
AcDbEntity
  8
10
 62
7
370
25
100
AcDbLine
 10
229.9999999999999
 20
38.00000000000004
 30
0.0
 11
360.0
 21
38.00000000000004
 31
0.0
  0
LINE
  5
8A
330
1F
100
AcDbEntity
  8
10
 62
7
370
25
100
AcDbLine
 10
229.9999999999999
 20
31.00000000000004
 30
0.0
 11
310.0
 21
31.00000000000004
 31
0.0
  0
LINE
  5
8B
330
1F
100
AcDbEntity
  8
10
 62
7
370
25
100
AcDbLine
 10
229.9999999999999
 20
24.00000000000003
 30
0.0
 11
310.0
 21
24.00000000000003
 31
0.0
  0
LINE
  5
8C
330
1F
100
AcDbEntity
  8
10
 62
7
370
25
100
AcDbLine
 10
229.9999999999999
 20
17.00000000000003
 30
0.0
 11
310.0
 21
17.00000000000003
 31
0.0
  0
LINE
  5
8D
330
1F
100
AcDbEntity
  8
5
 62
7
370
25
100
AcDbLine
 10
229.9999999999999
 20
66.00000000000004
 30
0.0
 11
410.0
 21
66.00000000000004
 31
0.0
  0
LINE
  5
8E
330
1F
100
AcDbEntity
  8
5
 62
7
370
25
100
AcDbLine
 10
229.9999999999999
 20
66.00000000000004
 30
0.0
 11
229.9999999999999
 21
10.00000000000003
 31
0.0
  0
LINE
  5
8F
330
1F
100
AcDbEntity
  8
10
 62
7
370
25
100
AcDbLine
 10
242.0
 20
38.00000000000004
 30
0.0
 11
242.0
 21
10.00000000000002
 31
0.0
  0
LINE
  5
90
330
1F
100
AcDbEntity
  8
SLD-0
100
AcDbLine
 10
329.5000000000023
 20
38.00000000000004
 30
0.0
 11
329.5000000000023
 21
28.00000000000003
 31
0.0
  0
LINE
  5
95
330
1F
100
AcDbEntity
  8
0
  6
Continuous
 62
7
370
35
100
AcDbLine
 10
0.0
 20
148.5
 30
0.0
 11
15.0
 21
148.5
 31
0.0
  0
LINE
  5
96
330
1F
100
AcDbEntity
  8
0
  6
Continuous
 62
7
370
35
100
AcDbLine
 10
210.0
 20
297.0
 30
0.0
 11
210.0
 21
282.0
 31
0.0
  0
LINE
  5
97
330
1F
100
AcDbEntity
  8
0
  6
Continuous
 62
7
370
35
100
AcDbLine
 10
420.0000000000001
 20
148.5
 30
0.0
 11
405.0
 21
148.5
 31
0.0
  0
LINE
  5
98
330
1F
100
AcDbEntity
  8
0
  6
Continuous
 62
7
370
35
100
AcDbLine
 10
210.0
 20
0.0
 30
0.0
 11
210.0
 21
15.0
 31
0.0
  0
LINE
  5
99
330
1F
100
AcDbEntity
  8
0
  6
Continuous
 62
7
370
35
100
AcDbLine
 10
10.0
 20
48.49999999999998
 30
0.0
 11
0.0
 21
48.49999999999998
 31
0.0
  0
LINE
  5
9A
330
1F
100
AcDbEntity
  8
0
  6
Continuous
 62
7
370
35
100
AcDbLine
 10
410.0
 20
48.49999999999998
 30
0.0
 11
420.0000000000001
 21
48.49999999999998
 31
0.0
  0
LINE
  5
9B
330
1F
100
AcDbEntity
  8
0
  6
Continuous
 62
7
370
35
100
AcDbLine
 10
10.0
 20
98.49999999999999
 30
0.0
 11
0.0
 21
98.49999999999999
 31
0.0
  0
LINE
  5
9C
330
1F
100
AcDbEntity
  8
0
  6
Continuous
 62
7
370
35
100
AcDbLine
 10
410.0
 20
98.49999999999999
 30
0.0
 11
420.0000000000001
 21
98.49999999999999
 31
0.0
  0
LINE
  5
9D
330
1F
100
AcDbEntity
  8
0
  6
Continuous
 62
7
370
35
100
AcDbLine
 10
10.0
 20
148.5
 30
0.0
 11
0.0
 21
148.5
 31
0.0
  0
LINE
  5
9E
330
1F
100
AcDbEntity
  8
0
  6
Continuous
 62
7
370
35
100
AcDbLine
 10
410.0
 20
148.5
 30
0.0
 11
420.0000000000001
 21
148.5
 31
0.0
  0
LINE
  5
9F
330
1F
100
AcDbEntity
  8
0
  6
Continuous
 62
7
370
35
100
AcDbLine
 10
10.0
 20
198.5
 30
0.0
 11
0.0
 21
198.5
 31
0.0
  0
LINE
  5
A0
330
1F
100
AcDbEntity
  8
0
  6
Continuous
 62
7
370
35
100
AcDbLine
 10
410.0
 20
198.5
 30
0.0
 11
420.0000000000001
 21
198.5
 31
0.0
  0
LINE
  5
A1
330
1F
100
AcDbEntity
  8
0
  6
Continuous
 62
7
370
35
100
AcDbLine
 10
10.0
 20
248.5
 30
0.0
 11
0.0
 21
248.5
 31
0.0
  0
LINE
  5
A2
330
1F
100
AcDbEntity
  8
0
  6
Continuous
 62
7
370
35
100
AcDbLine
 10
410.0
 20
248.5
 30
0.0
 11
420.0000000000001
 21
248.5
 31
0.0
  0
LINE
  5
A3
330
1F
100
AcDbEntity
  8
0
  6
Continuous
 62
7
370
35
100
AcDbLine
 10
59.99999999999997
 20
287.0
 30
0.0
 11
59.99999999999997
 21
297.0
 31
0.0
  0
LINE
  5
A4
330
1F
100
AcDbEntity
  8
0
  6
Continuous
 62
7
370
35
100
AcDbLine
 10
59.99999999999997
 20
10.0
 30
0.0
 11
59.99999999999997
 21
0.0
 31
0.0
  0
LINE
  5
A5
330
1F
100
AcDbEntity
  8
0
  6
Continuous
 62
7
370
35
100
AcDbLine
 10
110.0
 20
287.0
 30
0.0
 11
110.0
 21
297.0
 31
0.0
  0
LINE
  5
A6
330
1F
100
AcDbEntity
  8
0
  6
Continuous
 62
7
370
35
100
AcDbLine
 10
110.0
 20
10.0
 30
0.0
 11
110.0
 21
0.0
 31
0.0
  0
LINE
  5
A7
330
1F
100
AcDbEntity
  8
0
  6
Continuous
 62
7
370
35
100
AcDbLine
 10
159.9999999999999
 20
287.0
 30
0.0
 11
159.9999999999999
 21
297.0
 31
0.0
  0
LINE
  5
A8
330
1F
100
AcDbEntity
  8
0
  6
Continuous
 62
7
370
35
100
AcDbLine
 10
159.9999999999999
 20
10.0
 30
0.0
 11
159.9999999999999
 21
0.0
 31
0.0
  0
LINE
  5
A9
330
1F
100
AcDbEntity
  8
0
  6
Continuous
 62
7
370
35
100
AcDbLine
 10
210.0
 20
287.0
 30
0.0
 11
210.0
 21
297.0
 31
0.0
  0
LINE
  5
AA
330
1F
100
AcDbEntity
  8
0
  6
Continuous
 62
7
370
35
100
AcDbLine
 10
210.0
 20
10.0
 30
0.0
 11
210.0
 21
0.0
 31
0.0
  0
LINE
  5
AB
330
1F
100
AcDbEntity
  8
0
  6
Continuous
 62
7
370
35
100
AcDbLine
 10
260.0
 20
287.0
 30
0.0
 11
260.0
 21
297.0
 31
0.0
  0
LINE
  5
AC
330
1F
100
AcDbEntity
  8
0
  6
Continuous
 62
7
370
35
100
AcDbLine
 10
260.0
 20
10.0
 30
0.0
 11
260.0
 21
0.0
 31
0.0
  0
LINE
  5
AD
330
1F
100
AcDbEntity
  8
0
  6
Continuous
 62
7
370
35
100
AcDbLine
 10
310.0
 20
287.0
 30
0.0
 11
310.0
 21
297.0
 31
0.0
  0
LINE
  5
AE
330
1F
100
AcDbEntity
  8
0
  6
Continuous
 62
7
370
35
100
AcDbLine
 10
310.0
 20
10.0
 30
0.0
 11
310.0
 21
0.0
 31
0.0
  0
LINE
  5
AF
330
1F
100
AcDbEntity
  8
0
  6
Continuous
 62
7
370
35
100
AcDbLine
 10
360.0
 20
287.0
 30
0.0
 11
360.0
 21
297.0
 31
0.0
  0
LINE
  5
B0
330
1F
100
AcDbEntity
  8
0
  6
Continuous
 62
7
370
35
100
AcDbLine
 10
360.0
 20
10.0
 30
0.0
 11
360.0
 21
0.0
 31
0.0
  0
LWPOLYLINE
  5
EB
330
1F
100
AcDbEntity
  8
0
  6
CENTERX2
 62
7
100
AcDbPolyline
 90
17
 70
128
 10
203.7129697666209
 20
186.1229132819153
 10
203.0641201129606
 20
186.5051459998223
 10
202.4386561307146
 20
186.3993028660366
 10
201.9317990413346
 20
185.8214975382069
 10
201.6207132420078
 20
184.8596956396768
 10
201.552758725682
 20
183.6603227907417
 10
201.7382809514586
 20
182.40597263531
 10
202.149035842226
 20
181.2876086138336
 10
202.7224896893674
 20
180.4754915105873
 10
203.3713393430277
 20
180.0932587926804
 10
203.9968033252737
 20
180.1991019264661
 10
204.5036604146537
 20
180.7769072542958
 10
204.8147462139805
 20
181.7387091528258
 10
204.8827007303063
 20
182.9380820017609
 10
204.6971785045298
 20
184.1924321571927
 10
204.2864236137623
 20
185.310796178669
 10
203.7129697666209
 20
186.1229132819153
  0
LWPOLYLINE
  5
EE
330
1F
100
AcDbEntity
  8
0
  6
Continuous
 62
7
100
AcDbPolyline
 90
17
 70
128
 10
199.9687452079387
 20
153.7900865662703
 10
199.8389287136431
 20
153.7393685234802
 10
199.8023708330921
 20
153.6811502221285
 10
199.8646371722016
 20
153.624294870846
 10
200.0162482452878
 20
153.5774581814703
 10
200.2341226408314
 20
153.5477706153832
 10
200.485090957147
 20
153.5397518354029
 10
200.730945543109
 20
153.5546226280913
 10
200.9342572666821
 20
153.5901190500653
 10
201.0640737609777
 20
153.6408370928554
 10
201.1006316415287
 20
153.699055394207
 10
201.0383653024192
 20
153.7559107454896
 10
200.886754229333
 20
153.8027474348653
 10
200.6688798337894
 20
153.8324350009524
 10
200.4179115174739
 20
153.8404537809326
 10
200.1720569315118
 20
153.8255829882443
 10
199.9687452079387
 20
153.7900865662703
  0
LWPOLYLINE
  5
EF
330
1F
100
AcDbEntity
  8
0
  6
Continuous
 62
7
100
AcDbPolyline
 90
17
 70
128
 10
170.8141568352465
 20
164.9973972600124
 10
170.6843403409508
 20
164.9466792172223
 10
170.6477824603998
 20
164.8884609158706
 10
170.7100487995093
 20
164.8316055645881
 10
170.8616598725956
 20
164.7847688752124
 10
171.0795342681391
 20
164.7550813091253
 10
171.3305025844547
 20
164.7470625291451
 10
171.5763571704167
 20
164.7619333218334
 10
171.7796688939898
 20
164.7974297438074
 10
171.9094853882855
 20
164.8481477865976
 10
171.9460432688365
 20
164.9063660879492
 10
171.883776929727
 20
164.9632214392317
 10
171.7321658566407
 20
165.0100581286074
 10
171.5142914610972
 20
165.0397456946945
 10
171.2633231447816
 20
165.0477644746747
 10
171.0174685588196
 20
165.0328936819864
 10
170.8141568352465
 20
164.9973972600124
  0
LWPOLYLINE
  5
F1
330
1F
100
AcDbEntity
  8
0
  6
Continuous
 62
7
100
AcDbPolyline
 90
17
 70
128
 10
263.3795369940649
 20
162.7193753883782
 10
263.2497205118858
 20
162.6686509321941
 10
263.2131626511583
 20
162.6104221379652
 10
263.2754290147805
 20
162.5535538117677
 10
263.4270401133369
 20
162.5067036407524
 10
263.6449145314303
 20
162.4770041387585
 10
263.8958828639425
 20
162.468976785738
 10
264.141737457282
 20
162.4838436734201
 10
264.3450491782904
 20
162.5193414529239
 10
264.4748656604696
 20
162.570065909108
 10
264.511423521197
 20
162.6282947033369
 10
264.4491571575748
 20
162.6851630295344
 10
264.2975460590184
 20
162.7320132005498
 10
264.079671640925
 20
162.7617127025436
 10
263.8287033084129
 20
162.7697400555641
 10
263.5828487150734
 20
162.754873167882
 10
263.3795369940649
 20
162.7193753883782
  0
LWPOLYLINE
  5
F2
330
1F
100
AcDbEntity
  8
0
  6
Continuous
 62
7
100
AcDbPolyline
 90
17
 70
128
 10
234.2249429014793
 20
173.9297136940576
 10
234.0951264193002
 20
173.8789892378735
 10
234.0585685585728
 20
173.8207604436446
 10
234.120834922195
 20
173.7638921174471
 10
234.2724460207514
 20
173.7170419464318
 10
234.4903204388447
 20
173.6873424444379
 10
234.7412887713568
 20
173.6793150914174
 10
234.9871433646963
 20
173.6941819790995
 10
235.1904550857047
 20
173.7296797586032
 10
235.3202715678837
 20
173.7804042147874
 10
235.3568294286112
 20
173.8386330090162
 10
235.2945630649889
 20
173.8955013352138
 10
235.1429519664325
 20
173.9423515062291
 10
234.9250775483392
 20
173.972051008223
 10
234.6741092158271
 20
173.9800783612435
 10
234.4282546224877
 20
173.9652114735614
 10
234.2249429014793
 20
173.9297136940576
  0
LINE
  5
F3
330
1F
100
AcDbEntity
  8
0
  6
Continuous
 62
7
370
25
100
AcDbLine
 10
255.1748821272752
 20
183.9575075635522
 30
0.0
 11
276.3153998055358
 21
187.087683586196
 31
0.0
  0
LINE
  5
F4
330
1F
100
AcDbEntity
  8
0
  6
Continuous
 62
7
370
25
100
AcDbLine
 10
276.0956971799216
 20
188.5715066067406
 30
0.0
 11
254.9551795016611
 21
185.4413305840969
 31
0.0
  0
LINE
  5
F5
330
1F
100
AcDbEntity
  8
0
  6
Continuous
 62
7
370
25
100
AcDbLine
 10
195.3092517884721
 20
174.2649173787132
 30
0.0
 11
197.000493202733
 21
174.5153314605247
 31
0.0
  0
LINE
  5
F6
330
1F
100
AcDbEntity
  8
0
  6
Continuous
 62
7
370
25
100
AcDbLine
 10
196.4146195344286
 20
178.4721928486438
 30
0.0
 11
194.7233781201678
 21
178.2217787668322
 31
0.0
  0
LINE
  5
F7
330
1F
100
AcDbEntity
  8
0
  6
Continuous
 62
7
370
25
100
AcDbLine
 10
227.2684188487057
 20
178.9063243984299
 30
0.0
 11
228.9596602629665
 21
179.1567384802414
 31
0.0
  0
LINE
  5
F8
330
1F
100
AcDbEntity
  8
0
  6
Continuous
 62
7
370
25
100
AcDbLine
 10
228.3737865946622
 20
183.1135998683605
 30
0.0
 11
226.6825451804014
 21
182.863185786549
 31
0.0
  0
LINE
  5
F9
330
1F
100
AcDbEntity
  8
0
  6
Continuous
 62
7
370
25
100
AcDbLine
 10
236.2696038818266
 20
102.0138749295571
 30
0.0
 11
238.8015270627962
 21
101.9971833932446
 31
0.0
  0
LINE
  5
FA
330
1F
100
AcDbEntity
  8
0
  6
Continuous
 62
7
370
25
100
AcDbLine
 10
241.5161534509977
 20
101.9792873981077
 30
0.0
 11
243.7646746949278
 21
101.9644641703437
 31
0.0
  0
LINE
  5
FB
330
1F
100
AcDbEntity
  8
0
  6
Continuous
 62
7
370
25
100
AcDbLine
 10
243.7844515670002
 20
104.9643989821906
 30
0.0
 11
241.5359303230701
 21
104.9792222099547
 31
0.0
  0
LINE
  5
FC
330
1F
100
AcDbEntity
  8
0
  6
Continuous
 62
7
370
25
100
AcDbLine
 10
238.8213039348685
 20
104.9971182050915
 30
0.0
 11
236.289380753899
 21
105.013809741404
 31
0.0
  0
LINE
  5
FD
330
1F
100
AcDbEntity
  8
0
  6
Continuous
 62
7
370
25
100
AcDbLine
 10
245.5316533507178
 20
104.702875237387
 30
0.0
 11
243.7828034943275
 21
104.7144044145367
 31
0.0
  0
LINE
  5
FE
330
1F
100
AcDbEntity
  8
0
  6
Continuous
 62
7
370
25
100
AcDbLine
 10
243.7663227676005
 20
102.2144587379977
 30
0.0
 11
245.5151726239908
 21
102.2029295608479
 31
0.0
  0
LINE
  5
FF
330
1F
100
AcDbEntity
  8
0
  6
Continuous
 62
7
370
25
100
AcDbLine
 10
234.522402098109
 20
102.2753986743609
 30
0.0
 11
236.2416967565812
 21
102.264064337901
 31
0.0
  0
LINE
  5
100
330
1F
100
AcDbEntity
  8
0
  6
Continuous
 62
7
370
25
100
AcDbLine
 10
236.2581774833082
 20
104.76401001444
 30
0.0
 11
234.5388828248359
 21
104.7753443509
 31
0.0
  0
LINE
  5
101
330
1F
100
AcDbEntity
  8
0
  6
Continuous
 62
7
370
25
100
AcDbLine
 10
231.2129158104421
 20
215.9911145585412
 30
0.0
 11
231.2406949123374
 21
201.3993726982839
 31
0.0
  0
LINE
  5
102
330
1F
100
AcDbEntity
  8
0
  6
Continuous
 62
7
370
25
100
AcDbLine
 10
246.0112781852243
 20
218.1822377743918
 30
0.0
 11
246.0155807703696
 21
215.9221858833161
 31
0.0
  0
SPLINE
  5
103
330
1F
100
AcDbEntity
  8
0
  6
Continuous
 62
7
370
25
100
AcDbSpline
 70
8
 71
3
 72
29
 73
25
 74
0
 42
1e-08
 40
0.0
 40
0.0
 40
0.0
 40
0.0
 40
0.0415033145716386
 40
0.0770222473162891
 40
0.1062920238600621
 40
0.1304878352269724
 40
0.1593687098967367
 40
0.1912939079518988
 40
0.2258894575057176
 40
0.2641721614635743
 40
0.294904510783859
 40
0.3213658068594616
 40
0.3450853800862477
 40
0.367024344800277
 40
0.3896251804077966
 40
0.4210148813500819
 40
0.4699823849035394
 40
0.556499214432992
 40
0.6372131627314778
 40
0.7223996750713125
 40
0.805473920730925
 40
0.8877562237999502
 40
0.96968551065768
 40
1.0
 40
1.0
 40
1.0
 40
1.0
 10
241.6146390325752
 20
109.670254050431
 30
0.0
 10
241.6071560337163
 20
109.729033473787
 30
0.0
 10
241.5932690130114
 20
109.8381168886798
 30
0.0
 10
241.5592559926923
 20
110.0009019893605
 30
0.0
 10
241.4937386414338
 20
110.2068313147888
 30
0.0
 10
241.3591177588005
 20
110.4576348678625
 30
0.0
 10
241.1385261310977
 20
110.7059973022165
 30
0.0
 10
240.8111731872185
 20
110.9100008316512
 30
0.0
 10
240.3942639101261
 20
111.0113775214692
 30
0.0
 10
239.9700722072378
 20
110.9626455830401
 30
0.0
 10
239.6209531065445
 20
110.7952606204307
 30
0.0
 10
239.3794545926055
 20
110.5845187457199
 30
0.0
 10
239.2222915032743
 20
110.3657538809557
 30
0.0
 10
239.1315721089615
 20
110.1723070364692
 30
0.0
 10
239.0791747808771
 20
110.0091706700109
 30
0.0
 10
239.0431070542216
 20
109.847731041763
 30
0.0
 10
239.008127110671
 20
109.6202945633793
 30
0.0
 10
238.9734402750117
 20
109.2738374250998
 30
0.0
 10
238.9366165281491
 20
108.7397505486436
 30
0.0
 10
238.9036038958352
 20
108.0873993300053
 30
0.0
 10
238.8739617108443
 20
107.3143943241003
 30
0.0
 10
238.8488822348837
 20
106.4555324776792
 30
0.0
 10
238.8326417980108
 20
105.7223469407832
 30
0.0
 10
238.8251246788962
 20
105.2821022331215
 30
0.0
 10
238.8230944761091
 20
105.1632021573201
 30
0.0
  0
SPLINE
  5
104
330
1F
100
AcDbEntity
  8
0
  6
Continuous
 62
7
370
25
100
AcDbSpline
 70
8
 71
3
 72
24
 73
20
 74
0
 42
1e-08
 40
0.0
 40
0.0
 40
0.0
 40
0.0
 40
0.0672379949826593
 40
0.1977528104234429
 40
0.2485286823261438
 40
0.2916127214926387
 40
0.3328495197339802
 40
0.3814570225351234
 40
0.435256998501809
 40
0.4930084726098186
 40
0.5546216134494518
 40
0.6045491833442221
 40
0.6478442314276527
 40
0.6867832355770525
 40
0.7228296574750601
 40
0.761313448097301
 40
0.8154917123493657
 40
0.902424790866179
 40
0.9999999999999998
 40
0.9999999999999998
 40
0.9999999999999998
 40
0.9999999999999998
 10
238.9084795746796
 20
97.63008749365765
 30
0.0
 10
238.9139260426567
 20
97.55657675442089
 30
0.0
 10
238.9299445802354
 20
97.3403752557872
 30
0.0
 10
238.954367823594
 20
97.15870715558944
 30
0.0
 10
239.006377285689
 20
96.93015505956971
 30
0.0
 10
239.0778740528362
 20
96.72816713137208
 30
0.0
 10
239.2199132838964
 20
96.48125790345563
 30
0.0
 10
239.4559276067638
 20
96.23541691649451
 30
0.0
 10
239.7967852100731
 20
96.0431926685547
 30
0.0
 10
240.2166393766894
 20
95.96218336801157
 30
0.0
 10
240.6310607162161
 20
96.02804854515696
 30
0.0
 10
240.9658233751341
 20
96.202800992296
 30
0.0
 10
241.1965405224587
 20
96.41607959146997
 30
0.0
 10
241.344768635987
 20
96.63328622578635
 30
0.0
 10
241.4295761612123
 20
96.8225891368063
 30
0.0
 10
241.4790406854717
 20
96.98293771504518
 30
0.0
 10
241.5144212090278
 20
97.14889230634554
 30
0.0
 10
241.543654206373
 20
97.33953306359714
 30
0.0
 10
241.5611568971624
 20
97.53372684357106
 30
0.0
 10
241.5704130055787
 20
97.63642412039651
 30
0.0
  0
LINE
  5
105
330
1F
100
AcDbEntity
  8
0
  6
Continuous
 62
7
370
25
100
AcDbLine
 10
256.6463234236809
 20
131.6814501445884
 30
0.0
 11
256.5537264173631
 21
180.3205896787796
 31
0.0
  0
LINE
  5
106
330
1F
100
AcDbEntity
  8
0
  6
Continuous
 62
7
370
25
100
AcDbLine
 10
254.0537309477048
 20
180.3158302998408
 30
0.0
 11
254.1463279540226
 21
131.6766907656497
 31
0.0
  0
LINE
  5
107
330
1F
100
AcDbEntity
  8
0
  6
Continuous
 62
7
370
25
100
AcDbLine
 10
131.8244175962846
 20
160.1625477263124
 30
0.0
 11
133.5394290104102
 21
160.4040559430615
 31
0.0
  0
LINE
  5
108
330
1F
100
AcDbEntity
  8
0
  6
Continuous
 62
7
370
25
100
AcDbLine
 10
132.6330407068721
 20
166.8405503494297
 30
0.0
 11
130.9180292927465
 21
166.5990421326806
 31
0.0
  0
LINE
  5
109
330
1F
100
AcDbEntity
  8
0
  6
Continuous
 62
7
370
25
100
AcDbLine
 10
243.6916055767755
 20
132.5362077857313
 30
0.0
 11
245.6902911269358
 21
132.5230315832744
 31
0.0
  0
LINE
  5
10A
330
1F
100
AcDbEntity
  8
0
  6
Continuous
 62
7
370
25
100
AcDbLine
 10
245.7331410164259
 20
139.0228903422761
 30
0.0
 11
243.7344554662656
 21
139.036066544733
 31
0.0
  0
LINE
  5
10B
330
1F
100
AcDbEntity
  8
0
  6
Continuous
 62
7
370
25
100
AcDbLine
 10
234.697520601054
 20
132.5955006967873
 30
0.0
 11
236.6962061512143
 21
132.5823244943304
 31
0.0
  0
LINE
  5
10C
330
1F
100
AcDbEntity
  8
0
  6
Continuous
 62
7
370
25
100
AcDbLine
 10
236.7390560407044
 20
139.0821832533321
 30
0.0
 11
235.7966498551187
 21
139.0883960038555
 31
0.0
  0
LINE
  5
10D
330
1F
100
AcDbEntity
  8
0
  6
Continuous
 62
7
370
25
100
AcDbLine
 10
236.8580238768339
 20
192.1720368626436
 30
0.0
 11
236.8617277570867
 21
190.226471281276
 31
0.0
  0
LINE
  5
10E
330
1F
100
AcDbEntity
  8
0
  6
Continuous
 62
7
370
25
100
AcDbLine
 10
243.3617159781983
 20
190.2388456665168
 30
0.0
 11
243.3580120979456
 21
192.1844112478844
 31
0.0
  0
LINE
  5
10F
330
1F
100
AcDbEntity
  8
0
  6
Continuous
 62
7
370
25
100
AcDbLine
 10
193.0879774712149
 20
188.5754202186916
 30
0.0
 11
191.3729660570893
 21
188.3339120019425
 31
0.0
  0
LINE
  5
110
330
1F
100
AcDbEntity
  8
0
  6
Continuous
 62
7
370
25
100
AcDbLine
 10
200.0488616074577
 20
231.759616375242
 30
0.0
 11
198.333850193332
 21
231.5181081584928
 31
0.0
  0
LINE
  5
111
330
1F
100
AcDbEntity
  8
0
  6
Continuous
 62
7
370
25
100
AcDbLine
 10
199.2402384968702
 20
225.0816137521246
 30
0.0
 11
200.9552499109958
 21
225.3231219688738
 31
0.0
  0
LINE
  5
112
330
1F
100
AcDbEntity
  8
0
  6
Continuous
 62
7
370
25
100
AcDbLine
 10
232.6221086622766
 20
242.4261211037379
 30
0.0
 11
230.9070972481509
 21
242.1846128869887
 31
0.0
  0
LINE
  5
113
330
1F
100
AcDbEntity
  8
0
  6
Continuous
 62
7
370
25
100
AcDbLine
 10
231.813485551689
 20
235.7481184806205
 30
0.0
 11
233.5284969658147
 21
235.9896266973696
 31
0.0
  0
LINE
  5
114
330
1F
100
AcDbEntity
  8
0
  6
Continuous
 62
7
370
25
100
AcDbLine
 10
209.7068207310258
 20
239.4975417029673
 30
0.0
 11
207.9918093169001
 21
239.2560334862181
 31
0.0
  0
LINE
  5
115
330
1F
100
AcDbEntity
  8
0
  6
Continuous
 62
7
370
25
100
AcDbLine
 10
208.8981976204382
 20
232.8195390798499
 30
0.0
 11
210.6132090345639
 21
233.0610472965991
 31
0.0
  0
LINE
  5
116
330
1F
100
AcDbEntity
  8
0
  6
Continuous
 62
7
370
25
100
AcDbLine
 10
225.6606190424573
 20
199.6452449472502
 30
0.0
 11
223.9456076283316
 21
199.4037367305011
 31
0.0
  0
LINE
  5
117
330
1F
100
AcDbEntity
  8
0
  6
Continuous
 62
7
370
25
100
AcDbLine
 10
242.292037599414
 20
244.0861978212014
 30
0.0
 11
240.5770261852883
 21
243.8446896044522
 31
0.0
  0
LINE
  5
118
330
1F
100
AcDbEntity
  8
0
  6
Continuous
 62
7
370
25
100
AcDbLine
 10
241.4834144888265
 20
237.408195198084
 30
0.0
 11
243.1984259029522
 21
237.6497034148332
 31
0.0
  0
LINE
  5
119
330
1F
100
AcDbEntity
  8
0
  6
Continuous
 62
7
370
25
100
AcDbLine
 10
207.7347635342021
 20
169.2408433382746
 30
0.0
 11
208.4636433852055
 21
169.3434843303931
 31
0.0
  0
LINE
  5
11A
330
1F
100
AcDbEntity
  8
0
  6
Continuous
 62
7
370
25
100
AcDbLine
 10
209.840862411686
 20
171.0522242938941
 30
0.0
 11
207.5255970026164
 21
170.7261882012827
 31
0.0
  0
LINE
  5
11B
330
1F
100
AcDbEntity
  8
0
  6
Continuous
 62
7
370
25
100
AcDbLine
 10
224.4654847950346
 20
170.3763986569103
 30
0.0
 11
224.91079289363
 21
170.4391070236943
 31
0.0
  0
LINE
  5
11C
330
1F
100
AcDbEntity
  8
0
  6
Continuous
 62
7
370
25
100
AcDbLine
 10
202.6690462127506
 20
169.0567268180406
 30
0.0
 11
203.5265519198135
 21
169.1774809264152
 31
0.0
  0
LINE
  5
11D
330
1F
100
AcDbEntity
  8
0
  6
Continuous
 62
7
370
25
100
AcDbLine
 10
203.4567078414224
 20
169.7492186922535
 30
0.0
 11
203.3970455700062
 21
169.7408170404287
 31
0.0
  0
LINE
  5
11E
330
1F
100
AcDbEntity
  8
0
  6
Continuous
 62
7
370
25
100
AcDbLine
 10
203.238303790814
 20
168.7665901905446
 30
0.0
 11
203.5885466014753
 21
168.8159114463306
 31
0.0
  0
LINE
  5
11F
330
1F
100
AcDbEntity
  8
0
  6
Continuous
 62
7
370
25
100
AcDbLine
 10
202.6497943541553
 20
170.1396265190848
 30
0.0
 11
202.1384813683886
 21
170.0676233321811
 31
0.0
  0
LINE
  5
120
330
1F
100
AcDbEntity
  8
0
  6
Continuous
 62
7
370
25
100
AcDbLine
 10
202.1388863887828
 20
169.8548751640597
 30
0.0
 11
202.6986359033699
 21
169.9336991916905
 31
0.0
  0
LINE
  5
121
330
1F
100
AcDbEntity
  8
0
  6
Continuous
 62
7
370
25
100
AcDbLine
 10
202.6338569285095
 20
170.5009943945229
 30
0.0
 11
202.1339660358436
 21
170.4305996688304
 31
0.0
  0
LINE
  5
122
330
1F
100
AcDbEntity
  8
0
  6
Continuous
 62
7
370
25
100
AcDbLine
 10
202.139589964548
 20
169.48530252695
 30
0.0
 11
202.7599763247149
 21
169.5726654461151
 31
0.0
  0
LINE
  5
123
330
1F
100
AcDbEntity
  8
0
  6
Continuous
 62
7
370
25
100
AcDbLine
 10
203.3441795050695
 20
170.1747728282648
 30
0.0
 11
202.764393107295
 21
170.0931272031287
 31
0.0
  0
LINE
  5
124
330
1F
100
AcDbEntity
  8
0
  6
Continuous
 62
7
370
25
100
AcDbLine
 10
202.6589084032308
 20
169.8775704048184
 30
0.0
 11
203.4029121349565
 21
169.9823411445486
 31
0.0
  0
LINE
  5
125
330
1F
100
AcDbEntity
  8
0
  6
Continuous
 62
7
370
25
100
AcDbLine
 10
203.3220868060821
 20
170.5337741820736
 30
0.0
 11
202.708033544125
 21
170.4473030909411
 31
0.0
  0
LINE
  5
126
330
1F
100
AcDbEntity
  8
0
  6
Continuous
 62
7
370
25
100
AcDbLine
 10
204.1073577449973
 20
169.6690682661333
 30
0.0
 11
203.6786048914659
 21
169.6086912119461
 31
0.0
  0
LINE
  5
127
330
1F
100
AcDbEntity
  8
0
  6
Continuous
 62
7
370
25
100
AcDbLine
 10
203.777418625778
 20
169.0397827058182
 30
0.0
 11
204.2061714793094
 21
169.1001597600055
 31
0.0
  0
LINE
  5
128
330
1F
100
AcDbEntity
  8
0
  6
Continuous
 62
7
370
25
100
AcDbLine
 10
204.0749842723205
 20
170.0335306384699
 30
0.0
 11
203.6462314187891
 21
169.9731535842826
 31
0.0
  0
LINE
  5
129
330
1F
100
AcDbEntity
  8
0
  6
Continuous
 62
7
370
25
100
AcDbLine
 10
201.529093808826
 20
165.9978000742688
 30
0.0
 11
201.9578466623574
 21
166.0581771284561
 31
0.0
  0
LINE
  5
12A
330
1F
100
AcDbEntity
  8
0
  6
Continuous
 62
7
370
25
100
AcDbLine
 10
202.4681810585708
 20
168.3248200638479
 30
0.0
 11
202.1418867141821
 21
168.278871235403
 31
0.0
  0
LINE
  5
12B
330
1F
100
AcDbEntity
  8
0
  6
Continuous
 62
7
370
25
100
AcDbLine
 10
202.1447697488792
 20
166.7644774931466
 30
0.0
 11
202.6773475901565
 21
166.8394752008398
 31
0.0
  0
LINE
  5
12C
330
1F
100
AcDbEntity
  8
0
  6
Continuous
 62
7
370
25
100
AcDbLine
 10
203.029728796186
 20
166.2091197639243
 30
0.0
 11
203.4584816497174
 21
166.2694968181116
 31
0.0
  0
LINE
  5
12D
330
1F
100
AcDbEntity
  8
0
  6
Continuous
 62
7
370
25
100
AcDbLine
 10
204.3975688994622
 20
168.5965168076907
 30
0.0
 11
203.5745430790858
 21
168.4806181631799
 31
0.0
  0
LINE
  5
12E
330
1F
100
AcDbEntity
  8
0
  6
Continuous
 62
7
370
25
100
AcDbLine
 10
203.6454047362393
 20
166.9757971828022
 30
0.0
 11
204.6067354310479
 21
167.1111719446826
 31
0.0
  0
LINE
  5
12F
330
1F
100
AcDbEntity
  8
0
  6
Continuous
 62
7
370
25
100
AcDbLine
 10
204.9591166370774
 20
166.4808165077671
 30
0.0
 11
205.3878694906088
 21
166.5411935619544
 31
0.0
  0
LINE
  5
130
330
1F
100
AcDbEntity
  8
0
  6
Continuous
 62
7
370
25
100
AcDbLine
 10
202.5922901313289
 20
171.7206609493967
 30
0.0
 11
202.0676446954509
 21
171.646780284463
 31
0.0
  0
LINE
  5
131
330
1F
100
AcDbEntity
  8
0
  6
Continuous
 62
7
370
25
100
AcDbLine
 10
232.9994029731599
 20
188.755396105058
 30
0.0
 11
232.894796672007
 21
188.7406654268572
 31
0.0
  0
LINE
  5
132
330
1F
100
AcDbEntity
  8
0
  6
Continuous
 62
7
370
25
100
AcDbLine
 10
204.4704095477674
 20
184.7379381038658
 30
0.0
 11
204.3545907364985
 21
184.7216284779676
 31
0.0
  0
LINE
  5
133
330
1F
100
AcDbEntity
  8
0
  6
Continuous
 62
7
370
25
100
AcDbLine
 10
233.16430016473
 20
188.6764879122178
 30
0.0
 11
226.502925333689
 21
187.7384319067056
 31
0.0
  0
LINE
  5
134
330
1F
100
AcDbEntity
  8
0
  6
Continuous
 62
7
370
25
100
AcDbLine
 10
216.8716917305374
 20
186.382159853101
 30
0.0
 11
214.7690570787623
 21
186.0860664620933
 31
0.0
  0
LINE
  5
135
330
1F
100
AcDbEntity
  8
0
  6
Continuous
 62
7
370
25
100
AcDbLine
 10
215.1176679647351
 20
183.6104916904128
 30
0.0
 11
217.2203026165135
 21
183.9065850814209
 31
0.0
  0
LINE
  5
136
330
1F
100
AcDbEntity
  8
0
  6
Continuous
 62
7
370
25
100
AcDbLine
 10
226.3100268404471
 20
185.1866016865482
 30
0.0
 11
233.5129110507098
 21
186.2009131405382
 31
0.0
  0
LINE
  5
137
330
1F
100
AcDbEntity
  8
0
  6
Continuous
 62
7
370
25
100
AcDbLine
 10
250.7406541355841
 20
223.6803199930762
 30
0.0
 11
248.1681370143955
 21
223.3180576679524
 31
0.0
  0
LINE
  5
138
330
1F
100
AcDbEntity
  8
0
  6
Continuous
 62
7
370
25
100
AcDbLine
 10
260.1784792580478
 20
138.0295556340303
 30
0.0
 11
262.7509963792364
 21
138.391817959154
 31
0.0
  0
LINE
  5
139
330
1F
100
AcDbEntity
  8
0
  6
Continuous
 62
7
370
25
100
AcDbLine
 10
149.5201483759907
 20
170.2284623858797
 30
0.0
 11
143.5176084265507
 21
169.3831836272576
 31
0.0
  0
LINE
  5
13A
330
1F
100
AcDbEntity
  8
0
  6
Continuous
 62
7
370
25
100
AcDbLine
 10
144.7028854388699
 20
160.9662294035453
 30
0.0
 11
150.7054253883098
 21
161.8115081621674
 31
0.0
  0
LINE
  5
13B
330
1F
100
AcDbEntity
  8
0
  6
Continuous
 62
7
370
25
100
AcDbLine
 10
150.7819656383473
 20
173.6882178058129
 30
0.0
 11
149.0669542242216
 21
173.4467095890638
 31
0.0
  0
LINE
  5
13C
330
1F
100
AcDbEntity
  8
0
  6
Continuous
 62
7
370
25
100
AcDbLine
 10
151.1586195400789
 20
158.5932609589833
 30
0.0
 11
152.8736309542046
 21
158.8347691757324
 31
0.0
  0
LINE
  5
13D
330
1F
100
AcDbEntity
  8
0
  6
Continuous
 62
7
370
25
100
AcDbLine
 10
166.2844643709826
 20
124.8073835178438
 30
0.0
 11
168.8569814921712
 21
125.1696458429676
 31
0.0
  0
LINE
  5
13E
330
1F
100
AcDbEntity
  8
0
  6
Continuous
 62
7
370
25
100
AcDbLine
 10
156.8466392485188
 20
210.4581478768897
 30
0.0
 11
154.2741221273303
 21
210.095885551766
 31
0.0
  0
LINE
  5
13F
330
1F
100
AcDbEntity
  8
0
  6
Continuous
 62
7
370
25
100
AcDbLine
 10
208.0659862954796
 20
178.3255400323194
 30
0.0
 11
209.3522448560738
 21
178.5066711948813
 31
0.0
  0
LINE
  5
140
330
1F
100
AcDbEntity
  8
0
  6
Continuous
 62
7
370
25
100
AcDbLine
 10
207.8183569577785
 20
189.3992001902736
 30
0.0
 11
206.5320983971842
 21
189.2180690277118
 31
0.0
  0
LINE
  5
141
330
1F
100
AcDbEntity
  8
0
  6
Continuous
 62
7
370
25
100
AcDbLine
 10
211.3275575537561
 20
181.5619679268342
 30
0.0
 11
214.1138071238771
 21
181.9543280939769
 31
0.0
  0
LINE
  5
142
330
1F
100
AcDbEntity
  8
0
  6
Continuous
 62
7
370
25
100
AcDbLine
 10
213.3468631747294
 20
187.4005925916731
 30
0.0
 11
210.5606136046084
 21
187.0082324245304
 31
0.0
  0
LINE
  5
143
330
1F
100
AcDbEntity
  8
0
  6
Continuous
 62
7
370
25
100
AcDbLine
 10
242.1907899270316
 20
185.9081338777897
 30
0.0
 11
244.3059012162136
 21
186.2059842311279
 31
0.0
  0
LINE
  5
144
330
1F
100
AcDbEntity
  8
0
  6
Continuous
 62
7
370
25
100
AcDbLine
 10
243.538957267066
 20
191.652248728824
 30
0.0
 11
243.3590734295566
 21
191.6269174543724
 31
0.0
  0
LINE
  5
145
330
1F
100
AcDbEntity
  8
0
  6
Continuous
 62
7
370
25
100
AcDbLine
 10
210.4361095054471
 20
175.7770595587738
 30
0.0
 11
201.2483739802489
 21
174.4832409845197
 31
0.0
  0
LINE
  5
146
330
1F
100
AcDbEntity
  8
0
  6
Continuous
 62
7
370
25
100
AcDbLine
 10
201.2531790380776
 20
171.9592514140925
 30
0.0
 11
211.0288342222039
 21
173.3358609407857
 31
0.0
  0
LINE
  5
147
330
1F
100
AcDbEntity
  8
0
  6
Continuous
 62
7
370
25
100
AcDbLine
 10
225.3265622235745
 20
191.0035974137221
 30
0.0
 11
222.7540451023859
 21
190.6413350885983
 31
0.0
  0
LINE
  5
148
330
1F
100
AcDbEntity
  8
0
  6
Continuous
 62
7
370
25
100
AcDbLine
 10
224.1479336521955
 20
180.6888415209764
 30
0.0
 11
225.9240273890027
 21
180.9389513614257
 31
0.0
  0
LINE
  5
149
330
1F
100
AcDbEntity
  8
0
  6
Continuous
 62
7
370
25
100
AcDbLine
 10
225.1135334573916
 20
192.4641463177732
 30
0.0
 11
222.5410163362031
 21
192.1018839926495
 31
0.0
  0
LINE
  5
14A
330
1F
100
AcDbEntity
  8
0
  6
Continuous
 62
7
370
25
100
AcDbLine
 10
218.1686627371216
 20
168.3872027635696
 30
0.0
 11
220.7411798583101
 21
168.7494650886934
 31
0.0
  0
LINE
  5
14B
330
1F
100
AcDbEntity
  8
0
  6
Continuous
 62
7
370
25
100
AcDbLine
 10
207.8274845823429
 20
190.0471511788859
 30
0.0
 11
207.4148237579604
 21
189.9890402071466
 31
0.0
  0
LINE
  5
14C
330
1F
100
AcDbEntity
  8
0
  6
Continuous
 62
7
370
25
100
AcDbLine
 10
226.8412820363908
 20
191.1425469185784
 30
0.0
 11
225.74736895634
 21
190.9885018812884
 31
0.0
  0
LINE
  5
14D
330
1F
100
AcDbEntity
  8
0
  6
Continuous
 62
7
370
25
100
AcDbLine
 10
226.6148147902601
 20
192.6015279679199
 30
0.0
 11
225.2967475389074
 21
192.4159174997867
 31
0.0
  0
LINE
  5
14E
330
1F
100
AcDbEntity
  8
0
  6
Continuous
 62
7
370
25
100
AcDbLine
 10
198.5641597624049
 20
185.2947853646425
 30
0.0
 11
195.9916426412164
 21
184.9325230395188
 31
0.0
  0
LINE
  5
14F
330
1F
100
AcDbEntity
  8
0
  6
Continuous
 62
7
370
25
100
AcDbLine
 10
201.2323647276346
 20
182.8925438627604
 30
0.0
 11
204.5788250448508
 21
183.3637930083789
 31
0.0
  0
LINE
  5
150
330
1F
100
AcDbEntity
  8
0
  6
Continuous
 62
7
370
25
100
AcDbLine
 10
204.4924863065048
 20
184.1886917193158
 30
0.0
 11
201.1341722077233
 21
183.7157733220387
 31
0.0
  0
LINE
  5
151
330
1F
100
AcDbEntity
  8
0
  6
Continuous
 62
7
370
25
100
AcDbLine
 10
201.2351986761534
 20
181.4039339938577
 30
0.0
 11
204.8875373268956
 21
181.9182569815881
 31
0.0
  0
LINE
  5
152
330
1F
100
AcDbEntity
  8
0
  6
Continuous
 62
7
370
25
100
AcDbLine
 10
202.6948133990298
 20
187.0125645537715
 30
0.0
 11
198.4072848637156
 21
186.4087940118985
 31
0.0
  0
SPLINE
  5
153
330
1F
100
AcDbEntity
  8
0
  6
Continuous
 62
7
370
25
100
AcDbSpline
 70
8
 71
3
 72
16
 73
12
 74
0
 42
1e-08
 40
0.0
 40
0.0
 40
0.0
 40
0.0
 40
0.0064501778396796
 40
0.1083857105969121
 40
0.2103251244137549
 40
0.2904056030950936
 40
0.370475948311388
 40
0.5135296945203996
 40
0.6565084021175555
 40
0.9158871942414153
 40
1.0
 40
1.0
 40
1.0
 40
1.0
 10
235.3697697800309
 20
199.640186241087
 30
0.0
 10
235.377491322921
 20
199.6267046739218
 30
0.0
 10
235.5072404451717
 20
199.400166852256
 30
0.0
 10
235.7716591046802
 20
198.9882426124059
 30
0.0
 10
236.0849897302165
 20
198.3391942977181
 30
0.0
 10
236.3906505203217
 20
197.7739846597446
 30
0.0
 10
236.7526196071772
 20
197.1375287066566
 30
0.0
 10
237.1634820615472
 20
196.3153137688013
 30
0.0
 10
237.7775725169101
 20
195.0981374819356
 30
0.0
 10
238.2932686899339
 20
193.9448842745981
 30
0.0
 10
238.6001043905739
 20
193.0642501091825
 30
0.0
 10
238.675241051403
 20
192.8486040469305
 30
0.0
  0
SPLINE
  5
154
330
1F
100
AcDbEntity
  8
0
  6
Continuous
 62
7
370
25
100
AcDbSpline
 70
8
 71
3
 72
13
 73
9
 74
0
 42
1e-08
 40
0.0
 40
0.0
 40
0.0
 40
0.0
 40
0.0590405556983775
 40
0.221617904855806
 40
0.3843048139860399
 40
0.6399462901845708
 40
0.8248226627288786
 40
1.0
 40
1.0
 40
1.0
 40
1.0
 10
239.6106975815011
 20
189.4994411310272
 30
0.0
 10
239.6495159559063
 20
189.3153819823897
 30
0.0
 10
239.7952267593334
 20
188.6244873522818
 30
0.0
 10
239.9226679760446
 20
187.3918785204381
 30
0.0
 10
240.0514548518364
 20
185.551638663646
 30
0.0
 10
240.1727106892213
 20
183.636995464148
 30
0.0
 10
240.3811401783016
 20
181.6770837478481
 30
0.0
 10
240.5299636752053
 20
180.5331221767903
 30
0.0
 10
240.6023709389003
 20
179.976549264207
 30
0.0
  0
SPLINE
  5
155
330
1F
100
AcDbEntity
  8
0
  6
Continuous
 62
7
370
25
100
AcDbSpline
 70
8
 71
3
 72
21
 73
17
 74
0
 42
1e-08
 40
0.0
 40
0.0
 40
0.0
 40
0.0
 40
0.057463283053956
 40
0.15328297748504
 40
0.2388425663864731
 40
0.3243804506249875
 40
0.4056694917775454
 40
0.4869631562139415
 40
0.568110068688622
 40
0.6319060614631296
 40
0.6958000436211041
 40
0.7596460951720749
 40
0.866976279183229
 40
0.951089081693645
 40
0.9932749135346316
 40
1.0
 40
1.0
 40
1.0
 40
1.0
 10
224.5070043120978
 20
196.5648120274154
 30
0.0
 10
224.5965041365355
 20
196.7825242240276
 30
0.0
 10
224.8352444041479
 20
197.3632702579811
 30
0.0
 10
225.2969178097251
 20
198.1045663867296
 30
0.0
 10
225.8584079186275
 20
198.8164061588403
 30
0.0
 10
226.4276513393684
 20
199.3845843279111
 30
0.0
 10
226.9827620027733
 20
199.9550842835924
 30
0.0
 10
227.5467197176598
 20
200.4592749864174
 30
0.0
 10
228.0603611517357
 20
200.9575433841407
 30
0.0
 10
228.5075610743051
 20
201.497202500443
 30
0.0
 10
228.9704352594045
 20
201.8311321242864
 30
0.0
 10
229.4999584520511
 20
202.3646329945484
 30
0.0
 10
230.1233792332518
 20
202.7745522959339
 30
0.0
 10
230.7167850101642
 20
203.0986057255126
 30
0.0
 10
231.0890496206914
 20
203.0446054195088
 30
0.0
 10
231.2195597019452
 20
203.0715707857257
 30
0.0
 10
231.2375043983734
 20
203.0752784327226
 30
0.0
  0
SPLINE
  5
156
330
1F
100
AcDbEntity
  8
0
  6
Continuous
 62
7
370
25
100
AcDbSpline
 70
8
 71
3
 72
14
 73
10
 74
0
 42
1e-08
 40
0.0
 40
0.0
 40
0.0
 40
0.0
 40
0.0153909020288809
 40
0.1112647992426677
 40
0.2071265644762203
 40
0.3783932749896162
 40
0.5495701478262417
 40
0.8601034521347347
 40
0.9999999999999998
 40
0.9999999999999998
 40
0.9999999999999998
 40
0.9999999999999998
 10
238.2124624578466
 20
198.683611242247
 30
0.0
 10
238.2271141641937
 20
198.6552113287473
 30
0.0
 10
238.3330351272546
 20
198.4499010312664
 30
0.0
 10
238.5342545326026
 20
198.0754868256714
 30
0.0
 10
238.8964769484378
 20
197.4396224003902
 30
0.0
 10
239.3071298987989
 20
196.61703173595
 30
0.0
 10
239.9217961470784
 20
195.4005716884804
 30
0.0
 10
240.4693072143209
 20
194.1663412656846
 30
0.0
 10
240.8040963200032
 20
193.2002797347435
 30
0.0
 10
240.9080766399616
 20
192.9002359597764
 30
0.0
  0
SPLINE
  5
157
330
1F
100
AcDbEntity
  8
0
  6
Continuous
 62
7
370
25
100
AcDbSpline
 70
8
 71
3
 72
13
 73
9
 74
0
 42
1e-08
 40
0.0
 40
0.0
 40
0.0
 40
0.0
 40
0.0375867109180382
 40
0.2038708183579288
 40
0.3702669837344421
 40
0.6317370772904921
 40
0.8208286251265057
 40
1.0
 40
1.0
 40
1.0
 40
1.0
 10
241.7964961212886
 20
189.5923091693431
 30
0.0
 10
241.820339431183
 20
189.4776566778849
 30
0.0
 10
241.9496658601741
 20
188.8557800441109
 30
0.0
 10
242.0651444653084
 20
187.6934086466116
 30
0.0
 10
242.1957934633985
 20
185.8536823276966
 30
0.0
 10
242.3163479491798
 20
183.9388457087793
 30
0.0
 10
242.5249301417234
 20
181.9789761051873
 30
0.0
 10
242.6737363529046
 20
180.8350097670563
 30
0.0
 10
242.7461352065575
 20
180.2784345351434
 30
0.0
  0
LWPOLYLINE
  5
158
330
1F
100
AcDbEntity
  8
0
  6
Continuous
 62
7
370
25
100
AcDbPolyline
 90
17
 70
128
 10
232.1049923242948
 20
189.9488298635464
 10
232.4718334208173
 20
189.7243077763858
 10
232.8150777986591
 20
189.3323843178892
 10
233.1113339207082
 20
188.7997684240686
 10
233.3404124218334
 20
188.1627569878987
 10
233.4867019807532
 20
187.4647612860433
 10
233.540233205782
 20
186.7533485720915
 10
233.4973580323989
 20
186.0770004468337
 10
233.3609983328151
 20
185.4818089172884
 10
233.1404467952123
 20
185.0083353025935
 10
232.8507336423995
 20
184.6888460471383
 10
232.5116023469672
 20
184.5451138157011
 10
232.1461641462583
 20
184.5869337223257
 10
231.7793230497357
 20
184.8114558094862
 10
231.4360786718939
 20
185.203379267983
 10
231.1398225498449
 20
185.7359951618035
 10
231.0868563058173
 20
185.8592756736683
  0
LWPOLYLINE
  5
159
330
1F
100
AcDbEntity
  8
0
  6
Continuous
 62
7
370
25
100
AcDbPolyline
 90
7
 70
128
 10
230.7382454198448
 20
188.3348504453489
 10
230.7537984381542
 20
188.4587631390383
 10
230.8901581377379
 20
189.0539546685837
 10
231.1107096753407
 20
189.5274282832786
 10
231.4004228281536
 20
189.8469175387337
 10
231.7395541235858
 20
189.9906497701709
 10
232.1049923242948
 20
189.9488298635464
  0
LWPOLYLINE
  5
15A
330
1F
100
AcDbEntity
  8
0
  6
Continuous
 62
7
370
25
100
AcDbPolyline
 90
17
 70
128
 10
232.0907693312528
 20
191.8011212577862
 10
232.2190987199002
 20
191.7063445546396
 10
232.328631890405
 20
191.529524917546
 10
232.4026934104785
 20
191.297581533379
 10
232.4300080850588
 20
191.045825679806
 10
232.4064175025494
 20
190.8125849033609
 10
232.3355131152878
 20
190.6333679979246
 10
232.2280894734851
 20
190.5354591127446
 10
232.1005008528078
 20
190.5337639880432
 10
231.9721714641604
 20
190.6285406911898
 10
231.8626382936555
 20
190.8053603282833
 10
231.7885767735821
 20
191.0373037124504
 10
231.7612620990017
 20
191.2890595660235
 10
231.7848526815112
 20
191.5223003424685
 10
231.8557570687727
 20
191.7015172479048
 10
231.9631807105755
 20
191.7994261330848
 10
232.0907693312528
 20
191.8011212577862
  0
ARC
  5
15B
330
1F
100
AcDbEntity
  8
0
  6
Continuous
 62
7
370
25
100
AcDbCircle
 10
229.7511918594456
 20
188.1292115851915
 30
0.0
 40
0.6069896267540653
100
AcDbArc
 50
14.25711435777288
 51
59.08608912024721
  0
LWPOLYLINE
  5
15C
330
1F
100
AcDbEntity
  8
0
  6
Continuous
 62
7
370
25
100
AcDbPolyline
 90
5
 70
128
 10
229.7344057091963
 20
188.1934895561887
 10
229.7571158676584
 20
188.371151470082
 10
229.82802025492
 20
188.5503683755183
 10
229.9354438967227
 20
188.6482772606983
 10
230.0630325174
 20
188.6499723853997
  0
LWPOLYLINE
  5
15D
330
1F
100
AcDbEntity
  8
0
  6
Continuous
 62
7
370
25
100
AcDbPolyline
 90
17
 70
128
 10
232.1506556177452
 20
184.0019995978289
 10
232.2789850063926
 20
183.9072228946823
 10
232.3885181768975
 20
183.7304032575887
 10
232.4625796969709
 20
183.4984598734217
 10
232.4898943715513
 20
183.2467040198486
 10
232.4663037890418
 20
183.0134632434036
 10
232.3953994017802
 20
182.8342463379673
 10
232.2879757599775
 20
182.7363374527873
 10
232.1603871393002
 20
182.7346423280859
 10
232.0320577506528
 20
182.8294190312325
 10
231.9225245801479
 20
183.0062386683261
 10
231.8484630600745
 20
183.2381820524931
 10
231.8211483854941
 20
183.4899379060661
 10
231.8447389680036
 20
183.7231786825112
 10
231.9156433552651
 20
183.9023955879475
 10
232.0230669970679
 20
184.0003044731275
 10
232.1506556177452
 20
184.0019995978289
  0
LWPOLYLINE
  5
15E
330
1F
100
AcDbEntity
  8
0
  6
Continuous
 62
7
370
25
100
AcDbPolyline
 90
17
 70
128
 10
234.1783924315979
 20
187.1531484702154
 10
234.3067218202454
 20
187.0583717670688
 10
234.4162549907502
 20
186.8815521299752
 10
234.4903165108237
 20
186.6496087458082
 10
234.517631185404
 20
186.3978528922352
 10
234.4940406028945
 20
186.1646121157901
 10
234.4231362156329
 20
185.9853952103538
 10
234.3157125738302
 20
185.8874863251738
 10
234.1881239531529
 20
185.8857912004724
 10
234.0597945645054
 20
185.980567903619
 10
233.9502613940006
 20
186.1573875407126
 10
233.8761998739272
 20
186.3893309248796
 10
233.8488851993469
 20
186.6410867784526
 10
233.8724757818564
 20
186.8743275548977
 10
233.9433801691178
 20
187.053544460334
 10
234.0508038109206
 20
187.151453345514
 10
234.1783924315979
 20
187.1531484702154
  0
LWPOLYLINE
  5
15F
330
1F
100
AcDbEntity
  8
0
  6
Continuous
 62
7
370
25
100
AcDbPolyline
 90
3
 70
128
 10
233.4340049838473
 20
185.7390608174858
 10
233.2835868175019
 20
186.03788043274
 10
233.2306205734743
 20
186.1611609446048
  0
LWPOLYLINE
  5
160
330
1F
100
AcDbEntity
  8
0
  6
Continuous
 62
7
370
25
100
AcDbPolyline
 90
3
 70
128
 10
232.8820096875018
 20
188.6367357162854
 10
232.8975627058112
 20
188.7606484099748
 10
232.9609157543627
 20
189.0985880393227
  0
LWPOLYLINE
  5
161
330
1F
100
AcDbEntity
  8
0
  6
Continuous
 62
7
370
25
100
AcDbPolyline
 90
17
 70
128
 10
255.2526107984167
 20
183.9856241603849
 10
255.1029874222851
 20
183.9595234394696
 10
254.9475854966909
 20
184.0460651217143
 10
254.810063556084
 20
184.2320740204994
 10
254.711358069282
 20
184.4892319671598
 10
254.6664960518833
 20
184.7783889954591
 10
254.6823073393616
 20
185.0555235690537
 10
254.7563848065279
 20
185.2784444613449
 10
254.8774508305201
 20
185.4132139872643
 10
255.0270742066516
 20
185.4393147081796
 10
255.1824761322458
 20
185.3527730259349
 10
255.3199980728527
 20
185.1667641271498
 10
255.4187035596547
 20
184.9096061804894
 10
255.4635655770534
 20
184.6204491521901
 10
255.4477542895751
 20
184.3433145785955
 10
255.3736768224089
 20
184.1203936863043
 10
255.2526107984167
 20
183.9856241603849
  0
LINE
  5
162
330
1F
100
AcDbEntity
  8
0
  6
Continuous
 62
7
370
25
100
AcDbLine
 10
276.393128476677
 20
187.1158001830286
 30
0.0
 11
276.3153998055358
 21
187.087683586196
 31
0.0
  0
LWPOLYLINE
  5
163
330
1F
100
AcDbEntity
  8
0
  6
Continuous
 62
7
370
25
100
AcDbPolyline
 90
9
 70
128
 10
276.0956971799216
 20
188.5715066067406
 10
276.167591884912
 20
188.5694907308233
 10
276.3229938105061
 20
188.4829490485786
 10
276.4605157511131
 20
188.2969401497935
 10
276.559221237915
 20
188.0397822031331
 10
276.6040832553137
 20
187.7506251748338
 10
276.5882719678355
 20
187.4734906012392
 10
276.5141945006692
 20
187.2505697089481
 10
276.393128476677
 20
187.1158001830286
  0
LWPOLYLINE
  5
164
330
1F
100
AcDbEntity
  8
0
  6
Continuous
 62
7
370
25
100
AcDbPolyline
 90
22
 70
128
 10
195.5165282448486
 20
174.3398949702667
 10
195.2163135139972
 20
174.2592500848383
 10
194.8983280334393
 20
174.3549010127085
 10
194.5908262085787
 20
174.6183487491789
 10
194.3211309260037
 20
175.0261848067425
 10
194.1132057951095
 20
175.542171161926
 10
193.9855258762405
 20
176.1204601627025
 10
193.9494360905022
 20
176.7096682935733
 10
194.0081431737348
 20
177.2574418264134
 10
194.1564307439614
 20
177.7151086789654
 10
194.3811227998181
 20
178.0420031429422
 10
194.6622544660971
 20
178.2090792106666
 10
194.9748459605235
 20
178.2014914403202
 10
195.2911221570325
 20
178.0199140385965
 10
195.5829805276089
 20
177.680480954478
 10
195.8244881752277
 20
177.2133523070662
 10
195.994186085559
 20
176.660034526644
 10
196.0769958545629
 20
176.069692326197
 10
196.0655594708588
 20
175.4947802009088
 10
195.9608931073266
 20
174.9863816160718
 10
195.7722968296866
 20
174.5896700170191
 10
195.5165282448486
 20
174.3398949702667
  0
LINE
  5
165
330
1F
100
AcDbEntity
  8
0
  6
Continuous
 62
7
370
25
100
AcDbLine
 10
197.2077696591095
 20
174.5903090520783
 30
0.0
 11
197.000493202733
 21
174.5153314605247
 31
0.0
  0
LWPOLYLINE
  5
166
330
1F
100
AcDbEntity
  8
0
  6
Continuous
 62
7
370
25
100
AcDbPolyline
 90
11
 70
128
 10
196.4146195344286
 20
178.4721928486438
 10
196.6660873747845
 20
178.4519055221317
 10
196.9823635712934
 20
178.270328120408
 10
197.2742219418698
 20
177.9308950362896
 10
197.5157295894886
 20
177.4637663888778
 10
197.6854274998199
 20
176.9104486084556
 10
197.7682372688238
 20
176.3201064080085
 10
197.7568008851197
 20
175.7451942827204
 10
197.6521345215875
 20
175.2367956978834
 10
197.4635382439475
 20
174.8400840988306
 10
197.2077696591095
 20
174.5903090520783
  0
LWPOLYLINE
  5
167
330
1F
100
AcDbEntity
  8
0
  6
Continuous
 62
7
370
25
100
AcDbPolyline
 90
17
 70
128
 10
195.2038949382681
 20
175.5295531593329
 10
195.0542715621366
 20
175.5034524384177
 10
194.8988696365424
 20
175.5899941206623
 10
194.7613476959356
 20
175.7760030194475
 10
194.6626422091336
 20
176.0331609661079
 10
194.6177801917349
 20
176.3223179944072
 10
194.6335914792131
 20
176.5994525680017
 10
194.7076689463794
 20
176.8223734602929
 10
194.8287349703716
 20
176.9571429862124
 10
194.9783583465031
 20
176.9832437071277
 10
195.1337602720973
 20
176.896702024883
 10
195.2712822127043
 20
176.7106931260979
 10
195.3699876995062
 20
176.4535351794374
 10
195.4148497169049
 20
176.1643781511382
 10
195.3990384294267
 20
175.8872435775436
 10
195.3249609622604
 20
175.6643226852524
 10
195.2038949382681
 20
175.5295531593329
  0
LWPOLYLINE
  5
168
330
1F
100
AcDbEntity
  8
0
  6
Continuous
 62
7
370
25
100
AcDbPolyline
 90
22
 70
128
 10
227.4756953050822
 20
178.9813019899835
 10
227.1754805742308
 20
178.9006571045551
 10
226.8574950936729
 20
178.9963080324253
 10
226.5499932688122
 20
179.2597557688956
 10
226.2802979862373
 20
179.6675918264593
 10
226.0723728553431
 20
180.1835781816428
 10
225.9446929364741
 20
180.7618671824192
 10
225.9086031507357
 20
181.35107531329
 10
225.9673102339684
 20
181.8988488461302
 10
226.115597804195
 20
182.3565156986822
 10
226.3402898600517
 20
182.683410162659
 10
226.6214215263307
 20
182.8504862303834
 10
226.9340130207571
 20
182.8428984600369
 10
227.2502892172661
 20
182.6613210583132
 10
227.5421475878425
 20
182.3218879741947
 10
227.7836552354612
 20
181.854759326783
 10
227.9533531457925
 20
181.3014415463608
 10
228.0361629147966
 20
180.7110993459137
 10
228.0247265310924
 20
180.1361872206256
 10
227.9200601675601
 20
179.6277886357886
 10
227.7314638899202
 20
179.2310770367358
 10
227.4756953050822
 20
178.9813019899835
  0
LINE
  5
169
330
1F
100
AcDbEntity
  8
0
  6
Continuous
 62
7
370
25
100
AcDbLine
 10
229.1669367193431
 20
179.231716071795
 30
0.0
 11
228.9596602629665
 21
179.1567384802414
 31
0.0
  0
LWPOLYLINE
  5
16A
330
1F
100
AcDbEntity
  8
0
  6
Continuous
 62
7
370
25
100
AcDbPolyline
 90
11
 70
128
 10
228.3737865946622
 20
183.1135998683605
 10
228.6252544350181
 20
183.0933125418485
 10
228.941530631527
 20
182.9117351401248
 10
229.2333890021034
 20
182.5723020560063
 10
229.4748966497222
 20
182.1051734085946
 10
229.6445945600535
 20
181.5518556281723
 10
229.7274043290574
 20
180.9615134277253
 10
229.7159679453534
 20
180.3866013024371
 10
229.611301581821
 20
179.8782027176001
 10
229.4227053041811
 20
179.4814911185474
 10
229.1669367193431
 20
179.231716071795
  0
LWPOLYLINE
  5
16B
330
1F
100
AcDbEntity
  8
0
  6
Continuous
 62
7
370
25
100
AcDbPolyline
 90
17
 70
128
 10
227.1630619985017
 20
180.1709601790497
 10
227.0134386223702
 20
180.1448594581344
 10
226.8580366967761
 20
180.2314011403791
 10
226.7205147561691
 20
180.4174100391642
 10
226.6218092693672
 20
180.6745679858246
 10
226.5769472519684
 20
180.963725014124
 10
226.5927585394467
 20
181.2408595877185
 10
226.666836006613
 20
181.4637804800097
 10
226.7879020306052
 20
181.5985500059292
 10
226.9375254067367
 20
181.6246507268444
 10
227.0929273323309
 20
181.5381090445997
 10
227.2304492729378
 20
181.3521001458146
 10
227.3291547597398
 20
181.0949421991542
 10
227.3740167771385
 20
180.8057851708549
 10
227.3582054896603
 20
180.5286505972604
 10
227.284128022494
 20
180.3057297049691
 10
227.1630619985017
 20
180.1709601790497
  0
LWPOLYLINE
  5
16C
330
1F
100
AcDbEntity
  8
0
  6
Continuous
 62
7
370
25
100
AcDbPolyline
 90
14
 70
128
 10
243.8123586922455
 20
104.7142095738469
 10
243.7982475346733
 20
104.9108365947044
 10
243.780079097389
 20
104.9594783445827
 10
243.7612453531467
 20
104.8277953896617
 10
243.7440179294586
 20
104.5316706377384
 10
243.7304747078713
 20
104.1068211042306
 10
243.7222492007848
 20
103.6044899129908
 10
243.7203335257493
 20
103.0852656193012
 10
243.7249587414464
 20
102.6117743359151
 10
243.7355669786021
 20
102.2411260995963
 10
243.7508787272546
 20
102.0180265578299
 10
243.7690471645391
 20
101.9693848079517
 10
243.7878809087814
 20
102.1010677628727
 10
243.7958779655185
 20
102.2142638973078
  0
ARC
  5
16D
330
1F
100
AcDbEntity
  8
0
  6
Continuous
 62
7
370
25
100
AcDbCircle
 10
250.2274121445942
 20
103.4218915954182
 30
0.0
 40
14.02864649321256
100
AcDbArc
 50
173.4842549263624
 51
185.7603187341711
  0
ARC
  5
16E
330
1F
100
AcDbEntity
  8
0
  6
Continuous
 62
7
370
25
100
AcDbCircle
 10
256.0352893137316
 20
103.383603548847
 30
0.0
 40
12.32454622689283
100
AcDbArc
 50
173.80113252619
 51
185.4434411343424
  0
LWPOLYLINE
  5
16F
330
1F
100
AcDbEntity
  8
0
  6
Continuous
 62
7
370
25
100
AcDbPolyline
 90
17
 70
128
 10
245.5431499904455
 20
104.6582399144818
 10
245.5260389773859
 20
104.693176151976
 10
245.5085281811488
 20
104.5392919537071
 10
245.4932834617252
 20
104.2200147938978
 10
245.482625689454
 20
103.7839517258743
 10
245.4781774135503
 20
103.2974893988216
 10
245.4806158436967
 20
102.8346872922417
 10
245.4895697510079
 20
102.4660028315497
 10
245.5036759842632
 20
102.247564883753
 10
245.5207869973227
 20
102.2126286462588
 10
245.5382977935599
 20
102.3665128445277
 10
245.5535425129833
 20
102.6857900043371
 10
245.5642002852546
 20
103.1218530723606
 10
245.5686485611584
 20
103.6083153994132
 10
245.5662101310119
 20
104.0711175059931
 10
245.5572562237007
 20
104.4398019666851
 10
245.5431499904455
 20
104.6582399144818
  0
ARC
  5
170
330
1F
100
AcDbEntity
  8
0
  6
Continuous
 62
7
370
25
100
AcDbCircle
 10
246.6287604808302
 20
103.4456154687856
 30
0.0
 40
12.16278424690826
100
AcDbArc
 50
173.723439753786
 51
185.5211339067463
  0
LINE
  5
171
330
1F
100
AcDbEntity
  8
0
  6
Continuous
 62
7
370
25
100
AcDbLine
 10
241.6681826728692
 20
213.2233860872632
 30
0.0
 11
260.2718382297384
 21
215.9779409871896
 31
0.0
  0
ARC
  5
172
330
1F
100
AcDbEntity
  8
0
  6
Continuous
 62
7
370
25
100
AcDbCircle
 10
240.0959308439374
 20
223.1508456948282
 30
0.0
 40
10.05119048040643
100
AcDbArc
 50
255.209318924142
 51
278.9994183713438
  0
LINE
  5
173
330
1F
100
AcDbEntity
  8
0
  6
Continuous
 62
7
370
25
100
AcDbLine
 10
231.7918313631905
 20
215.5287272235527
 30
0.0
 11
237.5299774558516
 21
213.4327021846929
 31
0.0
  0
LWPOLYLINE
  5
174
330
1F
100
AcDbEntity
  8
0
  6
Continuous
 62
7
370
25
100
AcDbPolyline
 90
9
 70
128
 10
232.9612301453966
 20
216.729425152133
 10
232.3810452833816
 20
216.6237758390657
 10
231.9000799966441
 20
216.4940880581837
 10
231.536817511425
 20
216.3453456381766
 10
231.3052178013113
 20
216.1832646668294
 10
231.21418111328
 20
216.014073824975
 10
231.2672059361984
 20
215.8442750217825
 10
231.4622545558583
 20
215.6803935300344
 10
231.7918313631905
 20
215.5287272235527
  0
ARC
  5
175
330
1F
100
AcDbEntity
  8
0
  6
Continuous
 62
7
370
25
100
AcDbCircle
 10
234.9265449315615
 20
204.3201006426763
 30
0.0
 40
12.5639881005085
100
AcDbArc
 50
75.20931892414238
 51
98.9994183713431
  0
LINE
  5
176
330
1F
100
AcDbEntity
  8
0
  6
Continuous
 62
7
370
25
100
AcDbLine
 10
241.4701181158902
 20
215.2491608217064
 30
0.0
 11
238.1339866666686
 21
216.4677800303459
 31
0.0
  0
LINE
  5
177
330
1F
100
AcDbEntity
  8
0
  6
Continuous
 62
7
370
25
100
AcDbLine
 10
249.9263251871944
 20
216.5012312307639
 30
0.0
 11
241.4701181158902
 21
215.2491608217064
 31
0.0
  0
LINE
  5
178
330
1F
100
AcDbEntity
  8
0
  6
Continuous
 62
7
370
25
100
AcDbLine
 10
246.5901937379728
 20
217.7198504394033
 30
0.0
 11
249.9263251871944
 21
216.5012312307639
 31
0.0
  0
LWPOLYLINE
  5
179
330
1F
100
AcDbEntity
  8
0
  6
Continuous
 62
7
370
25
100
AcDbPolyline
 90
9
 70
128
 10
247.7595925201788
 20
218.9205483679836
 10
247.1794076581638
 20
218.8148990549164
 10
246.6984423714263
 20
218.6852112740343
 10
246.3351798862071
 20
218.5364688540272
 10
246.1035801760934
 20
218.37438788268
 10
246.0125434880623
 20
218.2051970408256
 10
246.0655683109806
 20
218.0353982376331
 10
246.2606169306404
 20
217.871516745885
 10
246.5901937379728
 20
217.7198504394033
  0
ARC
  5
17A
330
1F
100
AcDbEntity
  8
0
  6
Continuous
 62
7
370
25
100
AcDbCircle
 10
249.7249073063436
 20
206.5112238585254
 30
0.0
 40
12.56398810051006
100
AcDbArc
 50
75.20931892414336
 51
98.99941837134158
  0
LINE
  5
17B
330
1F
100
AcDbEntity
  8
0
  6
Continuous
 62
7
370
25
100
AcDbLine
 10
260.2718382297384
 20
215.9779409871896
 30
0.0
 11
252.9323490414509
 21
218.6589032461965
 31
0.0
  0
LWPOLYLINE
  5
17C
330
1F
100
AcDbEntity
  8
0
  6
Continuous
 62
7
370
25
100
AcDbPolyline
 90
17
 70
128
 10
241.1238654611558
 20
213.9648321085423
 10
240.7880677099629
 20
214.0461876617357
 10
240.3424695135126
 20
214.0913305232287
 10
239.8549091578568
 20
214.0933881015801
 10
239.3996132873985
 20
214.052047149138
 10
239.0458965711477
 20
213.9736014511549
 10
238.8476091727034
 20
213.8699936540368
 10
238.8349385509991
 20
213.7569971056878
 10
239.0098136933298
 20
213.6518145062779
 10
239.3456114445228
 20
213.5704589530845
 10
239.7912096409731
 20
213.5253160915915
 10
240.2787699966288
 20
213.5232585132401
 10
240.7340658670872
 20
213.5645994656822
 10
241.087782583338
 20
213.6430451636653
 10
241.2860699817823
 20
213.7466529607834
 10
241.2987406034866
 20
213.8596495091324
 10
241.1238654611558
 20
213.9648321085423
  0
LINE
  5
17D
330
1F
100
AcDbEntity
  8
0
  6
Continuous
 62
7
370
25
100
AcDbLine
 10
241.6810073582442
 20
206.4868652617778
 30
0.0
 11
241.6681826728692
 21
213.2233860872632
 31
0.0
  0
ARC
  5
17E
330
1F
100
AcDbEntity
  8
0
  6
Continuous
 62
7
370
25
100
AcDbCircle
 10
240.1087555293125
 20
216.4143248693439
 30
0.0
 40
10.05119048040759
100
AcDbArc
 50
255.2093189241432
 51
278.9994183713422
  0
LINE
  5
17F
330
1F
100
AcDbEntity
  8
0
  6
Continuous
 62
7
370
25
100
AcDbLine
 10
237.5428021412266
 20
206.6961813592075
 30
0.0
 11
237.5299774558516
 21
213.4327021846929
 31
0.0
  0
LWPOLYLINE
  5
180
330
1F
100
AcDbEntity
  8
0
  6
Continuous
 62
7
370
25
100
AcDbPolyline
 90
9
 70
128
 10
241.6831370893896
 20
205.3681650524914
 10
241.8691289262675
 20
205.4382939735444
 10
242.0266430758704
 20
205.582902384998
 10
242.1316994367909
 20
205.7799749670869
 10
242.1683041304168
 20
205.9995092056553
 10
242.1308844239661
 20
206.2080830029641
 10
242.0251371285354
 20
206.3739428890992
 10
241.8671613112524
 20
206.4718381999202
 10
241.6810073582442
 20
206.4868652617778
  0
LINE
  5
181
330
1F
100
AcDbEntity
  8
0
  6
Continuous
 62
7
370
25
100
AcDbLine
 10
260.2718382297384
 20
215.9779409871896
 30
0.0
 11
260.2996173316337
 21
201.3861991269324
 31
0.0
  0
LINE
  5
182
330
1F
100
AcDbEntity
  8
0
  6
Continuous
 62
7
370
25
100
AcDbLine
 10
241.6959617747646
 20
198.6316442270059
 30
0.0
 11
260.2996173316337
 21
201.3861991269324
 31
0.0
  0
LINE
  5
183
330
1F
100
AcDbEntity
  8
0
  6
Continuous
 62
7
370
25
100
AcDbLine
 10
241.6959617747646
 20
198.6316442270059
 30
0.0
 11
241.6831370893896
 21
205.3681650524914
 31
0.0
  0
ARC
  5
184
330
1F
100
AcDbEntity
  8
0
  6
Continuous
 62
7
370
25
100
AcDbCircle
 10
240.1237099458327
 20
208.5591038345724
 30
0.0
 40
10.05119048040795
100
AcDbArc
 50
255.2093189241444
 51
278.9994183713428
  0
LINE
  5
185
330
1F
100
AcDbEntity
  8
0
  6
Continuous
 62
7
370
25
100
AcDbLine
 10
237.557756557747
 20
198.8409603244355
 30
0.0
 11
237.5449318723719
 21
205.577481149921
 31
0.0
  0
ARC
  5
186
330
1F
100
AcDbEntity
  8
0
  6
Continuous
 62
7
370
25
100
AcDbCircle
 10
240.1108852604577
 20
215.2956246600565
 30
0.0
 40
10.05119048040664
100
AcDbArc
 50
255.2093189241422
 51
278.9994183713441
  0
LINE
  5
187
330
1F
100
AcDbEntity
  8
0
  6
Continuous
 62
7
370
25
100
AcDbLine
 10
239.0247681098502
 20
205.7965934715061
 30
0.0
 11
237.5449318723719
 21
205.577481149921
 31
0.0
  0
ARC
  5
188
330
1F
100
AcDbEntity
  8
0
  6
Continuous
 62
7
370
25
100
AcDbCircle
 10
240.0939153548858
 20
209.8458199340611
 30
0.0
 40
4.187996033501296
100
AcDbArc
 50
255.2093189241383
 51
278.9994183713476
  0
LINE
  5
189
330
1F
100
AcDbEntity
  8
0
  6
Continuous
 62
7
370
25
100
AcDbLine
 10
240.7490202836075
 20
205.7093784309104
 30
0.0
 11
241.6831370893896
 21
205.3681650524914
 31
0.0
  0
SPLINE
  5
18A
330
1F
100
AcDbEntity
  8
0
  6
Continuous
 62
7
370
25
100
AcDbSpline
 70
8
 71
3
 72
13
 73
9
 74
0
 42
1e-08
 40
0.0
 40
0.0
 40
0.0
 40
0.0
 40
0.0440648366088924
 40
0.2453762141989647
 40
0.4498494007512308
 40
0.6713699982466811
 40
0.9030908057379514
 40
1.0
 40
1.0
 40
1.0
 40
1.0
 10
239.0247681098502
 20
205.7965934715061
 30
0.0
 10
239.0179772272519
 20
205.7993938500686
 30
0.0
 10
238.9801620169556
 20
205.8149878325469
 30
0.0
 10
238.9222957189243
 20
205.8718469146743
 30
0.0
 10
238.8708514990604
 20
205.9973740701011
 30
0.0
 10
238.8444992911683
 20
206.1660701194416
 30
0.0
 10
238.8363357874913
 20
206.3297986355742
 30
0.0
 10
238.8362162886912
 20
206.4241159832483
 30
0.0
 10
238.8361810498745
 20
206.451929080407
 30
0.0
  0
SPLINE
  5
18B
330
1F
100
AcDbEntity
  8
0
  6
Continuous
 62
7
370
25
100
AcDbSpline
 70
8
 71
3
 72
13
 73
9
 74
0
 42
1e-08
 40
0.0
 40
0.0
 40
0.0
 40
0.0
 40
0.1754310305252347
 40
0.3504118357441565
 40
0.5369906749873972
 40
0.7415050778300813
 40
0.9441317452258228
 40
1.0
 40
1.0
 40
1.0
 40
1.0
 10
241.1555700035056
 20
206.4374772838708
 30
0.0
 10
241.1574334242409
 20
206.3816009346644
 30
0.0
 10
241.1611554834377
 20
206.2699916370307
 30
0.0
 10
241.1266692673646
 20
206.0929513827358
 30
0.0
 10
241.0602346512803
 20
205.9268448896963
 30
0.0
 10
240.9510270114435
 20
205.7897212326953
 30
0.0
 10
240.8355597595743
 20
205.7255586193914
 30
0.0
 10
240.7643999776872
 20
205.7122539550132
 30
0.0
 10
240.7490202836075
 20
205.7093784309104
 30
0.0
  0
LWPOLYLINE
  5
18C
330
1F
100
AcDbEntity
  8
0
  6
Continuous
 62
7
370
25
100
AcDbPolyline
 90
9
 70
128
 10
237.5428021412266
 20
206.6961813592075
 10
237.4254284337813
 20
206.6965071428509
 10
237.3260859254297
 20
206.6116273459772
 10
237.2598986125262
 20
206.4544641482232
 10
237.2369429134709
 20
206.248944221759
 10
237.2607136253509
 20
206.026356112346
 10
237.3275918727646
 20
205.820586841876
 10
237.4273960487963
 20
205.662962916475
 10
237.5449318723719
 20
205.577481149921
  0
LINE
  5
18D
330
1F
100
AcDbEntity
  8
0
  6
Continuous
 62
7
370
25
100
AcDbLine
 10
231.8196104650859
 20
200.9369853632954
 30
0.0
 11
237.557756557747
 21
198.8409603244355
 31
0.0
  0
LINE
  5
18E
330
1F
100
AcDbEntity
  8
0
  6
Continuous
 62
7
370
25
100
AcDbLine
 10
231.7918313631905
 20
215.5287272235527
 30
0.0
 11
231.8196104650859
 21
200.9369853632954
 31
0.0
  0
LWPOLYLINE
  5
18F
330
1F
100
AcDbEntity
  8
0
  6
Continuous
 62
7
370
25
100
AcDbPolyline
 90
22
 70
128
 10
234.0742902996088
 20
207.4041952315493
 10
234.0257697745973
 20
207.9949855001347
 10
233.8867029368786
 20
208.5679309533592
 10
233.669446485269
 20
209.0721228733739
 10
233.393304608908
 20
209.4627615954757
 10
233.082813725339
 20
209.7051371549162
 10
232.765562312134
 20
209.7777134195914
 10
232.4697395495911
 20
209.6740416698892
 10
232.2216305883589
 20
209.4033335957267
 10
232.0432809984514
 20
208.989642797476
 10
231.950537923606
 20
208.4697275180138
 10
231.951641993019
 20
207.889784511531
 10
232.0464951052779
 20
207.3013442591915
 10
232.2266691451027
 20
206.7566922597433
 10
232.4761548583738
 20
206.3042232335031
 10
232.7727843446175
 20
205.9841410390803
 10
233.0902007722436
 20
205.8248863841066
 10
233.4002002986988
 20
205.8406097435541
 10
233.6752381056467
 20
206.029914027935
 10
233.8908758769567
 20
206.3759787208339
 10
234.0279532503371
 20
206.848054455607
 10
234.0742902996088
 20
207.4041952315493
  0
ARC
  5
190
330
1F
100
AcDbEntity
  8
0
  6
Continuous
 62
7
370
25
100
AcDbCircle
 10
231.9059371725626
 20
201.6386665760169
 30
0.0
 40
0.7069715869185496
100
AcDbArc
 50
199.7841338609371
 51
262.9862377124211
  0
ARC
  5
191
330
1F
100
AcDbEntity
  8
0
  6
Continuous
 62
7
370
25
100
AcDbCircle
 10
322.4743879240634
 20
102.4702257632465
 30
0.0
 40
81.19600559224585
100
AcDbArc
 50
178.1196223043856
 51
183.6005695516862
  0
ARC
  5
192
330
1F
100
AcDbEntity
  8
0
  6
Continuous
 62
7
370
25
100
AcDbCircle
 10
170.7183435568903
 20
102.4728335457557
 30
0.0
 40
71.01580431378599
100
AcDbArc
 50
356.1719534999844
 51
359.6006518527299
  0
ARC
  5
193
330
1F
100
AcDbEntity
  8
0
  6
Continuous
 62
7
370
25
100
AcDbCircle
 10
188.9279942725137
 20
105.7677011732763
 30
0.0
 40
52.83011107561224
100
AcDbArc
 50
359.1432936373779
 51
4.036714620009608
  0
ARC
  5
194
330
1F
100
AcDbEntity
  8
0
  6
Continuous
 62
7
370
25
100
AcDbCircle
 10
327.493754444047
 20
104.1242286687187
 30
0.0
 40
86.17757104063497
100
AcDbArc
 50
176.9737181245687
 51
179.3282974784183
  0
ARC
  5
195
330
1F
100
AcDbEntity
  8
0
  6
Continuous
 62
7
370
25
100
AcDbCircle
 10
339.1743201544622
 20
102.5239081231699
 30
0.0
 40
100.3849525697351
100
AcDbArc
 50
178.5004043207121
 51
182.7400535091761
  0
ARC
  5
196
330
1F
100
AcDbEntity
  8
0
  6
Continuous
 62
7
370
25
100
AcDbCircle
 10
253.6234444520718
 20
103.1775434903304
 30
0.0
 40
12.1664420866266
100
AcDbArc
 50
176.706504432116
 51
185.6521451415817
  0
ARC
  5
197
330
1F
100
AcDbEntity
  8
0
  6
Continuous
 62
7
370
25
100
AcDbCircle
 10
247.8799210654329
 20
104.0878253767443
 30
0.0
 40
6.406309924866503
100
AcDbArc
 50
172.001708626409
 51
181.8902374287863
  0
LWPOLYLINE
  5
198
330
1F
100
AcDbEntity
  8
0
  6
Continuous
 62
7
370
25
100
AcDbPolyline
 90
17
 70
128
 10
255.1987297679777
 20
180.0294046166
 10
254.7300594536517
 20
180.0598403996165
 10
254.3487250790983
 20
180.1296106105376
 10
254.1127813460389
 20
180.2280933672192
 10
254.0581485489963
 20
180.340295562705
 10
254.1931440360729
 20
180.4491354298477
 10
254.4972159680981
 20
180.5380430855105
 10
254.9240721498403
 20
180.5934831450689
 10
255.4087275970901
 20
180.6070153620204
 10
255.8773979114163
 20
180.5765795790039
 10
256.2587322859695
 20
180.5068093680828
 10
256.494676019029
 20
180.4083266114012
 10
256.5493088160715
 20
180.2961244159154
 10
256.414313328995
 20
180.1872845487728
 10
256.1102413969697
 20
180.0983768931098
 10
255.6833852152275
 20
180.0429368335515
 10
255.1987297679777
 20
180.0294046166
  0
LWPOLYLINE
  5
199
330
1F
100
AcDbEntity
  8
0
  6
Continuous
 62
7
370
25
100
AcDbPolyline
 90
5
 70
128
 10
255.2913267742956
 20
131.390265082409
 10
254.8226564599695
 20
131.4207008654254
 10
254.4413220854162
 20
131.4904710763466
 10
254.2053783523567
 20
131.5889538330282
 10
254.1463279540226
 20
131.6766907656498
  0
LWPOLYLINE
  5
19A
330
1F
100
AcDbEntity
  8
0
  6
Continuous
 62
7
370
25
100
AcDbPolyline
 90
6
 70
128
 10
256.646323423681
 20
131.6814501445886
 10
256.6419058223894
 20
131.6569848817244
 10
256.5069103353128
 20
131.5481450145818
 10
256.2028384032875
 20
131.4592373589188
 10
255.7759822215453
 20
131.4037972993605
 10
255.2913267742956
 20
131.390265082409
  0
LINE
  5
19B
330
1F
100
AcDbEntity
  8
0
  6
Continuous
 62
7
370
25
100
AcDbLine
 10
234.9022463208263
 20
126.1765107885189
 30
0.0
 11
245.8950168467082
 21
126.104041675006
 31
0.0
  0
LINE
  5
19C
330
1F
100
AcDbEntity
  8
0
  6
Continuous
 62
7
370
25
100
AcDbLine
 10
245.8950168467082
 20
126.104041675006
 30
0.0
 11
245.5691984229827
 21
124.0194147623908
 31
0.0
  0
LINE
  5
19D
330
1F
100
AcDbEntity
  8
0
  6
Continuous
 62
7
370
25
100
AcDbLine
 10
245.5691984229827
 20
124.0194147623908
 30
0.0
 11
234.5764278971008
 21
124.0918838759037
 31
0.0
  0
LINE
  5
19E
330
1F
100
AcDbEntity
  8
0
  6
Continuous
 62
7
370
25
100
AcDbLine
 10
234.5764278971008
 20
124.0918838759037
 30
0.0
 11
234.9022463208263
 21
126.1765107885189
 31
0.0
  0
LWPOLYLINE
  5
19F
330
1F
100
AcDbEntity
  8
0
  6
Continuous
 62
7
370
25
100
AcDbPolyline
 90
17
 70
128
 10
238.9865439030543
 20
125.1061979019904
 10
239.0643145475357
 20
124.9947721261253
 10
239.3204214144389
 20
124.8990561911951
 10
239.7158745548924
 20
124.8336219806257
 10
240.1904698130538
 20
124.8084312598139
 10
240.6719543630848
 20
124.8273190876486
 10
241.0870265469113
 20
124.8874099635607
 10
241.3724953871847
 20
124.9795555964177
 10
241.4849008407547
 20
125.0897276489193
 10
241.4071301962733
 20
125.2011534247844
 10
241.1510233293701
 20
125.2968693597146
 10
240.7555701889166
 20
125.362303570284
 10
240.2809749307553
 20
125.3874942910959
 10
239.7994903807243
 20
125.3686064632612
 10
239.3844181968977
 20
125.3085155873491
 10
239.0989493566244
 20
125.2163699544921
 10
238.9865439030543
 20
125.1061979019904
  0
LWPOLYLINE
  5
1A0
330
1F
100
AcDbEntity
  8
0
  6
Continuous
 62
7
370
25
100
AcDbPolyline
 90
17
 70
128
 10
240.0767022343071
 20
122.0128054587112
 10
240.3060768059443
 20
122.0557219728718
 10
240.5003620136777
 20
122.1809632537408
 10
240.6299796958295
 20
122.3694624516209
 10
240.6751967352793
 20
122.5925222723844
 10
240.6291292476646
 20
122.8161838803624
 10
240.4987905903716
 20
123.0063968232377
 10
240.3040236424506
 20
123.1342029047421
 10
240.0744799061554
 20
123.1801448075318
 10
239.8451053345182
 20
123.1372282933712
 10
239.6508201267848
 20
123.0119870125022
 10
239.5212024446331
 20
122.823487814622
 10
239.4759854051832
 20
122.6004279938585
 10
239.5220528927979
 20
122.3767663858805
 10
239.6523915500909
 20
122.1865534430053
 10
239.847158498012
 20
122.0587473615008
 10
240.0767022343071
 20
122.0128054587112
  0
LINE
  5
1A1
330
1F
100
AcDbEntity
  8
0
  6
Continuous
 62
7
370
25
100
AcDbLine
 10
236.3604646158918
 20
105.5974816757613
 30
0.0
 11
234.6116147595016
 21
105.6090108529111
 31
0.0
  0
LINE
  5
1A2
330
1F
100
AcDbEntity
  8
0
  6
Continuous
 62
7
370
25
100
AcDbLine
 10
234.6116147595016
 20
105.6090108529111
 30
0.0
 11
234.5764278971008
 21
124.0918838759037
 31
0.0
  0
LINE
  5
1A3
330
1F
100
AcDbEntity
  8
0
  6
Continuous
 62
7
370
25
100
AcDbLine
 10
245.6043852853835
 20
105.5365417393982
 30
0.0
 11
245.5691984229827
 21
124.0194147623908
 31
0.0
  0
LINE
  5
1A4
330
1F
100
AcDbEntity
  8
0
  6
Continuous
 62
7
370
25
100
AcDbLine
 10
245.6043852853835
 20
105.5365417393982
 30
0.0
 11
243.8555354289932
 21
105.5480709165479
 31
0.0
  0
LINE
  5
1A5
330
1F
100
AcDbEntity
  8
0
  6
Continuous
 62
7
370
25
100
AcDbLine
 10
243.8277563270978
 20
120.1398127768052
 30
0.0
 11
243.8555354289932
 21
105.5480709165479
 31
0.0
  0
LINE
  5
1A6
330
1F
100
AcDbEntity
  8
0
  6
Continuous
 62
7
370
25
100
AcDbLine
 10
243.8277563270978
 20
120.1398127768052
 30
0.0
 11
236.3326855139965
 21
120.1892235360186
 31
0.0
  0
LINE
  5
1A7
330
1F
100
AcDbEntity
  8
0
  6
Continuous
 62
7
370
25
100
AcDbLine
 10
236.3326855139965
 20
120.1892235360186
 30
0.0
 11
236.3604646158918
 21
105.5974816757613
 31
0.0
  0
LWPOLYLINE
  5
1A8
330
1F
100
AcDbEntity
  8
0
  6
Continuous
 62
7
370
25
100
AcDbPolyline
 90
17
 70
128
 10
245.7359967091108
 20
123.0188843582623
 10
245.7275997726006
 20
123.0101300879294
 10
245.7203120288979
 20
123.0915669928472
 10
245.7152429709177
 20
123.2507970424694
 10
245.7131643167866
 20
123.463578905165
 10
245.7143925227528
 20
123.6975184712109
 10
245.7187406055918
 20
123.9170005623442
 10
245.7255466091068
 20
124.0886110197998
 10
245.7337743809592
 20
124.1862237070829
 10
245.7421713174693
 20
124.1949779774158
 10
245.749459061172
 20
124.113541072498
 10
245.7545281191522
 20
123.9543110228759
 10
245.7566067732833
 20
123.7415291601803
 10
245.7553785673171
 20
123.5075895941344
 10
245.7510304844781
 20
123.2881075030011
 10
245.7442244809631
 20
123.1164970455455
 10
245.7359967091108
 20
123.0188843582623
  0
LINE
  5
1A9
330
1F
100
AcDbEntity
  8
0
  6
Continuous
 62
7
370
25
100
AcDbLine
 10
245.9302037091089
 20
107.6211686520134
 30
0.0
 11
245.8950168467082
 21
126.104041675006
 31
0.0
  0
LINE
  5
1AA
330
1F
100
AcDbEntity
  8
0
  6
Continuous
 62
7
370
25
100
AcDbLine
 10
245.9302037091089
 20
107.6211686520134
 30
0.0
 11
245.6043852853835
 21
105.5365417393982
 31
0.0
  0
LWPOLYLINE
  5
1AB
330
1F
100
AcDbEntity
  8
0
  6
Continuous
 62
7
370
25
100
AcDbPolyline
 90
28
 70
128
 10
245.7640536020251
 20
108.2812250794025
 10
245.7367578728633
 20
108.1928414462435
 10
245.7106091881682
 20
108.2796622567592
 10
245.6870172303002
 20
108.537006978582
 10
245.6672538478144
 20
108.9510020911474
 10
245.6523844897761
 20
109.4993290107781
 10
245.643210767126
 20
110.1524272913079
 10
245.6402272376268
 20
110.8750882353851
 10
245.6435947441259
 20
111.6283530044608
 10
245.6531317434765
 20
112.3716128998587
 10
245.6683240935747
 20
113.0647985882323
 10
245.6883527708947
 20
113.670540249697
 10
245.7121380242577
 20
114.1561821944927
 10
245.7383975844984
 20
114.495543339672
 10
245.7657157919271
 20
114.6703286380576
 10
245.7926199149104
 20
114.6711153689722
 10
245.8176595452143
 20
114.4978611195487
 10
245.839484789888
 20
114.1599060712185
 10
245.8569190443416
 20
113.6754694681135
 10
245.8690224234052
 20
113.070667412899
 10
245.8751424307803
 20
112.3781049409185
 10
245.8749491352854
 20
111.6351182742999
 10
245.8684529575305
 20
110.8817620165554
 10
245.85600410814
 20
110.158649798539
 10
245.8382737078067
 20
109.5047647870945
 10
245.816217607002
 20
108.9553580924409
 10
245.7910248558293
 20
108.5400483716955
 10
245.7640536020251
 20
108.2812250794025
  0
SPLINE
  5
1AC
330
1F
100
AcDbEntity
  8
0
  6
Continuous
 62
7
370
25
100
AcDbSpline
 70
8
 71
3
 72
11
 73
7
 74
0
 42
1e-08
 40
0.0
 40
0.0
 40
0.0
 40
0.0
 40
0.3229711186882924
 40
0.6452367874689022
 40
0.98600257553268
 40
1.0
 40
1.0
 40
1.0
 40
1.0
 10
240.194358887319
 20
122.7655873993778
 30
0.0
 10
240.1307000501465
 20
122.7722621904901
 30
0.0
 10
240.0035214226641
 20
122.7855971932972
 30
0.0
 10
239.8389667178166
 20
122.8878106978725
 30
0.0
 10
239.7354067250611
 20
122.9783413806348
 30
0.0
 10
239.7069481906825
 20
123.0416948768219
 30
0.0
 10
239.7058253398024
 20
123.0441945322154
 30
0.0
  0
SPLINE
  5
1AD
330
1F
100
AcDbEntity
  8
0
  6
Continuous
 62
7
370
25
100
AcDbSpline
 70
8
 71
3
 72
10
 73
6
 74
0
 42
1e-08
 40
0.0
 40
0.0
 40
0.0
 40
0.0
 40
0.3149880698158864
 40
0.8304066640008635
 40
1.0
 40
1.0
 40
1.0
 40
1.0
 10
240.5647659652281
 20
122.9103726553725
 30
0.0
 10
240.5323375462634
 20
122.8822967916526
 30
0.0
 10
240.4468461331218
 20
122.8082800698627
 30
0.0
 10
240.3100191627149
 20
122.7696634027459
 30
0.0
 10
240.2173112522565
 20
122.7663962675607
 30
0.0
 10
240.194358887319
 20
122.7655873993778
 30
0.0
  0
LINE
  5
1AE
330
1F
100
AcDbEntity
  8
0
  6
Continuous
 62
7
370
25
100
AcDbLine
 10
236.6624766956873
 20
120.1870494094392
 30
0.0
 11
236.6862830396173
 21
107.6821085883766
 31
0.0
  0
LINE
  5
1AF
330
1F
100
AcDbEntity
  8
0
  6
Continuous
 62
7
370
25
100
AcDbLine
 10
236.3604646158918
 20
105.5974816757613
 30
0.0
 11
236.6862830396173
 21
107.6821085883766
 31
0.0
  0
LWPOLYLINE
  5
1B0
330
1F
100
AcDbEntity
  8
0
  6
Continuous
 62
7
370
25
100
AcDbPolyline
 90
28
 70
128
 10
236.5201329325335
 20
108.3421650157656
 10
236.4928372033717
 20
108.2537813826066
 10
236.4666885186767
 20
108.3406021931223
 10
236.4430965608086
 20
108.5979469149451
 10
236.4233331783228
 20
109.0119420275105
 10
236.4084638202845
 20
109.5602689471412
 10
236.3992900976345
 20
110.213367227671
 10
236.3963065681353
 20
110.9360281717482
 10
236.3996740746344
 20
111.6892929408239
 10
236.4092110739849
 20
112.4325528362218
 10
236.4244034240832
 20
113.1257385245955
 10
236.4444321014032
 20
113.7314801860601
 10
236.4682173547662
 20
114.2171221308559
 10
236.4944769150068
 20
114.5564832760351
 10
236.5217951224356
 20
114.7312685744207
 10
236.5486992454189
 20
114.7320553053354
 10
236.5737388757228
 20
114.5588010559118
 10
236.5955641203965
 20
114.2208460075816
 10
236.6129983748502
 20
113.7364094044767
 10
236.6251017539136
 20
113.1316073492621
 10
236.6312217612888
 20
112.4390448772817
 10
236.6310284657938
 20
111.6960582106631
 10
236.624532288039
 20
110.9427019529186
 10
236.6120834386485
 20
110.2195897349022
 10
236.5943530383152
 20
109.5657047234577
 10
236.5722969375104
 20
109.0162980288041
 10
236.5471041863377
 20
108.6009883080586
 10
236.5201329325335
 20
108.3421650157656
  0
LINE
  5
1B1
330
1F
100
AcDbEntity
  8
0
  6
Continuous
 62
7
370
25
100
AcDbLine
 10
259.0343745661202
 20
160.5176059285534
 30
0.0
 11
256.5920811946061
 21
160.173681735353
 31
0.0
  0
LINE
  5
1B2
330
1F
100
AcDbEntity
  8
0
  6
Continuous
 62
7
370
25
100
AcDbLine
 10
259.0343745661202
 20
160.5176059285534
 30
0.0
 11
259.0371524763098
 21
159.0584317425277
 31
0.0
  0
LINE
  5
1B3
330
1F
100
AcDbEntity
  8
0
  6
Continuous
 62
7
370
25
100
AcDbLine
 10
259.0371524763098
 20
159.0584317425277
 30
0.0
 11
256.5948591047956
 21
158.7145075493273
 31
0.0
  0
LINE
  5
1B4
330
1F
100
AcDbEntity
  8
0
  6
Continuous
 62
7
370
25
100
AcDbLine
 10
254.0955246138467
 20
158.362550815397
 30
0.0
 11
252.177106819807
 21
158.092398875531
 31
0.0
  0
LINE
  5
1B5
330
1F
100
AcDbEntity
  8
0
  6
Continuous
 62
7
370
25
100
AcDbLine
 10
252.177106819807
 20
158.092398875531
 30
0.0
 11
252.1465498077221
 21
174.143314921814
 31
0.0
  0
LINE
  5
1B6
330
1F
100
AcDbEntity
  8
0
  6
Continuous
 62
7
370
25
100
AcDbLine
 10
252.1465498077221
 20
174.143314921814
 30
0.0
 11
235.853941373528
 21
171.848986862697
 31
0.0
  0
LINE
  5
1B7
330
1F
100
AcDbEntity
  8
0
  6
Continuous
 62
7
370
25
100
AcDbLine
 10
235.8844983856128
 20
155.798070816414
 30
0.0
 11
235.853941373528
 21
171.848986862697
 31
0.0
  0
LINE
  5
1B8
330
1F
100
AcDbEntity
  8
0
  6
Continuous
 62
7
370
25
100
AcDbLine
 10
235.8844983856128
 20
155.798070816414
 30
0.0
 11
229.02445272911
 21
154.8320379494174
 31
0.0
  0
LINE
  5
1B9
330
1F
100
AcDbEntity
  8
0
  6
Continuous
 62
7
370
25
100
AcDbLine
 10
229.02445272911
 20
154.8320379494174
 30
0.0
 11
229.0216748189205
 21
156.2912121354431
 31
0.0
  0
LINE
  5
1BA
330
1F
100
AcDbEntity
  8
0
  6
Continuous
 62
7
370
25
100
AcDbLine
 10
229.0216748189205
 20
156.2912121354431
 30
0.0
 11
233.3092033542347
 21
156.894982677316
 31
0.0
  0
LINE
  5
1BB
330
1F
100
AcDbEntity
  8
0
  6
Continuous
 62
7
370
25
100
AcDbLine
 10
233.3092033542347
 20
156.894982677316
 30
0.0
 11
233.2749424618972
 21
174.8914643049667
 31
0.0
  0
LINE
  5
1BC
330
1F
100
AcDbEntity
  8
0
  6
Continuous
 62
7
370
25
100
AcDbLine
 10
254.0584858113195
 20
177.8182066290734
 30
0.0
 11
233.2749424618972
 21
174.8914643049667
 31
0.0
  0
LINE
  5
1BD
330
1F
100
AcDbEntity
  8
0
  6
Continuous
 62
7
370
25
100
AcDbLine
 10
225.557875671251
 20
177.8579807263798
 30
0.0
 11
246.9955183478222
 21
180.8768334357443
 31
0.0
  0
LINE
  5
1BE
330
1F
100
AcDbEntity
  8
0
  6
Continuous
 62
7
370
25
100
AcDbLine
 10
246.9955183478222
 20
180.8768334357443
 30
0.0
 11
254.0578312923318
 21
178.16201083651
 31
0.0
  0
LINE
  5
1BF
330
1F
100
AcDbEntity
  8
0
  6
Continuous
 62
7
370
25
100
AcDbLine
 10
233.2749424618972
 20
174.8914643049667
 30
0.0
 11
225.557875671251
 21
177.8579807263798
 31
0.0
  0
LWPOLYLINE
  5
1C0
330
1F
100
AcDbEntity
  8
0
  6
Continuous
 62
7
370
25
100
AcDbPolyline
 90
28
 70
128
 10
237.3483368569055
 20
177.491698018138
 10
237.809054849963
 20
177.3540493320048
 10
238.3951775692932
 20
177.2449784491953
 10
239.0751069873846
 20
177.1703654092336
 10
239.8121879333148
 20
177.1342326204169
 10
240.5666841825024
 20
177.138528010743
 10
241.2979206468597
 20
177.1830200146075
 10
241.9664761793197
 20
177.2653100565659
 10
242.5363087780781
 20
177.3809618591561
 10
242.9766986202404
 20
177.5237406037652
 10
243.2639041754249
 20
177.6859490513144
 10
243.3824421178112
 20
177.8588425024102
 10
243.3259220362428
 20
178.0331002263522
 10
243.0973909429468
 20
178.1993279441378
 10
242.709169008316
 20
178.3485642764748
 10
242.1821853773336
 20
178.4727638540584
 10
241.5448498739506
 20
178.5652310455133
 10
240.8315214201225
 20
178.6209809206138
 10
240.0806557374334
 20
178.6370079891631
 10
239.3327321891913
 20
178.6124482277471
 10
238.6280715274748
 20
178.5486256594609
 10
238.0046621909518
 20
178.4489809754806
 10
237.4961123383175
 20
178.3188860465117
 10
237.1298380237608
 20
178.1653543238487
 10
236.9255851903859
 20
177.9966627424004
 10
236.894365161309
 20
177.8219055089872
 10
237.0378610163787
 20
177.6505038312965
 10
237.3483368569055
 20
177.491698018138
  0
LINE
  5
1C1
330
1F
100
AcDbEntity
  8
0
  6
Continuous
 62
7
370
25
100
AcDbLine
 10
225.5921365635886
 20
159.8614990987291
 30
0.0
 11
225.557875671251
 21
177.8579807263798
 31
0.0
  0
LINE
  5
1C2
330
1F
100
AcDbEntity
  8
0
  6
Continuous
 62
7
370
25
100
AcDbLine
 10
233.3092033542347
 20
156.894982677316
 30
0.0
 11
225.5921365635886
 21
159.8614990987291
 31
0.0
  0
LINE
  5
1C3
330
1F
100
AcDbEntity
  8
0
  6
Continuous
 62
7
370
25
100
AcDbLine
 10
229.0216748189205
 20
156.2912121354431
 30
0.0
 11
221.3046080282744
 21
159.2577285568561
 31
0.0
  0
LINE
  5
1C4
330
1F
100
AcDbEntity
  8
0
  6
Continuous
 62
7
370
25
100
AcDbLine
 10
221.3046080282744
 20
159.2577285568561
 30
0.0
 11
225.5921365635886
 21
159.8614990987291
 31
0.0
  0
LWPOLYLINE
  5
1C5
330
1F
100
AcDbEntity
  8
0
  6
Continuous
 62
7
370
25
100
AcDbPolyline
 90
17
 70
128
 10
227.6413119188492
 20
157.9478065721582
 10
227.829156358187
 20
157.9876286733856
 10
227.9374928676984
 20
158.0409586474796
 10
227.9498281958832
 20
158.0996774893219
 10
227.8642844008454
 20
158.1548457875296
 10
227.6938847499228
 20
158.1980646688024
 10
227.464571045292
 20
158.2227544502467
 10
227.2112542197489
 20
158.2251563364511
 10
226.9724994636598
 20
158.204904662014
 10
226.784655024322
 20
158.1650825607866
 10
226.6763185148106
 20
158.1117525866926
 10
226.6639831866258
 20
158.0530337448503
 10
226.7495269816637
 20
157.9978654466426
 10
226.9199266325862
 20
157.9546465653698
 10
227.1492403372171
 20
157.9299567839254
 10
227.4025571627601
 20
157.9275548977211
 10
227.6413119188492
 20
157.9478065721582
  0
LINE
  5
1C6
330
1F
100
AcDbEntity
  8
0
  6
Continuous
 62
7
370
25
100
AcDbLine
 10
221.3046080282744
 20
159.2577285568561
 30
0.0
 11
221.3073859384639
 21
157.7985543708304
 31
0.0
  0
LINE
  5
1C7
330
1F
100
AcDbEntity
  8
0
  6
Continuous
 62
7
370
25
100
AcDbLine
 10
221.3073859384639
 20
157.7985543708304
 30
0.0
 11
229.02445272911
 21
154.8320379494174
 31
0.0
  0
LINE
  5
1C8
330
1F
100
AcDbEntity
  8
0
  6
Continuous
 62
7
370
25
100
AcDbLine
 10
252.177106819807
 20
158.092398875531
 30
0.0
 11
244.4600400291609
 21
161.0589152969441
 31
0.0
  0
LINE
  5
1C9
330
1F
100
AcDbEntity
  8
0
  6
Continuous
 62
7
370
25
100
AcDbLine
 10
244.4600400291609
 20
161.0589152969441
 30
0.0
 11
244.4371973157751
 21
173.0576825130233
 31
0.0
  0
LINE
  5
1CA
330
1F
100
AcDbEntity
  8
0
  6
Continuous
 62
7
370
25
100
AcDbLine
 10
256.5896373342951
 20
161.4573869802142
 30
0.0
 11
259.0343745661202
 21
160.5176059285534
 31
0.0
  0
LINE
  5
1CB
330
1F
100
AcDbEntity
  8
0
  6
Continuous
 62
7
370
25
100
AcDbLine
 10
221.022804950166
 20
237.9394716359318
 30
0.0
 11
216.7352764148517
 21
237.3357010940589
 31
0.0
  0
LINE
  5
1CC
330
1F
100
AcDbEntity
  8
0
  6
Continuous
 62
7
370
25
100
AcDbLine
 10
221.022804950166
 20
237.9394716359318
 30
0.0
 11
247.7830254746666
 21
227.6498025614264
 31
0.0
  0
LINE
  5
1CD
330
1F
100
AcDbEntity
  8
0
  6
Continuous
 62
7
370
25
100
AcDbLine
 10
247.7830254746666
 20
227.6498025614264
 30
0.0
 11
243.4954969393523
 21
227.0460320195535
 31
0.0
  0
LINE
  5
1CE
330
1F
100
AcDbEntity
  8
0
  6
Continuous
 62
7
370
25
100
AcDbLine
 10
216.7352764148517
 20
237.3357010940589
 30
0.0
 11
243.4954969393523
 21
227.0460320195535
 31
0.0
  0
LWPOLYLINE
  5
1CF
330
1F
100
AcDbEntity
  8
0
  6
Continuous
 62
7
370
25
100
AcDbPolyline
 90
17
 70
128
 10
245.4249330861331
 20
227.7231392423764
 10
245.2545334101036
 20
227.7663714131085
 10
245.025219684188
 20
227.7910724608125
 10
244.771902844423
 20
227.7934818748908
 10
244.5331480833398
 20
227.7732328438915
 10
244.3453036489961
 20
227.7334080992264
 10
244.2369671537067
 20
227.6800705972584
 10
244.2246318468066
 20
227.6213404891564
 10
244.3101756669514
 20
227.5661589014894
 10
244.4805753429809
 20
227.5229267307572
 10
244.7098890688965
 20
227.4982256830533
 10
244.9632059086616
 20
227.495816268975
 10
245.2019606697447
 20
227.5160652999743
 10
245.3898051040884
 20
227.5558900446395
 10
245.4981415993779
 20
227.6092275466075
 10
245.510476906278
 20
227.6679576547094
 10
245.4249330861331
 20
227.7231392423764
  0
LINE
  5
1D0
330
1F
100
AcDbEntity
  8
0
  6
Continuous
 62
7
370
25
100
AcDbLine
 10
247.7830254746666
 20
227.6498025614264
 30
0.0
 11
247.7891249133174
 21
224.3963000797551
 31
0.0
  0
LINE
  5
1D1
330
1F
100
AcDbEntity
  8
0
  6
Continuous
 62
7
370
25
100
AcDbLine
 10
247.7891249133174
 20
224.3963000797551
 30
0.0
 11
243.5015963780032
 21
223.7925295378822
 31
0.0
  0
LINE
  5
1D2
330
1F
100
AcDbEntity
  8
0
  6
Continuous
 62
7
370
25
100
AcDbLine
 10
243.4954969393523
 20
227.0460320195535
 30
0.0
 11
243.5015963780032
 21
223.7925295378822
 31
0.0
  0
LINE
  5
1D3
330
1F
100
AcDbEntity
  8
0
  6
Continuous
 62
7
370
25
100
AcDbLine
 10
227.1693022750803
 20
221.7029902572804
 30
0.0
 11
226.2467784269632
 21
222.0577132350591
 31
0.0
  0
LINE
  5
1D4
330
1F
100
AcDbEntity
  8
0
  6
Continuous
 62
7
370
25
100
AcDbLine
 10
226.2467784269632
 20
222.0577132350591
 30
0.0
 11
226.2395437197677
 21
225.9167794807178
 31
0.0
  0
LINE
  5
1D5
330
1F
100
AcDbEntity
  8
0
  6
Continuous
 62
7
370
25
100
AcDbLine
 10
226.2395437197677
 20
225.9167794807178
 30
0.0
 11
224.953365668989
 21
226.4113324497896
 31
0.0
  0
LINE
  5
1D6
330
1F
100
AcDbEntity
  8
0
  6
Continuous
 62
7
370
25
100
AcDbLine
 10
224.953365668989
 20
226.4113324497896
 30
0.0
 11
224.9567177881101
 21
224.623278088767
 31
0.0
  0
LINE
  5
1D7
330
1F
100
AcDbEntity
  8
0
  6
Continuous
 62
7
370
25
100
AcDbLine
 10
224.9567177881101
 20
224.623278088767
 30
0.0
 11
224.27842899413
 21
224.884089363495
 31
0.0
  0
LINE
  5
1D8
330
1F
100
AcDbEntity
  8
0
  6
Continuous
 62
7
370
25
100
AcDbLine
 10
224.27842899413
 20
224.884089363495
 30
0.0
 11
224.307624325824
 21
209.3110031244186
 31
0.0
  0
LINE
  5
1D9
330
1F
100
AcDbEntity
  8
0
  6
Continuous
 62
7
370
25
100
AcDbLine
 10
224.307624325824
 20
209.3110031244186
 30
0.0
 11
223.4506105403979
 21
209.6405365913139
 31
0.0
  0
LWPOLYLINE
  5
1DA
330
1F
100
AcDbEntity
  8
0
  6
Continuous
 62
7
370
25
100
AcDbPolyline
 90
13
 70
128
 10
223.4506105403979
 20
209.6405365913139
 10
223.343289577825
 20
210.3983769443458
 10
223.1503378000378
 20
211.1224417195794
 10
222.8824571274467
 20
211.7725712269335
 10
222.5545053533843
 20
212.3127065385041
 10
222.1846720681449
 20
212.7128894689789
 10
221.7934697874936
 20
212.9509241831051
 10
221.4025962419197
 20
213.0136082704425
 10
221.0337309288773
 20
212.8974650067993
 10
220.7073326763056
 20
212.6089361880374
 10
220.4415049096365
 20
212.1640248408712
 10
220.2509915593713
 20
211.5874076274266
 10
220.1463593004326
 20
210.911066173353
  0
LINE
  5
1DB
330
1F
100
AcDbEntity
  8
0
  6
Continuous
 62
7
370
25
100
AcDbLine
 10
220.1463593004326
 20
210.911066173353
 30
0.0
 11
218.8402754036244
 21
211.4132732111984
 31
0.0
  0
LINE
  5
1DC
330
1F
100
AcDbEntity
  8
0
  6
Continuous
 62
7
370
25
100
AcDbLine
 10
218.8402754036244
 20
211.4132732111984
 30
0.0
 11
218.8365248068905
 21
213.4138795751932
 31
0.0
  0
LINE
  5
1DD
330
1F
100
AcDbEntity
  8
0
  6
Continuous
 62
7
370
25
100
AcDbLine
 10
218.8365248068905
 20
213.4138795751932
 30
0.0
 11
217.7884070940033
 21
213.8168951036662
 31
0.0
  0
LINE
  5
1DE
330
1F
100
AcDbEntity
  8
0
  6
Continuous
 62
7
370
25
100
AcDbLine
 10
216.7746690071982
 20
216.3232925272368
 30
0.0
 11
216.7352764148517
 21
237.3357010940589
 31
0.0
  0
LINE
  5
1DF
330
1F
100
AcDbEntity
  8
0
  6
Continuous
 62
7
370
25
100
AcDbLine
 10
243.5015963780032
 20
223.7925295378822
 30
0.0
 11
241.4437114967573
 21
224.5838142883969
 31
0.0
  0
LINE
  5
1E0
330
1F
100
AcDbEntity
  8
0
  6
Continuous
 62
7
370
25
100
AcDbLine
 10
241.4437114967573
 20
224.5838142883969
 30
0.0
 11
241.4500761563561
 21
221.1888402612358
 31
0.0
  0
LINE
  5
1E1
330
1F
100
AcDbEntity
  8
0
  6
Continuous
 62
7
370
25
100
AcDbLine
 10
241.4500761563561
 20
221.1888402612358
 30
0.0
 11
240.1639557740594
 21
221.652632276746
 31
0.0
  0
LINE
  5
1E2
330
1F
100
AcDbEntity
  8
0
  6
Continuous
 62
7
370
25
100
AcDbLine
 10
240.1639557740594
 20
221.652632276746
 30
0.0
 11
240.1465010265388
 21
221.6593438647765
 31
0.0
  0
LWPOLYLINE
  5
1E3
330
1F
100
AcDbEntity
  8
0
  6
Continuous
 62
7
370
25
100
AcDbPolyline
 90
13
 70
128
 10
240.1465010265388
 20
221.6593438647765
 10
240.0423987584184
 20
222.4202867931851
 10
239.8517526601468
 20
223.148817500522
 10
239.5852100133827
 20
223.8042487043918
 10
239.2576568014211
 20
224.3499756135155
 10
238.8873863506795
 20
224.7555202471591
 10
238.4950776774854
 20
224.9982335819297
 10
238.1026405978719
 20
225.0645604637432
 10
237.731992099167
 20
224.9507966416414
 10
237.403832311076
 20
224.6632956443221
 10
237.1364884363294
 20
224.2181139456565
 10
236.9448912055321
 20
223.6401142361373
 10
236.8397410195827
 20
222.9615768811201
  0
LINE
  5
1E4
330
1F
100
AcDbEntity
  8
0
  6
Continuous
 62
7
370
25
100
AcDbLine
 10
236.8397410195827
 20
222.9615768811201
 30
0.0
 11
235.5336571227743
 21
223.4637839189654
 31
0.0
  0
LINE
  5
1E5
330
1F
100
AcDbEntity
  8
0
  6
Continuous
 62
7
370
25
100
AcDbLine
 10
235.5336571227743
 20
223.4637839189654
 30
0.0
 11
235.5272924631756
 21
226.8587579461266
 31
0.0
  0
LINE
  5
1E6
330
1F
100
AcDbEntity
  8
0
  6
Continuous
 62
7
370
25
100
AcDbLine
 10
235.5272924631756
 20
226.8587579461266
 30
0.0
 11
233.4694075819296
 21
227.6500426966414
 31
0.0
  0
LINE
  5
1E7
330
1F
100
AcDbEntity
  8
0
  6
Continuous
 62
7
370
25
100
AcDbLine
 10
233.4694075819296
 20
227.6500426966414
 30
0.0
 11
233.4778747999909
 21
223.1335426460658
 31
0.0
  0
LINE
  5
1E8
330
1F
100
AcDbEntity
  8
0
  6
Continuous
 62
7
370
25
100
AcDbLine
 10
233.4778747999909
 20
223.1335426460658
 30
0.0
 11
231.419989918745
 21
223.9248273965805
 31
0.0
  0
LINE
  5
1E9
330
1F
100
AcDbEntity
  8
0
  6
Continuous
 62
7
370
25
100
AcDbLine
 10
231.419989918745
 20
223.9248273965805
 30
0.0
 11
231.4272246259405
 21
220.0657611509217
 31
0.0
  0
LINE
  5
1EA
330
1F
100
AcDbEntity
  8
0
  6
Continuous
 62
7
370
25
100
AcDbLine
 10
231.4272246259405
 20
220.0657611509217
 30
0.0
 11
230.4735535150456
 21
220.4324606752414
 31
0.0
  0
LWPOLYLINE
  5
1EB
330
1F
100
AcDbEntity
  8
0
  6
Continuous
 62
7
370
25
100
AcDbPolyline
 90
13
 70
128
 10
230.4735535150456
 20
220.4324606752414
 10
230.3662325524728
 20
221.1903010282734
 10
230.1732807746855
 20
221.9143658035069
 10
229.9054001020944
 20
222.5644953108609
 10
229.577448328032
 20
223.1046306224316
 10
229.2076150427926
 20
223.5048135529065
 10
228.8164127621413
 20
223.7428482670327
 10
228.4255392165674
 20
223.8055323543701
 10
228.0566739035249
 20
223.6893890907268
 10
227.7302756509532
 20
223.4008602719649
 10
227.4644478842842
 20
222.9559489247987
 10
227.2739345340189
 20
222.3793317113541
 10
227.1693022750803
 20
221.7029902572804
  0
LINE
  5
1EC
330
1F
100
AcDbEntity
  8
0
  6
Continuous
 62
7
370
25
100
AcDbLine
 10
245.7376046916704
 20
221.7926108031086
 30
0.0
 11
241.4500761563561
 21
221.1888402612358
 31
0.0
  0
LINE
  5
1ED
330
1F
100
AcDbEntity
  8
0
  6
Continuous
 62
7
370
25
100
AcDbLine
 10
245.7332662236305
 20
224.1067936881679
 30
0.0
 11
245.7376046916704
 21
221.7926108031086
 31
0.0
  0
LINE
  5
1EE
330
1F
100
AcDbEntity
  8
0
  6
Continuous
 62
7
370
25
100
AcDbLine
 10
239.7717707242331
 20
223.374465833108
 30
0.0
 11
236.8397410195827
 21
222.9615768811201
 31
0.0
  0
LINE
  5
1EF
330
1F
100
AcDbEntity
  8
0
  6
Continuous
 62
7
370
25
100
AcDbLine
 10
235.6112185434101
 20
223.4339604968991
 30
0.0
 11
233.4778747999909
 21
223.1335426460658
 31
0.0
  0
LINE
  5
1F0
330
1F
100
AcDbEntity
  8
0
  6
Continuous
 62
7
370
25
100
AcDbLine
 10
235.7147531612548
 20
220.6695316927946
 30
0.0
 11
231.4272246259405
 21
220.0657611509217
 31
0.0
  0
LINE
  5
1F1
330
1F
100
AcDbEntity
  8
0
  6
Continuous
 62
7
370
25
100
AcDbLine
 10
235.7096415528227
 20
223.3961155099624
 30
0.0
 11
235.7147531612548
 21
220.6695316927946
 31
0.0
  0
LINE
  5
1F2
330
1F
100
AcDbEntity
  8
0
  6
Continuous
 62
7
370
25
100
AcDbLine
 10
230.1013319797307
 20
222.1158792092683
 30
0.0
 11
227.1693022750803
 21
221.7029902572804
 31
0.0
  0
LINE
  5
1F3
330
1F
100
AcDbEntity
  8
0
  6
Continuous
 62
7
370
25
100
AcDbLine
 10
226.2416294691644
 20
224.804219583509
 30
0.0
 11
224.9567177881101
 21
224.623278088767
 31
0.0
  0
LINE
  5
1F4
330
1F
100
AcDbEntity
  8
0
  6
Continuous
 62
7
370
25
100
AcDbLine
 10
228.5951528611382
 20
209.9147736662914
 30
0.0
 11
224.307624325824
 21
209.3110031244186
 31
0.0
  0
LINE
  5
1F5
330
1F
100
AcDbEntity
  8
0
  6
Continuous
 62
7
370
25
100
AcDbLine
 10
228.5726826458963
 20
221.9006145342881
 30
0.0
 11
228.5951528611382
 21
209.9147736662914
 31
0.0
  0
LINE
  5
1F6
330
1F
100
AcDbEntity
  8
0
  6
Continuous
 62
7
370
25
100
AcDbLine
 10
223.0783890050831
 20
211.3239551253409
 30
0.0
 11
220.1463593004326
 21
210.911066173353
 31
0.0
  0
LINE
  5
1F7
330
1F
100
AcDbEntity
  8
0
  6
Continuous
 62
7
370
25
100
AcDbLine
 10
214.5304795459333
 20
217.1859810422143
 30
0.0
 11
216.7724598167982
 21
217.5016971084421
 31
0.0
  0
LWPOLYLINE
  5
1F8
330
1F
100
AcDbEntity
  8
0
  6
Continuous
 62
7
370
25
100
AcDbPolyline
 90
4
 70
128
 10
216.7732096538738
 20
217.1017264020106
 10
216.7447559401342
 20
217.0814785399625
 10
216.7324206332341
 20
217.0227484318606
 10
216.7734226157965
 20
216.9881303510237
  0
LINE
  5
1F9
330
1F
100
AcDbEntity
  8
0
  6
Continuous
 62
7
370
25
100
AcDbLine
 10
217.7843744521398
 20
215.9351518172406
 30
0.0
 11
213.4968459168256
 21
215.3313812753677
 31
0.0
  0
LINE
  5
1FA
330
1F
100
AcDbEntity
  8
0
  6
Continuous
 62
7
370
25
100
AcDbLine
 10
217.7843744521398
 20
215.9351518172406
 30
0.0
 11
217.7905683930075
 21
212.6816130030837
 31
0.0
  0
LINE
  5
1FB
330
1F
100
AcDbEntity
  8
0
  6
Continuous
 62
7
370
25
100
AcDbLine
 10
217.7905683930075
 20
212.6816130030837
 30
0.0
 11
213.5030398576933
 21
212.0778424612109
 31
0.0
  0
LINE
  5
1FC
330
1F
100
AcDbEntity
  8
0
  6
Continuous
 62
7
370
25
100
AcDbLine
 10
213.4968459168256
 20
215.3313812753677
 30
0.0
 11
213.5030398576933
 21
212.0778424612109
 31
0.0
  0
LINE
  5
1FD
330
1F
100
AcDbEntity
  8
0
  6
Continuous
 62
7
370
25
100
AcDbLine
 10
191.024159177776
 20
226.222041927894
 30
0.0
 11
186.7366306424617
 21
225.618271386021
 31
0.0
  0
LINE
  5
1FE
330
1F
100
AcDbEntity
  8
0
  6
Continuous
 62
7
370
25
100
AcDbLine
 10
191.024159177776
 20
226.222041927894
 30
0.0
 11
217.7843744521398
 21
215.9351518172406
 31
0.0
  0
LINE
  5
1FF
330
1F
100
AcDbEntity
  8
0
  6
Continuous
 62
7
370
25
100
AcDbLine
 10
186.7366306424617
 20
225.618271386021
 30
0.0
 11
213.4968459168256
 21
215.3313812753677
 31
0.0
  0
LWPOLYLINE
  5
200
330
1F
100
AcDbEntity
  8
0
  6
Continuous
 62
7
370
25
100
AcDbPolyline
 90
17
 70
128
 10
215.4262822150089
 20
216.0084083588889
 10
215.2558825640864
 20
216.0516272401617
 10
215.0265688594555
 20
216.076317021606
 10
214.7732520339125
 20
216.0787189078104
 10
214.5344972778234
 20
216.0584672333733
 10
214.3466528384856
 20
216.0186451321459
 10
214.2383163289742
 20
215.9653151580518
 10
214.2259810007893
 20
215.9065963162096
 10
214.3115247958272
 20
215.8514280180019
 10
214.4819244467497
 20
215.808209136729
 10
214.7112381513805
 20
215.7835193552847
 10
214.9645549769236
 20
215.7811174690804
 10
215.2033097330127
 20
215.8013691435174
 10
215.3911541723505
 20
215.8411912447448
 10
215.499490681862
 20
215.8945212188389
 10
215.5118260100468
 20
215.9532400606812
 10
215.4262822150089
 20
216.0084083588889
  0
LINE
  5
201
330
1F
100
AcDbEntity
  8
0
  6
Continuous
 62
7
370
25
100
AcDbLine
 10
197.1709922413451
 20
209.9865119616254
 30
0.0
 11
196.2484685742196
 21
210.3411391382344
 31
0.0
  0
LINE
  5
202
330
1F
100
AcDbEntity
  8
0
  6
Continuous
 62
7
370
25
100
AcDbLine
 10
196.2484685742196
 20
210.3411391382344
 30
0.0
 11
196.2411217754189
 21
214.2002484788252
 31
0.0
  0
LINE
  5
203
330
1F
100
AcDbEntity
  8
0
  6
Continuous
 62
7
370
25
100
AcDbLine
 10
196.2411217754189
 20
214.2002484788252
 30
0.0
 11
194.9549439769779
 21
214.6946678823942
 31
0.0
  0
LINE
  5
204
330
1F
100
AcDbEntity
  8
0
  6
Continuous
 62
7
370
25
100
AcDbLine
 10
194.9549439769779
 20
214.6946678823942
 30
0.0
 11
194.9583480324667
 21
212.9065935538259
 31
0.0
  0
LINE
  5
205
330
1F
100
AcDbEntity
  8
0
  6
Continuous
 62
7
370
25
100
AcDbLine
 10
194.9583480324667
 20
212.9065935538259
 30
0.0
 11
194.2800593715613
 21
213.1673343904185
 31
0.0
  0
LINE
  5
206
330
1F
100
AcDbEntity
  8
0
  6
Continuous
 62
7
370
25
100
AcDbLine
 10
194.2800593715613
 20
213.1673343904185
 30
0.0
 11
194.3097070438271
 21
197.5940742437045
 31
0.0
  0
LINE
  5
207
330
1F
100
AcDbEntity
  8
0
  6
Continuous
 62
7
370
25
100
AcDbLine
 10
194.3097070438271
 20
197.5940742437045
 30
0.0
 11
193.4526934265402
 21
197.9235187124419
 31
0.0
  0
LWPOLYLINE
  5
208
330
1F
100
AcDbEntity
  8
0
  6
Continuous
 62
7
370
25
100
AcDbPolyline
 90
13
 70
128
 10
193.4526934265402
 20
197.9235187124419
 10
193.3453516559199
 20
198.6813560680311
 10
193.1523810257478
 20
199.4054081949298
 10
192.8844845020674
 20
200.0555161045868
 10
192.5565207573797
 20
200.5956220669976
 10
192.1866800459202
 20
200.9957695246785
 10
191.7954752953436
 20
201.2337646098472
 10
191.4046043731319
 20
201.2964071100531
 10
191.0357466312361
 20
201.1802226077022
 10
190.7093604776679
 20
200.8916551859295
 10
190.4435486667974
 20
200.4467100125352
 10
190.2530542441497
 20
199.8700656257907
 10
190.1484428348421
 20
199.1937051584913
  0
LINE
  5
209
330
1F
100
AcDbEntity
  8
0
  6
Continuous
 62
7
370
25
100
AcDbLine
 10
190.1484428348421
 20
199.1937051584913
 30
0.0
 11
188.8423591942769
 21
199.695776563675
 31
0.0
  0
LINE
  5
20A
330
1F
100
AcDbEntity
  8
0
  6
Continuous
 62
7
370
25
100
AcDbLine
 10
188.8423591942769
 20
199.695776563675
 30
0.0
 11
188.8385504873254
 21
201.6964052688244
 31
0.0
  0
LINE
  5
20B
330
1F
100
AcDbEntity
  8
0
  6
Continuous
 62
7
370
25
100
AcDbLine
 10
188.8385504873254
 20
201.6964052688244
 30
0.0
 11
184.2083104129378
 21
203.4763151216722
 31
0.0
  0
LINE
  5
20C
330
1F
100
AcDbEntity
  8
0
  6
Continuous
 62
7
370
25
100
AcDbLine
 10
184.2083104129378
 20
203.4763151216722
 30
0.0
 11
184.2046065326851
 21
205.4218807030399
 31
0.0
  0
LINE
  5
20D
330
1F
100
AcDbEntity
  8
0
  6
Continuous
 62
7
370
25
100
AcDbLine
 10
184.2046065326851
 20
205.4218807030399
 30
0.0
 11
186.7769621295671
 21
204.4330418959022
 31
0.0
  0
LINE
  5
20E
330
1F
100
AcDbEntity
  8
0
  6
Continuous
 62
7
370
25
100
AcDbLine
 10
186.7769621295671
 20
204.4330418959022
 30
0.0
 11
186.7366306424617
 21
225.618271386021
 31
0.0
  0
LINE
  5
20F
330
1F
100
AcDbEntity
  8
0
  6
Continuous
 62
7
370
25
100
AcDbLine
 10
213.5030398576933
 20
212.0778424612109
 30
0.0
 11
211.4451553801876
 21
212.8689135069209
 31
0.0
  0
LINE
  5
210
330
1F
100
AcDbEntity
  8
0
  6
Continuous
 62
7
370
25
100
AcDbLine
 10
211.4451553801876
 20
212.8689135069209
 30
0.0
 11
211.4516186512286
 21
209.4739015674344
 31
0.0
  0
LINE
  5
211
330
1F
100
AcDbEntity
  8
0
  6
Continuous
 62
7
370
25
100
AcDbLine
 10
211.4516186512286
 20
209.4739015674344
 30
0.0
 11
210.1654994147614
 21
209.9375596739285
 31
0.0
  0
LINE
  5
212
330
1F
100
AcDbEntity
  8
0
  6
Continuous
 62
7
370
25
100
AcDbLine
 10
210.1654994147614
 20
209.9375596739285
 30
0.0
 11
210.1480446706654
 21
209.9442694493389
 31
0.0
  0
LWPOLYLINE
  5
213
330
1F
100
AcDbEntity
  8
0
  6
Continuous
 62
7
370
25
100
AcDbPolyline
 90
13
 70
128
 10
210.1480446706654
 20
209.9442694493389
 10
210.0439214677064
 20
210.7052097639044
 10
209.8532563610133
 20
211.4337281232022
 10
209.5866976938348
 20
212.0891379344551
 10
209.2591323441804
 20
212.6348356011278
 10
208.8888543163387
 20
213.0403447756307
 10
208.4965430498061
 20
213.2830184149077
 10
208.1041085054495
 20
213.3493035818048
 10
207.7334675290069
 20
213.2354983550757
 10
207.4053198300772
 20
212.9479585758007
 10
207.1379919362305
 20
212.5027428837618
 10
206.9464136855636
 20
211.9247158679273
 10
206.8412844189652
 20
211.2461594186675
  0
LINE
  5
214
330
1F
100
AcDbEntity
  8
0
  6
Continuous
 62
7
370
25
100
AcDbLine
 10
206.8412844189652
 20
211.2461594186675
 30
0.0
 11
205.5352007783999
 21
211.7482308238511
 31
0.0
  0
LINE
  5
215
330
1F
100
AcDbEntity
  8
0
  6
Continuous
 62
7
370
25
100
AcDbLine
 10
205.5352007783999
 20
211.7482308238511
 30
0.0
 11
205.528737507359
 21
215.1432427633376
 31
0.0
  0
LINE
  5
216
330
1F
100
AcDbEntity
  8
0
  6
Continuous
 62
7
370
25
100
AcDbLine
 10
205.528737507359
 20
215.1432427633376
 30
0.0
 11
203.4708530298533
 21
215.9343138090478
 31
0.0
  0
LINE
  5
217
330
1F
100
AcDbEntity
  8
0
  6
Continuous
 62
7
370
25
100
AcDbLine
 10
203.4708530298533
 20
215.9343138090478
 30
0.0
 11
203.4794514355407
 21
211.417763321851
 31
0.0
  0
LINE
  5
218
330
1F
100
AcDbEntity
  8
0
  6
Continuous
 62
7
370
25
100
AcDbLine
 10
203.4794514355407
 20
211.417763321851
 30
0.0
 11
201.421566958035
 21
212.2088343675611
 31
0.0
  0
LINE
  5
219
330
1F
100
AcDbEntity
  8
0
  6
Continuous
 62
7
370
25
100
AcDbLine
 10
201.421566958035
 20
212.2088343675611
 30
0.0
 11
201.4289137568356
 21
208.3497250269703
 31
0.0
  0
LINE
  5
21A
330
1F
100
AcDbEntity
  8
0
  6
Continuous
 62
7
370
25
100
AcDbLine
 10
201.4289137568356
 20
208.3497250269703
 30
0.0
 11
200.4752428330431
 21
208.716325515576
 31
0.0
  0
LWPOLYLINE
  5
21B
330
1F
100
AcDbEntity
  8
0
  6
Continuous
 62
7
370
25
100
AcDbPolyline
 90
13
 70
128
 10
200.4752428330431
 20
208.716325515576
 10
200.3679010624228
 20
209.4741628711653
 10
200.1749304322508
 20
210.1982149980639
 10
199.9070339085703
 20
210.8483229077208
 10
199.5790701638826
 20
211.3884288701317
 10
199.2092294524232
 20
211.7885763278125
 10
198.8180247018466
 20
212.0265714129812
 10
198.4271537796349
 20
212.0892139131871
 10
198.0582960377391
 20
211.9730294108362
 10
197.7319098841709
 20
211.6844619890635
 10
197.4660980733004
 20
211.2395168156692
 10
197.2756036506527
 20
210.6628724289248
 10
197.1709922413451
 20
209.9865119616254
  0
LINE
  5
21C
330
1F
100
AcDbEntity
  8
0
  6
Continuous
 62
7
370
25
100
AcDbLine
 10
215.7391471865428
 20
210.0776721093073
 30
0.0
 11
211.4516186512286
 21
209.4739015674344
 31
0.0
  0
LINE
  5
21D
330
1F
100
AcDbEntity
  8
0
  6
Continuous
 62
7
370
25
100
AcDbLine
 10
215.7347410618215
 20
212.3921110274062
 30
0.0
 11
215.7391471865428
 21
210.0776721093073
 31
0.0
  0
LINE
  5
21E
330
1F
100
AcDbEntity
  8
0
  6
Continuous
 62
7
370
25
100
AcDbLine
 10
209.7733870748535
 20
211.6590586436619
 30
0.0
 11
206.8412844189652
 21
211.2461594186675
 31
0.0
  0
LINE
  5
21F
330
1F
100
AcDbEntity
  8
0
  6
Continuous
 62
7
370
25
100
AcDbLine
 10
205.6132170892494
 20
211.7182405861673
 30
0.0
 11
203.4794514355407
 21
211.417763321851
 31
0.0
  0
LINE
  5
220
330
1F
100
AcDbEntity
  8
0
  6
Continuous
 62
7
370
25
100
AcDbLine
 10
205.7164422921498
 20
208.9534955688432
 30
0.0
 11
201.4289137568356
 21
208.3497250269703
 31
0.0
  0
LINE
  5
221
330
1F
100
AcDbEntity
  8
0
  6
Continuous
 62
7
370
25
100
AcDbLine
 10
205.7112506380534
 20
211.6805555252152
 30
0.0
 11
205.7164422921498
 21
208.9534955688432
 31
0.0
  0
LINE
  5
222
330
1F
100
AcDbEntity
  8
0
  6
Continuous
 62
7
370
25
100
AcDbLine
 10
200.1030948972333
 20
210.3994111866198
 30
0.0
 11
197.1709922413451
 21
209.9865119616254
 31
0.0
  0
LINE
  5
223
330
1F
100
AcDbEntity
  8
0
  6
Continuous
 62
7
370
25
100
AcDbLine
 10
196.2432401144578
 20
213.0875322886244
 30
0.0
 11
194.9583480324667
 21
212.9065935538259
 31
0.0
  0
LINE
  5
224
330
1F
100
AcDbEntity
  8
0
  6
Continuous
 62
7
370
25
100
AcDbLine
 10
198.5972355791413
 20
198.1978447855773
 30
0.0
 11
194.3097070438271
 21
197.5940742437045
 31
0.0
  0
LINE
  5
225
330
1F
100
AcDbEntity
  8
0
  6
Continuous
 62
7
370
25
100
AcDbLine
 10
198.5744166047581
 20
210.1841424336786
 30
0.0
 11
198.5972355791413
 21
198.1978447855773
 31
0.0
  0
LINE
  5
226
330
1F
100
AcDbEntity
  8
0
  6
Continuous
 62
7
370
25
100
AcDbLine
 10
193.0805454907303
 20
199.6066043834858
 30
0.0
 11
190.1484428348421
 21
199.1937051584913
 31
0.0
  0
LINE
  5
227
330
1F
100
AcDbEntity
  8
0
  6
Continuous
 62
7
370
25
100
AcDbLine
 10
184.2046065326851
 20
205.4218807030399
 30
0.0
 11
186.7743906966675
 21
205.7837581726368
 31
0.0
  0
LWPOLYLINE
  5
228
330
1F
100
AcDbEntity
  8
0
  6
Continuous
 62
7
370
25
100
AcDbPolyline
 90
4
 70
128
 10
186.7751520118532
 20
205.3838563073417
 10
186.7467258626513
 20
205.3636274207278
 10
186.7343905344664
 20
205.3049085788856
 10
186.7753681718807
 20
205.2703122722532
  0
LWPOLYLINE
  5
229
330
1F
100
AcDbEntity
  8
0
  6
Continuous
 62
7
370
25
100
AcDbPolyline
 90
28
 70
128
 10
130.9611495046155
 20
160.4784959279783
 10
130.5983802717978
 20
160.8816542278389
 10
130.2772752144644
 20
161.4195418498043
 10
130.0151451893709
 20
162.0631611329472
 10
129.8261216940201
 20
162.7778143951191
 10
129.7203950339732
 20
163.5249744939748
 10
129.7036649608396
 20
164.26436183519
 10
129.7768333971924
 20
164.9561158558166
 10
129.9359558136889
 20
165.5629439175485
 10
130.1724538796684
 20
166.0521317625064
 10
130.4735779231788
 20
166.3973071473469
 10
130.8230942690913
 20
166.579861577728
 10
131.2021604007289
 20
166.5899534970554
 10
131.5903407648174
 20
166.4270388473459
 10
131.9667084574519
 20
166.0999003995344
 10
132.3109733989036
 20
165.6261742720188
 10
132.604576177069
 20
165.0313991629531
 10
132.8316885901809
 20
164.3476395524188
 10
132.9800669492628
 20
163.6117570980043
 10
133.0417121385701
 20
162.8634234133032
 10
133.0133008499909
 20
162.1429813609566
 10
132.8963647434468
 20
161.4892701584863
 10
132.6972078747091
 20
160.9375315460239
 10
132.4265668421215
 20
160.5175098949798
 10
132.0990319738034
 20
160.25184868128
 10
131.7322607592853
 20
160.1548697697193
 10
131.3460259296768
 20
160.2318013185216
 10
130.9611495046155
 20
160.4784959279783
  0
LWPOLYLINE
  5
22A
330
1F
100
AcDbEntity
  8
0
  6
Continuous
 62
7
370
25
100
AcDbPolyline
 90
15
 70
128
 10
132.6330407068721
 20
166.8405503494297
 10
132.9171718148546
 20
166.8314617138047
 10
133.305352178943
 20
166.6685470640953
 10
133.6817198715776
 20
166.3414086162837
 10
134.0259848130293
 20
165.8676824887681
 10
134.3195875911946
 20
165.2729073797024
 10
134.5467000043066
 20
164.5891477691681
 10
134.6950783633884
 20
163.8532653147536
 10
134.7567235526957
 20
163.1049316300525
 10
134.7283122641166
 20
162.384489577706
 10
134.6113761575724
 20
161.7307783752356
 10
134.4122192888348
 20
161.1790397627732
 10
134.1415782562472
 20
160.7590181117291
 10
133.8140433879291
 20
160.4933568980294
 10
133.5394290104102
 20
160.4040559430615
  0
LWPOLYLINE
  5
22B
330
1F
100
AcDbEntity
  8
0
  6
Continuous
 62
7
370
25
100
AcDbPolyline
 90
17
 70
128
 10
131.2135026984001
 20
162.2645260827586
 10
130.9869235825314
 20
162.5568747557663
 10
130.8188506369628
 20
162.9746578063694
 10
130.7348714440721
 20
163.4542715523264
 10
130.7477710747038
 20
163.9226991485247
 10
130.8555856770294
 20
164.30862673975
 10
131.0419014551869
 20
164.5533003486804
 10
131.2783535209083
 20
164.6194706363282
 10
131.528944190631
 20
164.497063776234
 10
131.7555233064997
 20
164.2047151032263
 10
131.9235962520684
 20
163.7869320526233
 10
132.0075754449589
 20
163.3073183066662
 10
131.9946758143274
 20
162.8388907104679
 10
131.8868612120017
 20
162.4529631192426
 10
131.7005454338442
 20
162.2082895103122
 10
131.4640933681228
 20
162.1421192226644
 10
131.2135026984001
 20
162.2645260827586
  0
ARC
  5
22C
330
1F
100
AcDbEntity
  8
0
  6
Continuous
 62
7
370
25
100
AcDbCircle
 10
276.990133026134
 20
135.5667600652454
 30
0.0
 40
33.43615075654725
100
AcDbArc
 50
174.0443195785838
 51
185.200254081949
  0
LWPOLYLINE
  5
22D
330
1F
100
AcDbEntity
  8
0
  6
Continuous
 62
7
370
25
100
AcDbPolyline
 90
28
 70
128
 10
245.7468118006399
 20
132.8980326617128
 10
245.77180121269
 20
133.3250318170049
 10
245.7935514192359
 20
133.8839994661683
 10
245.8108898610128
 20
134.5448015185532
 10
245.8228818181366
 20
135.2718139644734
 10
245.8288808010948
 20
136.0258433747891
 10
245.8285634031633
 20
136.7662398288169
 10
245.8219467353469
 20
137.4530883620758
 10
245.80938750392
 20
138.0493607923536
 10
245.7915627802998
 20
138.5229119185948
 10
245.7694334999504
 20
138.8482124770094
 10
245.7441926581035
 20
139.0077254302925
 10
245.7172009950762
 20
138.9928513938441
 10
245.6899136384089
 20
138.8043922308193
 10
245.6638016565627
 20
138.4525078234774
 10
245.6402727532377
 20
137.9561683513003
 10
245.6205953777024
 20
137.3421316037055
 10
245.6058303423652
 20
136.6435004606936
 10
245.5967736341028
 20
135.8979383080182
 10
245.5939135024021
 20
135.1456385943115
 10
245.5974041377032
 20
134.427157991865
 10
245.6070573589536
 20
133.7812299759284
 10
245.6223527584971
 20
133.2426766930331
 10
245.6424657573851
 20
132.8405316900593
 10
245.6663120586415
 20
132.5964747082086
 10
245.6926061019933
 20
132.5236629225444
 10
245.7199303687574
 20
132.6260216352785
 10
245.7468118006399
 20
132.8980326617128
  0
LWPOLYLINE
  5
22E
330
1F
100
AcDbEntity
  8
0
  6
Continuous
 62
7
370
25
100
AcDbPolyline
 90
17
 70
128
 10
245.7252144289728
 20
134.6672193085205
 10
245.7407396885066
 20
134.9744534663257
 10
245.7518463654784
 20
135.4032531519769
 10
245.7568435690014
 20
135.8883375004125
 10
245.7549705201393
 20
136.3558568168838
 10
245.746512373602
 20
136.7346355235311
 10
245.7327568055264
 20
136.9670079959049
 10
245.7157979764575
 20
137.0175976315481
 10
245.6982177143889
 20
136.8787026170301
 10
245.6826924548552
 20
136.5714684592248
 10
245.6715857778834
 20
136.1426687735736
 10
245.6665885743603
 20
135.657584425138
 10
245.6684616232224
 20
135.1900651086668
 10
245.6769197697598
 20
134.8112864020194
 10
245.6906753378354
 20
134.5789139296456
 10
245.7076341669042
 20
134.5283242940025
 10
245.7252144289728
 20
134.6672193085205
  0
ARC
  5
22F
330
1F
100
AcDbEntity
  8
0
  6
Continuous
 62
7
370
25
100
AcDbCircle
 10
275.8624875301356
 20
135.727569557836
 30
0.0
 40
41.28394794133359
100
AcDbArc
 50
175.5448858998443
 51
184.3510112669134
  0
LWPOLYLINE
  5
230
330
1F
100
AcDbEntity
  8
0
  6
Continuous
 62
7
370
25
100
AcDbPolyline
 90
28
 70
128
 10
236.7527268249184
 20
132.9573255727688
 10
236.7777162369685
 20
133.3843247280608
 10
236.7994664435144
 20
133.9432923772243
 10
236.8168048852912
 20
134.6040944296092
 10
236.8287968424151
 20
135.3311068755294
 10
236.8347958253733
 20
136.085136285845
 10
236.8344784274418
 20
136.8255327398729
 10
236.8278617596253
 20
137.5123812731318
 10
236.8153025281984
 20
138.1086537034096
 10
236.7974778045783
 20
138.5822048296508
 10
236.7753485242289
 20
138.9075053880654
 10
236.7501076823819
 20
139.0670183413484
 10
236.7231160193547
 20
139.0521443049001
 10
236.6958286626874
 20
138.8636851418752
 10
236.6697166808412
 20
138.5118007345334
 10
236.6461877775162
 20
138.0154612623562
 10
236.6265104019808
 20
137.4014245147616
 10
236.6117453666436
 20
136.7027933717496
 10
236.6026886583813
 20
135.9572312190741
 10
236.5998285266806
 20
135.2049315053674
 10
236.6033191619817
 20
134.486450902921
 10
236.6129723832321
 20
133.8405228869844
 10
236.6282677827755
 20
133.3019696040891
 10
236.6483807816635
 20
132.8998246011152
 10
236.67222708292
 20
132.6557676192646
 10
236.6985211262718
 20
132.5829558336004
 10
236.7258453930359
 20
132.6853145463345
 10
236.7527268249184
 20
132.9573255727688
  0
LWPOLYLINE
  5
231
330
1F
100
AcDbEntity
  8
0
  6
Continuous
 62
7
370
25
100
AcDbPolyline
 90
17
 70
128
 10
236.7311294532512
 20
134.7265122195764
 10
236.746654712785
 20
135.0337463773817
 10
236.7577613897568
 20
135.4625460630329
 10
236.7627585932799
 20
135.9476304114685
 10
236.7608855444178
 20
136.4151497279397
 10
236.7524273978804
 20
136.7939284345871
 10
236.7386718298048
 20
137.0263009069609
 10
236.721713000736
 20
137.0768905426041
 10
236.7041327386674
 20
136.937995528086
 10
236.6886074791336
 20
136.6307613702808
 10
236.6775008021618
 20
136.2019616846296
 10
236.6725035986387
 20
135.716877336194
 10
236.6743766475008
 20
135.2493580197227
 10
236.6828347940382
 20
134.8705793130754
 10
236.6965903621138
 20
134.6382068407016
 10
236.7135491911827
 20
134.5876172050584
 10
236.7311294532512
 20
134.7265122195764
  0
LWPOLYLINE
  5
232
330
1F
100
AcDbEntity
  8
0
  6
Continuous
 62
7
370
25
100
AcDbPolyline
 90
28
 70
128
 10
241.7800491253633
 20
191.5354788306245
 10
241.0922774274167
 20
191.4622987163311
 10
240.3514440482922
 20
191.42771432237
 10
239.5974875072159
 20
191.4335901023714
 10
238.8710537964718
 20
191.4796092915145
 10
238.2113051454362
 20
191.5632909834011
 10
237.6538087746563
 20
191.6801238763613
 10
237.2286194577831
 20
191.8238094788946
 10
236.9586592609457
 20
191.9866016629767
 10
236.8584818082319
 20
192.1597242598267
 10
236.9334876920476
 20
192.3338441854371
 10
237.1796333257818
 20
192.4995745895492
 10
237.5836489346074
 20
192.6479809031794
 10
238.1237539324771
 20
192.7710625035466
 10
238.7708311191548
 20
192.8621840297163
 10
239.4899963960168
 20
192.9164330966268
 10
240.2424793768388
 20
192.9308851230392
 10
240.9877135093516
 20
192.9047609964687
 10
241.6855230285747
 20
192.8394690753409
 10
242.2982888427055
 20
192.7385292640238
 10
242.7929765880958
 20
192.6073832538728
 10
243.1429175203465
 20
192.4531011602411
 10
243.329246233221
 20
192.2840003707309
 10
243.3419176975788
 20
192.1091971526746
 10
243.1802487914966
 20
191.9381151928039
 10
242.8529551275478
 20
191.7799775638583
 10
242.3776811918726
 20
191.6433095063466
 10
241.7800491253633
 20
191.5354788306245
  0
LWPOLYLINE
  5
233
330
1F
100
AcDbEntity
  8
0
  6
Continuous
 62
7
370
25
100
AcDbPolyline
 90
11
 70
128
 10
241.7837530056158
 20
189.5899132492569
 10
241.0959813076692
 20
189.5167331349635
 10
240.3551479285447
 20
189.4821487410024
 10
239.6011913874685
 20
189.4880245210038
 10
238.8747576767243
 20
189.5340437101469
 10
238.2150090256889
 20
189.6177254020335
 10
237.6575126549089
 20
189.7345582949937
 10
237.2323233380358
 20
189.8782438975269
 10
236.9623631411983
 20
190.0410360816091
 10
236.8621856884845
 20
190.2141586784591
 10
236.8617277570867
 20
190.226471281276
  0
LWPOLYLINE
  5
234
330
1F
100
AcDbEntity
  8
0
  6
Continuous
 62
7
370
25
100
AcDbPolyline
 90
6
 70
128
 10
243.3617159781983
 20
190.2388456665168
 10
243.3456215778313
 20
190.163631571307
 10
243.1839526717492
 20
189.9925496114363
 10
242.8566590078003
 20
189.8344119824906
 10
242.3813850721251
 20
189.697743924979
 10
241.7837530056158
 20
189.5899132492569
  0
LWPOLYLINE
  5
235
330
1F
100
AcDbEntity
  8
0
  6
Continuous
 62
7
370
25
100
AcDbPolyline
 90
17
 70
128
 10
240.7511068866104
 20
191.9310143534796
 10
240.2919631249006
 20
191.8920688257159
 10
239.8048153834716
 20
191.8966878376474
 10
239.3638274899508
 20
191.9441681865788
 10
239.0361358535614
 20
192.0272814197958
 10
238.8716285554116
 20
192.1333743009644
 10
238.8953503403824
 20
192.2462951506611
 10
239.1036897817506
 20
192.3488527931496
 10
239.4649290881694
 20
192.4254337570484
 10
239.9240728498793
 20
192.4643792848121
 10
240.4112205913082
 20
192.4597602728806
 10
240.8522084848291
 20
192.4122799239492
 10
241.1799001212185
 20
192.3291666907322
 10
241.3444074193683
 20
192.2230738095636
 10
241.3206856343974
 20
192.1101529598669
 10
241.1123461930293
 20
192.0075953173784
 10
240.7511068866104
 20
191.9310143534796
  0
LWPOLYLINE
  5
236
330
1F
100
AcDbEntity
  8
0
  6
Continuous
 62
7
370
25
100
AcDbPolyline
 90
3
 70
128
 10
194.5629152612074
 20
182.4567119661968
 10
194.6344120109461
 20
182.5391108342635
 10
194.8871867761481
 20
182.9563718975273
  0
LWPOLYLINE
  5
237
330
1F
100
AcDbEntity
  8
0
  6
Continuous
 62
7
370
25
100
AcDbPolyline
 90
11
 70
128
 10
195.1712799155914
 20
184.0163658955792
 10
195.1918511916109
 20
184.2080200973178
 10
195.2087983252544
 20
184.9342147321319
 10
195.1358432717294
 20
185.6832111574814
 10
194.9769190568552
 20
186.4146307822053
 10
194.7405933261916
 20
187.0890425850137
 10
194.4396064610494
 20
187.6700888510524
 10
194.0901847412358
 20
188.1264452257208
 10
193.7111655821106
 20
188.4335094187373
 10
193.3229820046475
 20
188.5747275199756
 10
193.0879774712149
 20
188.5754202186916
  0
ARC
  5
238
330
1F
100
AcDbEntity
  8
0
  6
Continuous
 62
7
370
25
100
AcDbCircle
 10
187.5125879884495
 20
184.5172370344911
 30
0.0
 40
5.983128876913794
100
AcDbArc
 50
348.3307616393858
 51
16.21801062515667
  0
LWPOLYLINE
  5
239
330
1F
100
AcDbEntity
  8
0
  6
Continuous
 62
7
370
25
100
AcDbPolyline
 90
10
 70
128
 10
193.0330836720829
 20
186.8299114815566
 10
193.025581912066
 20
186.8475343682646
 10
192.7245950469237
 20
187.4285806343032
 10
192.3751733271102
 20
187.8849370089716
 10
191.996154167985
 20
188.1920012019881
 10
191.6079705905219
 20
188.3332193032264
 10
191.2315496718597
 20
188.300978208296
 10
190.8871843611562
 20
188.0970160429697
 10
190.5934394814472
 20
187.732328460374
 10
190.4415950309248
 20
187.4284607096551
  0
LWPOLYLINE
  5
23A
330
1F
100
AcDbEntity
  8
0
  6
Continuous
 62
7
370
25
100
AcDbPolyline
 90
15
 70
128
 10
200.9552499109959
 20
225.3231219688736
 10
201.3115818731329
 20
225.4604194458893
 10
201.6271538096961
 20
225.7642122684429
 10
201.8820714191378
 20
226.2177223385107
 10
202.06259202715
 20
226.7965008108285
 10
202.1589837210286
 20
227.4693455881426
 10
202.1660499996067
 20
228.1999834343484
 10
202.0834099179771
 20
228.9490254740386
 10
201.9155186243309
 20
229.6760906569711
 10
201.6714271817658
 20
230.3419827109402
 10
201.3642946231311
 20
230.9108032229567
 10
201.010678544161
 20
231.3518869319842
 10
200.6296424792031
 20
231.6414549010985
 10
200.2417281811467
 20
231.763896446133
 10
200.0488616074577
 20
231.7596163752419
  0
LWPOLYLINE
  5
23B
330
1F
100
AcDbEntity
  8
0
  6
Continuous
 62
7
370
25
100
AcDbPolyline
 90
28
 70
128
 10
199.5965704590072
 20
225.2189112291403
 10
199.9121423955705
 20
225.5227040516939
 10
200.1670600050121
 20
225.9762141217617
 10
200.3475806130243
 20
226.5549925940795
 10
200.443972306903
 20
227.2278373713935
 10
200.4510385854811
 20
227.9584752175994
 10
200.3683985038514
 20
228.7075172572896
 10
200.2005072102052
 20
229.4345824402221
 10
199.9564157676401
 20
230.1004744941912
 10
199.6492832090054
 20
230.6692950062077
 10
199.2956671300353
 20
231.1103787152351
 10
198.9146310650774
 20
231.3999466843495
 10
198.526716767021
 20
231.522388229384
 10
198.1528367960821
 20
231.471102494953
 10
197.8131471182694
 20
231.2488543082745
 10
197.525960492039
 20
230.8676251266192
 10
197.3067592227466
 20
230.3479671138475
 10
197.1673605075579
 20
229.7178951679365
 10
197.1152793672906
 20
229.0113766305782
 10
197.1533235096974
 20
228.2665000989972
 10
197.2794419652137
 20
227.5234220598151
 10
197.486835655258
 20
226.8222020424627
 10
197.7643239323182
 20
226.2006429995798
 10
198.0969473315528
 20
225.6922533400523
 10
198.4667740394129
 20
225.3244404820175
 10
198.8538666023514
 20
225.1170333118567
 10
199.2373567601053
 20
225.0812132037986
 10
199.5965704590072
 20
225.2189112291403
  0
LWPOLYLINE
  5
23C
330
1F
100
AcDbEntity
  8
0
  6
Continuous
 62
7
370
25
100
AcDbPolyline
 90
17
 70
128
 10
199.0984005427573
 20
227.1148802913978
 10
199.2900341351804
 20
227.345967895122
 10
199.4050920916778
 20
227.7222770701975
 10
199.4260578813757
 20
228.1865181559703
 10
199.3497396528478
 20
228.6680146554872
 10
199.1877561645612
 20
229.0934630914737
 10
198.9647679342234
 20
229.3980927962502
 10
198.7147228985102
 20
229.5355266587399
 10
198.4756881474449
 20
229.4848416192197
 10
198.2840545550217
 20
229.2537540154955
 10
198.1689965985244
 20
228.87744484042
 10
198.1480308088265
 20
228.4132037546473
 10
198.2243490373543
 20
227.9317072551302
 10
198.3863325256409
 20
227.5062588191438
 10
198.6093207559787
 20
227.2016291143672
 10
198.8593657916919
 20
227.0641952518776
 10
199.0984005427573
 20
227.1148802913978
  0
LWPOLYLINE
  5
23D
330
1F
100
AcDbEntity
  8
0
  6
Continuous
 62
7
370
25
100
AcDbPolyline
 90
15
 70
128
 10
233.5284969658148
 20
235.9896266973695
 10
233.8848289279518
 20
236.1269241743852
 10
234.2004008645151
 20
236.4307169969388
 10
234.4553184739567
 20
236.8842270670065
 10
234.6358390819688
 20
237.4630055393244
 10
234.7322307758475
 20
238.1358503166384
 10
234.7392970544256
 20
238.8664881628443
 10
234.656656972796
 20
239.6155302025344
 10
234.4887656791498
 20
240.3425953854669
 10
234.2446742365846
 20
241.008487439436
 10
233.93754167795
 20
241.5773079514526
 10
233.5839255989799
 20
242.0183916604799
 10
233.2028895340219
 20
242.3079596295943
 10
232.8149752359655
 20
242.4304011746288
 10
232.6221086622766
 20
242.4261211037377
  0
LWPOLYLINE
  5
23E
330
1F
100
AcDbEntity
  8
0
  6
Continuous
 62
7
370
25
100
AcDbPolyline
 90
28
 70
128
 10
232.1698175138261
 20
235.8854159576362
 10
232.4853894503894
 20
236.1892087801897
 10
232.7403070598311
 20
236.6427188502575
 10
232.9208276678432
 20
237.2214973225753
 10
233.0172193617219
 20
237.8943420998893
 10
233.0242856403
 20
238.6249799460952
 10
232.9416455586703
 20
239.3740219857854
 10
232.7737542650241
 20
240.1010871687179
 10
232.529662822459
 20
240.7669792226871
 10
232.2225302638243
 20
241.3357997347035
 10
231.8689141848542
 20
241.776883443731
 10
231.4878781198963
 20
242.0664514128453
 10
231.0999638218399
 20
242.1888929578798
 10
230.726083850901
 20
242.1376072234489
 10
230.3863941730883
 20
241.9153590367703
 10
230.0992075468579
 20
241.534129855115
 10
229.8800062775655
 20
241.0144718423433
 10
229.7406075623768
 20
240.3843998964323
 10
229.6885264221096
 20
239.677881359074
 10
229.7265705645163
 20
238.933004827493
 10
229.8526890200326
 20
238.1899267883109
 10
230.0600827100769
 20
237.4887067709586
 10
230.3375709871371
 20
236.8671477280755
 10
230.6701943863718
 20
236.3587580685482
 10
231.0400210942318
 20
235.9909452105133
 10
231.4271136571703
 20
235.7835380403525
 10
231.8106038149242
 20
235.7477179322944
 10
232.1698175138261
 20
235.8854159576362
  0
LWPOLYLINE
  5
23F
330
1F
100
AcDbEntity
  8
0
  6
Continuous
 62
7
370
25
100
AcDbPolyline
 90
17
 70
128
 10
231.6716475975762
 20
237.7813850198937
 10
231.8632811899993
 20
238.0124726236179
 10
231.9783391464967
 20
238.3887817986933
 10
231.9993049361946
 20
238.8530228844661
 10
231.9229867076667
 20
239.3345193839831
 10
231.7610032193801
 20
239.7599678199695
 10
231.5380149890424
 20
240.064597524746
 10
231.2879699533291
 20
240.2020313872357
 10
231.0489352022638
 20
240.1513463477155
 10
230.8573016098407
 20
239.9202587439912
 10
230.7422436533432
 20
239.5439495689158
 10
230.7212778636454
 20
239.0797084831431
 10
230.7975960921733
 20
238.5982119836261
 10
230.9595795804598
 20
238.1727635476397
 10
231.1825678107976
 20
237.8681338428631
 10
231.4326128465108
 20
237.7306999803734
 10
231.6716475975762
 20
237.7813850198937
  0
LWPOLYLINE
  5
240
330
1F
100
AcDbEntity
  8
0
  6
Continuous
 62
7
370
25
100
AcDbPolyline
 90
15
 70
128
 10
210.6132090345639
 20
233.0610472965989
 10
210.9695409967009
 20
233.1983447736146
 10
211.2851129332642
 20
233.5021375961682
 10
211.5400305427059
 20
233.9556476662359
 10
211.720551150718
 20
234.5344261385538
 10
211.8169428445967
 20
235.2072709158678
 10
211.8240091231748
 20
235.9379087620737
 10
211.7413690415451
 20
236.6869508017638
 10
211.5734777478989
 20
237.4140159846963
 10
211.3293863053338
 20
238.0799080386655
 10
211.0222537466991
 20
238.648728550682
 10
210.668637667729
 20
239.0898122597094
 10
210.2876016027712
 20
239.3793802288238
 10
209.8996873047147
 20
239.5018217738583
 10
209.7068207310258
 20
239.4975417029672
  0
LWPOLYLINE
  5
241
330
1F
100
AcDbEntity
  8
0
  6
Continuous
 62
7
370
25
100
AcDbPolyline
 90
28
 70
128
 10
209.2545295825753
 20
232.9568365568656
 10
209.5701015191385
 20
233.2606293794192
 10
209.8250191285802
 20
233.714139449487
 10
210.0055397365924
 20
234.2929179218047
 10
210.101931430471
 20
234.9657626991187
 10
210.1089977090491
 20
235.6964005453246
 10
210.0263576274195
 20
236.4454425850148
 10
209.8584663337733
 20
237.1725077679473
 10
209.6143748912081
 20
237.8383998219165
 10
209.3072423325734
 20
238.407220333933
 10
208.9536262536034
 20
238.8483040429604
 10
208.5725901886454
 20
239.1378720120747
 10
208.184675890589
 20
239.2603135571092
 10
207.8107959196501
 20
239.2090278226783
 10
207.4711062418375
 20
238.9867796359998
 10
207.1839196156071
 20
238.6055504543444
 10
206.9647183463147
 20
238.0858924415727
 10
206.825319631126
 20
237.4558204956617
 10
206.7732384908588
 20
236.7493019583034
 10
206.8112826332655
 20
236.0044254267225
 10
206.9374010887818
 20
235.2613473875404
 10
207.144794778826
 20
234.560127370188
 10
207.4222830558862
 20
233.938568327305
 10
207.7549064551209
 20
233.4301786677776
 10
208.1247331629809
 20
233.0623658097428
 10
208.5118257259195
 20
232.854958639582
 10
208.8953158836733
 20
232.8191385315239
 10
209.2545295825753
 20
232.9568365568656
  0
LWPOLYLINE
  5
242
330
1F
100
AcDbEntity
  8
0
  6
Continuous
 62
7
370
25
100
AcDbPolyline
 90
17
 70
128
 10
208.7563596663253
 20
234.8528056191231
 10
208.9479932587485
 20
235.0838932228473
 10
209.0630512152459
 20
235.4602023979228
 10
209.0840170049437
 20
235.9244434836955
 10
209.0076987764159
 20
236.4059399832125
 10
208.8457152881293
 20
236.8313884191989
 10
208.6227270577916
 20
237.1360181239755
 10
208.3726820220783
 20
237.2734519864652
 10
208.133647271013
 20
237.2227669469449
 10
207.9420136785898
 20
236.9916793432207
 10
207.8269557220924
 20
236.6153701681452
 10
207.8059899323946
 20
236.1511290823725
 10
207.8823081609225
 20
235.6696325828555
 10
208.044291649209
 20
235.2441841468691
 10
208.2672798795468
 20
234.9395544420925
 10
208.51732491526
 20
234.8021205796028
 10
208.7563596663253
 20
234.8528056191231
  0
ARC
  5
243
330
1F
100
AcDbEntity
  8
0
  6
Continuous
 62
7
370
25
100
AcDbCircle
 10
225.74586329435
 20
198.5636847601153
 30
0.0
 40
1.084914291949286
100
AcDbArc
 50
50.68311301181987
 51
94.5065083670628
  0
LWPOLYLINE
  5
244
330
1F
100
AcDbEntity
  8
0
  6
Continuous
 62
7
370
25
100
AcDbPolyline
 90
9
 70
128
 10
225.4347078338296
 20
198.2600872606419
 10
225.3536041485422
 20
198.4054264202264
 10
225.0113201161674
 20
198.8854635027077
 10
224.6360150617509
 20
199.2199442893134
 10
224.2479217779202
 20
199.3908368342606
 10
223.8679624740608
 20
199.3889282762173
 10
223.5166208545928
 20
199.2143215060415
 10
223.2128378371628
 20
198.8764296199087
 10
223.1439413312334
 20
198.7642486211315
  0
LWPOLYLINE
  5
245
330
1F
100
AcDbEntity
  8
0
  6
Continuous
 62
7
370
25
100
AcDbPolyline
 90
3
 70
128
 10
224.734287998076
 20
197.0908820126457
 10
224.5268976207075
 20
197.3261093118922
 10
224.5220828677357
 20
197.329805853924
  0
LWPOLYLINE
  5
246
330
1F
100
AcDbEntity
  8
0
  6
Continuous
 62
7
370
25
100
AcDbPolyline
 90
15
 70
128
 10
243.1984259029522
 20
237.649703414833
 10
243.5547578650892
 20
237.7870008918487
 10
243.8703298016525
 20
238.0907937144023
 10
244.1252474110942
 20
238.54430378447
 10
244.3057680191063
 20
239.1230822567879
 10
244.4021597129849
 20
239.7959270341019
 10
244.409225991563
 20
240.5265648803078
 10
244.3265859099334
 20
241.2756069199979
 10
244.1586946162872
 20
242.0026721029304
 10
243.914603173722
 20
242.6685641568996
 10
243.6074706150873
 20
243.2373846689161
 10
243.2538545361173
 20
243.6784683779435
 10
242.8728184711594
 20
243.9680363470579
 10
242.484904173103
 20
244.0904778920923
 10
242.292037599414
 20
244.0861978212013
  0
LWPOLYLINE
  5
247
330
1F
100
AcDbEntity
  8
0
  6
Continuous
 62
7
370
25
100
AcDbPolyline
 90
28
 70
128
 10
241.8397464509635
 20
237.5454926750997
 10
242.1553183875268
 20
237.8492854976533
 10
242.4102359969685
 20
238.302795567721
 10
242.5907566049807
 20
238.8815740400389
 10
242.6871482988592
 20
239.5544188173529
 10
242.6942145774374
 20
240.2850566635588
 10
242.6115744958077
 20
241.0340987032489
 10
242.4436832021616
 20
241.7611638861814
 10
242.1995917595964
 20
242.4270559401506
 10
241.8924592009616
 20
242.9958764521671
 10
241.5388431219916
 20
243.4369601611945
 10
241.1578070570337
 20
243.7265281303088
 10
240.7698927589773
 20
243.8489696753434
 10
240.3960127880384
 20
243.7976839409124
 10
240.0563231102257
 20
243.5754357542339
 10
239.7691364839953
 20
243.1942065725785
 10
239.5499352147029
 20
242.6745485598068
 10
239.4105364995142
 20
242.0444766138958
 10
239.358455359247
 20
241.3379580765376
 10
239.3964995016537
 20
240.5930815449566
 10
239.52261795717
 20
239.8500035057745
 10
239.7300116472143
 20
239.1487834884221
 10
240.0074999242745
 20
238.5272244455391
 10
240.3401233235091
 20
238.0188347860117
 10
240.7099500313692
 20
237.6510219279769
 10
241.0970425943077
 20
237.4436147578161
 10
241.4805327520616
 20
237.407794649758
 10
241.8397464509635
 20
237.5454926750997
  0
LWPOLYLINE
  5
248
330
1F
100
AcDbEntity
  8
0
  6
Continuous
 62
7
370
25
100
AcDbPolyline
 90
17
 70
128
 10
241.3415765347135
 20
239.4414617373572
 10
241.5332101271367
 20
239.6725493410814
 10
241.6482680836341
 20
240.0488585161569
 10
241.6692338733319
 20
240.5130996019297
 10
241.5929156448041
 20
240.9945961014466
 10
241.4309321565175
 20
241.420044537433
 10
241.2079439261798
 20
241.7246742422096
 10
240.9578988904665
 20
241.8621081046993
 10
240.7188641394012
 20
241.8114230651791
 10
240.527230546978
 20
241.5803354614548
 10
240.4121725904807
 20
241.2040262863794
 10
240.3912068007828
 20
240.7397852006066
 10
240.4675250293107
 20
240.2582887010896
 10
240.6295085175973
 20
239.8328402651032
 10
240.852496747935
 20
239.5282105603266
 10
241.1025417836483
 20
239.3907766978369
 10
241.3415765347135
 20
239.4414617373572
  0
LINE
  5
249
330
1F
100
AcDbEntity
  8
0
  6
Continuous
 62
7
370
25
100
AcDbLine
 10
196.998897933209
 20
153.891348143708
 30
0.0
 11
199.5712535300911
 21
152.9025093365702
 31
0.0
  0
LINE
  5
24A
330
1F
100
AcDbEntity
  8
0
  6
Continuous
 62
7
370
25
100
AcDbLine
 10
199.5712535300911
 20
152.9025093365702
 30
0.0
 11
199.5758833804068
 21
150.4705523598607
 31
0.0
  0
LINE
  5
24B
330
1F
100
AcDbEntity
  8
0
  6
Continuous
 62
7
370
25
100
AcDbLine
 10
199.5758833804068
 20
150.4705523598607
 30
0.0
 11
184.94776055046
 21
156.0937467375594
 31
0.0
  0
ARC
  5
24C
330
1F
100
AcDbEntity
  8
0
  6
Continuous
 62
7
370
25
100
AcDbCircle
 10
181.1122490023945
 20
179.3458843316616
 30
0.0
 40
2.84603167559706
100
AcDbArc
 50
312.1903906146636
 51
7.262426668864814
  0
LINE
  5
24D
330
1F
100
AcDbEntity
  8
0
  6
Continuous
 62
7
370
25
100
AcDbLine
 10
183.9354485468924
 20
179.705662916973
 30
0.0
 11
184.8692136285606
 21
179.346714429982
 31
0.0
  0
LINE
  5
24E
330
1F
100
AcDbEntity
  8
0
  6
Continuous
 62
7
370
25
100
AcDbLine
 10
184.8692136285606
 20
179.346714429982
 30
0.0
 11
184.8618668297601
 21
183.2058237705728
 31
0.0
  0
LINE
  5
24F
330
1F
100
AcDbEntity
  8
0
  6
Continuous
 62
7
370
25
100
AcDbLine
 10
184.8618668297601
 20
183.2058237705728
 30
0.0
 11
186.9197513072657
 21
182.4147527248627
 31
0.0
  0
LINE
  5
250
330
1F
100
AcDbEntity
  8
0
  6
Continuous
 62
7
370
25
100
AcDbLine
 10
186.9197513072657
 20
182.4147527248627
 30
0.0
 11
186.9111529015783
 21
186.9313032120595
 31
0.0
  0
LINE
  5
251
330
1F
100
AcDbEntity
  8
0
  6
Continuous
 62
7
370
25
100
AcDbLine
 10
186.9111529015783
 20
186.9313032120595
 30
0.0
 11
188.969037379084
 21
186.1402321663494
 31
0.0
  0
LINE
  5
252
330
1F
100
AcDbEntity
  8
0
  6
Continuous
 62
7
370
25
100
AcDbLine
 10
188.969037379084
 20
186.1402321663494
 30
0.0
 11
188.9755006501249
 21
182.7452202268628
 31
0.0
  0
LINE
  5
253
330
1F
100
AcDbEntity
  8
0
  6
Continuous
 62
7
370
25
100
AcDbLine
 10
188.9755006501249
 20
182.7452202268628
 30
0.0
 11
190.2616784485659
 21
182.250800823294
 31
0.0
  0
LWPOLYLINE
  5
254
330
1F
100
AcDbEntity
  8
0
  6
Continuous
 62
7
370
25
100
AcDbPolyline
 90
14
 70
128
 10
190.2616784485659
 20
182.250800823294
 10
190.3117050290575
 20
181.4755167959878
 10
190.4559966186833
 20
180.7079354421338
 10
190.6861675147327
 20
179.992665799973
 10
190.9888410213648
 20
179.3712767412086
 10
191.3464268545471
 20
178.8798811392786
 10
191.738143425427
 20
178.5470371204169
 10
192.1412255907367
 20
178.3920883691609
 10
192.5322476801724
 20
178.4240399437178
 10
192.8884849112036
 20
178.6410349347136
 10
193.1892340708324
 20
179.0304623820164
 10
193.4170167110799
 20
179.5696901779
 10
193.5585949328511
 20
180.227380362881
 10
193.6057407245125
 20
180.9653103740151
  0
LINE
  5
255
330
1F
100
AcDbEntity
  8
0
  6
Continuous
 62
7
370
25
100
AcDbLine
 10
193.6057407245125
 20
180.9653103740151
 30
0.0
 11
194.8919185229536
 21
180.4708909704462
 31
0.0
  0
LINE
  5
256
330
1F
100
AcDbEntity
  8
0
  6
Continuous
 62
7
370
25
100
AcDbLine
 10
194.8919185229536
 20
180.4708909704462
 30
0.0
 11
194.8854552519126
 21
183.8659029099327
 31
0.0
  0
LINE
  5
257
330
1F
100
AcDbEntity
  8
0
  6
Continuous
 62
7
370
25
100
AcDbLine
 10
194.8854552519126
 20
183.8659029099327
 30
0.0
 11
196.9433397294182
 21
183.0748318642226
 31
0.0
  0
LINE
  5
258
330
1F
100
AcDbEntity
  8
0
  6
Continuous
 62
7
370
25
100
AcDbLine
 10
196.9433397294182
 20
183.0748318642226
 30
0.0
 11
196.950284504892
 21
179.4268963991583
 31
0.0
  0
LINE
  5
259
330
1F
100
AcDbEntity
  8
0
  6
Continuous
 62
7
370
25
100
AcDbLine
 10
195.4068711467627
 20
180.020199683441
 30
0.0
 11
196.950284504892
 21
179.4268963991583
 31
0.0
  0
LINE
  5
25A
330
1F
100
AcDbEntity
  8
0
  6
Continuous
 62
7
370
25
100
AcDbLine
 10
195.4101013261089
 20
178.3234586095941
 30
0.0
 11
195.4068711467627
 21
180.020199683441
 31
0.0
  0
LINE
  5
25B
330
1F
100
AcDbEntity
  8
0
  6
Continuous
 62
7
370
25
100
AcDbLine
 10
196.9596464352117
 20
174.5092834737041
 30
0.0
 11
196.998897933209
 21
153.891348143708
 31
0.0
  0
LINE
  5
25C
330
1F
100
AcDbEntity
  8
0
  6
Continuous
 62
7
370
25
100
AcDbLine
 10
201.2308682647325
 20
183.6786024060955
 30
0.0
 11
196.9433397294182
 21
183.0748318642226
 31
0.0
  0
LINE
  5
25D
330
1F
100
AcDbEntity
  8
0
  6
Continuous
 62
7
370
25
100
AcDbLine
 10
196.950284504892
 20
179.4268963991583
 30
0.0
 11
201.2378130402063
 21
180.0306669410312
 31
0.0
  0
LINE
  5
25E
330
1F
100
AcDbEntity
  8
0
  6
Continuous
 62
7
370
25
100
AcDbLine
 10
201.2308682647325
 20
183.6786024060955
 30
0.0
 11
201.2378130402063
 21
180.0306669410312
 31
0.0
  0
LINE
  5
25F
330
1F
100
AcDbEntity
  8
0
  6
Continuous
 62
7
370
25
100
AcDbLine
 10
199.1729837872268
 20
184.4696734518056
 30
0.0
 11
194.8854552519126
 21
183.8659029099327
 31
0.0
  0
LWPOLYLINE
  5
260
330
1F
100
AcDbEntity
  8
0
  6
Continuous
 62
7
370
25
100
AcDbPolyline
 90
17
 70
128
 10
198.8727760276015
 20
183.7518589477438
 10
198.702376376679
 20
183.7950778290167
 10
198.4730626720482
 20
183.819767610461
 10
198.2197458465051
 20
183.8221694966653
 10
197.980991090416
 20
183.8019178222282
 10
197.7931466510781
 20
183.7620957210009
 10
197.6848101415667
 20
183.7087657469068
 10
197.6724748133819
 20
183.6500469050646
 10
197.7580186084198
 20
183.5948786068569
 10
197.9284182593423
 20
183.5516597255841
 10
198.1577319639732
 20
183.5269699441397
 10
198.4110487895162
 20
183.5245680579354
 10
198.6498035456053
 20
183.5448197323725
 10
198.8376479849431
 20
183.5846418335998
 10
198.9459844944546
 20
183.6379718076939
 10
198.9583198226394
 20
183.6966906495361
 10
198.8727760276015
 20
183.7518589477438
  0
LINE
  5
261
330
1F
100
AcDbEntity
  8
0
  6
Continuous
 62
7
370
25
100
AcDbLine
 10
199.1729837872268
 20
184.4696734518056
 30
0.0
 11
201.2308682647325
 21
183.6786024060955
 31
0.0
  0
LINE
  5
262
330
1F
100
AcDbEntity
  8
0
  6
Continuous
 62
7
370
25
100
AcDbLine
 10
201.2864264685233
 20
154.4951186855809
 30
0.0
 11
196.998897933209
 21
153.891348143708
 31
0.0
  0
LINE
  5
263
330
1F
100
AcDbEntity
  8
0
  6
Continuous
 62
7
370
25
100
AcDbLine
 10
197.744566906841
 20
175.6465730653942
 30
0.0
 11
201.2452208007117
 21
176.1395357782958
 31
0.0
  0
LINE
  5
264
330
1F
100
AcDbEntity
  8
0
  6
Continuous
 62
7
370
25
100
AcDbLine
 10
201.2452208007117
 20
176.1395357782958
 30
0.0
 11
201.2864264685233
 21
154.4951186855809
 31
0.0
  0
LINE
  5
265
330
1F
100
AcDbEntity
  8
0
  6
Continuous
 62
7
370
25
100
AcDbLine
 10
197.7571510596773
 20
176.4589921998947
 30
0.0
 11
199.7018074425825
 21
176.7328390625785
 31
0.0
  0
LINE
  5
266
330
1F
100
AcDbEntity
  8
0
  6
Continuous
 62
7
370
25
100
AcDbLine
 10
201.2452208007117
 20
176.1395357782958
 30
0.0
 11
199.7018074425825
 21
176.7328390625785
 31
0.0
  0
LINE
  5
267
330
1F
100
AcDbEntity
  8
0
  6
Continuous
 62
7
370
25
100
AcDbLine
 10
203.8587820654053
 20
153.5062798784432
 30
0.0
 11
199.5712535300911
 21
152.9025093365702
 31
0.0
  0
LINE
  5
268
330
1F
100
AcDbEntity
  8
0
  6
Continuous
 62
7
370
25
100
AcDbLine
 10
203.8634119157212
 20
151.0743229017336
 30
0.0
 11
199.5758833804068
 21
150.4705523598607
 31
0.0
  0
LINE
  5
269
330
1F
100
AcDbEntity
  8
0
  6
Continuous
 62
7
370
25
100
AcDbLine
 10
203.8587820654053
 20
153.5062798784432
 30
0.0
 11
203.8634119157212
 21
151.0743229017336
 31
0.0
  0
LWPOLYLINE
  5
26A
330
1F
100
AcDbEntity
  8
0
  6
Continuous
 62
7
370
25
100
AcDbPolyline
 90
17
 70
128
 10
201.0088799469012
 20
153.7685929786113
 10
200.8384802959787
 20
153.8118118598842
 10
200.6091665913478
 20
153.8365016413285
 10
200.3558497658047
 20
153.8389035275328
 10
200.1170950097156
 20
153.8186518530958
 10
199.9292505703778
 20
153.7788297518684
 10
199.8209140608664
 20
153.7254997777744
 10
199.8085787326816
 20
153.6667809359321
 10
199.8941225277194
 20
153.6116126377244
 10
200.064522178642
 20
153.5683937564515
 10
200.2938358832728
 20
153.5437039750072
 10
200.5471527088159
 20
153.5413020888029
 10
200.785907464905
 20
153.56155376324
 10
200.9737519042428
 20
153.6013758644673
 10
201.0820884137543
 20
153.6547058385614
 10
201.094423741939
 20
153.7134246804036
 10
201.0088799469012
 20
153.7685929786113
  0
LINE
  5
26B
330
1F
100
AcDbEntity
  8
0
  6
Continuous
 62
7
370
25
100
AcDbLine
 10
201.2864264685233
 20
154.4951186855809
 30
0.0
 11
203.8587820654053
 21
153.5062798784432
 31
0.0
  0
LINE
  5
26C
330
1F
100
AcDbEntity
  8
0
  6
Continuous
 62
7
370
25
100
AcDbLine
 10
199.6959425418169
 20
179.813540459273
 30
0.0
 11
199.7018074425825
 21
176.7328390625785
 31
0.0
  0
LINE
  5
26D
330
1F
100
AcDbEntity
  8
0
  6
Continuous
 62
7
370
25
100
AcDbLine
 10
194.8906328065038
 20
181.1462491088136
 30
0.0
 11
193.6057407245125
 21
180.9653103740151
 31
0.0
  0
LINE
  5
26E
330
1F
100
AcDbEntity
  8
0
  6
Continuous
 62
7
370
25
100
AcDbLine
 10
194.5492069838801
 20
182.854571365167
 30
0.0
 11
190.2616784485659
 21
182.250800823294
 31
0.0
  0
ARC
  5
26F
330
1F
100
AcDbEntity
  8
0
  6
Continuous
 62
7
370
25
100
AcDbCircle
 10
200.9313433217481
 20
182.8751040045455
 30
0.0
 40
6.382169366634997
100
AcDbArc
 50
180.1843316183711
 51
195.8470578136272
  0
LINE
  5
270
330
1F
100
AcDbEntity
  8
0
  6
Continuous
 62
7
370
25
100
AcDbLine
 10
193.2630291854392
 20
183.3489907687357
 30
0.0
 11
188.9755006501249
 21
182.7452202268628
 31
0.0
  0
LINE
  5
271
330
1F
100
AcDbEntity
  8
0
  6
Continuous
 62
7
370
25
100
AcDbLine
 10
193.2630291854392
 20
183.3489907687357
 30
0.0
 11
194.5492069838801
 21
182.854571365167
 31
0.0
  0
LINE
  5
272
330
1F
100
AcDbEntity
  8
0
  6
Continuous
 62
7
370
25
100
AcDbLine
 10
191.1986814368925
 20
187.5350737539324
 30
0.0
 11
186.9111529015783
 21
186.9313032120595
 31
0.0
  0
LINE
  5
273
330
1F
100
AcDbEntity
  8
0
  6
Continuous
 62
7
370
25
100
AcDbLine
 10
193.2565659143982
 20
186.7440027082223
 30
0.0
 11
188.969037379084
 21
186.1402321663494
 31
0.0
  0
LINE
  5
274
330
1F
100
AcDbEntity
  8
0
  6
Continuous
 62
7
370
25
100
AcDbLine
 10
191.1986814368925
 20
187.5350737539324
 30
0.0
 11
193.2565659143982
 21
186.7440027082223
 31
0.0
  0
LINE
  5
275
330
1F
100
AcDbEntity
  8
0
  6
Continuous
 62
7
370
25
100
AcDbLine
 10
193.2565659143982
 20
186.7440027082223
 30
0.0
 11
193.2630291854392
 21
183.3489907687357
 31
0.0
  0
LINE
  5
276
330
1F
100
AcDbEntity
  8
0
  6
Continuous
 62
7
370
25
100
AcDbLine
 10
186.9176941609459
 20
183.4953257462504
 30
0.0
 11
184.8618668297601
 21
183.2058237705728
 31
0.0
  0
LINE
  5
277
330
1F
100
AcDbEntity
  8
0
  6
Continuous
 62
7
370
25
100
AcDbLine
 10
184.868280198418
 20
179.8370244384367
 30
0.0
 11
183.9354485468924
 21
179.705662916973
 31
0.0
  0
LINE
  5
278
330
1F
100
AcDbEntity
  8
0
  6
Continuous
 62
7
370
25
100
AcDbLine
 10
184.8649373356484
 20
181.5929555981916
 30
0.0
 11
182.0507412925051
 21
181.1966600036759
 31
0.0
  0
LINE
  5
279
330
1F
100
AcDbEntity
  8
0
  6
Continuous
 62
7
370
25
100
AcDbLine
 10
183.9762969812588
 20
181.9418990831191
 30
0.0
 11
181.9249945365553
 21
181.6530343027723
 31
0.0
  0
LINE
  5
27A
330
1F
100
AcDbEntity
  8
0
  6
Continuous
 62
7
370
25
100
AcDbLine
 10
183.9762969812588
 20
181.9418990831191
 30
0.0
 11
184.8649233492101
 21
181.600302361911
 31
0.0
  0
LINE
  5
27B
330
1F
100
AcDbEntity
  8
0
  6
Continuous
 62
7
370
25
100
AcDbLine
 10
183.9689501824583
 20
185.8010084237099
 30
0.0
 11
180.7941437131619
 21
185.3539316039243
 31
0.0
  0
LINE
  5
27C
330
1F
100
AcDbEntity
  8
0
  6
Continuous
 62
7
370
25
100
AcDbLine
 10
183.9689501824583
 20
185.8010084237099
 30
0.0
 11
183.9762969812588
 21
181.9418990831191
 31
0.0
  0
LINE
  5
27D
330
1F
100
AcDbEntity
  8
0
  6
Continuous
 62
7
370
25
100
AcDbLine
 10
182.6827723840173
 20
186.2954278272788
 30
0.0
 11
180.5758819670247
 21
185.9987351386455
 31
0.0
  0
LINE
  5
27E
330
1F
100
AcDbEntity
  8
0
  6
Continuous
 62
7
370
25
100
AcDbLine
 10
182.6827723840173
 20
186.2954278272788
 30
0.0
 11
183.9689501824583
 21
185.8010084237099
 31
0.0
  0
LINE
  5
27F
330
1F
100
AcDbEntity
  8
0
  6
Continuous
 62
7
370
25
100
AcDbLine
 10
260.4096895252927
 20
162.8207396749921
 30
0.0
 11
262.98204562685
 21
161.8316337368487
 31
0.0
  0
LINE
  5
280
330
1F
100
AcDbEntity
  8
0
  6
Continuous
 62
7
370
25
100
AcDbLine
 10
262.98204562685
 20
161.8316337368487
 30
0.0
 11
262.9866048385969
 21
159.3997039179654
 31
0.0
  0
LINE
  5
281
330
1F
100
AcDbEntity
  8
0
  6
Continuous
 62
7
370
25
100
AcDbLine
 10
262.9866048385969
 20
159.3997039179654
 30
0.0
 11
256.5888713917011
 21
161.8597195196747
 31
0.0
  0
LINE
  5
282
330
1F
100
AcDbEntity
  8
0
  6
Continuous
 62
7
370
25
100
AcDbLine
 10
244.4496293294883
 20
166.5274233422619
 30
0.0
 11
235.8577829258002
 21
169.8311052439858
 31
0.0
  0
LINE
  5
283
330
1F
100
AcDbEntity
  8
0
  6
Continuous
 62
7
370
25
100
AcDbLine
 10
241.1321878479089
 20
192.8947631168599
 30
0.0
 11
241.1318116004554
 21
193.0954573272052
 31
0.0
  0
LINE
  5
284
330
1F
100
AcDbEntity
  8
0
  6
Continuous
 62
7
370
25
100
AcDbLine
 10
241.1318116004554
 20
193.0954573272052
 30
0.0
 11
241.8101003944356
 21
192.834646052477
 31
0.0
  0
LINE
  5
285
330
1F
100
AcDbEntity
  8
0
  6
Continuous
 62
7
370
25
100
AcDbLine
 10
241.8101003944356
 20
192.834646052477
 30
0.0
 11
241.8067482753145
 21
194.6227004134997
 31
0.0
  0
LINE
  5
286
330
1F
100
AcDbEntity
  8
0
  6
Continuous
 62
7
370
25
100
AcDbLine
 10
241.8067482753145
 20
194.6227004134997
 30
0.0
 11
243.0929263260932
 21
194.128147444428
 31
0.0
  0
LINE
  5
287
330
1F
100
AcDbEntity
  8
0
  6
Continuous
 62
7
370
25
100
AcDbLine
 10
243.0929263260932
 20
194.128147444428
 30
0.0
 11
243.0960164761259
 21
192.4798300539048
 31
0.0
  0
LWPOLYLINE
  5
288
330
1F
100
AcDbEntity
  8
0
  6
Continuous
 62
7
370
25
100
AcDbPolyline
 90
10
 70
128
 10
244.9589352880309
 20
186.704141021343
 10
245.0874417904
 20
186.5510135533805
 10
245.4791531401411
 20
186.2181309288981
 10
245.8822353845321
 20
186.063140318832
 10
246.2732628486737
 20
186.0950492140715
 10
246.6295104376769
 20
186.3120031856092
 10
246.930274336576
 20
186.701393657215
 10
247.1580752407994
 20
187.240590670056
 10
247.2996741898162
 20
187.8982580536471
 10
247.3468419674006
 20
188.6361745701779
  0
LINE
  5
289
330
1F
100
AcDbEntity
  8
0
  6
Continuous
 62
7
370
25
100
AcDbLine
 10
247.3468419674006
 20
188.6361745701779
 30
0.0
 11
248.2806072322659
 21
188.2771291146319
 31
0.0
  0
LINE
  5
28A
330
1F
100
AcDbEntity
  8
0
  6
Continuous
 62
7
370
25
100
AcDbLine
 10
248.2806072322659
 20
188.2771291146319
 30
0.0
 11
248.2733725250704
 21
192.1361953602906
 31
0.0
  0
LINE
  5
28B
330
1F
100
AcDbEntity
  8
0
  6
Continuous
 62
7
370
25
100
AcDbLine
 10
248.2733725250704
 20
192.1361953602906
 30
0.0
 11
250.3312574063163
 21
191.3449106097759
 31
0.0
  0
LINE
  5
28C
330
1F
100
AcDbEntity
  8
0
  6
Continuous
 62
7
370
25
100
AcDbLine
 10
250.3312574063163
 20
191.3449106097759
 30
0.0
 11
250.3227901882551
 21
195.8614106603514
 31
0.0
  0
LINE
  5
28D
330
1F
100
AcDbEntity
  8
0
  6
Continuous
 62
7
370
25
100
AcDbLine
 10
250.3227901882551
 20
195.8614106603514
 30
0.0
 11
252.380675069501
 21
195.0701259098367
 31
0.0
  0
LINE
  5
28E
330
1F
100
AcDbEntity
  8
0
  6
Continuous
 62
7
370
25
100
AcDbLine
 10
252.380675069501
 20
195.0701259098367
 30
0.0
 11
252.3870397290998
 21
191.6751518826756
 31
0.0
  0
LINE
  5
28F
330
1F
100
AcDbEntity
  8
0
  6
Continuous
 62
7
370
25
100
AcDbLine
 10
252.3870397290998
 20
191.6751518826756
 30
0.0
 11
253.6732177798783
 21
191.1805989136039
 31
0.0
  0
LWPOLYLINE
  5
290
330
1F
100
AcDbEntity
  8
0
  6
Continuous
 62
7
370
25
100
AcDbPolyline
 90
14
 70
128
 10
253.6732177798783
 20
191.1805989136039
 10
253.7232223935113
 20
190.4053182898569
 10
253.8674933119769
 20
189.6377300507155
 10
254.0976460338973
 20
188.9224436345688
 10
254.4003049196455
 20
188.301028887963
 10
254.7578805349023
 20
187.80960017722
 10
255.1495918846433
 20
187.4767175527377
 10
255.5526741290344
 20
187.3217269426716
 10
255.943701593176
 20
187.3536358379111
 10
256.2999491821791
 20
187.5705898094487
 10
256.6007130810783
 20
187.9599802810546
 10
256.8285139853017
 20
188.4991772938956
 10
256.9701129343183
 20
189.1568446774867
 10
257.0172807119028
 20
189.8947611940176
  0
LINE
  5
291
330
1F
100
AcDbEntity
  8
0
  6
Continuous
 62
7
370
25
100
AcDbLine
 10
257.0172807119028
 20
189.8947611940176
 30
0.0
 11
258.3034587626816
 21
189.4002082249459
 31
0.0
  0
LINE
  5
292
330
1F
100
AcDbEntity
  8
0
  6
Continuous
 62
7
370
25
100
AcDbLine
 10
258.3034587626816
 20
189.4002082249459
 30
0.0
 11
258.2970941030827
 21
192.795182252107
 31
0.0
  0
LINE
  5
293
330
1F
100
AcDbEntity
  8
0
  6
Continuous
 62
7
370
25
100
AcDbLine
 10
258.2970941030827
 20
192.795182252107
 30
0.0
 11
260.3549789843285
 21
192.0038975015923
 31
0.0
  0
LINE
  5
294
330
1F
100
AcDbEntity
  8
0
  6
Continuous
 62
7
370
25
100
AcDbLine
 10
260.3549789843285
 20
192.0038975015923
 30
0.0
 11
260.361817801949
 21
188.3560027732673
 31
0.0
  0
LINE
  5
295
330
1F
100
AcDbEntity
  8
0
  6
Continuous
 62
7
370
25
100
AcDbLine
 10
258.8184041410146
 20
188.9494663361535
 30
0.0
 11
260.361817801949
 21
188.3560027732673
 31
0.0
  0
LINE
  5
296
330
1F
100
AcDbEntity
  8
0
  6
Continuous
 62
7
370
25
100
AcDbLine
 10
258.8239070577574
 20
186.0141546945815
 30
0.0
 11
258.8184041410146
 21
188.9494663361535
 31
0.0
  0
LINE
  5
297
330
1F
100
AcDbEntity
  8
0
  6
Continuous
 62
7
370
25
100
AcDbLine
 10
259.8777721202066
 20
184.6538421432935
 30
0.0
 11
260.3691125407443
 21
184.4649150630539
 31
0.0
  0
LINE
  5
298
330
1F
100
AcDbEntity
  8
0
  6
Continuous
 62
7
370
25
100
AcDbLine
 10
260.3691125407443
 20
184.4649150630539
 30
0.0
 11
260.4096895252927
 21
162.8207396749921
 31
0.0
  0
LINE
  5
299
330
1F
100
AcDbEntity
  8
0
  6
Continuous
 62
7
370
25
100
AcDbLine
 10
264.6425075196428
 20
192.6076680434652
 30
0.0
 11
260.3549789843285
 21
192.0038975015923
 31
0.0
  0
LINE
  5
29A
330
1F
100
AcDbEntity
  8
0
  6
Continuous
 62
7
370
25
100
AcDbLine
 10
260.361817801949
 20
188.3560027732673
 30
0.0
 11
264.6493463372633
 21
188.9597733151402
 31
0.0
  0
LINE
  5
29B
330
1F
100
AcDbEntity
  8
0
  6
Continuous
 62
7
370
25
100
AcDbLine
 10
264.6425075196428
 20
192.6076680434652
 30
0.0
 11
264.6493463372633
 21
188.9597733151402
 31
0.0
  0
LINE
  5
29C
330
1F
100
AcDbEntity
  8
0
  6
Continuous
 62
7
370
25
100
AcDbLine
 10
262.584622638397
 20
193.3989527939799
 30
0.0
 11
258.2970941030827
 21
192.795182252107
 31
0.0
  0
LWPOLYLINE
  5
29D
330
1F
100
AcDbEntity
  8
0
  6
Continuous
 62
7
370
25
100
AcDbPolyline
 90
17
 70
128
 10
262.2844151311092
 20
192.6810047244153
 10
262.1140154550797
 20
192.7242368951475
 10
261.8847017291642
 20
192.7489379428514
 10
261.6313848893992
 20
192.7513473569297
 10
261.392630128316
 20
192.7310983259305
 10
261.2047856939723
 20
192.6912735812652
 10
261.0964491986828
 20
192.6379360792972
 10
261.0841138917826
 20
192.5792059711953
 10
261.1696577119276
 20
192.5240243835284
 10
261.3400573879571
 20
192.4807922127962
 10
261.5693711138726
 20
192.4560911650923
 10
261.8226879536377
 20
192.4536817510139
 10
262.0614427147209
 20
192.4739307820131
 10
262.2492871490646
 20
192.5137555266784
 10
262.357623644354
 20
192.5670930286464
 10
262.3699589512542
 20
192.6258231367483
 10
262.2844151311092
 20
192.6810047244153
  0
LINE
  5
29E
330
1F
100
AcDbEntity
  8
0
  6
Continuous
 62
7
370
25
100
AcDbLine
 10
262.584622638397
 20
193.3989527939799
 30
0.0
 11
264.6425075196428
 21
192.6076680434652
 31
0.0
  0
LINE
  5
29F
330
1F
100
AcDbEntity
  8
0
  6
Continuous
 62
7
370
25
100
AcDbLine
 10
264.6972180606069
 20
163.424510216865
 30
0.0
 11
260.4096895252927
 21
162.8207396749921
 31
0.0
  0
LINE
  5
2A0
330
1F
100
AcDbEntity
  8
0
  6
Continuous
 62
7
370
25
100
AcDbLine
 10
260.3691125407443
 20
184.4649150630539
 30
0.0
 11
264.6566410760585
 21
185.0686856049268
 31
0.0
  0
LINE
  5
2A1
330
1F
100
AcDbEntity
  8
0
  6
Continuous
 62
7
370
25
100
AcDbLine
 10
264.6566410760585
 20
185.0686856049268
 30
0.0
 11
264.6972180606069
 21
163.424510216865
 31
0.0
  0
LINE
  5
2A2
330
1F
100
AcDbEntity
  8
0
  6
Continuous
 62
7
370
25
100
AcDbLine
 10
264.6566410760585
 20
185.0686856049268
 30
0.0
 11
264.1069741948718
 21
185.2800400032752
 31
0.0
  0
LINE
  5
2A3
330
1F
100
AcDbEntity
  8
0
  6
Continuous
 62
7
370
25
100
AcDbLine
 10
267.2695741621642
 20
162.4354042787216
 30
0.0
 11
262.98204562685
 21
161.8316337368487
 31
0.0
  0
LWPOLYLINE
  5
2A4
330
1F
100
AcDbEntity
  8
0
  6
Continuous
 62
7
370
25
100
AcDbPolyline
 90
17
 70
128
 10
264.4196717957684
 20
162.6978485910946
 10
264.2492721197389
 20
162.7410807618268
 10
264.0199583938233
 20
162.7657818095307
 10
263.7666415540583
 20
162.7681912236091
 10
263.5278867929751
 20
162.7479421926098
 10
263.3400423586314
 20
162.7081174479446
 10
263.231705863342
 20
162.6547799459766
 10
263.2193705564418
 20
162.5960498378747
 10
263.3049143765867
 20
162.5408682502077
 10
263.4753140526163
 20
162.4976360794755
 10
263.7046277785318
 20
162.4729350317716
 10
263.9579446182968
 20
162.4705256176932
 10
264.19669937938
 20
162.4907746486925
 10
264.3845438137237
 20
162.5305993933577
 10
264.4928803090132
 20
162.5839368953257
 10
264.5052156159134
 20
162.6426670034276
 10
264.4196717957684
 20
162.6978485910946
  0
LINE
  5
2A5
330
1F
100
AcDbEntity
  8
0
  6
Continuous
 62
7
370
25
100
AcDbLine
 10
264.6972180606069
 20
163.424510216865
 30
0.0
 11
267.2695741621642
 21
162.4354042787216
 31
0.0
  0
LINE
  5
2A6
330
1F
100
AcDbEntity
  8
0
  6
Continuous
 62
7
370
25
100
AcDbLine
 10
267.2741333739111
 20
160.0034744598383
 30
0.0
 11
262.9866048385969
 21
159.3997039179654
 31
0.0
  0
LINE
  5
2A7
330
1F
100
AcDbEntity
  8
0
  6
Continuous
 62
7
370
25
100
AcDbLine
 10
267.2695741621642
 20
162.4354042787216
 30
0.0
 11
267.2741333739111
 21
160.0034744598383
 31
0.0
  0
LINE
  5
2A8
330
1F
100
AcDbEntity
  8
0
  6
Continuous
 62
7
370
25
100
AcDbLine
 10
263.1074523199982
 20
188.7426435214497
 30
0.0
 11
263.1113773736698
 21
186.648980056236
 31
0.0
  0
LINE
  5
2A9
330
1F
100
AcDbEntity
  8
0
  6
Continuous
 62
7
370
25
100
AcDbLine
 10
258.3021923929572
 20
190.0757026887597
 30
0.0
 11
257.0172807119028
 21
189.8947611940176
 31
0.0
  0
LINE
  5
2AA
330
1F
100
AcDbEntity
  8
0
  6
Continuous
 62
7
370
25
100
AcDbLine
 10
257.9607463151926
 20
191.7843694554769
 30
0.0
 11
253.6732177798783
 21
191.1805989136039
 31
0.0
  0
ARC
  5
2AB
330
1F
100
AcDbEntity
  8
0
  6
Continuous
 62
7
370
25
100
AcDbCircle
 10
264.3428595508149
 20
191.8047251602446
 30
0.0
 40
6.382145697727505
100
AcDbArc
 50
180.182743861526
 51
195.8486455704684
  0
LINE
  5
2AC
330
1F
100
AcDbEntity
  8
0
  6
Continuous
 62
7
370
25
100
AcDbLine
 10
256.6745682644141
 20
192.2789224245485
 30
0.0
 11
252.3870397290998
 21
191.6751518826756
 31
0.0
  0
LINE
  5
2AD
330
1F
100
AcDbEntity
  8
0
  6
Continuous
 62
7
370
25
100
AcDbLine
 10
256.6745682644141
 20
192.2789224245485
 30
0.0
 11
257.9607463151926
 21
191.7843694554769
 31
0.0
  0
LINE
  5
2AE
330
1F
100
AcDbEntity
  8
0
  6
Continuous
 62
7
370
25
100
AcDbLine
 10
256.6682036048153
 20
195.6738964517097
 30
0.0
 11
252.380675069501
 21
195.0701259098367
 31
0.0
  0
LINE
  5
2AF
330
1F
100
AcDbEntity
  8
0
  6
Continuous
 62
7
370
25
100
AcDbLine
 10
256.6682036048153
 20
195.6738964517097
 30
0.0
 11
256.6745682644141
 21
192.2789224245485
 31
0.0
  0
LINE
  5
2B0
330
1F
100
AcDbEntity
  8
0
  6
Continuous
 62
7
370
25
100
AcDbLine
 10
254.6103187235693
 20
196.4651812022243
 30
0.0
 11
250.3227901882551
 21
195.8614106603514
 31
0.0
  0
LINE
  5
2B1
330
1F
100
AcDbEntity
  8
0
  6
Continuous
 62
7
370
25
100
AcDbLine
 10
254.6103187235693
 20
196.4651812022243
 30
0.0
 11
256.6682036048153
 21
195.6738964517097
 31
0.0
  0
LINE
  5
2B2
330
1F
100
AcDbEntity
  8
0
  6
Continuous
 62
7
370
25
100
AcDbLine
 10
250.3292312147572
 20
192.4257017518779
 30
0.0
 11
248.2733725250704
 21
192.1361953602906
 31
0.0
  0
LINE
  5
2B3
330
1F
100
AcDbEntity
  8
0
  6
Continuous
 62
7
370
25
100
AcDbLine
 10
248.2796878478461
 20
188.7675380953606
 30
0.0
 11
247.3468419674006
 21
188.6361745701779
 31
0.0
  0
LINE
  5
2B4
330
1F
100
AcDbEntity
  8
0
  6
Continuous
 62
7
370
25
100
AcDbLine
 10
248.2763952865627
 20
190.5238237012763
 30
0.0
 11
245.0608325218939
 21
190.0710075726233
 31
0.0
  0
LINE
  5
2B5
330
1F
100
AcDbEntity
  8
0
  6
Continuous
 62
7
370
25
100
AcDbLine
 10
247.3876895686029
 20
190.8728517406422
 30
0.0
 11
244.8811610455694
 21
190.5198819418159
 31
0.0
  0
LINE
  5
2B6
330
1F
100
AcDbEntity
  8
0
  6
Continuous
 62
7
370
25
100
AcDbLine
 10
247.3876895686029
 20
190.8728517406422
 30
0.0
 11
248.2763815750402
 21
190.5311375665371
 31
0.0
  0
LINE
  5
2B7
330
1F
100
AcDbEntity
  8
0
  6
Continuous
 62
7
370
25
100
AcDbLine
 10
247.3804548614074
 20
194.731917986301
 30
0.0
 11
243.0929263260932
 21
194.128147444428
 31
0.0
  0
LINE
  5
2B8
330
1F
100
AcDbEntity
  8
0
  6
Continuous
 62
7
370
25
100
AcDbLine
 10
247.3804548614074
 20
194.731917986301
 30
0.0
 11
247.3876895686029
 21
190.8728517406422
 31
0.0
  0
LINE
  5
2B9
330
1F
100
AcDbEntity
  8
0
  6
Continuous
 62
7
370
25
100
AcDbLine
 10
246.0942768106288
 20
195.2264709553726
 30
0.0
 11
241.8067482753145
 21
194.6227004134997
 31
0.0
  0
LINE
  5
2BA
330
1F
100
AcDbEntity
  8
0
  6
Continuous
 62
7
370
25
100
AcDbLine
 10
246.0942768106288
 20
195.2264709553726
 30
0.0
 11
247.3804548614074
 21
194.731917986301
 31
0.0
  0
LINE
  5
2BB
330
1F
100
AcDbEntity
  8
0
  6
Continuous
 62
7
370
25
100
AcDbLine
 10
241.8094325519136
 20
193.1908800318418
 30
0.0
 11
241.1318116004554
 21
193.0954573272052
 31
0.0
  0
LWPOLYLINE
  5
2BC
330
1F
100
AcDbEntity
  8
0
  6
Continuous
 62
7
370
25
100
AcDbPolyline
 90
17
 70
128
 10
207.447363604459
 20
170.6970612990426
 10
207.5913148243181
 20
170.7240610694256
 10
207.7411829557239
 20
170.6383195309972
 10
207.8741519342279
 20
170.4528900557342
 10
207.9699784382197
 20
170.1960026003229
 10
208.014073751136
 20
169.9067659511592
 10
207.9997247613102
 20
169.6292137661415
 10
207.9291159723693
 20
169.4056008494218
 10
207.8129969323595
 20
169.2699702405148
 10
207.6690457125004
 20
169.2429704701318
 10
207.5191775810946
 20
169.3287120085602
 10
207.3862086025906
 20
169.5141414838232
 10
207.2903820985987
 20
169.7710289392345
 10
207.2462867856824
 20
170.0602655883982
 10
207.2606357755083
 20
170.3378177734159
 10
207.3312445644492
 20
170.5614306901356
 10
207.447363604459
 20
170.6970612990426
  0
LINE
  5
2BD
330
1F
100
AcDbEntity
  8
0
  6
Continuous
 62
7
370
25
100
AcDbLine
 10
208.7342084974883
 20
169.7688380748612
 30
0.0
 11
210.3205940555545
 21
169.9922331753542
 31
0.0
  0
LWPOLYLINE
  5
2BE
330
1F
100
AcDbEntity
  8
0
  6
Continuous
 62
7
370
25
100
AcDbPolyline
 90
7
 70
128
 10
208.7342084974883
 20
169.7688380748612
 10
208.7071049510107
 20
169.6352525443967
 10
208.6646701592296
 20
169.5215291769048
 10
208.60877335893
 20
169.4326774444004
 10
208.5418767833629
 20
169.3726112326332
 10
208.4669272017857
 20
169.3439764358774
 10
208.4636433852055
 20
169.3434843303931
  0
LINE
  5
2BF
330
1F
100
AcDbEntity
  8
0
  6
Continuous
 62
7
370
25
100
AcDbLine
 10
208.6604518978884
 20
169.513026216017
 30
0.0
 11
209.814052851337
 21
169.6754765104073
 31
0.0
  0
LWPOLYLINE
  5
2C0
330
1F
100
AcDbEntity
  8
0
  6
Continuous
 62
7
370
25
100
AcDbPolyline
 90
6
 70
128
 10
209.840862411686
 20
171.0522242938941
 10
209.9969269894367
 20
171.0119421338722
 10
210.1478170429136
 20
170.8511130377214
 10
210.2638142742109
 20
170.5969080939076
 10
210.3249184685933
 20
170.2931572577341
 10
210.3205940555545
 20
169.9922331753542
  0
LINE
  5
2C1
330
1F
100
AcDbEntity
  8
0
  6
Continuous
 62
7
370
25
100
AcDbLine
 10
209.814052851337
 20
169.6754765104073
 30
0.0
 11
210.3205940555545
 21
169.9922331753542
 31
0.0
  0
ARC
  5
2C2
330
1F
100
AcDbEntity
  8
0
  6
Continuous
 62
7
370
25
100
AcDbCircle
 10
218.1444139331173
 20
169.8084888737008
 30
0.0
 40
2.465514489176641
100
AcDbArc
 50
328.2317556821007
 51
333.2833156766705
  0
SPLINE
  5
2C3
330
1F
100
AcDbEntity
  8
0
  6
Continuous
 62
7
370
25
100
AcDbSpline
 70
8
 71
3
 72
9
 73
5
 74
0
 42
1e-08
 40
0.0
 40
0.0
 40
0.0
 40
0.0
 40
0.7231899808459714
 40
1.0
 40
1.0
 40
1.0
 40
1.0
 10
220.0888809310578
 20
168.6576082360739
 30
0.0
 10
220.1242562301939
 20
168.6139548810009
 30
0.0
 10
220.1731718679558
 20
168.5535926577551
 30
0.0
 10
220.2259475908606
 20
168.5197901630748
 30
0.0
 10
220.2405564397287
 20
168.5104332938749
 30
0.0
  0
SPLINE
  5
2C4
330
1F
100
AcDbEntity
  8
0
  6
Continuous
 62
7
370
25
100
AcDbSpline
 70
8
 71
3
 72
10
 73
6
 74
0
 42
1e-08
 40
0.0
 40
0.0
 40
0.0
 40
0.0
 40
0.0876842207278772
 40
0.881756153350423
 40
1.0
 40
1.0
 40
1.0
 40
1.0
 10
219.6077790376781
 20
168.6222343853195
 30
0.0
 10
219.6122780916359
 20
168.6016684012719
 30
0.0
 10
219.6575207644753
 20
168.3948560143556
 30
0.0
 10
219.6388523633976
 20
168.1490042543538
 30
0.0
 10
219.617911148499
 20
167.9475572124796
 30
0.0
 10
219.6151969898059
 20
167.9214479708457
 30
0.0
  0
ARC
  5
2C5
330
1F
100
AcDbEntity
  8
0
  6
Continuous
 62
7
370
25
100
AcDbCircle
 10
219.218987796001
 20
168.8179628266342
 30
0.0
 40
0.9801635638529917
100
AcDbArc
 50
284.4969296311227
 51
293.8427354760395
  0
SPLINE
  5
2C6
330
1F
100
AcDbEntity
  8
0
  6
Continuous
 62
7
370
25
100
AcDbSpline
 70
8
 71
3
 72
10
 73
6
 74
0
 42
1e-08
 40
0.0
 40
0.0
 40
0.0
 40
0.0
 40
0.2068406127965034
 40
0.8971998302782322
 40
1.0
 40
1.0
 40
1.0
 40
1.0
 10
219.2005503796826
 20
168.5942150445516
 30
0.0
 10
219.209263189203
 20
168.5370711154501
 30
0.0
 10
219.2470562082678
 20
168.2892014016733
 30
0.0
 10
219.3617192223765
 20
168.0526142193689
 30
0.0
 10
219.452574666231
 20
167.8900733124903
 30
0.0
 10
219.4643503007366
 20
167.8690066352455
 30
0.0
  0
SPLINE
  5
2C7
330
1F
100
AcDbEntity
  8
0
  6
Continuous
 62
7
370
25
100
AcDbSpline
 70
8
 71
3
 72
10
 73
6
 74
0
 42
1e-08
 40
0.0
 40
0.0
 40
0.0
 40
0.0
 40
0.0150775450438479
 40
0.8723457136535039
 40
1.0
 40
1.0
 40
1.0
 40
1.0
 10
218.8685225111797
 20
168.485757143217
 30
0.0
 10
218.8683930846401
 20
168.4825366681429
 30
0.0
 10
218.8609048173721
 20
168.2962087468101
 30
0.0
 10
218.7846075633472
 20
168.1348669118388
 30
0.0
 10
218.7146494945811
 20
167.9949404499432
 30
0.0
 10
218.7055823367581
 20
167.9768047961723
 30
0.0
  0
ARC
  5
2C8
330
1F
100
AcDbEntity
  8
0
  6
Continuous
 62
7
370
25
100
AcDbCircle
 10
219.443950403934
 20
169.3877688460258
 30
0.0
 40
1.592484521935483
100
AcDbArc
 50
235.6153402981786
 51
242.376600286113
  0
SPLINE
  5
2C9
330
1F
100
AcDbEntity
  8
0
  6
Continuous
 62
7
370
25
100
AcDbSpline
 70
8
 71
3
 72
9
 73
5
 74
0
 42
1e-08
 40
0.0
 40
0.0
 40
0.0
 40
0.0
 40
0.7648492060790196
 40
1.0
 40
1.0
 40
1.0
 40
1.0
 10
218.4896271592794
 20
168.4324010314044
 30
0.0
 10
218.4982976864623
 20
168.3393166476973
 30
0.0
 10
218.5096339434839
 20
168.2176137251249
 30
0.0
 10
218.537943918222
 20
168.1009751799367
 30
0.0
 10
218.5446010312576
 20
168.073547533434
 30
0.0
  0
ARC
  5
2CA
330
1F
100
AcDbEntity
  8
0
  6
Continuous
 62
7
370
25
100
AcDbCircle
 10
219.6181470151801
 20
171.2995494393278
 30
0.0
 40
5.430904825883119
100
AcDbArc
 50
351.0500518349099
 51
352.0944290775308
  0
LINE
  5
2CB
330
1F
100
AcDbEntity
  8
0
  6
Continuous
 62
7
370
25
100
AcDbLine
 10
224.9829285114029
 20
170.4546549337322
 30
0.0
 11
224.4648776772872
 21
170.3817029218084
 31
0.0
  0
SPLINE
  5
2CC
330
1F
100
AcDbEntity
  8
0
  6
Continuous
 62
7
370
25
100
AcDbSpline
 70
8
 71
3
 72
9
 73
5
 74
0
 42
1e-08
 40
0.0
 40
0.0
 40
0.0
 40
0.0
 40
0.4152922057180272
 40
1.0
 40
1.0
 40
1.0
 40
1.0
 10
224.9101361744021
 20
170.4486690009104
 30
0.0
 10
224.9205749175552
 20
170.4464227390176
 30
0.0
 10
224.9457108170719
 20
170.4410138681991
 30
0.0
 10
224.9691963419524
 20
170.449621805626
 30
0.0
 10
224.9829285114029
 20
170.4546549337322
 30
0.0
  0
SPLINE
  5
2CD
330
1F
100
AcDbEntity
  8
0
  6
Continuous
 62
7
370
25
100
AcDbSpline
 70
8
 71
3
 72
10
 73
6
 74
0
 42
1e-08
 40
0.0
 40
0.0
 40
0.0
 40
0.0
 40
0.1081441161351287
 40
0.8343908489215067
 40
0.9999999999999998
 40
0.9999999999999998
 40
0.9999999999999998
 40
0.9999999999999998
 10
224.6342398891151
 20
169.3038155662106
 30
0.0
 10
224.6299742305586
 20
169.3319519342006
 30
0.0
 10
224.5970623478666
 20
169.5490393617165
 30
0.0
 10
224.5441795416595
 20
169.8274956816384
 30
0.0
 10
224.4470373560953
 20
170.0042010507436
 30
0.0
 10
224.4289989766034
 20
170.0370135563266
 30
0.0
  0
LINE
  5
2CE
330
1F
100
AcDbEntity
  8
0
  6
Continuous
 62
7
370
25
100
AcDbLine
 10
220.8344768526431
 20
168.7687322498844
 30
0.0
 11
224.6342398891151
 21
169.3038155662106
 31
0.0
  0
ARC
  5
2CF
330
1F
100
AcDbEntity
  8
0
  6
Continuous
 62
7
370
25
100
AcDbCircle
 10
222.4319424684101
 20
170.4122594155855
 30
0.0
 40
2.465514489201188
100
AcDbArc
 50
328.2317556821291
 51
333.2833156766477
  0
LINE
  5
2D0
330
1F
100
AcDbEntity
  8
0
  6
Continuous
 62
7
370
25
100
AcDbLine
 10
224.528084975043
 20
169.1142038357478
 30
0.0
 11
220.2405564397287
 21
168.5104332938749
 31
0.0
  0
LINE
  5
2D1
330
1F
100
AcDbEntity
  8
0
  6
Continuous
 62
7
370
25
100
AcDbLine
 10
219.615196989806
 20
167.9214479708457
 30
0.0
 11
223.9027255251202
 21
168.5252185127186
 31
0.0
  0
SPLINE
  5
2D2
330
1F
100
AcDbEntity
  8
0
  6
Continuous
 62
7
370
25
100
AcDbSpline
 70
8
 71
3
 72
9
 73
5
 74
0
 42
1e-08
 40
0.0
 40
0.0
 40
0.0
 40
0.0
 40
0.1647185434924433
 40
1.0
 40
1.0
 40
1.0
 40
1.0
 10
223.9027255251201
 20
168.5252185127186
 30
0.0
 10
223.9056501850481
 20
168.5513261488649
 30
0.0
 10
223.9234056840099
 20
168.7098246129283
 30
0.0
 10
223.9154654817593
 20
168.8826461013827
 30
0.0
 10
223.9088331780585
 20
169.0270006859748
 30
0.0
  0
LINE
  5
2D3
330
1F
100
AcDbEntity
  8
0
  6
Continuous
 62
7
370
25
100
AcDbLine
 10
223.7518788360509
 20
168.4727771771185
 30
0.0
 11
219.4643503007366
 21
167.8690066352455
 31
0.0
  0
ARC
  5
2D4
330
1F
100
AcDbEntity
  8
0
  6
Continuous
 62
7
370
25
100
AcDbCircle
 10
223.5065163313148
 20
169.4217333685082
 30
0.0
 40
0.9801635638541849
100
AcDbArc
 50
284.496929631127
 51
293.8427354760323
  0
LINE
  5
2D5
330
1F
100
AcDbEntity
  8
0
  6
Continuous
 62
7
370
25
100
AcDbLine
 10
218.7055823367581
 20
167.9768047961723
 30
0.0
 11
219.3731702353228
 21
168.0708146444903
 31
0.0
  0
ARC
  5
2D6
330
1F
100
AcDbEntity
  8
0
  6
Continuous
 62
7
370
25
100
AcDbCircle
 10
202.5280266602708
 20
168.9976102539079
 30
0.0
 40
0.3009686057938867
100
AcDbArc
 50
39.01214705012243
 51
53.47188509638733
  0
ARC
  5
2D7
330
1F
100
AcDbEntity
  8
0
  6
Continuous
 62
7
370
25
100
AcDbCircle
 10
200.1850153679668
 20
168.9338230617809
 30
0.0
 40
2.589281506923409
100
AcDbArc
 50
4.15680091388549
 51
5.612737171112171
  0
ARC
  5
2D8
330
1F
100
AcDbEntity
  8
0
  6
Continuous
 62
7
370
25
100
AcDbCircle
 10
202.6494021616369
 20
169.1958197746397
 30
0.0
 40
0.1395190988098127
100
AcDbArc
 50
261.2623785110485
 51
327.8179413453548
  0
ARC
  5
2D9
330
1F
100
AcDbEntity
  8
0
  6
Continuous
 62
7
370
25
100
AcDbCircle
 10
200.701287213152
 20
168.9969341965177
 30
0.0
 40
1.927885458552744
100
AcDbArc
 50
0.1133336025460524
 51
1.812766202198221
  0
LINE
  5
2DA
330
1F
100
AcDbEntity
  8
0
  6
Continuous
 62
7
370
25
100
AcDbLine
 10
202.7618830363884
 20
169.1870655178164
 30
0.0
 11
203.6193887434512
 21
169.3078196261911
 31
0.0
  0
ARC
  5
2DB
330
1F
100
AcDbEntity
  8
0
  6
Continuous
 62
7
370
25
100
AcDbCircle
 10
201.0425210752229
 20
169.0545771701732
 30
0.0
 40
2.589281506729275
100
AcDbArc
 50
4.156800913802957
 51
5.612737171139942
  0
LINE
  5
2DC
330
1F
100
AcDbEntity
  8
0
  6
Continuous
 62
7
370
25
100
AcDbLine
 10
203.6249912513746
 20
169.2422644376608
 30
0.0
 11
202.7674855443119
 21
169.1215103292862
 31
0.0
  0
LINE
  5
2DD
330
1F
100
AcDbEntity
  8
0
  6
Continuous
 62
7
370
25
100
AcDbLine
 10
202.7144423389678
 20
169.2873952488565
 30
0.0
 11
203.4673607050681
 21
169.3934213490077
 31
0.0
  0
ARC
  5
2DE
330
1F
100
AcDbEntity
  8
0
  6
Continuous
 62
7
370
25
100
AcDbCircle
 10
203.45656449447
 20
169.1964461496042
 30
0.0
 40
0.1972708476773127
100
AcDbArc
 50
34.37253312677862
 51
86.86275740361526
  0
ARC
  5
2DF
330
1F
100
AcDbEntity
  8
0
  6
Continuous
 62
7
370
25
100
AcDbCircle
 10
203.4984733825706
 20
169.327328239636
 30
0.0
 40
0.1524553099541372
100
AcDbArc
 50
280.6130677015443
 51
326.0852384856951
  0
ARC
  5
2E0
330
1F
100
AcDbEntity
  8
0
  6
Continuous
 62
7
370
25
100
AcDbCircle
 10
203.3159556803863
 20
169.7275005269587
 30
0.0
 40
0.2491139547411731
100
AcDbArc
 50
301.6445208771643
 51
346.4074324603203
  0
LINE
  5
2E1
330
1F
100
AcDbEntity
  8
0
  6
Continuous
 62
7
370
25
100
AcDbLine
 10
203.2455620781209
 20
169.4871073350235
 30
0.0
 11
203.4466527114229
 21
169.5154249542846
 31
0.0
  0
LINE
  5
2E2
330
1F
100
AcDbEntity
  8
0
  6
Continuous
 62
7
370
25
100
AcDbLine
 10
203.5580923257423
 20
169.6689547549294
 30
0.0
 11
203.4131372801195
 21
169.6485421592529
 31
0.0
  0
ARC
  5
2E3
330
1F
100
AcDbEntity
  8
0
  6
Continuous
 62
7
370
25
100
AcDbCircle
 10
201.146106502164
 20
169.0809725069374
 30
0.0
 40
2.482619329880519
100
AcDbArc
 50
13.70007811740715
 51
15.19742517001466
  0
LINE
  5
2E4
330
1F
100
AcDbEntity
  8
0
  6
Continuous
 62
7
370
25
100
AcDbLine
 10
203.4043905890121
 20
169.7124160519581
 30
0.0
 11
203.5419043542558
 21
169.7317807651891
 31
0.0
  0
ARC
  5
2E5
330
1F
100
AcDbEntity
  8
0
  6
Continuous
 62
7
370
25
100
AcDbCircle
 10
203.4730288440187
 20
169.6121169006435
 30
0.0
 40
0.1380698243223891
100
AcDbArc
 50
60.0763519056961
 51
96.78871115557553
  0
LINE
  5
2E6
330
1F
100
AcDbEntity
  8
0
  6
Continuous
 62
7
370
25
100
AcDbLine
 10
203.1151010938056
 20
168.8139505197672
 30
0.0
 11
203.6250262270289
 21
168.8857582690253
 31
0.0
  0
ARC
  5
2E7
330
1F
100
AcDbEntity
  8
0
  6
Continuous
 62
7
370
25
100
AcDbCircle
 10
201.523193666227
 20
169.0469576901243
 30
0.0
 40
2.108005068070257
100
AcDbArc
 50
353.944426477533
 51
355.6143028429137
  0
LINE
  5
2E8
330
1F
100
AcDbEntity
  8
0
  6
Continuous
 62
7
370
25
100
AcDbLine
 10
203.6194361527239
 20
168.8245778240952
 30
0.0
 11
203.2300854761608
 21
168.7697493915774
 31
0.0
  0
LINE
  5
2E9
330
1F
100
AcDbEntity
  8
0
  6
Continuous
 62
7
370
25
100
AcDbLine
 10
202.7493712169102
 20
168.9545406837562
 30
0.0
 11
203.4857253590977
 21
169.0582342069076
 31
0.0
  0
ARC
  5
2EA
330
1F
100
AcDbEntity
  8
0
  6
Continuous
 62
7
370
25
100
AcDbCircle
 10
203.2641088899723
 20
168.7367533809141
 30
0.0
 40
0.3904661071964417
100
AcDbArc
 50
22.43330528728087
 51
55.41911990302906
  0
LWPOLYLINE
  5
2EB
330
1F
100
AcDbEntity
  8
0
  6
Continuous
 62
7
370
25
100
AcDbPolyline
 90
3
 70
128
 10
203.5885466014753
 20
168.8159114463306
 10
203.6013406902066
 20
168.8184342693728
 10
203.6194361527239
 20
168.8245778240952
  0
ARC
  5
2EC
330
1F
100
AcDbEntity
  8
0
  6
Continuous
 62
7
370
25
100
AcDbCircle
 10
203.0061164219338
 20
170.0582125774726
 30
0.0
 40
0.4155824731114544
100
AcDbArc
 50
326.9520341867153
 51
349.9062703509273
  0
ARC
  5
2ED
330
1F
100
AcDbEntity
  8
0
  6
Continuous
 62
7
370
25
100
AcDbCircle
 10
201.4347719754244
 20
169.1111839178435
 30
0.0
 40
2.052090376037274
100
AcDbArc
 50
7.905321996874102
 51
11.36099033072511
  0
ARC
  5
2EE
330
1F
100
AcDbEntity
  8
0
  6
Continuous
 62
7
370
25
100
AcDbCircle
 10
201.5948313678043
 20
169.118268591415
 30
0.0
 40
1.891846773296558
100
AcDbArc
 50
358.1815152972624
 51
1.829726905755636
  0
LINE
  5
2EF
330
1F
100
AcDbEntity
  8
0
  6
Continuous
 62
7
370
25
100
AcDbLine
 10
203.3219760275254
 20
168.734425759297
 30
0.0
 11
203.4467276092055
 21
168.7519932995361
 31
0.0
  0
ARC
  5
2F0
330
1F
100
AcDbEntity
  8
0
  6
Continuous
 62
7
370
25
100
AcDbCircle
 10
202.9183979343518
 20
168.3619824512117
 30
0.0
 40
0.6566892013287483
100
AcDbArc
 50
14.37529871663035
 51
36.43459487677232
  0
ARC
  5
2F1
330
1F
100
AcDbEntity
  8
0
  6
Continuous
 62
7
370
25
100
AcDbCircle
 10
202.1868306857713
 20
169.0518498518674
 30
0.0
 40
1.295088494912631
100
AcDbArc
 50
346.6126196765901
 51
348.5642793387226
  0
ARC
  5
2F2
330
1F
100
AcDbEntity
  8
0
  6
Continuous
 62
7
370
25
100
AcDbCircle
 10
200.5661583745827
 20
169.799497563334
 30
0.0
 40
2.237996584770678
100
AcDbArc
 50
5.334117272485138
 51
6.87770556707444
  0
LINE
  5
2F3
330
1F
100
AcDbEntity
  8
0
  6
Continuous
 62
7
370
25
100
AcDbLine
 10
202.794463357188
 20
170.0075495230487
 30
0.0
 11
202.1387715167458
 21
169.9152148797817
 31
0.0
  0
LINE
  5
2F4
330
1F
100
AcDbEntity
  8
0
  6
Continuous
 62
7
370
25
100
AcDbLine
 10
202.1386556997116
 20
169.9760509814251
 30
0.0
 11
202.7880503658501
 21
170.0674988554706
 31
0.0
  0
ARC
  5
2F5
330
1F
100
AcDbEntity
  8
0
  6
Continuous
 62
7
370
25
100
AcDbCircle
 10
202.655975988444
 20
169.9829055933655
 30
0.0
 40
0.1568427912300049
100
AcDbArc
 50
32.63944601939407
 51
92.25877971813799
  0
ARC
  5
2F6
330
1F
100
AcDbEntity
  8
0
  6
Continuous
 62
7
370
25
100
AcDbCircle
 10
202.6696423107054
 20
170.0704185286235
 30
0.0
 40
0.1397598136339515
100
AcDbArc
 50
281.9731331752949
 51
333.2668330189024
  0
ARC
  5
2F7
330
1F
100
AcDbEntity
  8
0
  6
Continuous
 62
7
370
25
100
AcDbCircle
 10
202.4599813476218
 20
170.4655825711533
 30
0.0
 40
0.2529082818387181
100
AcDbArc
 50
306.3319681176701
 51
353.4580248734914
  0
LINE
  5
2F8
330
1F
100
AcDbEntity
  8
0
  6
Continuous
 62
7
370
25
100
AcDbLine
 10
202.1382380521135
 20
170.1954319377457
 30
0.0
 11
202.609820084646
 21
170.2618402046469
 31
0.0
  0
LINE
  5
2F9
330
1F
100
AcDbEntity
  8
0
  6
Continuous
 62
7
370
25
100
AcDbLine
 10
202.7112428566141
 20
170.4367684579175
 30
0.0
 11
202.1378728262961
 21
170.3560263868042
 31
0.0
  0
ARC
  5
2FA
330
1F
100
AcDbEntity
  8
0
  6
Continuous
 62
7
370
25
100
AcDbCircle
 10
200.8016189196229
 20
169.8608693846927
 30
0.0
 40
1.994573469008032
100
AcDbArc
 50
16.78211453384205
 51
18.44887518661752
  0
LINE
  5
2FB
330
1F
100
AcDbEntity
  8
0
  6
Continuous
 62
7
370
25
100
AcDbLine
 10
202.1353750669927
 20
170.4134476249722
 30
0.0
 11
202.6936840923991
 21
170.4920688026567
 31
0.0
  0
ARC
  5
2FC
330
1F
100
AcDbEntity
  8
0
  6
Continuous
 62
7
370
25
100
AcDbCircle
 10
202.6481661075524
 20
170.3919371712607
 30
0.0
 40
0.1099919567538262
100
AcDbArc
 50
65.55433474426
 51
97.47496405176976
  0
LINE
  5
2FD
330
1F
100
AcDbEntity
  8
0
  6
Continuous
 62
7
370
25
100
AcDbLine
 10
202.1394759758587
 20
169.5451782398061
 30
0.0
 11
202.7967186796105
 21
169.6377312759242
 31
0.0
  0
ARC
  5
2FE
330
1F
100
AcDbEntity
  8
0
  6
Continuous
 62
7
370
25
100
AcDbCircle
 10
201.0325841741614
 20
169.7912653583019
 30
0.0
 40
1.770803000835503
100
AcDbArc
 50
353.2216503905748
 51
355.0260339543211
  0
LINE
  5
2FF
330
1F
100
AcDbEntity
  8
0
  6
Continuous
 62
7
370
25
100
AcDbLine
 10
202.7910095782743
 20
169.5822596982388
 30
0.0
 11
202.1395800217236
 21
169.4905252705583
 31
0.0
  0
LINE
  5
300
330
1F
100
AcDbEntity
  8
0
  6
Continuous
 62
7
370
25
100
AcDbLine
 10
202.1391092444761
 20
169.7378140452444
 30
0.0
 11
202.6580595263827
 21
169.8108927175683
 31
0.0
  0
ARC
  5
301
330
1F
100
AcDbEntity
  8
0
  6
Continuous
 62
7
370
25
100
AcDbCircle
 10
202.4849285030381
 20
169.5301614909397
 30
0.0
 40
0.3298247608180898
100
AcDbArc
 50
19.03479137470804
 51
58.33726258788135
  0
LWPOLYLINE
  5
302
330
1F
100
AcDbEntity
  8
0
  6
Continuous
 62
7
370
25
100
AcDbPolyline
 90
3
 70
128
 10
202.7599763247149
 20
169.5726654461151
 10
202.7729687064113
 20
169.5753813375655
 10
202.7910095782743
 20
169.5822596982388
  0
LINE
  5
303
330
1F
100
AcDbEntity
  8
0
  6
Continuous
 62
7
370
25
100
AcDbLine
 10
202.1252968163522
 20
170.4993223416292
 30
0.0
 11
202.5037812698325
 21
170.5526205906522
 31
0.0
  0
LINE
  5
304
330
1F
100
AcDbEntity
  8
0
  6
Continuous
 62
7
370
25
100
AcDbLine
 10
202.5540176433689
 20
170.8045718108909
 30
0.0
 11
202.0547447924348
 21
170.7342641179465
 31
0.0
  0
ARC
  5
305
330
1F
100
AcDbEntity
  8
0
  6
Continuous
 62
7
370
25
100
AcDbCircle
 10
202.0471698946053
 20
170.7746479134683
 30
0.0
 40
0.507730322182697
100
AcDbArc
 50
334.0686578974169
 51
3.378776242456884
  0
ARC
  5
306
330
1F
100
AcDbEntity
  8
0
  6
Continuous
 62
7
370
25
100
AcDbCircle
 10
201.0062955026314
 20
169.8630029683351
 30
0.0
 40
1.652380775182827
100
AcDbArc
 50
9.532310563871025
 51
13.96748760603374
  0
ARC
  5
307
330
1F
100
AcDbEntity
  8
0
  6
Continuous
 62
7
370
25
100
AcDbCircle
 10
201.1012907050023
 20
169.8640925340832
 30
0.0
 40
1.557677560889703
100
AcDbArc
 50
358.0427798894147
 51
2.656043683141383
  0
LINE
  5
308
330
1F
100
AcDbEntity
  8
0
  6
Continuous
 62
7
370
25
100
AcDbLine
 10
202.0327193185165
 20
170.7770606104454
 30
0.0
 11
202.5279862689581
 21
170.8468041917596
 31
0.0
  0
ARC
  5
309
330
1F
100
AcDbEntity
  8
0
  6
Continuous
 62
7
370
25
100
AcDbCircle
 10
201.4797726692785
 20
170.1715629831669
 30
0.0
 40
1.24687707506997
100
AcDbArc
 50
30.50911351027482
 51
32.78893931575255
  0
LINE
  5
30A
330
1F
100
AcDbEntity
  8
0
  6
Continuous
 62
7
370
25
100
AcDbLine
 10
202.1396530533918
 20
169.4521633661832
 30
0.0
 11
202.6143502043538
 21
169.5190103046236
 31
0.0
  0
LINE
  5
30B
330
1F
100
AcDbEntity
  8
0
  6
Continuous
 62
7
370
25
100
AcDbLine
 10
202.1401582964028
 20
169.1867704956479
 30
0.0
 11
202.718369361489
 21
169.2681942821507
 31
0.0
  0
ARC
  5
30C
330
1F
100
AcDbEntity
  8
0
  6
Continuous
 62
7
370
25
100
AcDbCircle
 10
202.1277422120578
 20
169.1702252332336
 30
0.0
 40
0.5986972224680854
100
AcDbArc
 50
9.41806723719203
 51
35.63174559103471
  0
LINE
  5
30D
330
1F
100
AcDbEntity
  8
0
  6
Continuous
 62
7
370
25
100
AcDbLine
 10
202.7014073264037
 20
169.2256455040532
 30
0.0
 11
202.1402347310586
 21
169.1466210779333
 31
0.0
  0
ARC
  5
30E
330
1F
100
AcDbEntity
  8
0
  6
Continuous
 62
7
370
25
100
AcDbCircle
 10
201.798486548354
 20
169.6102494627125
 30
0.0
 40
0.9814204687342066
100
AcDbArc
 50
336.9281595510139
 51
339.6025264329986
  0
ARC
  5
30F
330
1F
100
AcDbEntity
  8
0
  6
Continuous
 62
7
370
25
100
AcDbCircle
 10
201.4423220378323
 20
170.0158265762615
 30
0.0
 40
1.189471948002133
100
AcDbArc
 50
23.77062603943282
 51
26.82632906134007
  0
ARC
  5
310
330
1F
100
AcDbEntity
  8
0
  6
Continuous
 62
7
370
25
100
AcDbCircle
 10
201.6967411311632
 20
169.7849857675021
 30
0.0
 40
0.9553791697830384
100
AcDbArc
 50
343.8353961019839
 51
345.9757972586513
  0
LINE
  5
311
330
1F
100
AcDbEntity
  8
0
  6
Continuous
 62
7
370
25
100
AcDbLine
 10
202.3467238309192
 20
171.054964855624
 30
0.0
 11
201.7686078208789
 21
170.9735544547899
 31
0.0
  0
ARC
  5
312
330
1F
100
AcDbEntity
  8
0
  6
Continuous
 62
7
370
25
100
AcDbCircle
 10
201.5976173315391
 20
170.8846957281363
 30
0.0
 40
0.7682135921662873
100
AcDbArc
 50
355.4404987014617
 51
12.80554974861439
  0
LINE
  5
313
330
1F
100
AcDbEntity
  8
0
  6
Continuous
 62
7
370
25
100
AcDbLine
 10
201.7171338000817
 20
170.9933415749632
 30
0.0
 11
202.3161828870916
 21
171.0776997754727
 31
0.0
  0
ARC
  5
314
330
1F
100
AcDbEntity
  8
0
  6
Continuous
 62
7
370
25
100
AcDbCircle
 10
201.9950342541464
 20
170.6144038701256
 30
0.0
 40
0.5637193808572118
100
AcDbArc
 50
51.40044779776118
 51
55.27097574373955
  0
LINE
  5
315
330
1F
100
AcDbEntity
  8
0
  6
Continuous
 62
7
370
25
100
AcDbLine
 10
202.1405987842262
 20
168.9553920790243
 30
0.0
 11
202.5649303849311
 21
169.0151465315908
 31
0.0
  0
ARC
  5
316
330
1F
100
AcDbEntity
  8
0
  6
Continuous
 62
7
370
25
100
AcDbCircle
 10
201.7787263939483
 20
169.0216700416824
 30
0.0
 40
0.7862310548567314
100
AcDbArc
 50
359.524600456472
 51
13.36658600011747
  0
LINE
  5
317
330
1F
100
AcDbEntity
  8
0
  6
Continuous
 62
7
370
25
100
AcDbLine
 10
202.5392977321773
 20
168.9919982188411
 30
0.0
 11
202.1406359711894
 21
168.9358585977346
 31
0.0
  0
ARC
  5
318
330
1F
100
AcDbEntity
  8
0
  6
Continuous
 62
7
370
25
100
AcDbCircle
 10
202.2702743048464
 20
169.3156599393113
 30
0.0
 40
0.4208687607207328
100
AcDbArc
 50
309.7329198829038
 51
314.4361449544787
  0
LINE
  5
319
330
1F
100
AcDbEntity
  8
0
  6
Continuous
 62
7
370
25
100
AcDbLine
 10
202.1209200230872
 20
171.1498275208753
 30
0.0
 11
201.52745557722
 21
171.066255750539
 31
0.0
  0
ARC
  5
31A
330
1F
100
AcDbEntity
  8
0
  6
Continuous
 62
7
370
25
100
AcDbCircle
 10
201.5272491307507
 20
170.8733005763087
 30
0.0
 40
0.6549139481481479
100
AcDbArc
 50
16.12556194922097
 51
24.97571062490886
  0
LINE
  5
31B
330
1F
100
AcDbEntity
  8
0
  6
Continuous
 62
7
370
25
100
AcDbLine
 10
202.1407303790509
 20
168.8862682564155
 30
0.0
 11
202.3597614431898
 21
168.9171122503838
 31
0.0
  0
LWPOLYLINE
  5
31C
330
1F
100
AcDbEntity
  8
0
  6
Continuous
 62
7
370
25
100
AcDbPolyline
 90
3
 70
128
 10
202.370635724575
 20
168.9726500809449
 10
202.3667186216762
 20
168.9487903217005
 10
202.3597614431898
 20
168.9171122503838
  0
LINE
  5
31D
330
1F
100
AcDbEntity
  8
0
  6
Continuous
 62
7
370
25
100
AcDbLine
 10
201.519730698881
 20
171.0692252697964
 30
0.0
 11
202.0905190916861
 21
171.1496037942494
 31
0.0
  0
ARC
  5
31E
330
1F
100
AcDbEntity
  8
0
  6
Continuous
 62
7
370
25
100
AcDbCircle
 10
202.1078297866879
 20
170.8629686689755
 30
0.0
 40
0.2871573700991012
100
AcDbArc
 50
87.38723299201145
 51
93.45605433067178
  0
LINE
  5
31F
330
1F
100
AcDbEntity
  8
0
  6
Continuous
 62
7
370
25
100
AcDbLine
 10
202.7677417648368
 20
169.9718902524877
 30
0.0
 11
203.4668906919126
 21
170.0703445305347
 31
0.0
  0
ARC
  5
320
330
1F
100
AcDbEntity
  8
0
  6
Continuous
 62
7
370
25
100
AcDbCircle
 10
202.0383286965188
 20
170.002271733324
 30
0.0
 40
1.430182953472602
100
AcDbArc
 50
1.43050564761335
 51
2.728153174901811
  0
LINE
  5
321
330
1F
100
AcDbEntity
  8
0
  6
Continuous
 62
7
370
25
100
AcDbLine
 10
203.4680659188984
 20
170.0379754494572
 30
0.0
 11
202.6578153950093
 21
169.9238758245027
 31
0.0
  0
ARC
  5
322
330
1F
100
AcDbEntity
  8
0
  6
Continuous
 62
7
370
25
100
AcDbCircle
 10
203.3267702622516
 20
170.0300040103443
 30
0.0
 40
0.1458118389487017
100
AcDbArc
 50
16.06105244126875
 51
83.14279723140037
  0
ARC
  5
323
330
1F
100
AcDbEntity
  8
0
  6
Continuous
 62
7
370
25
100
AcDbCircle
 10
203.3821055654176
 20
170.0726761000563
 30
0.0
 40
0.0927001484494614
100
AcDbArc
 50
282.9705517606589
 51
338.0169552021583
  0
LWPOLYLINE
  5
324
330
1F
100
AcDbEntity
  8
0
  6
Continuous
 62
7
370
25
100
AcDbPolyline
 90
9
 70
128
 10
203.2892057444074
 20
170.3075258181241
 10
203.3081232867265
 20
170.3129925501547
 10
203.3257483466136
 20
170.3243781166
 10
203.3416502229794
 20
170.3414042899872
 10
203.3554403239263
 20
170.3636550041319
 10
203.3667816627129
 20
170.3905865214877
 10
203.3753970926517
 20
170.4215407203842
 10
203.3810760797029
 20
170.4557611774525
 10
203.3836798472653
 20
170.4924116522361
  0
LINE
  5
325
330
1F
100
AcDbEntity
  8
0
  6
Continuous
 62
7
370
25
100
AcDbLine
 10
202.6210898681331
 20
170.2134416198898
 30
0.0
 11
203.2892057444074
 21
170.3075258181241
 31
0.0
  0
LINE
  5
326
330
1F
100
AcDbEntity
  8
0
  6
Continuous
 62
7
370
25
100
AcDbLine
 10
203.3836798472653
 20
170.4924116522361
 30
0.0
 11
202.7009283957016
 21
170.396266469649
 31
0.0
  0
ARC
  5
327
330
1F
100
AcDbEntity
  8
0
  6
Continuous
 62
7
370
25
100
AcDbCircle
 10
202.2333535936319
 20
170.0738612219411
 30
0.0
 40
1.224105776678798
100
AcDbArc
 50
19.99410244447102
 51
21.43358771057568
  0
LINE
  5
328
330
1F
100
AcDbEntity
  8
0
  6
Continuous
 62
7
370
25
100
AcDbLine
 10
202.7092699510515
 20
170.4277382868005
 30
0.0
 11
203.372802368288
 21
170.5211770415062
 31
0.0
  0
ARC
  5
329
330
1F
100
AcDbEntity
  8
0
  6
Continuous
 62
7
370
25
100
AcDbCircle
 10
203.3306797863793
 20
170.4599812233943
 30
0.0
 40
0.0742915880907356
100
AcDbArc
 50
55.45941037848636
 51
96.64201668331015
  0
LINE
  5
32A
330
1F
100
AcDbEntity
  8
0
  6
Continuous
 62
7
370
25
100
AcDbLine
 10
202.6757673607456
 20
169.8009349060137
 30
0.0
 11
203.3043846082478
 21
169.8894569002182
 31
0.0
  0
ARC
  5
32B
330
1F
100
AcDbEntity
  8
0
  6
Continuous
 62
7
370
25
100
AcDbCircle
 10
203.0846881980291
 20
169.6437356936869
 30
0.0
 40
0.3296140531017269
100
AcDbArc
 50
1.351229715399237
 51
48.20048006591494
  0
LINE
  5
32C
330
1F
100
AcDbEntity
  8
0
  6
Continuous
 62
7
370
25
100
AcDbLine
 10
202.6200905737883
 20
169.5396802712235
 30
0.0
 11
203.4142105934836
 21
169.6515083956673
 31
0.0
  0
ARC
  5
32D
330
1F
100
AcDbEntity
  8
0
  6
Continuous
 62
7
370
25
100
AcDbCircle
 10
202.4046114518667
 20
170.0588911250557
 30
0.0
 40
0.9188722832869355
100
AcDbArc
 50
6.606563321342687
 51
15.69918669981946
  0
ARC
  5
32E
330
1F
100
AcDbEntity
  8
0
  6
Continuous
 62
7
370
25
100
AcDbCircle
 10
202.7759433705614
 20
169.8806621052909
 30
0.0
 40
0.6781566710510074
100
AcDbArc
 50
338.1165315837906
 51
340.250607454687
  0
LINE
  5
32F
330
1F
100
AcDbEntity
  8
0
  6
Continuous
 62
7
370
25
100
AcDbLine
 10
203.4052346717138
 20
169.6278995115692
 30
0.0
 11
202.6160844691297
 21
169.5167712376676
 31
0.0
  0
ARC
  5
330
330
1F
100
AcDbEntity
  8
0
  6
Continuous
 62
7
370
25
100
AcDbCircle
 10
202.7982363461969
 20
170.6869558805837
 30
0.0
 40
0.4075875292201464
100
AcDbArc
 50
338.282039622257
 51
18.69928748459735
  0
LINE
  5
331
330
1F
100
AcDbEntity
  8
0
  6
Continuous
 62
7
370
25
100
AcDbLine
 10
202.7011787183802
 20
170.4691429885251
 30
0.0
 11
203.1768919358484
 21
170.5361330096343
 31
0.0
  0
LINE
  5
332
330
1F
100
AcDbEntity
  8
0
  6
Continuous
 62
7
370
25
100
AcDbLine
 10
203.1843090680013
 20
170.8176289361626
 30
0.0
 11
202.551716439371
 21
170.7285471280704
 31
0.0
  0
ARC
  5
333
330
1F
100
AcDbEntity
  8
0
  6
Continuous
 62
7
370
25
100
AcDbCircle
 10
202.6773495415319
 20
170.0416410053404
 30
0.0
 40
0.6452386974936247
100
AcDbArc
 50
346.3578508300094
 51
353.6677833807098
  0
LWPOLYLINE
  5
334
330
1F
100
AcDbEntity
  8
0
  6
Continuous
 62
7
370
25
100
AcDbPolyline
 90
3
 70
128
 10
203.1768919358484
 20
170.5361330096343
 10
203.1855126772805
 20
170.5254559203533
 10
203.1929653795135
 20
170.5155912794889
  0
LINE
  5
335
330
1F
100
AcDbEntity
  8
0
  6
Continuous
 62
7
370
25
100
AcDbLine
 10
202.5529340910253
 20
170.7452058523613
 30
0.0
 11
203.1678841642899
 21
170.831803232624
 31
0.0
  0
ARC
  5
336
330
1F
100
AcDbEntity
  8
0
  6
Continuous
 62
7
370
25
100
AcDbCircle
 10
202.8953722065965
 20
170.4994180063658
 30
0.0
 40
0.4298170607603037
100
AcDbArc
 50
47.76041953280431
 51
50.65277539789937
  0
LINE
  5
337
330
1F
100
AcDbEntity
  8
0
  6
Continuous
 62
7
370
25
100
AcDbLine
 10
202.698291199312
 20
169.349086698429
 30
0.0
 11
203.23488408007
 21
169.4246498047062
 31
0.0
  0
ARC
  5
338
330
1F
100
AcDbEntity
  8
0
  6
Continuous
 62
7
370
25
100
AcDbCircle
 10
202.8216320954701
 20
169.5265273728391
 30
0.0
 40
0.4256245313235345
100
AcDbArc
 50
346.1512187303674
 51
10.57446571626697
  0
LINE
  5
339
330
1F
100
AcDbEntity
  8
0
  6
Continuous
 62
7
370
25
100
AcDbLine
 10
202.9461064424214
 20
170.8894053525058
 30
0.0
 11
202.5374645881513
 21
170.8318603328628
 31
0.0
  0
ARC
  5
33A
330
1F
100
AcDbEntity
  8
0
  6
Continuous
 62
7
370
25
100
AcDbCircle
 10
202.730230014753
 20
170.7051561062358
 30
0.0
 40
0.2838140531650126
100
AcDbArc
 50
21.12700079930768
 51
40.48055944060036
  0
LINE
  5
33B
330
1F
100
AcDbEntity
  8
0
  6
Continuous
 62
7
370
25
100
AcDbLine
 10
203.2191855065803
 20
169.4188189088767
 30
0.0
 11
202.6993517630018
 21
169.3456158273207
 31
0.0
  0
ARC
  5
33C
330
1F
100
AcDbEntity
  8
0
  6
Continuous
 62
7
370
25
100
AcDbCircle
 10
203.1582420360277
 20
169.6069457184022
 30
0.0
 40
0.1977518724696659
100
AcDbArc
 50
287.9496739300512
 51
292.803177925964
  0
LINE
  5
33D
330
1F
100
AcDbEntity
  8
0
  6
Continuous
 62
7
370
25
100
AcDbLine
 10
203.3028600609869
 20
170.5310666683605
 30
0.0
 11
203.313298327157
 21
170.5468625399437
 31
0.0
  0
ARC
  5
33E
330
1F
100
AcDbEntity
  8
0
  6
Continuous
 62
7
370
25
100
AcDbCircle
 10
202.8642284419146
 20
169.9851456196325
 30
0.0
 40
0.7191589952127105
100
AcDbArc
 50
49.78860779060336
 51
51.35908255349107
  0
ARC
  5
33F
330
1F
100
AcDbEntity
  8
0
  6
Continuous
 62
7
370
25
100
AcDbCircle
 10
202.5754179062521
 20
170.3596352968629
 30
0.0
 40
0.7846252868366866
100
AcDbArc
 50
350.4394951960266
 51
0.9820967603689519
  0
ARC
  5
340
330
1F
100
AcDbEntity
  8
0
  6
Continuous
 62
7
370
25
100
AcDbCircle
 10
202.7434684910168
 20
169.6638344099095
 30
0.0
 40
0.8286227914151059
100
AcDbArc
 50
36.70729877601335
 51
43.03440906682545
  0
ARC
  5
341
330
1F
100
AcDbEntity
  8
0
  6
Continuous
 62
7
370
25
100
AcDbCircle
 10
203.6463672451717
 20
170.1003514394164
 30
0.0
 40
0.2457246139533311
100
AcDbArc
 50
120.9789090570946
 51
166.1616107002092
  0
ARC
  5
342
330
1F
100
AcDbEntity
  8
0
  6
Continuous
 62
7
370
25
100
AcDbCircle
 10
202.3193495077654
 20
169.5281011796228
 30
0.0
 40
1.433269260103578
100
AcDbArc
 50
30.95047978164318
 51
33.11015448394309
  0
ARC
  5
343
330
1F
100
AcDbEntity
  8
0
  6
Continuous
 62
7
370
25
100
AcDbCircle
 10
202.9203471683808
 20
170.2479138932677
 30
0.0
 40
0.6284299728350518
100
AcDbArc
 50
337.6652097107132
 51
1.578714865369449
  0
ARC
  5
344
330
1F
100
AcDbEntity
  8
0
  6
Continuous
 62
7
370
25
100
AcDbCircle
 10
202.2291025275765
 20
169.3409322591735
 30
0.0
 40
1.437281412434232
100
AcDbArc
 50
23.32062490177355
 51
27.70261930689742
  0
ARC
  5
345
330
1F
100
AcDbEntity
  8
0
  6
Continuous
 62
7
370
25
100
AcDbCircle
 10
203.6655591157491
 20
169.8349825509537
 30
0.0
 40
0.1385992508248175
100
AcDbArc
 50
80.41271174432255
 51
147.2714274771016
  0
ARC
  5
346
330
1F
100
AcDbEntity
  8
0
  6
Continuous
 62
7
370
25
100
AcDbCircle
 10
201.634686306314
 20
169.1966568137524
 30
0.0
 40
2.195300794192442
100
AcDbArc
 50
19.04695079098576
 51
20.67225748377324
  0
ARC
  5
347
330
1F
100
AcDbEntity
  8
0
  6
Continuous
 62
7
370
25
100
AcDbCircle
 10
203.3539662825142
 20
169.9610990729827
 30
0.0
 40
0.3590571074373865
100
AcDbArc
 50
317.3990455273204
 51
352.3140319151424
  0
ARC
  5
348
330
1F
100
AcDbEntity
  8
0
  6
Continuous
 62
7
370
25
100
AcDbCircle
 10
201.7599870194534
 20
169.1661900872001
 30
0.0
 40
1.938491106851597
100
AcDbArc
 50
12.95083812168411
 51
16.54027063640384
  0
ARC
  5
349
330
1F
100
AcDbEntity
  8
0
  6
Continuous
 62
7
370
25
100
AcDbCircle
 10
203.6972806853218
 20
169.4620905153614
 30
0.0
 40
0.1466606727067518
100
AcDbArc
 50
44.83828158819931
 51
109.1506521048768
  0
ARC
  5
34A
330
1F
100
AcDbEntity
  8
0
  6
Continuous
 62
7
370
25
100
AcDbCircle
 10
201.2350739985545
 20
169.0832369706741
 30
0.0
 40
2.611126448286234
100
AcDbArc
 50
9.195617656788556
 51
10.64342176240119
  0
ARC
  5
34B
330
1F
100
AcDbEntity
  8
0
  6
Continuous
 62
7
370
25
100
AcDbCircle
 10
203.6424045368559
 20
169.5640267457173
 30
0.0
 40
0.18170227037372
100
AcDbArc
 50
284.0124326313168
 51
339.5392316573653
  0
ARC
  5
34C
330
1F
100
AcDbEntity
  8
0
  6
Continuous
 62
7
370
25
100
AcDbCircle
 10
201.6643229721791
 20
169.1427078013462
 30
0.0
 40
2.036868741705795
100
AcDbArc
 50
3.436214874092067
 51
6.909083546111196
  0
ARC
  5
34D
330
1F
100
AcDbEntity
  8
0
  6
Continuous
 62
7
370
25
100
AcDbCircle
 10
203.6049955298121
 20
169.0083180334429
 30
0.0
 40
0.2726565596199515
100
AcDbArc
 50
28.06738748134058
 51
70.16089477471664
  0
ARC
  5
34E
330
1F
100
AcDbEntity
  8
0
  6
Continuous
 62
7
370
25
100
AcDbCircle
 10
201.4207786964215
 20
169.091417556585
 30
0.0
 40
2.425228588744468
100
AcDbArc
 50
359.5467460700643
 51
1.067624489755172
  0
ARC
  5
34F
330
1F
100
AcDbEntity
  8
0
  6
Continuous
 62
7
370
25
100
AcDbCircle
 10
203.7592787904672
 20
169.1677410715903
 30
0.0
 40
0.1289596672895923
100
AcDbArc
 50
241.9619614782528
 51
312.2166424005973
  0
ARC
  5
350
330
1F
100
AcDbEntity
  8
0
  6
Continuous
 62
7
370
25
100
AcDbCircle
 10
202.0299807333992
 20
169.1387290958387
 30
0.0
 40
1.670833530781681
100
AcDbArc
 50
353.1270471368331
 51
357.0903841762024
  0
ARC
  5
351
330
1F
100
AcDbEntity
  8
0
  6
Continuous
 62
7
370
25
100
AcDbCircle
 10
203.3262689478453
 20
168.5718962310337
 30
0.0
 40
0.515791140866849
100
AcDbArc
 50
18.01745607105758
 51
45.34157795352286
  0
ARC
  5
352
330
1F
100
AcDbEntity
  8
0
  6
Continuous
 62
7
370
25
100
AcDbCircle
 10
202.0883461968768
 20
169.0281520699777
 30
0.0
 40
1.753704582824079
100
AcDbArc
 50
348.3711400435563
 51
350.2589781047267
  0
ARC
  5
353
330
1F
100
AcDbEntity
  8
0
  6
Continuous
 62
7
370
25
100
AcDbCircle
 10
203.805941327138
 20
168.8620167200601
 30
0.0
 40
0.187361212133536
100
AcDbArc
 50
215.6609422574488
 51
270.0344443549445
  0
ARC
  5
354
330
1F
100
AcDbEntity
  8
0
  6
Continuous
 62
7
370
25
100
AcDbCircle
 10
202.6247515223167
 20
169.0236099012227
 30
0.0
 40
1.064005786726213
100
AcDbArc
 50
339.899007295477
 51
345.254205354757
  0
ARC
  5
355
330
1F
100
AcDbEntity
  8
0
  6
Continuous
 62
7
370
25
100
AcDbCircle
 10
203.0072947682729
 20
168.2960174216558
 30
0.0
 40
0.7150142737350343
100
AcDbArc
 50
16.35463669870549
 51
30.40909583147454
  0
LWPOLYLINE
  5
356
330
1F
100
AcDbEntity
  8
0
  6
Continuous
 62
7
370
25
100
AcDbPolyline
 90
3
 70
128
 10
203.5758337399272
 20
168.4807999142724
 10
203.5716037099434
 20
168.4881918106803
 10
203.5706516773501
 20
168.4898914459793
  0
ARC
  5
357
330
1F
100
AcDbEntity
  8
0
  6
Continuous
 62
7
370
25
100
AcDbCircle
 10
204.071157390387
 20
169.6244037999051
 30
0.0
 40
0.1817022703742846
100
AcDbArc
 50
284.0124326314104
 51
339.5392316572748
  0
LINE
  5
358
330
1F
100
AcDbEntity
  8
0
  6
Continuous
 62
7
370
25
100
AcDbLine
 10
203.6864005499744
 20
169.3877313518789
 30
0.0
 11
204.1151534035059
 21
169.4481084060662
 31
0.0
  0
LINE
  5
359
330
1F
100
AcDbEntity
  8
0
  6
Continuous
 62
7
370
25
100
AcDbLine
 10
204.241396385084
 20
169.5608868750447
 30
0.0
 11
203.8126435315525
 21
169.5005098208574
 31
0.0
  0
LINE
  5
35A
330
1F
100
AcDbEntity
  8
0
  6
Continuous
 62
7
370
25
100
AcDbLine
 10
203.8012777366684
 20
169.5655021502484
 30
0.0
 11
204.2300305901999
 21
169.6258792044357
 31
0.0
  0
ARC
  5
35B
330
1F
100
AcDbEntity
  8
0
  6
Continuous
 62
7
370
25
100
AcDbCircle
 10
201.663826851681
 20
169.1436140247905
 30
0.0
 40
2.611126448697362
100
AcDbArc
 50
9.19561765690314
 51
10.6434217622878
  0
ARC
  5
35C
330
1F
100
AcDbEntity
  8
0
  6
Continuous
 62
7
370
25
100
AcDbCircle
 10
204.1200281925518
 20
169.5092444385856
 30
0.0
 40
0.1603252821399043
100
AcDbArc
 50
46.67624001799747
 51
94.53279096573554
  0
ARC
  5
35D
330
1F
100
AcDbEntity
  8
0
  6
Continuous
 62
7
370
25
100
AcDbCircle
 10
201.8495315501318
 20
169.1517946107711
 30
0.0
 40
2.425228588565663
100
AcDbArc
 50
359.5467460700577
 51
1.067624489860757
  0
LINE
  5
35E
330
1F
100
AcDbEntity
  8
0
  6
Continuous
 62
7
370
25
100
AcDbLine
 10
204.274684253283
 20
169.1326093770074
 30
0.0
 11
203.8459313997516
 21
169.0722323228201
 31
0.0
  0
LINE
  5
35F
330
1F
100
AcDbEntity
  8
0
  6
Continuous
 62
7
370
25
100
AcDbLine
 10
203.8455862659606
 20
169.136605590062
 30
0.0
 11
204.274339119492
 21
169.1969826442492
 31
0.0
  0
LINE
  5
360
330
1F
100
AcDbEntity
  8
0
  6
Continuous
 62
7
370
25
100
AcDbLine
 10
203.6975297147818
 20
169.2647922506963
 30
0.0
 11
204.1262825683132
 21
169.3251693048836
 31
0.0
  0
ARC
  5
361
330
1F
100
AcDbEntity
  8
0
  6
Continuous
 62
7
370
25
100
AcDbCircle
 10
204.0337483833439
 20
169.0686950876306
 30
0.0
 40
0.2726565596193865
100
AcDbArc
 50
28.06738748129561
 51
70.16089477474958
  0
ARC
  5
362
330
1F
100
AcDbEntity
  8
0
  6
Continuous
 62
7
370
25
100
AcDbCircle
 10
204.1855562429157
 20
169.2322382357474
 30
0.0
 40
0.1336776410843105
100
AcDbArc
 50
278.8713319630159
 51
311.8158257544549
  0
ARC
  5
363
330
1F
100
AcDbEntity
  8
0
  6
Continuous
 62
7
370
25
100
AcDbCircle
 10
203.7827191360473
 20
170.0214761271692
 30
0.0
 40
0.3590571074356097
100
AcDbArc
 50
317.3990455272453
 51
352.3140319152363
  0
LINE
  5
364
330
1F
100
AcDbEntity
  8
0
  6
Continuous
 62
7
370
25
100
AcDbLine
 10
203.6182631246914
 20
169.7180575423415
 30
0.0
 11
204.0470159782228
 21
169.7784345965288
 31
0.0
  0
LINE
  5
365
330
1F
100
AcDbEntity
  8
0
  6
Continuous
 62
7
370
25
100
AcDbLine
 10
204.1385504685523
 20
169.9734545777596
 30
0.0
 11
203.7097976150209
 21
169.9130775235723
 31
0.0
  0
ARC
  5
366
330
1F
100
AcDbEntity
  8
0
  6
Continuous
 62
7
370
25
100
AcDbCircle
 10
202.0634391601803
 20
169.2570338680613
 30
0.0
 40
2.195300793836187
100
AcDbArc
 50
19.04695079083946
 51
20.67225748388977
  0
LINE
  5
367
330
1F
100
AcDbEntity
  8
0
  6
Continuous
 62
7
370
25
100
AcDbLine
 10
203.6886428192782
 20
169.9716459877631
 30
0.0
 11
204.1173956728097
 21
170.0320230419504
 31
0.0
  0
ARC
  5
368
330
1F
100
AcDbEntity
  8
0
  6
Continuous
 62
7
370
25
100
AcDbCircle
 10
204.0918891380164
 20
169.9117866322043
 30
0.0
 40
0.1229120724167904
100
AcDbArc
 50
78.02302767562544
 51
97.90530471038147
  0
ARC
  5
369
330
1F
100
AcDbEntity
  8
0
  6
Continuous
 62
7
370
25
100
AcDbCircle
 10
202.5170990507509
 20
169.0885291240995
 30
0.0
 40
1.753704582475171
100
AcDbArc
 50
348.3711400433956
 51
350.2589781049417
  0
LINE
  5
36A
330
1F
100
AcDbEntity
  8
0
  6
Continuous
 62
7
370
25
100
AcDbLine
 10
204.2348068161159
 20
168.7350325959702
 30
0.0
 11
203.8060539625845
 21
168.674655541783
 31
0.0
  0
LINE
  5
36B
330
1F
100
AcDbEntity
  8
0
  6
Continuous
 62
7
370
25
100
AcDbLine
 10
203.8167668904879
 20
168.7314339045157
 30
0.0
 11
204.2455197440193
 21
168.791810958703
 31
0.0
  0
LINE
  5
36C
330
1F
100
AcDbEntity
  8
0
  6
Continuous
 62
7
370
25
100
AcDbLine
 10
203.6888075596932
 20
168.9387834833552
 30
0.0
 11
204.1175604132246
 21
168.9991605375425
 31
0.0
  0
ARC
  5
36D
330
1F
100
AcDbEntity
  8
0
  6
Continuous
 62
7
370
25
100
AcDbCircle
 10
203.7550218013783
 20
168.632273285222
 30
0.0
 40
0.5157911408649625
100
AcDbArc
 50
18.01745607100613
 51
45.34157795357322
  0
ARC
  5
36E
330
1F
100
AcDbEntity
  8
0
  6
Continuous
 62
7
370
25
100
AcDbCircle
 10
202.0930758257079
 20
169.2030848555332
 30
0.0
 40
2.036868741708505
100
AcDbArc
 50
3.436214874093947
 51
6.909083546109202
  0
LINE
  5
36F
330
1F
100
AcDbEntity
  8
0
  6
Continuous
 62
7
370
25
100
AcDbLine
 10
203.5016317842824
 20
170.0090992662584
 30
0.0
 11
203.9303846378138
 21
170.0694763204457
 31
0.0
  0
LINE
  5
370
330
1F
100
AcDbEntity
  8
0
  6
Continuous
 62
7
370
25
100
AcDbLine
 10
203.9772914545634
 20
170.3256043729156
 30
0.0
 11
203.5485386010319
 21
170.2652273187283
 31
0.0
  0
ARC
  5
371
330
1F
100
AcDbEntity
  8
0
  6
Continuous
 62
7
370
25
100
AcDbCircle
 10
203.3491000219171
 20
170.3082909474541
 30
0.0
 40
0.6284299728301911
100
AcDbArc
 50
337.6652097106182
 51
1.578714865467208
  0
ARC
  5
372
330
1F
100
AcDbEntity
  8
0
  6
Continuous
 62
7
370
25
100
AcDbCircle
 10
202.1887398730534
 20
169.2265671414067
 30
0.0
 40
1.93849110678044
100
AcDbArc
 50
12.95083812158352
 51
16.54027063643316
  0
LINE
  5
373
330
1F
100
AcDbEntity
  8
0
  6
Continuous
 62
7
370
25
100
AcDbLine
 10
203.5198872548001
 20
170.3110251158406
 30
0.0
 11
203.9486401083315
 21
170.3714021700279
 31
0.0
  0
ARC
  5
374
330
1F
100
AcDbEntity
  8
0
  6
Continuous
 62
7
370
25
100
AcDbCircle
 10
202.7481023611964
 20
169.5884782337467
 30
0.0
 40
1.433269260222403
100
AcDbArc
 50
30.95047978175029
 51
33.11015448386921
  0
ARC
  5
375
330
1F
100
AcDbEntity
  8
0
  6
Continuous
 62
7
370
25
100
AcDbCircle
 10
202.4808410100279
 20
169.1969065773764
 30
0.0
 40
1.64862181869302
100
AcDbArc
 50
353.1109982488049
 51
356.2422315419183
  0
ARC
  5
376
330
1F
100
AcDbEntity
  8
0
  6
Continuous
 62
7
370
25
100
AcDbCircle
 10
202.6990174059436
 20
169.4219200302379
 30
0.0
 40
1.391256413717957
100
AcDbArc
 50
25.31740303100681
 51
27.73916268998887
  0
LINE
  5
377
330
1F
100
AcDbEntity
  8
0
  6
Continuous
 62
7
370
25
100
AcDbLine
 10
203.6239469053364
 20
168.6579366854425
 30
0.0
 11
203.7643573363315
 21
168.6777093076672
 31
0.0
  0
ARC
  5
378
330
1F
100
AcDbEntity
  8
0
  6
Continuous
 62
7
370
25
100
AcDbCircle
 10
203.4293057002177
 20
168.354008197219
 30
0.0
 40
0.722155437150123
100
AcDbArc
 50
16.38568404643991
 51
29.54198852331861
  0
LINE
  5
379
330
1F
100
AcDbEntity
  8
0
  6
Continuous
 62
7
370
25
100
AcDbLine
 10
203.3491453442019
 20
170.2293176368653
 30
0.0
 11
203.447084417246
 21
170.2431094348009
 31
0.0
  0
LINE
  5
37A
330
1F
100
AcDbEntity
  8
0
  6
Continuous
 62
7
370
25
100
AcDbLine
 10
203.7750942594743
 20
170.5791753660404
 30
0.0
 11
203.3710135741553
 21
170.522272651032
 31
0.0
  0
ARC
  5
37B
330
1F
100
AcDbEntity
  8
0
  6
Continuous
 62
7
370
25
100
AcDbCircle
 10
202.8877345146119
 20
170.4232867285476
 30
0.0
 40
0.9009487133580586
100
AcDbArc
 50
355.2345345777885
 51
9.963874012908425
  0
LINE
  5
37C
330
1F
100
AcDbEntity
  8
0
  6
Continuous
 62
7
370
25
100
AcDbLine
 10
203.313298327157
 20
170.5468625399437
 30
0.0
 11
203.7420511806884
 21
170.6072395941309
 31
0.0
  0
ARC
  5
37D
330
1F
100
AcDbEntity
  8
0
  6
Continuous
 62
7
370
25
100
AcDbCircle
 10
203.2792026654421
 20
170.0287927941752
 30
0.0
 40
0.7408302426634779
100
AcDbArc
 50
47.98132641686687
 51
51.33469149464993
  0
LINE
  5
37E
330
1F
100
AcDbEntity
  8
0
  6
Continuous
 62
7
370
25
100
AcDbLine
 10
203.5538700867855
 20
170.7066892054696
 30
0.0
 11
203.2046901360518
 21
170.6575176218104
 31
0.0
  0
ARC
  5
37F
330
1F
100
AcDbEntity
  8
0
  6
Continuous
 62
7
370
25
100
AcDbCircle
 10
202.7226949567297
 20
170.4112920035257
 30
0.0
 40
0.8821063449150951
100
AcDbArc
 50
11.38805204041292
 51
19.56506375682048
  0
LINE
  5
380
330
1F
100
AcDbEntity
  8
0
  6
Continuous
 62
7
370
25
100
AcDbLine
 10
203.2050511509892
 20
170.6696252622922
 30
0.0
 11
203.5200160057485
 21
170.7139786699634
 31
0.0
  0
ARC
  5
381
330
1F
100
AcDbEntity
  8
0
  6
Continuous
 62
7
370
25
100
AcDbCircle
 10
203.4575114393317
 20
170.3414338545412
 30
0.0
 40
0.3777518501886025
100
AcDbArc
 50
75.22140688894385
 51
80.47577374447795
  0
LINE
  5
382
330
1F
100
AcDbEntity
  8
0
  6
Continuous
 62
7
370
25
100
AcDbLine
 10
203.3375920082548
 20
170.69432778812
 30
0.0
 11
203.2051086451032
 21
170.6756714570192
 31
0.0
  0
LWPOLYLINE
  5
383
330
1F
100
AcDbEntity
  8
0
  6
Continuous
 62
7
370
25
100
AcDbPolyline
 90
9
 70
128
 10
201.4602976016939
 20
166.006523633263
 10
201.5104639776124
 20
165.9965782194081
 10
201.5586669033277
 20
166.0057067507818
 10
201.6030539674371
 20
166.0335584230426
 10
201.6419193999595
 20
166.0790629120451
 10
201.6737696241189
 20
166.140471505796
 10
201.6973806536628
 20
166.2154243064759
 10
201.711845129967
 20
166.3010409199886
 10
201.7166071913189
 20
166.3940311478911
  0
LINE
  5
384
330
1F
100
AcDbEntity
  8
0
  6
Continuous
 62
7
370
25
100
AcDbLine
 10
201.2643681880168
 20
166.081840828109
 30
0.0
 11
201.4602976016939
 21
166.006523633263
 31
0.0
  0
LINE
  5
385
330
1F
100
AcDbEntity
  8
0
  6
Continuous
 62
7
370
25
100
AcDbLine
 10
201.4510379010621
 20
170.870437586682
 30
0.0
 11
201.255108487385
 21
170.9457547815281
 31
0.0
  0
ARC
  5
386
330
1F
100
AcDbEntity
  8
0
  6
Continuous
 62
7
370
25
100
AcDbCircle
 10
201.0624919686995
 20
170.3494778146666
 30
0.0
 40
0.6498977039611282
100
AcDbArc
 50
354.3205700218307
 51
53.28342525525744
  0
LINE
  5
387
330
1F
100
AcDbEntity
  8
0
  6
Continuous
 62
7
370
25
100
AcDbLine
 10
201.7166071913189
 20
166.3940311478911
 30
0.0
 11
201.7091994308135
 21
170.2851623106264
 31
0.0
  0
LINE
  5
388
330
1F
100
AcDbEntity
  8
0
  6
Continuous
 62
7
370
25
100
AcDbLine
 10
201.4510379010621
 20
170.870437586682
 30
0.0
 11
201.8797907545935
 21
170.9308146408693
 31
0.0
  0
ARC
  5
389
330
1F
100
AcDbEntity
  8
0
  6
Continuous
 62
7
370
25
100
AcDbCircle
 10
201.4912448222308
 20
170.4098548688538
 30
0.0
 40
0.6498977039612305
100
AcDbArc
 50
354.3205700218392
 51
53.28342525525793
  0
LINE
  5
38A
330
1F
100
AcDbEntity
  8
0
  6
Continuous
 62
7
370
25
100
AcDbLine
 10
202.1379522843449
 20
170.3455393648138
 30
0.0
 11
201.7091994308135
 21
170.2851623106264
 31
0.0
  0
LINE
  5
38B
330
1F
100
AcDbEntity
  8
0
  6
Continuous
 62
7
370
25
100
AcDbLine
 10
201.7166071913189
 20
166.3940311478911
 30
0.0
 11
202.1453600448503
 21
166.4544082020784
 31
0.0
  0
LINE
  5
38C
330
1F
100
AcDbEntity
  8
0
  6
Continuous
 62
7
370
25
100
AcDbLine
 10
202.1453600448503
 20
166.4544082020784
 30
0.0
 11
202.1379522843449
 21
170.3455393648138
 31
0.0
  0
LINE
  5
38D
330
1F
100
AcDbEntity
  8
0
  6
Continuous
 62
7
370
25
100
AcDbLine
 10
201.8797907545935
 20
170.9308146408693
 30
0.0
 11
201.2546794594499
 21
171.171113574721
 31
0.0
  0
LWPOLYLINE
  5
38E
330
1F
100
AcDbEntity
  8
0
  6
Continuous
 62
7
370
25
100
AcDbPolyline
 90
10
 70
128
 10
202.6773475901565
 20
166.8394752008398
 10
202.7217072319091
 20
166.8513352156091
 10
202.8465859768568
 20
166.9613694575041
 10
202.9297778574118
 20
167.1659115491503
 10
202.958617663896
 20
167.4338218112732
 10
202.9287147972056
 20
167.7243133350772
 10
202.8446216977242
 20
167.9931614193754
 10
202.7191407775418
 20
168.1994363804472
 10
202.5713753692689
 20
168.3117347253567
 10
202.4681810585708
 20
168.3248200638479
  0
LINE
  5
38F
330
1F
100
AcDbEntity
  8
0
  6
Continuous
 62
7
370
25
100
AcDbLine
 10
201.6654950899811
 20
171.5761766799064
 30
0.0
 11
201.2536068896123
 21
171.7345105577032
 31
0.0
  0
ARC
  5
390
330
1F
100
AcDbEntity
  8
0
  6
Continuous
 62
7
370
25
100
AcDbCircle
 10
201.3632468838324
 20
171.1156605988625
 30
0.0
 40
0.550843933451343
100
AcDbArc
 50
0.9453245750405583
 51
56.72210942406518
  0
LINE
  5
391
330
1F
100
AcDbEntity
  8
0
  6
Continuous
 62
7
370
25
100
AcDbLine
 10
202.9563027387381
 20
168.649800299628
 30
0.0
 11
202.2874205556977
 21
168.9069251935559
 31
0.0
  0
ARC
  5
392
330
1F
100
AcDbEntity
  8
0
  6
Continuous
 62
7
370
25
100
AcDbCircle
 10
202.5677568063752
 20
168.1288405276125
 30
0.0
 40
0.6498977039613267
100
AcDbArc
 50
354.3205700218302
 51
53.28342525524238
  0
LINE
  5
393
330
1F
100
AcDbEntity
  8
0
  6
Continuous
 62
7
370
25
100
AcDbLine
 10
203.2172421786789
 20
166.6053508375467
 30
0.0
 11
203.2144642684894
 21
168.0645250235723
 31
0.0
  0
LWPOLYLINE
  5
394
330
1F
100
AcDbEntity
  8
0
  6
Continuous
 62
7
370
25
100
AcDbPolyline
 90
9
 70
128
 10
202.9609325890539
 20
166.2178433229185
 10
203.0110989649724
 20
166.2078979090637
 10
203.0593018906877
 20
166.2170264404373
 10
203.1036889547971
 20
166.2448781126981
 10
203.1425543873194
 20
166.2903826017006
 10
203.1744046114789
 20
166.3517911954516
 10
203.1980156410228
 20
166.4267439961314
 10
203.212480117327
 20
166.5123606096441
 10
203.2172421786789
 20
166.6053508375467
  0
LINE
  5
395
330
1F
100
AcDbEntity
  8
0
  6
Continuous
 62
7
370
25
100
AcDbLine
 10
202.1452134450759
 20
166.5314137897188
 30
0.0
 11
202.9609325890539
 21
166.2178433229185
 31
0.0
  0
LWPOLYLINE
  5
396
330
1F
100
AcDbEntity
  8
0
  6
Continuous
 62
7
370
25
100
AcDbPolyline
 90
8
 70
128
 10
202.1453600448503
 20
166.4544082020784
 10
202.1405979834984
 20
166.3614179741759
 10
202.1261335071942
 20
166.2758013606632
 10
202.1025224776503
 20
166.2008485599833
 10
202.0706722534908
 20
166.1394399662324
 10
202.0318068209685
 20
166.0939354772299
 10
201.9874197568591
 20
166.0660838049691
 10
201.9578466623574
 20
166.0581771284561
  0
LINE
  5
397
330
1F
100
AcDbEntity
  8
0
  6
Continuous
 62
7
370
25
100
AcDbLine
 10
202.9563027387381
 20
168.649800299628
 30
0.0
 11
203.3850555922695
 21
168.7101773538153
 31
0.0
  0
LINE
  5
398
330
1F
100
AcDbEntity
  8
0
  6
Continuous
 62
7
370
25
100
AcDbLine
 10
203.6432171220209
 20
168.1249020777596
 30
0.0
 11
203.2144642684894
 21
168.0645250235723
 31
0.0
  0
ARC
  5
399
330
1F
100
AcDbEntity
  8
0
  6
Continuous
 62
7
370
25
100
AcDbCircle
 10
202.9965096599066
 20
168.1892175817998
 30
0.0
 40
0.6498977039613723
100
AcDbArc
 50
354.3205700218279
 51
53.28342525524536
  0
LINE
  5
39A
330
1F
100
AcDbEntity
  8
0
  6
Continuous
 62
7
370
25
100
AcDbLine
 10
203.2172421786789
 20
166.6053508375467
 30
0.0
 11
203.6459950322103
 21
166.6657278917339
 31
0.0
  0
LINE
  5
39B
330
1F
100
AcDbEntity
  8
0
  6
Continuous
 62
7
370
25
100
AcDbLine
 10
203.6459950322103
 20
166.6657278917339
 30
0.0
 11
203.6432171220209
 21
168.1249020777596
 31
0.0
  0
LINE
  5
39C
330
1F
100
AcDbEntity
  8
0
  6
Continuous
 62
7
370
25
100
AcDbLine
 10
203.3850555922695
 20
168.7101773538153
 30
0.0
 11
202.6133489132049
 21
169.0068289959566
 31
0.0
  0
LWPOLYLINE
  5
39D
330
1F
100
AcDbEntity
  8
0
  6
Continuous
 62
7
370
25
100
AcDbPolyline
 90
8
 70
128
 10
203.6459950322103
 20
166.6657278917339
 10
203.6412329708584
 20
166.5727376638314
 10
203.6267684945542
 20
166.4871210503187
 10
203.6031574650103
 20
166.4121682496388
 10
203.5713072408509
 20
166.3507596558879
 10
203.5324418083285
 20
166.3052551668855
 10
203.488054744219
 20
166.2774034946246
 10
203.4584816497174
 20
166.2694968181116
  0
LINE
  5
39E
330
1F
100
AcDbEntity
  8
0
  6
Continuous
 62
7
370
25
100
AcDbLine
 10
205.5679751125964
 20
170.828555798312
 30
0.0
 11
205.1392222590649
 21
170.7681787441248
 31
0.0
  0
ARC
  5
39F
330
1F
100
AcDbEntity
  8
0
  6
Continuous
 62
7
370
25
100
AcDbCircle
 10
204.4925147969508
 20
170.8324942481649
 30
0.0
 40
0.649897703961147
100
AcDbArc
 50
354.3205700218312
 51
53.28342525525194
  0
LINE
  5
3A0
330
1F
100
AcDbEntity
  8
0
  6
Continuous
 62
7
370
25
100
AcDbLine
 10
204.8810607293135
 20
171.3534540201804
 30
0.0
 11
205.309813582845
 21
171.4138310743676
 31
0.0
  0
ARC
  5
3A1
330
1F
100
AcDbEntity
  8
0
  6
Continuous
 62
7
370
25
100
AcDbCircle
 10
204.9212676504819
 20
170.892871302352
 30
0.0
 40
0.64989770396148
100
AcDbArc
 50
354.3205700218466
 51
53.28342525523682
  0
LWPOLYLINE
  5
3A2
330
1F
100
AcDbEntity
  8
0
  6
Continuous
 62
7
370
25
100
AcDbPolyline
 90
10
 70
128
 10
204.6067354310479
 20
167.1111719446826
 10
204.6510950728005
 20
167.1230319594519
 10
204.7759738177481
 20
167.2330662013469
 10
204.8591656983032
 20
167.4376082929931
 10
204.8880055047874
 20
167.705518555116
 10
204.858102638097
 20
167.99601007892
 10
204.7740095386156
 20
168.2648581632181
 10
204.6485286184332
 20
168.47113312429
 10
204.5007632101603
 20
168.5834314691995
 10
204.3975688994622
 20
168.5965168076907
  0
LWPOLYLINE
  5
3A3
330
1F
100
AcDbEntity
  8
0
  6
Continuous
 62
7
370
25
100
AcDbPolyline
 90
7
 70
128
 10
203.0827102316672
 20
170.8198090240655
 10
203.0827267366541
 20
170.829662696822
 10
203.0528238699637
 20
171.120154220626
 10
202.9687307704822
 20
171.3890023049242
 10
202.8432498502999
 20
171.595277265996
 10
202.695484442027
 20
171.7075756109056
 10
202.5922901313289
 20
171.7206609493967
  0
LWPOLYLINE
  5
3A4
330
1F
100
AcDbEntity
  8
0
  6
Continuous
 62
7
370
25
100
AcDbPolyline
 90
3
 70
128
 10
202.0602848243659
 20
172.0729081965308
 10
202.0571576041584
 20
172.0477755405924
 10
202.0523955428065
 20
171.9547853126899
  0
LINE
  5
3A5
330
1F
100
AcDbEntity
  8
0
  6
Continuous
 62
7
370
25
100
AcDbLine
 10
202.7549896714556
 20
172.1707366584324
 30
0.0
 11
204.8810607293135
 21
171.3534540201804
 31
0.0
  0
LINE
  5
3A6
330
1F
100
AcDbEntity
  8
0
  6
Continuous
 62
7
370
25
100
AcDbLine
 10
205.1392222590649
 20
170.7681787441248
 30
0.0
 11
205.1466300195703
 21
166.8770475813895
 31
0.0
  0
LWPOLYLINE
  5
3A7
330
1F
100
AcDbEntity
  8
0
  6
Continuous
 62
7
370
25
100
AcDbPolyline
 90
9
 70
128
 10
204.8903204299453
 20
166.4895400667614
 10
204.9404868058638
 20
166.4795946529065
 10
204.9886897315791
 20
166.4887231842801
 10
205.0330767956885
 20
166.516574856541
 10
205.0719422282108
 20
166.5620793455434
 10
205.1037924523703
 20
166.6234879392944
 10
205.1274034819142
 20
166.6984407399742
 10
205.1418679582184
 20
166.7840573534869
 10
205.1466300195703
 20
166.8770475813895
  0
LINE
  5
3A8
330
1F
100
AcDbEntity
  8
0
  6
Continuous
 62
7
370
25
100
AcDbLine
 10
204.8903204299453
 20
166.4895400667614
 30
0.0
 11
203.6454194045009
 21
166.9680922725671
 31
0.0
  0
LINE
  5
3A9
330
1F
100
AcDbEntity
  8
0
  6
Continuous
 62
7
370
25
100
AcDbLine
 10
202.052971170516
 20
171.6524209318567
 30
0.0
 11
202.0523955428065
 21
171.9547853126899
 31
0.0
  0
LWPOLYLINE
  5
3AA
330
1F
100
AcDbEntity
  8
0
  6
Continuous
 62
7
370
25
100
AcDbPolyline
 90
17
 70
128
 10
204.5963005749802
 20
169.0327414092738
 10
204.6083171610153
 20
169.1443706851583
 10
204.6429804445799
 20
169.2295965566775
 10
204.6950132549747
 20
169.2754441574671
 10
204.7564940684959
 20
169.2749336059164
 10
204.8180629886096
 20
169.2281426288707
 10
204.8703467053522
 20
169.1421947284241
 10
204.9053854968029
 20
169.0301746932999
 10
204.9178450245905
 20
168.9091365583816
 10
204.9058284385554
 20
168.797507282497
 10
204.8711651549908
 20
168.7122814109778
 10
204.8191323445959
 20
168.6664338101882
 10
204.7576515310748
 20
168.666944361739
 10
204.6960826109611
 20
168.7137353387847
 10
204.6437988942185
 20
168.7996832392313
 10
204.6087601027679
 20
168.9117032743555
 10
204.5963005749802
 20
169.0327414092738
  0
LINE
  5
3AB
330
1F
100
AcDbEntity
  8
0
  6
Continuous
 62
7
370
25
100
AcDbLine
 10
205.5679751125964
 20
170.828555798312
 30
0.0
 11
205.5753828731017
 21
166.9374246355767
 31
0.0
  0
LINE
  5
3AC
330
1F
100
AcDbEntity
  8
0
  6
Continuous
 62
7
370
25
100
AcDbLine
 10
205.1466300195703
 20
166.8770475813895
 30
0.0
 11
205.5753828731017
 21
166.9374246355767
 31
0.0
  0
LINE
  5
3AD
330
1F
100
AcDbEntity
  8
0
  6
Continuous
 62
7
370
25
100
AcDbLine
 10
203.1837425249871
 20
172.2311137126197
 30
0.0
 11
205.309813582845
 21
171.4138310743676
 31
0.0
  0
LINE
  5
3AE
330
1F
100
AcDbEntity
  8
0
  6
Continuous
 62
7
370
25
100
AcDbLine
 10
201.6654950899811
 20
171.5761766799064
 30
0.0
 11
202.0942479435125
 21
171.6365537340937
 31
0.0
  0
ARC
  5
3AF
330
1F
100
AcDbEntity
  8
0
  6
Continuous
 62
7
370
25
100
AcDbCircle
 10
201.7057020111499
 20
171.1155939620782
 30
0.0
 40
0.64989770396113
100
AcDbArc
 50
354.320570021821
 51
53.28342525525946
  0
LINE
  5
3B0
330
1F
100
AcDbEntity
  8
0
  6
Continuous
 62
7
370
25
100
AcDbLine
 10
202.5648826532115
 20
169.0341587523217
 30
0.0
 11
202.6133489132049
 21
169.0068289959566
 31
0.0
  0
LWPOLYLINE
  5
3B1
330
1F
100
AcDbEntity
  8
0
  6
Continuous
 62
7
370
25
100
AcDbPolyline
 90
8
 70
128
 10
205.5753828731017
 20
166.9374246355767
 10
205.5706208117498
 20
166.8444344076742
 10
205.5561563354456
 20
166.7588177941615
 10
205.5325453059017
 20
166.6838649934817
 10
205.5006950817423
 20
166.6224563997307
 10
205.4618296492199
 20
166.5769519107283
 10
205.4174425851105
 20
166.5491002384674
 10
205.3878694906088
 20
166.5411935619544
  0
LINE
  5
3B2
330
1F
100
AcDbEntity
  8
0
  6
Continuous
 62
7
370
25
100
AcDbLine
 10
202.352455531269
 20
171.0270852165756
 30
0.0
 11
202.352409473264
 21
171.0512784580379
 31
0.0
  0
LINE
  5
3B3
330
1F
100
AcDbEntity
  8
0
  6
Continuous
 62
7
370
25
100
AcDbLine
 10
202.0942479435125
 20
171.6365537340937
 30
0.0
 11
201.2543546840957
 21
171.9594169687769
 31
0.0
  0
ARC
  5
3B4
330
1F
100
AcDbEntity
  8
0
  6
Continuous
 62
7
370
25
100
AcDbCircle
 10
195.1195244958681
 20
168.5021083418602
 30
0.0
 40
6.496071291404126
100
AcDbArc
 50
341.0568299982009
 51
19.16132399461131
  0
LINE
  5
3B5
330
1F
100
AcDbEntity
  8
0
  6
Continuous
 62
7
370
25
100
AcDbLine
 10
226.9124675182304
 20
137.8373238443445
 30
0.0
 11
226.9069116978513
 21
140.755672216396
 31
0.0
  0
LINE
  5
3B6
330
1F
100
AcDbEntity
  8
0
  6
Continuous
 62
7
370
25
100
AcDbLine
 10
226.9124675182304
 20
137.8373238443445
 30
0.0
 11
184.8359555771637
 21
154.0119491281704
 31
0.0
  0
LINE
  5
3B7
330
1F
100
AcDbEntity
  8
0
  6
Continuous
 62
7
370
25
100
AcDbLine
 10
226.9069116978513
 20
140.755672216396
 30
0.0
 11
201.0827205481925
 21
150.6827454416828
 31
0.0
  0
SPLINE
  5
3B8
330
1F
100
AcDbEntity
  8
0
  6
Continuous
 62
7
370
25
100
AcDbSpline
 70
9
 71
3
 72
27
 73
23
 74
0
 42
1e-08
 40
0.0
 40
0.0
 40
0.0
 40
0.0
 40
0.0452062449051147
 40
0.102388124266091
 40
0.1475943692039471
 40
0.1974488076574892
 40
0.2499999999999866
 40
0.3025511923424831
 40
0.3524056307960282
 40
0.3976118757338806
 40
0.4547937550948571
 40
0.4999999999999722
 40
0.5452062449051108
 40
0.6023881242660872
 40
0.6475943692039396
 40
0.6974488076574851
 40
0.7499999999999857
 40
0.802551192342486
 40
0.8524056307960288
 40
0.8976118757338853
 40
0.9547937550948618
 40
1.0
 40
1.0
 40
1.0
 40
1.0
 10
218.4963765355909
 20
161.1710570338417
 30
0.0
 10
218.5236011883439
 20
161.158284335016
 30
0.0
 10
218.5852626055889
 20
161.1293553081231
 30
0.0
 10
218.5977214233166
 20
161.0816250789117
 30
0.0
 10
218.5477029983522
 20
161.034666945376
 30
0.0
 10
218.4423519533428
 20
160.9940883114102
 30
0.0
 10
218.2795519714507
 20
160.9616612815621
 30
0.0
 10
218.0804954611876
 20
160.943131614901
 30
0.0
 10
217.8773286982114
 20
160.9402647154853
 30
0.0
 10
217.67456883892
 20
160.9516265654275
 30
0.0
 10
217.5018131924068
 20
160.9767837662893
 30
0.0
 10
217.3741284772313
 20
161.0130218597944
 30
0.0
 10
217.2953563035179
 20
161.0561478262124
 30
0.0
 10
217.2796814334496
 20
161.103425170353
 30
0.0
 10
217.3304525325902
 20
161.1504892956019
 30
0.0
 10
217.4355933650997
 20
161.1910383274056
 30
0.0
 10
217.5984695100709
 20
161.2234760825522
 30
0.0
 10
217.7974498572549
 20
161.2419950239149
 30
0.0
 10
218.0008268327308
 20
161.2448915254926
 30
0.0
 10
218.2028340178463
 20
161.2334236838373
 30
0.0
 10
218.3788057166998
 20
161.2087193680461
 30
0.0
 10
218.4603661155299
 20
161.1825925193301
 30
0.0
 10
218.4963765355909
 20
161.1710570338417
 30
0.0
  0
SPLINE
  5
3B9
330
1F
100
AcDbEntity
  8
0
  6
Continuous
 62
7
370
25
100
AcDbSpline
 70
9
 71
3
 72
27
 73
23
 74
0
 42
1e-08
 40
0.0
 40
0.0
 40
0.0
 40
0.0
 40
0.0452062449051263
 40
0.1023881242660923
 40
0.1475943692039466
 40
0.1974488076574886
 40
0.2499999999999859
 40
0.3025511923424839
 40
0.3524056307960218
 40
0.3976118757338822
 40
0.4547937550948479
 40
0.4999999999999746
 40
0.5452062449051117
 40
0.6023881242660865
 40
0.6475943692039469
 40
0.6974488076574908
 40
0.749999999999988
 40
0.8025511923424868
 40
0.8524056307960268
 40
0.8976118757338896
 40
0.9547937550948633
 40
1.0
 40
1.0
 40
1.0
 40
1.0
 10
247.6509648643128
 20
149.9637463570022
 30
0.0
 10
247.6781895170658
 20
149.9509736581765
 30
0.0
 10
247.7398509343107
 20
149.9220446312835
 30
0.0
 10
247.7523097520385
 20
149.8743144020722
 30
0.0
 10
247.7022913270742
 20
149.8273562685365
 30
0.0
 10
247.5969402820647
 20
149.7867776345706
 30
0.0
 10
247.4341403001727
 20
149.7543506047226
 30
0.0
 10
247.2350837899096
 20
149.7358209380614
 30
0.0
 10
247.0319170269333
 20
149.7329540386458
 30
0.0
 10
246.829157167642
 20
149.7443158885879
 30
0.0
 10
246.6564015211289
 20
149.7694730894499
 30
0.0
 10
246.5287168059533
 20
149.8057111829549
 30
0.0
 10
246.4499446322399
 20
149.848837149373
 30
0.0
 10
246.4342697621716
 20
149.8961144935135
 30
0.0
 10
246.485040861312
 20
149.9431786187623
 30
0.0
 10
246.5901816938217
 20
149.9837276505662
 30
0.0
 10
246.7530578387929
 20
150.0161654057127
 30
0.0
 10
246.9520381859769
 20
150.0346843470754
 30
0.0
 10
247.1554151614529
 20
150.0375808486531
 30
0.0
 10
247.3574223465681
 20
150.0261130069977
 30
0.0
 10
247.5333940454218
 20
150.0014086912066
 30
0.0
 10
247.6149544442519
 20
149.9752818424906
 30
0.0
 10
247.6509648643128
 20
149.9637463570022
 30
0.0
  0
LWPOLYLINE
  5
3BA
330
1F
100
AcDbEntity
  8
0
  6
Continuous
 62
7
370
25
100
AcDbPolyline
 90
17
 70
128
 10
217.6390848166285
 20
145.7370374633857
 10
217.7246286116823
 20
145.6818691651678
 10
217.7122932834951
 20
145.6231503233146
 10
217.6039567739636
 20
145.5698203492106
 10
217.4161123345907
 20
145.5299982479758
 10
217.1773575784572
 20
145.5097465735349
 10
216.9240407528669
 20
145.5121484597397
 10
216.6947270481933
 20
145.5368382411887
 10
216.5243273972391
 20
145.5800571224695
 10
216.4387836021853
 20
145.6352254206875
 10
216.4511189303724
 20
145.6939442625407
 10
216.559455439904
 20
145.7472742366447
 10
216.7472998792768
 20
145.7870963378795
 10
216.9860546354104
 20
145.8073480123204
 10
217.2393714610007
 20
145.8049461261155
 10
217.4686851656742
 20
145.7802563446666
 10
217.6390848166285
 20
145.7370374633857
  0
LWPOLYLINE
  5
3BB
330
1F
100
AcDbEntity
  8
0
  6
Continuous
 62
7
370
25
100
AcDbPolyline
 90
17
 70
128
 10
253.6184567593229
 20
146.5438143906569
 10
253.7040005543609
 20
146.4886460924491
 10
253.6916652261761
 20
146.4299272506067
 10
253.5833287166644
 20
146.3765972765126
 10
253.3954842773264
 20
146.3367751752851
 10
253.1567295212368
 20
146.316523500848
 10
252.9034126956933
 20
146.3189253870524
 10
252.674098991062
 20
146.3436151684967
 10
252.5036993401392
 20
146.3868340497697
 10
252.4181555451012
 20
146.4420023479775
 10
252.4304908732861
 20
146.5007211898198
 10
252.5388273827977
 20
146.554051163914
 10
252.7266718221358
 20
146.5938732651414
 10
252.9654265782253
 20
146.6141249395786
 10
253.2187434037689
 20
146.6117230533742
 10
253.4480571084001
 20
146.5870332719298
 10
253.6184567593229
 20
146.5438143906569
  0
LWPOLYLINE
  5
3BC
330
1F
100
AcDbEntity
  8
0
  6
Continuous
 62
7
370
25
100
AcDbPolyline
 90
17
 70
128
 10
227.8932855474375
 20
142.9211911394195
 10
227.9788293424755
 20
142.8660228412117
 10
227.9664940142906
 20
142.8073039993692
 10
227.858157504779
 20
142.7539740252751
 10
227.6703130654408
 20
142.7141519240477
 10
227.4315583093513
 20
142.6939002496105
 10
227.1782414838078
 20
142.6963021358149
 10
226.9489277791765
 20
142.7209919172593
 10
226.7785281282538
 20
142.7642107985322
 10
226.6929843332157
 20
142.81937909674
 10
226.7053196614006
 20
142.8780979385824
 10
226.8136561709122
 20
142.9314279126765
 10
227.0015006102503
 20
142.971250013904
 10
227.2402553663399
 20
142.9915016883411
 10
227.4935721918834
 20
142.9890998021367
 10
227.7228858965147
 20
142.9644100206924
 10
227.8932855474375
 20
142.9211911394195
  0
LWPOLYLINE
  5
3BD
330
1F
100
AcDbEntity
  8
0
  6
Continuous
 62
7
370
25
100
AcDbPolyline
 90
19
 70
128
 10
241.4847510043799
 20
144.835143757156
 10
241.6711193505779
 20
144.7227593742848
 10
241.6798671581582
 20
144.6020831151886
 10
241.5099393124228
 20
144.4876703177061
 10
241.1818316194352
 20
144.3933208537669
 10
240.7351187093236
 20
144.3304146611717
 10
240.2236807518278
 20
144.3065391551441
 10
239.7092047126421
 20
144.324574074076
 10
239.2537439949502
 20
144.3823441405771
 10
238.9122338831898
 20
144.472881432032
 10
238.7258655369917
 20
144.5852658149032
 10
238.7171177294114
 20
144.7059420739994
 10
238.8870455751468
 20
144.8203548714819
 10
239.2151532681344
 20
144.9147043354212
 10
239.6618661782461
 20
144.9776105280163
 10
240.1733041357419
 20
145.0014860340439
 10
240.6877801749275
 20
144.983451115112
 10
241.1432408926195
 20
144.9256810486109
 10
241.4847510043799
 20
144.835143757156
  0
LWPOLYLINE
  5
3BE
330
1F
100
AcDbEntity
  8
0
  6
Continuous
 62
7
370
25
100
AcDbPolyline
 90
17
 70
128
 10
205.21127683805
 20
155.6938681826746
 10
205.3099812170109
 20
155.6302124539276
 10
205.2957481460182
 20
155.5624599440608
 10
205.1707444811073
 20
155.5009253585234
 10
204.9540008971
 20
155.454976780151
 10
204.6785146398757
 20
155.431609463476
 10
204.3862259948079
 20
155.4343808706368
 10
204.1216332585049
 20
155.4628690800162
 10
203.9250182765296
 20
155.5127370199823
 10
203.8263138975688
 20
155.5763927487294
 10
203.8405469685615
 20
155.6441452585961
 10
203.9655506334724
 20
155.7056798441336
 10
204.1822942174797
 20
155.7516284225059
 10
204.4577804747039
 20
155.7749957391809
 10
204.7500691197718
 20
155.7722243320201
 10
205.0146618560748
 20
155.7437361226407
 10
205.21127683805
 20
155.6938681826746
  0
LWPOLYLINE
  5
3BF
330
1F
100
AcDbEntity
  8
0
  6
Continuous
 62
7
370
25
100
AcDbPolyline
 90
17
 70
128
 10
203.0675125702041
 20
155.3919829117116
 10
203.1662169491361
 20
155.3283271829832
 10
203.1519838781475
 20
155.2605746731363
 10
203.0269802132733
 20
155.199040087617
 10
202.8102366293295
 20
155.1530915092581
 10
202.5347503721862
 20
155.12972419259
 10
202.2424617272041
 20
155.13249559975
 10
201.9778689909788
 20
155.160983809121
 10
201.7812540090613
 20
155.2108517490724
 10
201.6825496301294
 20
155.2745074778008
 10
201.696782701118
 20
155.3422599876477
 10
201.8217863659921
 20
155.403794573167
 10
202.0385299499359
 20
155.4497431515259
 10
202.3140162070792
 20
155.473110468194
 10
202.6063048520613
 20
155.470339061034
 10
202.8708975882866
 20
155.4418508516631
 10
203.0675125702041
 20
155.3919829117116
  0
LINE
  5
3C0
330
1F
100
AcDbEntity
  8
0
  6
Continuous
 62
7
370
25
100
AcDbLine
 10
209.7600280427247
 20
165.3626126941329
 30
0.0
 11
224.4785202307447
 21
159.7046794458261
 31
0.0
  0
LINE
  5
3C1
330
1F
100
AcDbEntity
  8
0
  6
Continuous
 62
7
370
25
100
AcDbLine
 10
234.9744939975645
 20
155.6699238343115
 30
0.0
 11
254.1146579122347
 21
148.312256458641
 31
0.0
  0
LINE
  5
3C2
330
1F
100
AcDbEntity
  8
0
  6
Continuous
 62
7
370
25
100
AcDbLine
 10
256.6164933412109
 20
147.3505262980667
 30
0.0
 11
261.2071399803653
 21
145.5858365513791
 31
0.0
  0
LINE
  5
3C3
330
1F
100
AcDbEntity
  8
0
  6
Continuous
 62
7
370
25
100
AcDbLine
 10
261.2071399803653
 20
145.5858365513791
 30
0.0
 11
256.621082341197
 21
144.9400270872427
 31
0.0
  0
LINE
  5
3C4
330
1F
100
AcDbEntity
  8
0
  6
Continuous
 62
7
370
25
100
AcDbLine
 10
254.1217478502481
 20
144.5880703533125
 30
0.0
 11
226.9069116978513
 21
140.755672216396
 31
0.0
  0
LINE
  5
3C5
330
1F
100
AcDbEntity
  8
0
  6
Continuous
 62
7
370
25
100
AcDbLine
 10
201.2680140218253
 20
164.1667657476321
 30
0.0
 11
209.7600280427247
 21
165.3626126941329
 31
0.0
  0
LINE
  5
3C6
330
1F
100
AcDbEntity
  8
0
  6
Continuous
 62
7
370
25
100
AcDbLine
 10
261.2126958007443
 20
142.6674881793277
 30
0.0
 11
261.2071399803653
 21
145.5858365513791
 31
0.0
  0
LINE
  5
3C7
330
1F
100
AcDbEntity
  8
0
  6
Continuous
 62
7
370
25
100
AcDbLine
 10
261.2126958007443
 20
142.6674881793277
 30
0.0
 11
256.6266381615762
 21
142.0216787151913
 31
0.0
  0
LINE
  5
3C8
330
1F
100
AcDbEntity
  8
0
  6
Continuous
 62
7
370
25
100
AcDbLine
 10
254.1273036706272
 20
141.669721981261
 30
0.0
 11
226.9124675182304
 21
137.8373238443445
 31
0.0
  0
LINE
  5
3C9
330
1F
100
AcDbEntity
  8
0
  6
Continuous
 62
7
370
25
100
AcDbLine
 10
232.9994029731599
 20
188.755396105058
 30
0.0
 11
233.135201530058
 21
188.7455735925597
 31
0.0
  0
LWPOLYLINE
  5
3CA
330
1F
100
AcDbEntity
  8
0
  6
Continuous
 62
7
370
25
100
AcDbPolyline
 90
44
 70
128
 10
270.9576650914498
 20
143.3611727170755
 10
272.0174799656574
 20
144.7329783413023
 10
273.0145403349093
 20
146.253961151936
 10
273.9447490642792
 20
147.917871104358
 10
274.804283726569
 20
149.7178708356662
 10
275.5896123094821
 20
151.646563760866
 10
276.2975077294184
 20
153.6960244670243
 10
276.9250610922546
 20
155.8578312804916
 10
277.4696936466128
 20
158.1231008733653
 10
277.9291673805039
 20
160.4825247669895
 10
278.3015942177986
 20
162.9264075824903
 10
278.5854437767373
 20
165.4447068811677
 10
278.7795496585964
 20
168.02707443103
 10
278.8831142406719
 20
170.6628987298985
 10
278.8957119538817
 20
173.3413486103469
 10
278.81729103152
 20
176.0514177472905
 10
278.6481737219778
 20
178.7819698853377
 10
278.3890549645557
 20
181.5217846000516
 10
278.0409995338088
 20
184.2596034050812
 10
277.6054376641596
 20
186.984176015696
 10
277.0841591727581
 20
189.6843065786204
 10
276.4793061047396
 20
192.3488996781948
 10
275.7933639311011
 20
194.9670059298199
 10
275.0291513353681
 20
197.5278669733256
 10
274.1898086310196
 20
200.0209596813812
 10
273.2787848572662
 20
202.4360394012825
 10
272.2998236062085
 20
204.7631820524276
 10
271.2569476396132
 20
206.9928249064922
 10
270.1544423585235
 20
209.1158058827324
 10
268.996838193626
 20
211.1234011969385
 10
267.7888919887395
 20
213.0073612093367
 10
266.5355674539236
 20
214.759944324128
 10
265.2420147685291
 20
216.3739488013657
 10
263.9135494180065
 20
217.84274235045
 10
262.555630351436
 20
219.1602893836324
 10
261.1738375495349
 20
220.3211758175408
 10
259.7738490953197
 20
221.3206313208087
 10
258.3614178416456
 20
222.1545489163908
 10
256.9423477714993
 20
222.819501858012
 10
255.5224701481886
 20
223.3127577114032
 10
254.1076195534306
 20
223.6322895824598
 10
252.7036099118035
 20
223.7767844461842
 10
251.3162106000841
 20
223.7456485421875
 10
250.7406541355841
 20
223.6803199930762
  0
ARC
  5
3CB
330
1F
100
AcDbEntity
  8
0
  6
Continuous
 62
7
370
25
100
AcDbCircle
 10
260.3554612485183
 20
151.6090897050726
 30
0.0
 40
13.43260440003959
100
AcDbArc
 50
280.2729303560529
 51
322.1190958042726
  0
LWPOLYLINE
  5
3CC
330
1F
100
AcDbEntity
  8
0
  6
Continuous
 62
7
370
25
100
AcDbPolyline
 90
21
 70
128
 10
268.3851479702612
 20
142.9989103919518
 10
269.4449628444689
 20
144.3707160161785
 10
270.4420232137207
 20
145.8916988268122
 10
271.3722319430907
 20
147.5556087792343
 10
272.2317666053806
 20
149.3556085105425
 10
273.0170951882935
 20
151.2843014357422
 10
273.7249906082299
 20
153.3337621419006
 10
274.352543971066
 20
155.4955689553679
 10
274.8971765254243
 20
157.7608385482415
 10
275.3566502593153
 20
160.1202624418657
 10
275.7290770966101
 20
162.5641452573665
 10
276.0129266555487
 20
165.082444556044
 10
276.2070325374079
 20
167.6648121059063
 10
276.3105971194834
 20
170.3006364047748
 10
276.3231948326932
 20
172.9790862852231
 10
276.2447739103315
 20
175.6891554221668
 10
276.0756566007893
 20
178.4197075602139
 10
275.8165378433673
 20
181.1595222749279
 10
275.4684824126202
 20
183.8973410799574
 10
275.032920542971
 20
186.6219136905723
 10
274.9850671188602
 20
186.8907075451479
  0
LWPOLYLINE
  5
3CD
330
1F
100
AcDbEntity
  8
0
  6
Continuous
 62
7
370
25
100
AcDbPolyline
 90
27
 70
128
 10
274.7066126873159
 20
188.3658314648943
 10
274.5116420515696
 20
189.3220442534966
 10
273.906788983551
 20
191.9866373530711
 10
273.2208468099125
 20
194.6047436046962
 10
272.4566342141795
 20
197.1656046482019
 10
271.617291509831
 20
199.6586973562574
 10
270.7062677360777
 20
202.0737770761587
 10
269.7273064850199
 20
204.4009197273038
 10
268.6844305184246
 20
206.6305625813686
 10
267.5819252373349
 20
208.7535435576086
 10
266.4243210724374
 20
210.7611388718147
 10
265.216374867551
 20
212.645098884213
 10
263.9630503327351
 20
214.3976819990042
 10
262.6694976473406
 20
216.0116864762419
 10
261.341032296818
 20
217.4804800253262
 10
259.9831132302475
 20
218.7980270585086
 10
258.6013204283464
 20
219.958913492417
 10
257.2013319741312
 20
220.9583689956849
 10
255.788900720457
 20
221.7922865912671
 10
254.3698306503107
 20
222.4572395328882
 10
252.9499530270001
 20
222.9504953862794
 10
251.5351024322421
 20
223.270027257336
 10
250.131092790615
 20
223.4145221210605
 10
248.7436934788955
 20
223.3833862170638
 10
247.3786056184517
 20
223.176747489454
 10
246.0414386481126
 20
222.7954550610867
 10
245.7359368719096
 20
222.6822427907461
  0
ARC
  5
3CE
330
1F
100
AcDbEntity
  8
0
  6
Continuous
 62
7
370
25
100
AcDbCircle
 10
253.8416267116141
 20
206.4810730345317
 30
0.0
 40
18.26615098391337
100
AcDbArc
 50
124.899783051032
 51
147.3130203297796
  0
ARC
  5
3CF
330
1F
100
AcDbEntity
  8
0
  6
Continuous
 62
7
370
25
100
AcDbCircle
 10
299.9158029051762
 20
184.2475551510463
 30
0.0
 40
67.09669463152454
100
AcDbArc
 50
197.339866274689
 51
207.1181814096839
  0
ARC
  5
3D0
330
1F
100
AcDbEntity
  8
0
  6
Continuous
 62
7
370
25
100
AcDbCircle
 10
260.626657057983
 20
154.9509300660168
 30
0.0
 40
17.38179333235499
100
AcDbArc
 50
232.8033627884985
 51
248.061815935005
  0
LWPOLYLINE
  5
3D1
330
1F
100
AcDbEntity
  8
0
  6
Continuous
 62
7
370
25
100
AcDbPolyline
 90
11
 70
128
 10
256.6340885368665
 20
138.1081629576439
 10
256.8115138402014
 20
138.0775860446466
 10
258.2155234818285
 20
137.9330911809222
 10
259.602922793548
 20
137.9642270849189
 10
260.9680106539918
 20
138.1708658125288
 10
262.3051776243309
 20
138.5521582408961
 10
263.6089289986629
 20
139.1065375576457
 10
264.8739073829368
 20
139.8317256992511
 10
266.0949147096346
 20
140.7247427120862
 10
267.2669335977457
 20
141.7819189976936
 10
268.3851479702612
 20
142.9989103919518
  0
LWPOLYLINE
  5
3D2
330
1F
100
AcDbEntity
  8
0
  6
Continuous
 62
7
370
25
100
AcDbPolyline
 90
31
 70
128
 10
144.300547320097
 20
160.9846609947804
 10
144.7492660822025
 20
160.9738095265524
 10
145.1700566411212
 20
161.1465574148775
 10
145.5445284302511
 20
161.4953547480993
 10
145.8563152354922
 20
162.0049574090409
 10
146.0917904773364
 20
162.6530933160742
 10
146.2406627577797
 20
163.4114358199607
 10
146.296425643798
 20
164.2468417143494
 10
146.2566420296925
 20
165.1227997529335
 10
146.1230506503024
 20
166.0010263661137
 10
145.9014900899497
 20
166.8431388366952
 10
145.6016436082874
 20
167.6123328088096
 10
145.236615935387
 20
168.2749908148734
 10
144.8223605321517
 20
168.8021515202357
 10
144.3769823475205
 20
169.1707754724743
 10
143.9199465453236
 20
169.3647520360225
 10
143.4712277832181
 20
169.3756035042504
 10
143.0504372242994
 20
169.2028556159255
 10
142.6759654351695
 20
168.8540582827036
 10
142.3641786299284
 20
168.344455621762
 10
142.1287033880842
 20
167.6963197147288
 10
141.9798311076409
 20
166.9379772108422
 10
141.9240682216226
 20
166.1025713164535
 10
141.9638518357281
 20
165.2266132778694
 10
142.0974432151182
 20
164.3483866646892
 10
142.3190037754709
 20
163.5062741941077
 10
142.6188502571333
 20
162.7370802219933
 10
142.9838779300335
 20
162.0744222159295
 10
143.3981333332689
 20
161.5472615105673
 10
143.8435115179001
 20
161.1786375583287
 10
144.300547320097
 20
160.9846609947804
  0
LWPOLYLINE
  5
3D3
330
1F
100
AcDbEntity
  8
0
  6
Continuous
 62
7
370
25
100
AcDbPolyline
 90
28
 70
128
 10
144.2557707583589
 20
161.9705540584559
 10
144.6359843554227
 20
161.9700535453595
 10
144.987855311946
 20
162.1423167033715
 10
145.2924141735843
 20
162.4780567810548
 10
145.5332420932744
 20
162.9591739439186
 10
145.6973559755299
 20
163.5597310411803
 10
145.7759083984792
 20
164.247351884278
 10
145.7646645806685
 20
164.9849666555764
 10
145.6642306792263
 20
165.7328103518303
 10
145.4800211117758
 20
166.4505665258026
 10
145.221966663779
 20
167.09954075637
 10
144.9039791173223
 20
167.644746674782
 10
144.5432012633433
 20
168.0567920888558
 10
144.1590827293338
 20
168.3134635236647
 10
143.7723314448876
 20
168.400923755721
 10
143.4037972718562
 20
168.3144577812765
 10
143.0733479828991
 20
168.0587270033945
 10
142.7987981847176
 20
167.6475179345038
 10
142.5949489279962
 20
167.1029989619459
 10
142.4727897789292
 20
166.4545252444749
 10
142.4389063688627
 20
165.7370561680509
 10
142.4951253612034
 20
164.9892706762936
 10
142.6384159755227
 20
164.2514820786211
 10
142.8610533777133
 20
163.5634647493031
 10
143.1510351277955
 20
162.9623098806498
 10
143.4927282345632
 20
162.4804258872335
 10
143.867711934187
 20
162.1437912598703
 10
144.2557707583589
 20
161.9705540584559
  0
LWPOLYLINE
  5
3D4
330
1F
100
AcDbEntity
  8
0
  6
Continuous
 62
7
370
25
100
AcDbPolyline
 90
17
 70
128
 10
150.7054253883098
 20
161.8115081621674
 10
150.7518060316425
 20
161.8190882851745
 10
151.1725965905611
 20
161.9918361734995
 10
151.5470683796911
 20
162.3406335067214
 10
151.8588551849321
 20
162.8502361676629
 10
152.0943304267764
 20
163.4983720746962
 10
152.2432027072196
 20
164.2567145785827
 10
152.2989655932379
 20
165.0921204729715
 10
152.2591819791324
 20
165.9680785115555
 10
152.1255905997423
 20
166.8463051247357
 10
151.9040300393896
 20
167.6884175953173
 10
151.6041835577273
 20
168.4576115674317
 10
151.239155884827
 20
169.1202695734955
 10
150.8249004815917
 20
169.6474302788578
 10
150.3795222969605
 20
170.0160542310963
 10
149.9224864947636
 20
170.2100307946446
 10
149.5201483759907
 20
170.2284623858797
  0
SPLINE
  5
3D5
330
1F
100
AcDbEntity
  8
0
  6
Continuous
 62
7
370
25
100
AcDbSpline
 70
8
 71
3
 72
14
 73
10
 74
0
 42
1e-08
 40
0.0
 40
0.0
 40
0.0
 40
0.0
 40
0.120925153157074
 40
0.2777247728481885
 40
0.4361501718803484
 40
0.594658178763872
 40
0.7515903234043277
 40
0.9077486651500867
 40
1.0
 40
1.0
 40
1.0
 40
1.0
 10
143.1581274237473
 20
165.2032387937852
 30
0.0
 10
143.2036667561542
 20
165.2219215342512
 30
0.0
 10
143.3082554245838
 20
165.2648295622058
 30
0.0
 10
143.4366173949879
 20
165.4083126765538
 30
0.0
 10
143.5315353053435
 20
165.6014848685787
 30
0.0
 10
143.5711733803116
 20
165.8215567977022
 30
0.0
 10
143.5509828530519
 20
166.0360261844625
 30
0.0
 10
143.4921622791293
 20
166.2060027588629
 30
0.0
 10
143.4242677887862
 20
166.276386597
 30
0.0
 10
143.3990539668091
 20
166.3025248823882
 30
0.0
  0
LWPOLYLINE
  5
3D6
330
1F
100
AcDbEntity
  8
0
  6
Continuous
 62
7
370
25
100
AcDbPolyline
 90
22
 70
128
 10
152.8736309542046
 20
158.8347691757324
 10
153.3077607128408
 20
158.9496162828578
 10
153.8343744485274
 20
159.2493572614213
 10
154.3139557399003
 20
159.7134567699897
 10
154.7352636079639
 20
160.3310367094347
 10
155.0884229533749
 20
161.0876215294122
 10
155.3651560204009
 20
161.9654775229934
 10
155.5589764204988
 20
162.9440284897252
 10
155.6653411677647
 20
164.0003380243285
 10
155.6817571626735
 20
165.1096471265988
 10
155.607839628218
 20
166.2459545313855
 10
155.4453211287562
 20
167.3826261562102
 10
155.1980109601713
 20
168.493019381585
 10
154.8717058632045
 20
169.5511075314327
 10
154.4740541527652
 20
170.5320899163149
 10
154.0143764479124
 20
171.4129731405722
 10
153.5034472044428
 20
172.1731100480298
 10
152.9532421707801
 20
172.7946836738391
 10
152.3766576865808
 20
173.2631248590326
 10
151.7872084034645
 20
173.5674537392616
 10
151.1987105130333
 20
173.7005371035109
 10
150.7819656383473
 20
173.6882178058129
  0
LWPOLYLINE
  5
3D7
330
1F
100
AcDbEntity
  8
0
  6
Continuous
 62
7
370
25
100
AcDbPolyline
 90
30
 70
128
 10
150.4486110951856
 20
158.625787296457
 10
151.0314464983422
 20
158.5797512920389
 10
151.5927492987151
 20
158.7081080661086
 10
152.1193630344017
 20
159.0078490446721
 10
152.5989443257746
 20
159.4719485532405
 10
153.0202521938382
 20
160.0895284926855
 10
153.3734115392492
 20
160.846113312663
 10
153.6501446062752
 20
161.7239693062443
 10
153.8439650063731
 20
162.7025202729761
 10
153.9503297536391
 20
163.7588298075794
 10
153.9667457485478
 20
164.8681389098496
 10
153.8928282140923
 20
166.0044463146364
 10
153.7303097146305
 20
167.1411179394611
 10
153.4829995460456
 20
168.2515111648358
 10
153.1566944490788
 20
169.3095993146836
 10
152.7590427386395
 20
170.2905816995658
 10
152.2993650337867
 20
171.171464923823
 10
151.7884357903171
 20
171.9316018312806
 10
151.2382307566544
 20
172.55317545709
 10
150.6616462724551
 20
173.0216166422835
 10
150.0721969893388
 20
173.3259455225125
 10
149.4836990989077
 20
173.4590288867617
 10
148.9099464929256
 20
173.4177473737694
 10
148.3643874461867
 20
173.2030685872113
 10
147.8598094003522
 20
172.8200244158913
 10
147.4080392371559
 20
172.2775930905318
 10
147.0196660663203
 20
171.5884887416557
 10
146.7037930258003
 20
170.7688633911431
 10
146.4678239119439
 20
169.8379283625276
 10
146.4599076562088
 20
169.7975187356099
  0
LWPOLYLINE
  5
3D8
330
1F
100
AcDbEntity
  8
0
  6
Continuous
 62
7
370
25
100
AcDbPolyline
 90
7
 70
128
 10
147.6451846685279
 20
161.3805645118976
 10
147.6892587647542
 20
161.2950834349695
 10
148.1759904063219
 20
160.4721587444593
 10
148.7081189157305
 20
159.7792704056824
 10
149.2731716517306
 20
159.2326591340347
 10
149.8579042571068
 20
158.8451370344376
 10
150.4486110951856
 20
158.625787296457
  0
LWPOLYLINE
  5
3D9
330
1F
100
AcDbEntity
  8
0
  6
Continuous
 62
7
370
25
100
AcDbPolyline
 90
17
 70
128
 10
148.3716591595827
 20
170.8497119148751
 10
148.4969306357586
 20
170.8696622360634
 10
148.5986997286198
 20
170.9841359348722
 10
148.6614730163174
 20
171.1757054283643
 10
148.6756938348406
 20
171.4152059977376
 10
148.6391971934814
 20
171.6661758523827
 10
148.5575393750437
 20
171.8904071069776
 10
148.4431520421548
 20
172.0537625856715
 10
148.3134496293233
 20
172.1313728976543
 10
148.1881781531474
 20
172.1114225764659
 10
148.0864090602862
 20
171.9969488776572
 10
148.0236357725886
 20
171.805379384165
 10
148.0094149540654
 20
171.5658788147918
 10
148.0459115954247
 20
171.3149089601467
 10
148.1275694138623
 20
171.0906777055518
 10
148.2419567467512
 20
170.9273222268579
 10
148.3716591595827
 20
170.8497119148751
  0
LWPOLYLINE
  5
3DA
330
1F
100
AcDbEntity
  8
0
  6
Continuous
 62
7
370
25
100
AcDbPolyline
 90
17
 70
128
 10
153.217024943163
 20
164.683741780846
 10
153.3422964193387
 20
164.7036921020343
 10
153.4440655121999
 20
164.818165800843
 10
153.5068387998974
 20
165.009735294335
 10
153.5210596184206
 20
165.249235863708
 10
153.4845629770613
 20
165.500205718353
 10
153.4029051586237
 20
165.7244369729477
 10
153.2885178257349
 20
165.8877924516414
 10
153.1588154129035
 20
165.9654027636242
 10
153.0335439367277
 20
165.9454524424358
 10
152.9317748438665
 20
165.8309787436271
 10
152.8690015561691
 20
165.6394092501352
 10
152.8547807376459
 20
165.3999086807622
 10
152.8912773790051
 20
165.1489388261171
 10
152.9729351974428
 20
164.9247075715225
 10
153.0873225303316
 20
164.7613520928287
 10
153.217024943163
 20
164.683741780846
  0
LWPOLYLINE
  5
3DB
330
1F
100
AcDbEntity
  8
0
  6
Continuous
 62
7
370
25
100
AcDbPolyline
 90
7
 70
128
 10
148.8369908390943
 20
160.6040106521806
 10
148.9622623152701
 20
160.623960973369
 10
149.0640314081313
 20
160.7384346721777
 10
149.1268046958288
 20
160.9300041656698
 10
149.1410255143519
 20
161.1695047350429
 10
149.1045288729927
 20
161.420474589688
 10
149.0529799961894
 20
161.5788105039248
  0
ARC
  5
3DC
330
1F
100
AcDbEntity
  8
0
  6
Continuous
 62
7
370
25
100
AcDbCircle
 10
149.2975254902926
 20
161.3061288462741
 30
0.0
 40
0.8396797743374641
100
AcDbArc
 50
166.7813518952086
 51
236.7382566450339
  0
LWPOLYLINE
  5
3DD
330
1F
100
AcDbEntity
  8
0
  6
Continuous
 62
7
370
25
100
AcDbPolyline
 90
11
 70
128
 10
144.5842391421425
 20
168.0188877384361
 10
144.5138095988433
 20
167.8890261512529
 10
144.3099603421218
 20
167.344507178695
 10
144.1878011930549
 20
166.6960334612241
 10
144.1539177829884
 20
165.9785643848
 10
144.2101367753291
 20
165.2307788930428
 10
144.3534273896484
 20
164.4929902953702
 10
144.576064791839
 20
163.8049729660522
 10
144.8660465419212
 20
163.2038180973989
 10
145.207739648689
 20
162.7219341039826
 10
145.3512661374038
 20
162.572033509116
  0
SPLINE
  5
3DE
330
1F
100
AcDbEntity
  8
0
  6
Continuous
 62
7
370
25
100
AcDbSpline
 70
9
 71
3
 72
26
 73
22
 74
0
 42
1e-08
 40
0.0
 40
0.0
 40
0.0
 40
0.0
 40
0.0529658445197803
 40
0.1059071318570682
 40
0.1594899171670043
 40
0.2135506185561909
 40
0.2668967752307776
 40
0.3194457241085598
 40
0.3723582722386117
 40
0.4262196246418961
 40
0.4801545425419162
 40
0.5331859129116424
 40
0.5857491414747261
 40
0.6389617162931238
 40
0.6929782798251712
 40
0.7467010195943529
 40
0.7994519758254425
 40
0.8520845007736495
 40
0.9056168554554352
 40
0.9596823172482565
 40
1.0
 40
1.0
 40
1.0
 40
1.0
 10
142.9590531550114
 20
165.6238410230616
 30
0.0
 10
142.9625957460929
 20
165.6957927643725
 30
0.0
 10
142.9696792857623
 20
165.8396628871553
 30
0.0
 10
143.0653700271749
 20
166.0407392274279
 30
0.0
 10
143.2098288393552
 20
166.2041753900486
 30
0.0
 10
143.3905780139257
 20
166.3123396220696
 30
0.0
 10
143.5810430631027
 20
166.3521369761398
 30
0.0
 10
143.7587689481013
 20
166.3208339149091
 30
0.0
 10
143.9080963829386
 20
166.2224406669319
 30
0.0
 10
144.0170647610806
 20
166.0649200409592
 30
0.0
 10
144.0754306558759
 20
165.8643747064614
 30
0.0
 10
144.0782772043123
 20
165.6453684281332
 30
0.0
 10
144.026535844064
 20
165.4327801345796
 30
0.0
 10
143.9233028408013
 20
165.2480056138877
 30
0.0
 10
143.7745038438643
 20
165.1121220359383
 30
0.0
 10
143.5937385027044
 20
165.0433966225691
 30
0.0
 10
143.4020813410521
 20
165.0494825891457
 30
0.0
 10
143.2208057283959
 20
165.1274268548487
 30
0.0
 10
143.0722987323992
 20
165.2692262289046
 30
0.0
 10
142.9804753569464
 20
165.4443513208227
 30
0.0
 10
142.9654650944092
 20
165.570117456419
 30
0.0
 10
142.9590531550114
 20
165.6238410230616
 30
0.0
  0
ARC
  5
3DF
330
1F
100
AcDbEntity
  8
0
  6
Continuous
 62
7
370
25
100
AcDbCircle
 10
147.1596710897373
 20
165.6041269753526
 30
0.0
 40
2.13786860824562
100
AcDbArc
 50
147.0110108636699
 51
229.0203785683263
  0
LWPOLYLINE
  5
3E0
330
1F
100
AcDbEntity
  8
0
  6
Continuous
 62
7
370
25
100
AcDbPolyline
 90
99
 70
128
 10
142.1287317040937
 20
150.5455079662136
 10
141.351957779783
 20
153.0959557228848
 10
140.6529603368166
 20
155.7053940430775
 10
140.0346117056221
 20
158.3631001850115
 10
139.4994528133608
 20
161.0581530640733
 10
139.0496827427118
 20
163.7794781298957
 10
138.687149695371
 20
166.5158928740611
 10
138.4133433973931
 20
169.2561527814263
 10
138.2293889775875
 20
171.9889975362483
 10
138.1360423441233
 20
174.703197293236
 10
138.1336870783405
 20
177.387598823394
 10
138.2223328585311
 20
180.0311713450325
 10
138.40161542017
 20
182.6230518516156
 10
138.6707980527554
 20
185.1525897501852
 10
139.0287746271105
 20
187.6093906269317
 10
139.4740741407055
 20
189.9833589600706
 10
140.0048667623226
 20
192.2647396045063
 10
140.618971351225
 20
194.4441578778163
 10
141.3138644199318
 20
196.5126580828317
 10
142.0866905037696
 20
198.4617403085184
 10
142.9342738945892
 20
200.2833953579339
 10
143.8531316904318
 20
201.9701376597367
 10
144.8394881075198
 20
203.5150360280033
 10
145.8892899957625
 20
204.9117421439591
 10
146.9982234940196
 20
206.154516642581
 10
148.1617317566809
 20
207.2382526968798
 10
149.3750336787236
 20
208.1584970029478
 10
150.6331435422976
 20
208.9114680795396
 10
151.9308915041096
 20
209.4940718069898
 10
153.2629448394187
 20
209.903914141614
 10
154.6238298553454
 20
210.1393109533483
 10
156.0079543834504
 20
210.1992949462011
 10
157.4096307591538
 20
210.0836196330789
 10
158.8230991935693
 20
209.7927603486559
 10
160.2425514417119
 20
209.3279122961207
 10
161.6621546698224
 20
208.6909856358309
 10
163.0760754237325
 20
207.8845976360538
 10
164.4785035997794
 20
206.9120619180504
 10
165.8636763197678
 20
205.7773748396941
 10
167.2259016118726
 20
204.4851990735795
 10
168.5595818001721
 20
203.0408444471003
 10
169.8592365066993
 20
201.45024612323
 10
171.1195251714898
 20
199.7199402116635
 10
172.335268998089
 20
197.8570369105409
 10
173.5014722343372
 20
195.8691912891181
 10
174.6133427009868
 20
193.7645718314449
 10
175.6663114837947
 20
191.5518268703126
 10
176.6560517081716
 20
189.2400490493986
 10
177.5784963192366
 20
186.8387379596439
 10
178.4298547942193
 20
184.3577611033959
 10
179.20662871853
 20
181.8073133467247
 10
179.9056261614964
 20
179.197875026532
 10
180.5239747926908
 20
176.540168884598
 10
181.0591336849522
 20
173.8451160055362
 10
181.5089037556011
 20
171.1237909397137
 10
181.8714368029419
 20
168.3873761955484
 10
182.1452431009199
 20
165.6471162881831
 10
182.3291975207255
 20
162.9142715333611
 10
182.4225441541896
 20
160.2000717763734
 10
182.4248994199724
 20
157.5156702462154
 10
182.3362536397818
 20
154.8720977245769
 10
182.1569710781428
 20
152.2802172179938
 10
181.8877884455575
 20
149.7506793194243
 10
181.5298118712024
 20
147.2938784426778
 10
181.0845123576074
 20
144.9199101095389
 10
180.5537197359902
 20
142.6385294651032
 10
179.9396151470879
 20
140.4591111917932
 10
179.2447220783811
 20
138.3906109867778
 10
178.4718959945432
 20
136.4415287610912
 10
177.6243126037235
 20
134.6198737116756
 10
176.705454807881
 20
132.9331314098729
 10
175.719098390793
 20
131.3882330416063
 10
174.6692965025503
 20
129.9915269256505
 10
173.5603630042933
 20
128.7487524270287
 10
172.3968547416319
 20
127.6650163727298
 10
171.1835528195892
 20
126.7447720666618
 10
169.9254429560152
 20
125.99180099007
 10
168.6276949942031
 20
125.4091972626199
 10
167.2956416588941
 20
124.9993549279958
 10
165.9347566429674
 20
124.7639581162614
 10
164.5506321148624
 20
124.7039741234087
 10
163.148955739159
 20
124.8196494365308
 10
161.7354873047434
 20
125.1105087209539
 10
160.3160350566009
 20
125.5753567734891
 10
158.8964318284903
 20
126.2122834337789
 10
157.4825110745803
 20
127.018671433556
 10
156.0800828985334
 20
127.9912071515594
 10
154.6949101785451
 20
129.1258942299158
 10
153.3326848864402
 20
130.4180699960304
 10
151.9990046981406
 20
131.8624246225096
 10
150.6993499916135
 20
133.4530229463799
 10
149.4390613268229
 20
135.1833288579464
 10
148.2233175002237
 20
137.0462321590691
 10
147.0571142639756
 20
139.0340777804919
 10
145.9452437973261
 20
141.138697238165
 10
144.8922750145181
 20
143.3514421992974
 10
143.9025347901412
 20
145.6632200202114
 10
142.9800901790762
 20
148.0645311099661
 10
142.1287317040937
 20
150.5455079662136
  0
LWPOLYLINE
  5
3E1
330
1F
100
AcDbEntity
  8
0
  6
Continuous
 62
7
370
25
100
AcDbPolyline
 90
51
 70
128
 10
156.8466392485188
 20
210.4581478768897
 10
157.196346976534
 20
210.5015732784721
 10
158.5804715046389
 20
210.5615572713248
 10
159.9821478803424
 20
210.4458819582027
 10
161.3956163147579
 20
210.1550226737796
 10
162.8150685629005
 20
209.6901746212445
 10
164.2346717910109
 20
209.0532479609546
 10
165.648592544921
 20
208.2468599611776
 10
167.0510207209679
 20
207.2743242431742
 10
168.4361934409563
 20
206.1396371648178
 10
169.7984187330611
 20
204.8474613987032
 10
171.1320989213607
 20
203.403106772224
 10
172.4317536278879
 20
201.8125084483537
 10
173.6920422926784
 20
200.0822025367872
 10
174.9077861192776
 20
198.2192992356646
 10
176.0739893555257
 20
196.2314536142418
 10
177.1858598221753
 20
194.1268341565687
 10
178.2388286049833
 20
191.9140891954364
 10
179.2285688293601
 20
189.6023113745224
 10
180.1510134404251
 20
187.2010002847676
 10
181.0023719154078
 20
184.7200234285196
 10
181.7791458397186
 20
182.1695756718484
 10
182.478143282685
 20
179.5601373516557
 10
183.0964919138794
 20
176.9024312097217
 10
183.6316508061408
 20
174.2073783306599
 10
184.0814208767897
 20
171.4860532648375
 10
184.4439539241305
 20
168.7496385206721
 10
184.7177602221084
 20
166.0093786133068
 10
184.9017146419141
 20
163.2765338584849
 10
184.9950612753781
 20
160.5623341014972
 10
184.997416541161
 20
157.8779325713392
 10
184.9087707609703
 20
155.2343600497007
 10
184.7294881993314
 20
152.6424795431176
 10
184.4603055667461
 20
150.112941644548
 10
184.102328992391
 20
147.6561407678015
 10
183.657029478796
 20
145.2821724346627
 10
183.1262368571788
 20
143.0007917902269
 10
182.5121322682764
 20
140.821373516917
 10
181.8172391995696
 20
138.7528733119015
 10
181.0444131157318
 20
136.803791086215
 10
180.1968297249121
 20
134.9821360367994
 10
179.2779719290695
 20
133.2953937349967
 10
178.2916155119816
 20
131.75049536673
 10
177.2418136237388
 20
130.3537892507743
 10
176.1328801254819
 20
129.1110147521524
 10
174.9693718628205
 20
128.0272786978536
 10
173.7560699407777
 20
127.1070343917856
 10
172.4979600772037
 20
126.3540633151937
 10
171.2002121153916
 20
125.7714595877437
 10
169.8681587800827
 20
125.3616172531195
 10
168.8569814921712
 20
125.1696458429676
  0
LWPOLYLINE
  5
3E2
330
1F
100
AcDbEntity
  8
0
  6
Continuous
 62
7
370
25
100
AcDbPolyline
 90
17
 70
128
 10
163.0804717092263
 20
166.5010495309363
 10
163.0279360929143
 20
166.7472682642255
 10
163.0251056882951
 20
166.9948500515266
 10
163.0724113988141
 20
167.2061028100574
 10
163.1626513588723
 20
167.3488652223426
 10
163.282087352578
 20
167.4014030052564
 10
163.4125363325797
 20
167.3557177576063
 10
163.5341386241948
 20
167.2187646442091
 10
163.6283813808526
 20
167.0113935350967
 10
163.6809169971646
 20
166.7651748018074
 10
163.6837474017839
 20
166.5175930145063
 10
163.6364416912648
 20
166.3063402559756
 10
163.5462017312067
 20
166.1635778436903
 10
163.4267657375009
 20
166.1110400607765
 10
163.2963167574993
 20
166.1567253084266
 10
163.1747144658842
 20
166.2936784218238
 10
163.0804717092263
 20
166.5010495309363
  0
LWPOLYLINE
  5
3E3
330
1F
100
AcDbEntity
  8
0
  6
Continuous
 62
7
370
25
100
AcDbPolyline
 90
17
 70
128
 10
158.7004376051575
 20
162.4213184022716
 10
158.6479019888455
 20
162.6675371355608
 10
158.6450715842262
 20
162.9151189228619
 10
158.6923772947453
 20
163.1263716813927
 10
158.7826172548034
 20
163.269134093678
 10
158.9020532485092
 20
163.3216718765918
 10
159.0325022285108
 20
163.2759866289416
 10
159.1541045201259
 20
163.1390335155445
 10
159.2483472767837
 20
162.931662406432
 10
159.3008828930957
 20
162.6854436731428
 10
159.303713297715
 20
162.4378618858417
 10
159.256407587196
 20
162.2266091273109
 10
159.1661676271378
 20
162.0838467150256
 10
159.046731633432
 20
162.0313089321119
 10
158.9162826534304
 20
162.076994179762
 10
158.7946803618153
 20
162.2139472931591
 10
158.7004376051575
 20
162.4213184022716
  0
LWPOLYLINE
  5
3E4
330
1F
100
AcDbEntity
  8
0
  6
Continuous
 62
7
370
25
100
AcDbPolyline
 90
17
 70
128
 10
158.2351059256463
 20
172.6670196649662
 10
158.1825703093342
 20
172.9132383982555
 10
158.179739904715
 20
173.1608201855565
 10
158.227045615234
 20
173.3720729440874
 10
158.3172855752922
 20
173.5148353563726
 10
158.4367215689979
 20
173.5673731392864
 10
158.5671705489995
 20
173.5216878916363
 10
158.6887728406146
 20
173.3847347782391
 10
158.7830155972724
 20
173.1773636691266
 10
158.8355512135845
 20
172.9311449358374
 10
158.8383816182038
 20
172.6835631485363
 10
158.7910759076847
 20
172.4723103900055
 10
158.7008359476266
 20
172.3295479777203
 10
158.5813999539208
 20
172.2770101948064
 10
158.4509509739192
 20
172.3226954424566
 10
158.3293486823041
 20
172.4596485558537
 10
158.2351059256463
 20
172.6670196649662
  0
LWPOLYLINE
  5
3E5
330
1F
100
AcDbEntity
  8
0
  6
Continuous
 62
7
370
25
100
AcDbPolyline
 90
31
 70
128
 10
158.488050091917
 20
165.7832022135112
 10
158.2664895315644
 20
166.6253146840927
 10
158.1328981521743
 20
167.5035412972729
 10
158.0931145380687
 20
168.3794993358569
 10
158.1488774240871
 20
169.2149052302457
 10
158.2977497045303
 20
169.9732477341322
 10
158.5332249463746
 20
170.6213836411655
 10
158.8450117516157
 20
171.1309863021071
 10
159.2194835407456
 20
171.4797836353289
 10
159.6402740996643
 20
171.6525315236539
 10
160.0889928617698
 20
171.6416800554259
 10
160.5460286639667
 20
171.4477034918776
 10
160.9914068485979
 20
171.079079539639
 10
161.4056622518333
 20
170.5519188342768
 10
161.7706899247336
 20
169.889260828213
 10
162.0705364063959
 20
169.1200668560985
 10
162.2920969667486
 20
168.277954385517
 10
162.4256883461387
 20
167.3997277723368
 10
162.4654719602442
 20
166.5237697337528
 10
162.4097090742258
 20
165.688363839364
 10
162.2608367937826
 20
164.9300213354775
 10
162.0253615519383
 20
164.2818854284442
 10
161.7135747466972
 20
163.7722827675027
 10
161.3391029575673
 20
163.4234854342809
 10
160.9183123986487
 20
163.2507375459559
 10
160.4695936365432
 20
163.2615890141839
 10
160.0125578343462
 20
163.4555655777321
 10
159.567179649715
 20
163.8241895299707
 10
159.1529242464796
 20
164.351350235333
 10
158.7878965735793
 20
165.0140082413968
 10
158.488050091917
 20
165.7832022135112
  0
ARC
  5
3E6
330
1F
100
AcDbEntity
  8
0
  6
Continuous
 62
7
370
25
100
AcDbCircle
 10
167.6872749283112
 20
168.505419269977
 30
0.0
 40
7.034389915035254
100
AcDbArc
 50
159.5440045938886
 51
199.6022271751097
  0
ARC
  5
3E7
330
1F
100
AcDbEntity
  8
0
  6
Continuous
 62
7
370
25
100
AcDbCircle
 10
166.1336401513364
 20
167.6463668262224
 30
0.0
 40
5.290442014945006
100
AcDbArc
 50
196.4812009101505
 51
219.2136190317024
  0
LWPOLYLINE
  5
3E8
330
1F
100
AcDbEntity
  8
0
  6
Continuous
 62
7
370
25
100
AcDbPolyline
 90
17
 70
128
 10
207.685357718895
 20
184.5920864099468
 10
207.8527000469294
 20
184.1733487897146
 10
207.9357530089673
 20
183.693479695951
 10
207.9218725444155
 20
183.2255348481573
 10
207.8131718281753
 20
182.8407546074795
 10
207.6261995589198
 20
182.5977182775193
 10
207.3894205697353
 20
182.5334259363833
 10
207.1388823153183
 20
182.6576655101979
 10
206.9127269737688
 20
182.9515226500843
 10
206.7453846457345
 20
183.3702602703165
 10
206.6623316836965
 20
183.8501293640802
 10
206.6762121482483
 20
184.3180742118739
 10
206.7849128644885
 20
184.7028544525516
 10
206.971885133744
 20
184.9458907825118
 10
207.2086641229285
 20
185.0101831236479
 10
207.4592023773455
 20
184.8859435498333
 10
207.685357718895
 20
184.5920864099468
  0
LWPOLYLINE
  5
3E9
330
1F
100
AcDbEntity
  8
0
  6
Continuous
 62
7
370
25
100
AcDbPolyline
 90
36
 70
128
 10
208.9988299856095
 20
187.3810448017131
 10
209.3754396996819
 20
186.5915631401902
 10
209.6853122943521
 20
185.7114521168311
 10
209.9184882094636
 20
184.7689992240844
 10
210.0674729792467
 20
183.7944956733758
 10
210.1274781106157
 20
182.8192628106492
 10
210.0965749892758
 20
181.8746454225371
 10
209.9757568669743
 20
180.991004289127
 10
209.7689069375713
 20
180.1967403635092
 10
209.4826735279944
 20
179.5173819417754
 10
209.1262564155412
 20
178.9747641625783
 10
208.7111111394668
 20
178.5863272078085
 10
208.2505808105271
 20
178.3645557607994
 10
207.7594672524196
 20
178.3165777383321
 10
207.2535552589917
 20
178.443935193525
 10
206.7491052579777
 20
178.7425347529782
 10
206.2623306874731
 20
179.2027791811624
 10
205.8088768826936
 20
179.8098758434652
 10
205.4033182220275
 20
180.5443121536397
 10
205.0586896945236
 20
181.3824827243803
 10
204.7860679446172
 20
182.2974480638947
 10
204.594215259664
 20
183.2598004333346
 10
204.4892979428155
 20
184.2386090357203
 10
204.4746881229614
 20
185.2024141572047
 10
204.5508553717329
 20
186.1202383081616
 10
204.7153516110837
 20
186.9625818651912
 10
204.9628897965332
 20
187.7023712132879
 10
205.285513847126
 20
188.3158289141031
 10
205.67285436042
 20
188.7832379323781
 10
206.1124618936132
 20
189.0895753576801
 10
206.5902070988784
 20
189.2249952531044
 10
207.0907348522283
 20
189.1851451117885
 10
207.5979577798347
 20
188.9713057500628
 10
208.0955733194599
 20
188.5903501409611
 10
208.5675876982209
 20
188.0545225112109
 10
208.9988299856095
 20
187.3810448017131
  0
LWPOLYLINE
  5
3EA
330
1F
100
AcDbEntity
  8
0
  6
Continuous
 62
7
370
25
100
AcDbPolyline
 90
17
 70
128
 10
208.7361355322666
 20
186.8232531233599
 10
208.8231535428445
 20
186.6055095608391
 10
208.8663410831042
 20
186.3559776320821
 10
208.8591232415373
 20
186.1126463112293
 10
208.8025988690923
 20
185.9125605860769
 10
208.7053732890795
 20
185.7861816944975
 10
208.5822482147035
 20
185.7527496771068
 10
208.4519683224067
 20
185.8173542554904
 10
208.3343675448009
 20
185.9701599682314
 10
208.2473495342231
 20
186.1879035307521
 10
208.2041619939633
 20
186.4374354595092
 10
208.2113798355303
 20
186.6807667803619
 10
208.2679042079752
 20
186.8808525055144
 10
208.365129787988
 20
187.0072313970937
 10
208.488254862364
 20
187.0406634144844
 10
208.6185347546609
 20
186.9760588361008
 10
208.7361355322666
 20
186.8232531233599
  0
LWPOLYLINE
  5
3EB
330
1F
100
AcDbEntity
  8
0
  6
Continuous
 62
7
370
25
100
AcDbPolyline
 90
17
 70
128
 10
206.2637171478628
 20
181.5734490917998
 10
206.3507351584407
 20
181.355705529279
 10
206.3939226987004
 20
181.1061736005219
 10
206.3867048571335
 20
180.8628422796692
 10
206.3301804846886
 20
180.6627565545168
 10
206.2329549046757
 20
180.5363776629375
 10
206.1098298302998
 20
180.5029456455468
 10
205.979549938003
 20
180.5675502239303
 10
205.8619491603972
 20
180.7203559366713
 10
205.7749311498194
 20
180.938099499192
 10
205.7317436095596
 20
181.1876314279491
 10
205.7389614511265
 20
181.4309627488018
 10
205.7954858235714
 20
181.6310484739542
 10
205.8927114035843
 20
181.7574273655336
 10
206.0158364779602
 20
181.7908593829243
 10
206.1461163702571
 20
181.7262548045407
 10
206.2637171478628
 20
181.5734490917998
  0
LWPOLYLINE
  5
3EC
330
1F
100
AcDbEntity
  8
0
  6
Continuous
 62
7
370
25
100
AcDbPolyline
 90
17
 70
128
 10
205.8547119981657
 20
187.177710859695
 10
205.9417300087436
 20
186.9599672971743
 10
205.9849175490033
 20
186.7104353684172
 10
205.9776997074365
 20
186.4671040475645
 10
205.9211753349916
 20
186.2670183224121
 10
205.8239497549787
 20
186.1406394308328
 10
205.7008246806027
 20
186.107207413442
 10
205.5705447883059
 20
186.1718119918256
 10
205.4529440107002
 20
186.3246177045666
 10
205.3659260001223
 20
186.5423612670872
 10
205.3227384598626
 20
186.7918931958444
 10
205.3299563014295
 20
187.0352245166971
 10
205.3864806738745
 20
187.2353102418495
 10
205.4837062538873
 20
187.3616891334289
 10
205.6068313282632
 20
187.3951211508196
 10
205.7371112205601
 20
187.330516572436
 10
205.8547119981657
 20
187.177710859695
  0
LWPOLYLINE
  5
3ED
330
1F
100
AcDbEntity
  8
0
  6
Continuous
 62
7
370
25
100
AcDbPolyline
 90
17
 70
128
 10
209.1451406819636
 20
181.2189913554645
 10
209.2321586925415
 20
181.0012477929438
 10
209.2753462328012
 20
180.7517158641867
 10
209.2681283912343
 20
180.508384543334
 10
209.2116040187894
 20
180.3082988181816
 10
209.1143784387765
 20
180.1819199266022
 10
208.9912533644006
 20
180.1484879092115
 10
208.8609734721038
 20
180.2130924875951
 10
208.743372694498
 20
180.365898200336
 10
208.6563546839201
 20
180.5836417628568
 10
208.6131671436604
 20
180.8331736916139
 10
208.6203849852273
 20
181.0765050124666
 10
208.6769093576722
 20
181.276590737619
 10
208.7741349376851
 20
181.4029696291983
 10
208.897260012061
 20
181.436401646589
 10
209.0275399043578
 20
181.3717970682055
 10
209.1451406819636
 20
181.2189913554645
  0
LWPOLYLINE
  5
3EE
330
1F
100
AcDbEntity
  8
0
  6
Continuous
 62
7
370
25
100
AcDbPolyline
 90
14
 70
128
 10
210.2850885462038
 20
187.562175964275
 10
210.6616982602762
 20
186.772694302752
 10
210.9715708549464
 20
185.8925832793929
 10
211.2047467700579
 20
184.9501303866462
 10
211.353731539841
 20
183.9756268359376
 10
211.41373667121
 20
183.0003939732111
 10
211.3828335498701
 20
182.055776585099
 10
211.2620154275686
 20
181.1721354516889
 10
211.0551654981655
 20
180.377871526071
 10
210.7689320885886
 20
179.6985131043373
 10
210.4125149761354
 20
179.1558953251401
 10
209.9973697000611
 20
178.7674583703704
 10
209.5368393711213
 20
178.5456869233613
 10
209.3522448560738
 20
178.5066711948813
  0
LWPOLYLINE
  5
3EF
330
1F
100
AcDbEntity
  8
0
  6
Continuous
 62
7
370
25
100
AcDbPolyline
 90
7
 70
128
 10
207.8183569577785
 20
189.3992001902736
 10
207.8764656594727
 20
189.4061264156663
 10
208.3769934128226
 20
189.3662762743504
 10
208.884216340429
 20
189.1524369126247
 10
209.3818318800542
 20
188.7714813035229
 10
209.8538462588151
 20
188.2356536737728
 10
210.2850885462038
 20
187.562175964275
  0
LWPOLYLINE
  5
3F0
330
1F
100
AcDbEntity
  8
0
  6
Continuous
 62
7
370
25
100
AcDbPolyline
 90
10
 70
128
 10
214.580228968942
 20
186.4820804786738
 10
214.8440158427053
 20
185.8904479445168
 10
215.0319072176576
 20
185.2161523098614
 10
215.131098607101
 20
184.5051457078829
 10
215.1348302817666
 20
183.8058820635124
 10
215.0428479341929
 20
183.1660150385259
 10
214.8614200093587
 20
182.6291505132458
 10
214.602910520518
 20
182.2318749178596
 10
214.2849364621278
 20
182.0012619276637
 10
214.1138071238771
 20
181.9543280939769
  0
ARC
  5
3F1
330
1F
100
AcDbEntity
  8
0
  6
Continuous
 62
7
370
25
100
AcDbCircle
 10
213.3014891915927
 20
186.0523354013196
 30
0.0
 40
1.34902047785997
100
AcDbArc
 50
18.57591203501802
 51
88.07250652961434
  0
LWPOLYLINE
  5
3F2
330
1F
100
AcDbEntity
  8
0
  6
Continuous
 62
7
370
25
100
AcDbPolyline
 90
14
 70
128
 10
243.538957267066
 20
191.652248728824
 10
243.9018433306581
 20
191.6100645505862
 10
244.2686844271807
 20
191.3855424634258
 10
244.6119288050224
 20
190.993619004929
 10
244.9081849270715
 20
190.4610031111085
 10
245.1372634281967
 20
189.8239916749386
 10
245.2835529871165
 20
189.1259959730832
 10
245.3370842121453
 20
188.4145832591313
 10
245.2942090387622
 20
187.7382351338736
 10
245.1578493391784
 20
187.1430436043283
 10
244.9372978015756
 20
186.6695699896334
 10
244.6475846487628
 20
186.3500807341782
 10
244.3084533533305
 20
186.2063485027411
 10
244.3059012162136
 20
186.2059842311279
  0
SPLINE
  5
3F3
330
1F
100
AcDbEntity
  8
0
  6
Continuous
 62
7
370
25
100
AcDbSpline
 70
9
 71
3
 72
26
 73
22
 74
0
 42
1e-08
 40
0.0
 40
0.0
 40
0.0
 40
0.0
 40
0.0526837553138316
 40
0.1053339775142289
 40
0.1588619439007455
 40
0.2130781101058433
 40
0.2663080255974661
 40
0.318404189017775
 40
0.3709885507007689
 40
0.4249037458229866
 40
0.4789557652777295
 40
0.5317612370177378
 40
0.5838892585929246
 40
0.6368715391332626
 40
0.6909986887491067
 40
0.744788327873243
 40
0.7972044691145928
 40
0.8493850322414775
 40
0.9027959427734487
 40
0.957019044487172
 40
1.0
 40
1.0
 40
1.0
 40
1.0
 10
244.6082043611419
 20
188.3119422670129
 30
0.0
 10
244.6018815211785
 20
188.2412460785521
 30
0.0
 10
244.5892398657278
 20
188.0998986996244
 30
0.0
 10
244.4853200229959
 20
187.9037925105053
 30
0.0
 10
244.3339506635715
 20
187.7443040341196
 30
0.0
 10
244.1485113249747
 20
187.6382060106129
 30
0.0
 10
243.9574421798981
 20
187.5982142090327
 30
0.0
 10
243.7837070044914
 20
187.6264577059961
 30
0.0
 10
243.6411464576976
 20
187.7192671323426
 30
0.0
 10
243.5399480826208
 20
187.8708171548264
 30
0.0
 10
243.489416256842
 20
188.0668752761459
 30
0.0
 10
243.4932790339681
 20
188.2829505098913
 30
0.0
 10
243.5492882806996
 20
188.4941932932599
 30
0.0
 10
243.6543191377299
 20
188.6800630019678
 30
0.0
 10
243.8035914536131
 20
188.8190761412691
 30
0.0
 10
243.9841952318256
 20
188.8910242775993
 30
0.0
 10
244.1746332578486
 20
188.8875017149916
 30
0.0
 10
244.3539341630191
 20
188.8122739927275
 30
0.0
 10
244.5004633832376
 20
188.673276329846
 30
0.0
 10
244.5918094829346
 20
188.4971508292577
 30
0.0
 10
244.6031776645138
 20
188.3687275168687
 30
0.0
 10
244.6082043611419
 20
188.3119422670129
 30
0.0
  0
LINE
  5
3F4
330
1F
100
AcDbEntity
  8
0
  6
Continuous
 62
7
370
25
100
AcDbLine
 10
243.5586636661672
 20
188.0694148637346
 30
0.0
 11
243.4929361725504
 21
188.1927650923694
 31
0.0
  0
SPLINE
  5
3F5
330
1F
100
AcDbEntity
  8
0
  6
Continuous
 62
7
370
25
100
AcDbSpline
 70
8
 71
3
 72
11
 73
7
 74
0
 42
1e-08
 40
0.0
 40
0.0
 40
0.0
 40
0.0
 40
0.3008764929937207
 40
0.6010124433538877
 40
0.9204838929204461
 40
1.0
 40
1.0
 40
1.0
 40
1.0
 10
243.83657437723
 20
188.59259675111
 30
0.0
 10
243.8300673615839
 20
188.5258831262094
 30
0.0
 10
243.8170693459082
 20
188.3926200776157
 30
0.0
 10
243.709347263855
 20
188.2141419621042
 30
0.0
 10
243.5998048259566
 20
188.0937097423685
 30
0.0
 10
243.5212272500556
 20
188.0523258313228
 30
0.0
 10
243.50556715531
 20
188.0440782370125
 30
0.0
  0
SPLINE
  5
3F6
330
1F
100
AcDbEntity
  8
0
  6
Continuous
 62
7
370
25
100
AcDbSpline
 70
8
 71
3
 72
9
 73
5
 74
0
 42
1e-08
 40
0.0
 40
0.0
 40
0.0
 40
0.0
 40
0.5140153053585427
 40
1.0
 40
1.0
 40
1.0
 40
1.0
 10
243.7875714171143
 20
188.788031846994
 30
0.0
 10
243.8031677550633
 20
188.7563804860386
 30
0.0
 10
243.8335099215054
 20
188.6948037963458
 30
0.0
 10
243.8355721605955
 20
188.6260231113197
 30
0.0
 10
243.83657437723
 20
188.59259675111
 30
0.0
  0
SPLINE
  5
3F7
330
1F
100
AcDbEntity
  8
0
  6
Continuous
 62
7
370
25
100
AcDbSpline
 70
8
 71
3
 72
13
 73
9
 74
0
 42
1e-08
 40
0.0
 40
0.0
 40
0.0
 40
0.0
 40
0.1870497142497685
 40
0.5856084040211357
 40
0.7834247556694612
 40
0.8476137813614179
 40
0.9162425937746512
 40
1.0
 40
1.0
 40
1.0
 40
1.0
 10
210.9115373060475
 20
173.5332410504558
 30
0.0
 10
210.9198590125304
 20
173.6080229956289
 30
0.0
 10
210.9459123068204
 20
173.8421475744237
 30
0.0
 10
210.9870122554175
 20
174.1506286302652
 30
0.0
 10
211.047192408947
 20
174.3878848651588
 30
0.0
 10
211.0529632433911
 20
174.5274662405566
 30
0.0
 10
211.0396998651041
 20
174.6241023837235
 30
0.0
 10
211.0180190438721
 20
174.6836274853995
 30
0.0
 10
211.0061024193412
 20
174.7163448017436
 30
0.0
  0
LWPOLYLINE
  5
3F8
330
1F
100
AcDbEntity
  8
0
  6
Continuous
 62
7
370
25
100
AcDbPolyline
 90
9
 70
128
 10
211.0061024193412
 20
174.7163448017436
 10
211.0055881817021
 20
174.7172756219655
 10
211.0050739749586
 20
174.718206507828
 10
211.0045597991138
 20
174.7191374593253
 10
211.004045654171
 20
174.7200684764513
 10
211.0035315401336
 20
174.7209995592002
 10
211.0030174570049
 20
174.7219307075658
 10
211.0025034047881
 20
174.7228619215424
 10
211.0019893834865
 20
174.7237932011239
  0
SPLINE
  5
3F9
330
1F
100
AcDbEntity
  8
0
  6
Continuous
 62
7
370
25
100
AcDbSpline
 70
8
 71
3
 72
13
 73
9
 74
0
 42
1e-08
 40
0.0
 40
0.0
 40
0.0
 40
0.0
 40
0.0837574062253952
 40
0.1523862186386603
 40
0.216575244330664
 40
0.4143915959790506
 40
0.8129502857501923
 40
1.0
 40
1.0
 40
1.0
 40
1.0
 10
211.0019893834864
 20
174.7237932011239
 30
0.0
 10
210.9844111264143
 20
174.7444889027093
 30
0.0
 10
210.9524296665507
 20
174.7821421664481
 30
0.0
 10
210.9022511250805
 20
174.8003945806609
 30
0.0
 10
210.8317527562388
 20
174.7780299143127
 30
0.0
 10
210.7159217375425
 20
174.6415532214064
 30
0.0
 10
210.5623681860376
 20
174.536717204361
 30
0.0
 10
210.4454191218534
 20
174.4671980460052
 30
0.0
 10
210.4080643146354
 20
174.4449928682515
 30
0.0
  0
ARC
  5
3FA
330
1F
100
AcDbEntity
  8
0
  6
Continuous
 62
7
370
25
100
AcDbCircle
 10
230.0318596864672
 20
184.6536468633844
 30
0.0
 40
22.12035174195632
100
AcDbArc
 50
206.5938107486722
 51
207.4842682237435
  0
SPLINE
  5
3FB
330
1F
100
AcDbEntity
  8
0
  6
Continuous
 62
7
370
25
100
AcDbSpline
 70
8
 71
3
 72
13
 73
9
 74
0
 42
1e-08
 40
0.0
 40
0.0
 40
0.0
 40
0.0
 40
0.1870497142498697
 40
0.5856084040210554
 40
0.7834247556693833
 40
0.8476137813613581
 40
0.916242593774599
 40
0.9999999999999998
 40
0.9999999999999998
 40
0.9999999999999998
 40
0.9999999999999998
 10
210.2517836498994
 20
174.7511949864266
 30
0.0
 10
210.2640527338572
 20
174.8225508483751
 30
0.0
 10
210.3024643331704
 20
175.0459491711196
 30
0.0
 10
210.3599512239531
 20
175.3390094643342
 30
0.0
 10
210.433172305297
 20
175.5589721924105
 30
0.0
 10
210.4461614645082
 20
175.694015172696
 30
0.0
 10
210.4376312191864
 20
175.7907914147893
 30
0.0
 10
210.4186589513861
 20
175.8529722499518
 30
0.0
 10
210.4082310534085
 20
175.8871492609484
 30
0.0
  0
LWPOLYLINE
  5
3FC
330
1F
100
AcDbEntity
  8
0
  6
Continuous
 62
7
370
25
100
AcDbPolyline
 90
9
 70
128
 10
210.4082310534085
 20
175.8871492609484
 10
210.4077564873352
 20
175.8881549295408
 10
210.4072819559835
 20
175.8891606562803
 10
210.4068074593566
 20
175.8901664411603
 10
210.4063329974573
 20
175.8911722841745
 10
210.4058585702888
 20
175.8921781853163
 10
210.4053841778541
 20
175.8931841445793
 10
210.4049098201561
 20
175.8941901619572
 10
210.404435497198
 20
175.8951962374435
  0
SPLINE
  5
3FD
330
1F
100
AcDbEntity
  8
0
  6
Continuous
 62
7
370
25
100
AcDbSpline
 70
8
 71
3
 72
13
 73
9
 74
0
 42
1e-08
 40
0.0
 40
0.0
 40
0.0
 40
0.0
 40
0.0837574062253823
 40
0.1523862186386234
 40
0.2165752443306006
 40
0.4143915959789665
 40
0.8129502857501821
 40
1.0
 40
1.0
 40
1.0
 40
1.0
 10
210.404435497198
 20
175.8951962374435
 30
0.0
 10
210.3876451833734
 20
175.9187246847431
 30
0.0
 10
210.3570972885806
 20
175.961531778181
 30
0.0
 10
210.3070826096568
 20
175.9888769041282
 30
0.0
 10
210.2343621464051
 20
175.9804705412413
 30
0.0
 10
210.109785814497
 20
175.8693863203658
 30
0.0
 10
209.9485254614895
 20
175.7963366303523
 30
0.0
 10
209.8262342131513
 20
175.7507719442878
 30
0.0
 10
209.7871730540219
 20
175.7362180863689
 30
0.0
  0
ARC
  5
3FE
330
1F
100
AcDbEntity
  8
0
  6
Continuous
 62
7
370
25
100
AcDbCircle
 10
232.6507943772854
 20
185.8904768431244
 30
0.0
 40
25.01707718564936
100
AcDbArc
 50
203.1267855235204
 51
203.9471048564381
  0
SPLINE
  5
3FF
330
1F
100
AcDbEntity
  8
0
  6
Continuous
 62
7
370
25
100
AcDbSpline
 70
8
 71
3
 72
13
 73
9
 74
0
 42
1e-08
 40
0.0
 40
0.0
 40
0.0
 40
0.0
 40
0.1870497142498015
 40
0.5856084040210757
 40
0.7834247556694086
 40
0.8476137813613732
 40
0.9162425937746482
 40
1.0
 40
1.0
 40
1.0
 40
1.0
 10
209.6441400250762
 20
176.064592331758
 30
0.0
 10
209.6602419333779
 20
176.1318558800247
 30
0.0
 10
209.7106531989608
 20
176.3424421367705
 30
0.0
 10
209.7839902923187
 20
176.6173454423613
 30
0.0
 10
209.8695686559689
 20
176.8179609308937
 30
0.0
 10
209.8896548636676
 20
176.9472046561458
 30
0.0
 10
209.885937395913
 20
177.0432174234678
 30
0.0
 10
209.869850820497
 20
177.1074734264125
 30
0.0
 10
209.8610090115466
 20
177.1427910305184
 30
0.0
  0
LWPOLYLINE
  5
400
330
1F
100
AcDbEntity
  8
0
  6
Continuous
 62
7
370
25
100
AcDbPolyline
 90
9
 70
128
 10
209.8610090115466
 20
177.1427910305184
 10
209.8605785479347
 20
177.1438621578248
 10
209.8601481225464
 20
177.1449333352415
 10
209.8597177353845
 20
177.1460045627619
 10
209.8592873864516
 20
177.147075840379
 10
209.8588570757506
 20
177.1481471680858
 10
209.8584268032841
 20
177.1492185458756
 10
209.8579965690551
 20
177.1502899737416
 10
209.8575663730662
 20
177.1513614516768
  0
SPLINE
  5
401
330
1F
100
AcDbEntity
  8
0
  6
Continuous
 62
7
370
25
100
AcDbSpline
 70
8
 71
3
 72
13
 73
9
 74
0
 42
1e-08
 40
0.0
 40
0.0
 40
0.0
 40
0.0
 40
0.0837574062251568
 40
0.152386218638193
 40
0.216575244329996
 40
0.4143915959778682
 40
0.8129502857480055
 40
1.0
 40
1.0
 40
1.0
 40
1.0
 10
209.8575663730662
 20
177.1513614516768
 30
0.0
 10
209.8417207691253
 20
177.1775029659175
 30
0.0
 10
209.8128916568664
 20
177.2250642107572
 30
0.0
 10
209.7635078140702
 20
177.2612467343654
 30
0.0
 10
209.6892442277805
 20
177.2668771628854
 30
0.0
 10
209.5570857183065
 20
177.1822225774812
 30
0.0
 10
209.3896242082625
 20
177.1416412597721
 30
0.0
 10
209.2631325762058
 20
177.1204564711962
 30
0.0
 10
209.2227297686828
 20
177.1136898185621
 30
0.0
  0
ARC
  5
402
330
1F
100
AcDbEntity
  8
0
  6
Continuous
 62
7
370
25
100
AcDbCircle
 10
235.1220901559044
 20
186.8851526271793
 30
0.0
 40
27.68137196540972
100
AcDbArc
 50
199.9039831208284
 51
200.6707826484607
  0
SPLINE
  5
403
330
1F
100
AcDbEntity
  8
0
  6
Continuous
 62
7
370
25
100
AcDbSpline
 70
8
 71
3
 72
13
 73
9
 74
0
 42
1e-08
 40
0.0
 40
0.0
 40
0.0
 40
0.0
 40
0.1870497142499008
 40
0.5856084040209933
 40
0.7834247556693997
 40
0.8476137813613689
 40
0.9162425937746238
 40
1.0
 40
1.0
 40
1.0
 40
1.0
 10
209.0942798363824
 20
177.4611702493119
 30
0.0
 10
209.1140642298484
 20
177.5237134622697
 30
0.0
 10
209.1760044852971
 20
177.7195214658771
 30
0.0
 10
209.2645070525491
 20
177.9737010857487
 30
0.0
 10
209.361643676382
 20
178.1530962419737
 30
0.0
 10
209.3886393930588
 20
178.2753339983521
 30
0.0
 10
209.3897694118664
 20
178.3696868455638
 30
0.0
 10
209.3767187248551
 20
178.4354180753041
 30
0.0
 10
209.3695455585196
 20
178.4715465215654
 30
0.0
  0
LWPOLYLINE
  5
404
330
1F
100
AcDbEntity
  8
0
  6
Continuous
 62
7
370
25
100
AcDbPolyline
 90
9
 70
128
 10
209.3695455585196
 20
178.4715465215654
 10
209.3691632164918
 20
178.4726731067587
 10
209.3687809158327
 20
178.4737997335579
 10
209.3683986565447
 20
178.4749264019558
 10
209.3680164386303
 20
178.4760531119453
 10
209.3676342620919
 20
178.477179863519
 10
209.3672521269319
 20
178.47830665667
 10
209.3668700331528
 20
178.4794334913907
 10
209.3664879807571
 20
178.4805603676741
  0
SPLINE
  5
405
330
1F
100
AcDbEntity
  8
0
  6
Continuous
 62
7
370
25
100
AcDbSpline
 70
8
 71
3
 72
9
 73
5
 74
0
 42
1e-08
 40
0.0
 40
0.0
 40
0.0
 40
0.0
 40
0.3766498522882397
 40
1.0
 40
1.0
 40
1.0
 40
1.0
 10
207.4227061712447
 20
189.343484575133
 30
0.0
 10
207.3993112098823
 20
189.3716632029198
 30
0.0
 10
207.3371979202574
 20
189.4464770588543
 30
0.0
 10
207.2778883592592
 20
189.5311551463456
 30
0.0
 10
207.2409177356502
 20
189.5839392446912
 30
0.0
  0
ARC
  5
406
330
1F
100
AcDbEntity
  8
0
  6
Continuous
 62
7
370
25
100
AcDbCircle
 10
236.0713598205056
 20
188.3915006027779
 30
0.0
 40
28.85509141768444
100
AcDbArc
 50
176.8857115795291
 51
177.6315735177071
  0
SPLINE
  5
407
330
1F
100
AcDbEntity
  8
0
  6
Continuous
 62
7
370
25
100
AcDbSpline
 70
8
 71
3
 72
13
 73
9
 74
0
 42
1e-08
 40
0.0
 40
0.0
 40
0.0
 40
0.0
 40
0.1870497142499218
 40
0.585608404021103
 40
0.7834247556694179
 40
0.8476137813614153
 40
0.9162425937746655
 40
1.0
 40
1.0
 40
1.0
 40
1.0
 10
207.2588829550368
 20
189.9591349988506
 30
0.0
 10
207.2990238690102
 20
189.9676146869424
 30
0.0
 10
207.4246955743225
 20
189.9941625842751
 30
0.0
 10
207.594796530734
 20
190.0174793865469
 30
0.0
 10
207.7446773859529
 20
189.9862128017507
 30
0.0
 10
207.8130903798356
 20
190.0188508692836
 30
0.0
 10
207.8489441155754
 20
190.0711682466193
 30
0.0
 10
207.8620179861359
 20
190.1266614213677
 30
0.0
 10
207.8692038950536
 20
190.1571626334961
 30
0.0
  0
LWPOLYLINE
  5
408
330
1F
100
AcDbEntity
  8
0
  6
Continuous
 62
7
370
25
100
AcDbPolyline
 90
9
 70
128
 10
207.8692038950536
 20
190.1571626334961
 10
207.8692914855555
 20
190.1583321246484
 10
207.8693791270253
 20
190.1595015826179
 10
207.8694668194625
 20
190.1606710073971
 10
207.8695545628665
 20
190.1618403989785
 10
207.8696423572367
 20
190.1630097573546
 10
207.8697302025726
 20
190.164179082518
 10
207.8698180988736
 20
190.1653483744611
 10
207.8699060461393
 20
190.1665176331764
  0
SPLINE
  5
409
330
1F
100
AcDbEntity
  8
0
  6
Continuous
 62
7
370
25
100
AcDbSpline
 70
8
 71
3
 72
13
 73
9
 74
0
 42
1e-08
 40
0.0
 40
0.0
 40
0.0
 40
0.0
 40
0.0837574062254018
 40
0.1523862186386606
 40
0.2165752443306336
 40
0.4143915959789942
 40
0.812950285750189
 40
1.0
 40
1.0
 40
1.0
 40
1.0
 10
207.8699060461393
 20
190.1665176331764
 30
0.0
 10
207.8677553141244
 20
190.2031018094854
 30
0.0
 10
207.863842323813
 20
190.2696621835582
 30
0.0
 10
207.8388189854736
 20
190.3616419045252
 30
0.0
 10
207.7814558608722
 20
190.4762250344222
 30
0.0
 10
207.6410753642133
 20
190.6340681539812
 30
0.0
 10
207.4901717652152
 20
190.8665243272972
 30
0.0
 10
207.380017202413
 20
191.0467166404429
 30
0.0
 10
207.3448326330762
 20
191.104272031473
 30
0.0
  0
ARC
  5
40A
330
1F
100
AcDbEntity
  8
0
  6
Continuous
 62
7
370
25
100
AcDbCircle
 10
233.5802003862137
 20
188.5805119757239
 30
0.0
 40
26.35647711590767
100
AcDbArc
 50
173.7129469942499
 51
174.5052333948579
  0
SPLINE
  5
40B
330
1F
100
AcDbEntity
  8
0
  6
Continuous
 62
7
370
25
100
AcDbSpline
 70
8
 71
3
 72
13
 73
9
 74
0
 42
1e-08
 40
0.0
 40
0.0
 40
0.0
 40
0.0
 40
0.187049714249763
 40
0.5856084040210271
 40
0.7834247556693752
 40
0.8476137813613718
 40
0.9162425937746131
 40
0.9999999999999998
 40
0.9999999999999998
 40
0.9999999999999998
 40
0.9999999999999998
 10
207.3822383325488
 20
191.4668020159134
 30
0.0
 10
207.4234271572867
 20
191.4674388963233
 30
0.0
 10
207.5523796232928
 20
191.469432818217
 30
0.0
 10
207.7262767298136
 20
191.4598259978632
 30
0.0
 10
207.8768558938114
 20
191.4008267112974
 30
0.0
 10
207.9479838191704
 20
191.4196498022388
 30
0.0
 10
207.9870590764651
 20
191.4638590052065
 30
0.0
 10
208.0031678161816
 20
191.5154978602473
 30
0.0
 10
208.0120218074957
 20
191.5438805880117
 30
0.0
  0
LWPOLYLINE
  5
40C
330
1F
100
AcDbEntity
  8
0
  6
Continuous
 62
7
370
25
100
AcDbPolyline
 90
9
 70
128
 10
208.0120218074957
 20
191.5438805880117
 10
208.0121704781272
 20
191.5450045916537
 10
208.0123191988122
 20
191.5461285532381
 10
208.0124679695499
 20
191.5472524727578
 10
208.012616790339
 20
191.5483763502054
 10
208.0127656611788
 20
191.5495001855739
 10
208.0129145820682
 20
191.550623978856
 10
208.0130635530064
 20
191.5517477300445
 10
208.0132125739923
 20
191.5528714391323
  0
SPLINE
  5
40D
330
1F
100
AcDbEntity
  8
0
  6
Continuous
 62
7
370
25
100
AcDbSpline
 70
8
 71
3
 72
13
 73
9
 74
0
 42
1e-08
 40
0.0
 40
0.0
 40
0.0
 40
0.0
 40
0.0837574062253294
 40
0.152386218638566
 40
0.2165752443305289
 40
0.4143915959788683
 40
0.8129502857501302
 40
1.0
 40
1.0
 40
1.0
 40
1.0
 10
208.0132125739923
 20
191.5528714391323
 30
0.0
 10
208.0128976565098
 20
191.58896276379
 30
0.0
 10
208.0123247031854
 20
191.6546264553739
 30
0.0
 10
207.991616539006
 20
191.7490975059912
 30
0.0
 10
207.9392279055212
 20
191.8717649455787
 30
0.0
 10
207.8047602436087
 20
192.0524137049706
 30
0.0
 10
207.6634196203033
 20
192.3078373957392
 30
0.0
 10
207.5607824214867
 20
192.5045362067734
 30
0.0
 10
207.5279989802344
 20
192.5673639533437
 30
0.0
  0
ARC
  5
40E
330
1F
100
AcDbEntity
  8
0
  6
Continuous
 62
7
370
25
100
AcDbCircle
 10
230.8036108844925
 20
188.949888115867
 30
0.0
 40
23.55504703778731
100
AcDbArc
 50
170.3118942356392
 51
171.1658163665142
  0
SPLINE
  5
40F
330
1F
100
AcDbEntity
  8
0
  6
Continuous
 62
7
370
25
100
AcDbSpline
 70
8
 71
3
 72
13
 73
9
 74
0
 42
1e-08
 40
0.0
 40
0.0
 40
0.0
 40
0.0
 40
0.1870497142498575
 40
0.5856084040210175
 40
0.7834247556694113
 40
0.8476137813614073
 40
0.9162425937746338
 40
1.0
 40
1.0
 40
1.0
 40
1.0
 10
207.5844959128571
 20
192.9138433232763
 30
0.0
 10
207.6263480794006
 20
192.9066314496239
 30
0.0
 10
207.7573773116697
 20
192.8840527793673
 30
0.0
 10
207.9334469378705
 20
192.8416120326805
 30
0.0
 10
208.0833184935642
 20
192.7554309047873
 30
0.0
 10
208.1564972481247
 20
192.7602632730089
 30
0.0
 10
208.1984291918252
 20
192.7959515321919
 30
0.0
 10
208.2174223977353
 20
192.8432539294489
 30
0.0
 10
208.2278618041144
 20
192.8692531709675
 30
0.0
  0
LWPOLYLINE
  5
410
330
1F
100
AcDbEntity
  8
0
  6
Continuous
 62
7
370
25
100
AcDbPolyline
 90
9
 70
128
 10
208.2278618041144
 20
192.8692531709675
 10
208.2280701667778
 20
192.87032119258
 10
208.2282785781131
 20
192.871389163653
 10
208.2284870381188
 20
192.8724570841793
 10
208.2286955467935
 20
192.8735249541523
 10
208.2289041041359
 20
192.874592773565
 10
208.2291127101447
 20
192.8756605424108
 10
208.2293213648186
 20
192.8767282606827
 10
208.2295300681562
 20
192.8777959283739
  0
SPLINE
  5
411
330
1F
100
AcDbEntity
  8
0
  6
Continuous
 62
7
370
25
100
AcDbSpline
 70
8
 71
3
 72
13
 73
9
 74
0
 42
1e-08
 40
0.0
 40
0.0
 40
0.0
 40
0.0
 40
0.0837574062253457
 40
0.1523862186386032
 40
0.2165752443305736
 40
0.4143915959790023
 40
0.8129502857501334
 40
1.0
 40
1.0
 40
1.0
 40
1.0
 10
208.2295300681562
 20
192.8777959283739
 30
0.0
 10
208.2310539055057
 20
192.9130574264063
 30
0.0
 10
208.2338263386791
 20
192.9772113513053
 30
0.0
 10
208.2176266952088
 20
193.0732916808271
 30
0.0
 10
208.1707016913965
 20
193.2028981172728
 30
0.0
 10
208.043402352559
 20
193.4046658477037
 30
0.0
 10
207.9129443642639
 20
193.6806722337448
 30
0.0
 10
207.8187828253045
 20
193.8920410188667
 30
0.0
 10
207.7887066022947
 20
193.9595545152354
 30
0.0
  0
ARC
  5
412
330
1F
100
AcDbEntity
  8
0
  6
Continuous
 62
7
370
25
100
AcDbCircle
 10
227.900202499451
 20
189.518035346152
 30
0.0
 40
20.59610059576013
100
AcDbArc
 50
166.6125544340578
 51
167.5464210920218
  0
SPLINE
  5
413
330
1F
100
AcDbEntity
  8
0
  6
Continuous
 62
7
370
25
100
AcDbSpline
 70
8
 71
3
 72
13
 73
9
 74
0
 42
1e-08
 40
0.0
 40
0.0
 40
0.0
 40
0.0
 40
0.1870497142497623
 40
0.5856084040209907
 40
0.7834247556692827
 40
0.8476137813612551
 40
0.9162425937745492
 40
1.0
 40
1.0
 40
1.0
 40
1.0
 10
207.8637672714298
 20
194.2867482861371
 30
0.0
 10
207.9058920173763
 20
194.2717549937432
 30
0.0
 10
208.0377746312707
 20
194.2248145422966
 30
0.0
 10
208.2143728624908
 20
194.1499361270945
 30
0.0
 10
208.3621374995456
 20
194.0373778078445
 30
0.0
 10
208.4366838329934
 20
194.028174334826
 30
0.0
 10
208.4810809558391
 20
194.0550084385643
 30
0.0
 10
208.5027812934968
 20
194.0975327282993
 30
0.0
 10
208.5147086450162
 20
194.1209057356592
 30
0.0
  0
LWPOLYLINE
  5
414
330
1F
100
AcDbEntity
  8
0
  6
Continuous
 62
7
370
25
100
AcDbPolyline
 90
9
 70
128
 10
208.5147086450162
 20
194.1209057356592
 10
208.5149747542857
 20
194.1219078034122
 10
208.5152409103907
 20
194.1229098126153
 10
208.5155071133295
 20
194.1239117632621
 10
208.5157733631004
 20
194.1249136553462
 10
208.5160396597018
 20
194.1259154888611
 10
208.5163060031319
 20
194.1269172638005
 10
208.5165723933889
 20
194.1279189801579
 10
208.5168388304712
 20
194.1289206379269
  0
SPLINE
  5
415
330
1F
100
AcDbEntity
  8
0
  6
Continuous
 62
7
370
25
100
AcDbSpline
 70
8
 71
3
 72
13
 73
9
 74
0
 42
1e-08
 40
0.0
 40
0.0
 40
0.0
 40
0.0
 40
0.0837574062253395
 40
0.1523862186385959
 40
0.2165752443305734
 40
0.414391595978921
 40
0.8129502857501272
 40
1.0
 40
1.0
 40
1.0
 40
1.0
 10
208.5168388304712
 20
194.1289206379269
 30
0.0
 10
208.5201871949942
 20
194.1630230822278
 30
0.0
 10
208.5262791292035
 20
194.2250682525302
 30
0.0
 10
208.5147392581491
 20
194.3218607848072
 30
0.0
 10
208.4737160101262
 20
194.4571961177344
 30
0.0
 10
208.354773553992
 20
194.6781989682693
 30
0.0
 10
208.2364162517939
 20
194.9722110523217
 30
0.0
 10
208.1516095336101
 20
195.1962763181346
 30
0.0
 10
208.1245213424335
 20
195.2678452089767
 30
0.0
  0
ARC
  5
416
330
1F
100
AcDbEntity
  8
0
  6
Continuous
 62
7
370
25
100
AcDbCircle
 10
225.0286884462443
 20
190.2818047423122
 30
0.0
 40
17.62417274679233
100
AcDbArc
 50
162.5299850598673
 51
163.5660886331518
  0
SPLINE
  5
417
330
1F
100
AcDbEntity
  8
0
  6
Continuous
 62
7
370
25
100
AcDbSpline
 70
8
 71
3
 72
13
 73
9
 74
0
 42
1e-08
 40
0.0
 40
0.0
 40
0.0
 40
0.0
 40
0.1870497142498531
 40
0.5856084040211139
 40
0.7834247556694122
 40
0.8476137813613775
 40
0.9162425937746473
 40
1.0
 40
1.0
 40
1.0
 40
1.0
 10
208.2174449268373
 20
195.5726984607659
 30
0.0
 10
208.2594489447838
 20
195.5500637379621
 30
0.0
 10
208.3909535878717
 20
195.4791997756738
 30
0.0
 10
208.5664315740076
 20
195.3725828115436
 30
0.0
 10
208.7107096538207
 20
195.2346982276367
 30
0.0
 10
208.7859275471254
 20
195.2115448437261
 30
0.0
 10
208.832375325143
 20
195.2292742492229
 30
0.0
 10
208.8565801843421
 20
195.2666233936001
 30
0.0
 10
208.8698841185343
 20
195.2871519393289
 30
0.0
  0
LWPOLYLINE
  5
418
330
1F
100
AcDbEntity
  8
0
  6
Continuous
 62
7
370
25
100
AcDbPolyline
 90
9
 70
128
 10
208.8698841185343
 20
195.2871519393289
 10
208.8702054898192
 20
195.2880786971858
 10
208.8705269056661
 20
195.2890053890292
 10
208.870848366073
 20
195.2899320148533
 10
208.8711698710378
 20
195.290858574652
 10
208.8714914205584
 20
195.2917850684195
 10
208.8718130146329
 20
195.2927114961498
 10
208.8721346532592
 20
195.293637857837
 10
208.8724563364349
 20
195.2945641534753
  0
SPLINE
  5
419
330
1F
100
AcDbEntity
  8
0
  6
Continuous
 62
7
370
25
100
AcDbSpline
 70
8
 71
3
 72
13
 73
9
 74
0
 42
1e-08
 40
0.0
 40
0.0
 40
0.0
 40
0.0
 40
0.0837574062253756
 40
0.1523862186386358
 40
0.2165752443306247
 40
0.4143915959789769
 40
0.8129502857501373
 40
1.0
 40
1.0
 40
1.0
 40
1.0
 10
208.8724563364349
 20
195.2945641534753
 30
0.0
 10
208.8775979653538
 20
195.3271891387104
 30
0.0
 10
208.886952521851
 20
195.3865462553784
 30
0.0
 10
208.8801801678791
 20
195.483147264616
 30
0.0
 10
208.8454416986595
 20
195.6229479044854
 30
0.0
 10
208.7359666588939
 20
195.8611224310546
 30
0.0
 10
208.6308151130334
 20
196.1703951015069
 30
0.0
 10
208.5561550331036
 20
196.4050648109952
 30
0.0
 10
208.5323077889027
 20
196.4800208768602
 30
0.0
  0
ARC
  5
41A
330
1F
100
AcDbEntity
  8
0
  6
Continuous
 62
7
370
25
100
AcDbCircle
 10
222.3354119458623
 20
191.2163415172656
 30
0.0
 40
14.77267764382938
100
AcDbArc
 50
157.9606596095596
 51
159.1261370039877
  0
SPLINE
  5
41B
330
1F
100
AcDbEntity
  8
0
  6
Continuous
 62
7
370
25
100
AcDbSpline
 70
8
 71
3
 72
13
 73
9
 74
0
 42
1e-08
 40
0.0
 40
0.0
 40
0.0
 40
0.0
 40
0.1870497142497838
 40
0.5856084040210501
 40
0.7834247556693664
 40
0.8476137813613224
 40
0.9162425937745855
 40
1.0
 40
1.0
 40
1.0
 40
1.0
 10
208.6422266861045
 20
196.7596872768632
 30
0.0
 10
208.6837177958527
 20
196.7296224579576
 30
0.0
 10
208.8136166447133
 20
196.6354966225501
 30
0.0
 10
208.9863359950892
 20
196.4981365633595
 30
0.0
 10
209.1257804321023
 20
196.3362131060047
 30
0.0
 10
209.200967596061
 20
196.2993259881092
 30
0.0
 10
209.2490323588612
 20
196.3077851606824
 30
0.0
 10
209.2755157453533
 20
196.339610440804
 30
0.0
 10
209.2900720469693
 20
196.3571028554016
 30
0.0
  0
ARC
  5
41C
330
1F
100
AcDbEntity
  8
0
  6
Continuous
 62
7
370
25
100
AcDbCircle
 10
220.7421228247095
 20
191.2806188383711
 30
0.0
 40
12.52677759805397
100
AcDbArc
 50
156.0594417137038
 51
156.0931686260978
  0
SPLINE
  5
41D
330
1F
100
AcDbEntity
  8
0
  6
Continuous
 62
7
370
25
100
AcDbSpline
 70
8
 71
3
 72
13
 73
9
 74
0
 42
1e-08
 40
0.0
 40
0.0
 40
0.0
 40
0.0
 40
0.0837574062254066
 40
0.1523862186386894
 40
0.2165752443306816
 40
0.4143915959790106
 40
0.8129502857501048
 40
1.0
 40
1.0
 40
1.0
 40
1.0
 10
209.2930622812101
 20
196.3638431755798
 30
0.0
 10
209.2999491685211
 20
196.3946860910525
 30
0.0
 10
209.3124790063325
 20
196.4508009526807
 30
0.0
 10
209.3105374010872
 20
196.5463085012833
 30
0.0
 10
209.2824080543983
 20
196.6892691671877
 30
0.0
 10
209.1834225699512
 20
196.942391598409
 30
0.0
 10
209.0924585520811
 20
197.2640372596665
 30
0.0
 10
209.0286421914548
 20
197.5071203649808
 30
0.0
 10
209.0082585495234
 20
197.5847637612774
 30
0.0
  0
ARC
  5
41E
330
1F
100
AcDbEntity
  8
0
  6
Continuous
 62
7
370
25
100
AcDbCircle
 10
219.9429978859987
 20
192.276797158191
 30
0.0
 40
12.15495922725132
100
AcDbArc
 50
152.779708636569
 51
154.107028475261
  0
SPLINE
  5
41F
330
1F
100
AcDbEntity
  8
0
  6
Continuous
 62
7
370
25
100
AcDbSpline
 70
8
 71
3
 72
13
 73
9
 74
0
 42
1e-08
 40
0.0
 40
0.0
 40
0.0
 40
0.0
 40
0.1870497142498488
 40
0.5856084040210965
 40
0.7834247556694363
 40
0.8476137813613857
 40
0.9162425937746576
 40
1.0
 40
1.0
 40
1.0
 40
1.0
 10
209.1341464763961
 20
197.8366321396697
 30
0.0
 10
209.1747372866337
 20
197.7994179317759
 30
0.0
 10
209.3018175107145
 20
197.6829090508133
 30
0.0
 10
209.470165591292
 20
197.5160883904256
 30
0.0
 10
209.6034744303687
 20
197.3316378953163
 30
0.0
 10
209.6779288626891
 20
197.2813614485168
 30
0.0
 10
209.7271618425324
 20
197.2804714071513
 30
0.0
 10
209.7556764880731
 20
197.3064756789515
 30
0.0
 10
209.7713492488469
 20
197.3207686404556
 30
0.0
  0
ARC
  5
420
330
1F
100
AcDbEntity
  8
0
  6
Continuous
 62
7
370
25
100
AcDbCircle
 10
218.6841968258292
 20
192.3079194962448
 30
0.0
 40
10.2258255643804
100
AcDbArc
 50
150.6066980893354
 51
150.6453114154784
  0
SPLINE
  5
421
330
1F
100
AcDbEntity
  8
0
  6
Continuous
 62
7
370
25
100
AcDbSpline
 70
8
 71
3
 72
13
 73
9
 74
0
 42
1e-08
 40
0.0
 40
0.0
 40
0.0
 40
0.0
 40
0.083757406225354
 40
0.1523862186386127
 40
0.2165752443306177
 40
0.4143915959790237
 40
0.8129502857502235
 40
1.0
 40
1.0
 40
1.0
 40
1.0
 10
209.7747295804163
 20
197.3267741341129
 30
0.0
 10
209.7832974251081
 20
197.3555470078314
 30
0.0
 10
209.7988855565142
 20
197.407895685076
 30
0.0
 10
209.8017928282406
 20
197.5014180447955
 30
0.0
 10
209.7805352402135
 20
197.6462039515159
 30
0.0
 10
209.6929635118828
 20
197.9119109514494
 30
0.0
 10
209.6170363285288
 20
198.2429264846354
 30
0.0
 10
209.5646595233713
 20
198.4921533843167
 30
0.0
 10
209.547929800282
 20
198.5717591755734
 30
0.0
  0
ARC
  5
422
330
1F
100
AcDbEntity
  8
0
  6
Continuous
 62
7
370
25
100
AcDbCircle
 10
217.9410676378697
 20
193.4017647368341
 30
0.0
 40
9.857667333468944
100
AcDbArc
 50
146.8415486065937
 51
148.3678138938776
  0
SPLINE
  5
423
330
1F
100
AcDbEntity
  8
0
  6
Continuous
 62
7
370
25
100
AcDbSpline
 70
8
 71
3
 72
13
 73
9
 74
0
 42
1e-08
 40
0.0
 40
0.0
 40
0.0
 40
0.0
 40
0.1870497142498316
 40
0.5856084040210323
 40
0.7834247556693774
 40
0.8476137813613561
 40
0.9162425937746002
 40
1.0
 40
1.0
 40
1.0
 40
1.0
 10
209.6886113751709
 20
198.7934779051681
 30
0.0
 10
209.7279229004391
 20
198.7494617673183
 30
0.0
 10
209.8509979859277
 20
198.6116576528307
 30
0.0
 10
210.0134029760378
 20
198.4169339508046
 30
0.0
 10
210.1393315484652
 20
198.2116785825158
 30
0.0
 10
210.2123580881738
 20
198.1484822244503
 30
0.0
 10
210.2622996099923
 20
198.1382512792224
 30
0.0
 10
210.2925792810192
 20
198.1581917478222
 30
0.0
 10
210.3092221686061
 20
198.1691518067025
 30
0.0
  0
ARC
  5
424
330
1F
100
AcDbEntity
  8
0
  6
Continuous
 62
7
370
25
100
AcDbCircle
 10
217.0187804303465
 20
193.3623427307577
 30
0.0
 40
8.253701324876896
100
AcDbArc
 50
144.3371861133611
 51
144.3817281761074
  0
SPLINE
  5
425
330
1F
100
AcDbEntity
  8
0
  6
Continuous
 62
7
370
25
100
AcDbSpline
 70
8
 71
3
 72
13
 73
9
 74
0
 42
1e-08
 40
0.0
 40
0.0
 40
0.0
 40
0.0
 40
0.0837574062253291
 40
0.1523862186385665
 40
0.2165752443305369
 40
0.4143915959789919
 40
0.8129502857501829
 40
1.0
 40
1.0
 40
1.0
 40
1.0
 10
210.3129610362592
 20
198.1743664021621
 30
0.0
 10
210.3231298426743
 20
198.200800589557
 30
0.0
 10
210.341630725492
 20
198.2488943169232
 30
0.0
 10
210.3493597297775
 20
198.3395582946851
 30
0.0
 10
210.3351723767838
 20
198.4848176152209
 30
0.0
 10
210.2598320382024
 20
198.7606283491988
 30
0.0
 10
210.1996506010179
 20
199.0979231514673
 30
0.0
 10
210.1592023794466
 20
199.3509668811037
 30
0.0
 10
210.1462827761163
 20
199.4317918094964
 30
0.0
  0
ARC
  5
426
330
1F
100
AcDbEntity
  8
0
  6
Continuous
 62
7
370
25
100
AcDbCircle
 10
216.3797835094652
 20
194.5181534064979
 30
0.0
 40
7.93727747707507
100
AcDbArc
 50
139.9891272550667
 51
141.7525925988576
  0
SPLINE
  5
427
330
1F
100
AcDbEntity
  8
0
  6
Continuous
 62
7
370
25
100
AcDbSpline
 70
8
 71
3
 72
13
 73
9
 74
0
 42
1e-08
 40
0.0
 40
0.0
 40
0.0
 40
0.0
 40
0.1870497142498611
 40
0.5856084040210114
 40
0.7834247556693565
 40
0.8476137813613202
 40
0.9162425937745624
 40
1.0
 40
1.0
 40
1.0
 40
1.0
 10
210.3004444930614
 20
199.621290762254
 30
0.0
 10
210.3381096922407
 20
199.570883661268
 30
0.0
 10
210.4560305202249
 20
199.4130709531431
 30
0.0
 10
210.6109760882324
 20
199.1922622922188
 30
0.0
 10
210.7283486328594
 20
198.9681184648215
 30
0.0
 10
210.7992654508306
 20
198.8925922428575
 30
0.0
 10
210.8494492240912
 20
198.8731159173463
 30
0.0
 10
210.8812112074745
 20
198.8868064039628
 30
0.0
 10
210.8986688317171
 20
198.8943312291025
 30
0.0
  0
ARC
  5
428
330
1F
100
AcDbEntity
  8
0
  6
Continuous
 62
7
370
25
100
AcDbCircle
 10
215.7729764631528
 20
194.3722780605878
 30
0.0
 40
6.648897633799652
100
AcDbArc
 50
137.0954731615229
 51
137.1469213083667
  0
SPLINE
  5
429
330
1F
100
AcDbEntity
  8
0
  6
Continuous
 62
7
370
25
100
AcDbSpline
 70
8
 71
3
 72
13
 73
9
 74
0
 42
1e-08
 40
0.0
 40
0.0
 40
0.0
 40
0.0
 40
0.083757406225479
 40
0.1523862186387849
 40
0.216575244330756
 40
0.4143915959790659
 40
0.8129502857502826
 40
1.0
 40
1.0
 40
1.0
 40
1.0
 10
210.9027313266539
 20
198.8987062390918
 30
0.0
 10
210.9144061513868
 20
198.9225549312777
 30
0.0
 10
210.9356470478581
 20
198.9659446705912
 30
0.0
 10
210.9481256210721
 20
199.0529037612633
 30
0.0
 10
210.9411409666043
 20
199.1972802484767
 30
0.0
 10
210.8787354502137
 20
199.4806195459891
 30
0.0
 10
210.8348616570629
 20
199.8210443866503
 30
0.0
 10
210.8067196732244
 20
200.0755423451172
 30
0.0
 10
210.7977308165085
 20
200.1568317700666
 30
0.0
  0
ARC
  5
42A
330
1F
100
AcDbEntity
  8
0
  6
Continuous
 62
7
370
25
100
AcDbCircle
 10
215.2667523131463
 20
195.5470973975008
 30
0.0
 40
6.420420868060356
100
AcDbArc
 50
132.080734526095
 51
134.1120359944938
  0
SPLINE
  5
42B
330
1F
100
AcDbEntity
  8
0
  6
Continuous
 62
7
370
25
100
AcDbSpline
 70
8
 71
3
 72
13
 73
9
 74
0
 42
1e-08
 40
0.0
 40
0.0
 40
0.0
 40
0.0
 40
0.1870497142498327
 40
0.5856084040210521
 40
0.7834247556694268
 40
0.847613781361378
 40
0.9162425937746383
 40
1.0
 40
1.0
 40
1.0
 40
1.0
 10
210.9639333090953
 20
200.312341645323
 30
0.0
 10
210.9996005123694
 20
200.2560142187211
 30
0.0
 10
211.1112660878502
 20
200.0796663716942
 30
0.0
 10
211.2573055487343
 20
199.834834382845
 30
0.0
 10
211.3650261897362
 20
199.5938948668636
 30
0.0
 10
211.4331711547482
 20
199.5067439489862
 30
0.0
 10
211.4831286270812
 20
199.4782040883954
 30
0.0
 10
211.5160763697396
 20
199.4855167686438
 30
0.0
 10
211.5341857335043
 20
199.489536102778
 30
0.0
  0
ARC
  5
42C
330
1F
100
AcDbEntity
  8
0
  6
Continuous
 62
7
370
25
100
AcDbCircle
 10
214.933999158136
 20
195.2637071420877
 30
0.0
 40
5.423685253341588
100
AcDbArc
 50
128.7588502476105
 51
128.8177807084745
  0
SPLINE
  5
42D
330
1F
100
AcDbEntity
  8
0
  6
Continuous
 62
7
370
25
100
AcDbSpline
 70
8
 71
3
 72
13
 73
9
 74
0
 42
1e-08
 40
0.0
 40
0.0
 40
0.0
 40
0.0
 40
0.0837574062253994
 40
0.1523862186386584
 40
0.2165752443306344
 40
0.4143915959789028
 40
0.8129502857501051
 40
0.9999999999999998
 40
0.9999999999999998
 40
0.9999999999999998
 40
0.9999999999999998
 10
211.5385339253041
 20
199.4930306790076
 30
0.0
 10
211.5516057636619
 20
199.5140712071713
 30
0.0
 10
211.5753883532594
 20
199.5523518401268
 30
0.0
 10
211.592499986326
 20
199.6347941301093
 30
0.0
 10
211.5927832442206
 20
199.7769397796391
 30
0.0
 10
211.5438952135136
 20
200.0651621780068
 30
0.0
 10
211.5167387021818
 20
200.4055386020461
 30
0.0
 10
211.501165710197
 20
200.659114610476
 30
0.0
 10
211.4961915266286
 20
200.7401095545235
 30
0.0
  0
ARC
  5
42E
330
1F
100
AcDbEntity
  8
0
  6
Continuous
 62
7
370
25
100
AcDbCircle
 10
214.5675364371795
 20
196.4104078724582
 30
0.0
 40
5.308434441080143
100
AcDbArc
 50
123.0447050907232
 51
125.35060899272
  0
SPLINE
  5
42F
330
1F
100
AcDbEntity
  8
0
  6
Continuous
 62
7
370
25
100
AcDbSpline
 70
8
 71
3
 72
13
 73
9
 74
0
 42
1e-08
 40
0.0
 40
0.0
 40
0.0
 40
0.0
 40
0.1870497142498555
 40
0.585608404021072
 40
0.7834247556693766
 40
0.8476137813613458
 40
0.9162425937745899
 40
1.0
 40
1.0
 40
1.0
 40
1.0
 10
211.6728830069646
 20
200.8601783984731
 30
0.0
 10
211.7062191992663
 20
200.7984565602609
 30
0.0
 10
211.8105869308521
 20
200.6052200866654
 30
0.0
 10
211.9463567535149
 20
200.3386507002051
 30
0.0
 10
212.0434197322904
 20
200.0831650829823
 30
0.0
 10
212.1081565931655
 20
199.9852031738304
 30
0.0
 10
212.1574213251121
 20
199.9478662471486
 30
0.0
 10
212.1912472028497
 20
199.9487328445037
 30
0.0
 10
212.2098392238862
 20
199.9492091601926
 30
0.0
  0
ARC
  5
430
330
1F
100
AcDbEntity
  8
0
  6
Continuous
 62
7
370
25
100
AcDbCircle
 10
214.4513370947764
 20
195.9662875087451
 30
0.0
 40
4.570336703873657
100
AcDbArc
 50
119.3037664355303
 51
119.369821183347
  0
SPLINE
  5
431
330
1F
100
AcDbEntity
  8
0
  6
Continuous
 62
7
370
25
100
AcDbSpline
 70
8
 71
3
 72
13
 73
9
 74
0
 42
1e-08
 40
0.0
 40
0.0
 40
0.0
 40
0.0
 40
0.0837574062254725
 40
0.1523862186387484
 40
0.2165752443306907
 40
0.4143915959790842
 40
0.8129502857502545
 40
1.0
 40
1.0
 40
1.0
 40
1.0
 10
212.2144325146538
 20
199.9517906747457
 30
0.0
 10
212.2287793184038
 20
199.9698265891447
 30
0.0
 10
212.2548815494964
 20
200.0026406997867
 30
0.0
 10
212.2764664757078
 20
200.0797964476307
 30
0.0
 10
212.2840150012629
 20
200.2183840838467
 30
0.0
 10
212.2491009106096
 20
200.5087985281932
 30
0.0
 10
212.2389152341261
 20
200.8459485326486
 30
0.0
 10
212.2360566348251
 20
201.0962350201731
 30
0.0
 10
212.235143567016
 20
201.176179255349
 30
0.0
  0
ARC
  5
432
330
1F
100
AcDbEntity
  8
0
  6
Continuous
 62
7
370
25
100
AcDbCircle
 10
214.2097190336359
 20
197.0370301117967
 30
0.0
 40
4.58601176469784
100
AcDbArc
 50
112.9612853389643
 51
115.5034122680779
  0
SPLINE
  5
433
330
1F
100
AcDbEntity
  8
0
  6
Continuous
 62
7
370
25
100
AcDbSpline
 70
8
 71
3
 72
13
 73
9
 74
0
 42
1e-08
 40
0.0
 40
0.0
 40
0.0
 40
0.0
 40
0.1870497142497662
 40
0.5856084040210137
 40
0.783424755669406
 40
0.8476137813613638
 40
0.9162425937746078
 40
1.0
 40
1.0
 40
1.0
 40
1.0
 10
212.4206743143562
 20
201.2596860175466
 30
0.0
 10
212.4513682446403
 20
201.1931460478977
 30
0.0
 10
212.5474636789416
 20
200.9848251446232
 30
0.0
 10
212.67169621713
 20
200.6990072470896
 30
0.0
 10
212.7571952827984
 20
200.4313609289967
 30
0.0
 10
212.8179196089091
 20
200.3235026725215
 30
0.0
 10
212.8660316289405
 20
200.2777172845734
 30
0.0
 10
212.9004198186509
 20
200.2721297078492
 30
0.0
 10
212.9193209082682
 20
200.2690585578615
 30
0.0
  0
ARC
  5
434
330
1F
100
AcDbEntity
  8
0
  6
Continuous
 62
7
370
25
100
AcDbCircle
 10
214.2420998429493
 20
196.4191843561574
 30
0.0
 40
4.070783153028787
100
AcDbArc
 50
108.8908637441239
 51
108.9622176095162
  0
SPLINE
  5
435
330
1F
100
AcDbEntity
  8
0
  6
Continuous
 62
7
370
25
100
AcDbSpline
 70
8
 71
3
 72
13
 73
9
 74
0
 42
1e-08
 40
0.0
 40
0.0
 40
0.0
 40
0.0
 40
0.0837574062253435
 40
0.1523862186386019
 40
0.2165752443306018
 40
0.4143915959789383
 40
0.8129502857500231
 40
1.0
 40
1.0
 40
1.0
 40
1.0
 10
212.9241164116853
 20
200.2707029078323
 30
0.0
 10
212.9396042285863
 20
200.2855658119934
 30
0.0
 10
212.967782391675
 20
200.3126070238119
 30
0.0
 10
212.9936390783913
 20
200.3837558470884
 30
0.0
 10
213.008382393057
 20
200.5174915145713
 30
0.0
 10
212.9877682259151
 20
200.807386483478
 30
0.0
 10
212.994648485197
 20
201.1381621895981
 30
0.0
 10
213.0045309685512
 20
201.3828222987192
 30
0.0
 10
213.0076875415696
 20
201.4609694072396
 30
0.0
  0
ARC
  5
436
330
1F
100
AcDbEntity
  8
0
  6
Continuous
 62
7
370
25
100
AcDbCircle
 10
214.0901727408305
 20
197.3689674754584
 30
0.0
 40
4.232759621844883
100
AcDbArc
 50
102.1357533586543
 51
104.8174275902594
  0
SPLINE
  5
437
330
1F
100
AcDbEntity
  8
0
  6
Continuous
 62
7
370
25
100
AcDbSpline
 70
8
 71
3
 72
13
 73
9
 74
0
 42
1e-08
 40
0.0
 40
0.0
 40
0.0
 40
0.0
 40
0.187049714249822
 40
0.5856084040209919
 40
0.7834247556693831
 40
0.8476137813613672
 40
0.9162425937746007
 40
1.0
 40
1.0
 40
1.0
 40
1.0
 10
213.2003253053146
 20
201.5071344075463
 30
0.0
 10
213.2280903926239
 20
201.4363975722288
 30
0.0
 10
213.3150163124621
 20
201.2149372754197
 30
0.0
 10
213.4265516404396
 20
200.9125394715131
 30
0.0
 10
213.4996885112613
 20
200.6352313941086
 30
0.0
 10
213.5558333359357
 20
200.5184838337899
 30
0.0
 10
213.6023434350843
 20
200.4646774704065
 30
0.0
 10
213.6369728635055
 20
200.4526878893015
 30
0.0
 10
213.6560065473225
 20
200.4460979481371
 30
0.0
  0
ARC
  5
438
330
1F
100
AcDbEntity
  8
0
  6
Continuous
 62
7
370
25
100
AcDbCircle
 10
214.1990863720487
 20
196.5761764540386
 30
0.0
 40
3.907841868155591
100
AcDbArc
 50
97.9150294386724
 51
97.98835321433042
  0
SPLINE
  5
439
330
1F
100
AcDbEntity
  8
0
  6
Continuous
 62
7
370
25
100
AcDbSpline
 70
8
 71
3
 72
13
 73
9
 74
0
 42
1e-08
 40
0.0
 40
0.0
 40
0.0
 40
0.0
 40
0.0837574062253887
 40
0.1523862186386225
 40
0.2165752443305743
 40
0.414391595978909
 40
0.8129502857501996
 40
1.0
 40
1.0
 40
1.0
 40
1.0
 10
213.6609594890658
 20
200.4467897806732
 30
0.0
 10
213.6774437135443
 20
200.4583409036648
 30
0.0
 10
213.7074347167126
 20
200.4793567401509
 30
0.0
 10
213.7373217470167
 20
200.5438343414671
 30
0.0
 10
213.7591221964363
 20
200.6714693863227
 30
0.0
 10
213.7530004217303
 20
200.9581382085727
 30
0.0
 10
213.7768823776505
 20
201.279451252712
 30
0.0
 10
213.7994136735755
 20
201.5162006579109
 30
0.0
 10
213.8066104153495
 20
201.5918210012789
 30
0.0
  0
ARC
  5
43A
330
1F
100
AcDbEntity
  8
0
  6
Continuous
 62
7
370
25
100
AcDbCircle
 10
214.0849135388783
 20
197.3661775314508
 30
0.0
 40
4.234798148987386
100
AcDbArc
 50
91.08727506842123
 51
93.76808859536929
  0
SPLINE
  5
43B
330
1F
100
AcDbEntity
  8
0
  6
Continuous
 62
7
370
25
100
AcDbSpline
 70
8
 71
3
 72
13
 73
9
 74
0
 42
1e-08
 40
0.0
 40
0.0
 40
0.0
 40
0.0
 40
0.1870497142496958
 40
0.5856084040209587
 40
0.7834247556693514
 40
0.8476137813613455
 40
0.916242593774599
 40
0.9999999999999998
 40
0.9999999999999998
 40
0.9999999999999998
 40
0.9999999999999998
 10
214.0045565886028
 20
201.6002132095255
 30
0.0
 10
214.0291335977978
 20
201.5259399593118
 30
0.0
 10
214.1060783992803
 20
201.2934079840904
 30
0.0
 10
214.2038751417413
 20
200.9772536806291
 30
0.0
 10
214.2639669584589
 20
200.6928729947152
 30
0.0
 10
214.3150080725967
 20
200.568326171068
 30
0.0
 10
214.3594819985981
 20
200.5070012077668
 30
0.0
 10
214.3940293400872
 20
200.4887215657692
 30
0.0
 10
214.4130179057264
 20
200.4786743619332
 30
0.0
  0
ARC
  5
43C
330
1F
100
AcDbEntity
  8
0
  6
Continuous
 62
7
370
25
100
AcDbCircle
 10
214.2009038855314
 20
196.4095910846408
 30
0.0
 40
4.074608088528846
100
AcDbArc
 50
86.94466539693045
 51
87.01597460226444
  0
SPLINE
  5
43D
330
1F
100
AcDbEntity
  8
0
  6
Continuous
 62
7
370
25
100
AcDbSpline
 70
8
 71
3
 72
13
 73
9
 74
0
 42
1e-08
 40
0.0
 40
0.0
 40
0.0
 40
0.0
 40
0.0837574062253875
 40
0.1523862186386472
 40
0.2165752443306069
 40
0.4143915959789181
 40
0.8129502857502613
 40
0.9999999999999998
 40
0.9999999999999998
 40
0.9999999999999998
 40
0.9999999999999998
 10
214.4180820415133
 20
200.4784072175803
 30
0.0
 10
214.4354087648069
 20
200.4865387096794
 30
0.0
 10
214.4669325901389
 20
200.5013329516303
 30
0.0
 10
214.5005709168811
 20
200.5585373209951
 30
0.0
 10
214.5292249561326
 20
200.6788800491992
 30
0.0
 10
214.537652731223
 20
200.9596461752377
 30
0.0
 10
214.5783134043936
 20
201.2684965440763
 30
0.0
 10
214.6132831442502
 20
201.4951247799453
 30
0.0
 10
214.6244528607412
 20
201.5675123113898
 30
0.0
  0
ARC
  5
43E
330
1F
100
AcDbEntity
  8
0
  6
Continuous
 62
7
370
25
100
AcDbCircle
 10
214.0607052648788
 20
197.0100309881664
 30
0.0
 40
4.592215953477193
100
AcDbArc
 50
80.40865631959115
 51
82.94849298142404
  0
SPLINE
  5
43F
330
1F
100
AcDbEntity
  8
0
  6
Continuous
 62
7
370
25
100
AcDbSpline
 70
8
 71
3
 72
13
 73
9
 74
0
 42
1e-08
 40
0.0
 40
0.0
 40
0.0
 40
0.0
 40
0.1870497142498956
 40
0.5856084040210267
 40
0.783424755669424
 40
0.8476137813613942
 40
0.9162425937746526
 40
1.0
 40
1.0
 40
1.0
 40
1.0
 10
214.8258592734165
 20
201.5380533717892
 30
0.0
 10
214.8470187355845
 20
201.4609371760047
 30
0.0
 10
214.9132640058315
 20
201.2195046107712
 30
0.0
 10
214.9964090609414
 20
200.8925456553032
 30
0.0
 10
215.0428947624534
 20
200.6037475467223
 30
0.0
 10
215.088355608924
 20
200.4725643198816
 30
0.0
 10
215.1303781207138
 20
200.404293331322
 30
0.0
 10
215.1645208160519
 20
200.3798943005239
 30
0.0
 10
215.183286972392
 20
200.3664836420515
 30
0.0
  0
ARC
  5
440
330
1F
100
AcDbEntity
  8
0
  6
Continuous
 62
7
370
25
100
AcDbCircle
 10
214.1232710801255
 20
195.912749929776
 30
0.0
 40
4.578141290056116
100
AcDbArc
 50
76.54635470412542
 51
76.61233435728323
  0
SPLINE
  5
441
330
1F
100
AcDbEntity
  8
0
  6
Continuous
 62
7
370
25
100
AcDbSpline
 70
8
 71
3
 72
13
 73
9
 74
0
 42
1e-08
 40
0.0
 40
0.0
 40
0.0
 40
0.0
 40
0.0837574062253491
 40
0.1523862186386581
 40
0.2165752443306621
 40
0.4143915959789415
 40
0.8129502857501707
 40
0.9999999999999998
 40
0.9999999999999998
 40
0.9999999999999998
 40
0.9999999999999998
 10
215.1884150197511
 20
200.3652600150645
 30
0.0
 10
215.2064224669128
 20
200.3698959547203
 30
0.0
 10
215.239184784945
 20
200.3783304722849
 30
0.0
 10
215.2762603361321
 20
200.4277275079146
 30
0.0
 10
215.3115004301712
 20
200.5396543118385
 30
0.0
 10
215.3343990671932
 20
200.8118963039951
 30
0.0
 10
215.3914588198642
 20
201.1054003448544
 30
0.0
 10
215.4385405006135
 20
201.3197914446169
 30
0.0
 10
215.4535789031878
 20
201.3882703012606
 30
0.0
  0
ARC
  5
442
330
1F
100
AcDbEntity
  8
0
  6
Continuous
 62
7
370
25
100
AcDbCircle
 10
213.8874340337142
 20
196.3050435048801
 30
0.0
 40
5.31902288165965
100
AcDbArc
 50
70.57306438460567
 51
72.87590694254102
  0
SPLINE
  5
443
330
1F
100
AcDbEntity
  8
0
  6
Continuous
 62
7
370
25
100
AcDbSpline
 70
8
 71
3
 72
13
 73
9
 74
0
 42
1e-08
 40
0.0
 40
0.0
 40
0.0
 40
0.0
 40
0.187049714249824
 40
0.5856084040210753
 40
0.783424755669365
 40
0.8476137813613522
 40
0.9162425937746251
 40
1.0
 40
1.0
 40
1.0
 40
1.0
 10
215.6565650778761
 20
201.3212352639939
 30
0.0
 10
215.6741094328198
 20
201.241996135781
 30
0.0
 10
215.7290366575921
 20
200.9939171713467
 30
0.0
 10
215.7967537223732
 20
200.6592062915449
 30
0.0
 10
215.8291992842095
 20
200.3686871904245
 30
0.0
 10
215.8686554073382
 20
200.2320923828338
 30
0.0
 10
215.9078341520464
 20
200.1575127968413
 30
0.0
 10
215.941253420086
 20
200.1272221844194
 30
0.0
 10
215.9596219525817
 20
200.1105732830155
 30
0.0
  0
ARC
  5
444
330
1F
100
AcDbEntity
  8
0
  6
Continuous
 62
7
370
25
100
AcDbCircle
 10
213.8505553732126
 20
195.1007220143777
 30
0.0
 40
5.435694212341588
100
AcDbArc
 50
67.11084870143851
 51
67.16969233236051
  0
SPLINE
  5
445
330
1F
100
AcDbEntity
  8
0
  6
Continuous
 62
7
370
25
100
AcDbSpline
 70
8
 71
3
 72
13
 73
9
 74
0
 42
1e-08
 40
0.0
 40
0.0
 40
0.0
 40
0.0
 40
0.0837574062253144
 40
0.1523862186385471
 40
0.2165752443305097
 40
0.4143915959788656
 40
0.8129502857502194
 40
1.0
 40
1.0
 40
1.0
 40
1.0
 10
215.9647660323165
 20
200.10840459807
 30
0.0
 10
215.983286072664
 20
200.1095017007628
 30
0.0
 10
216.0169809904603
 20
200.1114977431234
 30
0.0
 10
216.0571476016602
 20
200.1526262382053
 30
0.0
 10
216.0986447232238
 20
200.2550920874377
 30
0.0
 10
216.135800423773
 20
200.5162680955833
 30
0.0
 10
216.2087265044076
 20
200.791685440314
 30
0.0
 10
216.2674805370819
 20
200.991837692036
 30
0.0
 10
216.2862472162266
 20
201.0557685052448
 30
0.0
  0
ARC
  5
446
330
1F
100
AcDbEntity
  8
0
  6
Continuous
 62
7
370
25
100
AcDbCircle
 10
213.4502075476903
 20
195.278734128259
 30
0.0
 40
6.435623294941056
100
AcDbArc
 50
61.82473014656213
 51
63.85283130313562
  0
SPLINE
  5
447
330
1F
100
AcDbEntity
  8
0
  6
Continuous
 62
7
370
25
100
AcDbSpline
 70
8
 71
3
 72
13
 73
9
 74
0
 42
1e-08
 40
0.0
 40
0.0
 40
0.0
 40
0.0
 40
0.1870497142498389
 40
0.5856084040209824
 40
0.7834247556694051
 40
0.8476137813614034
 40
0.916242593774643
 40
1.0
 40
1.0
 40
1.0
 40
1.0
 10
216.4889179257065
 20
200.9517832583939
 30
0.0
 10
216.5026833665109
 20
200.8711610321427
 30
0.0
 10
216.5457797051098
 20
200.6187519149573
 30
0.0
 10
216.5974365235743
 20
200.2794142161238
 30
0.0
 10
216.6155390102657
 20
199.9898866210347
 30
0.0
 10
216.6486220188616
 20
199.849155581609
 30
0.0
 10
216.684591195105
 20
199.7689637276837
 30
0.0
 10
216.716975009145
 20
199.7330643489248
 30
0.0
 10
216.7347744157573
 20
199.713332650896
 30
0.0
  0
ARC
  5
448
330
1F
100
AcDbEntity
  8
0
  6
Continuous
 62
7
370
25
100
AcDbCircle
 10
213.2865703888034
 20
194.0093116347599
 30
0.0
 40
6.665280696566622
100
AcDbArc
 50
58.79476713434037
 51
58.84613093886262
  0
SPLINE
  5
449
330
1F
100
AcDbEntity
  8
0
  6
Continuous
 62
7
370
25
100
AcDbSpline
 70
8
 71
3
 72
13
 73
9
 74
0
 42
1e-08
 40
0.0
 40
0.0
 40
0.0
 40
0.0
 40
0.0837574062253838
 40
0.1523862186385976
 40
0.2165752443305431
 40
0.4143915959789005
 40
0.8129502857501442
 40
1.0
 40
1.0
 40
1.0
 40
1.0
 10
216.7398864989813
 20
199.7102391564189
 30
0.0
 10
216.7587462158879
 20
199.7077871787968
 30
0.0
 10
216.7930591330793
 20
199.7033261094433
 30
0.0
 10
216.8359417794657
 20
199.7358020583005
 30
0.0
 10
216.8833084811103
 20
199.8278502568151
 30
0.0
 10
216.9343743324219
 20
200.0755217509317
 30
0.0
 10
217.0224858498541
 20
200.3302809019931
 30
0.0
 10
217.0923636638807
 20
200.5143255380283
 30
0.0
 10
217.1146834001692
 20
200.5731114030248
 30
0.0
  0
ARC
  5
44A
330
1F
100
AcDbEntity
  8
0
  6
Continuous
 62
7
370
25
100
AcDbCircle
 10
212.6601573779321
 20
193.9796199519055
 30
0.0
 40
7.957193701222252
100
AcDbArc
 50
54.19673769865688
 51
55.95725917851098
  0
SPLINE
  5
44B
330
1F
100
AcDbEntity
  8
0
  6
Continuous
 62
7
370
25
100
AcDbSpline
 70
8
 71
3
 72
13
 73
9
 74
0
 42
1e-08
 40
0.0
 40
0.0
 40
0.0
 40
0.0
 40
0.1870497142497705
 40
0.585608404021114
 40
0.7834247556694206
 40
0.8476137813614094
 40
0.9162425937746602
 40
1.0
 40
1.0
 40
1.0
 40
1.0
 10
217.3151463626329
 20
200.4331468288221
 30
0.0
 10
217.3250043650862
 20
200.3518942525368
 30
0.0
 10
217.35586743861
 20
200.0975116585193
 30
0.0
 10
217.3909817049616
 20
199.7567154453186
 30
0.0
 10
217.3945720984672
 20
199.4708825974071
 30
0.0
 10
217.4209731053933
 20
199.3273292939439
 30
0.0
 10
217.4533968786645
 20
199.2422739018192
 30
0.0
 10
217.4844428797584
 20
199.2011009395503
 30
0.0
 10
217.5015069722237
 20
199.1784706744446
 30
0.0
  0
ARC
  5
44C
330
1F
100
AcDbEntity
  8
0
  6
Continuous
 62
7
370
25
100
AcDbCircle
 10
212.3637179996097
 20
192.6923648245914
 30
0.0
 40
8.27444527582445
100
AcDbArc
 50
51.57200318599195
 51
51.61647077326327
  0
SPLINE
  5
44D
330
1F
100
AcDbEntity
  8
0
  6
Continuous
 62
7
370
25
100
AcDbSpline
 70
8
 71
3
 72
13
 73
9
 74
0
 42
1e-08
 40
0.0
 40
0.0
 40
0.0
 40
0.0
 40
0.0837574062253835
 40
0.1523862186386308
 40
0.2165752443306053
 40
0.4143915959790149
 40
0.8129502857501533
 40
1.0
 40
1.0
 40
1.0
 40
1.0
 10
217.5065393287932
 20
199.1744812535603
 30
0.0
 10
217.5255626341635
 20
199.1685030890774
 30
0.0
 10
217.5601731802874
 20
199.1576265598127
 30
0.0
 10
217.605371478145
 20
199.181146743261
 30
0.0
 10
217.6581655097399
 20
199.2619178618292
 30
0.0
 10
217.7226647237191
 20
199.4937723999075
 30
0.0
 10
217.8251390044512
 20
199.7254947397474
 30
0.0
 10
217.9054881695077
 20
199.8917133849173
 30
0.0
 10
217.9311525695759
 20
199.9448054339189
 30
0.0
  0
ARC
  5
44E
330
1F
100
AcDbEntity
  8
0
  6
Continuous
 62
7
370
25
100
AcDbCircle
 10
211.4630308631875
 20
192.4735117542331
 30
0.0
 40
9.882146915360426
100
AcDbArc
 50
47.59254077640379
 51
49.11628442572097
  0
SPLINE
  5
44F
330
1F
100
AcDbEntity
  8
0
  6
Continuous
 62
7
370
25
100
AcDbSpline
 70
8
 71
3
 72
13
 73
9
 74
0
 42
1e-08
 40
0.0
 40
0.0
 40
0.0
 40
0.0
 40
0.1870497142498033
 40
0.5856084040211617
 40
0.7834247556694245
 40
0.8476137813614
 40
0.9162425937746487
 40
1.0
 40
1.0
 40
1.0
 40
1.0
 10
218.1275361163547
 20
199.7701683438824
 30
0.0
 10
218.133394638944
 20
199.6890440509752
 30
0.0
 10
218.1517362871908
 20
199.4350630818665
 30
0.0
 10
218.1699801489859
 20
199.0959902767186
 30
0.0
 10
218.159024926769
 20
198.8165209202722
 30
0.0
 10
218.1784974329367
 20
198.6714856712875
 30
0.0
 10
218.2070730712007
 20
198.5823608802428
 30
0.0
 10
218.2364913912012
 20
198.5362987553191
 30
0.0
 10
218.2526608466859
 20
198.5109812158243
 30
0.0
  0
ARC
  5
450
330
1F
100
AcDbEntity
  8
0
  6
Continuous
 62
7
370
25
100
AcDbCircle
 10
211.0497021781447
 20
191.2176202983159
 30
0.0
 40
10.25064520182766
100
AcDbArc
 50
45.3187535261355
 51
45.35730449709003
  0
SPLINE
  5
451
330
1F
100
AcDbEntity
  8
0
  6
Continuous
 62
7
370
25
100
AcDbSpline
 70
8
 71
3
 72
13
 73
9
 74
0
 42
1e-08
 40
0.0
 40
0.0
 40
0.0
 40
0.0
 40
0.0837574062253575
 40
0.1523862186385506
 40
0.2165752443305208
 40
0.4143915959789605
 40
0.8129502857501884
 40
1.0
 40
1.0
 40
1.0
 40
1.0
 10
218.2575664908437
 20
198.5061331166811
 30
0.0
 10
218.2765757692009
 20
198.4966845818485
 30
0.0
 10
218.3111607949135
 20
198.4794941438957
 30
0.0
 10
218.3582527399131
 20
198.4938389603192
 30
0.0
 10
218.41598117781
 20
198.5625788607696
 30
0.0
 10
218.4933115426739
 20
198.7764516794576
 30
0.0
 10
218.6091918119567
 20
198.9829736790232
 30
0.0
 10
218.6992621295385
 20
199.1298143946228
 30
0.0
 10
218.7280315717979
 20
199.1767169214727
 30
0.0
  0
ARC
  5
452
330
1F
100
AcDbEntity
  8
0
  6
Continuous
 62
7
370
25
100
AcDbCircle
 10
209.8448442018661
 20
190.8384167063291
 30
0.0
 40
12.18352446245253
100
AcDbArc
 50
41.86252417146625
 51
43.18776847881053
  0
SPLINE
  5
453
330
1F
100
AcDbEntity
  8
0
  6
Continuous
 62
7
370
25
100
AcDbSpline
 70
8
 71
3
 72
13
 73
9
 74
0
 42
1e-08
 40
0.0
 40
0.0
 40
0.0
 40
0.0
 40
0.1870497142498998
 40
0.5856084040210608
 40
0.7834247556693795
 40
0.8476137813613682
 40
0.916242593774618
 40
1.0
 40
1.0
 40
1.0
 40
1.0
 10
218.9185021226281
 20
198.9690378550589
 30
0.0
 10
218.9203064659064
 20
198.8887992811951
 30
0.0
 10
218.9259554378485
 20
198.6375912888723
 30
0.0
 10
218.9271585570647
 20
198.3034077232004
 30
0.0
 10
218.9017600050839
 20
198.0329111883018
 30
0.0
 10
218.9141222009491
 20
197.8877481488375
 30
0.0
 10
218.9385829011712
 20
197.7953860930335
 30
0.0
 10
218.9660988691509
 20
197.7448648751046
 30
0.0
 10
218.9812227178056
 20
197.7170964442657
 30
0.0
  0
ARC
  5
454
330
1F
100
AcDbEntity
  8
0
  6
Continuous
 62
7
370
25
100
AcDbCircle
 10
209.3512557255737
 20
189.661456139572
 30
0.0
 40
12.55506292258554
100
AcDbArc
 50
39.87941085873688
 51
39.91308709434686
  0
SPLINE
  5
455
330
1F
100
AcDbEntity
  8
0
  6
Continuous
 62
7
370
25
100
AcDbSpline
 70
8
 71
3
 72
13
 73
9
 74
0
 42
1e-08
 40
0.0
 40
0.0
 40
0.0
 40
0.0
 40
0.0837574062253912
 40
0.1523862186386525
 40
0.2165752443306473
 40
0.4143915959788148
 40
0.8129502857501304
 40
1.0
 40
1.0
 40
1.0
 40
1.0
 10
218.9859558468736
 20
197.7114349322586
 30
0.0
 10
219.0047736137078
 20
197.6986042455005
 30
0.0
 10
219.0390102079423
 20
197.6752604013471
 30
0.0
 10
219.0875561152818
 20
197.6802959170599
 30
0.0
 10
219.14967996461
 20
197.736362793463
 30
0.0
 10
219.2391194675775
 20
197.9302570198771
 30
0.0
 10
219.3673237825592
 20
198.1096504389025
 30
0.0
 10
219.4662742903787
 20
198.2357422127349
 30
0.0
 10
219.4978801622982
 20
198.2760173011774
 30
0.0
  0
ARC
  5
456
330
1F
100
AcDbEntity
  8
0
  6
Continuous
 62
7
370
25
100
AcDbCircle
 10
207.8341141662976
 20
189.1584700893919
 30
0.0
 40
14.80449608627732
100
AcDbArc
 50
36.85087604844419
 51
38.01468288089605
  0
SPLINE
  5
457
330
1F
100
AcDbEntity
  8
0
  6
Continuous
 62
7
370
25
100
AcDbSpline
 70
8
 71
3
 72
13
 73
9
 74
0
 42
1e-08
 40
0.0
 40
0.0
 40
0.0
 40
0.0
 40
0.1870497142498324
 40
0.585608404020973
 40
0.783424755669399
 40
0.8476137813613902
 40
0.9162425937746306
 40
0.9999999999999998
 40
0.9999999999999998
 40
0.9999999999999998
 40
0.9999999999999998
 10
219.6806593449664
 20
198.0372353018726
 30
0.0
 10
219.6783926622668
 20
197.9586316129974
 30
0.0
 10
219.6712962149749
 20
197.7125420588004
 30
0.0
 10
219.6554473584126
 20
197.3863679145168
 30
0.0
 10
219.615842616104
 20
197.1273697544306
 30
0.0
 10
219.6209790791755
 20
196.9834342726744
 30
0.0
 10
219.6410964583878
 20
196.8886973117404
 30
0.0
 10
219.6664531651673
 20
196.8341887038061
 30
0.0
 10
219.6803901996922
 20
196.80422864798
 30
0.0
  0
LWPOLYLINE
  5
458
330
1F
100
AcDbEntity
  8
0
  6
Continuous
 62
7
370
25
100
AcDbPolyline
 90
9
 70
128
 10
219.6803901996922
 20
196.80422864798
 10
219.6809548386665
 20
196.8034261548279
 10
219.6815194530135
 20
196.8026235859639
 10
219.6820840427295
 20
196.8018209413934
 10
219.682648607811
 20
196.8010182211214
 10
219.6832131482544
 20
196.800215425153
 10
219.6837776640562
 20
196.7994125534934
 10
219.6843421552125
 20
196.7986096061477
 10
219.6849066217198
 20
196.7978065831211
  0
SPLINE
  5
459
330
1F
100
AcDbEntity
  8
0
  6
Continuous
 62
7
370
25
100
AcDbSpline
 70
8
 71
3
 72
13
 73
9
 74
0
 42
1e-08
 40
0.0
 40
0.0
 40
0.0
 40
0.0
 40
0.083757406225404
 40
0.1523862186386591
 40
0.2165752443306226
 40
0.4143915959790498
 40
0.8129502857502989
 40
1.0
 40
1.0
 40
1.0
 40
1.0
 10
219.6849066217198
 20
196.7978065831211
 30
0.0
 10
219.7033571806119
 20
196.7817135411024
 30
0.0
 10
219.7369256855126
 20
196.7524342459317
 30
0.0
 10
219.7864722951352
 20
196.7481134456805
 30
0.0
 10
219.8524115222517
 20
196.7909838167176
 30
0.0
 10
219.9531250907821
 20
196.9630891127082
 30
0.0
 10
220.0924564423163
 20
197.1136790031751
 30
0.0
 10
220.1993632661427
 20
197.217844550321
 30
0.0
 10
220.2335104722122
 20
197.2511161627066
 30
0.0
  0
ARC
  5
45A
330
1F
100
AcDbEntity
  8
0
  6
Continuous
 62
7
370
25
100
AcDbCircle
 10
205.5004721668193
 20
187.5173986359291
 30
0.0
 40
17.65807675255915
100
AcDbArc
 50
32.4168775075472
 51
33.45165439951256
  0
SPLINE
  5
45B
330
1F
100
AcDbEntity
  8
0
  6
Continuous
 62
7
370
25
100
AcDbSpline
 70
8
 71
3
 72
13
 73
9
 74
0
 42
1e-08
 40
0.0
 40
0.0
 40
0.0
 40
0.0
 40
0.1870497142497604
 40
0.585608404021063
 40
0.783424755669272
 40
0.8476137813612908
 40
0.9162425937745897
 40
1.0
 40
1.0
 40
1.0
 40
1.0
 10
220.406891726737
 20
196.9834606737025
 30
0.0
 10
220.400575181465
 20
196.9072257712801
 30
0.0
 10
220.3807995725555
 20
196.6685523270714
 30
0.0
 10
220.3480467167182
 20
196.3534330042784
 30
0.0
 10
220.2946055628898
 20
196.1083514150419
 30
0.0
 10
220.2924683353957
 20
195.9669873778057
 30
0.0
 10
220.308054563049
 20
195.8707600452205
 30
0.0
 10
220.3310152598892
 20
195.8127729794663
 30
0.0
 10
220.3436353539478
 20
195.7809010276219
 30
0.0
  0
LWPOLYLINE
  5
45C
330
1F
100
AcDbEntity
  8
0
  6
Continuous
 62
7
370
25
100
AcDbPolyline
 90
9
 70
128
 10
220.3436353539478
 20
195.7809010276219
 10
220.3441676483197
 20
195.7800109375708
 10
220.3446999138197
 20
195.7791207783579
 10
220.3452321504443
 20
195.7782305499889
 10
220.3457643581903
 20
195.7773402524694
 10
220.3462965370543
 20
195.7764498858051
 10
220.3468286870327
 20
195.7755594500018
 10
220.3473608081222
 20
195.7746689450651
 10
220.3478929003194
 20
195.773778371001
  0
SPLINE
  5
45D
330
1F
100
AcDbEntity
  8
0
  6
Continuous
 62
7
370
25
100
AcDbSpline
 70
8
 71
3
 72
13
 73
9
 74
0
 42
1e-08
 40
0.0
 40
0.0
 40
0.0
 40
0.0
 40
0.0837574062253919
 40
0.1523862186386256
 40
0.2165752443306099
 40
0.4143915959789416
 40
0.8129502857502389
 40
1.0
 40
1.0
 40
1.0
 40
1.0
 10
220.3478929003194
 20
195.773778371001
 30
0.0
 10
220.3658039833724
 20
195.7545732301191
 30
0.0
 10
220.3983909788536
 20
195.7196318568211
 30
0.0
 10
220.4484756874147
 20
195.7059950827534
 30
0.0
 10
220.5176146355225
 20
195.7352686793212
 30
0.0
 10
220.628661934162
 20
195.8839781441105
 30
0.0
 10
220.7778194229599
 20
196.0043584887858
 30
0.0
 10
220.8916844025841
 20
196.0856252435977
 30
0.0
 10
220.9280541195408
 20
196.1115827318461
 30
0.0
  0
ARC
  5
45E
330
1F
100
AcDbEntity
  8
0
  6
Continuous
 62
7
370
25
100
AcDbCircle
 10
202.9497670587216
 20
185.9920567471977
 30
0.0
 40
20.63064739156763
100
AcDbArc
 50
28.44124307967642
 51
29.37406689923178
  0
SPLINE
  5
45F
330
1F
100
AcDbEntity
  8
0
  6
Continuous
 62
7
370
25
100
AcDbSpline
 70
8
 71
3
 72
13
 73
9
 74
0
 42
1e-08
 40
0.0
 40
0.0
 40
0.0
 40
0.0
 40
0.1870497142498712
 40
0.5856084040211355
 40
0.7834247556694827
 40
0.8476137813614313
 40
0.91624259377467
 40
1.0
 40
1.0
 40
1.0
 40
1.0
 10
221.0904186318635
 20
195.817552780328
 30
0.0
 10
221.0801111999006
 20
195.7443984491019
 30
0.0
 10
221.0478410689059
 20
195.5153695445229
 30
0.0
 10
220.9984900183836
 20
195.2142472274327
 30
0.0
 10
220.9317114186898
 20
194.9853704698115
 30
0.0
 10
220.9223204553472
 20
194.8478977550222
 30
0.0
 10
220.9332300070333
 20
194.7510784994634
 30
0.0
 10
220.9535803160942
 20
194.6901543854985
 30
0.0
 10
220.9647656392689
 20
194.656668117463
 30
0.0
  0
LWPOLYLINE
  5
460
330
1F
100
AcDbEntity
  8
0
  6
Continuous
 62
7
370
25
100
AcDbPolyline
 90
9
 70
128
 10
220.9647656392689
 20
194.656668117463
 10
220.9652606191492
 20
194.655698741044
 10
220.9657555661827
 20
194.6547293026588
 10
220.966250480366
 20
194.6537598023136
 10
220.9667453616962
 20
194.6527902400147
 10
220.9672402101699
 20
194.6518206157682
 10
220.9677350257841
 20
194.6508509295803
 10
220.9682298085355
 20
194.6498811814573
 10
220.968724558421
 20
194.6489113714053
  0
SPLINE
  5
461
330
1F
100
AcDbEntity
  8
0
  6
Continuous
 62
7
370
25
100
AcDbSpline
 70
8
 71
3
 72
13
 73
9
 74
0
 42
1e-08
 40
0.0
 40
0.0
 40
0.0
 40
0.0
 40
0.083757406225363
 40
0.1523862186386373
 40
0.2165752443306183
 40
0.4143915959789325
 40
0.812950285750142
 40
1.0
 40
1.0
 40
1.0
 40
1.0
 10
220.968724558421
 20
194.6489113714053
 30
0.0
 10
220.9859289346784
 20
194.6267734448862
 30
0.0
 10
221.0172301647432
 20
194.5864962316489
 30
0.0
 10
221.0673853448137
 20
194.5636708066501
 30
0.0
 10
221.1390784821825
 20
194.5790743090645
 30
0.0
 10
221.2594226922242
 20
194.7029994824475
 30
0.0
 10
221.4170136750013
 20
194.7920463224875
 30
0.0
 10
221.5367736837875
 20
194.8496555191719
 30
0.0
 10
221.5750263373836
 20
194.8680565252094
 30
0.0
  0
ARC
  5
462
330
1F
100
AcDbEntity
  8
0
  6
Continuous
 62
7
370
25
100
AcDbCircle
 10
200.3160571283234
 20
184.6465704803268
 30
0.0
 40
23.58861057369641
100
AcDbArc
 50
24.82551584799026
 51
25.67862776064277
  0
SPLINE
  5
463
330
1F
100
AcDbEntity
  8
0
  6
Continuous
 62
7
370
25
100
AcDbSpline
 70
8
 71
3
 72
13
 73
9
 74
0
 42
1e-08
 40
0.0
 40
0.0
 40
0.0
 40
0.0
 40
0.1870497142498741
 40
0.5856084040210419
 40
0.7834247556694607
 40
0.847613781361456
 40
0.9162425937746869
 40
1.0
 40
1.0
 40
1.0
 40
1.0
 10
221.7248581537994
 20
194.5503973896119
 30
0.0
 10
221.7106560728605
 20
194.4810066518627
 30
0.0
 10
221.6661927172989
 20
194.263760668087
 30
0.0
 10
221.6007042495534
 20
193.9794468546417
 30
0.0
 10
221.5212116977871
 20
193.7689118892539
 30
0.0
 10
221.5046546794905
 20
193.6366140426097
 30
0.0
 10
221.5107856956649
 20
193.5401068393796
 30
0.0
 10
221.528335611594
 20
193.4768145092412
 30
0.0
 10
221.5379817295357
 20
193.4420265772766
 30
0.0
  0
LWPOLYLINE
  5
464
330
1F
100
AcDbEntity
  8
0
  6
Continuous
 62
7
370
25
100
AcDbPolyline
 90
9
 70
128
 10
221.5379817295357
 20
193.4420265772766
 10
221.5384347734308
 20
193.4409869652961
 10
221.5388877808106
 20
193.4399472991237
 10
221.5393407516724
 20
193.438907578766
 10
221.539793686013
 20
193.4378678042296
 10
221.5402465838296
 20
193.4368279755212
 10
221.5406994451195
 20
193.4357880926474
 10
221.5411522698795
 20
193.4347481556149
 10
221.541605058107
 20
193.4337081644304
  0
SPLINE
  5
465
330
1F
100
AcDbEntity
  8
0
  6
Continuous
 62
7
370
25
100
AcDbSpline
 70
8
 71
3
 72
13
 73
9
 74
0
 42
1e-08
 40
0.0
 40
0.0
 40
0.0
 40
0.0
 40
0.0837574062253852
 40
0.1523862186386193
 40
0.2165752443306076
 40
0.4143915959790136
 40
0.8129502857500946
 40
1.0
 40
1.0
 40
1.0
 40
1.0
 10
221.541605058107
 20
193.4337081644304
 30
0.0
 10
221.557942094943
 20
193.4088441481292
 30
0.0
 10
221.5876653084401
 20
193.3636071524405
 30
0.0
 10
221.6374226746171
 20
193.3318061913538
 30
0.0
 10
221.7110006217404
 20
193.3331957812631
 30
0.0
 10
221.8395181217192
 20
193.4311796072857
 30
0.0
 10
222.0040712139305
 20
193.4880615363374
 30
0.0
 10
222.1286080849441
 20
193.5214752933466
 30
0.0
 10
222.1683865204596
 20
193.5321480119376
 30
0.0
  0
ARC
  5
466
330
1F
100
AcDbEntity
  8
0
  6
Continuous
 62
7
370
25
100
AcDbCircle
 10
197.7511522298003
 20
183.5275730689979
 30
0.0
 40
26.38736156181293
100
AcDbArc
 50
21.4889202424552
 51
22.28058830541443
  0
SPLINE
  5
467
330
1F
100
AcDbEntity
  8
0
  6
Continuous
 62
7
370
25
100
AcDbSpline
 70
8
 71
3
 72
13
 73
9
 74
0
 42
1e-08
 40
0.0
 40
0.0
 40
0.0
 40
0.0
 40
0.1870497142498307
 40
0.5856084040210465
 40
0.7834247556694603
 40
0.8476137813614263
 40
0.9162425937746592
 40
1.0
 40
1.0
 40
1.0
 40
1.0
 10
222.3042867016686
 20
193.1938255900216
 30
0.0
 10
222.2863225727571
 20
193.1288463283712
 30
0.0
 10
222.2300811349994
 20
192.9254116326155
 30
0.0
 10
222.1490666982089
 20
192.660560884287
 30
0.0
 10
222.0576023949082
 20
192.4703334193791
 30
0.0
 10
222.0340339100764
 20
192.3444456702283
 30
0.0
 10
222.0353291470928
 20
192.2491515810811
 30
0.0
 10
222.0499148110535
 20
192.1840819782024
 30
0.0
 10
222.0579316605581
 20
192.1483171878564
 30
0.0
  0
LWPOLYLINE
  5
468
330
1F
100
AcDbEntity
  8
0
  6
Continuous
 62
7
370
25
100
AcDbPolyline
 90
9
 70
128
 10
222.0579316605581
 20
192.1483171878564
 10
222.0583385385191
 20
192.1472170468914
 10
222.0587453766375
 20
192.1461168600147
 10
222.0591521749106
 20
192.1450166272332
 10
222.0595589333358
 20
192.143916348554
 10
222.0599656519105
 20
192.1428160239841
 10
222.0603723306322
 20
192.1417156535307
 10
222.0607789694983
 20
192.1406152372006
 10
222.061185568506
 20
192.1395147750011
  0
SPLINE
  5
469
330
1F
100
AcDbEntity
  8
0
  6
Continuous
 62
7
370
25
100
AcDbSpline
 70
8
 71
3
 72
13
 73
9
 74
0
 42
1e-08
 40
0.0
 40
0.0
 40
0.0
 40
0.0
 40
0.0837574062253244
 40
0.1523862186385471
 40
0.2165752443304804
 40
0.41439159597881
 40
0.8129502857501373
 40
0.9999999999999998
 40
0.9999999999999998
 40
0.9999999999999998
 40
0.9999999999999998
 10
222.061185568506
 20
192.1395147750011
 30
0.0
 10
222.0765027314095
 20
192.1121568175388
 30
0.0
 10
222.1043704107029
 20
192.0623824050391
 30
0.0
 10
222.1532653918649
 20
192.0219028248699
 30
0.0
 10
222.2280411712746
 20
192.0092655280473
 30
0.0
 10
222.363532027921
 20
192.0803931581262
 30
0.0
 10
222.5335108416803
 20
192.1045790849444
 30
0.0
 10
222.6616618077115
 20
192.1134854270322
 30
0.0
 10
222.7025946246116
 20
192.1163302098787
 30
0.0
  0
ARC
  5
46A
330
1F
100
AcDbEntity
  8
0
  6
Continuous
 62
7
370
25
100
AcDbCircle
 10
195.41257246469
 20
182.6609243175204
 30
0.0
 40
28.88165525170355
100
AcDbArc
 50
18.36469664450118
 51
19.11010117041342
  0
SPLINE
  5
46B
330
1F
100
AcDbEntity
  8
0
  6
Continuous
 62
7
370
25
100
AcDbSpline
 70
8
 71
3
 72
13
 73
9
 74
0
 42
1e-08
 40
0.0
 40
0.0
 40
0.0
 40
0.0
 40
0.1870497142498189
 40
0.5856084040210474
 40
0.783424755669501
 40
0.8476137813614577
 40
0.9162425937746655
 40
1.0
 40
1.0
 40
1.0
 40
1.0
 10
222.8232943072384
 20
191.7605033269415
 30
0.0
 10
222.8017358565855
 20
191.7005422352482
 30
0.0
 10
222.7342414477825
 20
191.5128182424546
 30
0.0
 10
222.6384574519157
 20
191.2699033993196
 30
0.0
 10
222.5358753746362
 20
191.1017595374772
 30
0.0
 10
222.5055154758619
 20
190.9834572658151
 30
0.0
 10
222.5019628404414
 20
190.8902660259856
 30
0.0
 10
222.5134480700192
 20
190.8240266877166
 30
0.0
 10
222.5197607999231
 20
190.7876189652003
 30
0.0
  0
LWPOLYLINE
  5
46C
330
1F
100
AcDbEntity
  8
0
  6
Continuous
 62
7
370
25
100
AcDbPolyline
 90
9
 70
128
 10
222.5197607999231
 20
190.7876189652003
 10
222.5201177130401
 20
190.7864685669706
 10
222.5204745833591
 20
190.7853181315381
 10
222.5208314108777
 20
190.7841676589099
 10
222.5211881955937
 20
190.7830171490935
 10
222.5215449375048
 20
190.7818666020963
 10
222.5219016366086
 20
190.7807160179256
 10
222.522258292903
 20
190.7795653965888
 10
222.5226149063857
 20
190.7784147380933
  0
SPLINE
  5
46D
330
1F
100
AcDbEntity
  8
0
  6
Continuous
 62
7
370
25
100
AcDbSpline
 70
8
 71
3
 72
10
 73
6
 74
0
 42
1e-08
 40
0.0
 40
0.0
 40
0.0
 40
0.0
 40
0.3867358270067576
 40
0.7036179001419502
 40
1.0
 40
1.0
 40
1.0
 40
1.0
 10
222.5226149063857
 20
190.7784147380933
 30
0.0
 10
222.5367620082223
 20
190.7488937142827
 30
0.0
 10
222.5625009064373
 20
190.6951838706813
 30
0.0
 10
222.6101596926823
 20
190.6455339669538
 30
0.0
 10
222.6402086720918
 20
190.6368642093587
 30
0.0
 10
222.6547309285812
 20
190.632674235324
 30
0.0
  0
SPLINE
  5
46E
330
1F
100
AcDbEntity
  8
0
  6
Continuous
 62
7
370
25
100
AcDbSpline
 70
8
 71
3
 72
10
 73
6
 74
0
 42
1e-08
 40
0.0
 40
0.0
 40
0.0
 40
0.0
 40
0.1724519081112447
 40
0.7356721094628864
 40
0.9999999999999998
 40
0.9999999999999998
 40
0.9999999999999998
 40
0.9999999999999998
 10
222.7043274542294
 20
190.6373719033073
 30
0.0
 10
222.7309285293745
 20
190.6400378036856
 30
0.0
 10
222.8444075234912
 20
190.6514104151943
 30
0.0
 10
223.0002364649751
 20
190.6561608635512
 30
0.0
 10
223.1309208682922
 20
190.6392300992429
 30
0.0
 10
223.1726628927057
 20
190.6338222283788
 30
0.0
  0
ARC
  5
46F
330
1F
100
AcDbEntity
  8
0
  6
Continuous
 62
7
370
25
100
AcDbCircle
 10
193.4509230448392
 20
182.0501821187241
 30
0.0
 40
30.93639761052227
100
AcDbArc
 50
15.39669852861462
 51
16.10872038614687
  0
SPLINE
  5
470
330
1F
100
AcDbEntity
  8
0
  6
Continuous
 62
7
370
25
100
AcDbSpline
 70
8
 71
3
 72
13
 73
9
 74
0
 42
1e-08
 40
0.0
 40
0.0
 40
0.0
 40
0.0
 40
0.1870497142498346
 40
0.5856084040210824
 40
0.7834247556694492
 40
0.8476137813614418
 40
0.9162425937746762
 40
1.0
 40
1.0
 40
1.0
 40
1.0
 10
223.2770351363341
 20
190.2638131441542
 30
0.0
 10
223.2520836493851
 20
190.2094300629754
 30
0.0
 10
223.1739664466466
 20
190.0391695014848
 30
0.0
 10
223.0643072010649
 20
189.8204585939843
 30
0.0
 10
222.9515651310236
 20
189.6759682491417
 30
0.0
 10
222.9146972805014
 20
189.5663560114039
 30
0.0
 10
222.9063299426437
 20
189.4761377223895
 30
0.0
 10
222.9146075033445
 20
189.4093471075844
 30
0.0
 10
222.9191571733893
 20
189.3726363819935
 30
0.0
  0
LWPOLYLINE
  5
471
330
1F
100
AcDbEntity
  8
0
  6
Continuous
 62
7
370
25
100
AcDbPolyline
 90
9
 70
128
 10
222.9191571733893
 20
189.3726363819935
 10
222.9194607892608
 20
189.3714464674573
 10
222.9197643597784
 20
189.3702565247745
 10
222.9200678849402
 20
189.3690665539526
 10
222.9203713647442
 20
189.3678765549992
 10
222.9206747991884
 20
189.3666865279218
 10
222.9209781882711
 20
189.3654964727283
 10
222.9212815319901
 20
189.3643063894261
 10
222.9215848303436
 20
189.3631162780229
  0
SPLINE
  5
472
330
1F
100
AcDbEntity
  8
0
  6
Continuous
 62
7
370
25
100
AcDbSpline
 70
8
 71
3
 72
13
 73
9
 74
0
 42
1e-08
 40
0.0
 40
0.0
 40
0.0
 40
0.0
 40
0.0837574062253541
 40
0.1523862186385891
 40
0.2165752443305667
 40
0.4143915959789584
 40
0.8129502857501407
 40
1.0
 40
1.0
 40
1.0
 40
1.0
 10
222.9215848303436
 20
189.3631162780229
 30
0.0
 10
222.9344440662678
 20
189.3315576402105
 30
0.0
 10
222.9578398520896
 20
189.2741406105011
 30
0.0
 10
223.0036528196803
 20
189.2175151341065
 30
0.0
 10
223.0787251144542
 20
189.1773079005387
 30
0.0
 10
223.2243142625686
 20
189.192987789761
 30
0.0
 10
223.4003475395912
 20
189.1514116418252
 30
0.0
 10
223.5321145902029
 20
189.1112832812572
 30
0.0
 10
223.5742024239758
 20
189.0984658450216
 30
0.0
  0
ARC
  5
473
330
1F
100
AcDbEntity
  8
0
  6
Continuous
 62
7
370
25
100
AcDbCircle
 10
191.9977347575242
 20
181.6769478561127
 30
0.0
 40
32.43689626875789
100
AcDbArc
 50
12.53646298483242
 51
13.22635341410251
  0
SPLINE
  5
474
330
1F
100
AcDbEntity
  8
0
  6
Continuous
 62
7
370
25
100
AcDbSpline
 70
8
 71
3
 72
13
 73
9
 74
0
 42
1e-08
 40
0.0
 40
0.0
 40
0.0
 40
0.0
 40
0.1870497142498125
 40
0.585608404021089
 40
0.7834247556694498
 40
0.8476137813614354
 40
0.9162425937746634
 40
0.9999999999999998
 40
0.9999999999999998
 40
0.9999999999999998
 40
0.9999999999999998
 10
223.6612727330886
 20
188.7177292346352
 30
0.0
 10
223.6331611751542
 20
188.6694319241474
 30
0.0
 10
223.5451505377548
 20
188.5182244709483
 30
0.0
 10
223.4226399012883
 20
188.3257595438969
 30
0.0
 10
223.3007904808158
 20
188.2062717834729
 30
0.0
 10
223.257758903733
 20
188.1063729995901
 30
0.0
 10
223.2446549870171
 20
188.0199700052471
 30
0.0
 10
223.249647593487
 20
187.9532517198806
 30
0.0
 10
223.2523917246293
 20
187.9165807493687
 30
0.0
  0
LWPOLYLINE
  5
475
330
1F
100
AcDbEntity
  8
0
  6
Continuous
 62
7
370
25
100
AcDbPolyline
 90
9
 70
128
 10
223.2523917246293
 20
187.9165807493687
 10
223.2526392084757
 20
187.9153624284376
 10
223.2528866448357
 20
187.9141440886788
 10
223.2531340337079
 20
187.9129257301001
 10
223.2533813750908
 20
187.9117073527093
 10
223.2536286689827
 20
187.9104889565141
 10
223.253875915382
 20
187.9092705415224
 10
223.2541231142871
 20
187.9080521077419
 10
223.2543702656965
 20
187.9068336551805
  0
SPLINE
  5
476
330
1F
100
AcDbEntity
  8
0
  6
Continuous
 62
7
370
25
100
AcDbSpline
 70
8
 71
3
 72
13
 73
9
 74
0
 42
1e-08
 40
0.0
 40
0.0
 40
0.0
 40
0.0
 40
0.0837574062253841
 40
0.1523862186386522
 40
0.2165752443306345
 40
0.4143915959789505
 40
0.8129502857502121
 40
1.0
 40
1.0
 40
1.0
 40
1.0
 10
223.2543702656965
 20
187.9068336551805
 30
0.0
 10
223.2658143975755
 20
187.8736074987999
 30
0.0
 10
223.2866355769941
 20
187.8131566257495
 30
0.0
 10
223.3302576919589
 20
187.7492146220949
 30
0.0
 10
223.4044259013263
 20
187.6957217515844
 30
0.0
 10
223.5530456992148
 20
187.6833277965103
 30
0.0
 10
223.7296511890602
 20
187.609299578828
 30
0.0
 10
223.8613864668274
 20
187.5451017543324
 30
0.0
 10
223.9034641520071
 20
187.5245962686788
 30
0.0
  0
ARC
  5
477
330
1F
100
AcDbEntity
  8
0
  6
Continuous
 62
7
370
25
100
AcDbCircle
 10
191.1547814426656
 20
181.5030508069651
 30
0.0
 40
33.29767602918568
100
AcDbArc
 50
9.74073140321703
 51
10.41868027110484
  0
SPLINE
  5
478
330
1F
100
AcDbEntity
  8
0
  6
Continuous
 62
7
370
25
100
AcDbSpline
 70
8
 71
3
 72
13
 73
9
 74
0
 42
1e-08
 40
0.0
 40
0.0
 40
0.0
 40
0.0
 40
0.1870497142499023
 40
0.5856084040211103
 40
0.783424755669401
 40
0.8476137813613901
 40
0.9162425937746324
 40
1.0
 40
1.0
 40
1.0
 40
1.0
 10
223.9724195745882
 20
187.1366869672783
 30
0.0
 10
223.9414104157106
 20
187.0949263664563
 30
0.0
 10
223.8443280752583
 20
186.9641838047986
 30
0.0
 10
223.710109896711
 20
186.7997618513635
 30
0.0
 10
223.5802908010159
 20
186.7063923003832
 30
0.0
 10
223.5314972716133
 20
186.6171396983839
 30
0.0
 10
223.5137791237791
 20
186.5353587201905
 30
0.0
 10
223.5154401613966
 20
186.4693356949167
 30
0.0
 10
223.5163531324233
 20
186.4330468664552
 30
0.0
  0
LWPOLYLINE
  5
479
330
1F
100
AcDbEntity
  8
0
  6
Continuous
 62
7
370
25
100
AcDbPolyline
 90
9
 70
128
 10
223.5163531324233
 20
186.4330468664552
 10
223.5165421735544
 20
186.4318115142634
 10
223.5167311655104
 20
186.4305761527386
 10
223.5169201082899
 20
186.4293407818889
 10
223.5171090018918
 20
186.428105401722
 10
223.5172978463147
 20
186.426870012246
 10
223.5174866415577
 20
186.4256346134686
 10
223.5176753876193
 20
186.4243992053979
 10
223.5178640844984
 20
186.4231637880416
  0
SPLINE
  5
47A
330
1F
100
AcDbEntity
  8
0
  6
Continuous
 62
7
370
25
100
AcDbSpline
 70
8
 71
3
 72
13
 73
9
 74
0
 42
1e-08
 40
0.0
 40
0.0
 40
0.0
 40
0.0
 40
0.0837574062253549
 40
0.1523862186386369
 40
0.2165752443305888
 40
0.4143915959789617
 40
0.8129502857501785
 40
1.0
 40
1.0
 40
1.0
 40
1.0
 10
223.5178640844984
 20
186.4231637880416
 30
0.0
 10
223.5277862615566
 20
186.3885803367625
 30
0.0
 10
223.5458384328297
 20
186.3256600338854
 30
0.0
 10
223.5868624072342
 20
186.2549985122304
 30
0.0
 10
223.6594340426083
 20
186.1887194532964
 30
0.0
 10
223.8096968672607
 20
186.1483673729451
 30
0.0
 10
223.9852256520545
 20
186.0425782670391
 30
0.0
 10
224.1156991801828
 20
185.9549103764063
 30
0.0
 10
224.1573738487599
 20
185.9269082955291
 30
0.0
  0
ARC
  5
47B
330
1F
100
AcDbEntity
  8
0
  6
Continuous
 62
7
370
25
100
AcDbCircle
 10
190.9857638285931
 20
181.4743831149989
 30
0.0
 40
33.46910055279772
100
AcDbArc
 50
6.969313588444545
 51
7.644945535202969
  0
SPLINE
  5
47C
330
1F
100
AcDbEntity
  8
0
  6
Continuous
 62
7
370
25
100
AcDbSpline
 70
8
 71
3
 72
13
 73
9
 74
0
 42
1e-08
 40
0.0
 40
0.0
 40
0.0
 40
0.0
 40
0.1870497142498668
 40
0.5856084040210794
 40
0.783424755669352
 40
0.8476137813612856
 40
0.9162425937745688
 40
1.0
 40
1.0
 40
1.0
 40
1.0
 10
224.2075705666075
 20
185.5354481077452
 30
0.0
 10
224.1739533309484
 20
185.5006141240671
 30
0.0
 10
224.0687057190986
 20
185.3915571620225
 30
0.0
 10
223.9240331574404
 20
185.2567133456815
 30
0.0
 10
223.7874564724413
 20
185.1903337704852
 30
0.0
 10
223.7333565627563
 20
185.1125606778667
 30
0.0
 10
223.7111896133761
 20
185.0361652827816
 30
0.0
 10
223.7095035734806
 20
184.9714539567987
 30
0.0
 10
223.7085768602272
 20
184.9358860894012
 30
0.0
  0
LWPOLYLINE
  5
47D
330
1F
100
AcDbEntity
  8
0
  6
Continuous
 62
7
370
25
100
AcDbPolyline
 90
9
 70
128
 10
223.7085768602272
 20
184.9358860894012
 10
223.7087056936171
 20
184.9346452400993
 10
223.7088344766019
 20
184.9334043910464
 10
223.7089632091809
 20
184.9321635422504
 10
223.709091891353
 20
184.9309226937193
 10
223.7092205231177
 20
184.929681845461
 10
223.7093491044739
 20
184.9284409974836
 10
223.7094776354209
 20
184.9272001497949
 10
223.709606115958
 20
184.9259593024028
  0
SPLINE
  5
47E
330
1F
100
AcDbEntity
  8
0
  6
Continuous
 62
7
370
25
100
AcDbSpline
 70
8
 71
3
 72
13
 73
9
 74
0
 42
1e-08
 40
0.0
 40
0.0
 40
0.0
 40
0.0
 40
0.0837574062254063
 40
0.1523862186386907
 40
0.2165752443306812
 40
0.4143915959790221
 40
0.8129502857501645
 40
1.0
 40
1.0
 40
1.0
 40
1.0
 10
223.709606115958
 20
184.9259593024028
 30
0.0
 10
223.7179136975015
 20
184.8903414525918
 30
0.0
 10
223.7330283123696
 20
184.8255391898027
 30
0.0
 10
223.7710711164184
 20
184.7488178977365
 30
0.0
 10
223.8413685959926
 20
184.6703714800944
 30
0.0
 10
223.9918714839018
 20
184.6024380309681
 30
0.0
 10
224.1646846986735
 20
184.4658757612165
 30
0.0
 10
224.292678280985
 20
184.3555563359205
 30
0.0
 10
224.3335608278079
 20
184.3203191077043
 30
0.0
  0
ARC
  5
47F
330
1F
100
AcDbEntity
  8
0
  6
Continuous
 62
7
370
25
100
AcDbCircle
 10
191.511052500124
 20
181.5260590293857
 30
0.0
 40
32.94123468096122
100
AcDbArc
 50
4.18316575206039
 51
4.865996408943098
  0
SPLINE
  5
480
330
1F
100
AcDbEntity
  8
0
  6
Continuous
 62
7
370
25
100
AcDbSpline
 70
8
 71
3
 72
13
 73
9
 74
0
 42
1e-08
 40
0.0
 40
0.0
 40
0.0
 40
0.0
 40
0.187049714249883
 40
0.5856084040210882
 40
0.7834247556694958
 40
0.8476137813614467
 40
0.9162425937746959
 40
1.0
 40
1.0
 40
1.0
 40
1.0
 10
224.3645301676921
 20
183.9289629918367
 30
0.0
 10
224.328618730323
 20
183.9013808608227
 30
0.0
 10
224.2161885156701
 20
183.815027733862
 30
0.0
 10
224.0624123396292
 20
183.7110210549969
 30
0.0
 10
223.920353245036
 20
183.6722512237932
 30
0.0
 10
223.8614520713486
 20
183.6066837869663
 30
0.0
 10
223.8350432872562
 20
183.5363872582099
 30
0.0
 10
223.8300259119479
 20
183.4735918237331
 30
0.0
 10
223.8272681668865
 20
183.4390770049946
 30
0.0
  0
LWPOLYLINE
  5
481
330
1F
100
AcDbEntity
  8
0
  6
Continuous
 62
7
370
25
100
AcDbPolyline
 90
9
 70
128
 10
223.8272681668865
 20
183.4390770049946
 10
223.8273355896525
 20
183.4378422440579
 10
223.8274029612541
 20
183.43660749295
 10
223.8274702816911
 20
183.4353727516786
 10
223.8275375509628
 20
183.4341380202517
 10
223.8276047690689
 20
183.432903298677
 10
223.827671936009
 20
183.4316685869627
 10
223.8277390517826
 20
183.4304338851164
 10
223.8278061163892
 20
183.4291991931462
  0
SPLINE
  5
482
330
1F
100
AcDbEntity
  8
0
  6
Continuous
 62
7
370
25
100
AcDbSpline
 70
8
 71
3
 72
13
 73
9
 74
0
 42
1e-08
 40
0.0
 40
0.0
 40
0.0
 40
0.0
 40
0.0837574062251007
 40
0.1523862186381601
 40
0.2165752443299679
 40
0.4143915959777302
 40
0.812950285747954
 40
1.0
 40
1.0
 40
1.0
 40
1.0
 10
223.8278061163892
 20
183.4291991931462
 30
0.0
 10
223.8344215367676
 20
183.3928794990703
 30
0.0
 10
223.8464574741442
 20
183.3268003176371
 30
0.0
 10
223.8811639124257
 20
183.2447355811923
 30
0.0
 10
223.9485308875742
 20
183.1548542379074
 30
0.0
 10
224.0978686338265
 20
183.0599736963166
 30
0.0
 10
224.2663527681525
 20
182.8939133078373
 30
0.0
 10
224.3906713630558
 20
182.7619723706274
 30
0.0
 10
224.4303800788002
 20
182.7198289955772
 30
0.0
  0
ARC
  5
483
330
1F
100
AcDbEntity
  8
0
  6
Continuous
 62
7
370
25
100
AcDbCircle
 10
192.7059283181632
 20
181.5884615755749
 30
0.0
 40
31.74461894167302
100
AcDbArc
 50
1.342550225236001
 51
2.042434624749143
  0
SPLINE
  5
484
330
1F
100
AcDbEntity
  8
0
  6
Continuous
 62
7
370
25
100
AcDbSpline
 70
8
 71
3
 72
13
 73
9
 74
0
 42
1e-08
 40
0.0
 40
0.0
 40
0.0
 40
0.0
 40
0.187049714249756
 40
0.5856084040208798
 40
0.7834247556692724
 40
0.8476137813613149
 40
0.9162425937745879
 40
1.0
 40
1.0
 40
1.0
 40
1.0
 10
224.4418328883372
 20
182.3322309382368
 30
0.0
 10
224.4039625446729
 20
182.3121581868125
 30
0.0
 10
224.2853994578386
 20
182.2493151508155
 30
0.0
 10
224.1239554341383
 20
182.1771166917638
 30
0.0
 10
223.9777402974408
 20
182.1663185880206
 30
0.0
 10
223.9145878041399
 20
182.1135689924767
 30
0.0
 10
223.884183757037
 20
182.0500276697977
 30
0.0
 10
223.8758818921973
 20
181.9897344308792
 30
0.0
 10
223.8713188636502
 20
181.9565949163624
 30
0.0
  0
LWPOLYLINE
  5
485
330
1F
100
AcDbEntity
  8
0
  6
Continuous
 62
7
370
25
100
AcDbPolyline
 90
9
 70
128
 10
223.8713188636502
 20
181.9565949163624
 10
223.8713242462841
 20
181.9553777724215
 10
223.8713295774721
 20
181.9541606477971
 10
223.8713348572143
 20
181.9529435424969
 10
223.8713400855105
 20
181.9517264565288
 10
223.8713452623608
 20
181.9505093899005
 10
223.8713503877651
 20
181.9492923426198
 10
223.8713554617234
 20
181.9480753146946
 10
223.8713604842356
 20
181.9468583061325
  0
SPLINE
  5
486
330
1F
100
AcDbEntity
  8
0
  6
Continuous
 62
7
370
25
100
AcDbSpline
 70
8
 71
3
 72
13
 73
9
 74
0
 42
1e-08
 40
0.0
 40
0.0
 40
0.0
 40
0.0
 40
0.0837574062253434
 40
0.1523862186386016
 40
0.2165752443305883
 40
0.4143915959789009
 40
0.812950285750129
 40
1.0
 40
1.0
 40
1.0
 40
1.0
 10
223.8713604842356
 20
181.9468583061325
 30
0.0
 10
223.8762219770511
 20
181.9101758749896
 30
0.0
 10
223.8850668606318
 20
181.8434367384251
 30
0.0
 10
223.9161128884832
 20
181.7567947739346
 30
0.0
 10
223.9799203719098
 20
181.656317702892
 30
0.0
 10
224.1266986502053
 20
181.5353759428895
 30
0.0
 10
224.2892806131176
 20
181.341367896788
 30
0.0
 10
224.4087634913868
 20
181.1890373446466
 30
0.0
 10
224.4469276264719
 20
181.1403813041017
 30
0.0
  0
ARC
  5
487
330
1F
100
AcDbEntity
  8
0
  6
Continuous
 62
7
370
25
100
AcDbCircle
 10
194.5024681513294
 20
181.5936658624578
 30
0.0
 40
29.94789007842274
100
AcDbArc
 50
358.4051456076866
 51
359.1327507954277
  0
SPLINE
  5
488
330
1F
100
AcDbEntity
  8
0
  6
Continuous
 62
7
370
25
100
AcDbSpline
 70
8
 71
3
 72
13
 73
9
 74
0
 42
1e-08
 40
0.0
 40
0.0
 40
0.0
 40
0.0
 40
0.1870497142499568
 40
0.5856084040210319
 40
0.783424755669422
 40
0.8476137813613853
 40
0.9162425937746627
 40
1.0
 40
1.0
 40
1.0
 40
1.0
 10
224.4387569738683
 20
180.7601602039136
 30
0.0
 10
224.3992813091041
 20
180.7477842459508
 30
0.0
 10
224.2756923416849
 20
180.7090380494123
 30
0.0
 10
224.1080878296757
 20
180.6693219077335
 30
0.0
 10
223.9590818222097
 20
180.6865963504362
 30
0.0
 10
223.8922676471097
 20
180.6471571049364
 30
0.0
 10
223.8581522113922
 20
180.5909642565443
 30
0.0
 10
223.8466433692962
 20
180.5337361549109
 30
0.0
 10
223.8403176610319
 20
180.502281359334
 30
0.0
  0
LWPOLYLINE
  5
489
330
1F
100
AcDbEntity
  8
0
  6
Continuous
 62
7
370
25
100
AcDbPolyline
 90
9
 70
128
 10
223.8403176610319
 20
180.502281359334
 10
223.8402609532774
 20
180.5010931965337
 10
223.840204194276
 20
180.4999050623575
 10
223.8401473840278
 20
180.4987169568127
 10
223.8400905225333
 20
180.4975288799072
 10
223.8400336097929
 20
180.4963408316483
 10
223.8399766458069
 20
180.4951528120439
 10
223.8399196305756
 20
180.4939648211015
 10
223.8398625640996
 20
180.4927768588287
  0
SPLINE
  5
48A
330
1F
100
AcDbEntity
  8
0
  6
Continuous
 62
7
370
25
100
AcDbSpline
 70
8
 71
3
 72
13
 73
9
 74
0
 42
1e-08
 40
0.0
 40
0.0
 40
0.0
 40
0.0
 40
0.0837574062253767
 40
0.1523862186386193
 40
0.2165752443305805
 40
0.4143915959788889
 40
0.8129502857501288
 40
1.0
 40
1.0
 40
1.0
 40
1.0
 10
223.8398625640996
 20
180.4927768588287
 30
0.0
 10
223.8429247389036
 20
180.4560741845945
 30
0.0
 10
223.8484959863936
 20
180.3892982182352
 30
0.0
 10
223.8755917354176
 20
180.298887978377
 30
0.0
 10
223.9352439738413
 20
180.1887533069168
 30
0.0
 10
224.0780923549432
 20
180.0428795291298
 30
0.0
 10
224.2332541624602
 20
179.8227352262595
 30
0.0
 10
224.3467857446542
 20
179.6514373285083
 30
0.0
 10
224.3830489708338
 20
179.5967229108087
 30
0.0
  0
ARC
  5
48B
330
1F
100
AcDbEntity
  8
0
  6
Continuous
 62
7
370
25
100
AcDbCircle
 10
196.7949190491323
 20
181.4816969067802
 30
0.0
 40
27.65245087767397
100
AcDbArc
 50
355.3239754420183
 51
356.0913095366891
  0
SPLINE
  5
48C
330
1F
100
AcDbEntity
  8
0
  6
Continuous
 62
7
370
25
100
AcDbSpline
 70
8
 71
3
 72
13
 73
9
 74
0
 42
1e-08
 40
0.0
 40
0.0
 40
0.0
 40
0.0
 40
0.1870497142498502
 40
0.5856084040210725
 40
0.7834247556694974
 40
0.8476137813614212
 40
0.9162425937746411
 40
1.0
 40
1.0
 40
1.0
 40
1.0
 10
224.3553311432698
 20
179.2274287897424
 30
0.0
 10
224.3146187310515
 20
179.2228651762261
 30
0.0
 10
224.1871577999372
 20
179.2085775819436
 30
0.0
 10
224.0149576777887
 20
179.2017145765512
 30
0.0
 10
223.8645520284989
 20
179.2469002788828
 30
0.0
 10
223.7946999975505
 20
179.221139617036
 30
0.0
 10
223.7571916998498
 20
179.1728199004158
 30
0.0
 10
223.7425833354553
 20
179.1191912594332
 30
0.0
 10
223.7345540089072
 20
179.0897148677476
 30
0.0
  0
LWPOLYLINE
  5
48D
330
1F
100
AcDbEntity
  8
0
  6
Continuous
 62
7
370
25
100
AcDbPolyline
 90
9
 70
128
 10
223.7345540089072
 20
179.0897148677476
 10
223.7344357402296
 20
179.0885667796439
 10
223.7343174209821
 20
179.0874187292044
 10
223.7341990511656
 20
179.0862707164364
 10
223.7340806307809
 20
179.0851227413474
 10
223.7339621598287
 20
179.0839748039446
 10
223.7338436383098
 20
179.0828269042354
 10
223.7337250662249
 20
179.0816790422271
 10
223.7336064435748
 20
179.0805312179271
  0
SPLINE
  5
48E
330
1F
100
AcDbEntity
  8
0
  6
Continuous
 62
7
370
25
100
AcDbSpline
 70
8
 71
3
 72
13
 73
9
 74
0
 42
1e-08
 40
0.0
 40
0.0
 40
0.0
 40
0.0
 40
0.0837574062253718
 40
0.1523862186386101
 40
0.2165752443305865
 40
0.414391595978896
 40
0.8129502857500712
 40
0.9999999999999998
 40
0.9999999999999998
 40
0.9999999999999998
 40
0.9999999999999998
 10
223.7336064435748
 20
179.0805312179271
 30
0.0
 10
223.7348407096663
 20
179.0441509835823
 30
0.0
 10
223.7370863038286
 20
178.9779616566339
 30
0.0
 10
223.7599787883173
 20
178.8846272774581
 30
0.0
 10
223.8149188248609
 20
178.7658633033337
 30
0.0
 10
223.9525035719226
 20
178.5964194919219
 30
0.0
 10
224.0987965200535
 20
178.3521943603238
 30
0.0
 10
224.2053167923789
 20
178.1635284792804
 30
0.0
 10
224.239340529681
 20
178.1032665382024
 30
0.0
  0
ARC
  5
48F
330
1F
100
AcDbEntity
  8
0
  6
Continuous
 62
7
370
25
100
AcDbCircle
 10
199.4481166620396
 20
181.2060939708242
 30
0.0
 40
24.98464166107134
100
AcDbArc
 50
352.0450242851778
 51
352.8660534440986
  0
SPLINE
  5
490
330
1F
100
AcDbEntity
  8
0
  6
Continuous
 62
7
370
25
100
AcDbSpline
 70
8
 71
3
 72
13
 73
9
 74
0
 42
1e-08
 40
0.0
 40
0.0
 40
0.0
 40
0.0
 40
0.187049714249808
 40
0.5856084040211172
 40
0.7834247556694613
 40
0.847613781361413
 40
0.9162425937746504
 40
0.9999999999999998
 40
0.9999999999999998
 40
0.9999999999999998
 40
0.9999999999999998
 10
224.1923343210441
 20
177.7483473959649
 30
0.0
 10
224.1507652821952
 20
177.7516387361249
 30
0.0
 10
224.0206224557569
 20
177.7619431435171
 30
0.0
 10
223.8454345096134
 20
177.7879973524431
 30
0.0
 10
223.6950335155224
 20
177.8606724276755
 30
0.0
 10
223.622795818318
 20
177.8488308698406
 30
0.0
 10
223.5822448635036
 20
177.8088354331675
 30
0.0
 10
223.5646733711731
 20
177.7593069690071
 30
0.0
 10
223.5550153939999
 20
177.7320841943398
 30
0.0
  0
LWPOLYLINE
  5
491
330
1F
100
AcDbEntity
  8
0
  6
Continuous
 62
7
370
25
100
AcDbPolyline
 90
9
 70
128
 10
223.5550153939999
 20
177.7320841943398
 10
223.5548366686417
 20
177.730986900322
 10
223.5546578938631
 20
177.729889652657
 10
223.5544790696654
 20
177.7287924513517
 10
223.5543001960497
 20
177.7276952964133
 10
223.5541212730171
 20
177.7265981878488
 10
223.5539423005687
 20
177.7255011256651
 10
223.5537632787058
 20
177.7244041098693
 10
223.5535842074294
 20
177.7233071404684
  0
SPLINE
  5
492
330
1F
100
AcDbEntity
  8
0
  6
Continuous
 62
7
370
25
100
AcDbSpline
 70
8
 71
3
 72
13
 73
9
 74
0
 42
1e-08
 40
0.0
 40
0.0
 40
0.0
 40
0.0
 40
0.0837574062253943
 40
0.1523862186386684
 40
0.2165752443306502
 40
0.4143915959790041
 40
0.8129502857501728
 40
1.0
 40
1.0
 40
1.0
 40
1.0
 10
223.5535842074294
 20
177.7233071404684
 30
0.0
 10
223.5529790407985
 20
177.6875890184588
 30
0.0
 10
223.5518780151259
 20
177.6226043228335
 30
0.0
 10
223.5703534941193
 20
177.5272172422907
 30
0.0
 10
223.6200683684639
 20
177.400932832729
 30
0.0
 10
223.7511048897727
 20
177.2095010389054
 30
0.0
 10
223.8871630806774
 20
176.9434753428308
 30
0.0
 10
223.9856774920517
 20
176.7392030009931
 30
0.0
 10
224.0171440700081
 20
176.6739561860438
 30
0.0
  0
ARC
  5
493
330
1F
100
AcDbEntity
  8
0
  6
Continuous
 62
7
370
25
100
AcDbCircle
 10
202.3082469122937
 20
180.7383115050684
 30
0.0
 40
22.08608611690859
100
AcDbArc
 50
348.5044254600083
 51
349.3958037163784
  0
SPLINE
  5
494
330
1F
100
AcDbEntity
  8
0
  6
Continuous
 62
7
370
25
100
AcDbSpline
 70
8
 71
3
 72
13
 73
9
 74
0
 42
1e-08
 40
0.0
 40
0.0
 40
0.0
 40
0.0
 40
0.1870497142499176
 40
0.5856084040210752
 40
0.7834247556694242
 40
0.8476137813613988
 40
0.9162425937746389
 40
1.0
 40
1.0
 40
1.0
 40
1.0
 10
223.9512883646035
 20
176.3367258070387
 30
0.0
 10
223.9092508180397
 20
176.3478413705186
 30
0.0
 10
223.7776412047828
 20
176.3826415701095
 30
0.0
 10
223.6011011172955
 20
176.4413697322262
 30
0.0
 10
223.4521090319615
 20
176.5408556327626
 30
0.0
 10
223.3781601324168
 20
176.5430437403745
 30
0.0
 10
223.3349451338278
 20
176.5117460102644
 30
0.0
 10
223.3145745738506
 20
176.4667801568513
 30
0.0
 10
223.303378119983
 20
176.4420651709147
 30
0.0
  0
LWPOLYLINE
  5
495
330
1F
100
AcDbEntity
  8
0
  6
Continuous
 62
7
370
25
100
AcDbPolyline
 90
9
 70
128
 10
223.303378119983
 20
176.4420651709147
 10
223.3031406066548
 20
176.4410289161214
 10
223.3029030455171
 20
176.4399927159366
 10
223.3026654365716
 20
176.4389565703671
 10
223.3024277798196
 20
176.4379204794194
 10
223.3021900752627
 20
176.4368844431001
 10
223.3019523229025
 20
176.4358484614159
 10
223.3017145227403
 20
176.4348125343735
 10
223.3014766747779
 20
176.4337766619794
  0
SPLINE
  5
496
330
1F
100
AcDbEntity
  8
0
  6
Continuous
 62
7
370
25
100
AcDbSpline
 70
8
 71
3
 72
13
 73
9
 74
0
 42
1e-08
 40
0.0
 40
0.0
 40
0.0
 40
0.0
 40
0.0837574062254239
 40
0.1523862186387104
 40
0.2165752443306884
 40
0.4143915959790542
 40
0.8129502857502339
 40
1.0
 40
1.0
 40
1.0
 40
1.0
 10
223.3014766747779
 20
176.4337766619794
 30
0.0
 10
223.2990377257023
 20
176.3990541427865
 30
0.0
 10
223.2946003601746
 20
176.3358808230781
 30
0.0
 10
223.3084863331035
 20
176.2393316446388
 30
0.0
 10
223.3525118708628
 20
176.1067058831467
 30
0.0
 10
223.4757767137247
 20
175.8950734539914
 30
0.0
 10
223.6003298087335
 20
175.6097310036876
 30
0.0
 10
223.6899185566411
 20
175.3917594368734
 30
0.0
 10
223.7185341802918
 20
175.3221369399843
 30
0.0
  0
ARC
  5
497
330
1F
100
AcDbEntity
  8
0
  6
Continuous
 62
7
370
25
100
AcDbCircle
 10
205.2150582084429
 20
180.070584355157
 30
0.0
 40
19.10304624648778
100
AcDbArc
 50
344.6251676855598
 51
345.6070817800803
  0
SPLINE
  5
498
330
1F
100
AcDbEntity
  8
0
  6
Continuous
 62
7
370
25
100
AcDbSpline
 70
8
 71
3
 72
13
 73
9
 74
0
 42
1e-08
 40
0.0
 40
0.0
 40
0.0
 40
0.0
 40
0.187049714249883
 40
0.5856084040211468
 40
0.783424755669488
 40
0.8476137813614442
 40
0.9162425937746727
 40
1.0
 40
1.0
 40
1.0
 40
1.0
 10
223.6344438550969
 20
175.0057439533986
 30
0.0
 10
223.5923302940639
 20
175.0245799571773
 30
0.0
 10
223.4604826974873
 20
175.0835510288797
 30
0.0
 10
223.2842387758864
 20
175.1744048151599
 30
0.0
 10
223.1380466982671
 20
175.2997726679527
 30
0.0
 10
223.0630770373323
 20
175.3159700112402
 30
0.0
 10
223.0176014817672
 20
175.2936622061666
 30
0.0
 10
222.9946220485733
 20
175.2536787975587
 30
0.0
 10
222.9819916562843
 20
175.2317023575174
 30
0.0
  0
LWPOLYLINE
  5
499
330
1F
100
AcDbEntity
  8
0
  6
Continuous
 62
7
370
25
100
AcDbPolyline
 90
9
 70
128
 10
222.9819916562843
 20
175.2317023575174
 10
222.981697572584
 20
175.2307368171804
 10
222.9814034431315
 20
175.2297713391978
 10
222.9811092679288
 20
175.2288059235759
 10
222.9808150469776
 20
175.2278405703209
 10
222.9805207802798
 20
175.2268752794389
 10
222.9802264678375
 20
175.2259100509361
 10
222.9799321096522
 20
175.2249448848187
 10
222.9796377057261
 20
175.2239797810928
  0
SPLINE
  5
49A
330
1F
100
AcDbEntity
  8
0
  6
Continuous
 62
7
370
25
100
AcDbSpline
 70
8
 71
3
 72
13
 73
9
 74
0
 42
1e-08
 40
0.0
 40
0.0
 40
0.0
 40
0.0
 40
0.0837574062254075
 40
0.1523862186386699
 40
0.2165752443306427
 40
0.4143915959790036
 40
0.8129502857502151
 40
1.0
 40
1.0
 40
1.0
 40
1.0
 10
222.9796377057261
 20
175.2239797810928
 30
0.0
 10
222.9753877460163
 20
175.1905770595229
 30
0.0
 10
222.9676554711198
 20
175.1298049479965
 30
0.0
 10
222.9768222883963
 20
175.0329951253259
 30
0.0
 10
223.014747434986
 20
174.8952663029043
 30
0.0
 10
223.1290897087752
 20
174.6654091933874
 30
0.0
 10
223.2409747891993
 20
174.3634141544317
 30
0.0
 10
223.3208014076392
 20
174.1337785044308
 30
0.0
 10
223.3462989006162
 20
174.0604303720964
 30
0.0
  0
ARC
  5
49B
330
1F
100
AcDbEntity
  8
0
  6
Continuous
 62
7
370
25
100
AcDbCircle
 10
208.0145100343357
 20
179.2170134381256
 30
0.0
 40
16.17572560218119
100
AcDbArc
 50
340.3134526941957
 51
341.4105208876513
  0
SPLINE
  5
49C
330
1F
100
AcDbEntity
  8
0
  6
Continuous
 62
7
370
25
100
AcDbSpline
 70
8
 71
3
 72
13
 73
9
 74
0
 42
1e-08
 40
0.0
 40
0.0
 40
0.0
 40
0.0
 40
0.1870497142498107
 40
0.5856084040210372
 40
0.7834247556693481
 40
0.8476137813613656
 40
0.9162425937746413
 40
1.0
 40
1.0
 40
1.0
 40
1.0
 10
223.2447590843404
 20
173.7678288539984
 30
0.0
 10
223.2029627118107
 20
173.7942094313836
 30
0.0
 10
223.0721081573991
 20
173.8768007781902
 30
0.0
 10
222.8978059436949
 20
173.9989319113109
 30
0.0
 10
222.7557788298291
 20
174.1490111904969
 30
0.0
 10
222.6804883790292
 20
174.1790665392298
 30
0.0
 10
222.6331768594973
 20
174.165956941158
 30
0.0
 10
222.6078031058629
 20
174.1313292916686
 30
0.0
 10
222.5938567017223
 20
174.112296585622
 30
0.0
  0
LWPOLYLINE
  5
49D
330
1F
100
AcDbEntity
  8
0
  6
Continuous
 62
7
370
25
100
AcDbPolyline
 90
9
 70
128
 10
222.5938567017223
 20
174.112296585622
 10
222.5935087934303
 20
174.1114107747312
 10
222.5931608418705
 20
174.1105250333586
 10
222.5928128470452
 20
174.10963936151
 10
222.5924648089565
 20
174.1087537591909
 10
222.5921167276068
 20
174.1078682264071
 10
222.5917686029982
 20
174.1069827631641
 10
222.5914204351329
 20
174.1060973694677
 10
222.5910722240133
 20
174.1052120453236
  0
SPLINE
  5
49E
330
1F
100
AcDbEntity
  8
0
  6
Continuous
 62
7
370
25
100
AcDbSpline
 70
8
 71
3
 72
13
 73
9
 74
0
 42
1e-08
 40
0.0
 40
0.0
 40
0.0
 40
0.0
 40
0.0837574062254099
 40
0.1523862186386721
 40
0.216575244330636
 40
0.4143915959789346
 40
0.8129502857501025
 40
1.0
 40
1.0
 40
1.0
 40
1.0
 10
222.5910722240133
 20
174.1052120453236
 30
0.0
 10
222.5850509343978
 20
174.0734409935879
 30
0.0
 10
222.5740959443001
 20
174.0156375030746
 30
0.0
 10
222.5784580178212
 20
173.9194709234031
 30
0.0
 10
222.6099286763658
 20
173.777924976958
 30
0.0
 10
222.7142807980801
 20
173.5319893009794
 30
0.0
 10
222.8124532230689
 20
173.2161613196823
 30
0.0
 10
222.881772392413
 20
172.9770056326869
 30
0.0
 10
222.9039136914941
 20
172.9006166966563
 30
0.0
  0
ARC
  5
49F
330
1F
100
AcDbEntity
  8
0
  6
Continuous
 62
7
370
25
100
AcDbCircle
 10
210.5708083901846
 20
178.2127771718033
 30
0.0
 40
13.42849713433727
100
AcDbArc
 50
335.455299366986
 51
336.6973109743512
  0
SPLINE
  5
4A0
330
1F
100
AcDbEntity
  8
0
  6
Continuous
 62
7
370
25
100
AcDbSpline
 70
8
 71
3
 72
13
 73
9
 74
0
 42
1e-08
 40
0.0
 40
0.0
 40
0.0
 40
0.0
 40
0.1870497142497916
 40
0.585608404021064
 40
0.7834247556693817
 40
0.8476137813613627
 40
0.9162425937746462
 40
1.0
 40
1.0
 40
1.0
 40
1.0
 10
222.7858724340437
 20
172.6345385885834
 30
0.0
 10
222.7447834914862
 20
172.6682174312319
 30
0.0
 10
222.6161437329572
 20
172.7736579199905
 30
0.0
 10
222.4454106399557
 20
172.925926094468
 30
0.0
 10
222.3088745587389
 20
173.0993155502544
 30
0.0
 10
222.2339662847268
 20
173.1429482857395
 30
0.0
 10
222.1852605361387
 20
173.1391592954545
 30
0.0
 10
222.1577293699652
 20
173.110210714117
 30
0.0
 10
222.1425971677907
 20
173.0942994453134
 30
0.0
  0
ARC
  5
4A1
330
1F
100
AcDbEntity
  8
0
  6
Continuous
 62
7
370
25
100
AcDbCircle
 10
211.9986025971856
 20
178.1604463785819
 30
0.0
 40
11.33871556208775
100
AcDbArc
 50
333.4253468080123
 51
333.4613903041417
  0
SPLINE
  5
4A2
330
1F
100
AcDbEntity
  8
0
  6
Continuous
 62
7
370
25
100
AcDbSpline
 70
8
 71
3
 72
13
 73
9
 74
0
 42
1e-08
 40
0.0
 40
0.0
 40
0.0
 40
0.0
 40
0.0837574062253713
 40
0.1523862186385983
 40
0.216575244330567
 40
0.4143915959789734
 40
0.8129502857502195
 40
1.0
 40
1.0
 40
1.0
 40
1.0
 10
222.1394081608488
 20
173.087919087585
 30
0.0
 10
222.1316717604866
 20
173.0580763434335
 30
0.0
 10
222.1175963389783
 20
173.00378116955
 30
0.0
 10
222.1171129412388
 20
172.9091557143214
 30
0.0
 10
222.1418352786791
 20
172.7651142202172
 30
0.0
 10
222.2352229406738
 20
172.5053962129196
 30
0.0
 10
222.3187661007468
 20
172.1786840900473
 30
0.0
 10
222.3769306065877
 20
171.9322412982698
 30
0.0
 10
222.3955089844292
 20
171.853524781457
 30
0.0
  0
ARC
  5
4A3
330
1F
100
AcDbEntity
  8
0
  6
Continuous
 62
7
370
25
100
AcDbCircle
 10
212.7768308959281
 20
177.1115308527969
 30
0.0
 40
10.96200693378992
100
AcDbArc
 50
329.9150281971897
 51
331.3369813065509
  0
SPLINE
  5
4A4
330
1F
100
AcDbEntity
  8
0
  6
Continuous
 62
7
370
25
100
AcDbSpline
 70
8
 71
3
 72
13
 73
9
 74
0
 42
1e-08
 40
0.0
 40
0.0
 40
0.0
 40
0.0
 40
0.1870497142498671
 40
0.5856084040210227
 40
0.7834247556693446
 40
0.8476137813613274
 40
0.9162425937745705
 40
1.0
 40
1.0
 40
1.0
 40
1.0
 10
222.2620684052206
 20
171.6164543830133
 30
0.0
 10
222.2220705290212
 20
171.6571170406456
 30
0.0
 10
222.0968466411403
 20
171.7844222019224
 30
0.0
 10
221.931276757729
 20
171.9654057308381
 30
0.0
 10
221.8015065097637
 20
172.1604864725929
 30
0.0
 10
221.7276798109111
 20
172.2172892077353
 30
0.0
 10
221.6780345857184
 20
172.2228562020185
 30
0.0
 10
221.6486030580862
 20
172.199856973937
 30
0.0
 10
221.6324263431722
 20
172.1872157016062
 30
0.0
  0
ARC
  5
4A5
330
1F
100
AcDbEntity
  8
0
  6
Continuous
 62
7
370
25
100
AcDbCircle
 10
213.8661462137626
 20
177.1110179927179
 30
0.0
 40
9.195593295183379
100
AcDbArc
 50
327.5839582332342
 51
327.6254042674919
  0
SPLINE
  5
4A6
330
1F
100
AcDbEntity
  8
0
  6
Continuous
 62
7
370
25
100
AcDbSpline
 70
8
 71
3
 72
13
 73
9
 74
0
 42
1e-08
 40
0.0
 40
0.0
 40
0.0
 40
0.0
 40
0.0837574062253758
 40
0.1523862186386476
 40
0.2165752443306271
 40
0.4143915959789732
 40
0.8129502857501936
 40
1.0
 40
1.0
 40
1.0
 40
1.0
 10
221.6288625818963
 20
172.181599098129
 30
0.0
 10
221.6194833034731
 20
172.1539632952231
 30
0.0
 10
221.6024188689725
 20
172.1036833773788
 30
0.0
 10
221.5970945133269
 20
172.011482538973
 30
0.0
 10
221.6148377038589
 20
171.8662903738302
 30
0.0
 10
221.6963889706966
 20
171.5952149522709
 30
0.0
 10
221.7645228458769
 20
171.2606691108867
 30
0.0
 10
221.8109896218955
 20
171.0092401842738
 30
0.0
 10
221.8258316171891
 20
170.928931041587
 30
0.0
  0
ARC
  5
4A7
330
1F
100
AcDbEntity
  8
0
  6
Continuous
 62
7
370
25
100
AcDbCircle
 10
214.5620794348909
 20
175.9812080277853
 30
0.0
 40
8.848027944751937
100
AcDbArc
 50
323.5393208537801
 51
325.1795934364823
  0
SPLINE
  5
4A8
330
1F
100
AcDbEntity
  8
0
  6
Continuous
 62
7
370
25
100
AcDbSpline
 70
8
 71
3
 72
13
 73
9
 74
0
 42
1e-08
 40
0.0
 40
0.0
 40
0.0
 40
0.0
 40
0.1870497142498357
 40
0.585608404021065
 40
0.7834247556694021
 40
0.847613781361356
 40
0.916242593774632
 40
1.0
 40
1.0
 40
1.0
 40
1.0
 10
221.6782376149566
 20
170.7230818152077
 30
0.0
 10
221.6397042545084
 20
170.7703486315455
 30
0.0
 10
221.519065418977
 20
170.9183298513497
 30
0.0
 10
221.3602046265475
 20
171.1263389402578
 30
0.0
 10
221.238411841674
 20
171.3412895516568
 30
0.0
 10
221.1663560179765
 20
171.4107319346232
 30
0.0
 10
221.1162348402706
 20
171.425602935949
 30
0.0
 10
221.0851777454234
 20
171.4087677987194
 30
0.0
 10
221.0681075553988
 20
171.399514551015
 30
0.0
  0
ARC
  5
4A9
330
1F
100
AcDbEntity
  8
0
  6
Continuous
 62
7
370
25
100
AcDbCircle
 10
215.322639466195
 20
176.0695950809669
 30
0.0
 40
7.404056706988058
100
AcDbArc
 50
320.8469161300073
 51
320.8948037231068
  0
SPLINE
  5
4AA
330
1F
100
AcDbEntity
  8
0
  6
Continuous
 62
7
370
25
100
AcDbSpline
 70
8
 71
3
 72
13
 73
9
 74
0
 42
1e-08
 40
0.0
 40
0.0
 40
0.0
 40
0.0
 40
0.0837574062253198
 40
0.1523862186385645
 40
0.2165752443305643
 40
0.4143915959790388
 40
0.8129502857501959
 40
1.0
 40
1.0
 40
1.0
 40
1.0
 10
221.0642023136673
 20
171.3947141425023
 30
0.0
 10
221.0532677289787
 20
171.3695433088877
 30
0.0
 10
221.0333736075131
 20
171.3237480971285
 30
0.0
 10
221.0232580060352
 20
171.2348327299314
 30
0.0
 10
221.0338563862703
 20
171.0898455138763
 30
0.0
 10
221.102809835744
 20
170.8099436362287
 30
0.0
 10
221.1548982783977
 20
170.4706876407154
 30
0.0
 10
221.1892334768259
 20
170.216620103411
 30
0.0
 10
221.2002005138605
 20
170.1354681596775
 30
0.0
  0
ARC
  5
4AB
330
1F
100
AcDbEntity
  8
0
  6
Continuous
 62
7
370
25
100
AcDbCircle
 10
215.8975055393983
 20
174.8985718307719
 30
0.0
 40
7.12781387059024
100
AcDbArc
 50
316.1739105682167
 51
318.0684839035134
  0
SPLINE
  5
4AC
330
1F
100
AcDbEntity
  8
0
  6
Continuous
 62
7
370
25
100
AcDbSpline
 70
8
 71
3
 72
13
 73
9
 74
0
 42
1e-08
 40
0.0
 40
0.0
 40
0.0
 40
0.0
 40
0.1870497142498717
 40
0.5856084040210737
 40
0.7834247556694148
 40
0.847613781361394
 40
0.9162425937746622
 40
1.0
 40
1.0
 40
1.0
 40
1.0
 10
221.0398311340359
 20
169.9627620641263
 30
0.0
 10
221.0031220649433
 20
170.0161917216406
 30
0.0
 10
220.8881946540641
 20
170.1834673391942
 30
0.0
 10
220.7375261930325
 20
170.4165598632763
 30
0.0
 10
220.624848017668
 20
170.6493734083766
 30
0.0
 10
220.5552358349375
 20
170.7308070743474
 30
0.0
 10
220.50510667265
 20
170.7548432361833
 30
0.0
 10
220.4727139823146
 20
170.7443293749459
 30
0.0
 10
220.4549096969442
 20
170.7385505469486
 30
0.0
  0
ARC
  5
4AD
330
1F
100
AcDbEntity
  8
0
  6
Continuous
 62
7
370
25
100
AcDbCircle
 10
216.3609837363307
 20
175.1097489216329
 30
0.0
 40
5.988956921019568
100
AcDbArc
 50
313.0688045564588
 51
313.1239659648269
  0
SPLINE
  5
4AE
330
1F
100
AcDbEntity
  8
0
  6
Continuous
 62
7
370
25
100
AcDbSpline
 70
8
 71
3
 72
13
 73
9
 74
0
 42
1e-08
 40
0.0
 40
0.0
 40
0.0
 40
0.0
 40
0.0837574062254332
 40
0.1523862186386751
 40
0.2165752443306497
 40
0.4143915959789453
 40
0.8129502857503011
 40
1.0
 40
1.0
 40
1.0
 40
1.0
 10
220.4506994369472
 20
170.7346111535211
 30
0.0
 10
220.438311639264
 20
170.7121403024893
 30
0.0
 10
220.4157735768851
 20
170.6712573743684
 30
0.0
 10
220.4009611762209
 20
170.5864576572068
 30
0.0
 10
220.4043157919376
 20
170.4430290968109
 30
0.0
 10
220.4600276242694
 20
170.1569141314915
 30
0.0
 10
220.495584298641
 20
169.8161155236714
 30
0.0
 10
220.5174673409823
 20
169.5617815358164
 30
0.0
 10
220.5244570234881
 20
169.4805444848697
 30
0.0
  0
ARC
  5
4AF
330
1F
100
AcDbEntity
  8
0
  6
Continuous
 62
7
370
25
100
AcDbCircle
 10
216.7968154428917
 20
173.9429692144278
 30
0.0
 40
5.814511692340387
100
AcDbArc
 50
307.7032757773943
 51
309.8733551788853
  0
SPLINE
  5
4B0
330
1F
100
AcDbEntity
  8
0
  6
Continuous
 62
7
370
25
100
AcDbSpline
 70
8
 71
3
 72
13
 73
9
 74
0
 42
1e-08
 40
0.0
 40
0.0
 40
0.0
 40
0.0
 40
0.1870497142497999
 40
0.5856084040210736
 40
0.7834247556693902
 40
0.8476137813613744
 40
0.9162425937746288
 40
1.0
 40
1.0
 40
1.0
 40
1.0
 10
220.3528095917616
 20
169.3425940304275
 30
0.0
 10
220.3182675567119
 20
169.4016876708021
 30
0.0
 10
220.2101246167552
 20
169.5866958787343
 30
0.0
 10
220.0690552379465
 20
169.8426955158964
 30
0.0
 10
219.9665437178551
 20
170.0911982773553
 30
0.0
 10
219.9000251262852
 20
170.1838629021324
 30
0.0
 10
219.8503560218981
 20
170.2168398053113
 30
0.0
 10
219.8169301778963
 20
170.2127453851556
 30
0.0
 10
219.7985580309955
 20
170.2104949322255
 30
0.0
  0
ARC
  5
4B1
330
1F
100
AcDbEntity
  8
0
  6
Continuous
 62
7
370
25
100
AcDbCircle
 10
217.0133067373382
 20
174.3044140938633
 30
0.0
 40
4.951545099344802
100
AcDbArc
 50
304.1663473314384
 51
304.2289667481595
  0
SPLINE
  5
4B2
330
1F
100
AcDbEntity
  8
0
  6
Continuous
 62
7
370
25
100
AcDbSpline
 70
8
 71
3
 72
13
 73
9
 74
0
 42
1e-08
 40
0.0
 40
0.0
 40
0.0
 40
0.0
 40
0.0837574062253593
 40
0.152386218638638
 40
0.2165752443306098
 40
0.414391595978933
 40
0.8129502857501675
 40
1.0
 40
1.0
 40
1.0
 40
1.0
 10
219.7940820627962
 20
170.2074533349386
 30
0.0
 10
219.7803567136479
 20
170.1878922707713
 30
0.0
 10
219.7553851421718
 20
170.1523033391731
 30
0.0
 10
219.7360142417149
 20
170.0724110241582
 30
0.0
 10
219.7320937717705
 20
169.9318802732451
 30
0.0
 10
219.774043820592
 20
169.6422235985954
 30
0.0
 10
219.7927367435938
 20
169.3030643232468
 30
0.0
 10
219.8019633137776
 20
169.0508385327591
 30
0.0
 10
219.8049103809723
 20
168.9702748630557
 30
0.0
  0
ARC
  5
4B3
330
1F
100
AcDbEntity
  8
0
  6
Continuous
 62
7
370
25
100
AcDbCircle
 10
217.314156301013
 20
173.1898081015331
 30
0.0
 40
4.899828225300299
100
AcDbArc
 50
298.1206005529077
 51
300.5529870663789
  0
SPLINE
  5
4B4
330
1F
100
AcDbEntity
  8
0
  6
Continuous
 62
7
370
25
100
AcDbSpline
 70
8
 71
3
 72
13
 73
9
 74
0
 42
1e-08
 40
0.0
 40
0.0
 40
0.0
 40
0.0
 40
0.1870497142498744
 40
0.585608404021028
 40
0.7834247556693802
 40
0.8476137813613437
 40
0.9162425937746103
 40
1.0
 40
1.0
 40
1.0
 40
1.0
 10
219.6235875231662
 20
168.8683680559472
 30
0.0
 10
219.5915350318339
 20
168.9325739377838
 30
0.0
 10
219.4911862642923
 20
169.1335873643047
 30
0.0
 10
219.3610330944874
 20
169.4101039149098
 30
0.0
 10
219.269645352112
 20
169.6719756893993
 30
0.0
 10
219.20684141787
 20
169.7750060883482
 30
0.0
 10
219.1580961184281
 20
169.8166158364104
 30
0.0
 10
219.1239492088593
 20
169.8189790858342
 30
0.0
 10
219.1051807362137
 20
169.820278019844
 30
0.0
  0
ARC
  5
4B5
330
1F
100
AcDbEntity
  8
0
  6
Continuous
 62
7
370
25
100
AcDbCircle
 10
217.3471583409654
 20
173.7198771471219
 30
0.0
 40
4.277559595804765
100
AcDbArc
 50
294.1978310822558
 51
294.2668665247918
  0
SPLINE
  5
4B6
330
1F
100
AcDbEntity
  8
0
  6
Continuous
 62
7
370
25
100
AcDbSpline
 70
8
 71
3
 72
13
 73
9
 74
0
 42
1e-08
 40
0.0
 40
0.0
 40
0.0
 40
0.0
 40
0.0837574062254287
 40
0.1523862186387142
 40
0.2165752443306696
 40
0.4143915959790295
 40
0.8129502857502616
 40
0.9999999999999998
 40
0.9999999999999998
 40
0.9999999999999998
 40
0.9999999999999998
 10
219.1004808507211
 20
169.8181626172716
 30
0.0
 10
219.0855460999945
 20
169.8016939763545
 30
0.0
 10
219.0583741722557
 20
169.7717313255447
 30
0.0
 10
219.0346256328847
 20
169.6974923456958
 30
0.0
 10
219.0234666816505
 20
169.5611715020229
 30
0.0
 10
219.051263270659
 20
169.2706775643705
 30
0.0
 10
219.052917911505
 20
168.9363242602657
 30
0.0
 10
219.0494018635319
 20
168.6885616313931
 30
0.0
 10
219.048278799443
 20
168.6094235442102
 30
0.0
  0
ARC
  5
4B7
330
1F
100
AcDbEntity
  8
0
  6
Continuous
 62
7
370
25
100
AcDbCircle
 10
217.5383877085847
 20
172.704301207206
 30
0.0
 40
4.364377868740902
100
AcDbArc
 50
287.6127996070671
 51
290.2402817470838
  0
SPLINE
  5
4B8
330
1F
100
AcDbEntity
  8
0
  6
Continuous
 62
7
370
25
100
AcDbSpline
 70
8
 71
3
 72
13
 73
9
 74
0
 42
1e-08
 40
0.0
 40
0.0
 40
0.0
 40
0.0
 40
0.1870497142498846
 40
0.5856084040211003
 40
0.7834247556694254
 40
0.8476137813613998
 40
0.9162425937746242
 40
1.0
 40
1.0
 40
1.0
 40
1.0
 10
218.8589734782258
 20
168.5445118608356
 30
0.0
 10
218.8297097960865
 20
168.613230511115
 30
0.0
 10
218.7380921303651
 20
168.8283723480213
 30
0.0
 10
218.6200703746425
 20
169.1228240515398
 30
0.0
 10
218.5406596727104
 20
169.3956198128588
 30
0.0
 10
218.4821567792087
 20
169.5080540189047
 30
0.0
 10
218.4347904064394
 20
169.5579081128437
 30
0.0
 10
218.4002412517979
 20
169.5667069668239
 30
0.0
 10
218.3812516895796
 20
169.5715431599765
 30
0.0
  0
ARC
  5
4B9
330
1F
100
AcDbEntity
  8
0
  6
Continuous
 62
7
370
25
100
AcDbCircle
 10
217.4587412628694
 20
173.4102374504616
 30
0.0
 40
3.947986745569367
100
AcDbArc
 50
283.4401775364071
 51
283.5130034110866
  0
SPLINE
  5
4BA
330
1F
100
AcDbEntity
  8
0
  6
Continuous
 62
7
370
25
100
AcDbSpline
 70
8
 71
3
 72
13
 73
9
 74
0
 42
1e-08
 40
0.0
 40
0.0
 40
0.0
 40
0.0
 40
0.0837574062251822
 40
0.1523862186382586
 40
0.2165752443300629
 40
0.4143915959779005
 40
0.8129502857480341
 40
1.0
 40
1.0
 40
1.0
 40
1.0
 10
218.3763717683583
 20
169.5703737030628
 30
0.0
 10
218.360367057797
 20
169.557151248659
 30
0.0
 10
218.3312484707638
 20
169.533094631835
 30
0.0
 10
218.3033440261921
 20
169.4652021365043
 30
0.0
 10
218.2850507817894
 20
169.3343639910594
 30
0.0
 10
218.2984343817222
 20
169.0457450540308
 30
0.0
 10
218.2830352914769
 20
168.7193194878825
 30
0.0
 10
218.2668094537391
 20
168.4783333135332
 30
0.0
 10
218.2616267441135
 20
168.4013596998673
 30
0.0
  0
ARC
  5
4BB
330
1F
100
AcDbEntity
  8
0
  6
Continuous
 62
7
370
25
100
AcDbCircle
 10
217.5844281523435
 20
172.5359986083059
 30
0.0
 40
4.189729923977099
100
AcDbArc
 50
276.6016888957464
 51
279.3016937525156
  0
SPLINE
  5
4BC
330
1F
100
AcDbEntity
  8
0
  6
Continuous
 62
7
370
25
100
AcDbSpline
 70
8
 71
3
 72
13
 73
9
 74
0
 42
1e-08
 40
0.0
 40
0.0
 40
0.0
 40
0.0
 40
0.1870497142497851
 40
0.5856084040209867
 40
0.7834247556693531
 40
0.8476137813613313
 40
0.9162425937746069
 40
1.0
 40
1.0
 40
1.0
 40
1.0
 10
218.0661064522642
 20
168.3740492031287
 30
0.0
 10
218.0399048064331
 20
168.446639014328
 30
0.0
 10
217.9578736519915
 20
168.6739005402552
 30
0.0
 10
217.8530852476857
 20
168.9835381804674
 30
0.0
 10
217.7863930225246
 20
169.2647109080931
 30
0.0
 10
217.7327373955172
 20
169.3854991533479
 30
0.0
 10
217.6871921964807
 20
169.4431321189209
 30
0.0
 10
217.6525633729147
 20
169.4582844249287
 30
0.0
 10
217.6335300215496
 20
169.4666127229919
 30
0.0
  0
ARC
  5
4BD
330
1F
100
AcDbEntity
  8
0
  6
Continuous
 62
7
370
25
100
AcDbCircle
 10
217.4637120176058
 20
173.4128496249812
 30
0.0
 40
3.949889092251323
100
AcDbArc
 50
272.3912805886229
 51
272.4640830756755
  0
SPLINE
  5
4BE
330
1F
100
AcDbEntity
  8
0
  6
Continuous
 62
7
370
25
100
AcDbSpline
 70
8
 71
3
 72
13
 73
9
 74
0
 42
1e-08
 40
0.0
 40
0.0
 40
0.0
 40
0.0
 40
0.0837574062253253
 40
0.1523862186385785
 40
0.2165752443305548
 40
0.4143915959788989
 40
0.8129502857501165
 40
1.0
 40
1.0
 40
1.0
 40
1.0
 10
217.6285156271092
 20
169.4664001306407
 30
0.0
 10
217.6115903883835
 20
169.4565473172442
 30
0.0
 10
217.5807970144575
 20
169.4386213445558
 30
0.0
 10
217.5489972009657
 20
169.3777092276797
 30
0.0
 10
217.5237404624882
 20
169.2535753809742
 30
0.0
 10
217.5225861142796
 20
168.9695262018205
 30
0.0
 10
217.4902770700992
 20
168.6540761211914
 30
0.0
 10
217.4614929388722
 20
168.4221164243475
 30
0.0
 10
217.4522989732734
 20
168.3480259660921
 30
0.0
  0
ARC
  5
4BF
330
1F
100
AcDbEntity
  8
0
  6
Continuous
 62
7
370
25
100
AcDbCircle
 10
217.5824105714603
 20
172.7145657680456
 30
0.0
 40
4.368477866491618
100
AcDbArc
 50
265.6674010973605
 51
268.2932389022738
  0
SPLINE
  5
4C0
330
1F
100
AcDbEntity
  8
0
  6
Continuous
 62
7
370
25
100
AcDbSpline
 70
8
 71
3
 72
13
 73
9
 74
0
 42
1e-08
 40
0.0
 40
0.0
 40
0.0
 40
0.0
 40
0.1870497142498532
 40
0.5856084040210391
 40
0.7834247556693862
 40
0.8476137813613677
 40
0.9162425937746123
 40
1.0
 40
1.0
 40
1.0
 40
1.0
 10
217.2523892310762
 20
168.3585716467321
 30
0.0
 10
217.229494259261
 20
168.4343548673428
 30
0.0
 10
217.1578155188865
 20
168.6716142026558
 30
0.0
 10
217.067238847094
 20
168.9935467763418
 30
0.0
 10
217.0138877860418
 20
169.2804712362747
 30
0.0
 10
216.9655803936609
 20
169.4084857534368
 30
0.0
 10
216.9222816116094
 20
169.4733594871728
 30
0.0
 10
216.887896439114
 20
169.4947237722094
 30
0.0
 10
216.8689970078757
 20
169.506466416108
 30
0.0
  0
ARC
  5
4C1
330
1F
100
AcDbEntity
  8
0
  6
Continuous
 62
7
370
25
100
AcDbCircle
 10
217.4863585929857
 20
173.7450903653245
 30
0.0
 40
4.283347792281268
100
AcDbArc
 50
261.6440880326591
 51
261.7130612686872
  0
SPLINE
  5
4C2
330
1F
100
AcDbEntity
  8
0
  6
Continuous
 62
7
370
25
100
AcDbSpline
 70
8
 71
3
 72
13
 73
9
 74
0
 42
1e-08
 40
0.0
 40
0.0
 40
0.0
 40
0.0
 40
0.0837574062252724
 40
0.1523862186384904
 40
0.2165752443304719
 40
0.4143915959788281
 40
0.8129502857500535
 40
1.0
 40
1.0
 40
1.0
 40
1.0
 10
216.863894958266
 20
169.507212673237
 30
0.0
 10
216.8462072177696
 20
169.5008214939119
 30
0.0
 10
216.8140265663863
 20
169.4891935353361
 30
0.0
 10
216.7786282902646
 20
169.4358305169379
 30
0.0
 10
216.7466438730753
 20
169.3195599732528
 30
0.0
 10
216.7309623545624
 20
169.0427326426265
 30
0.0
 10
216.6820450172876
 20
168.7412033199252
 30
0.0
 10
216.6409713422492
 20
168.5204358457768
 30
0.0
 10
216.6278519622566
 20
168.4499203055769
 30
0.0
  0
ARC
  5
4C3
330
1F
100
AcDbEntity
  8
0
  6
Continuous
 62
7
370
25
100
AcDbCircle
 10
217.6655642467838
 20
173.2471605432728
 30
0.0
 40
4.908193219874968
100
AcDbArc
 50
255.3645335590412
 51
257.79415550239
  0
SPLINE
  5
4C4
330
1F
100
AcDbEntity
  8
0
  6
Continuous
 62
7
370
25
100
AcDbSpline
 70
8
 71
3
 72
13
 73
9
 74
0
 42
1e-08
 40
0.0
 40
0.0
 40
0.0
 40
0.0
 40
0.1870497142498254
 40
0.5856084040211007
 40
0.7834247556693898
 40
0.8476137813613739
 40
0.9162425937746245
 40
1.0
 40
1.0
 40
1.0
 40
1.0
 10
216.4254192731122
 20
168.4982237014203
 30
0.0
 10
216.4060447394958
 20
168.5764927639301
 30
0.0
 10
216.3453876582742
 20
168.821534682141
 30
0.0
 10
216.2698684089759
 20
169.1527563916007
 30
0.0
 10
216.2303566365139
 20
169.4427536474654
 30
0.0
 10
216.187848511867
 20
169.57679919948
 30
0.0
 10
216.147200415862
 20
169.6483079928061
 30
0.0
 10
216.1133799395285
 20
169.6756847842986
 30
0.0
 10
216.0947908873142
 20
169.6907321361305
 30
0.0
  0
ARC
  5
4C5
330
1F
100
AcDbEntity
  8
0
  6
Continuous
 62
7
370
25
100
AcDbCircle
 10
217.6480562335234
 20
174.4027485022318
 30
0.0
 40
4.961424338850783
100
AcDbArc
 50
251.6932175338205
 51
251.7557537938793
  0
SPLINE
  5
4C6
330
1F
100
AcDbEntity
  8
0
  6
Continuous
 62
7
370
25
100
AcDbSpline
 70
8
 71
3
 72
13
 73
9
 74
0
 42
1e-08
 40
0.0
 40
0.0
 40
0.0
 40
0.0
 40
0.0837574062253728
 40
0.1523862186386605
 40
0.2165752443306865
 40
0.414391595979033
 40
0.8129502857501025
 40
1.0
 40
1.0
 40
1.0
 40
1.0
 10
216.0896488189979
 20
169.6924302751379
 30
0.0
 10
216.0713637223981
 20
169.6895604026034
 30
0.0
 10
216.0380962556288
 20
169.6843390252565
 30
0.0
 10
215.999430021044
 20
169.6390233414611
 30
0.0
 10
215.9610165550278
 20
169.5317016875352
 30
0.0
 10
215.9309542803245
 20
169.2646808676354
 30
0.0
 10
215.8658853779534
 20
168.9798876009052
 30
0.0
 10
215.8129056529404
 20
168.7723735958761
 30
0.0
 10
215.7959833506703
 20
168.7060913583313
 30
0.0
  0
ARC
  5
4C7
330
1F
100
AcDbEntity
  8
0
  6
Continuous
 62
7
370
25
100
AcDbCircle
 10
217.9578467010931
 20
174.117629312259
 30
0.0
 40
5.827383304082664
100
AcDbArc
 50
246.0568292342202
 51
248.2237117985301
  0
SPLINE
  5
4C8
330
1F
100
AcDbEntity
  8
0
  6
Continuous
 62
7
370
25
100
AcDbSpline
 70
8
 71
3
 72
13
 73
9
 74
0
 42
1e-08
 40
0.0
 40
0.0
 40
0.0
 40
0.0
 40
0.187049714249833
 40
0.5856084040210983
 40
0.7834247556693593
 40
0.8476137813613348
 40
0.9162425937745959
 40
1.0
 40
1.0
 40
1.0
 40
1.0
 10
215.5929177740545
 20
168.7917014735855
 30
0.0
 10
215.5772445734373
 20
168.8717256008462
 30
0.0
 10
215.5281754901931
 20
169.1222622115877
 30
0.0
 10
215.4684187662714
 20
169.4596805289625
 30
0.0
 10
215.4431151931738
 20
169.7500429545168
 30
0.0
 10
215.4068032231672
 20
169.8888679941812
 30
0.0
 10
215.3691853335294
 20
169.9663441887614
 30
0.0
 10
215.3362453260327
 20
169.9994778769838
 30
0.0
 10
215.3181402138144
 20
170.0176894436792
 30
0.0
  0
ARC
  5
4C9
330
1F
100
AcDbEntity
  8
0
  6
Continuous
 62
7
370
25
100
AcDbCircle
 10
218.0559807360205
 20
175.3601521352601
 30
0.0
 40
6.003139040199542
100
AcDbArc
 50
242.8112434755714
 51
242.8663179741759
  0
SPLINE
  5
4CA
330
1F
100
AcDbEntity
  8
0
  6
Continuous
 62
7
370
25
100
AcDbSpline
 70
8
 71
3
 72
13
 73
9
 74
0
 42
1e-08
 40
0.0
 40
0.0
 40
0.0
 40
0.0
 40
0.0837574062251681
 40
0.152386218638252
 40
0.2165752443300595
 40
0.4143915959778762
 40
0.8129502857480554
 40
1.0
 40
1.0
 40
1.0
 40
1.0
 10
215.3130061368977
 20
170.0203236094987
 30
0.0
 10
215.2942944072149
 20
170.0210018389815
 30
0.0
 10
215.2602507344334
 20
170.0222357934568
 30
0.0
 10
215.2186775575999
 20
169.9853905445942
 30
0.0
 10
215.1741936989391
 20
169.8880198137939
 30
0.0
 10
215.1300313514044
 20
169.6332986060712
 30
0.0
 10
215.0494184147461
 20
169.3679004333095
 30
0.0
 10
214.9850272971762
 20
169.1755773997519
 30
0.0
 10
214.9644600716051
 20
169.1141473242545
 30
0.0
  0
ARC
  5
4CB
330
1F
100
AcDbEntity
  8
0
  6
Continuous
 62
7
370
25
100
AcDbCircle
 10
218.5623700223448
 20
175.2875915466396
 30
0.0
 40
7.14537399864634
100
AcDbArc
 50
237.8747150614001
 51
239.7661830096475
  0
SPLINE
  5
4CC
330
1F
100
AcDbEntity
  8
0
  6
Continuous
 62
7
370
25
100
AcDbSpline
 70
8
 71
3
 72
13
 73
9
 74
0
 42
1e-08
 40
0.0
 40
0.0
 40
0.0
 40
0.0
 40
0.1870497142497583
 40
0.5856084040209821
 40
0.7834247556693672
 40
0.8476137813613608
 40
0.9162425937746276
 40
1.0
 40
1.0
 40
1.0
 40
1.0
 10
214.7626575760948
 20
169.2362648403426
 30
0.0
 10
214.7508320449279
 20
169.3172968686392
 30
0.0
 10
214.7138091044701
 20
169.5709889790801
 30
0.0
 10
214.670372838356
 20
169.9114535204531
 30
0.0
 10
214.6595137172673
 20
170.1994700799635
 30
0.0
 10
214.6297369369812
 20
170.3417784352868
 30
0.0
 10
214.5955004818102
 20
170.4244986567668
 30
0.0
 10
214.5637484951252
 20
170.4630798813996
 30
0.0
 10
214.5462963654576
 20
170.484285626467
 30
0.0
  0
ARC
  5
4CD
330
1F
100
AcDbEntity
  8
0
  6
Continuous
 62
7
370
25
100
AcDbCircle
 10
218.7930320131138
 20
176.5720427118229
 30
0.0
 40
7.422637670759309
100
AcDbArc
 50
235.0530946186713
 51
235.1009022589059
  0
SPLINE
  5
4CE
330
1F
100
AcDbEntity
  8
0
  6
Continuous
 62
7
370
25
100
AcDbSpline
 70
8
 71
3
 72
13
 73
9
 74
0
 42
1e-08
 40
0.0
 40
0.0
 40
0.0
 40
0.0
 40
0.08375740622513
 40
0.1523862186381967
 40
0.2165752443299271
 40
0.4143915959777462
 40
0.8129502857478879
 40
1.0
 40
1.0
 40
1.0
 40
1.0
 10
214.5412182154335
 20
170.487831224602
 30
0.0
 10
214.522254559046
 20
170.4920512236562
 30
0.0
 10
214.4877525368526
 20
170.4997289888534
 30
0.0
 10
214.443660575321
 20
170.471698189085
 30
0.0
 10
214.3935216578188
 20
170.3851875056887
 30
0.0
 10
214.3356715693923
 20
170.1451441734289
 30
0.0
 10
214.2402672597172
 20
169.9016190458675
 30
0.0
 10
214.1650659521058
 20
169.7262826521283
 30
0.0
 10
214.1410458338775
 20
169.6702782947427
 30
0.0
  0
ARC
  5
4CF
330
1F
100
AcDbEntity
  8
0
  6
Continuous
 62
7
370
25
100
AcDbCircle
 10
219.5515995001035
 20
176.6993245023775
 30
0.0
 40
8.870263894844191
100
AcDbArc
 50
230.7754719116906
 51
232.4130020465657
  0
SPLINE
  5
4D0
330
1F
100
AcDbEntity
  8
0
  6
Continuous
 62
7
370
25
100
AcDbSpline
 70
8
 71
3
 72
13
 73
9
 74
0
 42
1e-08
 40
0.0
 40
0.0
 40
0.0
 40
0.0
 40
0.1870497142499403
 40
0.5856084040210191
 40
0.7834247556693601
 40
0.8476137813613389
 40
0.9162425937746091
 40
1.0
 40
1.0
 40
1.0
 40
1.0
 10
213.9423905949998
 20
169.8277630333167
 30
0.0
 10
213.9345231450816
 20
169.9090463884341
 30
0.0
 10
213.9098920206301
 20
170.1635253436928
 30
0.0
 10
213.8831817650371
 20
170.5038572833746
 30
0.0
 10
213.8868684846447
 20
170.7868388438265
 30
0.0
 10
213.8639049118539
 20
170.9313018200379
 30
0.0
 10
213.8333695477073
 20
171.0184937319978
 30
0.0
 10
213.8031020415786
 20
171.0621622705417
 30
0.0
 10
213.7864658402941
 20
171.0861642016531
 30
0.0
  0
ARC
  5
4D1
330
1F
100
AcDbEntity
  8
0
  6
Continuous
 62
7
370
25
100
AcDbCircle
 10
219.909818442388
 20
177.9770284396648
 30
0.0
 40
9.218430291339185
100
AcDbArc
 50
228.333723823019
 51
228.3751013788015
  0
SPLINE
  5
4D2
330
1F
100
AcDbEntity
  8
0
  6
Continuous
 62
7
370
25
100
AcDbSpline
 70
8
 71
3
 72
13
 73
9
 74
0
 42
1e-08
 40
0.0
 40
0.0
 40
0.0
 40
0.0
 40
0.0837574062254105
 40
0.1523862186386818
 40
0.2165752443306375
 40
0.4143915959789379
 40
0.8129502857502012
 40
1.0
 40
1.0
 40
1.0
 40
1.0
 10
213.7814910304811
 20
171.0905881278092
 30
0.0
 10
213.7624525059392
 20
171.0983104954406
 30
0.0
 10
213.7278142704189
 20
171.1123603861346
 30
0.0
 10
213.6816151989543
 20
171.093405751485
 30
0.0
 10
213.6262893561737
 20
171.0185628424347
 30
0.0
 10
213.5552916575448
 20
170.7954386055546
 30
0.0
 10
213.4459867391865
 20
170.5760602516968
 30
0.0
 10
213.3606773758819
 20
170.4193475664431
 30
0.0
 10
213.333428634369
 20
170.3692918247653
 30
0.0
  0
ARC
  5
4D3
330
1F
100
AcDbEntity
  8
0
  6
Continuous
 62
7
370
25
100
AcDbCircle
 10
220.9601542552004
 20
178.2802103275529
 30
0.0
 40
10.9886111612521
100
AcDbArc
 50
224.6282004985234
 51
226.0478575212364
  0
SPLINE
  5
4D4
330
1F
100
AcDbEntity
  8
0
  6
Continuous
 62
7
370
25
100
AcDbSpline
 70
8
 71
3
 72
13
 73
9
 74
0
 42
1e-08
 40
0.0
 40
0.0
 40
0.0
 40
0.0
 40
0.1870497142498411
 40
0.5856084040211853
 40
0.7834247556694184
 40
0.8476137813613769
 40
0.9162425937746226
 40
1.0
 40
1.0
 40
1.0
 40
1.0
 10
213.1397754425633
 20
170.560673393251
 30
0.0
 10
213.1359395301538
 20
170.6414491544029
 30
0.0
 10
213.1239301958812
 20
170.89433895304
 30
0.0
 10
213.1141953372688
 20
171.2313607034068
 30
0.0
 10
213.1323934756653
 20
171.5066651422159
 30
0.0
 10
213.1164575150616
 20
171.6519339274298
 30
0.0
 10
213.0899083424071
 20
171.7427834424801
 30
0.0
 10
213.0614079163843
 20
171.7911315735566
 30
0.0
 10
213.0457429712119
 20
171.8177055911481
 30
0.0
  0
ARC
  5
4D5
330
1F
100
AcDbEntity
  8
0
  6
Continuous
 62
7
370
25
100
AcDbCircle
 10
221.4193833260735
 20
179.5023399892133
 30
0.0
 40
11.36536223023679
100
AcDbArc
 50
222.5071527550984
 51
222.5431398935097
  0
SPLINE
  5
4D6
330
1F
100
AcDbEntity
  8
0
  6
Continuous
 62
7
370
25
100
AcDbSpline
 70
8
 71
3
 72
13
 73
9
 74
0
 42
1e-08
 40
0.0
 40
0.0
 40
0.0
 40
0.0
 40
0.0837574062254063
 40
0.1523862186387188
 40
0.2165752443306838
 40
0.4143915959789906
 40
0.8129502857501064
 40
1.0
 40
1.0
 40
1.0
 40
1.0
 10
213.0409179500689
 20
171.8229665403188
 30
0.0
 10
213.0219823149465
 20
171.8341191748615
 30
0.0
 10
212.9875312739717
 20
171.8544100110086
 30
0.0
 10
212.9396564408566
 20
171.8447085157946
 30
0.0
 10
212.879660235285
 20
171.7822321691665
 30
0.0
 10
212.7961778128366
 20
171.5781102785486
 30
0.0
 10
212.6739928363672
 20
171.384926974975
 30
0.0
 10
212.5793719279086
 20
171.2483011823242
 30
0.0
 10
212.5491489772684
 20
171.2046614133266
 30
0.0
  0
ARC
  5
4D7
330
1F
100
AcDbEntity
  8
0
  6
Continuous
 62
7
370
25
100
AcDbCircle
 10
222.7808217560092
 20
179.948377561126
 30
0.0
 40
13.45881495245826
100
AcDbArc
 50
219.2761761433847
 51
220.5163218079702
  0
SPLINE
  5
4D8
330
1F
100
AcDbEntity
  8
0
  6
Continuous
 62
7
370
25
100
AcDbSpline
 70
8
 71
3
 72
13
 73
9
 74
0
 42
1e-08
 40
0.0
 40
0.0
 40
0.0
 40
0.0
 40
0.1870497142497608
 40
0.5856084040208307
 40
0.7834247556692989
 40
0.8476137813613202
 40
0.9162425937746073
 40
1.0
 40
1.0
 40
1.0
 40
1.0
 10
212.3623059202105
 20
171.4281529335868
 30
0.0
 10
212.3625373601906
 20
171.5076669192552
 30
0.0
 10
212.363261944015
 20
171.7566063973578
 30
0.0
 10
212.3705933741353
 20
172.0871712771322
 30
0.0
 10
212.4031330202058
 20
172.3522281509299
 30
0.0
 10
212.3943734615596
 20
172.4969464096395
 30
0.0
 10
212.3720583628692
 20
172.5906052903364
 30
0.0
 10
212.3455911177508
 20
172.6431816004723
 30
0.0
 10
212.331043688063
 20
172.6720795901016
 30
0.0
  0
LWPOLYLINE
  5
4D9
330
1F
100
AcDbEntity
  8
0
  6
Continuous
 62
7
370
25
100
AcDbPolyline
 90
9
 70
128
 10
212.331043688063
 20
172.6720795901016
 10
212.3304648367616
 20
172.6728354211124
 10
212.3298860078763
 20
172.6735913308483
 10
212.3293072014109
 20
172.6743473193046
 10
212.3287284173691
 20
172.6751033864763
 10
212.3281496557547
 20
172.6758595323588
 10
212.3275709165713
 20
172.6766157569471
 10
212.3269921998226
 20
172.6773720602364
 10
212.3264135055123
 20
172.6781284422217
  0
SPLINE
  5
4DA
330
1F
100
AcDbEntity
  8
0
  6
Continuous
 62
7
370
25
100
AcDbSpline
 70
8
 71
3
 72
13
 73
9
 74
0
 42
1e-08
 40
0.0
 40
0.0
 40
0.0
 40
0.0
 40
0.0837574062253782
 40
0.15238621863868
 40
0.2165752443306303
 40
0.4143915959789101
 40
0.8129502857501154
 40
0.9999999999999998
 40
0.9999999999999998
 40
0.9999999999999998
 40
0.9999999999999998
 10
212.3264135055123
 20
172.6781284422217
 30
0.0
 10
212.3077575567327
 20
172.6926072145319
 30
0.0
 10
212.2738153703907
 20
172.7189495460619
 30
0.0
 10
212.2247117700426
 20
172.7185917705305
 30
0.0
 10
212.1606053700866
 20
172.66906531114
 30
0.0
 10
212.0654176767034
 20
172.4858515978794
 30
0.0
 10
211.9314934503274
 20
172.3206670450446
 30
0.0
 10
211.8284444466429
 20
172.2054037832111
 30
0.0
 10
211.7955294704223
 20
172.1685874396589
 30
0.0
  0
ARC
  5
4DB
330
1F
100
AcDbEntity
  8
0
  6
Continuous
 62
7
370
25
100
AcDbCircle
 10
224.9641291613972
 20
181.6190698220054
 30
0.0
 40
16.20875180512625
100
AcDbArc
 50
214.5696410587193
 51
215.6652184928699
  0
SPLINE
  5
4DC
330
1F
100
AcDbEntity
  8
0
  6
Continuous
 62
7
370
25
100
AcDbSpline
 70
8
 71
3
 72
13
 73
9
 74
0
 42
1e-08
 40
0.0
 40
0.0
 40
0.0
 40
0.0
 40
0.1870497142498093
 40
0.5856084040211923
 40
0.7834247556694858
 40
0.847613781361436
 40
0.9162425937746611
 40
1.0
 40
1.0
 40
1.0
 40
1.0
 10
211.6172410513942
 20
172.422102231585
 30
0.0
 10
211.6215376828708
 20
172.4996120411096
 30
0.0
 10
211.6349894195486
 20
172.7422769178442
 30
0.0
 10
211.6593186868137
 20
173.0632985318096
 30
0.0
 10
211.7058960266502
 20
173.3156330759809
 30
0.0
 10
211.7043946556006
 20
173.4584496127968
 30
0.0
 10
211.6865219809379
 20
173.5540433914058
 30
0.0
 10
211.6623350342608
 20
173.6103569897593
 30
0.0
 10
211.6490409454888
 20
173.6413091386834
 30
0.0
  0
LWPOLYLINE
  5
4DD
330
1F
100
AcDbEntity
  8
0
  6
Continuous
 62
7
370
25
100
AcDbPolyline
 90
9
 70
128
 10
211.6490409454888
 20
173.6413091386834
 10
211.6484918375823
 20
173.6421564197171
 10
211.6479427564566
 20
173.6430037732723
 10
211.6473937021153
 20
173.6438511993435
 10
211.6468446745619
 20
173.6446986979253
 10
211.6462956737999
 20
173.6455462690124
 10
211.6457466998328
 20
173.6463939125993
 10
211.6451977526641
 20
173.6472416286805
 10
211.6446488322973
 20
173.6480894172508
  0
SPLINE
  5
4DE
330
1F
100
AcDbEntity
  8
0
  6
Continuous
 62
7
370
25
100
AcDbSpline
 70
8
 71
3
 72
13
 73
9
 74
0
 42
1e-08
 40
0.0
 40
0.0
 40
0.0
 40
0.0
 40
0.0837574062254041
 40
0.1523862186386492
 40
0.2165752443306251
 40
0.4143915959790116
 40
0.8129502857501752
 40
1.0
 40
1.0
 40
1.0
 40
1.0
 10
211.6446488322973
 20
173.6480894172508
 30
0.0
 10
211.6264467554278
 20
173.6657591429325
 30
0.0
 10
211.5933303327671
 20
173.6979070185934
 30
0.0
 10
211.5434564322725
 20
173.7068963031983
 30
0.0
 10
211.4758383821158
 20
173.6707821462525
 30
0.0
 10
211.3698341596438
 20
173.5101872274254
 30
0.0
 10
211.2254210977793
 20
173.3745437089934
 30
0.0
 10
211.1149061396513
 20
173.2817191599968
 30
0.0
 10
211.0796064561149
 20
173.2520699861701
 30
0.0
  0
ARC
  5
4DF
330
1F
100
AcDbEntity
  8
0
  6
Continuous
 62
7
370
25
100
AcDbCircle
 10
227.4215171075724
 20
183.2112144097998
 30
0.0
 40
19.13746590828927
100
AcDbArc
 50
210.378375278218
 51
211.3591116521572
  0
LINE
  5
4E0
330
1F
100
AcDbEntity
  8
0
  6
Continuous
 62
7
370
25
100
AcDbLine
 10
214.7018849410255
 20
187.0218635634054
 30
0.0
 11
214.5378998193493
 21
186.5564567866335
 31
0.0
  0
LWPOLYLINE
  5
4E1
330
1F
100
AcDbEntity
  8
0
  6
Continuous
 62
7
370
25
100
AcDbPolyline
 90
20
 70
128
 10
215.0254051310349
 20
183.0945572900177
 10
215.3047817144979
 20
182.7002829438027
 10
215.6624825927822
 20
182.3865519372106
 10
216.0318018925686
 20
182.2491208278352
 10
216.3875711139056
 20
182.2973553186648
 10
216.7055451722957
 20
182.5279683088607
 10
216.9640546611365
 20
182.925243904247
 10
217.1454825859706
 20
183.4621084295271
 10
217.2374649335444
 20
184.1019754545136
 10
217.2337332588788
 20
184.8012390988842
 10
217.1345418694353
 20
185.5122457008626
 10
216.946650494483
 20
186.1865413355181
 10
216.6828636207197
 20
186.778173869675
 10
216.3611578876641
 20
187.2468245238497
 10
216.0034570093798
 20
187.5605555304418
 10
215.6341377095934
 20
187.6979866398172
 10
215.2783684882563
 20
187.6497521489876
 10
214.9603944298663
 20
187.4191391587917
 10
214.7018849410255
 20
187.0218635634054
 10
214.7018849410255
 20
187.0218635634054
  0
LWPOLYLINE
  5
4E2
330
1F
100
AcDbEntity
  8
0
  6
Continuous
 62
7
370
25
100
AcDbPolyline
 90
17
 70
128
 10
217.3365263238414
 20
187.1143097898874
 10
217.3930506962863
 20
187.3143955150399
 10
217.4002685378532
 20
187.5577268358926
 10
217.3570809975934
 20
187.8072587646497
 10
217.2700629870156
 20
188.0250023271704
 10
217.1524622094098
 20
188.1778080399114
 10
217.022182317113
 20
188.2424126182949
 10
216.899057242737
 20
188.2089806009042
 10
216.8018316627241
 20
188.0826017093248
 10
216.7453072902793
 20
187.8825159841724
 10
216.7380894487124
 20
187.6391846633197
 10
216.7812769889721
 20
187.3896527345626
 10
216.86829499955
 20
187.1719091720418
 10
216.9858957771558
 20
187.0191034593009
 10
217.1161756694526
 20
186.9544988809173
 10
217.2393007438285
 20
186.9879308983081
 10
217.3365263238414
 20
187.1143097898874
  0
LWPOLYLINE
  5
4E3
330
1F
100
AcDbEntity
  8
0
  6
Continuous
 62
7
370
25
100
AcDbPolyline
 90
17
 70
128
 10
217.7455314735385
 20
181.5100480219921
 10
217.8020558459834
 20
181.7101337471446
 10
217.8092736875503
 20
181.9534650679973
 10
217.7660861472905
 20
182.2029969967544
 10
217.6790681367127
 20
182.4207405592751
 10
217.5614673591069
 20
182.5735462720161
 10
217.4311874668101
 20
182.6381508503997
 10
217.3080623924341
 20
182.6047188330089
 10
217.2108368124213
 20
182.4783399414296
 10
217.1543124399764
 20
182.2782542162772
 10
217.1470945984094
 20
182.0349228954244
 10
217.1902821386692
 20
181.7853909666674
 10
217.277300149247
 20
181.5676474041467
 10
217.3949009268528
 20
181.4148416914057
 10
217.5251808191497
 20
181.3502371130221
 10
217.6483058935255
 20
181.3836691304129
 10
217.7455314735385
 20
181.5100480219921
  0
LWPOLYLINE
  5
4E4
330
1F
100
AcDbEntity
  8
0
  6
Continuous
 62
7
370
25
100
AcDbPolyline
 90
17
 70
128
 10
213.9204081286235
 20
188.43705944566
 10
213.8638837561786
 20
188.2369737205075
 10
213.8566659146117
 20
187.9936423996548
 10
213.8998534548714
 20
187.7441104708978
 10
213.9868714654493
 20
187.526366908377
 10
214.104472243055
 20
187.3735611956361
 10
214.2347521353519
 20
187.3089566172525
 10
214.3578772097278
 20
187.3423886346432
 10
214.4551027897406
 20
187.4687675262225
 10
214.5116271621855
 20
187.668853251375
 10
214.5188450037525
 20
187.9121845722277
 10
214.4756574634927
 20
188.1617165009848
 10
214.3886394529149
 20
188.3794600635055
 10
214.2710386753091
 20
188.5322657762465
 10
214.1407587830122
 20
188.59687035463
 10
214.0176337086364
 20
188.5634383372393
 10
213.9204081286235
 20
188.43705944566
  0
LWPOLYLINE
  5
4E5
330
1F
100
AcDbEntity
  8
0
  6
Continuous
 62
7
370
25
100
AcDbPolyline
 90
10
 70
128
 10
214.3456500767568
 20
182.0296174940876
 10
214.3958766151463
 20
181.9221051404817
 10
214.513477392752
 20
181.7692994277408
 10
214.6437572850488
 20
181.7046948493572
 10
214.7668823594248
 20
181.738126866748
 10
214.8641079394376
 20
181.8645057583273
 10
214.9206323118825
 20
182.0645914834797
 10
214.9278501534495
 20
182.3079228043324
 10
214.8846626131897
 20
182.5574547330895
 10
214.8618601734273
 20
182.6300857318464
  0
LINE
  5
4E6
330
1F
100
AcDbEntity
  8
0
  6
Continuous
 62
7
370
25
100
AcDbLine
 10
224.1573738487599
 20
185.9269082955291
 30
0.0
 11
226.7298909699485
 21
186.2891706206528
 31
0.0
  0
LINE
  5
4E7
330
1F
100
AcDbEntity
  8
0
  6
Continuous
 62
7
370
25
100
AcDbLine
 10
226.7800876877961
 20
185.8977104328689
 30
0.0
 11
224.2075705666075
 21
185.5354481077452
 31
0.0
  0
ARC
  5
4E8
330
1F
100
AcDbEntity
  8
0
  6
Continuous
 62
7
370
25
100
AcDbCircle
 10
193.5582809486145
 20
181.8366454399754
 30
0.0
 40
33.46910055397413
100
AcDbArc
 50
6.969313588452323
 51
7.644945535186994
  0
LINE
  5
4E9
330
1F
100
AcDbEntity
  8
0
  6
Continuous
 62
7
370
25
100
AcDbLine
 10
223.9034641520071
 20
187.5245962686788
 30
0.0
 11
226.4759812731957
 21
187.8868585938027
 31
0.0
  0
LINE
  5
4EA
330
1F
100
AcDbEntity
  8
0
  6
Continuous
 62
7
370
25
100
AcDbLine
 10
226.5449366957767
 20
187.4989492924021
 30
0.0
 11
223.9724195745882
 21
187.1366869672783
 31
0.0
  0
ARC
  5
4EB
330
1F
100
AcDbEntity
  8
0
  6
Continuous
 62
7
370
25
100
AcDbCircle
 10
193.7272985630411
 20
181.8653131319494
 30
0.0
 40
33.29767603001065
100
AcDbArc
 50
9.740731403216884
 51
10.41868027108818
  0
LINE
  5
4EC
330
1F
100
AcDbEntity
  8
0
  6
Continuous
 62
7
370
25
100
AcDbLine
 10
224.3335608278079
 20
184.3203191077043
 30
0.0
 11
226.9060779489963
 21
184.682581432828
 31
0.0
  0
LINE
  5
4ED
330
1F
100
AcDbEntity
  8
0
  6
Continuous
 62
7
370
25
100
AcDbLine
 10
226.9370472888807
 20
184.2912253169606
 30
0.0
 11
224.3645301676921
 21
183.9289629918367
 31
0.0
  0
ARC
  5
4EE
330
1F
100
AcDbEntity
  8
0
  6
Continuous
 62
7
370
25
100
AcDbCircle
 10
194.0835696277094
 20
181.8883213550048
 30
0.0
 40
32.94123467454531
100
AcDbArc
 50
4.183165752012935
 51
4.865996409028308
  0
LINE
  5
4EF
330
1F
100
AcDbEntity
  8
0
  6
Continuous
 62
7
370
25
100
AcDbLine
 10
223.5178640844984
 20
186.4231637880416
 30
0.0
 11
226.090381205687
 21
186.7854261131653
 31
0.0
  0
SPLINE
  5
4F0
330
1F
100
AcDbEntity
  8
0
  6
Continuous
 62
7
370
25
100
AcDbSpline
 70
8
 71
3
 72
13
 73
9
 74
0
 42
1e-08
 40
0.0
 40
0.0
 40
0.0
 40
0.0
 40
0.0837574062253604
 40
0.1523862186386238
 40
0.216575244330576
 40
0.4143915959789174
 40
0.8129502857501774
 40
1.0
 40
1.0
 40
1.0
 40
1.0
 10
226.090381205687
 20
186.7854261131653
 30
0.0
 10
226.1003033827452
 20
186.7508426618862
 30
0.0
 10
226.1183555540181
 20
186.6879223590091
 30
0.0
 10
226.1593795284228
 20
186.6172608373542
 30
0.0
 10
226.2319511637966
 20
186.5509817784201
 30
0.0
 10
226.3822139884496
 20
186.5106296980691
 30
0.0
 10
226.5577427732428
 20
186.4048405921628
 30
0.0
 10
226.6882163013713
 20
186.31717270153
 30
0.0
 10
226.7298909699485
 20
186.2891706206528
 30
0.0
  0
LINE
  5
4F1
330
1F
100
AcDbEntity
  8
0
  6
Continuous
 62
7
370
25
100
AcDbLine
 10
223.7085768602272
 20
184.9358860894012
 30
0.0
 11
226.2810939814158
 21
185.2981484145251
 31
0.0
  0
SPLINE
  5
4F2
330
1F
100
AcDbEntity
  8
0
  6
Continuous
 62
7
370
25
100
AcDbSpline
 70
8
 71
3
 72
13
 73
9
 74
0
 42
1e-08
 40
0.0
 40
0.0
 40
0.0
 40
0.0
 40
0.0837574062253512
 40
0.152386218638585
 40
0.2165752443305685
 40
0.4143915959789358
 40
0.812950285750124
 40
1.0
 40
1.0
 40
1.0
 40
1.0
 10
226.2810939814158
 20
185.2981484145251
 30
0.0
 10
226.2820206946691
 20
185.3337162819224
 30
0.0
 10
226.2837067345646
 20
185.3984276079053
 30
0.0
 10
226.3058736839449
 20
185.4748230029904
 30
0.0
 10
226.3599735936298
 20
185.552596095609
 30
0.0
 10
226.496550278629
 20
185.6189756708054
 30
0.0
 10
226.641222840287
 20
185.7538194871461
 30
0.0
 10
226.7464704521368
 20
185.8628764491908
 30
0.0
 10
226.7800876877961
 20
185.8977104328689
 30
0.0
  0
LINE
  5
4F3
330
1F
100
AcDbEntity
  8
0
  6
Continuous
 62
7
370
25
100
AcDbLine
 10
223.5163531324233
 20
186.4330468664552
 30
0.0
 11
226.0888702536119
 21
186.7953091915789
 31
0.0
  0
SPLINE
  5
4F4
330
1F
100
AcDbEntity
  8
0
  6
Continuous
 62
7
370
25
100
AcDbSpline
 70
8
 71
3
 72
13
 73
9
 74
0
 42
1e-08
 40
0.0
 40
0.0
 40
0.0
 40
0.0
 40
0.0837574062253456
 40
0.1523862186386128
 40
0.2165752443305664
 40
0.4143915959789871
 40
0.8129502857501112
 40
1.0
 40
1.0
 40
1.0
 40
1.0
 10
226.0888702536118
 20
186.7953091915789
 30
0.0
 10
226.0879572825851
 20
186.8315980200405
 30
0.0
 10
226.0862962449676
 20
186.8976210453142
 30
0.0
 10
226.1040143928018
 20
186.9794020235076
 30
0.0
 10
226.1528079222046
 20
187.068654625507
 30
0.0
 10
226.2826270178994
 20
187.1620241764873
 30
0.0
 10
226.4168451964469
 20
187.3264461299225
 30
0.0
 10
226.5139275368991
 20
187.45718869158
 30
0.0
 10
226.5449366957767
 20
187.4989492924021
 30
0.0
  0
LINE
  5
4F5
330
1F
100
AcDbEntity
  8
0
  6
Continuous
 62
7
370
25
100
AcDbLine
 10
223.2543702656965
 20
187.9068336551805
 30
0.0
 11
225.826887386885
 21
188.2690959803043
 31
0.0
  0
SPLINE
  5
4F6
330
1F
100
AcDbEntity
  8
0
  6
Continuous
 62
7
370
25
100
AcDbSpline
 70
8
 71
3
 72
13
 73
9
 74
0
 42
1e-08
 40
0.0
 40
0.0
 40
0.0
 40
0.0
 40
0.0837574062254046
 40
0.1523862186386645
 40
0.2165752443306156
 40
0.4143915959789342
 40
0.8129502857501266
 40
1.0
 40
1.0
 40
1.0
 40
1.0
 10
225.826887386885
 20
188.2690959803043
 30
0.0
 10
225.838331518764
 20
188.2358698239236
 30
0.0
 10
225.8591526981827
 20
188.1754189508733
 30
0.0
 10
225.9027748131474
 20
188.1114769472186
 30
0.0
 10
225.976943022515
 20
188.0579840767081
 30
0.0
 10
226.1255628204033
 20
188.0455901216341
 30
0.0
 10
226.3021683102487
 20
187.9715619039515
 30
0.0
 10
226.4339035880159
 20
187.9073640794563
 30
0.0
 10
226.4759812731957
 20
187.8868585938027
 30
0.0
  0
LINE
  5
4F7
330
1F
100
AcDbEntity
  8
0
  6
Continuous
 62
7
370
25
100
AcDbLine
 10
223.5742024239758
 20
189.0984658450216
 30
0.0
 11
226.1467195451643
 21
189.4607281701453
 31
0.0
  0
LINE
  5
4F8
330
1F
100
AcDbEntity
  8
0
  6
Continuous
 62
7
370
25
100
AcDbLine
 10
226.2337898542772
 20
189.0799915597589
 30
0.0
 11
223.6612727330886
 21
188.7177292346352
 31
0.0
  0
ARC
  5
4F9
330
1F
100
AcDbEntity
  8
0
  6
Continuous
 62
7
370
25
100
AcDbCircle
 10
194.5702518798902
 20
182.0392101815033
 30
0.0
 40
32.43689626755066
100
AcDbArc
 50
12.53646298482362
 51
13.2263534141194
  0
LINE
  5
4FA
330
1F
100
AcDbEntity
  8
0
  6
Continuous
 62
7
370
25
100
AcDbLine
 10
223.709606115958
 20
184.9259593024028
 30
0.0
 11
226.2821232371464
 21
185.2882216275264
 31
0.0
  0
SPLINE
  5
4FB
330
1F
100
AcDbEntity
  8
0
  6
Continuous
 62
7
370
25
100
AcDbSpline
 70
8
 71
3
 72
13
 73
9
 74
0
 42
1e-08
 40
0.0
 40
0.0
 40
0.0
 40
0.0
 40
0.0837574062253748
 40
0.1523862186386277
 40
0.2165752443306174
 40
0.414391595978973
 40
0.8129502857502213
 40
1.0
 40
1.0
 40
1.0
 40
1.0
 10
226.2821232371464
 20
185.2882216275264
 30
0.0
 10
226.29043081869
 20
185.2526037777155
 30
0.0
 10
226.3055454335581
 20
185.1878015149264
 30
0.0
 10
226.3435882376068
 20
185.1110802228602
 30
0.0
 10
226.4138857171813
 20
185.0326338052182
 30
0.0
 10
226.5643886050902
 20
184.9647003560917
 30
0.0
 10
226.7372018198621
 20
184.8281380863404
 30
0.0
 10
226.8651954021736
 20
184.7178186610443
 30
0.0
 10
226.9060779489963
 20
184.682581432828
 30
0.0
  0
LINE
  5
4FC
330
1F
100
AcDbEntity
  8
0
  6
Continuous
 62
7
370
25
100
AcDbLine
 10
223.8272681668865
 20
183.4390770049946
 30
0.0
 11
226.399785288075
 21
183.8013393301183
 31
0.0
  0
SPLINE
  5
4FD
330
1F
100
AcDbEntity
  8
0
  6
Continuous
 62
7
370
25
100
AcDbSpline
 70
8
 71
3
 72
13
 73
9
 74
0
 42
1e-08
 40
0.0
 40
0.0
 40
0.0
 40
0.0
 40
0.0837574062253544
 40
0.1523862186385642
 40
0.2165752443305038
 40
0.4143915959788912
 40
0.8129502857500934
 40
1.0
 40
1.0
 40
1.0
 40
1.0
 10
226.399785288075
 20
183.8013393301183
 30
0.0
 10
226.4025430331364
 20
183.8358541488569
 30
0.0
 10
226.4075604084448
 20
183.8986495833337
 30
0.0
 10
226.4339691925371
 20
183.9689461120901
 30
0.0
 10
226.4928703662246
 20
184.034513548917
 30
0.0
 10
226.6349294608178
 20
184.0732833801206
 30
0.0
 10
226.7887056368587
 20
184.1772900589857
 30
0.0
 10
226.9011358515115
 20
184.2636431859466
 30
0.0
 10
226.9370472888807
 20
184.2912253169606
 30
0.0
  0
LINE
  5
4FE
330
1F
100
AcDbEntity
  8
0
  6
Continuous
 62
7
370
25
100
AcDbLine
 10
224.4303800788002
 20
182.7198289955772
 30
0.0
 11
227.0028971999887
 21
183.0820913207009
 31
0.0
  0
LINE
  5
4FF
330
1F
100
AcDbEntity
  8
0
  6
Continuous
 62
7
370
25
100
AcDbLine
 10
226.2553471040108
 20
182.587610337271
 30
0.0
 11
224.4418328883372
 21
182.3322309382368
 31
0.0
  0
LWPOLYLINE
  5
500
330
1F
100
AcDbEntity
  8
0
  6
Continuous
 62
7
370
25
100
AcDbPolyline
 90
3
 70
128
 10
227.0058588765531
 20
182.995731317779
 10
227.0045901031212
 20
183.0335686845891
 10
227.0028971999887
 20
183.0820913207009
  0
LINE
  5
501
330
1F
100
AcDbEntity
  8
0
  6
Continuous
 62
7
370
25
100
AcDbLine
 10
223.2523917246293
 20
187.9165807493687
 30
0.0
 11
225.8249088458178
 21
188.2788430744924
 31
0.0
  0
SPLINE
  5
502
330
1F
100
AcDbEntity
  8
0
  6
Continuous
 62
7
370
25
100
AcDbSpline
 70
8
 71
3
 72
13
 73
9
 74
0
 42
1e-08
 40
0.0
 40
0.0
 40
0.0
 40
0.0
 40
0.0837574062253706
 40
0.1523862186386268
 40
0.2165752443305791
 40
0.4143915959788904
 40
0.8129502857501107
 40
1.0
 40
1.0
 40
1.0
 40
1.0
 10
225.8249088458178
 20
188.2788430744924
 30
0.0
 10
225.8221647146755
 20
188.3155140450043
 30
0.0
 10
225.8171721082057
 20
188.3822323303708
 30
0.0
 10
225.8302760249216
 20
188.4686353247138
 30
0.0
 10
225.8733076020043
 20
188.5685341085967
 30
0.0
 10
225.9951570224769
 20
188.6880218690206
 30
0.0
 10
226.1176676589434
 20
188.880486796072
 30
0.0
 10
226.2056782963428
 20
189.0316942492711
 30
0.0
 10
226.2337898542772
 20
189.0799915597589
 30
0.0
  0
LINE
  5
503
330
1F
100
AcDbEntity
  8
0
  6
Continuous
 62
7
370
25
100
AcDbLine
 10
222.9215848303436
 20
189.3631162780229
 30
0.0
 11
225.4941019515322
 21
189.7253786031466
 31
0.0
  0
SPLINE
  5
504
330
1F
100
AcDbEntity
  8
0
  6
Continuous
 62
7
370
25
100
AcDbSpline
 70
8
 71
3
 72
13
 73
9
 74
0
 42
1e-08
 40
0.0
 40
0.0
 40
0.0
 40
0.0
 40
0.0837574062253534
 40
0.1523862186385878
 40
0.2165752443305362
 40
0.4143915959789226
 40
0.8129502857501137
 40
1.0
 40
1.0
 40
1.0
 40
1.0
 10
225.4941019515322
 20
189.7253786031466
 30
0.0
 10
225.5069611874562
 20
189.6938199653342
 30
0.0
 10
225.5303569732782
 20
189.6364029356249
 30
0.0
 10
225.5761699408689
 20
189.5797774592303
 30
0.0
 10
225.6512422356427
 20
189.5395702256623
 30
0.0
 10
225.796831383757
 20
189.5552501148847
 30
0.0
 10
225.9728646607798
 20
189.5136739669489
 30
0.0
 10
226.1046317113914
 20
189.4735456063809
 30
0.0
 10
226.1467195451643
 20
189.4607281701453
 30
0.0
  0
LINE
  5
505
330
1F
100
AcDbEntity
  8
0
  6
Continuous
 62
7
370
25
100
AcDbLine
 10
223.8278061163892
 20
183.4291991931462
 30
0.0
 11
226.4003232375778
 21
183.7914615182699
 31
0.0
  0
SPLINE
  5
506
330
1F
100
AcDbEntity
  8
0
  6
Continuous
 62
7
370
25
100
AcDbSpline
 70
8
 71
3
 72
13
 73
9
 74
0
 42
1e-08
 40
0.0
 40
0.0
 40
0.0
 40
0.0
 40
0.083757406225131
 40
0.1523862186382098
 40
0.2165752443299989
 40
0.4143915959777993
 40
0.8129502857479568
 40
1.0
 40
1.0
 40
1.0
 40
1.0
 10
226.4003232375778
 20
183.7914615182699
 30
0.0
 10
226.4069386579561
 20
183.755141824194
 30
0.0
 10
226.4189745953326
 20
183.6890626427608
 30
0.0
 10
226.4536810336144
 20
183.606997906316
 30
0.0
 10
226.5210480087626
 20
183.5171165630311
 30
0.0
 10
226.6703857550151
 20
183.4222360214405
 30
0.0
 10
226.8388698893409
 20
183.2561756329609
 30
0.0
 10
226.9631884842443
 20
183.1242346957511
 30
0.0
 10
227.0028971999887
 20
183.0820913207009
 30
0.0
  0
LINE
  5
507
330
1F
100
AcDbEntity
  8
0
  6
Continuous
 62
7
370
25
100
AcDbLine
 10
223.1726628927057
 20
190.6338222283788
 30
0.0
 11
225.7451800138943
 21
190.9960845535025
 31
0.0
  0
LINE
  5
508
330
1F
100
AcDbEntity
  8
0
  6
Continuous
 62
7
370
25
100
AcDbLine
 10
225.8495522575226
 20
190.6260754692778
 30
0.0
 11
223.2770351363341
 21
190.2638131441542
 31
0.0
  0
ARC
  5
509
330
1F
100
AcDbEntity
  8
0
  6
Continuous
 62
7
370
25
100
AcDbCircle
 10
196.0234401628708
 20
182.4124444429696
 30
0.0
 40
30.93639761379892
100
AcDbArc
 50
15.39669852863014
 51
16.10872038608716
  0
LINE
  5
50A
330
1F
100
AcDbEntity
  8
0
  6
Continuous
 62
7
370
25
100
AcDbLine
 10
223.8713188636502
 20
181.9565949163624
 30
0.0
 11
226.0763780234106
 21
182.2671117450633
 31
0.0
  0
LINE
  5
50B
330
1F
100
AcDbEntity
  8
0
  6
Continuous
 62
7
370
25
100
AcDbLine
 10
222.9191571733893
 20
189.3726363819935
 30
0.0
 11
225.4916742945779
 21
189.7348987071171
 31
0.0
  0
SPLINE
  5
50C
330
1F
100
AcDbEntity
  8
0
  6
Continuous
 62
7
370
25
100
AcDbSpline
 70
8
 71
3
 72
13
 73
9
 74
0
 42
1e-08
 40
0.0
 40
0.0
 40
0.0
 40
0.0
 40
0.0837574062253773
 40
0.1523862186386348
 40
0.216575244330592
 40
0.4143915959789207
 40
0.8129502857502412
 40
1.0
 40
1.0
 40
1.0
 40
1.0
 10
225.4916742945779
 20
189.7348987071171
 30
0.0
 10
225.4871246245331
 20
189.771609432708
 30
0.0
 10
225.4788470638322
 20
189.8384000475131
 30
0.0
 10
225.4872144016901
 20
189.9286183365277
 30
0.0
 10
225.5240822522119
 20
190.0382305742653
 30
0.0
 10
225.6368243222537
 20
190.182720919108
 30
0.0
 10
225.7464835678352
 20
190.4014318266083
 30
0.0
 10
225.8246007705736
 20
190.571692388099
 30
0.0
 10
225.8495522575226
 20
190.6260754692778
 30
0.0
  0
LINE
  5
50D
330
1F
100
AcDbEntity
  8
0
  6
Continuous
 62
7
370
25
100
AcDbLine
 10
224.4469276264719
 20
181.1403813041017
 30
0.0
 11
225.9085096336793
 21
181.3462015460467
 31
0.0
  0
LINE
  5
50E
330
1F
100
AcDbEntity
  8
0
  6
Continuous
 62
7
370
25
100
AcDbLine
 10
225.9213533153966
 20
180.9689396882086
 30
0.0
 11
224.4387569738683
 21
180.7601602039136
 31
0.0
  0
LINE
  5
50F
330
1F
100
AcDbEntity
  8
0
  6
Continuous
 62
7
370
25
100
AcDbLine
 10
222.5226149063857
 20
190.7784147380933
 30
0.0
 11
225.0951320275742
 21
191.140677063217
 31
0.0
  0
SPLINE
  5
510
330
1F
100
AcDbEntity
  8
0
  6
Continuous
 62
7
370
25
100
AcDbSpline
 70
8
 71
3
 72
11
 73
7
 74
0
 42
1e-08
 40
0.0
 40
0.0
 40
0.0
 40
0.0
 40
0.2864899195096045
 40
0.5212328972398566
 40
0.7407897057972996
 40
0.9999999999999998
 40
0.9999999999999998
 40
0.9999999999999998
 40
0.9999999999999998
 10
225.0951320275742
 20
191.140677063217
 30
0.0
 10
225.1092915708525
 20
191.1110238385156
 30
0.0
 10
225.1350531047282
 20
191.05707347178
 30
0.0
 10
225.1825684712614
 20
191.0089475243828
 30
0.0
 10
225.2302790030903
 20
190.989843063487
 30
0.0
 10
225.2604886873481
 20
190.9961951383502
 30
0.0
 10
225.276844575418
 20
190.999634228431
 30
0.0
  0
SPLINE
  5
511
330
1F
100
AcDbEntity
  8
0
  6
Continuous
 62
7
370
25
100
AcDbSpline
 70
8
 71
3
 72
10
 73
6
 74
0
 42
1e-08
 40
0.0
 40
0.0
 40
0.0
 40
0.0
 40
0.0731421822303041
 40
0.703951499374707
 40
0.9999999999999998
 40
0.9999999999999998
 40
0.9999999999999998
 40
0.9999999999999998
 10
225.3264669861963
 20
191.0043343481939
 30
0.0
 10
225.3365448454439
 20
191.0053141009473
 30
0.0
 10
225.4335384531199
 20
191.0147436585404
 30
0.0
 10
225.5727676999624
 20
191.018327339461
 30
0.0
 10
225.7034414062339
 20
191.0014692206137
 30
0.0
 10
225.7451800138943
 20
190.9960845535025
 30
0.0
  0
LINE
  5
512
330
1F
100
AcDbEntity
  8
0
  6
Continuous
 62
7
370
25
100
AcDbLine
 10
223.8713604842356
 20
181.9468583061325
 30
0.0
 11
226.0722411668881
 21
182.2567867209332
 31
0.0
  0
LINE
  5
513
330
1F
100
AcDbEntity
  8
0
  6
Continuous
 62
7
370
25
100
AcDbLine
 10
223.8403176610319
 20
180.502281359334
 30
0.0
 11
225.939807576568
 21
180.7979319080171
 31
0.0
  0
LINE
  5
514
330
1F
100
AcDbEntity
  8
0
  6
Continuous
 62
7
370
25
100
AcDbLine
 10
222.5197607999231
 20
190.7876189652003
 30
0.0
 11
225.0922779211116
 21
191.1498812903241
 31
0.0
  0
LINE
  5
515
330
1F
100
AcDbEntity
  8
0
  6
Continuous
 62
7
370
25
100
AcDbLine
 10
225.3958114284269
 20
192.1227656520651
 30
0.0
 11
222.8232943072384
 21
191.7605033269415
 31
0.0
  0
SPLINE
  5
516
330
1F
100
AcDbEntity
  8
0
  6
Continuous
 62
7
370
25
100
AcDbSpline
 70
8
 71
3
 72
13
 73
9
 74
0
 42
1e-08
 40
0.0
 40
0.0
 40
0.0
 40
0.0
 40
0.0837574062253074
 40
0.1523862186385497
 40
0.2165752443305239
 40
0.4143915959789121
 40
0.8129502857502593
 40
1.0
 40
1.0
 40
1.0
 40
1.0
 10
225.0922779211116
 20
191.1498812903241
 30
0.0
 10
225.0859651912077
 20
191.1862890128403
 30
0.0
 10
225.07447996163
 20
191.2525283511094
 30
0.0
 10
225.0780325970506
 20
191.3457195909388
 30
0.0
 10
225.1083924958248
 20
191.4640218626009
 30
0.0
 10
225.2109745731044
 20
191.6321657244433
 30
0.0
 10
225.3067585689711
 20
191.8750805675782
 30
0.0
 10
225.374252977774
 20
192.0628045603718
 30
0.0
 10
225.3958114284269
 20
192.1227656520651
 30
0.0
  0
LINE
  5
517
330
1F
100
AcDbEntity
  8
0
  6
Continuous
 62
7
370
25
100
AcDbLine
 10
222.7025946246116
 20
192.1163302098786
 30
0.0
 11
225.2751117458002
 21
192.4785925350024
 31
0.0
  0
ARC
  5
518
330
1F
100
AcDbEntity
  8
0
  6
Continuous
 62
7
370
25
100
AcDbCircle
 10
197.9850895831473
 20
183.0231866417272
 30
0.0
 40
28.8816552545845
100
AcDbArc
 50
18.36469664452035
 51
19.11010117035839
  0
LWPOLYLINE
  5
519
330
1F
100
AcDbEntity
  8
0
  6
Continuous
 62
7
370
25
100
AcDbPolyline
 90
9
 70
128
 10
226.0888702536119
 20
186.7953091915789
 10
226.089059294743
 20
186.7940738393871
 10
226.089248286699
 20
186.7928384778624
 10
226.0894372294785
 20
186.7916031070126
 10
226.0896261230803
 20
186.7903677268458
 10
226.0898149675033
 20
186.7891323373697
 10
226.0900037627462
 20
186.7878969385924
 10
226.0901925088079
 20
186.7866615305216
 10
226.090381205687
 20
186.7854261131653
  0
LINE
  5
51A
330
1F
100
AcDbEntity
  8
0
  6
Continuous
 62
7
370
25
100
AcDbLine
 10
222.061185568506
 20
192.1395147750011
 30
0.0
 11
224.6337026896946
 21
192.5017771001248
 31
0.0
  0
SPLINE
  5
51B
330
1F
100
AcDbEntity
  8
0
  6
Continuous
 62
7
370
25
100
AcDbSpline
 70
8
 71
3
 72
9
 73
5
 74
0
 42
1e-08
 40
0.0
 40
0.0
 40
0.0
 40
0.0
 40
0.7013334241937724
 40
1.0
 40
1.0
 40
1.0
 40
1.0
 10
224.6337026896946
 20
192.5017771001248
 30
0.0
 10
224.6488362153634
 20
192.4730752072311
 30
0.0
 10
224.6704144335784
 20
192.4321504603082
 30
0.0
 10
224.6971268846247
 20
192.4125002191005
 30
0.0
 10
224.70510500091
 20
192.4066313488452
 30
0.0
  0
SPLINE
  5
51C
330
1F
100
AcDbEntity
  8
0
  6
Continuous
 62
7
370
25
100
AcDbSpline
 70
8
 71
3
 72
9
 73
5
 74
0
 42
1e-08
 40
0.0
 40
0.0
 40
0.0
 40
0.0
 40
0.2417637033123356
 40
1.0
 40
1.0
 40
1.0
 40
1.0
 10
225.1140009290539
 20
192.4611731526939
 30
0.0
 10
225.1267808559589
 20
192.464021526432
 30
0.0
 10
225.1796420866979
 20
192.4758031698262
 30
0.0
 10
225.2339406239777
 20
192.4773896261981
 30
0.0
 10
225.2751117458002
 20
192.4785925350024
 30
0.0
  0
LWPOLYLINE
  5
51D
330
1F
100
AcDbEntity
  8
0
  6
Continuous
 62
7
370
25
100
AcDbPolyline
 90
9
 70
128
 10
226.2810939814158
 20
185.2981484145251
 10
226.2812228148057
 20
185.2969075652231
 10
226.2813515977905
 20
185.2956667161701
 10
226.2814803303694
 20
185.2944258673741
 10
226.2816090125415
 20
185.293185018843
 10
226.2817376443062
 20
185.2919441705847
 10
226.2818662256625
 20
185.2907033226073
 10
226.2819947566095
 20
185.2894624749185
 10
226.2821232371464
 20
185.2882216275264
  0
LINE
  5
51E
330
1F
100
AcDbEntity
  8
0
  6
Continuous
 62
7
370
25
100
AcDbLine
 10
224.3830489708338
 20
179.5967229108087
 30
0.0
 11
226.1935386498587
 21
179.851676394047
 31
0.0
  0
LINE
  5
51F
330
1F
100
AcDbEntity
  8
0
  6
Continuous
 62
7
370
25
100
AcDbLine
 10
226.3685057770326
 20
179.5109244048735
 30
0.0
 11
224.3553311432698
 21
179.2274287897424
 31
0.0
  0
LWPOLYLINE
  5
520
330
1F
100
AcDbEntity
  8
0
  6
Continuous
 62
7
370
25
100
AcDbPolyline
 90
9
 70
128
 10
225.8249088458178
 20
188.2788430744924
 10
225.8251563296642
 20
188.2776247535613
 10
225.8254037660242
 20
188.2764064138025
 10
225.8256511548965
 20
188.2751880552238
 10
225.8258984962793
 20
188.273969677833
 10
225.8261457901712
 20
188.2727512816378
 10
225.8263930365705
 20
188.2715328666461
 10
225.8266402354756
 20
188.2703144328656
 10
225.826887386885
 20
188.2690959803043
  0
LINE
  5
521
330
1F
100
AcDbEntity
  8
0
  6
Continuous
 62
7
370
25
100
AcDbLine
 10
223.8398625640996
 20
180.4927768588287
 30
0.0
 11
225.9410299438986
 21
180.7886636283318
 31
0.0
  0
LWPOLYLINE
  5
522
330
1F
100
AcDbEntity
  8
0
  6
Continuous
 62
7
370
25
100
AcDbPolyline
 90
9
 70
128
 10
226.399785288075
 20
183.8013393301183
 10
226.399852710841
 20
183.8001045691817
 10
226.3999200824427
 20
183.7988698180738
 10
226.3999874028796
 20
183.7976350768024
 10
226.4000546721514
 20
183.7964003453754
 10
226.4001218902575
 20
183.7951656238008
 10
226.4001890571976
 20
183.7939309120864
 10
226.4002561729712
 20
183.7926962102401
 10
226.4003232375778
 20
183.7914615182699
  0
LINE
  5
523
330
1F
100
AcDbEntity
  8
0
  6
Continuous
 62
7
370
25
100
AcDbLine
 10
222.0579316605581
 20
192.1483171878564
 30
0.0
 11
224.6304487817467
 21
192.51057951298
 31
0.0
  0
LINE
  5
524
330
1F
100
AcDbEntity
  8
0
  6
Continuous
 62
7
370
25
100
AcDbLine
 10
224.8768038228572
 20
193.5560879151452
 30
0.0
 11
222.3042867016686
 21
193.1938255900216
 31
0.0
  0
SPLINE
  5
525
330
1F
100
AcDbEntity
  8
0
  6
Continuous
 62
7
370
25
100
AcDbSpline
 70
8
 71
3
 72
13
 73
9
 74
0
 42
1e-08
 40
0.0
 40
0.0
 40
0.0
 40
0.0
 40
0.0837574062253779
 40
0.1523862186386289
 40
0.2165752443305947
 40
0.4143915959789969
 40
0.8129502857501384
 40
0.9999999999999998
 40
0.9999999999999998
 40
0.9999999999999998
 40
0.9999999999999998
 10
224.6304487817467
 20
192.51057951298
 30
0.0
 10
224.622431932242
 20
192.5463443033261
 30
0.0
 10
224.6078462682814
 20
192.6114139062049
 30
0.0
 10
224.6065510312649
 20
192.7067079953521
 30
0.0
 10
224.6301195160968
 20
192.8325957445028
 30
0.0
 10
224.7215838193975
 20
193.0228232094107
 30
0.0
 10
224.802598256188
 20
193.2876739577393
 30
0.0
 10
224.8588396939457
 20
193.4911086534949
 30
0.0
 10
224.8768038228572
 20
193.5560879151452
 30
0.0
  0
LINE
  5
526
330
1F
100
AcDbEntity
  8
0
  6
Continuous
 62
7
370
25
100
AcDbLine
 10
223.7345540089072
 20
179.0897148677476
 30
0.0
 11
226.3070711300958
 21
179.4519771928712
 31
0.0
  0
LINE
  5
527
330
1F
100
AcDbEntity
  8
0
  6
Continuous
 62
7
370
25
100
AcDbLine
 10
226.3070711300958
 20
179.4519771928712
 30
0.0
 11
226.3247615921103
 21
179.5047643408607
 31
0.0
  0
LWPOLYLINE
  5
528
330
1F
100
AcDbEntity
  8
0
  6
Continuous
 62
7
370
25
100
AcDbPolyline
 90
9
 70
128
 10
225.4916742945779
 20
189.7348987071171
 10
225.4919779104494
 20
189.733708792581
 10
225.492281480967
 20
189.7325188498982
 10
225.4925850061288
 20
189.7313288790763
 10
225.4928884859328
 20
189.7301388801229
 10
225.493191920377
 20
189.7289488530456
 10
225.4934953094597
 20
189.727758797852
 10
225.4937986531787
 20
189.7265687145498
 10
225.4941019515322
 20
189.7253786031466
  0
LINE
  5
529
330
1F
100
AcDbEntity
  8
0
  6
Continuous
 62
7
370
25
100
AcDbLine
 10
222.1683865204596
 20
193.5321480119376
 30
0.0
 11
224.7409036416482
 21
193.8944103370614
 31
0.0
  0
ARC
  5
52A
330
1F
100
AcDbEntity
  8
0
  6
Continuous
 62
7
370
25
100
AcDbCircle
 10
200.32366935039
 20
183.8898353938782
 30
0.0
 40
26.38736156245942
100
AcDbArc
 50
21.48892024247055
 51
22.28058830541069
  0
LINE
  5
52B
330
1F
100
AcDbEntity
  8
0
  6
Continuous
 62
7
370
25
100
AcDbLine
 10
221.541605058107
 20
193.4337081644304
 30
0.0
 11
222.0933566523299
 21
193.5114059234725
 31
0.0
  0
LWPOLYLINE
  5
52C
330
1F
100
AcDbEntity
  8
0
  6
Continuous
 62
7
370
25
100
AcDbPolyline
 90
9
 70
128
 10
225.0922779211116
 20
191.1498812903241
 10
225.0926348342286
 20
191.1487308920944
 10
225.0929917045476
 20
191.1475804566618
 10
225.0933485320662
 20
191.1464299840337
 10
225.0937053167822
 20
191.1452794742173
 10
225.0940620586933
 20
191.1441289272201
 10
225.0944187577971
 20
191.1429783430494
 10
225.0947754140916
 20
191.1418277217125
 10
225.0951320275742
 20
191.140677063217
  0
LINE
  5
52D
330
1F
100
AcDbEntity
  8
0
  6
Continuous
 62
7
370
25
100
AcDbLine
 10
224.239340529681
 20
178.1032665382024
 30
0.0
 11
226.8118576508696
 21
178.4655288633262
 31
0.0
  0
LINE
  5
52E
330
1F
100
AcDbEntity
  8
0
  6
Continuous
 62
7
370
25
100
AcDbLine
 10
226.7648514422326
 20
178.1106097210887
 30
0.0
 11
224.1923343210441
 21
177.7483473959649
 31
0.0
  0
ARC
  5
52F
330
1F
100
AcDbEntity
  8
0
  6
Continuous
 62
7
370
25
100
AcDbCircle
 10
202.0206337826593
 20
181.5683562960275
 30
0.0
 40
24.98464166164574
100
AcDbArc
 50
352.0450242851776
 51
352.8660534440796
  0
LINE
  5
530
330
1F
100
AcDbEntity
  8
0
  6
Continuous
 62
7
370
25
100
AcDbLine
 10
223.7336064435748
 20
179.0805312179271
 30
0.0
 11
226.3061235647633
 21
179.4427935430509
 31
0.0
  0
SPLINE
  5
531
330
1F
100
AcDbEntity
  8
0
  6
Continuous
 62
7
370
25
100
AcDbSpline
 70
8
 71
3
 72
13
 73
9
 74
0
 42
1e-08
 40
0.0
 40
0.0
 40
0.0
 40
0.0
 40
0.0837574062253515
 40
0.1523862186385975
 40
0.2165752443305656
 40
0.4143915959788688
 40
0.8129502857500753
 40
1.0
 40
1.0
 40
1.0
 40
1.0
 10
226.3061235647633
 20
179.4427935430509
 30
0.0
 10
226.3073578308548
 20
179.406413308706
 30
0.0
 10
226.3096034250173
 20
179.3402239817577
 30
0.0
 10
226.3324959095059
 20
179.2468896025819
 30
0.0
 10
226.3874359460496
 20
179.1281256284574
 30
0.0
 10
226.5250206931109
 20
178.9586818170455
 30
0.0
 10
226.6713136412421
 20
178.7144566854476
 30
0.0
 10
226.7778339135674
 20
178.5257908044042
 30
0.0
 10
226.8118576508696
 20
178.4655288633262
 30
0.0
  0
LINE
  5
532
330
1F
100
AcDbEntity
  8
0
  6
Continuous
 62
7
370
25
100
AcDbLine
 10
221.5379817295357
 20
193.4420265772766
 30
0.0
 11
222.158449859846
 21
193.529401011328
 31
0.0
  0
LINE
  5
533
330
1F
100
AcDbEntity
  8
0
  6
Continuous
 62
7
370
25
100
AcDbLine
 10
224.297375274988
 20
194.9126597147356
 30
0.0
 11
221.7248581537994
 21
194.5503973896119
 31
0.0
  0
SPLINE
  5
534
330
1F
100
AcDbEntity
  8
0
  6
Continuous
 62
7
370
25
100
AcDbSpline
 70
8
 71
3
 72
13
 73
9
 74
0
 42
1e-08
 40
0.0
 40
0.0
 40
0.0
 40
0.0
 40
0.0837574062253241
 40
0.1523862186385485
 40
0.2165752443305343
 40
0.414391595978905
 40
0.8129502857501547
 40
1.0
 40
1.0
 40
1.0
 40
1.0
 10
224.1104988507243
 20
193.8042889024003
 30
0.0
 10
224.1008527327825
 20
193.839076834365
 30
0.0
 10
224.0833028168535
 20
193.9023691645034
 30
0.0
 10
224.0771718006791
 20
193.9988763677334
 30
0.0
 10
224.0937288189758
 20
194.1311742143776
 30
0.0
 10
224.1732213707417
 20
194.3417091797654
 30
0.0
 10
224.2387098384876
 20
194.6260229932107
 30
0.0
 10
224.2831731940492
 20
194.8432689769864
 30
0.0
 10
224.297375274988
 20
194.9126597147356
 30
0.0
  0
LINE
  5
535
330
1F
100
AcDbEntity
  8
0
  6
Continuous
 62
7
370
25
100
AcDbLine
 10
223.5550153939999
 20
177.7320841943398
 30
0.0
 11
223.9385250048167
 21
177.7860900869255
 31
0.0
  0
LINE
  5
536
330
1F
100
AcDbEntity
  8
0
  6
Continuous
 62
7
370
25
100
AcDbLine
 10
221.5750263373836
 20
194.8680565252094
 30
0.0
 11
224.1475434585721
 21
195.2303188503332
 31
0.0
  0
ARC
  5
537
330
1F
100
AcDbEntity
  8
0
  6
Continuous
 62
7
370
25
100
AcDbCircle
 10
202.8885742495362
 20
185.0088328054606
 30
0.0
 40
23.58861057367017
100
AcDbArc
 50
24.82551584799236
 51
25.67862776064623
  0
LWPOLYLINE
  5
538
330
1F
100
AcDbEntity
  8
0
  6
Continuous
 62
7
370
25
100
AcDbPolyline
 90
9
 70
128
 10
224.6304487817467
 20
192.51057951298
 10
224.6308556597077
 20
192.5094793720151
 10
224.631262497826
 20
192.5083791851384
 10
224.6316692960991
 20
192.5072789523569
 10
224.6320760545243
 20
192.5061786736777
 10
224.6324827730991
 20
192.5050783491079
 10
224.6328894518208
 20
192.5039779786544
 10
224.6332960906868
 20
192.5028775623243
 10
224.6337026896946
 20
192.5017771001248
  0
LINE
  5
539
330
1F
100
AcDbEntity
  8
0
  6
Continuous
 62
7
370
25
100
AcDbLine
 10
220.968724558421
 20
194.6489113714053
 30
0.0
 11
221.2728742753105
 21
194.6917417894105
 31
0.0
  0
LINE
  5
53A
330
1F
100
AcDbEntity
  8
0
  6
Continuous
 62
7
370
25
100
AcDbLine
 10
223.5535842074294
 20
177.7233071404684
 30
0.0
 11
223.9630565063866
 21
177.7809691034821
 31
0.0
  0
LINE
  5
53B
330
1F
100
AcDbEntity
  8
0
  6
Continuous
 62
7
370
25
100
AcDbLine
 10
224.0171440700081
 20
176.6739561860438
 30
0.0
 11
225.5597162201853
 21
176.8911814745333
 31
0.0
  0
SPLINE
  5
53C
330
1F
100
AcDbEntity
  8
0
  6
Continuous
 62
7
370
25
100
AcDbSpline
 70
8
 71
3
 72
9
 73
5
 74
0
 42
1e-08
 40
0.0
 40
0.0
 40
0.0
 40
0.0
 40
0.730469041816665
 40
1.0
 40
1.0
 40
1.0
 40
1.0
 10
226.1272396152632
 20
178.0353702062602
 30
0.0
 10
226.1264834966284
 20
178.016158290308
 30
0.0
 10
226.1254483827611
 20
177.9898574960891
 30
0.0
 10
226.1311121719542
 20
177.9636255763205
 30
0.0
 10
226.1326387384824
 20
177.9565552618503
 30
0.0
  0
LWPOLYLINE
  5
53D
330
1F
100
AcDbEntity
  8
0
  6
Continuous
 62
7
370
25
100
AcDbPolyline
 90
9
 70
128
 10
226.3070711300958
 20
179.4519771928712
 10
226.3069528614181
 20
179.4508291047675
 10
226.3068345421706
 20
179.4496810543281
 10
226.3067161723542
 20
179.4485330415601
 10
226.3065977519694
 20
179.4473850664711
 10
226.3064792810173
 20
179.4462371290683
 10
226.3063607594983
 20
179.4450892293591
 10
226.3062421874134
 20
179.4439413673508
 10
226.3061235647633
 20
179.4427935430509
  0
LINE
  5
53E
330
1F
100
AcDbEntity
  8
0
  6
Continuous
 62
7
370
25
100
AcDbLine
 10
225.5603404018121
 20
176.5633128052138
 30
0.0
 11
223.9512883646036
 21
176.3367258070387
 31
0.0
  0
LINE
  5
53F
330
1F
100
AcDbEntity
  8
0
  6
Continuous
 62
7
370
25
100
AcDbLine
 10
220.9647656392689
 20
194.656668117463
 30
0.0
 11
221.2895055683066
 21
194.7023980528576
 31
0.0
  0
LINE
  5
540
330
1F
100
AcDbEntity
  8
0
  6
Continuous
 62
7
370
25
100
AcDbLine
 10
223.6629357530521
 20
196.1798151054517
 30
0.0
 11
221.0904186318635
 21
195.817552780328
 31
0.0
  0
SPLINE
  5
541
330
1F
100
AcDbEntity
  8
0
  6
Continuous
 62
7
370
25
100
AcDbSpline
 70
8
 71
3
 72
12
 73
8
 74
0
 42
1e-08
 40
0.0
 40
0.0
 40
0.0
 40
0.0
 40
0.0604786860065752
 40
0.1316277860899085
 40
0.3508935445246778
 40
0.792668315241544
 40
1.0
 40
1.0
 40
1.0
 40
1.0
 10
223.5054756728157
 20
195.1399027489049
 30
0.0
 10
223.5019631039925
 20
195.1637840014986
 30
0.0
 10
223.4943182345644
 20
195.2157599390645
 30
0.0
 10
223.505121866815
 20
195.3478746114207
 30
0.0
 10
223.5702893881563
 20
195.5763152629658
 30
0.0
 10
223.6204537726148
 20
195.8776577430734
 30
0.0
 10
223.6526514602793
 20
196.1066670378201
 30
0.0
 10
223.6629357530521
 20
196.1798151054517
 30
0.0
  0
LINE
  5
542
330
1F
100
AcDbEntity
  8
0
  6
Continuous
 62
7
370
25
100
AcDbLine
 10
223.303378119983
 20
176.4420651709147
 30
0.0
 11
223.5540995981112
 21
176.4773718146984
 31
0.0
  0
LINE
  5
543
330
1F
100
AcDbEntity
  8
0
  6
Continuous
 62
7
370
25
100
AcDbLine
 10
220.9280541195408
 20
196.1115827318461
 30
0.0
 11
223.5005712407295
 21
196.4738450569696
 31
0.0
  0
ARC
  5
544
330
1F
100
AcDbEntity
  8
0
  6
Continuous
 62
7
370
25
100
AcDbCircle
 10
205.5222841806061
 20
186.3543190727051
 30
0.0
 40
20.63064739077294
100
AcDbArc
 50
28.44124307966003
 51
29.3740668992508
  0
LINE
  5
545
330
1F
100
AcDbEntity
  8
0
  6
Continuous
 62
7
370
25
100
AcDbLine
 10
220.3478929003194
 20
195.773778371001
 30
0.0
 11
220.5672657855644
 21
195.8046705002792
 31
0.0
  0
LINE
  5
546
330
1F
100
AcDbEntity
  8
0
  6
Continuous
 62
7
370
25
100
AcDbLine
 10
223.3014766747779
 20
176.4337766619794
 30
0.0
 11
223.5689004610305
 21
176.4714353278065
 31
0.0
  0
LINE
  5
547
330
1F
100
AcDbEntity
  8
0
  6
Continuous
 62
7
370
25
100
AcDbLine
 10
223.7185341802918
 20
175.3221369399843
 30
0.0
 11
225.5622090311106
 21
175.5817635651013
 31
0.0
  0
LINE
  5
548
330
1F
100
AcDbEntity
  8
0
  6
Continuous
 62
7
370
25
100
AcDbLine
 10
225.5627886669223
 20
175.2772938177001
 30
0.0
 11
223.634443855097
 21
175.0057439533986
 31
0.0
  0
LINE
  5
549
330
1F
100
AcDbEntity
  8
0
  6
Continuous
 62
7
370
25
100
AcDbLine
 10
220.3436353539478
 20
195.7809010276219
 30
0.0
 11
220.5761419287797
 21
195.8136426454371
 31
0.0
  0
LINE
  5
54A
330
1F
100
AcDbEntity
  8
0
  6
Continuous
 62
7
370
25
100
AcDbLine
 10
222.9794088479255
 20
197.3457229988265
 30
0.0
 11
220.406891726737
 21
196.9834606737025
 31
0.0
  0
SPLINE
  5
54B
330
1F
100
AcDbEntity
  8
0
  6
Continuous
 62
7
370
25
100
AcDbSpline
 70
8
 71
3
 72
11
 73
7
 74
0
 42
1e-08
 40
0.0
 40
0.0
 40
0.0
 40
0.0
 40
0.0271378181470115
 40
0.2727875070011316
 40
0.7677203945836708
 40
1.0
 40
1.0
 40
1.0
 40
1.0
 10
222.8674355372602
 20
196.3846867729807
 30
0.0
 10
222.8673637841623
 20
196.3940332169906
 30
0.0
 10
222.8666425268887
 20
196.4879830381216
 30
0.0
 10
222.9241115636039
 20
196.7141854413185
 30
0.0
 10
222.9528442452668
 20
197.0310157230747
 30
0.0
 10
222.9729779294908
 20
197.2695367728492
 30
0.0
 10
222.9794088479255
 20
197.3457229988265
 30
0.0
  0
LINE
  5
54C
330
1F
100
AcDbEntity
  8
0
  6
Continuous
 62
7
370
25
100
AcDbLine
 10
222.9819916562843
 20
175.2317023575174
 30
0.0
 11
223.176375188709
 21
175.259075481623
 31
0.0
  0
LINE
  5
54D
330
1F
100
AcDbEntity
  8
0
  6
Continuous
 62
7
370
25
100
AcDbLine
 10
220.2335104722122
 20
197.2511161627066
 30
0.0
 11
222.8060275934008
 21
197.6133784878302
 31
0.0
  0
ARC
  5
54E
330
1F
100
AcDbEntity
  8
0
  6
Continuous
 62
7
370
25
100
AcDbCircle
 10
208.0729892912486
 20
187.8796609631385
 30
0.0
 40
17.65807674870544
100
AcDbArc
 50
32.41687750747232
 51
33.4516543996623
  0
LINE
  5
54F
330
1F
100
AcDbEntity
  8
0
  6
Continuous
 62
7
370
25
100
AcDbLine
 10
222.9796377057261
 20
175.2239797810928
 30
0.0
 11
223.1856588339862
 21
175.2529917135435
 31
0.0
  0
LINE
  5
550
330
1F
100
AcDbEntity
  8
0
  6
Continuous
 62
7
370
25
100
AcDbLine
 10
223.3462989006162
 20
174.0604303720964
 30
0.0
 11
225.5645106028217
 21
174.3727993441972
 31
0.0
  0
LINE
  5
551
330
1F
100
AcDbEntity
  8
0
  6
Continuous
 62
7
370
25
100
AcDbLine
 10
219.6849066217198
 20
196.7978065831211
 30
0.0
 11
219.8605828588942
 21
196.8225453425344
 31
0.0
  0
LINE
  5
552
330
1F
100
AcDbEntity
  8
0
  6
Continuous
 62
7
370
25
100
AcDbLine
 10
225.5650402809148
 20
174.0945712707111
 30
0.0
 11
223.2447590843404
 21
173.7678288539984
 31
0.0
  0
LINE
  5
553
330
1F
100
AcDbEntity
  8
0
  6
Continuous
 62
7
370
25
100
AcDbLine
 10
219.6803901996922
 20
196.80422864798
 30
0.0
 11
219.8665840410105
 21
196.8304484983064
 31
0.0
  0
LINE
  5
554
330
1F
100
AcDbEntity
  8
0
  6
Continuous
 62
7
370
25
100
AcDbLine
 10
222.253176466155
 20
198.3994976269964
 30
0.0
 11
219.6806593449664
 21
198.0372353018726
 31
0.0
  0
SPLINE
  5
555
330
1F
100
AcDbEntity
  8
0
  6
Continuous
 62
7
370
25
100
AcDbSpline
 70
8
 71
3
 72
10
 73
6
 74
0
 42
1e-08
 40
0.0
 40
0.0
 40
0.0
 40
0.0
 40
0.2039256745883001
 40
0.74572517390885
 40
1.0
 40
1.0
 40
1.0
 40
1.0
 10
222.1968667037473
 20
197.4889557835735
 30
0.0
 10
222.2024565586415
 20
197.5497276510265
 30
0.0
 10
222.2228978077459
 20
197.7719611266134
 30
0.0
 10
222.2446765360068
 20
198.0743140011078
 30
0.0
 10
222.2511187520538
 20
198.320775223306
 30
0.0
 10
222.253176466155
 20
198.3994976269964
 30
0.0
  0
LINE
  5
556
330
1F
100
AcDbEntity
  8
0
  6
Continuous
 62
7
370
25
100
AcDbLine
 10
222.5938567017223
 20
174.112296585622
 30
0.0
 11
222.753794893144
 21
174.1348191105931
 31
0.0
  0
LINE
  5
557
330
1F
100
AcDbEntity
  8
0
  6
Continuous
 62
7
370
25
100
AcDbLine
 10
219.4978801622982
 20
198.2760173011774
 30
0.0
 11
222.0703972834868
 21
198.6382796263012
 31
0.0
  0
ARC
  5
558
330
1F
100
AcDbEntity
  8
0
  6
Continuous
 62
7
370
25
100
AcDbCircle
 10
210.4066312877834
 20
189.5207324147421
 30
0.0
 40
14.80449608590359
100
AcDbArc
 50
36.85087604843295
 51
38.01468288091411
  0
LINE
  5
559
330
1F
100
AcDbEntity
  8
0
  6
Continuous
 62
7
370
25
100
AcDbLine
 10
222.5910722240133
 20
174.1052120453236
 30
0.0
 11
222.7605857946206
 21
174.1290829769191
 31
0.0
  0
LINE
  5
55A
330
1F
100
AcDbEntity
  8
0
  6
Continuous
 62
7
370
25
100
AcDbLine
 10
222.9039136914941
 20
172.9006166966563
 30
0.0
 11
225.4764308126826
 21
173.26287902178
 31
0.0
  0
SPLINE
  5
55B
330
1F
100
AcDbEntity
  8
0
  6
Continuous
 62
7
370
25
100
AcDbSpline
 70
8
 71
3
 72
10
 73
6
 74
0
 42
1e-08
 40
0.0
 40
0.0
 40
0.0
 40
0.0
 40
0.0690452669122858
 40
0.7026428999175252
 40
1.0
 40
1.0
 40
1.0
 40
1.0
 10
225.2348886890644
 20
174.0177523385905
 30
0.0
 10
225.2409154871097
 20
174.0008346349437
 30
0.0
 10
225.3022475239775
 20
173.8286707071042
 30
0.0
 10
225.3856384341454
 20
173.5789968063611
 30
0.0
 10
225.454451248811
 20
173.3394067121996
 30
0.0
 10
225.4764308126826
 20
173.26287902178
 30
0.0
  0
LINE
  5
55C
330
1F
100
AcDbEntity
  8
0
  6
Continuous
 62
7
370
25
100
AcDbLine
 10
218.9859558468736
 20
197.7114349322586
 30
0.0
 11
219.1336012760682
 21
197.7322263882351
 31
0.0
  0
LINE
  5
55D
330
1F
100
AcDbEntity
  8
0
  6
Continuous
 62
7
370
25
100
AcDbLine
 10
225.3583895552323
 20
172.9968009137072
 30
0.0
 11
222.7858724340437
 21
172.6345385885834
 31
0.0
  0
ARC
  5
55E
330
1F
100
AcDbEntity
  8
0
  6
Continuous
 62
7
370
25
100
AcDbCircle
 10
213.1433255110794
 20
178.5750394970567
 30
0.0
 40
13.42849713465825
100
AcDbArc
 50
335.4552993670038
 51
336.6973109743392
  0
LINE
  5
55F
330
1F
100
AcDbEntity
  8
0
  6
Continuous
 62
7
370
25
100
AcDbLine
 10
218.9812227178056
 20
197.7170964442657
 30
0.0
 11
219.1377075677599
 21
197.7391326690684
 31
0.0
  0
LINE
  5
560
330
1F
100
AcDbEntity
  8
0
  6
Continuous
 62
7
370
25
100
AcDbLine
 10
221.4910192438166
 20
199.3313001801825
 30
0.0
 11
218.9185021226281
 21
198.9690378550589
 31
0.0
  0
SPLINE
  5
561
330
1F
100
AcDbEntity
  8
0
  6
Continuous
 62
7
370
25
100
AcDbSpline
 70
8
 71
3
 72
10
 73
6
 74
0
 42
1e-08
 40
0.0
 40
0.0
 40
0.0
 40
0.0
 40
0.0679130666752327
 40
0.7022812628075629
 40
1.0
 40
1.0
 40
1.0
 40
1.0
 10
221.4874208273169
 20
198.5309771049109
 30
0.0
 10
221.4880694564625
 20
198.5488408551977
 30
0.0
 10
221.4947768563462
 20
198.7335678558195
 30
0.0
 10
221.4992727814658
 20
198.999558865393
 30
0.0
 10
221.493017309743
 20
199.2509902518081
 30
0.0
 10
221.4910192438166
 20
199.3313001801825
 30
0.0
  0
LINE
  5
562
330
1F
100
AcDbEntity
  8
0
  6
Continuous
 62
7
370
25
100
AcDbLine
 10
222.1425971677907
 20
173.0942994453134
 30
0.0
 11
222.2795462333568
 21
173.113584637434
 31
0.0
  0
LINE
  5
563
330
1F
100
AcDbEntity
  8
0
  6
Continuous
 62
7
370
25
100
AcDbLine
 10
218.7280315717979
 20
199.1767169214727
 30
0.0
 11
221.3005486929864
 21
199.5389792465964
 31
0.0
  0
ARC
  5
564
330
1F
100
AcDbEntity
  8
0
  6
Continuous
 62
7
370
25
100
AcDbCircle
 10
212.4173613225011
 20
191.2006790309517
 30
0.0
 40
12.18352446319912
100
AcDbArc
 50
41.86252417148312
 51
43.18776847874678
  0
LINE
  5
565
330
1F
100
AcDbEntity
  8
0
  6
Continuous
 62
7
370
25
100
AcDbLine
 10
222.1394081608488
 20
173.087919087585
 30
0.0
 11
222.2845562639323
 21
173.108358869648
 31
0.0
  0
LINE
  5
566
330
1F
100
AcDbEntity
  8
0
  6
Continuous
 62
7
370
25
100
AcDbLine
 10
222.3955089844292
 20
171.853524781457
 30
0.0
 11
224.9680261056178
 21
172.2157871065807
 31
0.0
  0
SPLINE
  5
567
330
1F
100
AcDbEntity
  8
0
  6
Continuous
 62
7
370
25
100
AcDbSpline
 70
8
 71
3
 72
9
 73
5
 74
0
 42
1e-08
 40
0.0
 40
0.0
 40
0.0
 40
0.0
 40
0.6596977892617482
 40
1.0
 40
1.0
 40
1.0
 40
1.0
 10
224.7892374954187
 20
172.9005228289796
 30
0.0
 10
224.8316184784258
 20
172.7518571005015
 30
0.0
 10
224.8958615056073
 20
172.5265028081301
 30
0.0
 10
224.9497035417036
 20
172.2946777025233
 30
0.0
 10
224.9680261056178
 20
172.2157871065807
 30
0.0
  0
LINE
  5
568
330
1F
100
AcDbEntity
  8
0
  6
Continuous
 62
7
370
25
100
AcDbLine
 10
218.2575664908437
 20
198.5061331166811
 30
0.0
 11
218.3796650215028
 21
198.5233270537968
 31
0.0
  0
LINE
  5
569
330
1F
100
AcDbEntity
  8
0
  6
Continuous
 62
7
370
25
100
AcDbLine
 10
224.8345855264091
 20
171.9787167081372
 30
0.0
 11
222.2620684052206
 21
171.6164543830133
 31
0.0
  0
ARC
  5
56A
330
1F
100
AcDbEntity
  8
0
  6
Continuous
 62
7
370
25
100
AcDbCircle
 10
215.349348016186
 20
177.4737931784496
 30
0.0
 40
10.96200693486025
100
AcDbArc
 50
329.9150281972367
 51
331.3369813064584
  0
LINE
  5
56B
330
1F
100
AcDbEntity
  8
0
  6
Continuous
 62
7
370
25
100
AcDbLine
 10
218.2526608466859
 20
198.5109812158243
 30
0.0
 11
218.3854375787505
 21
198.5296788591884
 31
0.0
  0
LINE
  5
56C
330
1F
100
AcDbEntity
  8
0
  6
Continuous
 62
7
370
25
100
AcDbLine
 10
220.7000532375433
 20
200.1324306690059
 30
0.0
 11
218.1275361163548
 21
199.7701683438824
 31
0.0
  0
SPLINE
  5
56D
330
1F
100
AcDbEntity
  8
0
  6
Continuous
 62
7
370
25
100
AcDbSpline
 70
8
 71
3
 72
9
 73
5
 74
0
 42
1e-08
 40
0.0
 40
0.0
 40
0.0
 40
0.0
 40
0.645659684574064
 40
1.0
 40
1.0
 40
1.0
 40
1.0
 10
220.7337415116422
 20
199.4485754802393
 30
0.0
 10
220.7297772118397
 20
199.595116500369
 30
0.0
 10
220.7236372903034
 20
199.8220797499426
 30
0.0
 10
220.7062236074267
 20
200.051232582158
 30
0.0
 10
220.7000532375433
 20
200.1324306690059
 30
0.0
  0
LINE
  5
56E
330
1F
100
AcDbEntity
  8
0
  6
Continuous
 62
7
370
25
100
AcDbLine
 10
221.6324263431723
 20
172.1872157016062
 30
0.0
 11
221.7416626845736
 21
172.2025983829101
 31
0.0
  0
LINE
  5
56F
330
1F
100
AcDbEntity
  8
0
  6
Continuous
 62
7
370
25
100
AcDbLine
 10
217.9311525695759
 20
199.9448054339189
 30
0.0
 11
220.5036696907645
 21
200.3070677590426
 31
0.0
  0
ARC
  5
570
330
1F
100
AcDbEntity
  8
0
  6
Continuous
 62
7
370
25
100
AcDbCircle
 10
214.0355479839043
 20
192.8357740788332
 30
0.0
 40
9.882146916065018
100
AcDbArc
 50
47.59254077643064
 51
49.1162844256397
  0
LINE
  5
571
330
1F
100
AcDbEntity
  8
0
  6
Continuous
 62
7
370
25
100
AcDbLine
 10
221.6288625818963
 20
172.181599098129
 30
0.0
 11
221.7476522541034
 21
172.1983270812005
 31
0.0
  0
LINE
  5
572
330
1F
100
AcDbEntity
  8
0
  6
Continuous
 62
7
370
25
100
AcDbLine
 10
221.8258316171891
 20
170.928931041587
 30
0.0
 11
224.3983487383776
 21
171.2911933667107
 31
0.0
  0
SPLINE
  5
573
330
1F
100
AcDbEntity
  8
0
  6
Continuous
 62
7
370
25
100
AcDbSpline
 70
8
 71
3
 72
9
 73
5
 74
0
 42
1e-08
 40
0.0
 40
0.0
 40
0.0
 40
0.0
 40
0.5901969910212762
 40
1.0
 40
1.0
 40
1.0
 40
1.0
 10
224.2779102082284
 20
171.8745184624613
 30
0.0
 10
224.3041126887501
 20
171.7607575835794
 30
0.0
 10
224.348508849558
 20
171.5680068908235
 30
0.0
 10
224.383861227516
 20
171.3716578105975
 30
0.0
 10
224.3983487383776
 20
171.2911933667107
 30
0.0
  0
LINE
  5
574
330
1F
100
AcDbEntity
  8
0
  6
Continuous
 62
7
370
25
100
AcDbLine
 10
217.5065393287932
 20
199.1744812535603
 30
0.0
 11
217.6059984104474
 21
199.1884870993826
 31
0.0
  0
LINE
  5
575
330
1F
100
AcDbEntity
  8
0
  6
Continuous
 62
7
370
25
100
AcDbLine
 10
224.2507547361451
 20
171.0853441403315
 30
0.0
 11
221.6782376149566
 21
170.7230818152077
 31
0.0
  0
ARC
  5
576
330
1F
100
AcDbEntity
  8
0
  6
Continuous
 62
7
370
25
100
AcDbCircle
 10
217.1345965559611
 20
176.3434703529959
 30
0.0
 40
8.848027944898693
100
AcDbArc
 50
323.5393208537829
 51
325.1795934364574
  0
LINE
  5
577
330
1F
100
AcDbEntity
  8
0
  6
Continuous
 62
7
370
25
100
AcDbLine
 10
217.5015069722237
 20
199.1784706744446
 30
0.0
 11
217.6096643084743
 21
199.1937014100485
 31
0.0
  0
LINE
  5
578
330
1F
100
AcDbEntity
  8
0
  6
Continuous
 62
7
370
25
100
AcDbLine
 10
219.8876634838215
 20
200.7954091539458
 30
0.0
 11
217.3151463626329
 21
200.4331468288221
 31
0.0
  0
SPLINE
  5
579
330
1F
100
AcDbEntity
  8
0
  6
Continuous
 62
7
370
25
100
AcDbSpline
 70
8
 71
3
 72
9
 73
5
 74
0
 42
1e-08
 40
0.0
 40
0.0
 40
0.0
 40
0.0
 40
0.5913448726200363
 40
1.0
 40
1.0
 40
1.0
 40
1.0
 10
219.9474894680957
 20
200.1989123324112
 30
0.0
 10
219.9383711807107
 20
200.3164717248487
 30
0.0
 10
219.922951604407
 20
200.5152717785577
 30
0.0
 10
219.8979006746942
 20
200.7141404511967
 30
0.0
 10
219.8876634838214
 20
200.7954091539458
 30
0.0
  0
LINE
  5
57A
330
1F
100
AcDbEntity
  8
0
  6
Continuous
 62
7
370
25
100
AcDbLine
 10
221.0681075553988
 20
171.399514551015
 30
0.0
 11
221.1194514268742
 21
171.4067448042593
 31
0.0
  0
LINE
  5
57B
330
1F
100
AcDbEntity
  8
0
  6
Continuous
 62
7
370
25
100
AcDbLine
 10
217.1146834001692
 20
200.5731114030248
 30
0.0
 11
219.6872005213577
 21
200.9353737281485
 31
0.0
  0
ARC
  5
57C
330
1F
100
AcDbEntity
  8
0
  6
Continuous
 62
7
370
25
100
AcDbCircle
 10
215.232674499349
 20
194.3418822773558
 30
0.0
 40
7.957193700823817
100
AcDbArc
 50
54.19673769861475
 51
55.95725917855673
  0
LINE
  5
57D
330
1F
100
AcDbEntity
  8
0
  6
Continuous
 62
7
370
25
100
AcDbLine
 10
221.0642023136673
 20
171.3947141425023
 30
0.0
 11
221.1582501760704
 21
171.4079579794534
 31
0.0
  0
LINE
  5
57E
330
1F
100
AcDbEntity
  8
0
  6
Continuous
 62
7
370
25
100
AcDbLine
 10
221.2002005138605
 20
170.1354681596775
 30
0.0
 11
223.7727176350491
 21
170.4977304848012
 31
0.0
  0
SPLINE
  5
57F
330
1F
100
AcDbEntity
  8
0
  6
Continuous
 62
7
370
25
100
AcDbSpline
 70
8
 71
3
 72
9
 73
5
 74
0
 42
1e-08
 40
0.0
 40
0.0
 40
0.0
 40
0.0
 40
0.5372680297772577
 40
1.0
 40
1.0
 40
1.0
 40
1.0
 10
223.6916883425799
 20
171.0220497898334
 30
0.0
 10
223.7083727207767
 20
170.9285650127199
 30
0.0
 10
223.739426826497
 20
170.7545647522686
 30
0.0
 10
223.762186162609
 20
170.5789794278921
 30
0.0
 10
223.7727176350491
 20
170.4977304848012
 30
0.0
  0
LINE
  5
580
330
1F
100
AcDbEntity
  8
0
  6
Continuous
 62
7
370
25
100
AcDbLine
 10
216.7398864989813
 20
199.7102391564189
 30
0.0
 11
216.7888339960096
 21
199.7171319517812
 31
0.0
  0
LINE
  5
581
330
1F
100
AcDbEntity
  8
0
  6
Continuous
 62
7
370
25
100
AcDbLine
 10
223.6123482552244
 20
170.3250243892501
 30
0.0
 11
221.0398311340359
 21
169.9627620641263
 31
0.0
  0
ARC
  5
582
330
1F
100
AcDbEntity
  8
0
  6
Continuous
 62
7
370
25
100
AcDbCircle
 10
218.4700226603849
 20
175.2608341560872
 30
0.0
 40
7.127813870868639
100
AcDbArc
 50
316.17391056823
 51
318.0684839034522
  0
LINE
  5
583
330
1F
100
AcDbEntity
  8
0
  6
Continuous
 62
7
370
25
100
AcDbLine
 10
216.7347744157573
 20
199.713332650896
 30
0.0
 11
216.7866169108463
 21
199.7206331204075
 31
0.0
  0
LINE
  5
584
330
1F
100
AcDbEntity
  8
0
  6
Continuous
 62
7
370
25
100
AcDbLine
 10
219.061435046895
 20
201.3140455835177
 30
0.0
 11
216.4889179257065
 21
200.9517832583939
 31
0.0
  0
SPLINE
  5
585
330
1F
100
AcDbEntity
  8
0
  6
Continuous
 62
7
370
25
100
AcDbSpline
 70
8
 71
3
 72
9
 73
5
 74
0
 42
1e-08
 40
0.0
 40
0.0
 40
0.0
 40
0.0
 40
0.443068348754631
 40
0.9999999999999998
 40
0.9999999999999998
 40
0.9999999999999998
 40
0.9999999999999998
 10
219.1286532007361
 20
200.8783875274781
 30
0.0
 10
219.120311350114
 20
200.9430269099502
 30
0.0
 10
219.1014838923513
 20
201.0889172283484
 30
0.0
 10
219.0757609613387
 20
201.233514683856
 30
0.0
 10
219.061435046895
 20
201.3140455835177
 30
0.0
  0
LINE
  5
586
330
1F
100
AcDbEntity
  8
0
  6
Continuous
 62
7
370
25
100
AcDbLine
 10
220.4549096969442
 20
170.7385505469486
 30
0.0
 11
220.5030324654341
 21
170.7453272038894
 31
0.0
  0
LINE
  5
587
330
1F
100
AcDbEntity
  8
0
  6
Continuous
 62
7
370
25
100
AcDbLine
 10
216.2862472162266
 20
201.0557685052448
 30
0.0
 11
218.8587643374152
 21
201.4180308303686
 31
0.0
  0
ARC
  5
588
330
1F
100
AcDbEntity
  8
0
  6
Continuous
 62
7
370
25
100
AcDbCircle
 10
216.0227246690865
 20
195.6409964537852
 30
0.0
 40
6.435623294488157
100
AcDbArc
 50
61.82473014649985
 51
63.85283130321617
  0
LINE
  5
589
330
1F
100
AcDbEntity
  8
0
  6
Continuous
 62
7
370
25
100
AcDbLine
 10
220.4506994369472
 20
170.7346111535211
 30
0.0
 11
220.5011791519624
 21
170.7417197160967
 31
0.0
  0
LINE
  5
58A
330
1F
100
AcDbEntity
  8
0
  6
Continuous
 62
7
370
25
100
AcDbLine
 10
220.5244570234881
 20
169.4805444848697
 30
0.0
 11
223.0969741446767
 21
169.8428068099935
 31
0.0
  0
SPLINE
  5
58B
330
1F
100
AcDbEntity
  8
0
  6
Continuous
 62
7
370
25
100
AcDbSpline
 70
8
 71
3
 72
9
 73
5
 74
0
 42
1e-08
 40
0.0
 40
0.0
 40
0.0
 40
0.0
 40
0.4407418604030412
 40
1.0
 40
1.0
 40
1.0
 40
1.0
 10
223.052421732427
 20
170.2786807480718
 30
0.0
 10
223.060578708951
 20
170.2146388212824
 30
0.0
 10
223.0790860876612
 20
170.0693339783732
 30
0.0
 10
223.090558246479
 20
169.9240551674906
 30
0.0
 10
223.0969741446767
 20
169.8428068099935
 30
0.0
  0
LINE
  5
58C
330
1F
100
AcDbEntity
  8
0
  6
Continuous
 62
7
370
25
100
AcDbLine
 10
215.9647660323165
 20
200.10840459807
 30
0.0
 11
216.0031033629532
 21
200.1138032678868
 31
0.0
  0
LINE
  5
58D
330
1F
100
AcDbEntity
  8
0
  6
Continuous
 62
7
370
25
100
AcDbLine
 10
222.9253267129502
 20
169.7048563555513
 30
0.0
 11
220.3528095917616
 21
169.3425940304275
 31
0.0
  0
ARC
  5
58E
330
1F
100
AcDbEntity
  8
0
  6
Continuous
 62
7
370
25
100
AcDbCircle
 10
219.3693325640341
 20
174.3052315396072
 30
0.0
 40
5.814511692412651
100
AcDbArc
 50
307.7032757774184
 51
309.8733551788825
  0
LINE
  5
58F
330
1F
100
AcDbEntity
  8
0
  6
Continuous
 62
7
370
25
100
AcDbLine
 10
215.9596219525817
 20
200.1105732830155
 30
0.0
 11
216.0054107014387
 21
200.1170212628905
 31
0.0
  0
LINE
  5
590
330
1F
100
AcDbEntity
  8
0
  6
Continuous
 62
7
370
25
100
AcDbLine
 10
218.2290821990646
 20
201.6834975891177
 30
0.0
 11
215.6565650778761
 21
201.3212352639939
 31
0.0
  0
SPLINE
  5
591
330
1F
100
AcDbEntity
  8
0
  6
Continuous
 62
7
370
25
100
AcDbSpline
 70
8
 71
3
 72
9
 73
5
 74
0
 42
1e-08
 40
0.0
 40
0.0
 40
0.0
 40
0.0
 40
0.2203525172893384
 40
1.0
 40
1.0
 40
1.0
 40
1.0
 10
218.2939306724469
 20
201.3774908505864
 30
0.0
 10
218.2897893288836
 20
201.4002123208474
 30
0.0
 10
218.270995154829
 20
201.5033265059743
 30
0.0
 10
218.2474438862932
 20
201.6045662654737
 30
0.0
 10
218.2290821990646
 20
201.6834975891177
 30
0.0
  0
LINE
  5
592
330
1F
100
AcDbEntity
  8
0
  6
Continuous
 62
7
370
25
100
AcDbLine
 10
215.4535789031878
 20
201.3882703012606
 30
0.0
 11
218.0260960243763
 21
201.7505326263842
 31
0.0
  0
ARC
  5
593
330
1F
100
AcDbEntity
  8
0
  6
Continuous
 62
7
370
25
100
AcDbCircle
 10
216.459951155061
 20
196.6673058304701
 30
0.0
 40
5.319022881167303
100
AcDbArc
 50
70.5730643845428
 51
72.87590694269073
  0
LINE
  5
594
330
1F
100
AcDbEntity
  8
0
  6
Continuous
 62
7
370
25
100
AcDbLine
 10
219.8049103809723
 20
168.9702748630557
 30
0.0
 11
222.3774275021608
 21
169.3325371881795
 31
0.0
  0
SPLINE
  5
595
330
1F
100
AcDbEntity
  8
0
  6
Continuous
 62
7
370
25
100
AcDbSpline
 70
8
 71
3
 72
9
 73
5
 74
0
 42
1e-08
 40
0.0
 40
0.0
 40
0.0
 40
0.0
 40
0.1746983482215425
 40
1.0
 40
1.0
 40
1.0
 40
1.0
 10
222.364437177142
 20
169.6258717899265
 30
0.0
 10
222.3657080381151
 20
169.6086919033494
 30
0.0
 10
222.3729826402273
 20
169.5103516113431
 30
0.0
 10
222.3754177785121
 20
169.4129351525401
 30
0.0
 10
222.3774275021608
 20
169.3325371881795
 30
0.0
  0
LINE
  5
596
330
1F
100
AcDbEntity
  8
0
  6
Continuous
 62
7
370
25
100
AcDbLine
 10
222.1961046443548
 20
169.230630381071
 30
0.0
 11
219.6235875231662
 21
168.8683680559472
 31
0.0
  0
ARC
  5
597
330
1F
100
AcDbEntity
  8
0
  6
Continuous
 62
7
370
25
100
AcDbCircle
 10
219.8866734223813
 20
173.5520704263328
 30
0.0
 40
4.899828224929811
100
AcDbArc
 50
298.1206005528402
 51
300.5529870664958
  0
LINE
  5
598
330
1F
100
AcDbEntity
  8
0
  6
Continuous
 62
7
370
25
100
AcDbLine
 10
217.3983763946051
 20
201.9003156969128
 30
0.0
 11
214.8258592734165
 21
201.5380533717892
 31
0.0
  0
SPLINE
  5
599
330
1F
100
AcDbEntity
  8
0
  6
Continuous
 62
7
370
25
100
AcDbSpline
 70
8
 71
3
 72
9
 73
5
 74
0
 42
1e-08
 40
0.0
 40
0.0
 40
0.0
 40
0.0
 40
0.1431835982814424
 40
1.0
 40
1.0
 40
1.0
 40
1.0
 10
217.4707911095919
 20
201.6292210507516
 30
0.0
 10
217.467701344897
 20
201.6423862419823
 30
0.0
 10
217.4461223041963
 20
201.734332466192
 30
0.0
 10
217.4204084481861
 20
201.8237237654972
 30
0.0
 10
217.3983763946051
 20
201.9003156969128
 30
0.0
  0
LINE
  5
59A
330
1F
100
AcDbEntity
  8
0
  6
Continuous
 62
7
370
25
100
AcDbLine
 10
219.048278799443
 20
168.6094235442102
 30
0.0
 11
221.6207959206315
 21
168.971685869334
 31
0.0
  0
LINE
  5
59B
330
1F
100
AcDbEntity
  8
0
  6
Continuous
 62
7
370
25
100
AcDbLine
 10
221.6229592285916
 20
169.1499199402197
 30
0.0
 11
221.6207959206315
 21
168.971685869334
 31
0.0
  0
LINE
  5
59C
330
1F
100
AcDbEntity
  8
0
  6
Continuous
 62
7
370
25
100
AcDbLine
 10
214.6244528607412
 20
201.5675123113898
 30
0.0
 11
217.1969699819298
 21
201.9297746365134
 31
0.0
  0
ARC
  5
59D
330
1F
100
AcDbEntity
  8
0
  6
Continuous
 62
7
370
25
100
AcDbCircle
 10
216.6332223860418
 20
197.3722933131199
 30
0.0
 40
4.592215953649168
100
AcDbArc
 50
80.40865631963113
 51
82.94849298136893
  0
LINE
  5
59E
330
1F
100
AcDbEntity
  8
0
  6
Continuous
 62
7
370
25
100
AcDbLine
 10
221.4314905994144
 20
168.9067741859595
 30
0.0
 11
218.8589734782258
 21
168.5445118608356
 31
0.0
  0
ARC
  5
59F
330
1F
100
AcDbEntity
  8
0
  6
Continuous
 62
7
370
25
100
AcDbCircle
 10
220.1109048297136
 20
173.0665635325114
 30
0.0
 40
4.364377868931922
100
AcDbArc
 50
287.6127996070912
 51
290.2402817469931
  0
LINE
  5
5A0
330
1F
100
AcDbEntity
  8
0
  6
Continuous
 62
7
370
25
100
AcDbLine
 10
216.5770737097913
 20
201.9624755346492
 30
0.0
 11
214.0045565886028
 21
201.6002132095255
 31
0.0
  0
LINE
  5
5A1
330
1F
100
AcDbEntity
  8
0
  6
Continuous
 62
7
370
25
100
AcDbLine
 10
216.6106929061176
 20
201.8601558470266
 30
0.0
 11
216.5770737097913
 21
201.9624755346492
 31
0.0
  0
LINE
  5
5A2
330
1F
100
AcDbEntity
  8
0
  6
Continuous
 62
7
370
25
100
AcDbLine
 10
218.2616267441135
 20
168.4013596998673
 30
0.0
 11
220.8341438653021
 21
168.7636220249911
 31
0.0
  0
LINE
  5
5A3
330
1F
100
AcDbEntity
  8
0
  6
Continuous
 62
7
370
25
100
AcDbLine
 10
220.8380261831357
 20
168.8232024197898
 30
0.0
 11
220.8341438653021
 21
168.7636220249911
 31
0.0
  0
LINE
  5
5A4
330
1F
100
AcDbEntity
  8
0
  6
Continuous
 62
7
370
25
100
AcDbLine
 10
213.8066104153495
 20
201.5918210012789
 30
0.0
 11
216.3791275365381
 21
201.9540833264025
 31
0.0
  0
ARC
  5
5A5
330
1F
100
AcDbEntity
  8
0
  6
Continuous
 62
7
370
25
100
AcDbCircle
 10
216.6574306600585
 20
197.7284398568443
 30
0.0
 40
4.234798148717582
100
AcDbArc
 50
91.08727506837707
 51
93.76808859549566
  0
ARC
  5
5A6
330
1F
100
AcDbEntity
  8
0
  6
Continuous
 62
7
370
25
100
AcDbCircle
 10
220.1569177638089
 20
172.898435383105
 30
0.0
 40
4.189906526282046
100
AcDbArc
 50
278.0157400666727
 51
279.3016794101021
  0
LINE
  5
5A7
330
1F
100
AcDbEntity
  8
0
  6
Continuous
 62
7
370
25
100
AcDbLine
 10
215.7728424265032
 20
201.8693967326701
 30
0.0
 11
213.2003253053146
 21
201.5071344075463
 31
0.0
  0
LINE
  5
5A8
330
1F
100
AcDbEntity
  8
0
  6
Continuous
 62
7
370
25
100
AcDbLine
 10
217.4522989732734
 20
168.3480259660921
 30
0.0
 11
218.0454882515047
 21
168.4315589872725
 31
0.0
  0
LINE
  5
5A9
330
1F
100
AcDbEntity
  8
0
  6
Continuous
 62
7
370
25
100
AcDbLine
 10
213.0031213198007
 20
201.3417063099348
 30
0.0
 11
212.4206743143562
 21
201.2596860175466
 31
0.0
  0
LINE
  5
5AA
330
1F
100
AcDbEntity
  8
0
  6
Continuous
 62
7
370
25
100
AcDbLine
 10
216.6278519622567
 20
168.4499203055769
 30
0.0
 11
217.2008016070385
 21
168.5306031779235
 31
0.0
  0
LINE
  5
5AB
330
1F
100
AcDbEntity
  8
0
  6
Continuous
 62
7
370
25
100
AcDbLine
 10
212.2383190969551
 20
200.9398032106779
 30
0.0
 11
211.6728830069646
 21
200.8601783984731
 31
0.0
  0
LINE
  5
5AC
330
1F
100
AcDbEntity
  8
0
  6
Continuous
 62
7
370
25
100
AcDbLine
 10
215.7959833506703
 20
168.7060913583313
 30
0.0
 11
216.3567868079436
 21
168.7850638023617
 31
0.0
  0
LINE
  5
5AD
330
1F
100
AcDbEntity
  8
0
  6
Continuous
 62
7
370
25
100
AcDbLine
 10
211.5217568365711
 20
200.3908944551011
 30
0.0
 11
210.9639333090953
 21
200.312341645323
 31
0.0
  0
LINE
  5
5AE
330
1F
100
AcDbEntity
  8
0
  6
Continuous
 62
7
370
25
100
AcDbLine
 10
214.9644600716051
 20
169.1141473242545
 30
0.0
 11
215.5205178533903
 21
169.1924514814087
 31
0.0
  0
LINE
  5
5AF
330
1F
100
AcDbEntity
  8
0
  6
Continuous
 62
7
370
25
100
AcDbLine
 10
210.8560906031281
 20
199.6995369477197
 30
0.0
 11
210.3004444930614
 21
199.621290762254
 31
0.0
  0
LINE
  5
5B0
330
1F
100
AcDbEntity
  8
0
  6
Continuous
 62
7
370
25
100
AcDbLine
 10
214.1410458338775
 20
169.6702782947427
 30
0.0
 11
214.697590286661
 21
169.7486509849945
 31
0.0
  0
LINE
  5
5B1
330
1F
100
AcDbEntity
  8
0
  6
Continuous
 62
7
370
25
100
AcDbLine
 10
210.2472929780001
 20
198.8721515492722
 30
0.0
 11
209.688611375171
 21
198.7934779051681
 31
0.0
  0
LINE
  5
5B2
330
1F
100
AcDbEntity
  8
0
  6
Continuous
 62
7
370
25
100
AcDbLine
 10
213.333428634369
 20
170.3692918247653
 30
0.0
 11
213.8957151271021
 21
170.4484731101164
 31
0.0
  0
LINE
  5
5B3
330
1F
100
AcDbEntity
  8
0
  6
Continuous
 62
7
370
25
100
AcDbLine
 10
209.7012206218113
 20
197.9164876231351
 30
0.0
 11
209.1341464763961
 21
197.8366321396697
 31
0.0
  0
LINE
  5
5B4
330
1F
100
AcDbEntity
  8
0
  6
Continuous
 62
7
370
25
100
AcDbLine
 10
212.5491489772684
 20
171.2046614133266
 30
0.0
 11
213.1227082249741
 21
171.2854301300668
 31
0.0
  0
LINE
  5
5B5
330
1F
100
AcDbEntity
  8
0
  6
Continuous
 62
7
370
25
100
AcDbLine
 10
209.2240690287372
 20
196.8416224205252
 30
0.0
 11
208.6422266861045
 21
196.7596872768632
 31
0.0
  0
LINE
  5
5B6
330
1F
100
AcDbEntity
  8
0
  6
Continuous
 62
7
370
25
100
AcDbLine
 10
211.7955294704223
 20
172.1685874396589
 30
0.0
 11
212.3884554139406
 21
172.2520833779974
 31
0.0
  0
LINE
  5
5B7
330
1F
100
AcDbEntity
  8
0
  6
Continuous
 62
7
370
25
100
AcDbLine
 10
208.8227620619903
 20
195.657939328946
 30
0.0
 11
208.2174449268373
 21
195.5726984607659
 31
0.0
  0
LINE
  5
5B8
330
1F
100
AcDbEntity
  8
0
  6
Continuous
 62
7
370
25
100
AcDbLine
 10
211.0796064561149
 20
173.2520699861701
 30
0.0
 11
211.699983981546
 21
173.339431661226
 31
0.0
  0
LINE
  5
5B9
330
1F
100
AcDbEntity
  8
0
  6
Continuous
 62
7
370
25
100
AcDbLine
 10
208.4967045516969
 20
194.3758786281349
 30
0.0
 11
207.8637672714298
 21
194.2867482861371
 31
0.0
  0
LINE
  5
5BA
330
1F
100
AcDbEntity
  8
0
  6
Continuous
 62
7
370
25
100
AcDbLine
 10
210.4080643146354
 20
174.4449928682515
 30
0.0
 11
211.0492105792736
 21
174.5352792009095
 31
0.0
  0
LINE
  5
5BB
330
1F
100
AcDbEntity
  8
0
  6
Continuous
 62
7
370
25
100
AcDbLine
 10
208.2265254201765
 20
193.0042540343281
 30
0.0
 11
207.5844959128571
 21
192.9138433232763
 31
0.0
  0
LINE
  5
5BC
330
1F
100
AcDbEntity
  8
0
  6
Continuous
 62
7
370
25
100
AcDbLine
 10
209.7871730540219
 20
175.7362180863689
 30
0.0
 11
210.4242887898847
 21
175.8259368392375
 31
0.0
  0
LINE
  5
5BD
330
1F
100
AcDbEntity
  8
0
  6
Continuous
 62
7
370
25
100
AcDbLine
 10
208.0130807116344
 20
191.555637353549
 30
0.0
 11
207.3822383325488
 21
191.4668020159134
 31
0.0
  0
LINE
  5
5BE
330
1F
100
AcDbEntity
  8
0
  6
Continuous
 62
7
370
25
100
AcDbLine
 10
209.2227297686828
 20
177.1136898185621
 30
0.0
 11
209.825144520593
 21
177.1985219726099
 31
0.0
  0
LINE
  5
5BF
330
1F
100
AcDbEntity
  8
0
  6
Continuous
 62
7
370
25
100
AcDbLine
 10
214.5730644131102
 20
201.6893784049337
 30
0.0
 11
214.5777536743083
 21
201.79459512062
 31
0.0
  0
ARC
  5
5C0
330
1F
100
AcDbEntity
  8
0
  6
Continuous
 62
7
370
25
100
AcDbCircle
 10
215.5630296259346
 20
197.6967505248983
 30
0.0
 40
4.214629168923181
100
AcDbArc
 50
100.8300786856346
 51
103.5194384504867
  0
LINE
  5
5C1
330
1F
100
AcDbEntity
  8
0
  6
Continuous
 62
7
370
25
100
AcDbLine
 10
214.8102918105756
 20
201.7338501812776
 30
0.0
 11
214.7711136085426
 21
201.8363118607087
 31
0.0
  0
LINE
  5
5C2
330
1F
100
AcDbEntity
  8
0
  6
Continuous
 62
7
370
25
100
AcDbLine
 10
215.3687725377021
 20
201.8014301665956
 30
0.0
 11
215.379305164536
 21
201.9071458360346
 31
0.0
  0
ARC
  5
5C3
330
1F
100
AcDbEntity
  8
0
  6
Continuous
 62
7
370
25
100
AcDbCircle
 10
215.5625267640064
 20
197.6527316906927
 30
0.0
 40
4.258357649915969
100
AcDbArc
 50
89.7950735783326
 51
92.4659897021314
  0
LINE
  5
5C4
330
1F
100
AcDbEntity
  8
0
  6
Continuous
 62
7
370
25
100
AcDbLine
 10
215.5990338069218
 20
201.8449209715032
 30
0.0
 11
215.5777573471707
 21
201.9110621034172
 31
0.0
  0
LINE
  5
5C5
330
1F
100
AcDbEntity
  8
0
  6
Continuous
 62
7
370
25
100
AcDbLine
 10
226.492084657105
 20
187.7986116037788
 30
0.0
 11
227.9868495653427
 21
188.0091046678331
 31
0.0
  0
LINE
  5
5C6
330
1F
100
AcDbEntity
  8
0
  6
Continuous
 62
7
370
25
100
AcDbLine
 10
228.4272372018453
 20
184.4118323961092
 30
0.0
 11
226.7798247756381
 21
184.1798434810344
 31
0.0
  0
LINE
  5
5C7
330
1F
100
AcDbEntity
  8
0
  6
Continuous
 62
7
370
25
100
AcDbLine
 10
226.913514181434
 20
184.5938096127842
 30
0.0
 11
228.3985627310197
 21
184.8029344174602
 31
0.0
  0
ARC
  5
5C8
330
1F
100
AcDbEntity
  8
0
  6
Continuous
 62
7
370
25
100
AcDbCircle
 10
195.6677097064298
 20
182.206600614759
 30
0.0
 40
32.83366700404261
100
AcDbArc
 50
3.851097748847565
 51
4.53541897651722
  0
LINE
  5
5C9
330
1F
100
AcDbEntity
  8
0
  6
Continuous
 62
7
370
25
100
AcDbLine
 10
227.7513146683891
 20
189.2047892142663
 30
0.0
 11
226.1768395233755
 21
188.9830713402862
 31
0.0
  0
LINE
  5
5CA
330
1F
100
AcDbEntity
  8
0
  6
Continuous
 62
7
370
25
100
AcDbLine
 10
226.1666592640189
 20
189.3753741539465
 30
0.0
 11
227.6663459931763
 21
189.5865603097107
 31
0.0
  0
ARC
  5
5CB
330
1F
100
AcDbEntity
  8
0
  6
Continuous
 62
7
370
25
100
AcDbCircle
 10
195.9141084523015
 20
182.3192998634936
 30
0.0
 40
32.57326608194662
100
AcDbArc
 50
12.2035102380948
 51
12.89147378717691
  0
LINE
  5
5CC
330
1F
100
AcDbEntity
  8
0
  6
Continuous
 62
7
370
25
100
AcDbLine
 10
227.3385737470638
 20
188.4050234050954
 30
0.0
 11
225.8555253675008
 21
188.1961802647227
 31
0.0
  0
SPLINE
  5
5CD
330
1F
100
AcDbEntity
  8
0
  6
Continuous
 62
7
370
25
100
AcDbSpline
 70
8
 71
3
 72
13
 73
9
 74
0
 42
1e-08
 40
0.0
 40
0.0
 40
0.0
 40
0.0
 40
0.187049714249821
 40
0.5856084040210991
 40
0.7834247556693567
 40
0.8476137813613345
 40
0.9162425937746016
 40
1.0
 40
1.0
 40
1.0
 40
1.0
 10
227.9868495653427
 20
188.0091046678331
 30
0.0
 10
227.9447990765965
 20
188.0305074364926
 30
0.0
 10
227.8131489444285
 20
188.0975144418046
 30
0.0
 10
227.6365848333965
 20
188.1753379254125
 30
0.0
 10
227.4876981464359
 20
188.1910470204429
 30
0.0
 10
227.413682764386
 20
188.2460793204187
 30
0.0
 10
227.3703469063049
 20
188.3108477992954
 30
0.0
 10
227.3498433183137
 20
188.3716204094564
 30
0.0
 10
227.3385737470638
 20
188.4050234050954
 30
0.0
  0
SPLINE
  5
5CE
330
1F
100
AcDbEntity
  8
0
  6
Continuous
 62
7
370
25
100
AcDbSpline
 70
8
 71
3
 72
13
 73
9
 74
0
 42
1e-08
 40
0.0
 40
0.0
 40
0.0
 40
0.0
 40
0.1870497142498486
 40
0.5856084040210252
 40
0.7834247556693966
 40
0.8476137813613709
 40
0.9162425937746244
 40
1.0
 40
1.0
 40
1.0
 40
1.0
 10
228.3985627310197
 20
184.8029344174602
 30
0.0
 10
228.357799195976
 20
184.8390062224175
 30
0.0
 10
228.2301782113896
 20
184.9519385100495
 30
0.0
 10
228.0577931718352
 20
185.0920586987892
 30
0.0
 10
227.9073548497086
 20
185.1632146870275
 30
0.0
 10
227.8373699665376
 20
185.2430527595539
 30
0.0
 10
227.7997035138679
 20
185.3204438832064
 30
0.0
 10
227.7849459234178
 20
185.3854288588888
 30
0.0
 10
227.7768345764123
 20
185.4211471348288
 30
0.0
  0
LINE
  5
5CF
330
1F
100
AcDbEntity
  8
0
  6
Continuous
 62
7
370
25
100
AcDbLine
 10
227.8857777136965
 20
183.9352302206695
 30
0.0
 11
226.4143803563068
 21
183.7280277793413
 31
0.0
  0
SPLINE
  5
5D0
330
1F
100
AcDbEntity
  8
0
  6
Continuous
 62
7
370
25
100
AcDbSpline
 70
8
 71
3
 72
13
 73
9
 74
0
 42
1e-08
 40
0.0
 40
0.0
 40
0.0
 40
0.0
 40
0.083757406225375
 40
0.1523862186385961
 40
0.2165752443305573
 40
0.4143915959789282
 40
0.8129502857501099
 40
0.9999999999999998
 40
0.9999999999999998
 40
0.9999999999999998
 40
0.9999999999999998
 10
227.8857777136965
 20
183.9352302206695
 30
0.0
 10
227.8887504744459
 20
183.9695990784689
 30
0.0
 10
227.8941590441466
 20
184.0321289551091
 30
0.0
 10
227.9210535731307
 20
184.1016601984952
 30
0.0
 10
227.9804866317589
 20
184.1657424770295
 30
0.0
 10
228.1231068568255
 20
184.2012204902281
 30
0.0
 10
228.2778655274056
 20
184.3015130566839
 30
0.0
 10
228.3910764104677
 20
184.385125628358
 30
0.0
 10
228.4272372018453
 20
184.4118323961092
 30
0.0
  0
LINE
  5
5D1
330
1F
100
AcDbEntity
  8
0
  6
Continuous
 62
7
370
25
100
AcDbLine
 10
227.3366495853059
 20
188.4147913439806
 30
0.0
 11
225.8517891837464
 21
188.2056930343435
 31
0.0
  0
SPLINE
  5
5D2
330
1F
100
AcDbEntity
  8
0
  6
Continuous
 62
7
370
25
100
AcDbSpline
 70
8
 71
3
 72
13
 73
9
 74
0
 42
1e-08
 40
0.0
 40
0.0
 40
0.0
 40
0.0
 40
0.0837574062251637
 40
0.1523862186382678
 40
0.2165752443300664
 40
0.4143915959778632
 40
0.8129502857480515
 40
1.0
 40
1.0
 40
1.0
 40
1.0
 10
227.3366495853059
 20
188.4147913439806
 30
0.0
 10
227.3341208515473
 20
188.4514349540847
 30
0.0
 10
227.3295201339176
 20
188.5181034605806
 30
0.0
 10
227.3431765726704
 20
188.6040015007494
 30
0.0
 10
227.3869110987369
 20
188.702688891657
 30
0.0
 10
227.5097631800363
 20
188.8191435484272
 30
0.0
 10
227.6337192103479
 20
189.0083831198018
 30
0.0
 10
227.7228464541767
 20
189.1572420482196
 30
0.0
 10
227.7513146683891
 20
189.2047892142663
 30
0.0
  0
LINE
  5
5D3
330
1F
100
AcDbEntity
  8
0
  6
Continuous
 62
7
370
25
100
AcDbLine
 10
227.0138274448463
 20
189.8652571996713
 30
0.0
 11
225.5262289209318
 21
189.6557733071501
 31
0.0
  0
SPLINE
  5
5D4
330
1F
100
AcDbEntity
  8
0
  6
Continuous
 62
7
370
25
100
AcDbSpline
 70
8
 71
3
 72
13
 73
9
 74
0
 42
1e-08
 40
0.0
 40
0.0
 40
0.0
 40
0.0
 40
0.1870497142497814
 40
0.5856084040209778
 40
0.7834247556693836
 40
0.8476137813613773
 40
0.9162425937746402
 40
1.0
 40
1.0
 40
1.0
 40
1.0
 10
227.6663459931763
 20
189.5865603097108
 30
0.0
 10
227.624238851361
 20
189.6002939429577
 30
0.0
 10
227.4924113518365
 20
189.6432906996191
 30
0.0
 10
227.316224567917
 20
189.6887281073952
 30
0.0
 10
227.1702057696487
 20
189.6763633742717
 30
0.0
 10
227.0952038992627
 20
189.7181626775818
 30
0.0
 10
227.0496279147018
 20
189.775681725405
 30
0.0
 10
227.0265254564842
 20
189.83348581736
 30
0.0
 10
227.0138274448463
 20
189.8652571996713
 30
0.0
  0
LINE
  5
5D5
330
1F
100
AcDbEntity
  8
0
  6
Continuous
 62
7
370
25
100
AcDbLine
 10
227.0058588765531
 20
182.9957313177791
 30
0.0
 11
228.4859282696326
 21
183.2041549567374
 31
0.0
  0
LINE
  5
5D6
330
1F
100
AcDbEntity
  8
0
  6
Continuous
 62
7
370
25
100
AcDbLine
 10
227.375540795246
 20
190.7557641659986
 30
0.0
 11
225.8073349826855
 21
190.5349291405452
 31
0.0
  0
LINE
  5
5D7
330
1F
100
AcDbEntity
  8
0
  6
Continuous
 62
7
370
25
100
AcDbLine
 10
225.7683865898437
 20
190.9153200127284
 30
0.0
 11
227.2731655340352
 21
191.1272232551324
 31
0.0
  0
ARC
  5
5D8
330
1F
100
AcDbEntity
  8
0
  6
Continuous
 62
7
370
25
100
AcDbCircle
 10
197.2998095190306
 20
182.6666376406232
 30
0.0
 40
31.14455939233449
100
AcDbArc
 50
15.05394687384895
 51
15.76279250550222
  0
LINE
  5
5D9
330
1F
100
AcDbEntity
  8
0
  6
Continuous
 62
7
370
25
100
AcDbLine
 10
227.8862571802623
 20
183.9253643079119
 30
0.0
 11
226.416515021557
 21
183.718394951961
 31
0.0
  0
SPLINE
  5
5DA
330
1F
100
AcDbEntity
  8
0
  6
Continuous
 62
7
370
25
100
AcDbSpline
 70
8
 71
3
 72
13
 73
9
 74
0
 42
1e-08
 40
0.0
 40
0.0
 40
0.0
 40
0.0
 40
0.1870497142498013
 40
0.5856084040210046
 40
0.7834247556693514
 40
0.8476137813613382
 40
0.9162425937746066
 40
1.0
 40
1.0
 40
1.0
 40
1.0
 10
228.4859282696326
 20
183.2041549567374
 30
0.0
 10
228.4463830192823
 20
183.2470897017402
 30
0.0
 10
228.3225761958551
 20
183.3815082310547
 30
0.0
 10
228.1547085360271
 20
183.5509574015429
 30
0.0
 10
228.0056009546259
 20
183.6489687621332
 30
0.0
 10
227.9386224503159
 20
183.7401480057298
 30
0.0
 10
227.9043323428666
 20
183.8227944888712
 30
0.0
 10
227.8926682309003
 20
183.888983982147
 30
0.0
 10
227.8862571802623
 20
183.9253643079119
 30
0.0
  0
LINE
  5
5DB
330
1F
100
AcDbEntity
  8
0
  6
Continuous
 62
7
370
25
100
AcDbLine
 10
227.0114517618876
 20
189.874808809121
 30
0.0
 11
225.5219443582614
 21
189.6650561078144
 31
0.0
  0
SPLINE
  5
5DC
330
1F
100
AcDbEntity
  8
0
  6
Continuous
 62
7
370
25
100
AcDbSpline
 70
8
 71
3
 72
13
 73
9
 74
0
 42
1e-08
 40
0.0
 40
0.0
 40
0.0
 40
0.0
 40
0.0837574062251312
 40
0.1523862186381646
 40
0.2165752443299187
 40
0.4143915959777318
 40
0.8129502857479028
 40
1.0
 40
1.0
 40
1.0
 40
1.0
 10
227.0114517618876
 20
189.874808809121
 30
0.0
 10
227.0071135768896
 20
189.9115327183134
 30
0.0
 10
226.9992207870172
 20
189.9783473190474
 30
0.0
 10
227.0081528197737
 20
190.0681579959472
 30
0.0
 10
227.0457681693864
 20
190.176673970947
 30
0.0
 10
227.1596431165727
 20
190.318275440238
 30
0.0
 10
227.2708768785638
 20
190.533986472231
 30
0.0
 10
227.3502031261724
 20
190.7020748909291
 30
0.0
 10
227.375540795246
 20
190.7557641659986
 30
0.0
  0
LINE
  5
5DD
330
1F
100
AcDbEntity
  8
0
  6
Continuous
 62
7
370
25
100
AcDbLine
 10
226.622496645528
 20
191.2860961800201
 30
0.0
 11
225.1301178182023
 21
191.0759391243102
 31
0.0
  0
SPLINE
  5
5DE
330
1F
100
AcDbEntity
  8
0
  6
Continuous
 62
7
370
25
100
AcDbSpline
 70
8
 71
3
 72
10
 73
6
 74
0
 42
1e-08
 40
0.0
 40
0.0
 40
0.0
 40
0.0
 40
0.2874296948447718
 40
0.8998743758643815
 40
1.0
 40
1.0
 40
1.0
 40
1.0
 10
227.2731655340352
 20
191.1272232551324
 30
0.0
 10
227.2313625452504
 20
191.1335409604538
 30
0.0
 10
227.1004872769092
 20
191.1533202012036
 30
0.0
 10
226.9567583931403
 20
191.1526721183932
 30
0.0
 10
226.8553532751384
 20
191.1450555098612
 30
0.0
 10
226.8411045046563
 20
191.1439852748577
 30
0.0
  0
SPLINE
  5
5DF
330
1F
100
AcDbEntity
  8
0
  6
Continuous
 62
7
370
25
100
AcDbSpline
 70
8
 71
3
 72
11
 73
7
 74
0
 42
1e-08
 40
0.0
 40
0.0
 40
0.0
 40
0.0
 40
0.2959474462337184
 40
0.5046160205293582
 40
0.7277176533629884
 40
1.0
 40
1.0
 40
1.0
 40
1.0
 10
226.8137869588041
 20
191.1420246281263
 30
0.0
 10
226.7940836513184
 20
191.1381731637633
 30
0.0
 10
226.7604878060383
 20
191.1316060835441
 30
0.0
 10
226.7093483153749
 20
191.1525992708838
 30
0.0
 10
226.6620006667524
 20
191.2018358763571
 30
0.0
 10
226.6365082639028
 20
191.2562100271052
 30
0.0
 10
226.622496645528
 20
191.2860961800201
 30
0.0
  0
LINE
  5
5E0
330
1F
100
AcDbEntity
  8
0
  6
Continuous
 62
7
370
25
100
AcDbLine
 10
226.9298052049069
 20
192.2590298798906
 30
0.0
 11
225.3652896009797
 21
192.0387145102848
 31
0.0
  0
LINE
  5
5E1
330
1F
100
AcDbEntity
  8
0
  6
Continuous
 62
7
370
25
100
AcDbLine
 10
225.3008264403201
 20
192.404048764098
 30
0.0
 11
226.8109792079294
 21
192.6167087492853
 31
0.0
  0
ARC
  5
5E2
330
1F
100
AcDbEntity
  8
0
  6
Continuous
 62
7
370
25
100
AcDbCircle
 10
199.2077358861404
 20
183.2479422667191
 30
0.0
 40
29.14983408677897
100
AcDbArc
 50
18.00680684551846
 51
18.74763245131815
  0
LINE
  5
5E3
330
1F
100
AcDbEntity
  8
0
  6
Continuous
 62
7
370
25
100
AcDbLine
 10
226.6196916224803
 20
191.2953422792302
 30
0.0
 11
225.1252760276965
 21
191.0848984055593
 31
0.0
  0
SPLINE
  5
5E4
330
1F
100
AcDbEntity
  8
0
  6
Continuous
 62
7
370
25
100
AcDbSpline
 70
8
 71
3
 72
13
 73
9
 74
0
 42
1e-08
 40
0.0
 40
0.0
 40
0.0
 40
0.0
 40
0.0837574062253985
 40
0.1523862186386468
 40
0.2165752443306442
 40
0.4143915959789367
 40
0.8129502857501499
 40
1.0
 40
1.0
 40
1.0
 40
1.0
 10
226.6196916224803
 20
191.2953422792302
 30
0.0
 10
226.6135844907075
 20
191.3318036062658
 30
0.0
 10
226.6024733214447
 20
191.3981404713131
 30
0.0
 10
226.6065975522217
 20
191.4910252468517
 30
0.0
 10
226.6377425209966
 20
191.6083566215234
 30
0.0
 10
226.7415771143695
 20
191.7737828085684
 30
0.0
 10
226.8390500483743
 20
192.0139512653941
 30
0.0
 10
226.9078346519615
 20
192.1996997780949
 30
0.0
 10
226.9298052049069
 20
192.2590298798906
 30
0.0
  0
LINE
  5
5E5
330
1F
100
AcDbEntity
  8
0
  6
Continuous
 62
7
370
25
100
AcDbLine
 10
226.1682350993439
 20
192.6542743554066
 30
0.0
 11
224.6706960040378
 21
192.4433906298287
 31
0.0
  0
SPLINE
  5
5E6
330
1F
100
AcDbEntity
  8
0
  6
Continuous
 62
7
370
25
100
AcDbSpline
 70
8
 71
3
 72
9
 73
5
 74
0
 42
1e-08
 40
0.0
 40
0.0
 40
0.0
 40
0.0
 40
0.6254710042398298
 40
1.0
 40
1.0
 40
1.0
 40
1.0
 10
226.8109792079294
 20
192.6167087492853
 30
0.0
 10
226.7697523935341
 20
192.6160931173788
 30
0.0
 10
226.7038391631591
 20
192.6151088480804
 30
0.0
 10
226.639597613149
 20
192.6017561349096
 30
0.0
 10
226.6155372899376
 20
192.596755156655
 30
0.0
  0
SPLINE
  5
5E7
330
1F
100
AcDbEntity
  8
0
  6
Continuous
 62
7
370
25
100
AcDbSpline
 70
8
 71
3
 72
9
 73
5
 74
0
 42
1e-08
 40
0.0
 40
0.0
 40
0.0
 40
0.0
 40
0.3720879107051268
 40
1.0
 40
1.0
 40
1.0
 40
1.0
 10
226.2483924696427
 20
192.5499283106229
 30
0.0
 10
226.2372610756895
 20
192.5581102198457
 30
0.0
 10
226.2073450433945
 20
192.580099403013
 30
0.0
 10
226.1833204389286
 20
192.625663873528
 30
0.0
 10
226.1682350993439
 20
192.6542743554066
 30
0.0
  0
LWPOLYLINE
  5
5E8
330
1F
100
AcDbEntity
  8
0
  6
Continuous
 62
7
370
25
100
AcDbPolyline
 90
9
 70
128
 10
227.3385737470638
 20
188.4050234050954
 10
227.3383333938482
 20
188.4062444593425
 10
227.3380929929139
 20
188.4074654959233
 10
227.3378525442628
 20
188.4086865148302
 10
227.3376120478961
 20
188.4099075160552
 10
227.3373715038156
 20
188.4111284995906
 10
227.3371309120226
 20
188.4123494654285
 10
227.3368902725189
 20
188.4135704135611
 10
227.3366495853059
 20
188.4147913439806
  0
LINE
  5
5E9
330
1F
100
AcDbEntity
  8
0
  6
Continuous
 62
7
370
25
100
AcDbLine
 10
226.4116198910779
 20
179.4433937956661
 30
0.0
 11
226.3071452746286
 21
179.428681661329
 31
0.0
  0
LWPOLYLINE
  5
5EA
330
1F
100
AcDbEntity
  8
0
  6
Continuous
 62
7
370
25
100
AcDbPolyline
 90
9
 70
128
 10
227.8862571802623
 20
183.9253643079119
 10
227.8861974262259
 20
183.9265975085487
 10
227.8861376209647
 20
183.9278307201894
 10
227.8860777644791
 20
183.9290639428257
 10
227.8860178567692
 20
183.9302971764501
 10
227.8859578978357
 20
183.9315304210546
 10
227.8858978876788
 20
183.9327636766312
 10
227.8858378262989
 20
183.9339969431722
 10
227.8857777136965
 20
183.9352302206695
  0
LINE
  5
5EB
330
1F
100
AcDbEntity
  8
0
  6
Continuous
 62
7
370
25
100
AcDbLine
 10
226.1650269259515
 20
192.6631286160403
 30
0.0
 11
224.66528274226
 21
192.4519343695181
 31
0.0
  0
LINE
  5
5EC
330
1F
100
AcDbEntity
  8
0
  6
Continuous
 62
7
370
25
100
AcDbLine
 10
226.4182696104839
 20
193.7005507690095
 30
0.0
 11
224.8556774458242
 21
193.4805062584685
 31
0.0
  0
SPLINE
  5
5ED
330
1F
100
AcDbEntity
  8
0
  6
Continuous
 62
7
370
25
100
AcDbSpline
 70
8
 71
3
 72
13
 73
9
 74
0
 42
1e-08
 40
0.0
 40
0.0
 40
0.0
 40
0.0
 40
0.0837574062254385
 40
0.15238621863873
 40
0.216575244330723
 40
0.4143915959790115
 40
0.812950285750129
 40
1.0
 40
1.0
 40
1.0
 40
1.0
 10
226.1650269259515
 20
192.6631286160403
 30
0.0
 10
226.1572078680477
 20
192.6989869313323
 30
0.0
 10
226.1429820613881
 20
192.7642266912575
 30
0.0
 10
226.1422599833544
 20
192.8593183253122
 30
0.0
 10
226.1666437791092
 20
192.9843696082237
 30
0.0
 10
226.2594685430474
 20
193.1720759732859
 30
0.0
 10
226.342270570544
 20
193.4344594667732
 30
0.0
 10
226.3998713067997
 20
193.6361337896615
 30
0.0
 10
226.4182696104839
 20
193.7005507690095
 30
0.0
  0
LWPOLYLINE
  5
5EE
330
1F
100
AcDbEntity
  8
0
  6
Continuous
 62
7
370
25
100
AcDbPolyline
 90
9
 70
128
 10
227.0138274448463
 20
189.8652571996713
 10
227.0135306442023
 20
189.8664512454466
 10
227.0132337979187
 20
189.8676452642103
 10
227.0129369059971
 20
189.8688392559548
 10
227.0126399684395
 20
189.8700332206723
 10
227.0123429852479
 20
189.8712271583554
 10
227.0120459564241
 20
189.8724210689962
 10
227.0117488819701
 20
189.8736149525873
 10
227.0114517618876
 20
189.874808809121
  0
LINE
  5
5EF
330
1F
100
AcDbEntity
  8
0
  6
Continuous
 62
7
370
25
100
AcDbLine
 10
224.768158580882
 20
193.8276343960196
 30
0.0
 11
226.2841023240564
 21
194.0411098674307
 31
0.0
  0
ARC
  5
5F0
330
1F
100
AcDbEntity
  8
0
  6
Continuous
 62
7
370
25
100
AcDbCircle
 10
201.5093551174858
 20
184.0840971184404
 30
0.0
 40
26.70075283644706
100
AcDbArc
 50
21.10981664600197
 51
21.89527781197317
  0
LINE
  5
5F1
330
1F
100
AcDbEntity
  8
0
  6
Continuous
 62
7
370
25
100
AcDbLine
 10
226.4337082173464
 20
179.4108343089736
 30
0.0
 11
226.3097017403192
 21
179.3933716945061
 31
0.0
  0
LINE
  5
5F2
330
1F
100
AcDbEntity
  8
0
  6
Continuous
 62
7
370
25
100
AcDbLine
 10
225.6552841239565
 20
193.9570174148427
 30
0.0
 11
224.7664439925085
 21
193.831850787173
 31
0.0
  0
LWPOLYLINE
  5
5F3
330
1F
100
AcDbEntity
  8
0
  6
Continuous
 62
7
370
25
100
AcDbPolyline
 90
9
 70
128
 10
226.622496645528
 20
191.2860961800201
 10
226.6221461686034
 20
191.2872520688399
 10
226.621795648544
 20
191.288407921555
 10
226.6214450853519
 20
191.2895637381578
 10
226.6210944790294
 20
191.2907195186411
 10
226.6207438295787
 20
191.2918752629973
 10
226.6203931370022
 20
191.2930309712192
 10
226.620042401302
 20
191.2941866432993
 10
226.6196916224803
 20
191.2953422792302
  0
LINE
  5
5F4
330
1F
100
AcDbEntity
  8
0
  6
Continuous
 62
7
370
25
100
AcDbLine
 10
228.2172779604775
 20
178.2501145331897
 30
0.0
 11
226.1326387384823
 21
177.9565552618504
 31
0.0
  0
LINE
  5
5F5
330
1F
100
AcDbEntity
  8
0
  6
Continuous
 62
7
370
25
100
AcDbLine
 10
226.803188954467
 20
178.3970439100357
 30
0.0
 11
228.2665380857856
 21
178.6031129987163
 31
0.0
  0
ARC
  5
5F6
330
1F
100
AcDbEntity
  8
0
  6
Continuous
 62
7
370
25
100
AcDbCircle
 10
203.8278399452038
 20
181.8335409065697
 30
0.0
 40
24.65128051997132
100
AcDbArc
 50
351.6416003936644
 51
352.4700149717468
  0
LINE
  5
5F7
330
1F
100
AcDbEntity
  8
0
  6
Continuous
 62
7
370
25
100
AcDbLine
 10
226.4394127349004
 20
179.4026391815821
 30
0.0
 11
226.3103466581672
 21
179.3844640733712
 31
0.0
  0
SPLINE
  5
5F8
330
1F
100
AcDbEntity
  8
0
  6
Continuous
 62
7
370
25
100
AcDbSpline
 70
8
 71
3
 72
9
 73
5
 74
0
 42
1e-08
 40
0.0
 40
0.0
 40
0.0
 40
0.0
 40
0.424170487384288
 40
1.0
 40
1.0
 40
1.0
 40
1.0
 10
228.2665380857856
 20
178.6031129987163
 30
0.0
 10
228.2330263395392
 20
178.6645441426479
 30
0.0
 10
228.1540209696629
 20
178.8093706823499
 30
0.0
 10
228.0696175052832
 20
178.941610321993
 30
0.0
 10
228.0210154995264
 20
179.0177578092372
 30
0.0
  0
LINE
  5
5F9
330
1F
100
AcDbEntity
  8
0
  6
Continuous
 62
7
370
25
100
AcDbLine
 10
225.6517027540703
 20
193.9653971670541
 30
0.0
 11
224.7630245591659
 21
193.8402533433177
 31
0.0
  0
LINE
  5
5FA
330
1F
100
AcDbEntity
  8
0
  6
Continuous
 62
7
370
25
100
AcDbLine
 10
225.8457100819953
 20
195.0668677412082
 30
0.0
 11
224.2837424347058
 21
194.8469111753158
 31
0.0
  0
SPLINE
  5
5FB
330
1F
100
AcDbEntity
  8
0
  6
Continuous
 62
7
370
25
100
AcDbSpline
 70
8
 71
3
 72
13
 73
9
 74
0
 42
1e-08
 40
0.0
 40
0.0
 40
0.0
 40
0.0
 40
0.0837574062253902
 40
0.1523862186386712
 40
0.2165752443306512
 40
0.4143915959789103
 40
0.8129502857501476
 40
1.0
 40
1.0
 40
1.0
 40
1.0
 10
225.6517027540702
 20
193.9653971670541
 30
0.0
 10
225.6422447744724
 20
194.0003176711741
 30
0.0
 10
225.6250371529398
 20
194.0638511999166
 30
0.0
 10
225.6194755079433
 20
194.1602618475212
 30
0.0
 10
225.6368704657468
 20
194.2918654685371
 30
0.0
 10
225.7178187204395
 20
194.500099447861
 30
0.0
 10
225.7851767412077
 20
194.7822481740264
 30
0.0
 10
225.8310558075768
 20
194.9979653282879
 30
0.0
 10
225.8457100819953
 20
195.0668677412082
 30
0.0
  0
LINE
  5
5FC
330
1F
100
AcDbEntity
  8
0
  6
Continuous
 62
7
370
25
100
AcDbLine
 10
224.1751271360399
 20
195.1727529897357
 30
0.0
 11
225.697454189922
 21
195.3871273601124
 31
0.0
  0
ARC
  5
5FD
330
1F
100
AcDbEntity
  8
0
  6
Continuous
 62
7
370
25
100
AcDbCircle
 10
204.0557023964504
 20
185.1741937224638
 30
0.0
 40
23.93051261835494
100
AcDbArc
 50
24.41807158252566
 51
25.26303813073716
  0
LWPOLYLINE
  5
5FE
330
1F
100
AcDbEntity
  8
0
  6
Continuous
 62
7
370
25
100
AcDbPolyline
 90
9
 70
128
 10
226.1682350993439
 20
192.6542743554066
 10
226.1678342184473
 20
192.6553812950485
 10
226.1674332973235
 20
192.6564881898295
 10
226.167032335975
 20
192.6575950397426
 10
226.1666313344043
 20
192.6587018447806
 10
226.1662302926141
 20
192.6598086049365
 10
226.1658292106068
 20
192.6609153202031
 10
226.1654280883851
 20
192.6620219905734
 10
226.1650269259515
 20
192.6631286160403
  0
LINE
  5
5FF
330
1F
100
AcDbEntity
  8
0
  6
Continuous
 62
7
370
25
100
AcDbLine
 10
225.2174724534909
 20
196.3452238630509
 30
0.0
 11
223.6551105541483
 21
196.1252117785134
 31
0.0
  0
SPLINE
  5
600
330
1F
100
AcDbEntity
  8
0
  6
Continuous
 62
7
370
25
100
AcDbSpline
 70
8
 71
3
 72
12
 73
8
 74
0
 42
1e-08
 40
0.0
 40
0.0
 40
0.0
 40
0.0
 40
0.0721007842749744
 40
0.1423697533590813
 40
0.3589231431085199
 40
0.7952330566460859
 40
0.9999999999999998
 40
0.9999999999999998
 40
0.9999999999999998
 40
0.9999999999999998
 10
225.0549487312814
 20
195.2966496255097
 30
0.0
 10
225.0507750743269
 20
195.3255244941527
 30
0.0
 10
225.0425337976587
 20
195.3825406274487
 30
0.0
 10
225.0539839506697
 20
195.5189219496569
 30
0.0
 10
225.1211907424956
 20
195.7452244604836
 30
0.0
 10
225.1730358000056
 20
196.0447639927915
 30
0.0
 10
225.2067149617361
 20
196.2724867344987
 30
0.0
 10
225.2174724534909
 20
196.3452238630509
 30
0.0
  0
LWPOLYLINE
  5
601
330
1F
100
AcDbEntity
  8
0
  6
Continuous
 62
7
370
25
100
AcDbPolyline
 90
9
 70
128
 10
225.6552841239565
 20
193.9570174148427
 10
225.6548365820049
 20
193.9580650701095
 10
225.6543890031093
 20
193.9591126721781
 10
225.6539413872723
 20
193.960160221042
 10
225.6534937344971
 20
193.9612077166943
 10
225.6530460447864
 20
193.9622551591283
 10
225.6525983181431
 20
193.9633025483374
 10
225.6521505545701
 20
193.9643498843149
 10
225.6517027540703
 20
193.9653971670541
  0
LINE
  5
602
330
1F
100
AcDbEntity
  8
0
  6
Continuous
 62
7
370
25
100
AcDbLine
 10
223.5269705231793
 20
196.4268034924479
 30
0.0
 11
225.0565121810906
 21
196.6421938246658
 31
0.0
  0
ARC
  5
603
330
1F
100
AcDbEntity
  8
0
  6
Continuous
 62
7
370
25
100
AcDbCircle
 10
206.6894164045237
 20
186.4949640957449
 30
0.0
 40
20.98371936614377
100
AcDbArc
 50
27.99690832896973
 51
28.91923861700699
  0
LINE
  5
604
330
1F
100
AcDbEntity
  8
0
  6
Continuous
 62
7
370
25
100
AcDbLine
 10
224.5394224104388
 20
197.5236834678623
 30
0.0
 11
222.9758164175973
 21
197.3034961898538
 31
0.0
  0
SPLINE
  5
605
330
1F
100
AcDbEntity
  8
0
  6
Continuous
 62
7
370
25
100
AcDbSpline
 70
8
 71
3
 72
11
 73
7
 74
0
 42
1e-08
 40
0.0
 40
0.0
 40
0.0
 40
0.0
 40
0.0409387830888051
 40
0.2831037000944745
 40
0.7710154992255323
 40
0.9999999999999998
 40
0.9999999999999998
 40
0.9999999999999998
 40
0.9999999999999998
 10
224.4212949828801
 20
196.5527424242117
 30
0.0
 10
224.4212237789084
 20
196.567044242409
 30
0.0
 10
224.4207313825465
 20
196.6659455126529
 30
0.0
 10
224.4796308853885
 20
196.8952900248655
 30
0.0
 10
224.5109671128597
 20
197.2102904771669
 30
0.0
 10
224.532533781231
 20
197.447815411899
 30
0.0
 10
224.5394224104388
 20
197.5236834678623
 30
0.0
  0
LINE
  5
606
330
1F
100
AcDbEntity
  8
0
  6
Continuous
 62
7
370
25
100
AcDbLine
 10
222.8293295546064
 20
197.5780193163365
 30
0.0
 11
224.3672606004066
 21
197.7945910436704
 31
0.0
  0
ARC
  5
607
330
1F
100
AcDbEntity
  8
0
  6
Continuous
 62
7
370
25
100
AcDbCircle
 10
209.2573642200525
 20
188.0020911327378
 30
0.0
 40
18.00561087913022
100
AcDbArc
 50
31.92525616859839
 51
32.94667449266903
  0
LINE
  5
608
330
1F
100
AcDbEntity
  8
0
  6
Continuous
 62
7
370
25
100
AcDbLine
 10
223.8178907234001
 20
198.5912435958312
 30
0.0
 11
222.2522882933699
 21
198.3707751791776
 31
0.0
  0
SPLINE
  5
609
330
1F
100
AcDbEntity
  8
0
  6
Continuous
 62
7
370
25
100
AcDbSpline
 70
8
 71
3
 72
10
 73
6
 74
0
 42
1e-08
 40
0.0
 40
0.0
 40
0.0
 40
0.0
 40
0.1812719953114535
 40
0.7384893415569822
 40
1.0
 40
1.0
 40
1.0
 40
1.0
 10
223.7583340387793
 20
197.7088418954032
 30
0.0
 10
223.7634853219991
 20
197.7611385908781
 30
0.0
 10
223.7844712870219
 20
197.974191644884
 30
0.0
 10
223.8073951256894
 20
198.2670496514776
 30
0.0
 10
223.8153498861187
 20
198.5127607801861
 30
0.0
 10
223.8178907234001
 20
198.5912435958312
 30
0.0
  0
LINE
  5
60A
330
1F
100
AcDbEntity
  8
0
  6
Continuous
 62
7
370
25
100
AcDbLine
 10
225.5650980004776
 20
174.0642524733981
 30
0.0
 11
225.2348886890642
 21
174.0177523385905
 31
0.0
  0
LINE
  5
60B
330
1F
100
AcDbEntity
  8
0
  6
Continuous
 62
7
370
25
100
AcDbLine
 10
222.0881178998205
 20
198.6155673750348
 30
0.0
 11
223.6361348041698
 21
198.8335593947892
 31
0.0
  0
ARC
  5
60C
330
1F
100
AcDbEntity
  8
0
  6
Continuous
 62
7
370
25
100
AcDbCircle
 10
211.6228054692422
 20
189.633293435357
 30
0.0
 40
15.13158866192573
100
AcDbArc
 50
36.29929646146743
 51
37.44627028672236
  0
LINE
  5
60D
330
1F
100
AcDbEntity
  8
0
  6
Continuous
 62
7
370
25
100
AcDbLine
 10
225.4673740893942
 20
173.241905227604
 30
0.0
 11
225.5666369370878
 21
173.2558834397242
 31
0.0
  0
LINE
  5
60E
330
1F
100
AcDbEntity
  8
0
  6
Continuous
 62
7
370
25
100
AcDbLine
 10
223.0596141393306
 20
199.5379367256844
 30
0.0
 11
221.4913104018548
 21
199.3170879104253
 31
0.0
  0
SPLINE
  5
60F
330
1F
100
AcDbEntity
  8
0
  6
Continuous
 62
7
370
25
100
AcDbSpline
 70
8
 71
3
 72
10
 73
6
 74
0
 42
1e-08
 40
0.0
 40
0.0
 40
0.0
 40
0.0
 40
0.053950247961529
 40
0.6978213861488618
 40
1.0
 40
1.0
 40
1.0
 40
1.0
 10
223.0516558450137
 20
198.7512529623127
 30
0.0
 10
223.0522475031354
 20
198.7651901338876
 30
0.0
 10
223.0599003259912
 20
198.9454609714629
 30
0.0
 10
223.0658733839089
 20
199.2068205272284
 30
0.0
 10
223.0611294148219
 20
199.4577781292228
 30
0.0
 10
223.0596141393306
 20
199.5379367256844
 30
0.0
  0
LINE
  5
610
330
1F
100
AcDbEntity
  8
0
  6
Continuous
 62
7
370
25
100
AcDbLine
 10
225.5671049203938
 20
173.0100622601026
 30
0.0
 11
224.7892374954185
 21
172.9005228289797
 31
0.0
  0
LINE
  5
611
330
1F
100
AcDbEntity
  8
0
  6
Continuous
 62
7
370
25
100
AcDbLine
 10
221.3093182702476
 20
199.5296283032279
 30
0.0
 11
222.8699611169485
 21
199.7493983104624
 31
0.0
  0
ARC
  5
612
330
1F
100
AcDbEntity
  8
0
  6
Continuous
 62
7
370
25
100
AcDbCircle
 10
213.6760857644787
 20
191.3129327215031
 30
0.0
 40
12.47803252241501
100
AcDbArc
 50
41.23574387630834
 51
42.54005240999745
  0
LINE
  5
613
330
1F
100
AcDbEntity
  8
0
  6
Continuous
 62
7
370
25
100
AcDbLine
 10
224.9652674351953
 20
172.2107448847138
 30
0.0
 11
225.5684649153851
 21
172.2956872626991
 31
0.0
  0
LINE
  5
614
330
1F
100
AcDbEntity
  8
0
  6
Continuous
 62
7
370
25
100
AcDbLine
 10
222.2716724823895
 20
200.3549238387304
 30
0.0
 11
220.6989359253936
 21
200.1334507930304
 31
0.0
  0
SPLINE
  5
615
330
1F
100
AcDbEntity
  8
0
  6
Continuous
 62
7
370
25
100
AcDbSpline
 70
8
 71
3
 72
9
 73
5
 74
0
 42
1e-08
 40
0.0
 40
0.0
 40
0.0
 40
0.0
 40
0.647027985003977
 40
1.0
 40
1.0
 40
1.0
 40
1.0
 10
222.3013875820434
 20
199.6693316826985
 30
0.0
 10
222.2982849427399
 20
199.8164832721491
 30
0.0
 10
222.2934897261876
 20
200.0439102039992
 30
0.0
 10
222.2773643048512
 20
200.2737846073749
 30
0.0
 10
222.2716724823895
 20
200.3549238387304
 30
0.0
  0
LINE
  5
616
330
1F
100
AcDbEntity
  8
0
  6
Continuous
 62
7
370
25
100
AcDbLine
 10
225.5688730746549
 20
172.0812903133238
 30
0.0
 11
224.2725733169354
 21
171.8987451475714
 31
0.0
  0
LINE
  5
617
330
1F
100
AcDbEntity
  8
0
  6
Continuous
 62
7
370
25
100
AcDbLine
 10
219.944484349408
 20
200.2334114852587
 30
0.0
 11
222.0758930960263
 21
200.5335568494936
 31
0.0
  0
ARC
  5
618
330
1F
100
AcDbEntity
  8
0
  6
Continuous
 62
7
370
25
100
AcDbCircle
 10
215.3429733224296
 20
192.9577646918421
 30
0.0
 40
10.13532611678688
100
AcDbArc
 50
46.87292228086002
 51
48.37118312698371
  0
LINE
  5
619
330
1F
100
AcDbEntity
  8
0
  6
Continuous
 62
7
370
25
100
AcDbLine
 10
224.3962759086275
 20
171.3022894065635
 30
0.0
 11
225.5700414301204
 21
171.4675792790634
 31
0.0
  0
LINE
  5
61A
330
1F
100
AcDbEntity
  8
0
  6
Continuous
 62
7
370
25
100
AcDbLine
 10
221.4614225515283
 20
201.0345769464307
 30
0.0
 11
219.8672457542472
 21
200.8100846822256
 31
0.0
  0
SPLINE
  5
61B
330
1F
100
AcDbEntity
  8
0
  6
Continuous
 62
7
370
25
100
AcDbSpline
 70
8
 71
3
 72
9
 73
5
 74
0
 42
1e-08
 40
0.0
 40
0.0
 40
0.0
 40
0.0
 40
0.5796472502064236
 40
1.0
 40
1.0
 40
1.0
 40
1.0
 10
221.5164310139908
 20
200.4547732981666
 30
0.0
 10
221.5083779333132
 20
200.5667243928326
 30
0.0
 10
221.4944848618377
 20
200.7598609851758
 30
0.0
 10
221.4712073272152
 20
200.9532748827409
 30
0.0
 10
221.4614225515282
 20
201.0345769464307
 30
0.0
  0
LINE
  5
61C
330
1F
100
AcDbEntity
  8
0
  6
Continuous
 62
7
370
25
100
AcDbLine
 10
225.5703859544809
 20
171.2866083264845
 30
0.0
 11
224.2634498861214
 21
171.1025653535489
 31
0.0
  0
LINE
  5
61D
330
1F
100
AcDbEntity
  8
0
  6
Continuous
 62
7
370
25
100
AcDbLine
 10
219.128653200736
 20
200.8783875274778
 30
0.0
 11
221.2613447405646
 21
201.1787135348841
 31
0.0
  0
ARC
  5
61E
330
1F
100
AcDbEntity
  8
0
  6
Continuous
 62
7
370
25
100
AcDbCircle
 10
216.589949942288
 20
194.4833581152279
 30
0.0
 40
8.163927581555592
100
AcDbArc
 50
53.36558494404197
 51
55.0962576895499
  0
LINE
  5
61F
330
1F
100
AcDbEntity
  8
0
  6
Continuous
 62
7
370
25
100
AcDbLine
 10
223.7689143822385
 20
170.5254717529645
 30
0.0
 11
225.1722356610167
 21
170.7230877086204
 31
0.0
  0
SPLINE
  5
620
330
1F
100
AcDbEntity
  8
0
  6
Continuous
 62
7
370
25
100
AcDbSpline
 70
8
 71
3
 72
9
 73
5
 74
0
 42
1e-08
 40
0.0
 40
0.0
 40
0.0
 40
0.0
 40
0.4886453089371321
 40
1.0
 40
1.0
 40
1.0
 40
1.0
 10
225.1722356610167
 20
170.7230877086204
 30
0.0
 10
225.1622044575508
 20
170.8043818039131
 30
0.0
 10
225.1416758588259
 20
170.9707480695986
 30
0.0
 10
225.113265229273
 20
171.1357937816623
 30
0.0
 10
225.0987373205751
 20
171.2201906807659
 30
0.0
  0
LINE
  5
621
330
1F
100
AcDbEntity
  8
0
  6
Continuous
 62
7
370
25
100
AcDbLine
 10
220.6364294320407
 20
201.570550310841
 30
0.0
 11
219.0096658745072
 21
201.3414691731743
 31
0.0
  0
SPLINE
  5
622
330
1F
100
AcDbEntity
  8
0
  6
Continuous
 62
7
370
25
100
AcDbSpline
 70
8
 71
3
 72
9
 73
5
 74
0
 42
1e-08
 40
0.0
 40
0.0
 40
0.0
 40
0.0
 40
0.4832226353878193
 40
0.9999999999999998
 40
0.9999999999999998
 40
0.9999999999999998
 40
0.9999999999999998
 10
220.7055996917274
 20
201.1004534168427
 30
0.0
 10
220.6962799393988
 20
201.1764726171924
 30
0.0
 10
220.6769932759725
 20
201.333789751744
 30
0.0
 10
220.6502498363101
 20
201.4898842219153
 30
0.0
 10
220.6364294320407
 20
201.570550310841
 30
0.0
  0
LINE
  5
623
330
1F
100
AcDbEntity
  8
0
  6
Continuous
 62
7
370
25
100
AcDbLine
 10
225.0104532730439
 20
170.5544111028777
 30
0.0
 11
223.6481271624555
 21
170.3625680942021
 31
0.0
  0
ARC
  5
624
330
1F
100
AcDbEntity
  8
0
  6
Continuous
 62
7
370
25
100
AcDbCircle
 10
220.0752098474298
 20
175.449862562661
 30
0.0
 40
6.951407962791543
100
AcDbArc
 50
315.2319163879982
 51
317.1584091588642
  0
LINE
  5
625
330
1F
100
AcDbEntity
  8
0
  6
Continuous
 62
7
370
25
100
AcDbLine
 10
218.2939306724469
 20
201.3774908505863
 30
0.0
 11
220.4339212690901
 21
201.6788447124899
 31
0.0
  0
ARC
  5
626
330
1F
100
AcDbEntity
  8
0
  6
Continuous
 62
7
370
25
100
AcDbCircle
 10
217.4260234815368
 20
195.8106515061084
 30
0.0
 40
6.594174748047699
100
AcDbArc
 50
60.86593130613354
 51
62.86139027195567
  0
LINE
  5
627
330
1F
100
AcDbEntity
  8
0
  6
Continuous
 62
7
370
25
100
AcDbLine
 10
223.0929886739992
 20
169.8881008631155
 30
0.0
 11
224.4909783791054
 21
170.0849660256053
 31
0.0
  0
SPLINE
  5
628
330
1F
100
AcDbEntity
  8
0
  6
Continuous
 62
7
370
25
100
AcDbSpline
 70
8
 71
3
 72
9
 73
5
 74
0
 42
1e-08
 40
0.0
 40
0.0
 40
0.0
 40
0.0
 40
0.6231747624570022
 40
1.0
 40
1.0
 40
1.0
 40
1.0
 10
224.4909783791054
 20
170.0849660256053
 30
0.0
 10
224.4851229611553
 20
170.1661591297421
 30
0.0
 10
224.4757268522258
 20
170.2964485911073
 30
0.0
 10
224.4600027187007
 20
170.4269034706939
 30
0.0
 10
224.45407746835
 20
170.4760621616827
 30
0.0
  0
LINE
  5
629
330
1F
100
AcDbEntity
  8
0
  6
Continuous
 62
7
370
25
100
AcDbLine
 10
219.8043958624031
 20
201.9578396930572
 30
0.0
 11
218.1200072027273
 21
201.7206437781143
 31
0.0
  0
SPLINE
  5
62A
330
1F
100
AcDbEntity
  8
0
  6
Continuous
 62
7
370
25
100
AcDbSpline
 70
8
 71
3
 72
9
 73
5
 74
0
 42
1e-08
 40
0.0
 40
0.0
 40
0.0
 40
0.0
 40
0.3301819726472517
 40
1.0
 40
1.0
 40
1.0
 40
1.0
 10
219.8766756752661
 20
201.6003732874327
 30
0.0
 10
219.8697428935286
 20
201.6400933642381
 30
0.0
 10
219.848746042362
 20
201.7603908974043
 30
0.0
 10
219.8221861542589
 20
201.8786365938925
 30
0.0
 10
219.8043958624031
 20
201.9578396930572
 30
0.0
  0
LINE
  5
62B
330
1F
100
AcDbEntity
  8
0
  6
Continuous
 62
7
370
25
100
AcDbLine
 10
224.3181021289425
 20
169.9512144445912
 30
0.0
 11
223.0030983237195
 21
169.7660353714951
 31
0.0
  0
ARC
  5
62C
330
1F
100
AcDbEntity
  8
0
  6
Continuous
 62
7
370
25
100
AcDbCircle
 10
220.925819272076
 20
174.5143977490926
 30
0.0
 40
5.685967362856592
100
AcDbArc
 50
306.6272127616258
 51
308.8298778462142
  0
LINE
  5
62D
330
1F
100
AcDbEntity
  8
0
  6
Continuous
 62
7
370
25
100
AcDbLine
 10
217.4458970964861
 20
201.7257497914344
 30
0.0
 11
219.6013481116191
 21
202.0292807922593
 31
0.0
  0
ARC
  5
62E
330
1F
100
AcDbEntity
  8
0
  6
Continuous
 62
7
370
25
100
AcDbCircle
 10
217.9009192138629
 20
196.8721040823658
 30
0.0
 40
5.430279003273491
100
AcDbArc
 50
69.48025360096703
 51
71.75153256554573
  0
LINE
  5
62F
330
1F
100
AcDbEntity
  8
0
  6
Continuous
 62
7
370
25
100
AcDbLine
 10
222.3749743634442
 20
169.3961508823863
 30
0.0
 11
223.7666917620754
 21
169.5921327775464
 31
0.0
  0
SPLINE
  5
630
330
1F
100
AcDbEntity
  8
0
  6
Continuous
 62
7
370
25
100
AcDbSpline
 70
8
 71
3
 72
9
 73
5
 74
0
 42
1e-08
 40
0.0
 40
0.0
 40
0.0
 40
0.0
 40
0.8632363398511463
 40
1.0
 40
1.0
 40
1.0
 40
1.0
 10
223.7666917620754
 20
169.5921327775464
 30
0.0
 10
223.7652140555178
 20
169.6723698193378
 30
0.0
 10
223.7635022339814
 20
169.7653189203978
 30
0.0
 10
223.7571583159924
 20
169.859253254288
 30
0.0
 10
223.7562906985486
 20
169.8721000576045
 30
0.0
  0
LINE
  5
631
330
1F
100
AcDbEntity
  8
0
  6
Continuous
 62
7
370
25
100
AcDbLine
 10
218.973090315874
 20
202.192829076478
 30
0.0
 11
216.6106929061177
 21
201.8601558470264
 31
0.0
  0
SPLINE
  5
632
330
1F
100
AcDbEntity
  8
0
  6
Continuous
 62
7
370
25
100
AcDbSpline
 70
8
 71
3
 72
9
 73
5
 74
0
 42
1e-08
 40
0.0
 40
0.0
 40
0.0
 40
0.0
 40
0.0423486711110593
 40
1.0
 40
1.0
 40
1.0
 40
1.0
 10
219.0373133494815
 20
201.9498533152954
 30
0.0
 10
219.036509612647
 20
201.9533439310339
 30
0.0
 10
219.0175305794567
 20
202.0357695573172
 30
0.0
 10
218.9948297731758
 20
202.115998103046
 30
0.0
 10
218.973090315874
 20
202.192829076478
 30
0.0
  0
LINE
  5
633
330
1F
100
AcDbEntity
  8
0
  6
Continuous
 62
7
370
25
100
AcDbLine
 10
223.5843357486915
 20
169.4945550237362
 30
0.0
 11
222.3596470649908
 21
169.3220941423468
 31
0.0
  0
ARC
  5
634
330
1F
100
AcDbEntity
  8
0
  6
Continuous
 62
7
370
25
100
AcDbCircle
 10
221.403295904827
 20
173.7897276570582
 30
0.0
 40
4.817202793173857
100
AcDbArc
 50
296.9209425035808
 51
299.3810651122677
  0
LINE
  5
635
330
1F
100
AcDbEntity
  8
0
  6
Continuous
 62
7
370
25
100
AcDbLine
 10
216.591121003382
 20
201.9197227371634
 30
0.0
 11
218.7713987793981
 21
202.2267498469349
 31
0.0
  0
ARC
  5
636
330
1F
100
AcDbEntity
  8
0
  6
Continuous
 62
7
370
25
100
AcDbCircle
 10
218.0998111609941
 20
197.616931620366
 30
0.0
 40
4.65848194277921
100
AcDbArc
 50
79.19540870135044
 51
81.71110102765863
  0
LINE
  5
637
330
1F
100
AcDbEntity
  8
0
  6
Continuous
 62
7
370
25
100
AcDbLine
 10
221.6217979949332
 20
169.0542463671496
 30
0.0
 11
223.0061382789219
 21
169.2491894156948
 31
0.0
  0
LINE
  5
638
330
1F
100
AcDbEntity
  8
0
  6
Continuous
 62
7
370
25
100
AcDbLine
 10
223.0061382789219
 20
169.2491894156948
 30
0.0
 11
223.0091397138305
 21
169.4135558143337
 31
0.0
  0
LINE
  5
639
330
1F
100
AcDbEntity
  8
0
  6
Continuous
 62
7
370
25
100
AcDbLine
 10
218.1502744683592
 20
202.273324428541
 30
0.0
 11
215.5777573471707
 21
201.9110621034172
 31
0.0
  0
LINE
  5
63A
330
1F
100
AcDbEntity
  8
0
  6
Continuous
 62
7
370
25
100
AcDbLine
 10
218.1915246676488
 20
202.1450918699009
 30
0.0
 11
218.1502744683592
 21
202.273324428541
 31
0.0
  0
LINE
  5
63B
330
1F
100
AcDbEntity
  8
0
  6
Continuous
 62
7
370
25
100
AcDbLine
 10
222.8160051112805
 20
169.1886965462845
 30
0.0
 11
221.6213880401134
 21
169.0204703547975
 31
0.0
  0
ARC
  5
63C
330
1F
100
AcDbEntity
  8
0
  6
Continuous
 62
7
370
25
100
AcDbCircle
 10
221.6000799088678
 20
173.3394785663926
 30
0.0
 40
4.32521276659486
100
AcDbArc
 50
286.3273564280688
 51
288.970676829058
  0
LINE
  5
63D
330
1F
100
AcDbEntity
  8
0
  6
Continuous
 62
7
370
25
100
AcDbLine
 10
215.379305164536
 20
201.9071458360346
 30
0.0
 11
217.9518222857244
 21
202.2694081611584
 31
0.0
  0
ARC
  5
63E
330
1F
100
AcDbEntity
  8
0
  6
Continuous
 62
7
370
25
100
AcDbCircle
 10
218.1350438851961
 20
198.0149940157845
 30
0.0
 40
4.258357649947996
100
AcDbArc
 50
89.79507357835021
 51
92.46598970212968
  0
LINE
  5
63F
330
1F
100
AcDbEntity
  8
0
  6
Continuous
 62
7
370
25
100
AcDbLine
 10
221.6208418336453
 20
168.9754686240289
 30
0.0
 11
222.2164190125971
 21
169.0593379098191
 31
0.0
  0
LINE
  5
640
330
1F
100
AcDbEntity
  8
0
  6
Continuous
 62
7
370
25
100
AcDbLine
 10
222.2164190125971
 20
169.0593379098191
 30
0.0
 11
222.2196700393377
 21
169.1047205338664
 31
0.0
  0
LINE
  5
641
330
1F
100
AcDbEntity
  8
0
  6
Continuous
 62
7
370
25
100
AcDbLine
 10
217.3436307297311
 20
202.1985741858325
 30
0.0
 11
214.7711136085426
 21
201.8363118607087
 31
0.0
  0
LWPOLYLINE
  5
642
330
1F
100
AcDbEntity
  8
0
  6
Continuous
 62
7
370
25
100
AcDbPolyline
 90
8
 70
128
 10
197.1173371319515
 20
184.1456989781918
 10
196.802458759592
 20
184.5684824868759
 10
196.4572697272633
 20
184.8389331115273
 10
196.1052940970668
 20
184.938620089017
 10
195.7705184265333
 20
184.8607499165696
 10
195.4757571243665
 20
184.6106293177507
 10
195.2410976861931
 20
184.205303598026
 10
195.1367212899814
 20
183.9012862387454
  0
ARC
  5
643
330
1F
100
AcDbEntity
  8
0
  6
Continuous
 62
7
370
25
100
AcDbCircle
 10
198.6578229938341
 20
184.6022379682408
 30
0.0
 40
0.6988524144514227
100
AcDbArc
 50
72.42759445409715
 51
97.70220581324183
  0
LINE
  5
644
330
1F
100
AcDbEntity
  8
0
  6
Continuous
 62
7
370
25
100
AcDbLine
 10
198.8688140753377
 20
185.2684792614
 30
0.0
 11
199.0349390338898
 21
185.2918730080346
 31
0.0
  0
ARC
  5
645
330
1F
100
AcDbEntity
  8
0
  6
Continuous
 62
7
370
25
100
AcDbCircle
 10
198.3160309682722
 20
183.9123964814831
 30
0.0
 40
1.471496484687819
100
AcDbArc
 50
36.24393846501723
 51
63.46648544676217
  0
LINE
  5
646
330
1F
100
AcDbEntity
  8
0
  6
Continuous
 62
7
370
25
100
AcDbLine
 10
199.5028034141074
 20
184.7823810021816
 30
0.0
 11
199.7953190831563
 21
184.8235731114709
 31
0.0
  0
LINE
  5
647
330
1F
100
AcDbEntity
  8
0
  6
Continuous
 62
7
370
25
100
AcDbLine
 10
199.5957194999047
 20
184.6553962721003
 30
0.0
 11
199.6595274283601
 21
184.6643817160972
 31
0.0
  0
ARC
  5
648
330
1F
100
AcDbEntity
  8
0
  6
Continuous
 62
7
370
25
100
AcDbCircle
 10
196.9763156719962
 20
182.8829067720018
 30
0.0
 40
3.162751245612197
100
AcDbArc
 50
24.8217394788536
 51
34.08529576700455
  0
LINE
  5
649
330
1F
100
AcDbEntity
  8
0
  6
Continuous
 62
7
370
25
100
AcDbLine
 10
200.6366036543392
 20
183.9070435707531
 30
0.0
 11
204.2931450198672
 21
184.4219583855379
 31
0.0
  0
ARC
  5
64A
330
1F
100
AcDbEntity
  8
0
  6
Continuous
 62
7
370
25
100
AcDbCircle
 10
199.9311827350446
 20
182.9076890197328
 30
0.0
 40
4.617328955839143
100
AcDbArc
 50
16.7275555952235
 51
19.14461053988393
  0
LINE
  5
64B
330
1F
100
AcDbEntity
  8
0
  6
Continuous
 62
7
370
25
100
AcDbLine
 10
201.0054915050384
 20
183.7652394505549
 30
0.0
 11
204.353125639599
 21
184.2366538933436
 31
0.0
  0
LINE
  5
64C
330
1F
100
AcDbEntity
  8
0
  6
Continuous
 62
7
370
25
100
AcDbLine
 10
201.2326675743119
 20
182.733465266359
 30
0.0
 11
204.5495934071039
 21
183.2005553605523
 31
0.0
  0
ARC
  5
64D
330
1F
100
AcDbEntity
  8
0
  6
Continuous
 62
7
370
25
100
AcDbCircle
 10
199.4471398530943
 20
182.7620850222247
 30
0.0
 40
5.121258488732799
100
AcDbArc
 50
2.655791105085613
 51
4.911545575039554
  0
LINE
  5
64E
330
1F
100
AcDbEntity
  8
0
  6
Continuous
 62
7
370
25
100
AcDbLine
 10
201.2330540219706
 20
182.5304729414268
 30
0.0
 11
204.5628977236345
 21
182.9993821322452
 31
0.0
  0
LINE
  5
64F
330
1F
100
AcDbEntity
  8
0
  6
Continuous
 62
7
370
25
100
AcDbLine
 10
201.2352517582964
 20
181.3760511294941
 30
0.0
 11
204.4645080309004
 21
181.8307955804051
 31
0.0
  0
LINE
  5
650
330
1F
100
AcDbEntity
  8
0
  6
Continuous
 62
7
370
25
100
AcDbLine
 10
201.2311402859632
 20
183.5357157284375
 30
0.0
 11
204.5068972347249
 21
183.9970084129544
 31
0.0
  0
LINE
  5
651
330
1F
100
AcDbEntity
  8
0
  6
Continuous
 62
7
370
25
100
AcDbLine
 10
204.5376932482676
 20
183.6848388651491
 30
0.0
 11
201.2317426748306
 21
183.2192943089582
 31
0.0
  0
LINE
  5
652
330
1F
100
AcDbEntity
  8
0
  6
Continuous
 62
7
370
25
100
AcDbLine
 10
201.2345710960697
 20
181.7335877965816
 30
0.0
 11
204.8014979781848
 21
182.2358830836444
 31
0.0
  0
LINE
  5
653
330
1F
100
AcDbEntity
  8
0
  6
Continuous
 62
7
370
25
100
AcDbLine
 10
204.8777632831618
 20
181.9523901634491
 30
0.0
 11
201.2351310927598
 21
181.4394340412151
 31
0.0
  0
SPLINE
  5
654
330
1F
100
AcDbEntity
  8
0
  6
Continuous
 62
7
370
25
100
AcDbSpline
 70
8
 71
3
 72
11
 73
7
 74
0
 42
1e-08
 40
0.0
 40
0.0
 40
0.0
 40
0.0
 40
0.3458036824890687
 40
0.6264244706394047
 40
0.8924171469777132
 40
1.0
 40
1.0
 40
1.0
 40
1.0
 10
204.5628977236345
 20
182.9993821322452
 30
0.0
 10
204.5752204284998
 20
182.9614720810741
 30
0.0
 10
204.5975430475552
 20
182.8927979028068
 30
0.0
 10
204.6470488961944
 20
182.8224142721387
 30
0.0
 10
204.6868790330467
 20
182.7948808461714
 30
0.0
 10
204.7096594919674
 20
182.7828014081858
 30
0.0
 10
204.7162198434123
 20
182.7793227531368
 30
0.0
  0
ARC
  5
655
330
1F
100
AcDbEntity
  8
0
  6
Continuous
 62
7
370
25
100
AcDbCircle
 10
195.5974967473937
 20
182.6887987075109
 30
0.0
 40
5.124910665410792
100
AcDbArc
 50
24.53579358593009
 51
27.63691763517561
  0
SPLINE
  5
656
330
1F
100
AcDbEntity
  8
0
  6
Continuous
 62
7
370
25
100
AcDbSpline
 70
8
 71
3
 72
10
 73
6
 74
0
 42
1e-08
 40
0.0
 40
0.0
 40
0.0
 40
0.0
 40
0.0967508670485159
 40
0.7464857171666031
 40
1.0
 40
1.0
 40
1.0
 40
1.0
 10
200.2596383722947
 20
184.8169774588867
 30
0.0
 10
200.2573546688934
 20
184.7905240269037
 30
0.0
 10
200.239734651386
 20
184.5864213687289
 30
0.0
 10
200.1983496957985
 20
184.3070975386162
 30
0.0
 10
200.0989774944545
 20
184.164466091791
 30
0.0
 10
200.0710867703582
 20
184.1244338264587
 30
0.0
  0
SPLINE
  5
657
330
1F
100
AcDbEntity
  8
0
  6
Continuous
 62
7
370
25
100
AcDbSpline
 70
8
 71
3
 72
13
 73
9
 74
0
 42
1e-08
 40
0.0
 40
0.0
 40
0.0
 40
0.0
 40
0.097264918228735
 40
0.1761957087172795
 40
0.2510120198892391
 40
0.4787775653303933
 40
0.9324451609458076
 40
1.0
 40
1.0
 40
1.0
 40
1.0
 10
199.5957194999047
 20
184.6553962721003
 30
0.0
 10
199.6171248885866
 20
184.6473912434504
 30
0.0
 10
199.6559008182626
 20
184.6328901085915
 30
0.0
 10
199.7063301152038
 20
184.6611110343135
 30
0.0
 10
199.7635451814036
 20
184.7533521766392
 30
0.0
 10
199.8537340232663
 20
184.9839879859102
 30
0.0
 10
200.015384150252
 20
185.044673559584
 30
0.0
 10
200.1236481706524
 20
185.0636197956672
 30
0.0
 10
200.137680104021
 20
185.0660753882206
 30
0.0
  0
SPLINE
  5
658
330
1F
100
AcDbEntity
  8
0
  6
Continuous
 62
7
370
25
100
AcDbSpline
 70
8
 71
3
 72
13
 73
9
 74
0
 42
1e-08
 40
0.0
 40
0.0
 40
0.0
 40
0.0
 40
0.0972649182288884
 40
0.1761957087174952
 40
0.2510120198894048
 40
0.4787775653305883
 40
0.9324451609458686
 40
1.0
 40
1.0
 40
1.0
 40
1.0
 10
204.2931450198672
 20
184.4219583855379
 30
0.0
 10
204.2904719460834
 20
184.46313325446
 30
0.0
 10
204.2856296644222
 20
184.5377216604669
 30
0.0
 10
204.304025265075
 20
184.6313709292393
 30
0.0
 10
204.3564825616922
 20
184.733329744405
 30
0.0
 10
204.4838767045912
 20
184.8879742856828
 30
0.0
 10
204.5272261407662
 20
185.1902872417128
 30
0.0
 10
204.5448789536495
 20
185.3943055068311
 30
0.0
 10
204.5471669076089
 20
185.4207480007596
 30
0.0
  0
LINE
  5
659
330
1F
100
AcDbEntity
  8
0
  6
Continuous
 62
7
370
25
100
AcDbLine
 10
204.4838325746453
 20
185.4118292485653
 30
0.0
 11
200.2596383722947
 21
184.8169774588867
 31
0.0
  0
LINE
  5
65A
330
1F
100
AcDbEntity
  8
0
  6
Continuous
 62
7
370
25
100
AcDbLine
 10
200.137680104021
 20
185.0660753882206
 30
0.0
 11
204.4252086393352
 21
185.6698459300936
 31
0.0
  0
ARC
  5
65B
330
1F
100
AcDbEntity
  8
0
  6
Continuous
 62
7
370
25
100
AcDbCircle
 10
199.9985635622561
 20
183.3500513769719
 30
0.0
 40
4.997662794459193
100
AcDbArc
 50
25.96871266589286
 51
27.65689980646454
  0
SPLINE
  5
65C
330
1F
100
AcDbEntity
  8
0
  6
Continuous
 62
7
370
25
100
AcDbSpline
 70
8
 71
3
 72
13
 73
9
 74
0
 42
1e-08
 40
0.0
 40
0.0
 40
0.0
 40
0.0
 40
0.0972649182288021
 40
0.1761957087174121
 40
0.2510120198893326
 40
0.4787775653306228
 40
0.9324451609459229
 40
1.0
 40
1.0
 40
1.0
 40
1.0
 10
204.4645080309004
 20
181.8307955804051
 30
0.0
 10
204.4672820380548
 20
181.789605687885
 30
0.0
 10
204.4723071608375
 20
181.7149900665827
 30
0.0
 10
204.5035784034055
 20
181.6139480526705
 30
0.0
 10
204.5706986075233
 20
181.4941905225051
 30
0.0
 10
204.7212835237932
 20
181.2981697188071
 30
0.0
 10
204.8058785242855
 20
180.9768126570716
 30
0.0
 10
204.8511355455572
 20
180.7634304714674
 30
0.0
 10
204.8570012385603
 20
180.7357743341896
 30
0.0
  0
LINE
  5
65D
330
1F
100
AcDbEntity
  8
0
  6
Continuous
 62
7
370
25
100
AcDbLine
 10
201.237441045953
 20
180.2260672148475
 30
0.0
 11
204.8570012385603
 21
180.7357743341896
 31
0.0
  0
ARC
  5
65E
330
1F
100
AcDbEntity
  8
0
  6
Continuous
 62
7
370
25
100
AcDbCircle
 10
201.9121029074855
 20
181.8422328044851
 30
0.0
 40
3.145898365627205
100
AcDbArc
 50
335.1139284036309
 51
339.4077747233529
  0
LINE
  5
65F
330
1F
100
AcDbEntity
  8
0
  6
Continuous
 62
7
370
25
100
AcDbLine
 10
204.7658930953193
 20
180.5183906346328
 30
0.0
 11
200.4783645600051
 21
179.9146200927601
 31
0.0
  0
SPLINE
  5
660
330
1F
100
AcDbEntity
  8
0
  6
Continuous
 62
7
370
25
100
AcDbSpline
 70
8
 71
3
 72
12
 73
8
 74
0
 42
1e-08
 40
0.0
 40
0.0
 40
0.0
 40
0.0
 40
0.0249592210394964
 40
0.1135105372876832
 40
0.3830899716234815
 40
0.9200432389209648
 40
1.0
 40
1.0
 40
1.0
 40
1.0
 10
203.7525646617908
 20
185.5751240838214
 30
0.0
 10
203.7516821739588
 20
185.5840201500503
 30
0.0
 10
203.7476687607271
 20
185.624478033563
 30
0.0
 10
203.766492889908
 20
185.7494068275276
 30
0.0
 10
203.8240192775976
 20
186.0186136667146
 30
0.0
 10
203.7861810458786
 20
186.3547404264876
 30
0.0
 10
203.749860637026
 20
186.5711962233309
 30
0.0
 10
203.7451532046302
 20
186.5992507266399
 30
0.0
  0
SPLINE
  5
661
330
1F
100
AcDbEntity
  8
0
  6
Continuous
 62
7
370
25
100
AcDbSpline
 70
8
 71
3
 72
13
 73
9
 74
0
 42
1e-08
 40
0.0
 40
0.0
 40
0.0
 40
0.0
 40
0.0675548390542204
 40
0.5212224346695259
 40
0.7489879801107079
 40
0.8238042912825958
 40
0.9027350817711917
 40
1.0
 40
1.0
 40
1.0
 40
1.0
 10
199.457624669316
 20
185.995480184767
 30
0.0
 10
199.462322712037
 20
185.9674270765868
 30
0.0
 10
199.4985706744259
 20
185.7509820439224
 30
0.0
 10
199.5387144676658
 20
185.4145127211593
 30
0.0
 10
199.4762069169469
 20
185.146045988921
 30
0.0
 10
199.4598835385047
 20
184.997919798405
 30
0.0
 10
199.4683990007572
 20
184.8891414076142
 30
0.0
 10
199.4905663967035
 20
184.8203537159153
 30
0.0
 10
199.5028034141074
 20
184.7823810021816
 30
0.0
  0
LINE
  5
662
330
1F
100
AcDbEntity
  8
0
  6
Continuous
 62
7
370
25
100
AcDbLine
 10
203.7451532046303
 20
186.5992507266399
 30
0.0
 11
199.457624669316
 21
185.995480184767
 31
0.0
  0
ARC
  5
663
330
1F
100
AcDbEntity
  8
0
  6
Continuous
 62
7
370
25
100
AcDbCircle
 10
198.0248318817779
 20
184.4564922369764
 30
0.0
 40
2.102707558236748
100
AcDbArc
 50
47.04656639137841
 51
52.66385752041202
  0
SPLINE
  5
664
330
1F
100
AcDbEntity
  8
0
  6
Continuous
 62
7
370
25
100
AcDbSpline
 70
8
 71
3
 72
13
 73
9
 74
0
 42
1e-08
 40
0.0
 40
0.0
 40
0.0
 40
0.0
 40
0.0972649182287723
 40
0.176195708717359
 40
0.2510120198892758
 40
0.4787775653305358
 40
0.9324451609458122
 40
1.0
 40
1.0
 40
1.0
 40
1.0
 10
198.9733796717045
 20
185.2289049647617
 30
0.0
 10
198.9922424432411
 20
185.2406476478396
 30
0.0
 10
199.0264124138716
 20
185.2619195555823
 30
0.0
 10
199.0592717360342
 20
185.3358018296934
 30
0.0
 10
199.0817402589205
 20
185.4787451127802
 30
0.0
 10
199.0961933704762
 20
185.7877416831728
 30
0.0
 10
199.2088469795194
 20
185.9953393742448
 30
0.0
 10
199.2896326289502
 20
186.1130764950435
 30
0.0
 10
199.3001031328698
 20
186.1283362224022
 30
0.0
  0
LINE
  5
665
330
1F
100
AcDbEntity
  8
0
  6
Continuous
 62
7
370
25
100
AcDbLine
 10
199.3001031328698
 20
186.1283362224022
 30
0.0
 11
203.5876316681841
 21
186.7321067642751
 31
0.0
  0
ARC
  5
666
330
1F
100
AcDbEntity
  8
0
  6
Continuous
 62
7
370
25
100
AcDbCircle
 10
202.3123604170776
 20
185.0602627788316
 30
0.0
 40
2.10270755825962
100
AcDbArc
 50
47.0465663914153
 51
52.66385752038672
  0
SPLINE
  5
667
330
1F
100
AcDbEntity
  8
0
  6
Continuous
 62
7
370
25
100
AcDbSpline
 70
8
 71
3
 72
10
 73
6
 74
0
 42
1e-08
 40
0.0
 40
0.0
 40
0.0
 40
0.0
 40
0.0243742047843541
 40
0.873550639441296
 40
1.0
 40
1.0
 40
1.0
 40
1.0
 10
199.870417517067
 20
179.8381100567655
 30
0.0
 10
199.8718455626962
 20
179.8329261415243
 30
0.0
 10
199.9230254958895
 20
179.6471390558005
 30
0.0
 10
199.9176281766129
 20
179.4081023568793
 30
0.0
 10
199.9099362883597
 20
179.1983783572224
 30
0.0
 10
199.9089393545395
 20
179.1711963518055
 30
0.0
  0
LINE
  5
668
330
1F
100
AcDbEntity
  8
0
  6
Continuous
 62
7
370
25
100
AcDbLine
 10
199.9089393545395
 20
179.1711963518055
 30
0.0
 11
204.1964678898538
 21
179.7749668936784
 31
0.0
  0
SPLINE
  5
669
330
1F
100
AcDbEntity
  8
0
  6
Continuous
 62
7
370
25
100
AcDbSpline
 70
8
 71
3
 72
10
 73
6
 74
0
 42
1e-08
 40
0.0
 40
0.0
 40
0.0
 40
0.0
 40
0.0108008660242556
 40
0.8717914198559416
 40
1.0
 40
1.0
 40
1.0
 40
1.0
 10
204.1603333242612
 20
180.433115598421
 30
0.0
 10
204.1609539340553
 20
180.4308485394186
 30
0.0
 10
204.2110464259254
 20
180.2478629730588
 30
0.0
 10
204.2051266128502
 20
180.0118605006614
 30
0.0
 10
204.1974613701808
 20
179.8021474765692
 30
0.0
 10
204.1964678898538
 20
179.7749668936784
 30
0.0
  0
ARC
  5
66A
330
1F
100
AcDbEntity
  8
0
  6
Continuous
 62
7
370
25
100
AcDbCircle
 10
199.2414640788937
 20
180.0935097851
 30
0.0
 40
1.138501345117355
100
AcDbArc
 50
297.4357640291772
 51
305.8931388931585
  0
SPLINE
  5
66B
330
1F
100
AcDbEntity
  8
0
  6
Continuous
 62
7
370
25
100
AcDbSpline
 70
8
 71
3
 72
9
 73
5
 74
0
 42
1e-08
 40
0.0
 40
0.0
 40
0.0
 40
0.0
 40
0.51933897156367
 40
1.0
 40
1.0
 40
1.0
 40
1.0
 10
199.7660329791037
 20
179.0830580139766
 30
0.0
 10
199.75288200198
 20
179.1009541118294
 30
0.0
 10
199.7275594711402
 20
179.135413489678
 30
0.0
 10
199.706992109754
 20
179.1805915967333
 30
0.0
 10
199.6971061806778
 20
179.2023069521333
 30
0.0
  0
SPLINE
  5
66C
330
1F
100
AcDbEntity
  8
0
  6
Continuous
 62
7
370
25
100
AcDbSpline
 70
8
 71
3
 72
13
 73
9
 74
0
 42
1e-08
 40
0.0
 40
0.0
 40
0.0
 40
0.0
 40
0.0675548390541847
 40
0.5212224346695054
 40
0.7489879801107142
 40
0.8238042912826236
 40
0.9027350817712159
 40
1.0
 40
1.0
 40
1.0
 40
1.0
 10
198.534784603982
 20
186.4179816080487
 30
0.0
 10
198.5453923784136
 20
186.3947445146244
 30
0.0
 10
198.6272371447262
 20
186.215457662952
 30
0.0
 10
198.7416777081352
 20
185.9219130404059
 30
0.0
 10
198.7583764761687
 20
185.6011266101882
 30
0.0
 10
198.7819265051843
 20
185.4407669694549
 30
0.0
 10
198.8154022405626
 20
185.3417792750543
 30
0.0
 10
198.8498164675289
 20
185.2945507288499
 30
0.0
 10
198.8688140753377
 20
185.2684792614
 30
0.0
  0
LINE
  5
66D
330
1F
100
AcDbEntity
  8
0
  6
Continuous
 62
7
370
25
100
AcDbLine
 10
202.8223131392962
 20
187.0217521499217
 30
0.0
 11
198.534784603982
 21
186.4179816080487
 31
0.0
  0
SPLINE
  5
66E
330
1F
100
AcDbEntity
  8
0
  6
Continuous
 62
7
370
25
100
AcDbSpline
 70
8
 71
3
 72
9
 73
5
 74
0
 42
1e-08
 40
0.0
 40
0.0
 40
0.0
 40
0.0
 40
0.7981695943110113
 40
1.0
 40
1.0
 40
1.0
 40
1.0
 10
202.9542938681558
 20
186.6429200210121
 30
0.0
 10
202.9242891764275
 20
186.7499916992251
 30
0.0
 10
202.8866973012894
 20
186.8841382251966
 30
0.0
 10
202.8331255479967
 20
186.9986418390789
 30
0.0
 10
202.8223131392962
 20
187.0217521499217
 30
0.0
  0
ARC
  5
66F
330
1F
100
AcDbEntity
  8
0
  6
Continuous
 62
7
370
25
100
AcDbCircle
 10
198.5386232758953
 20
185.4757984790522
 30
0.0
 40
0.9421909487825745
100
AcDbArc
 50
90.23343496169402
 51
99.82884169530342
  0
SPLINE
  5
670
330
1F
100
AcDbEntity
  8
0
  6
Continuous
 62
7
370
25
100
AcDbSpline
 70
8
 71
3
 72
13
 73
9
 74
0
 42
1e-08
 40
0.0
 40
0.0
 40
0.0
 40
0.0
 40
0.0972649182287186
 40
0.1761957087173128
 40
0.2510120198892175
 40
0.4787775653305531
 40
0.9324451609459083
 40
1.0
 40
1.0
 40
1.0
 40
1.0
 10
198.3411481743167
 20
185.2220254994951
 30
0.0
 10
198.3531470950701
 20
185.2508257871224
 30
0.0
 10
198.3748831781767
 20
185.3029975997572
 30
0.0
 10
198.3826448508507
 20
185.4056156836364
 30
0.0
 10
198.3652195626052
 20
185.5665145239823
 30
0.0
 10
198.3006259101759
 20
185.8830844650318
 30
0.0
 10
198.3384754170673
 20
186.1900361443014
 30
0.0
 10
198.3732756768169
 20
186.3795919943263
 30
0.0
 10
198.3777860850228
 20
186.4041600368518
 30
0.0
  0
LINE
  5
671
330
1F
100
AcDbEntity
  8
0
  6
Continuous
 62
7
370
25
100
AcDbLine
 10
204.0535615144179
 20
179.6868285558495
 30
0.0
 11
199.7660329791037
 21
179.0830580139766
 31
0.0
  0
ARC
  5
672
330
1F
100
AcDbEntity
  8
0
  6
Continuous
 62
7
370
25
100
AcDbCircle
 10
203.5289926142032
 20
180.6972803269805
 30
0.0
 40
1.138501345126239
100
AcDbArc
 50
297.4357640292107
 51
305.8931388931298
  0
ARC
  5
673
330
1F
100
AcDbEntity
  8
0
  6
Continuous
 62
7
370
25
100
AcDbCircle
 10
202.8261518112101
 20
186.0795690209171
 30
0.0
 40
0.9421909487905917
100
AcDbArc
 50
90.23343496172834
 51
99.8288416952523
  0
LINE
  5
674
330
1F
100
AcDbEntity
  8
0
  6
Continuous
 62
7
370
25
100
AcDbLine
 10
199.697277087919
 20
179.1125331950354
 30
0.0
 11
199.7419079341335
 21
179.1188181188514
 31
0.0
  0
SPLINE
  5
675
330
1F
100
AcDbEntity
  8
0
  6
Continuous
 62
7
370
25
100
AcDbSpline
 70
8
 71
3
 72
12
 73
8
 74
0
 42
1e-08
 40
0.0
 40
0.0
 40
0.0
 40
0.0
 40
0.0792072794502623
 40
0.6111273687668214
 40
0.8781798769143659
 40
0.9659011497262675
 40
1.0
 40
1.0
 40
1.0
 40
1.0
 10
197.7025297138322
 20
185.9876917443523
 30
0.0
 10
197.7166206421689
 20
185.9746062257811
 30
0.0
 10
197.8253398409303
 20
185.873644311814
 30
0.0
 10
197.9869921112051
 20
185.6872709004091
 30
0.0
 10
198.0809472608088
 20
185.3941367874906
 30
0.0
 10
198.1294739594156
 20
185.2693946882173
 30
0.0
 10
198.1504072268661
 20
185.2443547534614
 30
0.0
 10
198.1562666886237
 20
185.2373457884031
 30
0.0
  0
LINE
  5
676
330
1F
100
AcDbEntity
  8
0
  6
Continuous
 62
7
370
25
100
AcDbLine
 10
198.3485746896235
 20
186.0786679143988
 30
0.0
 11
197.7025297138322
 21
185.9876917443523
 31
0.0
  0
ARC
  5
677
330
1F
100
AcDbEntity
  8
0
  6
Continuous
 62
7
370
25
100
AcDbCircle
 10
199.1252659603796
 20
184.7731289739007
 30
0.0
 40
1.870652600192454
100
AcDbArc
 50
139.513247013461
 51
145.586154632659
  0
SPLINE
  5
678
330
1F
100
AcDbEntity
  8
0
  6
Continuous
 62
7
370
25
100
AcDbSpline
 70
8
 71
3
 72
10
 73
6
 74
0
 42
1e-08
 40
0.0
 40
0.0
 40
0.0
 40
0.0
 40
0.0155201437811531
 40
0.8724030781963277
 40
1.0
 40
1.0
 40
1.0
 40
1.0
 10
197.6998163434472
 20
185.1730683684453
 30
0.0
 10
197.69857460326
 20
185.1759845614168
 30
0.0
 10
197.6287751235022
 20
185.3399067364212
 30
0.0
 10
197.6040384452935
 20
185.584518289079
 30
0.0
 10
197.5845469444924
 20
185.8021517775988
 30
0.0
 10
197.5820206810163
 20
185.8303589197166
 30
0.0
  0
LINE
  5
679
330
1F
100
AcDbEntity
  8
0
  6
Continuous
 62
7
370
25
100
AcDbLine
 10
246.5901937379728
 20
217.7198504394033
 30
0.0
 11
246.5934531602577
 21
216.0077487028509
 31
0.0
  0
LWPOLYLINE
  5
67A
330
1F
100
AcDbEntity
  8
0
  6
Continuous
 62
7
370
25
100
AcDbPolyline
 90
6
 70
128
 10
241.4386547857029
 20
97.37108084821953
 10
241.4540597455132
 20
97.29113495484575
 10
241.4913998060582
 20
97.23204271595696
 10
241.5297364562002
 20
97.35267139457171
 10
241.5679668203139
 20
97.64955072323428
 10
241.5757050370173
 20
97.73165369169455
  0
LWPOLYLINE
  5
67B
330
1F
100
AcDbEntity
  8
0
  6
Continuous
 62
7
370
25
100
AcDbPolyline
 90
7
 70
128
 10
241.6270415629122
 20
109.4867132660071
 10
241.6159826739654
 20
109.5707627903968
 10
241.5795467501645
 20
109.719400970723
 10
241.5415715888673
 20
109.688521507239
 10
241.5031496663233
 20
109.4790127458871
 10
241.4653863112893
 20
109.0969018722798
 10
241.4363646691461
 20
108.6738897104293
  0
LINE
  5
67C
330
1F
100
AcDbEntity
  8
0
  6
Continuous
 62
7
370
25
100
AcDbLine
 10
202.6133489132049
 20
169.0068289959566
 30
0.0
 11
202.5455307042267
 21
168.9972788235329
 31
0.0
  0
LINE
  5
67D
330
1F
100
AcDbEntity
  8
0
  6
Continuous
 62
7
370
25
100
AcDbLine
 10
202.352409473264
 20
171.0512784580379
 30
0.0
 11
202.3476880797872
 21
171.0506135905568
 31
0.0
  0
ARC
  5
67E
330
1F
100
AcDbEntity
  8
0
  6
Continuous
 62
7
370
25
100
AcDbCircle
 10
194.5967193640936
 20
168.4109692049806
 30
0.0
 40
6.948973863703049
100
AcDbArc
 50
343.6203848589203
 51
16.59776913388925
  0
INSERT
  5
684
330
1F
100
AcDbEntity
  8
图框
100
AcDbBlockReference
  2
SW_NOTE_0
 10
238.6481913652276
 20
265.4173992643765
 30
0.0
  0
LEADER
  5
68B
330
1F
100
AcDbEntity
  8
图框
100
AcDbLeader
  3
SLDDIMSTYLE0
 73
3
 76
2
 10
223.3358898779941
 20
236.2360504419318
 30
0.0
 10
238.6481913652276
 20
265.4173992643765
 30
0.0
  0
INSERT
  5
691
330
1F
100
AcDbEntity
  8
图框
100
AcDbBlockReference
  2
SW_NOTE_0_1
 10
280.8885647607935
 20
265.4173992643767
 30
0.0
  0
LEADER
  5
692
330
1F
100
AcDbEntity
  8
图框
100
AcDbLeader
  3
SLDDIMSTYLE0
 73
3
 76
2
 10
243.3027951395891
 20
243.0540180922336
 30
0.0
 10
280.8885647607935
 20
265.4173992643767
 30
0.0
  0
INSERT
  5
698
330
1F
100
AcDbEntity
  8
图框
100
AcDbBlockReference
  2
SW_NOTE_0_2
 10
123.5894876446232
 20
241.8468041651936
 30
0.0
  0
LEADER
  5
699
330
1F
100
AcDbEntity
  8
图框
100
AcDbLeader
  3
SLDDIMSTYLE0
 73
3
 76
2
 10
166.1939908143849
 20
206.7550438098228
 30
0.0
 10
123.5894876446232
 20
241.8468041651936
 30
0.0
  0
INSERT
  5
69F
330
1F
100
AcDbEntity
  8
图框
100
AcDbBlockReference
  2
SW_NOTE_0_3
 10
127.5405994530424
 20
203.1070142001994
 30
0.0
  0
LEADER
  5
6A0
330
1F
100
AcDbEntity
  8
图框
100
AcDbLeader
  3
SLDDIMSTYLE0
 73
3
 76
2
 10
149.3670612468835
 20
166.4807533695729
 30
0.0
 10
127.5405994530424
 20
203.1070142001994
 30
0.0
  0
INSERT
  5
6A6
330
1F
100
AcDbEntity
  8
图框
100
AcDbBlockReference
  2
SW_NOTE_0_4
 10
281.5886814469079
 20
107.8911448886475
 30
0.0
  0
LEADER
  5
6A7
330
1F
100
AcDbEntity
  8
图框
100
AcDbLeader
  3
SLDDIMSTYLE0
 73
3
 76
2
 10
243.3605209741731
 20
122.2818450959095
 30
0.0
 10
281.5886814469079
 20
107.8911448886475
 30
0.0
  0
INSERT
  5
6AD
330
1F
100
AcDbEntity
  8
图框
100
AcDbBlockReference
  2
SW_NOTE_0_5
 10
281.5886814469079
 20
79.7697913297209
 30
0.0
  0
LEADER
  5
6AE
330
1F
100
AcDbEntity
  8
图框
100
AcDbLeader
  3
SLDDIMSTYLE0
 73
3
 76
2
 10
240.0454540181456
 20
103.4964656784198
 30
0.0
 10
281.5886814469079
 20
79.7697913297209
 30
0.0
  0
INSERT
  5
6B4
330
1F
100
AcDbEntity
  8
图框
100
AcDbBlockReference
  2
SW_NOTE_0_6
 10
281.5886814469079
 20
94.9389861955319
 30
0.0
  0
LEADER
  5
6B5
330
1F
100
AcDbEntity
  8
图框
100
AcDbLeader
  3
SLDDIMSTYLE0
 73
3
 76
2
 10
244.7284341910332
 20
103.3844036048936
 30
0.0
 10
281.5886814469079
 20
94.9389861955319
 30
0.0
  0
INSERT
  5
6BB
330
1F
100
AcDbEntity
  8
图框
100
AcDbBlockReference
  2
SW_NOTE_0_7
 10
297.4579929988331
 20
123.177025868811
 30
0.0
  0
LEADER
  5
6BC
330
1F
100
AcDbEntity
  8
图框
100
AcDbLeader
  3
SLDDIMSTYLE0
 73
3
 76
2
 10
255.2252610190385
 20
156.7673429396777
 30
0.0
 10
297.4579929988331
 20
123.177025868811
 30
0.0
  0
INSERT
  5
6C2
330
1F
100
AcDbEntity
  8
图框
100
AcDbBlockReference
  2
SW_NOTE_0_8
 10
297.4579929988331
 20
161.1000130333382
 30
0.0
  0
LEADER
  5
6C3
330
1F
100
AcDbEntity
  8
图框
100
AcDbLeader
  3
SLDDIMSTYLE0
 73
3
 76
2
 10
266.3686588901686
 20
186.324767211571
 30
0.0
 10
297.4579929988331
 20
161.1000130333382
 30
0.0
  0
INSERT
  5
6C9
330
1F
100
AcDbEntity
  8
图框
100
AcDbBlockReference
  2
SW_NOTE_0_9
 10
295.9410735122521
 20
136.7126151336884
 30
0.0
  0
LEADER
  5
6CA
330
1F
100
AcDbEntity
  8
图框
100
AcDbLeader
  3
SLDDIMSTYLE0
 73
3
 76
2
 10
243.3497856455515
 20
174.8028604261576
 30
0.0
 10
295.9410735122521
 20
136.7126151336884
 30
0.0
  0
INSERT
  5
6D0
330
1F
100
AcDbEntity
  8
图框
100
AcDbBlockReference
  2
SW_NOTE_0_10
 10
295.9410735122521
 20
177.669441271378
 30
0.0
  0
LEADER
  5
6D1
330
1F
100
AcDbEntity
  8
图框
100
AcDbLeader
  3
SLDDIMSTYLE0
 73
3
 76
2
 10
251.0216941591853
 20
209.6374720556303
 30
0.0
 10
295.9410735122521
 20
177.669441271378
 30
0.0
  0
INSERT
  5
6D7
330
1F
100
AcDbEntity
  8
图框
100
AcDbBlockReference
  2
SW_NOTE_0_11
 10
122.664374935933
 20
123.1770258688108
 30
0.0
  0
LEADER
  5
6D8
330
1F
100
AcDbEntity
  8
图框
100
AcDbLeader
  3
SLDDIMSTYLE0
 73
3
 76
2
 10
188.7283964358124
 20
162.6158504098517
 30
0.0
 10
122.664374935933
 20
123.1770258688108
 30
0.0
  0
INSERT
  5
6DE
330
1F
100
AcDbEntity
  8
图框
100
AcDbBlockReference
  2
SW_NOTE_0_12
 10
164.8121191014643
 20
107.8911448886473
 30
0.0
  0
LEADER
  5
6DF
330
1F
100
AcDbEntity
  8
图框
100
AcDbLeader
  3
SLDDIMSTYLE0
 73
3
 76
2
 10
214.7552935428413
 20
150.766394757593
 30
0.0
 10
164.8121191014643
 20
107.8911448886473
 30
0.0
  0
INSERT
  5
6E5
330
1F
100
AcDbEntity
  8
图框
100
AcDbBlockReference
  2
SW_NOTE_0_13
 10
123.58164777119
 20
141.6134319364888
 30
0.0
  0
LEADER
  5
6E6
330
1F
100
AcDbEntity
  8
图框
100
AcDbLeader
  3
SLDDIMSTYLE0
 73
3
 76
2
 10
212.3449522839428
 20
184.7735739957803
 30
0.0
 10
123.58164777119
 20
141.6134319364888
 30
0.0
  0
INSERT
  5
6EC
330
1F
100
AcDbEntity
  8
图框
100
AcDbBlockReference
  2
SW_NOTE_0_14
 10
119.6383758362039
 20
265.4173992643768
 30
0.0
  0
LEADER
  5
6ED
330
1F
100
AcDbEntity
  8
图框
100
AcDbLeader
  3
SLDDIMSTYLE0
 73
3
 76
2
 10
219.0804157299049
 20
190.1186148199569
 30
0.0
 10
119.6383758362039
 20
265.4173992643768
 30
0.0
  0
INSERT
  5
6F3
330
1F
100
AcDbEntity
  8
图框
100
AcDbBlockReference
  2
SW_NOTE_0_15
 10
119.6305359627708
 20
223.6437703262203
 30
0.0
  0
LEADER
  5
6F4
330
1F
100
AcDbEntity
  8
图框
100
AcDbLeader
  3
SLDDIMSTYLE0
 73
3
 76
2
 10
201.5848937430479
 20
185.8569844561181
 30
0.0
 10
119.6305359627708
 20
223.6437703262203
 30
0.0
  0
INSERT
  5
6FA
330
1F
100
AcDbEntity
  8
图框
100
AcDbBlockReference
  2
SW_NOTE_0_16
 10
121.7706217209753
 20
107.8911448886471
 30
0.0
  0
LEADER
  5
6FB
330
1F
100
AcDbEntity
  8
图框
100
AcDbLeader
  3
SLDDIMSTYLE0
 73
3
 76
2
 10
204.3777879465424
 20
170.6792691379702
 30
0.0
 10
121.7706217209753
 20
107.8911448886471
 30
0.0
  0
INSERT
  5
701
330
1F
100
AcDbEntity
  8
图框
100
AcDbBlockReference
  2
SW_NOTE_0_17
 10
297.4579929988331
 20
148.4979126832798
 30
0.0
  0
LEADER
  5
702
330
1F
100
AcDbEntity
  8
图框
100
AcDbLeader
  3
SLDDIMSTYLE0
 73
3
 76
2
 10
232.9996852576873
 20
194.0775418952063
 30
0.0
 10
297.4579929988331
 20
148.4979126832798
 30
0.0
  0
INSERT
  5
826
330
1F
100
AcDbEntity
  8
0
100
AcDbBlockReference
 66
1
  2
HH_FRAME_C429X297
 10
10.874581939799327
 20
10.0
 30
0.0
 41
0.9264214046822743
 42
0.9264214046822743
  0
ATTRIB
  5
828
330
1F
100
AcDbEntity
  8
HH_TITLE
100
AcDbText
 10
276.8449325466912
 20
40.108695652173914
 30
0.0
 40
4.632107023411372
  1
爆炸图
  7
HH_CHN
 11
276.8449325466912
 21
40.108695652173914
 31
0.0
100
AcDbAttribute
  2
TITLE
 70
0
 71
1
 72
0
 11
276.8449325466912
 21
40.108695652173914
 31
0.0
  0
ATTRIB
  5
829
330
1F
100
AcDbEntity
  8
HH_TITLE
100
AcDbText
 10
346.5451317124498
 20
40.80351170568562
 30
0.0
 40
3.24247491638796
  1
1-2
  7
HH_CHN
 11
346.5451317124498
 21
40.80351170568562
 31
0.0
100
AcDbAttribute
  2
DWG_NO
 70
0
 71
1
 72
0
 11
346.5451317124498
 21
40.80351170568562
 31
0.0
  0
ATTRIB
  5
82A
330
1F
100
AcDbEntity
  8
HH_TITLE
100
AcDbText
 10
380.8955882905566
 20
49.836120401337794
 30
0.0
 40
2.779264214046823
  1
1:10
  7
HH_CHN
 11
380.8955882905566
 21
49.836120401337794
 31
0.0
100
AcDbAttribute
  2
SCALE
 70
0
 71
1
 72
0
 11
380.8955882905566
 21
49.836120401337794
 31
0.0
  0
ATTRIB
  5
82B
330
1F
100
AcDbEntity
  8
HH_TITLE
100
AcDbText
 10
380.8955882905566
 20
39.64548494983278
 30
0.0
 40
2.779264214046823
  1

  7
HH_CHN
 11
380.8955882905566
 21
39.64548494983278
 31
0.0
100
AcDbAttribute
  2
STAGE
 70
0
 71
1
 72
0
 11
380.8955882905566
 21
39.64548494983278
 31
0.0
  0
ATTRIB
  5
82C
330
1F
100
AcDbEntity
  8
HH_TITLE
100
AcDbText
 10
247.89062042012708
 20
27.69464882943144
 30
0.0
 40
2.5939799331103672
  1

  7
HH_CHN
 11
247.89062042012708
 21
27.69464882943144
 31
0.0
100
AcDbAttribute
  2
MATERIAL
 70
0
 71
1
 72
0
 11
247.89062042012708
 21
27.69464882943144
 31
0.0
  0
ATTRIB
  5
82D
330
1F
100
AcDbEntity
  8
HH_TITLE
100
AcDbText
 10
281.241790988689
 20
27.69464882943144
 30
0.0
 40
2.5939799331103672
  1
0.681
  7
HH_CHN
 11
281.241790988689
 21
27.69464882943144
 31
0.0
100
AcDbAttribute
  2
WEIGHT
 70
0
 71
1
 72
0
 11
281.241790988689
 21
27.69464882943144
 31
0.0
  0
ATTRIB
  5
82E
330
1F
100
AcDbEntity
  8
HH_TITLE
100
AcDbText
 10
314.59296155725076
 20
27.69464882943144
 30
0.0
 40
2.5939799331103672
  1

  7
HH_CHN
 11
314.59296155725076
 21
27.69464882943144
 31
0.0
100
AcDbAttribute
  2
VERSION
 70
0
 71
1
 72
0
 11
314.59296155725076
 21
27.69464882943144
 31
0.0
  0
ATTRIB
  5
82F
330
1F
100
AcDbEntity
  8
HH_TITLE
100
AcDbText
 10
347.9441321258127
 20
27.69464882943144
 30
0.0
 40
2.5939799331103672
  1

  7
HH_CHN
 11
347.9441321258127
 21
27.69464882943144
 31
0.0
100
AcDbAttribute
  2
DATE
 70
0
 71
1
 72
0
 11
347.9441321258127
 21
27.69464882943144
 31
0.0
  0
ATTRIB
  5
830
330
1F
100
AcDbEntity
  8
HH_TITLE
100
AcDbText
 10
381.2953026943746
 20
27.69464882943144
 30
0.0
 40
2.5939799331103672
  1

  7
HH_CHN
 11
381.2953026943746
 21
27.69464882943144
 31
0.0
100
AcDbAttribute
  2
SHEET
 70
0
 71
1
 72
0
 11
381.2953026943746
 21
27.69464882943144
 31
0.0
  0
ATTRIB
  5
831
330
1F
100
AcDbEntity
  8
HH_TITLE
100
AcDbText
 10
247.89062042012708
 20
17.50401337792642
 30
0.0
 40
2.5939799331103672
  1

  7
HH_CHN
 11
247.89062042012708
 21
17.50401337792642
 31
0.0
100
AcDbAttribute
  2
DESIGN
 70
0
 71
1
 72
0
 11
247.89062042012708
 21
17.50401337792642
 31
0.0
  0
ATTRIB
  5
832
330
1F
100
AcDbEntity
  8
HH_TITLE
100
AcDbText
 10
281.241790988689
 20
17.50401337792642
 30
0.0
 40
2.5939799331103672
  1

  7
HH_CHN
 11
281.241790988689
 21
17.50401337792642
 31
0.0
100
AcDbAttribute
  2
CHECKED
 70
0
 71
1
 72
0
 11
281.241790988689
 21
17.50401337792642
 31
0.0
  0
ATTRIB
  5
833
330
1F
100
AcDbEntity
  8
HH_TITLE
100
AcDbText
 10
314.59296155725076
 20
17.50401337792642
 30
0.0
 40
2.5939799331103672
  1

  7
HH_CHN
 11
314.59296155725076
 21
17.50401337792642
 31
0.0
100
AcDbAttribute
  2
REVIEWED
 70
0
 71
1
 72
0
 11
314.59296155725076
 21
17.50401337792642
 31
0.0
  0
ATTRIB
  5
834
330
1F
100
AcDbEntity
  8
HH_TITLE
100
AcDbText
 10
347.9441321258127
 20
17.50401337792642
 30
0.0
 40
2.5939799331103672
  1

  7
HH_CHN
 11
347.9441321258127
 21
17.50401337792642
 31
0.0
100
AcDbAttribute
  2
APPROVED
 70
0
 71
1
 72
0
 11
347.9441321258127
 21
17.50401337792642
 31
0.0
  0
ATTRIB
  5
835
330
1F
100
AcDbEntity
  8
HH_TITLE
100
AcDbText
 10
381.2953026943746
 20
17.50401337792642
 30
0.0
 40
2.5939799331103672
  1

  7
HH_CHN
 11
381.2953026943746
 21
17.50401337792642
 31
0.0
100
AcDbAttribute
  2
COUNTERSIGN
 70
0
 71
1
 72
0
 11
381.2953026943746
 21
17.50401337792642
 31
0.0
  0
SEQEND
  5
827
330
826
100
AcDbEntity
  8
0
  0
ENDSEC
  0
SECTION
  2
OBJECTS
  0
DICTIONARY
  5
C
330
0
100
AcDbDictionary
281
1
  3
ACAD_CIP_PREVIOUS_PRODUCT_INFO
350
745
  3
ACAD_COLOR
350
737
  3
ACAD_DETAILVIEWSTYLE
350
73E
  3
ACAD_GROUP
350
D
  3
ACAD_LAYOUT
350
1A
  3
ACAD_MATERIAL
350
705
  3
ACAD_MLEADERSTYLE
350
73A
  3
ACAD_MLINESTYLE
350
17
  3
ACAD_PLOTSETTINGS
350
19
  3
ACAD_PLOTSTYLENAME
350
E
  3
ACAD_SCALELIST
350
47
  3
ACAD_SECTIONVIEWSTYLE
350
73C
  3
ACAD_TABLESTYLE
350
738
  3
ACAD_VISUALSTYLE
350
71E
  3
ACDB_RECOMPOSE_DATA
350
7D4
  3
AcDbVariableDictionary
350
746
  3
EZDXF_META
350
838
  0
DICTIONARY
  5
772
330
2
100
AcDbDictionary
280
1
281
1
  3
ACAD_LAYERSTATES
360
773
  0
DICTIONARY
  5
74B
330
10
100
AcDbDictionary
280
1
281
1
  3
ADSK_XREC_LAYER_RECONCILED
360
74C
  0
DICTIONARY
  5
74D
330
63
100
AcDbDictionary
280
1
281
1
  3
ADSK_XREC_LAYER_RECONCILED
360
74E
  0
DICTIONARY
  5
74F
330
64
100
AcDbDictionary
280
1
281
1
  3
ADSK_XREC_LAYER_RECONCILED
360
750
  0
DICTIONARY
  5
751
330
65
100
AcDbDictionary
280
1
281
1
  3
ADSK_XREC_LAYER_RECONCILED
360
752
  0
DICTIONARY
  5
753
330
66
100
AcDbDictionary
280
1
281
1
  3
ADSK_XREC_LAYER_RECONCILED
360
754
  0
DICTIONARY
  5
755
330
67
100
AcDbDictionary
280
1
281
1
  3
ADSK_XREC_LAYER_RECONCILED
360
756
  0
DICTIONARY
  5
757
330
68
100
AcDbDictionary
280
1
281
1
  3
ADSK_XREC_LAYER_RECONCILED
360
758
  0
DICTIONARY
  5
759
330
69
100
AcDbDictionary
280
1
281
1
  3
ADSK_XREC_LAYER_RECONCILED
360
75A
  0
DICTIONARY
  5
75B
330
6A
100
AcDbDictionary
280
1
281
1
  3
ADSK_XREC_LAYER_RECONCILED
360
75C
  0
DICTIONARY
  5
75D
330
6B
100
AcDbDictionary
280
1
281
1
  3
ADSK_XREC_LAYER_RECONCILED
360
75E
  0
DICTIONARY
  5
75F
330
6C
100
AcDbDictionary
280
1
281
1
  3
ADSK_XREC_LAYER_RECONCILED
360
760
  0
DICTIONARY
  5
761
330
6D
100
AcDbDictionary
280
1
281
1
  3
ADSK_XREC_LAYER_RECONCILED
360
762
  0
DICTIONARY
  5
763
330
6E
100
AcDbDictionary
280
1
281
1
  3
ADSK_XREC_LAYER_RECONCILED
360
764
  0
DICTIONARY
  5
765
330
6F
100
AcDbDictionary
280
1
281
1
  3
ADSK_XREC_LAYER_RECONCILED
360
766
  0
DICTIONARY
  5
767
330
70
100
AcDbDictionary
280
1
281
1
  3
ADSK_XREC_LAYER_RECONCILED
360
768
  0
DICTIONARY
  5
769
330
71
100
AcDbDictionary
280
1
281
1
  3
ADSK_XREC_LAYER_RECONCILED
360
76A
  0
DICTIONARY
  5
76B
330
72
100
AcDbDictionary
280
1
281
1
  3
ADSK_XREC_LAYER_RECONCILED
360
76C
  0
DICTIONARY
  5
76D
330
73
100
AcDbDictionary
280
1
281
1
  3
ADSK_XREC_LAYER_RECONCILED
360
76E
  0
XRECORD
  5
745
102
{ACAD_REACTORS
330
C
102
}
330
C
100
AcDbXrecord
280
1
300

300

300

  0
DICTIONARY
  5
737
102
{ACAD_REACTORS
330
C
102
}
330
C
100
AcDbDictionary
281
1
  0
DICTIONARY
  5
73E
102
{ACAD_REACTORS
330
C
102
}
330
C
100
AcDbDictionary
281
1
  3
Metric50
350
73F
  0
DICTIONARY
  5
D
102
{ACAD_REACTORS
330
C
102
}
330
C
100
AcDbDictionary
281
1
  0
DICTIONARY
  5
1A
102
{ACAD_REACTORS
330
C
102
}
330
C
100
AcDbDictionary
281
1
  3
Layout1
350
1E
  3
Layout2
350
26
  3
Model
350
22
  0
DICTIONARY
  5
705
102
{ACAD_REACTORS
330
C
102
}
330
C
100
AcDbDictionary
281
1
  3
ByBlock
350
70E
  3
ByLayer
350
706
  3
Global
350
716
  0
DICTIONARY
  5
73A
102
{ACAD_REACTORS
330
C
102
}
330
C
100
AcDbDictionary
281
1
  3
Standard
350
73B
  0
DICTIONARY
  5
17
102
{ACAD_REACTORS
330
C
102
}
330
C
100
AcDbDictionary
281
1
  3
Standard
350
18
  0
DICTIONARY
  5
19
102
{ACAD_REACTORS
330
C
102
}
330
C
100
AcDbDictionary
281
1
  0
ACDBDICTIONARYWDFLT
  5
E
102
{ACAD_REACTORS
330
C
102
}
330
C
100
AcDbDictionary
281
1
  3
Normal
350
F
100
AcDbDictionaryWithDefault
340
F
  0
DICTIONARY
  5
47
102
{ACAD_REACTORS
330
C
102
}
330
C
100
AcDbDictionary
281
1
  3
A0
350
48
  3
A1
350
49
  3
A2
350
4A
  3
A3
350
4B
  3
A4
350
4C
  3
A5
350
4D
  3
A6
350
4E
  3
A7
350
4F
  3
A8
350
50
  3
A9
350
51
  3
B0
350
52
  3
B1
350
53
  3
B2
350
54
  3
B3
350
55
  3
B4
350
56
  3
B5
350
57
  3
B6
350
58
  0
DICTIONARY
  5
73C
102
{ACAD_REACTORS
330
C
102
}
330
C
100
AcDbDictionary
281
1
  3
Metric50
350
73D
  0
DICTIONARY
  5
738
102
{ACAD_REACTORS
330
C
102
}
330
C
100
AcDbDictionary
281
1
  3
Standard
350
739
  0
DICTIONARY
  5
71E
102
{ACAD_REACTORS
330
C
102
}
330
C
100
AcDbDictionary
281
1
  3
2dWireframe
350
724
  3
Basic
350
723
  3
Brighten
350
72A
  3
ColorChange
350
72E
  3
Conceptual
350
727
  3
Dim
350
729
  3
EdgeColorOff
350
736
  3
Facepattern
350
72D
  3
Flat
350
71F
  3
FlatWithEdges
350
720
  3
Gouraud
350
721
  3
GouraudWithEdges
350
722
  3
Hidden
350
726
  3
JitterOff
350
734
  3
Linepattern
350
72C
  3
OverhangOff
350
735
  3
Realistic
350
728
  3
Shaded
350
733
  3
Shaded with edges
350
732
  3
Shades of Gray
350
72F
  3
Sketchy
350
730
  3
Thicken
350
72B
  3
Wireframe
350
725
  3
X-Ray
350
731
  0
XRECORD
  5
7D4
102
{ACAD_REACTORS
330
C
102
}
330
C
100
AcDbXrecord
280
1
 90
1
330
739
  0
DICTIONARY
  5
746
102
{ACAD_REACTORS
330
C
102
}
330
C
100
AcDbDictionary
281
1
  3
CANNOSCALE
350
7B7
  3
CMLEADERSTYLE
350
7B3
  3
CTABLESTYLE
350
7B2
  3
CVIEWDETAILSTYLE
350
7B4
  3
CVIEWSECTIONSTYLE
350
7B5
  3
LAYEREVAL
350
7B9
  3
LAYERNOTIFY
350
7BA
  3
LIGHTINGUNITS
350
7B8
  3
MSLTSCALE
350
7B6
  0
DICTIONARY
  5
773
102
{ACAD_REACTORS
330
772
102
}
330
772
100
AcDbDictionary
281
1
  0
XRECORD
  5
74C
102
{ACAD_REACTORS
330
74B
102
}
330
74B
100
AcDbXrecord
280
1
290
1
  0
XRECORD
  5
74E
102
{ACAD_REACTORS
330
74D
102
}
330
74D
100
AcDbXrecord
280
1
290
1
  0
XRECORD
  5
750
102
{ACAD_REACTORS
330
74F
102
}
330
74F
100
AcDbXrecord
280
1
290
1
  0
XRECORD
  5
752
102
{ACAD_REACTORS
330
751
102
}
330
751
100
AcDbXrecord
280
1
290
1
  0
XRECORD
  5
754
102
{ACAD_REACTORS
330
753
102
}
330
753
100
AcDbXrecord
280
1
290
1
  0
XRECORD
  5
756
102
{ACAD_REACTORS
330
755
102
}
330
755
100
AcDbXrecord
280
1
290
1
  0
XRECORD
  5
758
102
{ACAD_REACTORS
330
757
102
}
330
757
100
AcDbXrecord
280
1
290
1
  0
XRECORD
  5
75A
102
{ACAD_REACTORS
330
759
102
}
330
759
100
AcDbXrecord
280
1
290
1
  0
XRECORD
  5
75C
102
{ACAD_REACTORS
330
75B
102
}
330
75B
100
AcDbXrecord
280
1
290
1
  0
XRECORD
  5
75E
102
{ACAD_REACTORS
330
75D
102
}
330
75D
100
AcDbXrecord
280
1
290
1
  0
XRECORD
  5
760
102
{ACAD_REACTORS
330
75F
102
}
330
75F
100
AcDbXrecord
280
1
290
1
  0
XRECORD
  5
762
102
{ACAD_REACTORS
330
761
102
}
330
761
100
AcDbXrecord
280
1
290
1
  0
XRECORD
  5
764
102
{ACAD_REACTORS
330
763
102
}
330
763
100
AcDbXrecord
280
1
290
1
  0
XRECORD
  5
766
102
{ACAD_REACTORS
330
765
102
}
330
765
100
AcDbXrecord
280
1
290
1
  0
XRECORD
  5
768
102
{ACAD_REACTORS
330
767
102
}
330
767
100
AcDbXrecord
280
1
290
1
  0
XRECORD
  5
76A
102
{ACAD_REACTORS
330
769
102
}
330
769
100
AcDbXrecord
280
1
290
1
  0
XRECORD
  5
76C
102
{ACAD_REACTORS
330
76B
102
}
330
76B
100
AcDbXrecord
280
1
290
1
  0
XRECORD
  5
76E
102
{ACAD_REACTORS
330
76D
102
}
330
76D
100
AcDbXrecord
280
1
290
1
  0
ACDBDETAILVIEWSTYLE
  5
73F
102
{ACAD_REACTORS
330
73E
102
}
330
73E
100
AcDbModelDocViewStyle
 70
0
  3
Metric50
290
1
300
Metric50
 90
0
100
AcDbDetailViewStyle
 70
0
 71
0
 90
3
 71
1
340
11
 62
256
 40
5.0
340
0
 62
256
 40
5.0
300

 40
0.0
280
1
 71
2
340
16
 90
25
 62
256
 71
3
340
11
 62
256
 40
5.0
 90
0
 40
15.0
 90
1
300
%<\AcVar ViewDetailId>% (%<\AcVar ViewScale \f "%sn">%)
 71
4
340
16
 90
25
 62
256
340
16
 90
25
 62
256
280
0
  0
LAYOUT
  5
1E
102
{ACAD_REACTORS
330
1A
102
}
330
1A
100
AcDbPlotSettings
  1

  2
none_device
  4

  6

 40
0.0
 41
0.0
 42
0.0
 43
0.0
 44
0.0
 45
0.0
 46
0.0
 47
0.0
 48
0.0
 49
0.0
140
0.0
141
0.0
142
1.0
143
1.0
 70
688
 72
1
 73
0
 74
5
  7

 75
16
 76
0
 77
2
 78
300
147
1.0
148
0.0
149
0.0
100
AcDbLayout
  1
Layout1
 70
1
 71
1
 10
0.0
 20
0.0
 11
420.0
 21
297.0
 12
0.0
 22
0.0
 32
0.0
 14
1e+20
 24
1e+20
 34
1e+20
 15
-1e+20
 25
-1e+20
 35
-1e+20
146
0.0
 13
0.0
 23
0.0
 33
0.0
 16
1.0
 26
0.0
 36
0.0
 17
0.0
 27
1.0
 37
0.0
 76
0
330
1B
  0
LAYOUT
  5
26
102
{ACAD_REACTORS
330
1A
102
}
330
1A
100
AcDbPlotSettings
  1

  2
none_device
  4

  6

 40
0.0
 41
0.0
 42
0.0
 43
0.0
 44
0.0
 45
0.0
 46
0.0
 47
0.0
 48
0.0
 49
0.0
140
0.0
141
0.0
142
1.0
143
1.0
 70
688
 72
1
 73
0
 74
5
  7

 75
16
 76
0
 77
2
 78
300
147
1.0
148
0.0
149
0.0
100
AcDbLayout
  1
Layout2
 70
1
 71
2
 10
0.0
 20
0.0
 11
0.0
 21
0.0
 12
0.0
 22
0.0
 32
0.0
 14
0.0
 24
0.0
 34
0.0
 15
0.0
 25
0.0
 35
0.0
146
0.0
 13
0.0
 23
0.0
 33
0.0
 16
1.0
 26
0.0
 36
0.0
 17
0.0
 27
1.0
 37
0.0
 76
0
330
23
  0
LAYOUT
  5
22
102
{ACAD_REACTORS
330
1A
102
}
330
1A
100
AcDbPlotSettings
  1

  2
none_device
  4
Letter_(8.50_x_11.00_Inches)
  6

 40
6.349999999999999
 41
6.349999999999999
 42
6.350005079999999
 43
6.350005079999999
 44
215.9
 45
279.4
 46
0.0
 47
0.0
 48
0.0
 49
0.0
140
0.0
141
0.0
142
1.0
143
1.0
 70
1712
 72
1
 73
0
 74
0
  7

 75
0
 76
0
 77
2
 78
300
147
1.0
148
0.0
149
0.0
100
AcDbLayout
  1
Model
 70
1
 71
0
 10
0.0
 20
0.0
 11
420.0
 21
297.0
 12
0.0
 22
0.0
 32
0.0
 14
0.0
 24
0.0
 34
0.0
 15
420.0
 25
297.0
 35
0.0
146
0.0
 13
0.0
 23
0.0
 33
0.0
 16
1.0
 26
0.0
 36
0.0
 17
0.0
 27
1.0
 37
0.0
 76
0
330
1F
331
29
  0
MATERIAL
  5
70E
102
{ACAD_XDICTIONARY
360
70F
102
}
102
{ACAD_REACTORS
330
705
102
}
330
705
100
AcDbMaterial
  1
ByBlock
  2

 70
0
 40
1.0
 71
0
 41
1.0
 91
-1023410177
 42
1.0
 72
0
  3

 73
1
 74
1
 75
1
 43
0.0008202099737533
 43
0.0
 43
0.0
 43
0.0
 43
0.0
 43
0.0008202099737533
 43
0.0
 43
0.0
 43
0.0
 43
0.0
 43
1.0
 43
0.0
 43
0.0
 43
0.0
 43
0.0
 43
1.0
 44
0.5
 73
0
 45
1.0
 46
1.0
 77
0
  4

 78
1
 79
1
170
1
 47
0.0008202099737533
 47
0.0
 47
0.0
 47
0.0
 47
0.0
 47
0.0008202099737533
 47
0.0
 47
0.0
 47
0.0
 47
0.0
 47
1.0
 47
0.0
 47
0.0
 47
0.0
 47
0.0
 47
1.0
 48
1.0
171
0
  6

172
1
173
1
174
1
 49
0.0008202099737533
 49
0.0
 49
0.0
 49
0.0
 49
0.0
 49
0.0008202099737533
 49
0.0
 49
0.0
 49
0.0
 49
0.0
 49
1.0
 49
0.0
 49
0.0
 49
0.0
 49
0.0
 49
1.0
140
1.0
141
1.0
175
0
  7

176
1
177
1
178
1
142
0.0008202099737533
142
0.0
142
0.0
142
0.0
142
0.0
142
0.0008202099737533
142
0.0
142
0.0
142
0.0
142
0.0
142
1.0
142
0.0
142
0.0
142
0.0
142
0.0
142
1.0
143
1.0
179
0
  8

270
1
271
1
272
1
144
0.0008202099737533
144
0.0
144
0.0
144
0.0
144
0.0
144
0.0008202099737533
144
0.0
144
0.0
144
0.0
144
0.0
144
1.0
144
0.0
144
0.0
144
0.0
144
0.0
144
1.0
145
1.0
146
1.0
273
1
  9

274
1
275
1
276
1
147
0.0008202099737533
147
0.0
147
0.0
147
0.0
147
0.0
147
0.0008202099737533
147
0.0
147
0.0
147
0.0
147
0.0
147
1.0
147
0.0
147
0.0
147
0.0
147
0.0
147
1.0
 42
1.0
 72
1
  3

 73
1
 74
1
 75
1
 94
63
  0
MATERIAL
  5
706
102
{ACAD_XDICTIONARY
360
707
102
}
102
{ACAD_REACTORS
330
705
102
}
330
705
100
AcDbMaterial
  1
ByLayer
  2

 70
0
 40
1.0
 71
0
 41
1.0
 91
-1023410177
 42
1.0
 72
0
  3

 73
1
 74
1
 75
1
 43
0.0008202099737533
 43
0.0
 43
0.0
 43
0.0
 43
0.0
 43
0.0008202099737533
 43
0.0
 43
0.0
 43
0.0
 43
0.0
 43
1.0
 43
0.0
 43
0.0
 43
0.0
 43
0.0
 43
1.0
 44
0.5
 73
0
 45
1.0
 46
1.0
 77
0
  4

 78
1
 79
1
170
1
 47
0.0008202099737533
 47
0.0
 47
0.0
 47
0.0
 47
0.0
 47
0.0008202099737533
 47
0.0
 47
0.0
 47
0.0
 47
0.0
 47
1.0
 47
0.0
 47
0.0
 47
0.0
 47
0.0
 47
1.0
 48
1.0
171
0
  6

172
1
173
1
174
1
 49
0.0008202099737533
 49
0.0
 49
0.0
 49
0.0
 49
0.0
 49
0.0008202099737533
 49
0.0
 49
0.0
 49
0.0
 49
0.0
 49
1.0
 49
0.0
 49
0.0
 49
0.0
 49
0.0
 49
1.0
140
1.0
141
1.0
175
0
  7

176
1
177
1
178
1
142
0.0008202099737533
142
0.0
142
0.0
142
0.0
142
0.0
142
0.0008202099737533
142
0.0
142
0.0
142
0.0
142
0.0
142
1.0
142
0.0
142
0.0
142
0.0
142
0.0
142
1.0
143
1.0
179
0
  8

270
1
271
1
272
1
144
0.0008202099737533
144
0.0
144
0.0
144
0.0
144
0.0
144
0.0008202099737533
144
0.0
144
0.0
144
0.0
144
0.0
144
1.0
144
0.0
144
0.0
144
0.0
144
0.0
144
1.0
145
1.0
146
1.0
273
1
  9

274
1
275
1
276
1
147
0.0008202099737533
147
0.0
147
0.0
147
0.0
147
0.0
147
0.0008202099737533
147
0.0
147
0.0
147
0.0
147
0.0
147
1.0
147
0.0
147
0.0
147
0.0
147
0.0
147
1.0
 42
1.0
 72
1
  3

 73
1
 74
1
 75
1
 94
63
  0
MATERIAL
  5
716
102
{ACAD_XDICTIONARY
360
717
102
}
102
{ACAD_REACTORS
330
705
102
}
330
705
100
AcDbMaterial
  1
Global
  2

 70
0
 40
1.0
 71
0
 41
1.0
 91
-1023410177
 42
1.0
 72
0
  3

 73
1
 74
1
 75
1
 43
0.0008202099737533
 43
0.0
 43
0.0
 43
0.0
 43
0.0
 43
0.0008202099737533
 43
0.0
 43
0.0
 43
0.0
 43
0.0
 43
1.0
 43
0.0
 43
0.0
 43
0.0
 43
0.0
 43
1.0
 44
0.5
 73
0
 45
1.0
 46
1.0
 77
0
  4

 78
1
 79
1
170
1
 47
0.0008202099737533
 47
0.0
 47
0.0
 47
0.0
 47
0.0
 47
0.0008202099737533
 47
0.0
 47
0.0
 47
0.0
 47
0.0
 47
1.0
 47
0.0
 47
0.0
 47
0.0
 47
0.0
 47
1.0
 48
1.0
171
0
  6

172
1
173
1
174
1
 49
0.0008202099737533
 49
0.0
 49
0.0
 49
0.0
 49
0.0
 49
0.0008202099737533
 49
0.0
 49
0.0
 49
0.0
 49
0.0
 49
1.0
 49
0.0
 49
0.0
 49
0.0
 49
0.0
 49
1.0
140
1.0
141
1.0
175
0
  7

176
1
177
1
178
1
142
0.0008202099737533
142
0.0
142
0.0
142
0.0
142
0.0
142
0.0008202099737533
142
0.0
142
0.0
142
0.0
142
0.0
142
1.0
142
0.0
142
0.0
142
0.0
142
0.0
142
1.0
143
1.0
179
0
  8

270
1
271
1
272
1
144
0.0008202099737533
144
0.0
144
0.0
144
0.0
144
0.0
144
0.0008202099737533
144
0.0
144
0.0
144
0.0
144
0.0
144
1.0
144
0.0
144
0.0
144
0.0
144
0.0
144
1.0
145
1.0
146
1.0
273
1
  9

274
1
275
1
276
1
147
0.0008202099737533
147
0.0
147
0.0
147
0.0
147
0.0
147
0.0008202099737533
147
0.0
147
0.0
147
0.0
147
0.0
147
1.0
147
0.0
147
0.0
147
0.0
147
0.0
147
1.0
 42
1.0
 72
1
  3

 73
1
 74
1
 75
1
 94
63
  0
MLEADERSTYLE
  5
73B
102
{ACAD_REACTORS
330
73A
102
}
330
73A
100
AcDbMLeaderStyle
179
2
170
2
171
1
172
0
 90
2
 40
0.0
 41
0.0
173
1
 91
-1056964608
340
14
 92
-2
290
1
 42
2.0
291
1
 43
0.36
  3
Standard
 44
4.0
300

342
11
174
1
175
1
176
0
178
6
 93
-1056964608
 45
4.0
292
0
297
0
 46
4.0
293
1
 94
-1056964608
 47
1.0
 49
1.0
140
1.0
294
1
141
0.0
177
0
142
1.0
295
1
296
0
143
0.125
271
0
272
9
273
9
298
1
  0
MLINESTYLE
  5
18
102
{ACAD_REACTORS
330
17
102
}
330
17
100
AcDbMlineStyle
  2
STANDARD
 70
0
  3

 62
256
 51
90.0
 52
90.0
 71
2
 49
0.5
 62
256
  6
BYLAYER
 49
-0.5
 62
256
  6
BYLAYER
  0
ACDBPLACEHOLDER
  5
F
102
{ACAD_REACTORS
330
E
102
}
330
E
  0
SCALE
  5
48
102
{ACAD_REACTORS
330
47
102
}
330
47
100
AcDbScale
 70
0
300
1:1
140
1.0
141
1.0
290
1
  0
SCALE
  5
49
102
{ACAD_REACTORS
330
47
102
}
330
47
100
AcDbScale
 70
0
300
1:2
140
1.0
141
2.0
290
0
  0
SCALE
  5
4A
102
{ACAD_REACTORS
330
47
102
}
330
47
100
AcDbScale
 70
0
300
1:4
140
1.0
141
4.0
290
0
  0
SCALE
  5
4B
102
{ACAD_REACTORS
330
47
102
}
330
47
100
AcDbScale
 70
0
300
1:5
140
1.0
141
5.0
290
0
  0
SCALE
  5
4C
102
{ACAD_REACTORS
330
47
102
}
330
47
100
AcDbScale
 70
0
300
1:8
140
1.0
141
8.0
290
0
  0
SCALE
  5
4D
102
{ACAD_REACTORS
330
47
102
}
330
47
100
AcDbScale
 70
0
300
1:10
140
1.0
141
10.0
290
0
  0
SCALE
  5
4E
102
{ACAD_REACTORS
330
47
102
}
330
47
100
AcDbScale
 70
0
300
1:16
140
1.0
141
16.0
290
0
  0
SCALE
  5
4F
102
{ACAD_REACTORS
330
47
102
}
330
47
100
AcDbScale
 70
0
300
1:20
140
1.0
141
20.0
290
0
  0
SCALE
  5
50
102
{ACAD_REACTORS
330
47
102
}
330
47
100
AcDbScale
 70
0
300
1:30
140
1.0
141
30.0
290
0
  0
SCALE
  5
51
102
{ACAD_REACTORS
330
47
102
}
330
47
100
AcDbScale
 70
0
300
1:40
140
1.0
141
40.0
290
0
  0
SCALE
  5
52
102
{ACAD_REACTORS
330
47
102
}
330
47
100
AcDbScale
 70
0
300
1:50
140
1.0
141
50.0
290
0
  0
SCALE
  5
53
102
{ACAD_REACTORS
330
47
102
}
330
47
100
AcDbScale
 70
0
300
1:100
140
1.0
141
100.0
290
0
  0
SCALE
  5
54
102
{ACAD_REACTORS
330
47
102
}
330
47
100
AcDbScale
 70
0
300
2:1
140
2.0
141
1.0
290
0
  0
SCALE
  5
55
102
{ACAD_REACTORS
330
47
102
}
330
47
100
AcDbScale
 70
0
300
4:1
140
4.0
141
1.0
290
0
  0
SCALE
  5
56
102
{ACAD_REACTORS
330
47
102
}
330
47
100
AcDbScale
 70
0
300
8:1
140
8.0
141
1.0
290
0
  0
SCALE
  5
57
102
{ACAD_REACTORS
330
47
102
}
330
47
100
AcDbScale
 70
0
300
10:1
140
10.0
141
1.0
290
0
  0
SCALE
  5
58
102
{ACAD_REACTORS
330
47
102
}
330
47
100
AcDbScale
 70
0
300
100:1
140
100.0
141
1.0
290
0
  0
ACDBSECTIONVIEWSTYLE
  5
73D
102
{ACAD_REACTORS
330
73C
102
}
330
73C
100
AcDbModelDocViewStyle
 70
0
  3
Metric50
290
1
300
Metric50
 90
0
100
AcDbSectionViewStyle
 70
0
 71
0
 90
102
 71
1
340
11
 62
256
 40
5.0
340
0
340
0
 62
256
 40
5.0
300
I, O, Q, S, X, Z
 40
10.0
 90
0
 40
2.5
 90
0
 71
2
340
16
 90
25
 62
256
340
16
 90
50
 62
256
 40
5.0
 40
2.5
 40
5.0
 71
3
340
11
 62
256
 40
5.0
 90
0
 40
15.0
 90
1
300
%<\AcVar ViewSectionStartId>%-%<\AcVar ViewSectionEndId>% (%<\AcVar ViewScale \f "%sn">%)
 71
4
 62
256
 62
257
300
ANSI31
 40
1.0
 90
0
290
0
290
0
 90
6
 40
0.0
 40
1.570796326794896
 40
0.2617993877991494
 40
1.308996938995747
 40
-0.2617993877991494
 40
1.832595714594046
  0
TABLESTYLE
  5
739
102
{ACAD_XDICTIONARY
360
7D2
102
}
102
{ACAD_REACTORS
330
738
102
}
330
738
100
AcDbTableStyle
280
0
  3
Standard
 70
0
 71
0
 40
1.5
 41
1.5
280
0
281
0
  7
STANDARD
140
4.5
170
2
 62
0
 63
7
283
0
 90
512
 91
0
  1

274
-2
284
1
 64
0
275
-2
285
1
 65
0
276
-2
286
1
 66
0
277
-2
287
1
 67
0
278
-2
288
1
 68
0
279
-2
289
1
 69
0
  7
STANDARD
140
6.0
170
5
 62
0
 63
7
283
0
 90
512
 91
0
  1

274
-2
284
1
 64
0
275
-2
285
1
 65
0
276
-2
286
1
 66
0
277
-2
287
1
 67
0
278
-2
288
1
 68
0
279
-2
289
1
 69
0
  7
STANDARD
140
4.5
170
5
 62
0
 63
7
283
0
 90
512
 91
0
  1

274
-2
284
1
 64
0
275
-2
285
1
 65
0
276
-2
286
1
 66
0
277
-2
287
1
 67
0
278
-2
288
1
 68
0
279
-2
289
1
 69
0
  0
VISUALSTYLE
  5
724
102
{ACAD_REACTORS
330
71E
102
}
330
71E
100
AcDbVisualStyle
  2
2dWireframe
 70
4
177
3
291
0
 70
58
 90
0
176
1
 90
2
176
1
 90
0
176
1
 90
0
176
1
 40
0.6
176
1
 40
30.0
176
1
 62
7
420
16777215
176
1
 90
1
176
1
 90
4
176
1
 62
7
176
1
 62
257
176
1
 90
1
176
1
 90
1
176
1
 40
1.0
176
1
 90
0
176
1
 62
257
176
1
 40
1.0
176
1
 90
1
176
1
 90
6
176
1
 90
2
176
1
 62
7
176
1
 90
5
176
1
 90
0
176
1
 90
0
176
1
290
0
176
1
 90
1
176
1
 40
0.0
176
1
 90
0
176
1
290
1
176
1
290
1
176
1
290
0
176
1
290
0
176
1
290
0
176
1
290
0
176
1
290
0
176
1
290
0
176
1
290
0
176
1
 90
50
176
1
 40
0.0
176
1
 40
1.0
176
1
 90
0
176
1
 62
18
420
0
176
1
 90
50
176
1
 90
3
176
1
 62
5
420
255
176
1
290
0
176
1
 90
50
176
1
 90
50
176
1
 90
50
176
1
290
0
176
1
 90
50
176
1
 62
256
176
0
 40
1.0
176
0
 90
2
176
1
  1
strokes_ogs.tif
176
1
290
0
176
1
 40
1.0
176
1
 40
1.0
176
1
  0
VISUALSTYLE
  5
723
102
{ACAD_REACTORS
330
71E
102
}
330
71E
100
AcDbVisualStyle
  2
Basic
 70
7
177
3
291
1
 70
58
 90
1
176
1
 90
0
176
1
 90
1
176
1
 90
0
176
1
 40
0.6
176
1
 40
30.0
176
1
 62
7
420
16777215
176
1
 90
0
176
1
 90
4
176
1
 62
7
176
1
 62
257
176
1
 90
1
176
1
 90
1
176
1
 40
1.0
176
1
 90
8
176
1
 62
7
176
1
 40
1.0
176
1
 90
1
176
1
 90
6
176
1
 90
2
176
1
 62
7
176
1
 90
5
176
1
 90
0
176
1
 90
0
176
1
290
0
176
1
 90
1
176
1
 40
0.0
176
1
 90
0
176
1
290
0
176
1
290
1
176
1
290
1
176
1
290
0
176
1
290
0
176
1
290
0
176
1
290
0
176
1
290
0
176
1
290
0
176
1
 90
50
176
1
 40
0.0
176
1
 40
1.0
176
1
 90
0
176
1
 62
18
420
0
176
1
 90
50
176
1
 90
3
176
1
 62
5
420
255
176
1
290
0
176
1
 90
50
176
1
 90
50
176
1
 90
50
176
1
290
0
176
1
 90
50
176
1
 62
256
176
0
 40
1.0
176
0
 90
2
176
1
  1
strokes_ogs.tif
176
1
290
0
176
1
 40
1.0
176
1
 40
1.0
176
1
  0
VISUALSTYLE
  5
72A
102
{ACAD_REACTORS
330
71E
102
}
330
71E
100
AcDbVisualStyle
  2
Brighten
 70
12
177
3
291
1
 70
58
 90
2
176
1
 90
2
176
1
 90
0
176
1
 90
0
176
1
 40
0.6
176
1
 40
30.0
176
1
 62
7
420
16777215
176
1
 90
1
176
1
 90
4
176
1
 62
7
176
1
 62
257
176
1
 90
1
176
1
 90
1
176
1
 40
1.0
176
1
 90
8
176
1
 62
7
176
1
 40
1.0
176
1
 90
1
176
1
 90
6
176
1
 90
2
176
1
 62
7
176
1
 90
5
176
1
 90
0
176
1
 90
0
176
1
290
0
176
1
 90
1
176
1
 40
50.0
176
1
 90
0
176
1
290
0
176
1
290
1
176
1
290
1
176
1
290
0
176
1
290
0
176
1
290
0
176
1
290
0
176
1
290
0
176
1
290
0
176
1
 90
50
176
1
 40
0.0
176
1
 40
1.0
176
1
 90
0
176
1
 62
18
420
0
176
1
 90
50
176
1
 90
3
176
1
 62
5
420
255
176
1
290
0
176
1
 90
50
176
1
 90
50
176
1
 90
50
176
1
290
0
176
1
 90
50
176
1
 62
256
176
0
 40
1.0
176
0
 90
2
176
1
  1
strokes_ogs.tif
176
1
290
0
176
1
 40
1.0
176
1
 40
1.0
176
1
  0
VISUALSTYLE
  5
72E
102
{ACAD_REACTORS
330
71E
102
}
330
71E
100
AcDbVisualStyle
  2
ColorChange
 70
16
177
3
291
1
 70
58
 90
2
176
1
 90
2
176
1
 90
3
176
1
 90
0
176
1
 40
0.6
176
1
 40
30.0
176
1
 62
8
420
8421504
176
1
 90
1
176
1
 90
4
176
1
 62
7
176
1
 62
257
176
1
 90
1
176
1
 90
1
176
1
 40
1.0
176
1
 90
8
176
1
 62
8
420
8421504
176
1
 40
1.0
176
1
 90
1
176
1
 90
6
176
1
 90
2
176
1
 62
7
176
1
 90
5
176
1
 90
0
176
1
 90
0
176
1
290
0
176
1
 90
1
176
1
 40
0.0
176
1
 90
0
176
1
290
0
176
1
290
1
176
1
290
1
176
1
290
0
176
1
290
0
176
1
290
0
176
1
290
0
176
1
290
0
176
1
290
0
176
1
 90
50
176
1
 40
0.0
176
1
 40
1.0
176
1
 90
0
176
1
 62
18
420
0
176
1
 90
50
176
1
 90
3
176
1
 62
5
420
255
176
1
290
0
176
1
 90
50
176
1
 90
50
176
1
 90
50
176
1
290
0
176
1
 90
50
176
1
 62
256
176
0
 40
1.0
176
0
 90
2
176
1
  1
strokes_ogs.tif
176
1
290
0
176
1
 40
1.0
176
1
 40
1.0
176
1
  0
VISUALSTYLE
  5
727
102
{ACAD_REACTORS
330
71E
102
}
330
71E
100
AcDbVisualStyle
  2
Conceptual
 70
9
177
3
291
0
 70
58
 90
3
176
1
 90
2
176
1
 90
0
176
1
 90
0
176
1
 40
0.6
176
1
 40
30.0
176
1
 62
7
420
16777215
176
1
 90
2
176
1
 90
2
176
1
 62
7
176
1
 62
257
176
1
 90
1
176
1
 90
1
176
1
 40
179.0
176
1
 90
8
176
1
 62
7
176
1
 40
1.0
176
1
 90
1
176
1
 90
6
176
1
 90
2
176
1
 62
7
176
1
 90
3
176
1
 90
0
176
1
 90
0
176
1
290
0
176
1
 90
1
176
1
 40
0.0
176
1
 90
0
176
1
290
0
176
1
290
1
176
1
290
1
176
1
290
0
176
1
290
0
176
1
290
0
176
1
290
0
176
1
290
0
176
1
290
0
176
1
 90
50
176
1
 40
0.0
176
1
 40
1.0
176
1
 90
0
176
1
 62
18
420
0
176
1
 90
50
176
1
 90
3
176
1
 62
5
420
255
176
1
290
0
176
1
 90
50
176
1
 90
50
176
1
 90
50
176
1
290
0
176
1
 90
50
176
1
 62
256
176
0
 40
1.0
176
0
 90
2
176
1
  1
strokes_ogs.tif
176
1
290
0
176
1
 40
1.0
176
1
 40
1.0
176
1
  0
VISUALSTYLE
  5
729
102
{ACAD_REACTORS
330
71E
102
}
330
71E
100
AcDbVisualStyle
  2
Dim
 70
11
177
3
291
1
 70
58
 90
2
176
1
 90
2
176
1
 90
0
176
1
 90
0
176
1
 40
0.6
176
1
 40
30.0
176
1
 62
7
420
16777215
176
1
 90
1
176
1
 90
4
176
1
 62
7
176
1
 62
257
176
1
 90
1
176
1
 90
1
176
1
 40
1.0
176
1
 90
8
176
1
 62
7
176
1
 40
1.0
176
1
 90
1
176
1
 90
6
176
1
 90
2
176
1
 62
7
176
1
 90
5
176
1
 90
0
176
1
 90
0
176
1
290
0
176
1
 90
1
176
1
 40
-50.0
176
1
 90
0
176
1
290
0
176
1
290
1
176
1
290
1
176
1
290
0
176
1
290
0
176
1
290
0
176
1
290
0
176
1
290
0
176
1
290
0
176
1
 90
50
176
1
 40
0.0
176
1
 40
1.0
176
1
 90
0
176
1
 62
18
420
0
176
1
 90
50
176
1
 90
3
176
1
 62
5
420
255
176
1
290
0
176
1
 90
50
176
1
 90
50
176
1
 90
50
176
1
290
0
176
1
 90
50
176
1
 62
256
176
0
 40
1.0
176
0
 90
2
176
1
  1
strokes_ogs.tif
176
1
290
0
176
1
 40
1.0
176
1
 40
1.0
176
1
  0
VISUALSTYLE
  5
736
102
{ACAD_REACTORS
330
71E
102
}
330
71E
100
AcDbVisualStyle
  2
EdgeColorOff
 70
22
177
3
291
1
 70
58
 90
2
176
0
 90
2
176
0
 90
0
176
0
 90
0
176
0
 40
0.6
176
0
 40
30.0
176
0
 62
7
420
16777215
176
0
 90
1
176
0
 90
4
176
0
 62
7
176
0
 62
257
176
0
 90
1
176
0
 90
1
176
0
 40
1.0
176
0
 90
8
176
2
 62
7
176
0
 40
1.0
176
0
 90
1
176
0
 90
6
176
0
 90
2
176
0
 62
7
176
0
 90
5
176
0
 90
0
176
0
 90
0
176
0
290
0
176
0
 90
1
176
0
 40
0.0
176
0
 90
0
176
0
290
0
176
0
290
1
176
0
290
1
176
0
290
0
176
0
290
0
176
0
290
0
176
0
290
0
176
0
290
0
176
0
290
0
176
0
 90
50
176
0
 40
0.0
176
0
 40
1.0
176
0
 90
0
176
0
 62
18
420
0
176
0
 90
50
176
0
 90
3
176
0
 62
5
420
255
176
0
290
0
176
0
 90
50
176
0
 90
50
176
0
 90
50
176
0
290
0
176
0
 90
50
176
0
 62
256
176
0
 40
1.0
176
0
 90
2
176
0
  1
strokes_ogs.tif
176
0
290
0
176
0
 40
1.0
176
0
 40
1.0
176
0
  0
VISUALSTYLE
  5
72D
102
{ACAD_REACTORS
330
71E
102
}
330
71E
100
AcDbVisualStyle
  2
Facepattern
 70
15
177
3
291
1
 70
58
 90
2
176
1
 90
2
176
1
 90
0
176
1
 90
0
176
1
 40
0.6
176
1
 40
30.0
176
1
 62
7
420
16777215
176
1
 90
1
176
1
 90
4
176
1
 62
7
176
1
 62
257
176
1
 90
1
176
1
 90
1
176
1
 40
1.0
176
1
 90
8
176
1
 62
7
176
1
 40
1.0
176
1
 90
1
176
1
 90
6
176
1
 90
2
176
1
 62
7
176
1
 90
5
176
1
 90
0
176
1
 90
0
176
1
290
0
176
1
 90
1
176
1
 40
0.0
176
1
 90
0
176
1
290
0
176
1
290
1
176
1
290
1
176
1
290
0
176
1
290
0
176
1
290
0
176
1
290
0
176
1
290
0
176
1
290
0
176
1
 90
50
176
1
 40
0.0
176
1
 40
1.0
176
1
 90
0
176
1
 62
18
420
0
176
1
 90
50
176
1
 90
3
176
1
 62
5
420
255
176
1
290
0
176
1
 90
50
176
1
 90
50
176
1
 90
50
176
1
290
0
176
1
 90
50
176
1
 62
256
176
0
 40
1.0
176
0
 90
2
176
1
  1
strokes_ogs.tif
176
1
290
0
176
1
 40
1.0
176
1
 40
1.0
176
1
  0
VISUALSTYLE
  5
71F
102
{ACAD_REACTORS
330
71E
102
}
330
71E
100
AcDbVisualStyle
  2
Flat
 70
0
177
3
291
1
 70
58
 90
2
176
1
 90
1
176
1
 90
1
176
1
 90
2
176
1
 40
0.6
176
1
 40
30.0
176
1
 62
7
420
16777215
176
1
 90
0
176
1
 90
0
176
1
 62
7
176
1
 62
257
176
1
 90
1
176
1
 90
1
176
1
 40
1.0
176
1
 90
8
176
1
 62
7
176
1
 40
1.0
176
1
 90
1
176
1
 90
6
176
1
 90
2
176
1
 62
7
176
1
 90
5
176
1
 90
0
176
1
 90
0
176
1
290
0
176
1
 90
13
176
1
 40
0.0
176
1
 90
0
176
1
290
0
176
1
290
1
176
1
290
1
176
1
290
0
176
1
290
0
176
1
290
0
176
1
290
0
176
1
290
0
176
1
290
0
176
1
 90
50
176
1
 40
0.0
176
1
 40
1.0
176
1
 90
0
176
1
 62
18
420
0
176
1
 90
50
176
1
 90
3
176
1
 62
5
420
255
176
1
290
0
176
1
 90
50
176
1
 90
50
176
1
 90
50
176
1
290
0
176
1
 90
50
176
1
 62
256
176
0
 40
1.0
176
0
 90
2
176
1
  1
strokes_ogs.tif
176
1
290
0
176
1
 40
1.0
176
1
 40
1.0
176
1
  0
VISUALSTYLE
  5
720
102
{ACAD_REACTORS
330
71E
102
}
330
71E
100
AcDbVisualStyle
  2
FlatWithEdges
 70
1
177
3
291
1
 70
58
 90
2
176
1
 90
1
176
1
 90
1
176
1
 90
2
176
1
 40
0.6
176
1
 40
30.0
176
1
 62
7
420
16777215
176
1
 90
1
176
1
 90
0
176
1
 62
7
176
1
 62
257
176
1
 90
1
176
1
 90
1
176
1
 40
1.0
176
1
 90
0
176
1
 62
257
176
1
 40
1.0
176
1
 90
1
176
1
 90
6
176
1
 90
2
176
1
 62
7
176
1
 90
5
176
1
 90
0
176
1
 90
0
176
1
290
0
176
1
 90
13
176
1
 40
0.0
176
1
 90
0
176
1
290
0
176
1
290
1
176
1
290
1
176
1
290
0
176
1
290
0
176
1
290
0
176
1
290
0
176
1
290
0
176
1
290
0
176
1
 90
50
176
1
 40
0.0
176
1
 40
1.0
176
1
 90
0
176
1
 62
18
420
0
176
1
 90
50
176
1
 90
3
176
1
 62
5
420
255
176
1
290
0
176
1
 90
50
176
1
 90
50
176
1
 90
50
176
1
290
0
176
1
 90
50
176
1
 62
256
176
0
 40
1.0
176
0
 90
2
176
1
  1
strokes_ogs.tif
176
1
290
0
176
1
 40
1.0
176
1
 40
1.0
176
1
  0
VISUALSTYLE
  5
721
102
{ACAD_REACTORS
330
71E
102
}
330
71E
100
AcDbVisualStyle
  2
Gouraud
 70
2
177
3
291
1
 70
58
 90
2
176
1
 90
2
176
1
 90
1
176
1
 90
2
176
1
 40
0.6
176
1
 40
30.0
176
1
 62
7
420
16777215
176
1
 90
0
176
1
 90
0
176
1
 62
7
176
1
 62
257
176
1
 90
1
176
1
 90
1
176
1
 40
1.0
176
1
 90
0
176
1
 62
7
176
1
 40
1.0
176
1
 90
1
176
1
 90
6
176
1
 90
2
176
1
 62
7
176
1
 90
5
176
1
 90
0
176
1
 90
0
176
1
290
0
176
1
 90
13
176
1
 40
0.0
176
1
 90
0
176
1
290
0
176
1
290
1
176
1
290
1
176
1
290
0
176
1
290
0
176
1
290
0
176
1
290
0
176
1
290
0
176
1
290
0
176
1
 90
50
176
1
 40
0.0
176
1
 40
1.0
176
1
 90
0
176
1
 62
18
420
0
176
1
 90
50
176
1
 90
3
176
1
 62
5
420
255
176
1
290
0
176
1
 90
50
176
1
 90
50
176
1
 90
50
176
1
290
0
176
1
 90
50
176
1
 62
256
176
0
 40
1.0
176
0
 90
2
176
1
  1
strokes_ogs.tif
176
1
290
0
176
1
 40
1.0
176
1
 40
1.0
176
1
  0
VISUALSTYLE
  5
722
102
{ACAD_REACTORS
330
71E
102
}
330
71E
100
AcDbVisualStyle
  2
GouraudWithEdges
 70
3
177
3
291
1
 70
58
 90
2
176
1
 90
2
176
1
 90
1
176
1
 90
2
176
1
 40
0.6
176
1
 40
30.0
176
1
 62
7
420
16777215
176
1
 90
1
176
1
 90
0
176
1
 62
7
176
1
 62
257
176
1
 90
1
176
1
 90
1
176
1
 40
1.0
176
1
 90
0
176
1
 62
257
176
1
 40
1.0
176
1
 90
1
176
1
 90
6
176
1
 90
2
176
1
 62
7
176
1
 90
5
176
1
 90
0
176
1
 90
0
176
1
290
0
176
1
 90
13
176
1
 40
0.0
176
1
 90
0
176
1
290
0
176
1
290
1
176
1
290
1
176
1
290
0
176
1
290
0
176
1
290
0
176
1
290
0
176
1
290
0
176
1
290
0
176
1
 90
50
176
1
 40
0.0
176
1
 40
1.0
176
1
 90
0
176
1
 62
18
420
0
176
1
 90
50
176
1
 90
3
176
1
 62
5
420
255
176
1
290
0
176
1
 90
50
176
1
 90
50
176
1
 90
50
176
1
290
0
176
1
 90
50
176
1
 62
256
176
0
 40
1.0
176
0
 90
2
176
1
  1
strokes_ogs.tif
176
1
290
0
176
1
 40
1.0
176
1
 40
1.0
176
1
  0
VISUALSTYLE
  5
726
102
{ACAD_REACTORS
330
71E
102
}
330
71E
100
AcDbVisualStyle
  2
Hidden
 70
6
177
3
291
0
 70
58
 90
1
176
1
 90
2
176
1
 90
2
176
1
 90
0
176
1
 40
0.6
176
1
 40
30.0
176
1
 62
7
420
16777215
176
1
 90
2
176
1
 90
2
176
1
 62
7
176
1
 62
257
176
1
 90
2
176
1
 90
1
176
1
 40
40.0
176
1
 90
0
176
1
 62
257
176
1
 40
1.0
176
1
 90
1
176
1
 90
6
176
1
 90
2
176
1
 62
7
176
1
 90
3
176
1
 90
0
176
1
 90
0
176
1
290
0
176
1
 90
1
176
1
 40
0.0
176
1
 90
0
176
1
290
0
176
1
290
1
176
1
290
1
176
1
290
0
176
1
290
0
176
1
290
0
176
1
290
0
176
1
290
0
176
1
290
0
176
1
 90
50
176
1
 40
0.0
176
1
 40
1.0
176
1
 90
0
176
1
 62
18
420
0
176
1
 90
50
176
1
 90
3
176
1
 62
5
420
255
176
1
290
0
176
1
 90
50
176
1
 90
50
176
1
 90
50
176
1
290
0
176
1
 90
50
176
1
 62
256
176
0
 40
1.0
176
0
 90
2
176
1
  1
strokes_ogs.tif
176
1
290
0
176
1
 40
1.0
176
1
 40
1.0
176
1
  0
VISUALSTYLE
  5
734
102
{ACAD_REACTORS
330
71E
102
}
330
71E
100
AcDbVisualStyle
  2
JitterOff
 70
20
177
3
291
1
 70
58
 90
2
176
0
 90
2
176
0
 90
0
176
0
 90
0
176
0
 40
0.6
176
0
 40
30.0
176
0
 62
7
420
16777215
176
0
 90
1
176
0
 90
4
176
0
 62
7
176
0
 62
257
176
0
 90
1
176
0
 90
1
176
0
 40
1.0
176
0
 90
10
176
2
 62
7
176
0
 40
1.0
176
0
 90
1
176
0
 90
6
176
0
 90
2
176
0
 62
7
176
0
 90
5
176
0
 90
0
176
0
 90
0
176
0
290
0
176
0
 90
1
176
0
 40
0.0
176
0
 90
0
176
0
290
0
176
0
290
1
176
0
290
1
176
0
290
0
176
0
290
0
176
0
290
0
176
0
290
0
176
0
290
0
176
0
290
0
176
0
 90
50
176
0
 40
0.0
176
0
 40
1.0
176
0
 90
0
176
0
 62
18
420
0
176
0
 90
50
176
0
 90
3
176
0
 62
5
420
255
176
0
290
0
176
0
 90
50
176
0
 90
50
176
0
 90
50
176
0
290
0
176
0
 90
50
176
0
 62
256
176
0
 40
1.0
176
0
 90
2
176
0
  1
strokes_ogs.tif
176
0
290
0
176
0
 40
1.0
176
0
 40
1.0
176
0
  0
VISUALSTYLE
  5
72C
102
{ACAD_REACTORS
330
71E
102
}
330
71E
100
AcDbVisualStyle
  2
Linepattern
 70
14
177
3
291
1
 70
58
 90
2
176
1
 90
2
176
1
 90
0
176
1
 90
0
176
1
 40
0.6
176
1
 40
30.0
176
1
 62
7
420
16777215
176
1
 90
1
176
1
 90
4
176
1
 62
7
176
1
 62
257
176
1
 90
7
176
1
 90
7
176
1
 40
1.0
176
1
 90
8
176
1
 62
7
176
1
 40
1.0
176
1
 90
1
176
1
 90
6
176
1
 90
2
176
1
 62
7
176
1
 90
5
176
1
 90
0
176
1
 90
0
176
1
290
0
176
1
 90
1
176
1
 40
0.0
176
1
 90
0
176
1
290
0
176
1
290
1
176
1
290
1
176
1
290
0
176
1
290
0
176
1
290
0
176
1
290
0
176
1
290
0
176
1
290
0
176
1
 90
50
176
1
 40
0.0
176
1
 40
1.0
176
1
 90
0
176
1
 62
18
420
0
176
1
 90
50
176
1
 90
3
176
1
 62
5
420
255
176
1
290
0
176
1
 90
50
176
1
 90
50
176
1
 90
50
176
1
290
0
176
1
 90
50
176
1
 62
256
176
0
 40
1.0
176
0
 90
2
176
1
  1
strokes_ogs.tif
176
1
290
0
176
1
 40
1.0
176
1
 40
1.0
176
1
  0
VISUALSTYLE
  5
735
102
{ACAD_REACTORS
330
71E
102
}
330
71E
100
AcDbVisualStyle
  2
OverhangOff
 70
21
177
3
291
1
 70
58
 90
2
176
0
 90
2
176
0
 90
0
176
0
 90
0
176
0
 40
0.6
176
0
 40
30.0
176
0
 62
7
420
16777215
176
0
 90
1
176
0
 90
4
176
0
 62
7
176
0
 62
257
176
0
 90
1
176
0
 90
1
176
0
 40
1.0
176
0
 90
9
176
2
 62
7
176
0
 40
1.0
176
0
 90
1
176
0
 90
6
176
0
 90
2
176
0
 62
7
176
0
 90
5
176
0
 90
0
176
0
 90
0
176
0
290
0
176
0
 90
1
176
0
 40
0.0
176
0
 90
0
176
0
290
0
176
0
290
1
176
0
290
1
176
0
290
0
176
0
290
0
176
0
290
0
176
0
290
0
176
0
290
0
176
0
290
0
176
0
 90
50
176
0
 40
0.0
176
0
 40
1.0
176
0
 90
0
176
0
 62
18
420
0
176
0
 90
50
176
0
 90
3
176
0
 62
5
420
255
176
0
290
0
176
0
 90
50
176
0
 90
50
176
0
 90
50
176
0
290
0
176
0
 90
50
176
0
 62
256
176
0
 40
1.0
176
0
 90
2
176
0
  1
strokes_ogs.tif
176
0
290
0
176
0
 40
1.0
176
0
 40
1.0
176
0
  0
VISUALSTYLE
  5
728
102
{ACAD_REACTORS
330
71E
102
}
330
71E
100
AcDbVisualStyle
  2
Realistic
 70
8
177
3
291
0
 70
58
 90
2
176
1
 90
3
176
1
 90
0
176
1
 90
2
176
1
 40
0.6
176
1
 40
30.0
176
1
 62
7
420
16777215
176
1
 90
0
176
1
 90
0
176
1
 62
7
176
1
 62
257
176
1
 90
1
176
1
 90
1
176
1
 40
1.0
176
1
 90
8
176
1
 62
257
176
1
 40
1.0
176
1
 90
1
176
1
 90
6
176
1
 90
2
176
1
 62
7
176
1
 90
3
176
1
 90
0
176
1
 90
0
176
1
290
0
176
1
 90
13
176
1
 40
0.0
176
1
 90
0
176
1
290
0
176
1
290
1
176
1
290
1
176
1
290
0
176
1
290
0
176
1
290
0
176
1
290
0
176
1
290
0
176
1
290
0
176
1
 90
50
176
1
 40
0.0
176
1
 40
1.0
176
1
 90
0
176
1
 62
18
420
0
176
1
 90
50
176
1
 90
3
176
1
 62
5
420
255
176
1
290
0
176
1
 90
50
176
1
 90
50
176
1
 90
50
176
1
290
0
176
1
 90
50
176
1
 62
256
176
0
 40
1.0
176
0
 90
2
176
1
  1
strokes_ogs.tif
176
1
290
0
176
1
 40
1.0
176
1
 40
1.0
176
1
  0
VISUALSTYLE
  5
733
102
{ACAD_REACTORS
330
71E
102
}
330
71E
100
AcDbVisualStyle
  2
Shaded
 70
27
177
3
291
0
 70
58
 90
2
176
1
 90
2
176
1
 90
1
176
1
 90
2
176
1
 40
0.6
176
1
 40
30.0
176
1
 62
7
420
16777215
176
1
 90
0
176
1
 90
4
176
1
 62
7
176
1
 62
257
176
1
 90
1
176
1
 90
1
176
1
 40
1.0
176
1
 90
8
176
1
 62
257
176
1
 40
1.0
176
1
 90
1
176
1
 90
6
176
1
 90
2
176
1
 62
8
420
7895160
176
1
 90
3
176
1
 90
0
176
1
 90
0
176
1
290
0
176
1
 90
5
176
1
 40
0.0
176
1
 90
0
176
1
290
0
176
1
290
1
176
1
290
1
176
1
290
0
176
1
290
0
176
1
290
0
176
1
290
0
176
1
290
0
176
1
290
0
176
1
 90
50
176
1
 40
0.0
176
1
 40
1.0
176
1
 90
0
176
1
 62
18
420
0
176
1
 90
50
176
1
 90
3
176
1
 62
5
420
255
176
1
290
0
176
1
 90
50
176
1
 90
50
176
1
 90
50
176
1
290
0
176
1
 90
50
176
1
 62
256
176
0
 40
1.0
176
0
 90
2
176
1
  1
strokes_ogs.tif
176
1
290
0
176
1
 40
1.0
176
1
 40
1.0
176
1
  0
VISUALSTYLE
  5
732
102
{ACAD_REACTORS
330
71E
102
}
330
71E
100
AcDbVisualStyle
  2
Shaded with edges
 70
26
177
3
291
0
 70
58
 90
2
176
1
 90
2
176
1
 90
1
176
1
 90
2
176
1
 40
0.6
176
1
 40
30.0
176
1
 62
7
420
16777215
176
1
 90
1
176
1
 90
2
176
1
 62
7
176
1
 62
257
176
1
 90
2
176
1
 90
1
176
1
 40
1.0
176
1
 90
8
176
1
 62
257
176
1
 40
1.0
176
1
 90
1
176
1
 90
6
176
1
 90
2
176
1
 62
7
176
1
 90
3
176
1
 90
0
176
1
 90
0
176
1
290
0
176
1
 90
5
176
1
 40
0.0
176
1
 90
0
176
1
290
0
176
1
290
1
176
1
290
1
176
1
290
0
176
1
290
0
176
1
290
0
176
1
290
0
176
1
290
0
176
1
290
0
176
1
 90
50
176
1
 40
0.0
176
1
 40
1.0
176
1
 90
0
176
1
 62
18
420
0
176
1
 90
50
176
1
 90
3
176
1
 62
5
420
255
176
1
290
0
176
1
 90
50
176
1
 90
50
176
1
 90
50
176
1
290
0
176
1
 90
50
176
1
 62
256
176
0
 40
1.0
176
0
 90
2
176
1
  1
strokes_ogs.tif
176
1
290
0
176
1
 40
1.0
176
1
 40
1.0
176
1
  0
VISUALSTYLE
  5
72F
102
{ACAD_REACTORS
330
71E
102
}
330
71E
100
AcDbVisualStyle
  2
Shades of Gray
 70
23
177
3
291
0
 70
58
 90
2
176
1
 90
2
176
1
 90
3
176
1
 90
0
176
1
 40
0.6
176
1
 40
30.0
176
1
 62
7
420
16777215
176
1
 90
2
176
1
 90
2
176
1
 62
7
176
1
 62
7
176
1
 90
1
176
1
 90
1
176
1
 40
40.0
176
1
 90
8
176
1
 62
7
176
1
 40
1.0
176
1
 90
1
176
1
 90
6
176
1
 90
2
176
1
 62
7
176
1
 90
3
176
1
 90
0
176
1
 90
0
176
1
290
0
176
1
 90
1
176
1
 40
0.0
176
1
 90
0
176
1
290
0
176
1
290
1
176
1
290
1
176
1
290
0
176
1
290
0
176
1
290
0
176
1
290
0
176
1
290
0
176
1
290
0
176
1
 90
50
176
1
 40
0.0
176
1
 40
1.0
176
1
 90
0
176
1
 62
18
420
0
176
1
 90
50
176
1
 90
3
176
1
 62
5
420
255
176
1
290
0
176
1
 90
50
176
1
 90
50
176
1
 90
50
176
1
290
0
176
1
 90
50
176
1
 62
256
176
0
 40
1.0
176
0
 90
2
176
1
  1
strokes_ogs.tif
176
1
290
0
176
1
 40
1.0
176
1
 40
1.0
176
1
  0
VISUALSTYLE
  5
730
102
{ACAD_REACTORS
330
71E
102
}
330
71E
100
AcDbVisualStyle
  2
Sketchy
 70
24
177
3
291
0
 70
58
 90
1
176
1
 90
2
176
1
 90
2
176
1
 90
0
176
1
 40
0.6
176
1
 40
30.0
176
1
 62
7
420
16777215
176
1
 90
2
176
1
 90
2
176
1
 62
7
176
1
 62
7
176
1
 90
1
176
1
 90
1
176
1
 40
40.0
176
1
 90
11
176
1
 62
7
176
1
 40
1.0
176
1
 90
1
176
1
 90
6
176
1
 90
2
176
1
 62
7
176
1
 90
6
176
1
 90
0
176
1
 90
0
176
1
290
0
176
1
 90
1
176
1
 40
0.0
176
1
 90
0
176
1
290
0
176
1
290
1
176
1
290
1
176
1
290
0
176
1
290
0
176
1
290
0
176
1
290
0
176
1
290
0
176
1
290
0
176
1
 90
50
176
1
 40
0.0
176
1
 40
1.0
176
1
 90
0
176
1
 62
18
420
0
176
1
 90
50
176
1
 90
3
176
1
 62
5
420
255
176
1
290
0
176
1
 90
50
176
1
 90
50
176
1
 90
50
176
1
290
0
176
1
 90
50
176
1
 62
256
176
0
 40
1.0
176
0
 90
2
176
1
  1
strokes_ogs.tif
176
1
290
0
176
1
 40
1.0
176
1
 40
1.0
176
1
  0
VISUALSTYLE
  5
72B
102
{ACAD_REACTORS
330
71E
102
}
330
71E
100
AcDbVisualStyle
  2
Thicken
 70
13
177
3
291
1
 70
58
 90
2
176
1
 90
2
176
1
 90
0
176
1
 90
0
176
1
 40
0.6
176
1
 40
30.0
176
1
 62
7
420
16777215
176
1
 90
1
176
1
 90
4
176
1
 62
7
176
1
 62
257
176
1
 90
1
176
1
 90
1
176
1
 40
1.0
176
1
 90
12
176
1
 62
7
176
1
 40
1.0
176
1
 90
1
176
1
 90
6
176
1
 90
2
176
1
 62
7
176
1
 90
5
176
1
 90
0
176
1
 90
0
176
1
290
0
176
1
 90
1
176
1
 40
0.0
176
1
 90
0
176
1
290
0
176
1
290
1
176
1
290
1
176
1
290
0
176
1
290
0
176
1
290
0
176
1
290
0
176
1
290
0
176
1
290
0
176
1
 90
50
176
1
 40
0.0
176
1
 40
1.0
176
1
 90
0
176
1
 62
18
420
0
176
1
 90
50
176
1
 90
3
176
1
 62
5
420
255
176
1
290
0
176
1
 90
50
176
1
 90
50
176
1
 90
50
176
1
290
0
176
1
 90
50
176
1
 62
256
176
0
 40
1.0
176
0
 90
2
176
1
  1
strokes_ogs.tif
176
1
290
0
176
1
 40
1.0
176
1
 40
1.0
176
1
  0
VISUALSTYLE
  5
725
102
{ACAD_REACTORS
330
71E
102
}
330
71E
100
AcDbVisualStyle
  2
Wireframe
 70
5
177
3
291
0
 70
58
 90
0
176
1
 90
2
176
1
 90
0
176
1
 90
0
176
1
 40
0.6
176
1
 40
30.0
176
1
 62
7
420
16777215
176
1
 90
1
176
1
 90
4
176
1
 62
7
176
1
 62
257
176
1
 90
1
176
1
 90
1
176
1
 40
1.0
176
1
 90
0
176
1
 62
257
176
1
 40
1.0
176
1
 90
1
176
1
 90
6
176
1
 90
2
176
1
 62
7
176
1
 90
3
176
1
 90
0
176
1
 90
0
176
1
290
0
176
1
 90
1
176
1
 40
0.0
176
1
 90
0
176
1
290
0
176
1
290
1
176
1
290
1
176
1
290
0
176
1
290
0
176
1
290
0
176
1
290
0
176
1
290
0
176
1
290
0
176
1
 90
50
176
1
 40
0.0
176
1
 40
1.0
176
1
 90
0
176
1
 62
18
420
0
176
1
 90
50
176
1
 90
3
176
1
 62
5
420
255
176
1
290
0
176
1
 90
50
176
1
 90
50
176
1
 90
50
176
1
290
0
176
1
 90
50
176
1
 62
256
176
0
 40
1.0
176
0
 90
2
176
1
  1
strokes_ogs.tif
176
1
290
0
176
1
 40
1.0
176
1
 40
1.0
176
1
  0
VISUALSTYLE
  5
731
102
{ACAD_REACTORS
330
71E
102
}
330
71E
100
AcDbVisualStyle
  2
X-Ray
 70
25
177
3
291
0
 70
58
 90
2
176
1
 90
2
176
1
 90
1
176
1
 90
1
176
1
 40
0.5
176
1
 40
30.0
176
1
 62
7
420
16777215
176
1
 90
1
176
1
 90
0
176
1
 62
7
176
1
 62
257
176
1
 90
1
176
1
 90
1
176
1
 40
1.0
176
1
 90
8
176
1
 62
7
176
1
 40
1.0
176
1
 90
1
176
1
 90
6
176
1
 90
2
176
1
 62
7
176
1
 90
3
176
1
 90
0
176
1
 90
0
176
1
290
0
176
1
 90
13
176
1
 40
0.0
176
1
 90
0
176
1
290
0
176
1
290
1
176
1
290
1
176
1
290
0
176
1
290
0
176
1
290
0
176
1
290
0
176
1
290
0
176
1
290
0
176
1
 90
50
176
1
 40
0.0
176
1
 40
1.0
176
1
 90
0
176
1
 62
18
420
0
176
1
 90
50
176
1
 90
3
176
1
 62
5
420
255
176
1
290
0
176
1
 90
50
176
1
 90
50
176
1
 90
50
176
1
290
0
176
1
 90
50
176
1
 62
256
176
0
 40
1.0
176
0
 90
2
176
1
  1
strokes_ogs.tif
176
1
290
0
176
1
 40
1.0
176
1
 40
1.0
176
1
  0
DICTIONARYVAR
  5
7B7
102
{ACAD_REACTORS
330
746
102
}
330
746
100
DictionaryVariables
280
0
  1
1:1
  0
DICTIONARYVAR
  5
7B3
102
{ACAD_REACTORS
330
746
102
}
330
746
100
DictionaryVariables
280
0
  1
STANDARD
  0
DICTIONARYVAR
  5
7B2
102
{ACAD_REACTORS
330
746
102
}
330
746
100
DictionaryVariables
280
0
  1
STANDARD
  0
DICTIONARYVAR
  5
7B4
102
{ACAD_REACTORS
330
746
102
}
330
746
100
DictionaryVariables
280
0
  1
Metric50
  0
DICTIONARYVAR
  5
7B5
102
{ACAD_REACTORS
330
746
102
}
330
746
100
DictionaryVariables
280
0
  1
Metric50
  0
DICTIONARYVAR
  5
7B9
102
{ACAD_REACTORS
330
746
102
}
330
746
100
DictionaryVariables
280
0
  1
1
  0
DICTIONARYVAR
  5
7BA
102
{ACAD_REACTORS
330
746
102
}
330
746
100
DictionaryVariables
280
0
  1
15
  0
DICTIONARYVAR
  5
7B8
102
{ACAD_REACTORS
330
746
102
}
330
746
100
DictionaryVariables
280
0
  1
0
  0
DICTIONARYVAR
  5
7B6
102
{ACAD_REACTORS
330
746
102
}
330
746
100
DictionaryVariables
280
0
  1
0
  0
DICTIONARY
  5
70F
330
70E
100
AcDbDictionary
280
1
281
1
  3
BUMPTILE
360
711
  3
DIFFUSETILE
360
710
  3
OPACITYTILE
360
714
  3
REFLECTIONTILE
360
713
  3
REFRACTIONTILE
360
715
  3
SPECULARTILE
360
712
  0
DICTIONARY
  5
707
330
706
100
AcDbDictionary
280
1
281
1
  3
BUMPTILE
360
709
  3
DIFFUSETILE
360
708
  3
OPACITYTILE
360
70C
  3
REFLECTIONTILE
360
70B
  3
REFRACTIONTILE
360
70D
  3
SPECULARTILE
360
70A
  0
DICTIONARY
  5
717
330
716
100
AcDbDictionary
280
1
281
1
  3
BUMPTILE
360
719
  3
DIFFUSETILE
360
718
  3
OPACITYTILE
360
71C
  3
REFLECTIONTILE
360
71B
  3
REFRACTIONTILE
360
71D
  3
SPECULARTILE
360
71A
  0
DICTIONARY
  5
7D2
330
739
100
AcDbDictionary
280
1
281
1
  3
ACAD_ROUNDTRIP_2008_TABLESTYLE_CELLSTYLEMAP
360
7D3
  0
XRECORD
  5
711
102
{ACAD_REACTORS
330
70F
102
}
330
70F
100
AcDbXrecord
280
1
270
1
271
1
  0
XRECORD
  5
710
102
{ACAD_REACTORS
330
70F
102
}
330
70F
100
AcDbXrecord
280
1
270
1
271
1
  0
XRECORD
  5
714
102
{ACAD_REACTORS
330
70F
102
}
330
70F
100
AcDbXrecord
280
1
270
1
271
1
  0
XRECORD
  5
713
102
{ACAD_REACTORS
330
70F
102
}
330
70F
100
AcDbXrecord
280
1
270
1
271
1
  0
XRECORD
  5
715
102
{ACAD_REACTORS
330
70F
102
}
330
70F
100
AcDbXrecord
280
1
270
1
271
1
  0
XRECORD
  5
712
102
{ACAD_REACTORS
330
70F
102
}
330
70F
100
AcDbXrecord
280
1
270
1
271
1
  0
XRECORD
  5
709
102
{ACAD_REACTORS
330
707
102
}
330
707
100
AcDbXrecord
280
1
270
1
271
1
  0
XRECORD
  5
708
102
{ACAD_REACTORS
330
707
102
}
330
707
100
AcDbXrecord
280
1
270
1
271
1
  0
XRECORD
  5
70C
102
{ACAD_REACTORS
330
707
102
}
330
707
100
AcDbXrecord
280
1
270
1
271
1
  0
XRECORD
  5
70B
102
{ACAD_REACTORS
330
707
102
}
330
707
100
AcDbXrecord
280
1
270
1
271
1
  0
XRECORD
  5
70D
102
{ACAD_REACTORS
330
707
102
}
330
707
100
AcDbXrecord
280
1
270
1
271
1
  0
XRECORD
  5
70A
102
{ACAD_REACTORS
330
707
102
}
330
707
100
AcDbXrecord
280
1
270
1
271
1
  0
XRECORD
  5
719
102
{ACAD_REACTORS
330
717
102
}
330
717
100
AcDbXrecord
280
1
270
1
271
1
  0
XRECORD
  5
718
102
{ACAD_REACTORS
330
717
102
}
330
717
100
AcDbXrecord
280
1
270
1
271
1
  0
XRECORD
  5
71C
102
{ACAD_REACTORS
330
717
102
}
330
717
100
AcDbXrecord
280
1
270
1
271
1
  0
XRECORD
  5
71B
102
{ACAD_REACTORS
330
717
102
}
330
717
100
AcDbXrecord
280
1
270
1
271
1
  0
XRECORD
  5
71D
102
{ACAD_REACTORS
330
717
102
}
330
717
100
AcDbXrecord
280
1
270
1
271
1
  0
XRECORD
  5
71A
102
{ACAD_REACTORS
330
717
102
}
330
717
100
AcDbXrecord
280
1
270
1
271
1
  0
CELLSTYLEMAP
  5
7D3
102
{ACAD_REACTORS
330
7D2
102
}
330
7D2
100
AcDbCellStyleMap
 90
3
300
CELLSTYLE
  1
TABLEFORMAT_BEGIN
 90
5
170
1
 91
0
 92
32768
 62
257
 93
1
300
CONTENTFORMAT
  1
CONTENTFORMAT_BEGIN
 90
0
 91
0
 92
512
 93
0
300

 40
0.0
140
1.0
 94
5
 62
0
340
11
144
6.0
309
CONTENTFORMAT_END
171
1
301
MARGIN
  1
CELLMARGIN_BEGIN
 40
1.5
 40
1.5
 40
1.5
 40
1.5
 40
4.5
 40
4.5
309
CELLMARGIN_END
 94
6
 95
1
302
GRIDFORMAT
  1
GRIDFORMAT_BEGIN
 90
0
 91
1
 62
0
 92
-2
340
0
 93
0
 40
1.125
309
GRIDFORMAT_END
 95
2
302
GRIDFORMAT
  1
GRIDFORMAT_BEGIN
 90
0
 91
1
 62
0
 92
-2
340
0
 93
0
 40
1.125
309
GRIDFORMAT_END
 95
4
302
GRIDFORMAT
  1
GRIDFORMAT_BEGIN
 90
0
 91
1
 62
0
 92
-2
340
0
 93
0
 40
1.125
309
GRIDFORMAT_END
 95
8
302
GRIDFORMAT
  1
GRIDFORMAT_BEGIN
 90
0
 91
1
 62
0
 92
-2
340
0
 93
0
 40
1.125
309
GRIDFORMAT_END
 95
16
302
GRIDFORMAT
  1
GRIDFORMAT_BEGIN
 90
0
 91
1
 62
0
 92
-2
340
0
 93
0
 40
1.125
309
GRIDFORMAT_END
 95
32
302
GRIDFORMAT
  1
GRIDFORMAT_BEGIN
 90
0
 91
1
 62
0
 92
-2
340
0
 93
0
 40
1.125
309
GRIDFORMAT_END
309
TABLEFORMAT_END
  1
CELLSTYLE_BEGIN
 90
1
 91
1
300
_TITLE
309
CELLSTYLE_END
300
CELLSTYLE
  1
TABLEFORMAT_BEGIN
 90
5
170
1
 91
0
 92
0
 62
257
 93
1
300
CONTENTFORMAT
  1
CONTENTFORMAT_BEGIN
 90
0
 91
0
 92
512
 93
0
300

 40
0.0
140
1.0
 94
5
 62
0
340
11
144
4.5
309
CONTENTFORMAT_END
171
1
301
MARGIN
  1
CELLMARGIN_BEGIN
 40
1.5
 40
1.5
 40
1.5
 40
1.5
 40
4.5
 40
4.5
309
CELLMARGIN_END
 94
6
 95
1
302
GRIDFORMAT
  1
GRIDFORMAT_BEGIN
 90
0
 91
1
 62
0
 92
-2
340
0
 93
0
 40
1.125
309
GRIDFORMAT_END
 95
2
302
GRIDFORMAT
  1
GRIDFORMAT_BEGIN
 90
0
 91
1
 62
0
 92
-2
340
0
 93
0
 40
1.125
309
GRIDFORMAT_END
 95
4
302
GRIDFORMAT
  1
GRIDFORMAT_BEGIN
 90
0
 91
1
 62
0
 92
-2
340
0
 93
0
 40
1.125
309
GRIDFORMAT_END
 95
8
302
GRIDFORMAT
  1
GRIDFORMAT_BEGIN
 90
0
 91
1
 62
0
 92
-2
340
0
 93
0
 40
1.125
309
GRIDFORMAT_END
 95
16
302
GRIDFORMAT
  1
GRIDFORMAT_BEGIN
 90
0
 91
1
 62
0
 92
-2
340
0
 93
0
 40
1.125
309
GRIDFORMAT_END
 95
32
302
GRIDFORMAT
  1
GRIDFORMAT_BEGIN
 90
0
 91
1
 62
0
 92
-2
340
0
 93
0
 40
1.125
309
GRIDFORMAT_END
309
TABLEFORMAT_END
  1
CELLSTYLE_BEGIN
 90
2
 91
1
300
_HEADER
309
CELLSTYLE_END
300
CELLSTYLE
  1
TABLEFORMAT_BEGIN
 90
5
170
1
 91
0
 92
0
 62
257
 93
1
300
CONTENTFORMAT
  1
CONTENTFORMAT_BEGIN
 90
0
 91
0
 92
512
 93
0
300

 40
0.0
140
1.0
 94
2
 62
0
340
11
144
4.5
309
CONTENTFORMAT_END
171
1
301
MARGIN
  1
CELLMARGIN_BEGIN
 40
1.5
 40
1.5
 40
1.5
 40
1.5
 40
4.5
 40
4.5
309
CELLMARGIN_END
 94
6
 95
1
302
GRIDFORMAT
  1
GRIDFORMAT_BEGIN
 90
0
 91
1
 62
0
 92
-2
340
0
 93
0
 40
1.125
309
GRIDFORMAT_END
 95
2
302
GRIDFORMAT
  1
GRIDFORMAT_BEGIN
 90
0
 91
1
 62
0
 92
-2
340
0
 93
0
 40
1.125
309
GRIDFORMAT_END
 95
4
302
GRIDFORMAT
  1
GRIDFORMAT_BEGIN
 90
0
 91
1
 62
0
 92
-2
340
0
 93
0
 40
1.125
309
GRIDFORMAT_END
 95
8
302
GRIDFORMAT
  1
GRIDFORMAT_BEGIN
 90
0
 91
1
 62
0
 92
-2
340
0
 93
0
 40
1.125
309
GRIDFORMAT_END
 95
16
302
GRIDFORMAT
  1
GRIDFORMAT_BEGIN
 90
0
 91
1
 62
0
 92
-2
340
0
 93
0
 40
1.125
309
GRIDFORMAT_END
 95
32
302
GRIDFORMAT
  1
GRIDFORMAT_BEGIN
 90
0
 91
1
 62
0
 92
-2
340
0
 93
0
 40
1.125
309
GRIDFORMAT_END
309
TABLEFORMAT_END
  1
CELLSTYLE_BEGIN
 90
3
 91
2
300
_DATA
309
CELLSTYLE_END
  0
DICTIONARY
  5
838
330
C
100
AcDbDictionary
280
1
281
1
  3
WRITTEN_BY_EZDXF
350
839
  0
DICTIONARYVAR
  5
839
330
838
100
DictionaryVariables
280
0
  1
1.4.4 @ 2026-08-16T04:41:55.506595+00:00
  0
ENDSEC
  0
SECTION
  2
ACDSDATA
 70
2
 71
8
  0
ACDSSCHEMA
 90
0
  1
AcDb_Thumbnail_Schema
  2
AcDbDs::ID
280
10
 91
8
  2
Thumbnail_Data
280
15
 91
0
101
ACDSRECORD
 95
0
 90
1
  2
AcDbDs::TreatedAsObjectData
280
1
291
1
101
ACDSRECORD
 95
0
 90
2
  2
AcDbDs::Legacy
280
1
291
1
101
ACDSRECORD
  1
AcDbDs::ID
 90
3
  2
AcDs:Indexable
280
1
291
1
101
ACDSRECORD
  1
AcDbDs::ID
 90
4
  2
AcDbDs::HandleAttribute
280
7
282
1
  0
ACDSSCHEMA
 90
1
  1
AcDbDs::TreatedAsObjectDataSchema
  2
AcDbDs::TreatedAsObjectData
280
1
 91
0
  0
ACDSSCHEMA
 90
2
  1
AcDbDs::LegacySchema
  2
AcDbDs::Legacy
280
1
 91
0
  0
ACDSSCHEMA
 90
3
  1
AcDbDs::IndexedPropertySchema
  2
AcDs:Indexable
280
1
 91
0
  0
ACDSSCHEMA
 90
4
  1
AcDbDs::HandleAttributeSchema
  2
AcDbDs::HandleAttribute
280
7
 91
1
284
1
  0
ACDSRECORD
 90
0
  2
AcDbDs::ID
280
10
320
22
  2
Thumbnail_Data
280
15
 94
2390
310
89504E470D0A1A0A0000000D49484452000001000000005A080300000060CE787100000300504C5445212830FFFFFF2128300000000000000000000000000000000000000000000000000000330000660000990000CC0000FF0033000033330033660033990033CC0033FF0066000066330066660066990066CC0066FF0099
310
000099330099660099990099CC0099FF00CC0000CC3300CC6600CC9900CCCC00CCFF00FF0000FF3300FF6600FF9900FFCC00FFFF3300003300333300663300993300CC3300FF3333003333333333663333993333CC3333FF3366003366333366663366993366CC3366FF3399003399333399663399993399CC3399FF33CC00
310
33CC3333CC6633CC9933CCCC33CCFF33FF0033FF3333FF6633FF9933FFCC33FFFF6600006600336600666600996600CC6600FF6633006633336633666633996633CC6633FF6666006666336666666666996666CC6666FF6699006699336699666699996699CC6699FF66CC0066CC3366CC6666CC9966CCCC66CCFF66FF0066
310
FF3366FF6666FF9966FFCC66FFFF9900009900339900669900999900CC9900FF9933009933339933669933999933CC9933FF9966009966339966669966999966CC9966FF9999009999339999669999999999CC9999FF99CC0099CC3399CC6699CC9999CCCC99CCFF99FF0099FF3399FF6699FF9999FFCC99FFFFCC0000CC00
310
33CC0066CC0099CC00CCCC00FFCC3300CC3333CC3366CC3399CC33CCCC33FFCC6600CC6633CC6666CC6699CC66CCCC66FFCC9900CC9933CC9966CC9999CC99CCCC99FFCCCC00CCCC33CCCC66CCCC99CCCCCCCCCCFFCCFF00CCFF33CCFF66CCFF99CCFFCCCCFFFFFF0000FF0033FF0066FF0099FF00CCFF00FFFF3300FF3333
310
FF3366FF3399FF33CCFF33FFFF6600FF6633FF6666FF6699FF66CCFF66FFFF9900FF9933FF9966FF9999FF99CCFF99FFFFCC00FFCC33FFCC66FFCC99FFCCCCFFCCFFFFFF00FFFF33FFFF66FFFF99FFFFCCFFFFFF0000000D0D0D1A1A1A2828283535354343435050505D5D5D6B6B6B787878868686939393A1A1A1AEAEAEBB
310
BBBBC9C9C9D6D6D6E4E4E4F1F1F1FFFFFF0000000000000000000000000000000000000000000000000000000000002E4550F1000002804944415478DAED5CD17283300CF3FFFFAFDE77BD8ED80E101CAEEBB0623FECAE03B25A248A25C3442A2A2A2A2A2A2A2A2A2A2A2A2A2A2A2A2AFE2030F8343C3871EAB312FEA7583C
310
FDC7205000140005400150007CF9CB14008900887D5137C6F505D900C0DC20D717A45B02D7194D9C9B9303103C1ACB2A23092272309AD3930008EFC983533097FEC41F7DD69684E1819974D2ED021822309F4D3E0E3899E4AFCFEFABD90190E349A0553D841C009D045D898468AD945F0BF4CBE07DD19B00652E9DA4240883
310
44FB35E486BCCD2786800E01C80100E194525682B05408330BDA8F784E4939006E120072DBE4C96A8878C9DB670E0953616A00A0BC6F59A03103E72E0053F26F596B4980C609BC7218B610F8E543F82DD0EE177C7218E26E78BBDF1D1144756542398CAE0876D73A08681D21742250EEB73B328BA1DD26D80A21C184BBC407
310
8058243801C011006249605B1B971E1101004704E8741321004E19F7D46F6700589780A909CD14809644AD16041F00E8D3F500B4C2D0FA44AC00384348347D5709D17100B67DCE7280F7CC940F580D11F139FB8258BD4221AD0344F315D53DD62453D7EC6AC4A4CD51A82E3C48D3EBC11007A45083A6BCD96E30AC35A09CA7
310
14C8F7888CDA604D0A8AD80641270601460E30B6906B13B8161971292CDA04F56D926D93749D234243C43446F60B1DDE33E303C093C0CEFBEC07A0E280AE397A58EBEF0760F7034E41FA38F13E8703E43CFFA614880118E62F7E7B6003C09AFD2796A77F4E98CD11EA0B7E190120214F8CEE7D81D92152AAC1409538DB6707
310
CD0C700A69C525101601E40008FB33421F8380FAAD31DACED0D4886B03B0F8122800160460F997A7B55700FD38FA272AABCC807500A819F0AD19F0036D64C9A032EBF6550000000049454E44AE426082B3C27455313140D3BE01209700BB0876199081D00E00782200F9676A0940029000AC0980AC6EFFAD08C823077E7598
310
23478E7F1C7FB48E58F4CF8604170000000049454E44AE426082FE6ADDAE614517AC7D37A92A402825D91E8A3E89E3643D130190A9CF4D008C6506A58C2CC047E56F7B92E299E91E009DED4FF73E3F0280DD4D94AF060D2F6C302EBB05E6A9529AA4D32906A2D6C4625D89A7B8DC4008EE1569DEA219957676ED1785A26F2A
310
005135B073CACA02F6DE7F47B1C92B89F060E9EDB3B1EFD24C77413B1319E57C4FC0DB523901C8514760B2AD7E00CCD42AC34579098F1D8A086D376CC9763B87390620D4543BB6776E506E654D3B13542D725CA017CCB0E745EBB59BD1CE147F9BF77149140760A766B1FC0EE72271980B108F75277CF830548E5973247E9C
310
02CCA4E21E06A03F96120280E424EC10008E1008A6BCB50DF75B00D85F0B760626AF58CE00E084CD3D01E0791FD035166C4CAA8D43FF971374F50EF81C40694F657C3F00F3EE939DF0DC9E17BCC504561BEDCE77971ACAD69E0643A3782600DE3269F12EFE938FE590530EE601DB8BEE0420DC7E12DFD024567579CB75127C
310
40776CF4AE8470DC093F3081FD48BC3E3516B8713037A34B84B7F380B38478AE0101AAE61DD743FBD48C6D985B00DC1206C7967DF70970761CC05135780B009D0AF86374209843DF03741D49F826009A6363CAE4ECD3BDB88457CEC97E0B00DD231414F504BB85DAB58E0C0EE0A2E7BE06806181C613F4CCEA3987196819C0
310
B70120C5C7C8FAB5BD5566E58492017C2100F2C48C13809516A80E20B22FF00400C502400F5D148CC49EFA21C3F32BBE2B0F90CFD09100CCB660CD7376B45E521CCADACC046F07000B80559E5B2EAA97DA623CF683B6ABBFA70127B9F0048032B84042E526F5EF7DF66A3C85AD541CDB2600B76A80380FEF3CC652F43FB59D
310
EFD407ECF6574EAB41AA1C5B748706014CBA19CF9C605E9B1F83AD46EBBC21596E8DA1CC05E7300A402600CD8215CECE2F16BB1B7EA3DD6416063318A166C65773FD5113805EF0E9CFB34BC8034E592C6A01DCA42B4927E4AD27F9650250F69E37D4E5EAB59D380F80E2D8FEC802C0AD06FA59D09B0048E3559D56133C4CDA
310
BCFE2300784C417F529700E0D0093E07C0520DF45B515A00CEC2E0D3002C30B09EB4C11502BA0711FE9F00F86ED53F3CEF2AE2C68CE0CF0280A4C41ADF077F5D03908CD0B5F89FBC1E02C03A5DFC69F1EF03E01F3A2457533D5EC1190000000049454E44AE426082
  0
ENDSEC
  0
EOF
